dataset_id,date,value,sector,location
1,2020-01-01,450.6,residential,India
1,2020-01-02,430.44,residential,India
1,2020-01-03,392.5,residential,India
1,2020-01-04,386.94,residential,India
1,2020-01-05,402.78,residential,India
1,2020-01-06,421.79,residential,India
1,2020-01-07,390.41,residential,India
1,2020-01-08,394.41,residential,India
1,2020-01-09,388.0,residential,India
1,2020-01-10,410.35,residential,India
1,2020-01-11,387.87,residential,India
1,2020-01-12,430.36,residential,India
1,2020-01-13,393.25,residential,India
1,2020-01-14,380.24,residential,India
1,2020-01-15,419.32,residential,India
1,2020-01-16,409.22,residential,India
1,2020-01-17,405.35,residential,India
1,2020-01-18,438.12,residential,India
1,2020-01-19,366.72,residential,India
1,2020-01-20,409.82,residential,India
1,2020-01-21,432.64,residential,India
1,2020-01-22,382.35,residential,India
1,2020-01-23,396.13,residential,India
1,2020-01-24,399.11,residential,India
1,2020-01-25,432.16,residential,India
1,2020-01-26,419.22,residential,India
1,2020-01-27,402.12,residential,India
1,2020-01-28,418.61,residential,India
1,2020-01-29,369.46,residential,India
1,2020-01-30,429.34,residential,India
1,2020-01-31,429.82,residential,India
1,2020-02-01,424.1,residential,India
1,2020-02-02,403.61,residential,India
1,2020-02-03,439.41,residential,India
1,2020-02-04,418.47,residential,India
1,2020-02-05,397.2,residential,India
1,2020-02-06,412.86,residential,India
1,2020-02-07,388.33,residential,India
1,2020-02-08,430.07,residential,India
1,2020-02-09,380.19,residential,India
1,2020-02-10,372.34,residential,India
1,2020-02-11,387.6,residential,India
1,2020-02-12,406.44,residential,India
1,2020-02-13,453.8,residential,India
1,2020-02-14,427.47,residential,India
1,2020-02-15,468.83,residential,India
1,2020-02-16,403.62,residential,India
1,2020-02-17,442.87,residential,India
1,2020-02-18,451.09,residential,India
1,2020-02-19,440.96,residential,India
1,2020-02-20,383.28,residential,India
1,2020-02-21,447.11,residential,India
1,2020-02-22,413.39,residential,India
1,2020-02-23,420.41,residential,India
1,2020-02-24,411.45,residential,India
1,2020-02-25,435.87,residential,India
1,2020-02-26,413.54,residential,India
1,2020-02-27,411.47,residential,India
1,2020-02-28,400.64,residential,India
1,2020-02-29,441.89,residential,India
1,2020-03-01,393.35,residential,India
1,2020-03-02,409.52,residential,India
1,2020-03-03,441.88,residential,India
1,2020-03-04,425.6,residential,India
1,2020-03-05,435.62,residential,India
1,2020-03-06,438.67,residential,India
1,2020-03-07,394.51,residential,India
1,2020-03-08,435.63,residential,India
1,2020-03-09,410.06,residential,India
1,2020-03-10,436.49,residential,India
1,2020-03-11,467.89,residential,India
1,2020-03-12,457.6,residential,India
1,2020-03-13,423.69,residential,India
1,2020-03-14,434.46,residential,India
1,2020-03-15,421.1,residential,India
1,2020-03-16,411.74,residential,India
1,2020-03-17,469.67,residential,India
1,2020-03-18,430.44,residential,India
1,2020-03-19,431.46,residential,India
1,2020-03-20,434.1,residential,India
1,2020-03-21,431.72,residential,India
1,2020-03-22,431.71,residential,India
1,2020-03-23,447.92,residential,India
1,2020-03-24,411.7,residential,India
1,2020-03-25,429.67,residential,India
1,2020-03-26,444.43,residential,India
1,2020-03-27,457.51,residential,India
1,2020-03-28,424.22,residential,India
1,2020-03-29,424.74,residential,India
1,2020-03-30,427.81,residential,India
1,2020-03-31,429.08,residential,India
1,2020-04-01,424.02,residential,India
1,2020-04-02,442.28,residential,India
1,2020-04-03,434.14,residential,India
1,2020-04-04,407.95,residential,India
1,2020-04-05,439.3,residential,India
1,2020-04-06,452.18,residential,India
1,2020-04-07,394.96,residential,India
1,2020-04-08,447.94,residential,India
1,2020-04-09,390.29,residential,India
1,2020-04-10,472.85,residential,India
1,2020-04-11,418.75,residential,India
1,2020-04-12,415.62,residential,India
1,2020-04-13,404.72,residential,India
1,2020-04-14,440.46,residential,India
1,2020-04-15,441.01,residential,India
1,2020-04-16,442.35,residential,India
1,2020-04-17,459.31,residential,India
1,2020-04-18,388.47,residential,India
1,2020-04-19,466.62,residential,India
1,2020-04-20,411.67,residential,India
1,2020-04-21,451.28,residential,India
1,2020-04-22,402.02,residential,India
1,2020-04-23,450.84,residential,India
1,2020-04-24,401.03,residential,India
1,2020-04-25,409.32,residential,India
1,2020-04-26,436.4,residential,India
1,2020-04-27,420.8,residential,India
1,2020-04-28,445.82,residential,India
1,2020-04-29,440.01,residential,India
1,2020-04-30,448.66,residential,India
1,2020-05-01,401.25,residential,India
1,2020-05-02,407.35,residential,India
1,2020-05-03,396.78,residential,India
1,2020-05-04,449.74,residential,India
1,2020-05-05,421.7,residential,India
1,2020-05-06,445.67,residential,India
1,2020-05-07,436.93,residential,India
1,2020-05-08,423.31,residential,India
1,2020-05-09,437.22,residential,India
1,2020-05-10,474.52,residential,India
1,2020-05-11,439.13,residential,India
1,2020-05-12,447.99,residential,India
1,2020-05-13,452.33,residential,India
1,2020-05-14,452.7,residential,India
1,2020-05-15,466.94,residential,India
1,2020-05-16,447.1,residential,India
1,2020-05-17,432.1,residential,India
1,2020-05-18,471.7,residential,India
1,2020-05-19,440.85,residential,India
1,2020-05-20,471.81,residential,India
1,2020-05-21,462.86,residential,India
1,2020-05-22,461.36,residential,India
1,2020-05-23,416.44,residential,India
1,2020-05-24,447.51,residential,India
1,2020-05-25,450.96,residential,India
1,2020-05-26,422.92,residential,India
1,2020-05-27,421.1,residential,India
1,2020-05-28,434.92,residential,India
1,2020-05-29,426.07,residential,India
1,2020-05-30,437.93,residential,India
1,2020-05-31,475.55,residential,India
1,2020-06-01,434.35,residential,India
1,2020-06-02,448.9,residential,India
1,2020-06-03,433.59,residential,India
1,2020-06-04,447.36,residential,India
1,2020-06-05,421.77,residential,India
1,2020-06-06,442.87,residential,India
1,2020-06-07,430.88,residential,India
1,2020-06-08,461.76,residential,India
1,2020-06-09,459.72,residential,India
1,2020-06-10,448.71,residential,India
1,2020-06-11,459.88,residential,India
1,2020-06-12,443.42,residential,India
1,2020-06-13,449.82,residential,India
1,2020-06-14,448.6,residential,India
1,2020-06-15,471.43,residential,India
1,2020-06-16,487.37,residential,India
1,2020-06-17,465.81,residential,India
1,2020-06-18,435.13,residential,India
1,2020-06-19,456.35,residential,India
1,2020-06-20,484.73,residential,India
1,2020-06-21,463.64,residential,India
1,2020-06-22,448.25,residential,India
1,2020-06-23,472.64,residential,India
1,2020-06-24,481.85,residential,India
1,2020-06-25,426.48,residential,India
1,2020-06-26,478.06,residential,India
1,2020-06-27,441.42,residential,India
1,2020-06-28,444.41,residential,India
1,2020-06-29,462.07,residential,India
1,2020-06-30,438.34,residential,India
1,2020-07-01,411.38,residential,India
1,2020-07-02,431.43,residential,India
1,2020-07-03,443.51,residential,India
1,2020-07-04,461.02,residential,India
1,2020-07-05,491.08,residential,India
1,2020-07-06,465.87,residential,India
1,2020-07-07,438.85,residential,India
1,2020-07-08,468.7,residential,India
1,2020-07-09,445.76,residential,India
1,2020-07-10,429.69,residential,India
1,2020-07-11,460.71,residential,India
1,2020-07-12,474.36,residential,India
1,2020-07-13,458.58,residential,India
1,2020-07-14,473.8,residential,India
1,2020-07-15,446.68,residential,India
1,2020-07-16,456.03,residential,India
1,2020-07-17,461.34,residential,India
1,2020-07-18,432.37,residential,India
1,2020-07-19,462.96,residential,India
1,2020-07-20,473.63,residential,India
1,2020-07-21,425.27,residential,India
1,2020-07-22,501.15,residential,India
1,2020-07-23,456.78,residential,India
1,2020-07-24,446.55,residential,India
1,2020-07-25,439.33,residential,India
1,2020-07-26,450.89,residential,India
1,2020-07-27,438.4,residential,India
1,2020-07-28,445.86,residential,India
1,2020-07-29,439.8,residential,India
1,2020-07-30,479.11,residential,India
1,2020-07-31,432.36,residential,India
1,2020-08-01,488.02,residential,India
1,2020-08-02,443.39,residential,India
1,2020-08-03,469.79,residential,India
1,2020-08-04,482.31,residential,India
1,2020-08-05,469.68,residential,India
1,2020-08-06,441.45,residential,India
1,2020-08-07,450.32,residential,India
1,2020-08-08,473.72,residential,India
1,2020-08-09,475.28,residential,India
1,2020-08-10,510.79,residential,India
1,2020-08-11,428.55,residential,India
1,2020-08-12,451.82,residential,India
1,2020-08-13,409.17,residential,India
1,2020-08-14,416.49,residential,India
1,2020-08-15,436.94,residential,India
1,2020-08-16,438.0,residential,India
1,2020-08-17,451.77,residential,India
1,2020-08-18,403.43,residential,India
1,2020-08-19,481.16,residential,India
1,2020-08-20,467.55,residential,India
1,2020-08-21,434.48,residential,India
1,2020-08-22,454.6,residential,India
1,2020-08-23,470.69,residential,India
1,2020-08-24,508.04,residential,India
1,2020-08-25,504.56,residential,India
1,2020-08-26,488.31,residential,India
1,2020-08-27,444.01,residential,India
1,2020-08-28,451.16,residential,India
1,2020-08-29,454.42,residential,India
1,2020-08-30,432.26,residential,India
1,2020-08-31,493.6,residential,India
1,2020-09-01,490.03,residential,India
1,2020-09-02,463.67,residential,India
1,2020-09-03,464.95,residential,India
1,2020-09-04,450.49,residential,India
1,2020-09-05,478.4,residential,India
1,2020-09-06,435.93,residential,India
1,2020-09-07,466.83,residential,India
1,2020-09-08,423.71,residential,India
1,2020-09-09,448.03,residential,India
1,2020-09-10,422.41,residential,India
1,2020-09-11,501.51,residential,India
1,2020-09-12,436.61,residential,India
1,2020-09-13,463.29,residential,India
1,2020-09-14,459.74,residential,India
1,2020-09-15,439.77,residential,India
1,2020-09-16,452.54,residential,India
1,2020-09-17,461.25,residential,India
1,2020-09-18,461.75,residential,India
1,2020-09-19,431.61,residential,India
1,2020-09-20,441.09,residential,India
1,2020-09-21,467.19,residential,India
1,2020-09-22,456.27,residential,India
1,2020-09-23,466.02,residential,India
1,2020-09-24,455.32,residential,India
1,2020-09-25,471.25,residential,India
1,2020-09-26,468.99,residential,India
1,2020-09-27,465.6,residential,India
1,2020-09-28,475.68,residential,India
1,2020-09-29,442.63,residential,India
1,2020-09-30,463.16,residential,India
1,2020-10-01,451.16,residential,India
1,2020-10-02,464.25,residential,India
1,2020-10-03,465.16,residential,India
1,2020-10-04,450.8,residential,India
1,2020-10-05,476.36,residential,India
1,2020-10-06,449.72,residential,India
1,2020-10-07,472.23,residential,India
1,2020-10-08,453.74,residential,India
1,2020-10-09,433.87,residential,India
1,2020-10-10,457.11,residential,India
1,2020-10-11,424.96,residential,India
1,2020-10-12,443.71,residential,India
1,2020-10-13,483.49,residential,India
1,2020-10-14,464.79,residential,India
1,2020-10-15,470.05,residential,India
1,2020-10-16,471.95,residential,India
1,2020-10-17,474.13,residential,India
1,2020-10-18,423.73,residential,India
1,2020-10-19,453.53,residential,India
1,2020-10-20,468.08,residential,India
1,2020-10-21,460.78,residential,India
1,2020-10-22,434.97,residential,India
1,2020-10-23,435.07,residential,India
1,2020-10-24,468.78,residential,India
1,2020-10-25,481.13,residential,India
1,2020-10-26,454.22,residential,India
1,2020-10-27,435.92,residential,India
1,2020-10-28,467.82,residential,India
1,2020-10-29,480.97,residential,India
1,2020-10-30,413.85,residential,India
1,2020-10-31,489.98,residential,India
1,2020-11-01,506.95,residential,India
1,2020-11-02,416.26,residential,India
1,2020-11-03,471.81,residential,India
1,2020-11-04,438.64,residential,India
1,2020-11-05,456.14,residential,India
1,2020-11-06,467.26,residential,India
1,2020-11-07,449.13,residential,India
1,2020-11-08,445.79,residential,India
1,2020-11-09,460.02,residential,India
1,2020-11-10,444.58,residential,India
1,2020-11-11,502.65,residential,India
1,2020-11-12,467.45,residential,India
1,2020-11-13,471.62,residential,India
1,2020-11-14,439.15,residential,India
1,2020-11-15,455.13,residential,India
1,2020-11-16,415.0,residential,India
1,2020-11-17,427.45,residential,India
1,2020-11-18,470.12,residential,India
1,2020-11-19,426.65,residential,India
1,2020-11-20,446.5,residential,India
1,2020-11-21,442.94,residential,India
1,2020-11-22,455.52,residential,India
1,2020-11-23,449.33,residential,India
1,2020-11-24,430.51,residential,India
1,2020-11-25,426.91,residential,India
1,2020-11-26,409.71,residential,India
1,2020-11-27,497.23,residential,India
1,2020-11-28,465.77,residential,India
1,2020-11-29,456.8,residential,India
1,2020-11-30,428.56,residential,India
1,2020-12-01,442.53,residential,India
1,2020-12-02,478.29,residential,India
1,2020-12-03,458.2,residential,India
1,2020-12-04,441.6,residential,India
1,2020-12-05,445.69,residential,India
1,2020-12-06,432.16,residential,India
1,2020-12-07,428.49,residential,India
1,2020-12-08,492.92,residential,India
1,2020-12-09,415.12,residential,India
1,2020-12-10,438.31,residential,India
1,2020-12-11,440.69,residential,India
1,2020-12-12,445.66,residential,India
1,2020-12-13,468.73,residential,India
1,2020-12-14,458.02,residential,India
1,2020-12-15,437.73,residential,India
1,2020-12-16,438.6,residential,India
1,2020-12-17,436.56,residential,India
1,2020-12-18,502.98,residential,India
1,2020-12-19,464.47,residential,India
1,2020-12-20,495.77,residential,India
1,2020-12-21,452.88,residential,India
1,2020-12-22,466.0,residential,India
1,2020-12-23,487.66,residential,India
1,2020-12-24,448.18,residential,India
1,2020-12-25,448.62,residential,India
1,2020-12-26,446.38,residential,India
1,2020-12-27,437.42,residential,India
1,2020-12-28,456.54,residential,India
1,2020-12-29,430.77,residential,India
1,2020-12-30,458.6,residential,India
1,2020-12-31,491.62,residential,India
1,2021-01-01,455.43,residential,India
1,2021-01-02,449.16,residential,India
1,2021-01-03,456.96,residential,India
1,2021-01-04,458.89,residential,India
1,2021-01-05,441.17,residential,India
1,2021-01-06,464.79,residential,India
1,2021-01-07,419.73,residential,India
1,2021-01-08,409.47,residential,India
1,2021-01-09,484.53,residential,India
1,2021-01-10,438.98,residential,India
1,2021-01-11,469.68,residential,India
1,2021-01-12,481.73,residential,India
1,2021-01-13,456.62,residential,India
1,2021-01-14,427.95,residential,India
1,2021-01-15,493.18,residential,India
1,2021-01-16,447.03,residential,India
1,2021-01-17,464.88,residential,India
1,2021-01-18,403.23,residential,India
1,2021-01-19,434.25,residential,India
1,2021-01-20,423.22,residential,India
1,2021-01-21,430.44,residential,India
1,2021-01-22,438.38,residential,India
1,2021-01-23,436.31,residential,India
1,2021-01-24,461.89,residential,India
1,2021-01-25,443.05,residential,India
1,2021-01-26,435.82,residential,India
1,2021-01-27,468.87,residential,India
1,2021-01-28,429.22,residential,India
1,2021-01-29,448.39,residential,India
1,2021-01-30,455.1,residential,India
1,2021-01-31,400.08,residential,India
1,2021-02-01,498.78,residential,India
1,2021-02-02,454.3,residential,India
1,2021-02-03,440.19,residential,India
1,2021-02-04,470.73,residential,India
1,2021-02-05,456.42,residential,India
1,2021-02-06,470.83,residential,India
1,2021-02-07,442.32,residential,India
1,2021-02-08,444.45,residential,India
1,2021-02-09,464.79,residential,India
1,2021-02-10,423.07,residential,India
1,2021-02-11,444.93,residential,India
1,2021-02-12,449.59,residential,India
1,2021-02-13,425.8,residential,India
1,2021-02-14,450.82,residential,India
1,2021-02-15,457.58,residential,India
1,2021-02-16,416.84,residential,India
1,2021-02-17,439.53,residential,India
1,2021-02-18,477.51,residential,India
1,2021-02-19,386.04,residential,India
1,2021-02-20,426.86,residential,India
1,2021-02-21,473.73,residential,India
1,2021-02-22,403.98,residential,India
1,2021-02-23,404.2,residential,India
1,2021-02-24,482.79,residential,India
1,2021-02-25,436.33,residential,India
1,2021-02-26,435.11,residential,India
1,2021-02-27,428.71,residential,India
1,2021-02-28,447.14,residential,India
1,2021-03-01,451.63,residential,India
1,2021-03-02,452.58,residential,India
1,2021-03-03,430.16,residential,India
1,2021-03-04,432.12,residential,India
1,2021-03-05,447.89,residential,India
1,2021-03-06,441.37,residential,India
1,2021-03-07,436.67,residential,India
1,2021-03-08,448.98,residential,India
1,2021-03-09,398.57,residential,India
1,2021-03-10,482.94,residential,India
1,2021-03-11,477.06,residential,India
1,2021-03-12,444.76,residential,India
1,2021-03-13,422.82,residential,India
1,2021-03-14,442.06,residential,India
1,2021-03-15,461.6,residential,India
1,2021-03-16,498.88,residential,India
1,2021-03-17,477.38,residential,India
1,2021-03-18,439.78,residential,India
1,2021-03-19,408.07,residential,India
1,2021-03-20,416.0,residential,India
1,2021-03-21,411.15,residential,India
1,2021-03-22,445.74,residential,India
1,2021-03-23,414.53,residential,India
1,2021-03-24,458.16,residential,India
1,2021-03-25,445.29,residential,India
1,2021-03-26,455.99,residential,India
1,2021-03-27,422.66,residential,India
1,2021-03-28,451.01,residential,India
1,2021-03-29,413.78,residential,India
1,2021-03-30,412.78,residential,India
1,2021-03-31,426.52,residential,India
1,2021-04-01,435.41,residential,India
1,2021-04-02,420.42,residential,India
1,2021-04-03,415.94,residential,India
1,2021-04-04,399.15,residential,India
1,2021-04-05,414.52,residential,India
1,2021-04-06,439.86,residential,India
1,2021-04-07,438.03,residential,India
1,2021-04-08,416.71,residential,India
1,2021-04-09,417.65,residential,India
1,2021-04-10,441.36,residential,India
1,2021-04-11,439.23,residential,India
1,2021-04-12,404.08,residential,India
1,2021-04-13,436.6,residential,India
1,2021-04-14,441.41,residential,India
1,2021-04-15,403.68,residential,India
1,2021-04-16,430.65,residential,India
1,2021-04-17,434.06,residential,India
1,2021-04-18,391.23,residential,India
1,2021-04-19,456.41,residential,India
1,2021-04-20,426.32,residential,India
1,2021-04-21,414.86,residential,India
1,2021-04-22,448.13,residential,India
1,2021-04-23,425.77,residential,India
1,2021-04-24,437.01,residential,India
1,2021-04-25,456.68,residential,India
1,2021-04-26,420.24,residential,India
1,2021-04-27,414.74,residential,India
1,2021-04-28,427.04,residential,India
1,2021-04-29,416.38,residential,India
1,2021-04-30,418.4,residential,India
1,2021-05-01,426.78,residential,India
1,2021-05-02,449.6,residential,India
1,2021-05-03,415.1,residential,India
1,2021-05-04,404.7,residential,India
1,2021-05-05,419.72,residential,India
1,2021-05-06,441.78,residential,India
1,2021-05-07,426.54,residential,India
1,2021-05-08,401.26,residential,India
1,2021-05-09,464.52,residential,India
1,2021-05-10,413.62,residential,India
1,2021-05-11,434.48,residential,India
1,2021-05-12,407.3,residential,India
1,2021-05-13,391.77,residential,India
1,2021-05-14,420.01,residential,India
1,2021-05-15,432.58,residential,India
1,2021-05-16,425.61,residential,India
1,2021-05-17,434.4,residential,India
1,2021-05-18,429.32,residential,India
1,2021-05-19,417.95,residential,India
1,2021-05-20,413.63,residential,India
1,2021-05-21,412.02,residential,India
1,2021-05-22,437.3,residential,India
1,2021-05-23,433.81,residential,India
1,2021-05-24,417.2,residential,India
1,2021-05-25,420.83,residential,India
1,2021-05-26,415.33,residential,India
1,2021-05-27,390.75,residential,India
1,2021-05-28,465.74,residential,India
1,2021-05-29,413.49,residential,India
1,2021-05-30,405.7,residential,India
1,2021-05-31,408.79,residential,India
1,2021-06-01,374.6,residential,India
1,2021-06-02,447.29,residential,India
1,2021-06-03,457.26,residential,India
1,2021-06-04,408.79,residential,India
1,2021-06-05,377.5,residential,India
1,2021-06-06,436.76,residential,India
1,2021-06-07,398.42,residential,India
1,2021-06-08,390.25,residential,India
1,2021-06-09,375.86,residential,India
1,2021-06-10,397.18,residential,India
1,2021-06-11,433.48,residential,India
1,2021-06-12,390.7,residential,India
1,2021-06-13,394.68,residential,India
1,2021-06-14,447.42,residential,India
1,2021-06-15,398.8,residential,India
1,2021-06-16,422.44,residential,India
1,2021-06-17,384.76,residential,India
1,2021-06-18,392.5,residential,India
1,2021-06-19,419.79,residential,India
1,2021-06-20,428.5,residential,India
1,2021-06-21,416.61,residential,India
1,2021-06-22,427.51,residential,India
1,2021-06-23,423.2,residential,India
1,2021-06-24,379.22,residential,India
1,2021-06-25,415.85,residential,India
1,2021-06-26,395.61,residential,India
1,2021-06-27,427.17,residential,India
1,2021-06-28,404.05,residential,India
1,2021-06-29,386.85,residential,India
1,2021-06-30,420.24,residential,India
1,2021-07-01,393.29,residential,India
1,2021-07-02,412.54,residential,India
1,2021-07-03,397.92,residential,India
1,2021-07-04,413.98,residential,India
1,2021-07-05,428.25,residential,India
1,2021-07-06,371.08,residential,India
1,2021-07-07,394.73,residential,India
1,2021-07-08,397.69,residential,India
1,2021-07-09,443.69,residential,India
1,2021-07-10,410.49,residential,India
1,2021-07-11,393.66,residential,India
1,2021-07-12,406.0,residential,India
1,2021-07-13,409.37,residential,India
1,2021-07-14,414.12,residential,India
1,2021-07-15,402.23,residential,India
1,2021-07-16,381.14,residential,India
1,2021-07-17,376.34,residential,India
1,2021-07-18,394.74,residential,India
1,2021-07-19,402.34,residential,India
1,2021-07-20,397.02,residential,India
1,2021-07-21,423.56,residential,India
1,2021-07-22,421.97,residential,India
1,2021-07-23,404.61,residential,India
1,2021-07-24,426.82,residential,India
1,2021-07-25,400.21,residential,India
1,2021-07-26,376.15,residential,India
1,2021-07-27,415.7,residential,India
1,2021-07-28,397.93,residential,India
1,2021-07-29,412.81,residential,India
1,2021-07-30,381.72,residential,India
1,2021-07-31,375.4,residential,India
1,2021-08-01,354.87,residential,India
1,2021-08-02,386.44,residential,India
1,2021-08-03,379.54,residential,India
1,2021-08-04,385.03,residential,India
1,2021-08-05,396.84,residential,India
1,2021-08-06,400.05,residential,India
1,2021-08-07,395.79,residential,India
1,2021-08-08,365.35,residential,India
1,2021-08-09,410.86,residential,India
1,2021-08-10,412.08,residential,India
1,2021-08-11,403.81,residential,India
1,2021-08-12,388.49,residential,India
1,2021-08-13,380.82,residential,India
1,2021-08-14,383.59,residential,India
1,2021-08-15,375.14,residential,India
1,2021-08-16,423.84,residential,India
1,2021-08-17,369.41,residential,India
1,2021-08-18,400.62,residential,India
1,2021-08-19,381.63,residential,India
1,2021-08-20,363.5,residential,India
1,2021-08-21,408.79,residential,India
1,2021-08-22,407.8,residential,India
1,2021-08-23,386.49,residential,India
1,2021-08-24,409.87,residential,India
1,2021-08-25,409.07,residential,India
1,2021-08-26,379.36,residential,India
1,2021-08-27,393.58,residential,India
1,2021-08-28,423.07,residential,India
1,2021-08-29,417.08,residential,India
1,2021-08-30,383.54,residential,India
1,2021-08-31,407.63,residential,India
1,2021-09-01,393.7,residential,India
1,2021-09-02,391.13,residential,India
1,2021-09-03,389.71,residential,India
1,2021-09-04,411.68,residential,India
1,2021-09-05,357.42,residential,India
1,2021-09-06,377.29,residential,India
1,2021-09-07,381.09,residential,India
1,2021-09-08,343.18,residential,India
1,2021-09-09,403.18,residential,India
1,2021-09-10,420.88,residential,India
1,2021-09-11,387.3,residential,India
1,2021-09-12,386.62,residential,India
1,2021-09-13,400.12,residential,India
1,2021-09-14,404.26,residential,India
1,2021-09-15,362.09,residential,India
1,2021-09-16,386.4,residential,India
1,2021-09-17,395.22,residential,India
1,2021-09-18,400.07,residential,India
1,2021-09-19,403.65,residential,India
1,2021-09-20,369.75,residential,India
1,2021-09-21,416.81,residential,India
1,2021-09-22,388.07,residential,India
1,2021-09-23,383.3,residential,India
1,2021-09-24,386.88,residential,India
1,2021-09-25,399.9,residential,India
1,2021-09-26,384.74,residential,India
1,2021-09-27,425.98,residential,India
1,2021-09-28,430.39,residential,India
1,2021-09-29,410.4,residential,India
1,2021-09-30,382.81,residential,India
1,2021-10-01,344.26,residential,India
1,2021-10-02,390.89,residential,India
1,2021-10-03,367.82,residential,India
1,2021-10-04,388.02,residential,India
1,2021-10-05,358.12,residential,India
1,2021-10-06,372.04,residential,India
1,2021-10-07,376.48,residential,India
1,2021-10-08,368.65,residential,India
1,2021-10-09,370.8,residential,India
1,2021-10-10,406.22,residential,India
1,2021-10-11,377.23,residential,India
1,2021-10-12,392.64,residential,India
1,2021-10-13,349.95,residential,India
1,2021-10-14,375.23,residential,India
1,2021-10-15,364.37,residential,India
1,2021-10-16,390.83,residential,India
1,2021-10-17,389.99,residential,India
1,2021-10-18,393.49,residential,India
1,2021-10-19,392.15,residential,India
1,2021-10-20,395.51,residential,India
1,2021-10-21,393.42,residential,India
1,2021-10-22,397.57,residential,India
1,2021-10-23,377.3,residential,India
1,2021-10-24,349.15,residential,India
1,2021-10-25,387.47,residential,India
1,2021-10-26,381.81,residential,India
1,2021-10-27,394.83,residential,India
1,2021-10-28,402.11,residential,India
1,2021-10-29,372.25,residential,India
1,2021-10-30,371.11,residential,India
1,2021-10-31,399.06,residential,India
1,2021-11-01,384.79,residential,India
1,2021-11-02,347.63,residential,India
1,2021-11-03,381.25,residential,India
1,2021-11-04,380.91,residential,India
1,2021-11-05,381.36,residential,India
1,2021-11-06,347.97,residential,India
1,2021-11-07,365.23,residential,India
1,2021-11-08,389.48,residential,India
1,2021-11-09,418.65,residential,India
1,2021-11-10,404.26,residential,India
1,2021-11-11,389.33,residential,India
1,2021-11-12,422.61,residential,India
1,2021-11-13,398.87,residential,India
1,2021-11-14,369.14,residential,India
1,2021-11-15,392.55,residential,India
1,2021-11-16,354.2,residential,India
1,2021-11-17,394.65,residential,India
1,2021-11-18,390.82,residential,India
1,2021-11-19,373.07,residential,India
1,2021-11-20,375.66,residential,India
1,2021-11-21,337.6,residential,India
1,2021-11-22,406.41,residential,India
1,2021-11-23,360.64,residential,India
1,2021-11-24,374.1,residential,India
1,2021-11-25,378.59,residential,India
1,2021-11-26,346.6,residential,India
1,2021-11-27,378.43,residential,India
1,2021-11-28,388.08,residential,India
1,2021-11-29,371.5,residential,India
1,2021-11-30,385.22,residential,India
1,2021-12-01,356.15,residential,India
1,2021-12-02,351.21,residential,India
1,2021-12-03,376.89,residential,India
1,2021-12-04,409.94,residential,India
1,2021-12-05,402.78,residential,India
1,2021-12-06,420.91,residential,India
1,2021-12-07,404.89,residential,India
1,2021-12-08,378.86,residential,India
1,2021-12-09,345.85,residential,India
1,2021-12-10,379.17,residential,India
1,2021-12-11,360.56,residential,India
1,2021-12-12,358.63,residential,India
1,2021-12-13,384.4,residential,India
1,2021-12-14,373.64,residential,India
1,2021-12-15,406.92,residential,India
1,2021-12-16,385.05,residential,India
1,2021-12-17,375.52,residential,India
1,2021-12-18,411.44,residential,India
1,2021-12-19,385.32,residential,India
1,2021-12-20,372.7,residential,India
1,2021-12-21,376.04,residential,India
1,2021-12-22,375.26,residential,India
1,2021-12-23,363.84,residential,India
1,2021-12-24,411.31,residential,India
1,2021-12-25,338.55,residential,India
1,2021-12-26,391.51,residential,India
1,2021-12-27,361.25,residential,India
1,2021-12-28,388.45,residential,India
1,2021-12-29,406.7,residential,India
1,2021-12-30,390.37,residential,India
1,2021-12-31,364.32,residential,India
1,2022-01-01,360.43,residential,India
1,2022-01-02,371.65,residential,India
1,2022-01-03,367.94,residential,India
1,2022-01-04,355.21,residential,India
1,2022-01-05,395.54,residential,India
1,2022-01-06,367.37,residential,India
1,2022-01-07,388.62,residential,India
1,2022-01-08,360.53,residential,India
1,2022-01-09,408.61,residential,India
1,2022-01-10,381.74,residential,India
1,2022-01-11,428.44,residential,India
1,2022-01-12,384.93,residential,India
1,2022-01-13,373.44,residential,India
1,2022-01-14,377.4,residential,India
1,2022-01-15,395.72,residential,India
1,2022-01-16,428.22,residential,India
1,2022-01-17,365.34,residential,India
1,2022-01-18,401.09,residential,India
1,2022-01-19,392.83,residential,India
1,2022-01-20,375.71,residential,India
1,2022-01-21,388.08,residential,India
1,2022-01-22,370.08,residential,India
1,2022-01-23,347.74,residential,India
1,2022-01-24,417.98,residential,India
1,2022-01-25,363.72,residential,India
1,2022-01-26,408.02,residential,India
1,2022-01-27,365.7,residential,India
1,2022-01-28,367.64,residential,India
1,2022-01-29,369.22,residential,India
1,2022-01-30,364.3,residential,India
1,2022-01-31,371.56,residential,India
1,2022-02-01,379.17,residential,India
1,2022-02-02,355.46,residential,India
1,2022-02-03,395.49,residential,India
1,2022-02-04,352.5,residential,India
1,2022-02-05,398.35,residential,India
1,2022-02-06,393.18,residential,India
1,2022-02-07,382.19,residential,India
1,2022-02-08,390.39,residential,India
1,2022-02-09,376.89,residential,India
1,2022-02-10,359.41,residential,India
1,2022-02-11,367.03,residential,India
1,2022-02-12,371.59,residential,India
1,2022-02-13,396.03,residential,India
1,2022-02-14,378.45,residential,India
1,2022-02-15,388.04,residential,India
1,2022-02-16,381.31,residential,India
1,2022-02-17,376.33,residential,India
1,2022-02-18,355.72,residential,India
1,2022-02-19,371.56,residential,India
1,2022-02-20,407.06,residential,India
1,2022-02-21,405.97,residential,India
1,2022-02-22,351.85,residential,India
1,2022-02-23,422.2,residential,India
1,2022-02-24,365.48,residential,India
1,2022-02-25,414.79,residential,India
1,2022-02-26,352.56,residential,India
1,2022-02-27,355.24,residential,India
1,2022-02-28,386.13,residential,India
1,2022-03-01,402.56,residential,India
1,2022-03-02,366.02,residential,India
1,2022-03-03,412.19,residential,India
1,2022-03-04,395.3,residential,India
1,2022-03-05,359.06,residential,India
1,2022-03-06,405.43,residential,India
1,2022-03-07,406.7,residential,India
1,2022-03-08,412.75,residential,India
1,2022-03-09,350.09,residential,India
1,2022-03-10,386.54,residential,India
1,2022-03-11,405.51,residential,India
1,2022-03-12,382.57,residential,India
1,2022-03-13,369.11,residential,India
1,2022-03-14,408.41,residential,India
1,2022-03-15,385.84,residential,India
1,2022-03-16,388.71,residential,India
1,2022-03-17,390.41,residential,India
1,2022-03-18,370.16,residential,India
1,2022-03-19,414.13,residential,India
1,2022-03-20,398.41,residential,India
1,2022-03-21,387.61,residential,India
1,2022-03-22,362.75,residential,India
1,2022-03-23,366.51,residential,India
1,2022-03-24,402.04,residential,India
1,2022-03-25,402.27,residential,India
1,2022-03-26,411.33,residential,India
1,2022-03-27,384.88,residential,India
1,2022-03-28,434.07,residential,India
1,2022-03-29,392.22,residential,India
1,2022-03-30,422.62,residential,India
1,2022-03-31,369.68,residential,India
1,2022-04-01,389.01,residential,India
1,2022-04-02,384.07,residential,India
1,2022-04-03,383.49,residential,India
1,2022-04-04,397.15,residential,India
1,2022-04-05,386.54,residential,India
1,2022-04-06,400.27,residential,India
1,2022-04-07,394.18,residential,India
1,2022-04-08,393.81,residential,India
1,2022-04-09,395.94,residential,India
1,2022-04-10,368.05,residential,India
1,2022-04-11,383.08,residential,India
1,2022-04-12,360.46,residential,India
1,2022-04-13,398.79,residential,India
1,2022-04-14,385.11,residential,India
1,2022-04-15,385.82,residential,India
1,2022-04-16,428.79,residential,India
1,2022-04-17,393.53,residential,India
1,2022-04-18,375.17,residential,India
1,2022-04-19,379.53,residential,India
1,2022-04-20,418.94,residential,India
1,2022-04-21,410.64,residential,India
1,2022-04-22,403.5,residential,India
1,2022-04-23,352.02,residential,India
1,2022-04-24,395.72,residential,India
1,2022-04-25,403.89,residential,India
1,2022-04-26,404.56,residential,India
1,2022-04-27,405.39,residential,India
1,2022-04-28,403.13,residential,India
1,2022-04-29,345.88,residential,India
1,2022-04-30,362.96,residential,India
1,2022-05-01,369.29,residential,India
1,2022-05-02,374.97,residential,India
1,2022-05-03,356.33,residential,India
1,2022-05-04,366.5,residential,India
1,2022-05-05,393.7,residential,India
1,2022-05-06,361.27,residential,India
1,2022-05-07,405.13,residential,India
1,2022-05-08,402.4,residential,India
1,2022-05-09,404.33,residential,India
1,2022-05-10,388.91,residential,India
1,2022-05-11,384.97,residential,India
1,2022-05-12,391.46,residential,India
1,2022-05-13,436.9,residential,India
1,2022-05-14,429.55,residential,India
1,2022-05-15,375.47,residential,India
1,2022-05-16,400.4,residential,India
1,2022-05-17,428.68,residential,India
1,2022-05-18,398.98,residential,India
1,2022-05-19,395.16,residential,India
1,2022-05-20,392.33,residential,India
1,2022-05-21,382.91,residential,India
1,2022-05-22,399.05,residential,India
1,2022-05-23,395.49,residential,India
1,2022-05-24,392.24,residential,India
1,2022-05-25,426.2,residential,India
1,2022-05-26,433.1,residential,India
1,2022-05-27,402.86,residential,India
1,2022-05-28,402.2,residential,India
1,2022-05-29,365.97,residential,India
1,2022-05-30,378.01,residential,India
1,2022-05-31,384.84,residential,India
1,2022-06-01,392.22,residential,India
1,2022-06-02,396.7,residential,India
1,2022-06-03,426.84,residential,India
1,2022-06-04,395.32,residential,India
1,2022-06-05,372.65,residential,India
1,2022-06-06,426.48,residential,India
1,2022-06-07,407.45,residential,India
1,2022-06-08,401.62,residential,India
1,2022-06-09,427.86,residential,India
1,2022-06-10,429.43,residential,India
1,2022-06-11,387.15,residential,India
1,2022-06-12,381.95,residential,India
1,2022-06-13,420.39,residential,India
1,2022-06-14,396.36,residential,India
1,2022-06-15,442.75,residential,India
1,2022-06-16,429.25,residential,India
1,2022-06-17,413.96,residential,India
1,2022-06-18,399.69,residential,India
1,2022-06-19,425.54,residential,India
1,2022-06-20,389.57,residential,India
1,2022-06-21,418.85,residential,India
1,2022-06-22,408.59,residential,India
1,2022-06-23,417.48,residential,India
1,2022-06-24,373.13,residential,India
1,2022-06-25,408.21,residential,India
1,2022-06-26,396.59,residential,India
1,2022-06-27,399.6,residential,India
1,2022-06-28,388.53,residential,India
1,2022-06-29,417.58,residential,India
1,2022-06-30,401.55,residential,India
1,2022-07-01,409.73,residential,India
1,2022-07-02,430.89,residential,India
1,2022-07-03,371.15,residential,India
1,2022-07-04,446.48,residential,India
1,2022-07-05,407.19,residential,India
1,2022-07-06,394.45,residential,India
1,2022-07-07,455.2,residential,India
1,2022-07-08,428.55,residential,India
1,2022-07-09,419.72,residential,India
1,2022-07-10,442.98,residential,India
1,2022-07-11,378.32,residential,India
1,2022-07-12,425.61,residential,India
1,2022-07-13,423.63,residential,India
1,2022-07-14,419.75,residential,India
1,2022-07-15,413.47,residential,India
1,2022-07-16,423.18,residential,India
1,2022-07-17,431.09,residential,India
1,2022-07-18,390.13,residential,India
1,2022-07-19,417.97,residential,India
1,2022-07-20,419.19,residential,India
1,2022-07-21,403.08,residential,India
1,2022-07-22,405.54,residential,India
1,2022-07-23,430.11,residential,India
1,2022-07-24,440.3,residential,India
1,2022-07-25,426.74,residential,India
1,2022-07-26,431.05,residential,India
1,2022-07-27,402.92,residential,India
1,2022-07-28,412.1,residential,India
1,2022-07-29,419.6,residential,India
1,2022-07-30,404.42,residential,India
1,2022-07-31,464.81,residential,India
1,2022-08-01,422.73,residential,India
1,2022-08-02,448.19,residential,India
1,2022-08-03,425.49,residential,India
1,2022-08-04,427.06,residential,India
1,2022-08-05,407.88,residential,India
1,2022-08-06,396.99,residential,India
1,2022-08-07,386.22,residential,India
1,2022-08-08,410.25,residential,India
1,2022-08-09,428.69,residential,India
1,2022-08-10,454.5,residential,India
1,2022-08-11,444.89,residential,India
1,2022-08-12,394.97,residential,India
1,2022-08-13,452.65,residential,India
1,2022-08-14,411.7,residential,India
1,2022-08-15,422.05,residential,India
1,2022-08-16,427.59,residential,India
1,2022-08-17,432.43,residential,India
1,2022-08-18,394.22,residential,India
1,2022-08-19,440.72,residential,India
1,2022-08-20,420.73,residential,India
1,2022-08-21,397.17,residential,India
1,2022-08-22,431.33,residential,India
1,2022-08-23,428.11,residential,India
1,2022-08-24,406.33,residential,India
1,2022-08-25,445.71,residential,India
1,2022-08-26,426.26,residential,India
1,2022-08-27,397.29,residential,India
1,2022-08-28,451.2,residential,India
1,2022-08-29,399.93,residential,India
1,2022-08-30,444.58,residential,India
1,2022-08-31,406.49,residential,India
1,2022-09-01,410.43,residential,India
1,2022-09-02,416.29,residential,India
1,2022-09-03,379.88,residential,India
1,2022-09-04,404.56,residential,India
1,2022-09-05,423.91,residential,India
1,2022-09-06,444.71,residential,India
1,2022-09-07,416.43,residential,India
1,2022-09-08,448.76,residential,India
1,2022-09-09,452.01,residential,India
1,2022-09-10,414.47,residential,India
1,2022-09-11,415.37,residential,India
1,2022-09-12,420.2,residential,India
1,2022-09-13,427.1,residential,India
1,2022-09-14,421.68,residential,India
1,2022-09-15,449.02,residential,India
1,2022-09-16,423.97,residential,India
1,2022-09-17,435.32,residential,India
1,2022-09-18,418.65,residential,India
1,2022-09-19,412.86,residential,India
1,2022-09-20,424.9,residential,India
1,2022-09-21,465.46,residential,India
1,2022-09-22,456.1,residential,India
1,2022-09-23,412.24,residential,India
1,2022-09-24,447.39,residential,India
1,2022-09-25,445.49,residential,India
1,2022-09-26,462.72,residential,India
1,2022-09-27,401.89,residential,India
1,2022-09-28,431.88,residential,India
1,2022-09-29,421.77,residential,India
1,2022-09-30,430.93,residential,India
1,2022-10-01,408.34,residential,India
1,2022-10-02,430.68,residential,India
1,2022-10-03,457.0,residential,India
1,2022-10-04,424.7,residential,India
1,2022-10-05,463.54,residential,India
1,2022-10-06,434.8,residential,India
1,2022-10-07,508.17,residential,India
1,2022-10-08,445.78,residential,India
1,2022-10-09,491.24,residential,India
1,2022-10-10,456.88,residential,India
1,2022-10-11,442.9,residential,India
1,2022-10-12,465.76,residential,India
1,2022-10-13,451.3,residential,India
1,2022-10-14,458.37,residential,India
1,2022-10-15,451.81,residential,India
1,2022-10-16,454.32,residential,India
1,2022-10-17,447.52,residential,India
1,2022-10-18,439.8,residential,India
1,2022-10-19,467.91,residential,India
1,2022-10-20,454.08,residential,India
1,2022-10-21,445.07,residential,India
1,2022-10-22,424.38,residential,India
1,2022-10-23,453.75,residential,India
1,2022-10-24,464.11,residential,India
1,2022-10-25,432.11,residential,India
1,2022-10-26,459.35,residential,India
1,2022-10-27,469.58,residential,India
1,2022-10-28,435.53,residential,India
1,2022-10-29,452.04,residential,India
1,2022-10-30,481.26,residential,India
1,2022-10-31,440.26,residential,India
1,2022-11-01,460.18,residential,India
1,2022-11-02,445.1,residential,India
1,2022-11-03,456.46,residential,India
1,2022-11-04,433.26,residential,India
1,2022-11-05,459.46,residential,India
1,2022-11-06,445.15,residential,India
1,2022-11-07,454.18,residential,India
1,2022-11-08,453.25,residential,India
1,2022-11-09,467.47,residential,India
1,2022-11-10,481.16,residential,India
1,2022-11-11,414.53,residential,India
1,2022-11-12,430.43,residential,India
1,2022-11-13,466.12,residential,India
1,2022-11-14,462.55,residential,India
1,2022-11-15,452.1,residential,India
1,2022-11-16,444.77,residential,India
1,2022-11-17,448.25,residential,India
1,2022-11-18,494.23,residential,India
1,2022-11-19,446.53,residential,India
1,2022-11-20,484.71,residential,India
1,2022-11-21,473.44,residential,India
1,2022-11-22,445.92,residential,India
1,2022-11-23,450.71,residential,India
1,2022-11-24,455.89,residential,India
1,2022-11-25,432.67,residential,India
1,2022-11-26,473.17,residential,India
1,2022-11-27,438.62,residential,India
1,2022-11-28,461.04,residential,India
1,2022-11-29,454.75,residential,India
1,2022-11-30,439.51,residential,India
1,2022-12-01,449.99,residential,India
1,2022-12-02,459.54,residential,India
1,2022-12-03,486.61,residential,India
1,2022-12-04,458.82,residential,India
1,2022-12-05,474.27,residential,India
1,2022-12-06,459.04,residential,India
1,2022-12-07,517.33,residential,India
1,2022-12-08,478.94,residential,India
1,2022-12-09,443.85,residential,India
1,2022-12-10,453.37,residential,India
1,2022-12-11,453.78,residential,India
1,2022-12-12,484.05,residential,India
1,2022-12-13,485.14,residential,India
1,2022-12-14,499.89,residential,India
1,2022-12-15,442.49,residential,India
1,2022-12-16,448.55,residential,India
1,2022-12-17,492.6,residential,India
1,2022-12-18,467.76,residential,India
1,2022-12-19,467.82,residential,India
1,2022-12-20,420.93,residential,India
1,2022-12-21,477.3,residential,India
1,2022-12-22,483.04,residential,India
1,2022-12-23,442.82,residential,India
1,2022-12-24,477.31,residential,India
1,2022-12-25,460.53,residential,India
1,2022-12-26,468.75,residential,India
1,2022-12-27,462.22,residential,India
1,2022-12-28,440.31,residential,India
1,2022-12-29,439.45,residential,India
1,2022-12-30,504.4,residential,India
1,2022-12-31,437.23,residential,India
1,2023-01-01,476.89,residential,India
1,2023-01-02,481.68,residential,India
1,2023-01-03,460.69,residential,India
1,2023-01-04,468.01,residential,India
1,2023-01-05,471.61,residential,India
1,2023-01-06,444.03,residential,India
1,2023-01-07,493.44,residential,India
1,2023-01-08,501.42,residential,India
1,2023-01-09,487.63,residential,India
1,2023-01-10,441.76,residential,India
1,2023-01-11,473.38,residential,India
1,2023-01-12,485.33,residential,India
1,2023-01-13,505.12,residential,India
1,2023-01-14,473.81,residential,India
1,2023-01-15,474.41,residential,India
1,2023-01-16,450.81,residential,India
1,2023-01-17,479.32,residential,India
1,2023-01-18,461.95,residential,India
1,2023-01-19,419.22,residential,India
1,2023-01-20,524.57,residential,India
1,2023-01-21,459.87,residential,India
1,2023-01-22,504.31,residential,India
1,2023-01-23,469.27,residential,India
1,2023-01-24,460.37,residential,India
1,2023-01-25,503.07,residential,India
1,2023-01-26,491.01,residential,India
1,2023-01-27,503.76,residential,India
1,2023-01-28,488.47,residential,India
1,2023-01-29,491.38,residential,India
1,2023-01-30,462.71,residential,India
1,2023-01-31,494.04,residential,India
1,2023-02-01,468.1,residential,India
1,2023-02-02,465.27,residential,India
1,2023-02-03,498.82,residential,India
1,2023-02-04,501.01,residential,India
1,2023-02-05,473.83,residential,India
1,2023-02-06,507.0,residential,India
1,2023-02-07,475.25,residential,India
1,2023-02-08,487.56,residential,India
1,2023-02-09,503.88,residential,India
1,2023-02-10,509.29,residential,India
1,2023-02-11,480.77,residential,India
1,2023-02-12,487.77,residential,India
1,2023-02-13,459.3,residential,India
1,2023-02-14,497.12,residential,India
1,2023-02-15,452.66,residential,India
1,2023-02-16,472.75,residential,India
1,2023-02-17,477.3,residential,India
1,2023-02-18,489.05,residential,India
1,2023-02-19,503.77,residential,India
1,2023-02-20,485.4,residential,India
1,2023-02-21,507.99,residential,India
1,2023-02-22,505.21,residential,India
1,2023-02-23,454.32,residential,India
1,2023-02-24,488.83,residential,India
1,2023-02-25,497.91,residential,India
1,2023-02-26,510.36,residential,India
1,2023-02-27,485.87,residential,India
1,2023-02-28,484.32,residential,India
1,2023-03-01,477.21,residential,India
1,2023-03-02,489.22,residential,India
1,2023-03-03,482.22,residential,India
1,2023-03-04,479.53,residential,India
1,2023-03-05,472.68,residential,India
1,2023-03-06,487.64,residential,India
1,2023-03-07,512.36,residential,India
1,2023-03-08,482.32,residential,India
1,2023-03-09,459.33,residential,India
1,2023-03-10,482.66,residential,India
1,2023-03-11,489.8,residential,India
1,2023-03-12,524.58,residential,India
1,2023-03-13,525.9,residential,India
1,2023-03-14,485.55,residential,India
1,2023-03-15,455.95,residential,India
1,2023-03-16,470.51,residential,India
1,2023-03-17,490.72,residential,India
1,2023-03-18,485.26,residential,India
1,2023-03-19,513.04,residential,India
1,2023-03-20,453.26,residential,India
1,2023-03-21,512.7,residential,India
1,2023-03-22,492.36,residential,India
1,2023-03-23,468.46,residential,India
1,2023-03-24,522.44,residential,India
1,2023-03-25,464.45,residential,India
1,2023-03-26,489.57,residential,India
1,2023-03-27,493.71,residential,India
1,2023-03-28,511.9,residential,India
1,2023-03-29,491.94,residential,India
1,2023-03-30,476.15,residential,India
1,2023-03-31,483.74,residential,India
1,2023-04-01,499.81,residential,India
1,2023-04-02,466.21,residential,India
1,2023-04-03,505.89,residential,India
1,2023-04-04,492.0,residential,India
1,2023-04-05,490.26,residential,India
1,2023-04-06,494.51,residential,India
1,2023-04-07,453.9,residential,India
1,2023-04-08,483.44,residential,India
1,2023-04-09,463.28,residential,India
1,2023-04-10,486.89,residential,India
1,2023-04-11,474.06,residential,India
1,2023-04-12,527.92,residential,India
1,2023-04-13,496.72,residential,India
1,2023-04-14,503.06,residential,India
1,2023-04-15,511.1,residential,India
1,2023-04-16,493.33,residential,India
1,2023-04-17,481.25,residential,India
1,2023-04-18,534.94,residential,India
1,2023-04-19,449.11,residential,India
1,2023-04-20,506.12,residential,India
1,2023-04-21,501.31,residential,India
1,2023-04-22,478.19,residential,India
1,2023-04-23,503.69,residential,India
1,2023-04-24,504.76,residential,India
1,2023-04-25,482.89,residential,India
1,2023-04-26,516.49,residential,India
1,2023-04-27,467.32,residential,India
1,2023-04-28,517.53,residential,India
1,2023-04-29,439.66,residential,India
1,2023-04-30,543.89,residential,India
1,2023-05-01,510.29,residential,India
1,2023-05-02,515.23,residential,India
1,2023-05-03,530.45,residential,India
1,2023-05-04,510.72,residential,India
1,2023-05-05,500.09,residential,India
1,2023-05-06,491.33,residential,India
1,2023-05-07,473.55,residential,India
1,2023-05-08,481.28,residential,India
1,2023-05-09,476.82,residential,India
1,2023-05-10,516.41,residential,India
1,2023-05-11,458.17,residential,India
1,2023-05-12,500.94,residential,India
1,2023-05-13,485.68,residential,India
1,2023-05-14,499.56,residential,India
1,2023-05-15,543.23,residential,India
1,2023-05-16,492.64,residential,India
1,2023-05-17,507.22,residential,India
1,2023-05-18,480.87,residential,India
1,2023-05-19,532.09,residential,India
1,2023-05-20,521.05,residential,India
1,2023-05-21,483.53,residential,India
1,2023-05-22,544.65,residential,India
1,2023-05-23,500.51,residential,India
1,2023-05-24,520.58,residential,India
1,2023-05-25,547.57,residential,India
1,2023-05-26,485.45,residential,India
1,2023-05-27,476.28,residential,India
1,2023-05-28,543.74,residential,India
1,2023-05-29,517.9,residential,India
1,2023-05-30,516.64,residential,India
1,2023-05-31,493.84,residential,India
1,2023-06-01,512.75,residential,India
1,2023-06-02,487.76,residential,India
1,2023-06-03,505.92,residential,India
1,2023-06-04,503.44,residential,India
1,2023-06-05,494.06,residential,India
1,2023-06-06,508.87,residential,India
1,2023-06-07,539.59,residential,India
1,2023-06-08,477.29,residential,India
1,2023-06-09,502.25,residential,India
1,2023-06-10,491.13,residential,India
1,2023-06-11,504.48,residential,India
1,2023-06-12,531.64,residential,India
1,2023-06-13,475.04,residential,India
1,2023-06-14,487.49,residential,India
1,2023-06-15,496.34,residential,India
1,2023-06-16,516.35,residential,India
1,2023-06-17,491.0,residential,India
1,2023-06-18,549.81,residential,India
1,2023-06-19,482.55,residential,India
1,2023-06-20,500.71,residential,India
1,2023-06-21,513.29,residential,India
1,2023-06-22,512.2,residential,India
1,2023-06-23,481.6,residential,India
1,2023-06-24,485.31,residential,India
1,2023-06-25,498.49,residential,India
1,2023-06-26,493.07,residential,India
1,2023-06-27,508.17,residential,India
1,2023-06-28,513.99,residential,India
1,2023-06-29,491.08,residential,India
1,2023-06-30,510.3,residential,India
1,2023-07-01,491.73,residential,India
1,2023-07-02,531.92,residential,India
1,2023-07-03,502.25,residential,India
1,2023-07-04,485.44,residential,India
1,2023-07-05,443.52,residential,India
1,2023-07-06,501.42,residential,India
1,2023-07-07,521.41,residential,India
1,2023-07-08,490.34,residential,India
1,2023-07-09,534.26,residential,India
1,2023-07-10,519.72,residential,India
1,2023-07-11,542.11,residential,India
1,2023-07-12,469.91,residential,India
1,2023-07-13,524.28,residential,India
1,2023-07-14,529.46,residential,India
1,2023-07-15,520.11,residential,India
1,2023-07-16,490.18,residential,India
1,2023-07-17,527.71,residential,India
1,2023-07-18,493.04,residential,India
1,2023-07-19,503.68,residential,India
1,2023-07-20,512.7,residential,India
1,2023-07-21,523.39,residential,India
1,2023-07-22,457.22,residential,India
1,2023-07-23,496.56,residential,India
1,2023-07-24,511.54,residential,India
1,2023-07-25,466.1,residential,India
1,2023-07-26,450.1,residential,India
1,2023-07-27,497.73,residential,India
1,2023-07-28,514.7,residential,India
1,2023-07-29,523.61,residential,India
1,2023-07-30,495.83,residential,India
1,2023-07-31,519.71,residential,India
1,2023-08-01,543.03,residential,India
1,2023-08-02,509.22,residential,India
1,2023-08-03,500.91,residential,India
1,2023-08-04,474.45,residential,India
1,2023-08-05,500.27,residential,India
1,2023-08-06,508.02,residential,India
1,2023-08-07,484.72,residential,India
1,2023-08-08,515.31,residential,India
1,2023-08-09,459.72,residential,India
1,2023-08-10,480.68,residential,India
1,2023-08-11,481.38,residential,India
1,2023-08-12,498.4,residential,India
1,2023-08-13,515.76,residential,India
1,2023-08-14,496.24,residential,India
1,2023-08-15,484.59,residential,India
1,2023-08-16,535.71,residential,India
1,2023-08-17,494.61,residential,India
1,2023-08-18,514.6,residential,India
1,2023-08-19,528.15,residential,India
1,2023-08-20,487.68,residential,India
1,2023-08-21,496.13,residential,India
1,2023-08-22,485.02,residential,India
1,2023-08-23,511.39,residential,India
1,2023-08-24,518.68,residential,India
1,2023-08-25,525.37,residential,India
1,2023-08-26,522.24,residential,India
1,2023-08-27,499.26,residential,India
1,2023-08-28,529.45,residential,India
1,2023-08-29,507.98,residential,India
1,2023-08-30,503.75,residential,India
1,2023-08-31,475.48,residential,India
1,2023-09-01,516.31,residential,India
1,2023-09-02,487.51,residential,India
1,2023-09-03,461.0,residential,India
1,2023-09-04,450.36,residential,India
1,2023-09-05,478.24,residential,India
1,2023-09-06,467.66,residential,India
1,2023-09-07,463.73,residential,India
1,2023-09-08,517.45,residential,India
1,2023-09-09,532.28,residential,India
1,2023-09-10,509.15,residential,India
1,2023-09-11,495.53,residential,India
1,2023-09-12,483.6,residential,India
1,2023-09-13,478.46,residential,India
1,2023-09-14,494.59,residential,India
1,2023-09-15,511.69,residential,India
1,2023-09-16,514.52,residential,India
1,2023-09-17,464.99,residential,India
1,2023-09-18,432.69,residential,India
1,2023-09-19,469.58,residential,India
1,2023-09-20,503.37,residential,India
1,2023-09-21,441.71,residential,India
1,2023-09-22,477.84,residential,India
1,2023-09-23,463.18,residential,India
1,2023-09-24,508.22,residential,India
1,2023-09-25,455.49,residential,India
1,2023-09-26,471.71,residential,India
1,2023-09-27,472.29,residential,India
1,2023-09-28,486.79,residential,India
1,2023-09-29,498.65,residential,India
1,2023-09-30,485.73,residential,India
1,2023-10-01,482.32,residential,India
1,2023-10-02,503.1,residential,India
1,2023-10-03,542.93,residential,India
1,2023-10-04,514.32,residential,India
1,2023-10-05,476.36,residential,India
1,2023-10-06,485.91,residential,India
1,2023-10-07,507.12,residential,India
1,2023-10-08,454.83,residential,India
1,2023-10-09,526.45,residential,India
1,2023-10-10,534.34,residential,India
1,2023-10-11,475.33,residential,India
1,2023-10-12,521.67,residential,India
1,2023-10-13,457.62,residential,India
1,2023-10-14,475.95,residential,India
1,2023-10-15,478.34,residential,India
1,2023-10-16,481.37,residential,India
1,2023-10-17,500.89,residential,India
1,2023-10-18,453.93,residential,India
1,2023-10-19,476.83,residential,India
1,2023-10-20,502.08,residential,India
1,2023-10-21,493.23,residential,India
1,2023-10-22,480.28,residential,India
1,2023-10-23,524.68,residential,India
1,2023-10-24,475.72,residential,India
1,2023-10-25,500.93,residential,India
1,2023-10-26,481.81,residential,India
1,2023-10-27,505.24,residential,India
1,2023-10-28,439.99,residential,India
1,2023-10-29,466.98,residential,India
1,2023-10-30,492.58,residential,India
1,2023-10-31,492.53,residential,India
1,2023-11-01,494.11,residential,India
1,2023-11-02,484.94,residential,India
1,2023-11-03,503.73,residential,India
1,2023-11-04,487.56,residential,India
1,2023-11-05,476.27,residential,India
1,2023-11-06,490.27,residential,India
1,2023-11-07,465.2,residential,India
1,2023-11-08,480.14,residential,India
1,2023-11-09,444.22,residential,India
1,2023-11-10,480.11,residential,India
1,2023-11-11,470.32,residential,India
1,2023-11-12,520.83,residential,India
1,2023-11-13,506.96,residential,India
1,2023-11-14,482.46,residential,India
1,2023-11-15,460.42,residential,India
1,2023-11-16,493.45,residential,India
1,2023-11-17,482.95,residential,India
1,2023-11-18,481.2,residential,India
1,2023-11-19,488.9,residential,India
1,2023-11-20,490.72,residential,India
1,2023-11-21,503.11,residential,India
1,2023-11-22,497.71,residential,India
1,2023-11-23,498.38,residential,India
1,2023-11-24,461.57,residential,India
1,2023-11-25,485.47,residential,India
1,2023-11-26,501.97,residential,India
1,2023-11-27,446.88,residential,India
1,2023-11-28,473.45,residential,India
1,2023-11-29,434.08,residential,India
1,2023-11-30,455.03,residential,India
1,2023-12-01,475.39,residential,India
1,2023-12-02,515.34,residential,India
1,2023-12-03,495.41,residential,India
1,2023-12-04,508.02,residential,India
1,2023-12-05,463.1,residential,India
1,2023-12-06,489.67,residential,India
1,2023-12-07,464.9,residential,India
1,2023-12-08,448.35,residential,India
1,2023-12-09,444.84,residential,India
1,2023-12-10,475.87,residential,India
1,2023-12-11,475.65,residential,India
1,2023-12-12,515.04,residential,India
1,2023-12-13,447.44,residential,India
1,2023-12-14,457.8,residential,India
1,2023-12-15,436.74,residential,India
1,2023-12-16,516.16,residential,India
1,2023-12-17,471.18,residential,India
1,2023-12-18,480.02,residential,India
1,2023-12-19,437.63,residential,India
1,2023-12-20,422.85,residential,India
1,2023-12-21,463.68,residential,India
1,2023-12-22,484.37,residential,India
1,2023-12-23,488.96,residential,India
1,2023-12-24,451.92,residential,India
1,2023-12-25,476.98,residential,India
1,2023-12-26,447.01,residential,India
1,2023-12-27,466.44,residential,India
1,2023-12-28,467.09,residential,India
1,2023-12-29,472.43,residential,India
1,2023-12-30,479.56,residential,India
1,2023-12-31,462.77,residential,India
1,2024-01-01,434.97,residential,India
1,2024-01-02,447.44,residential,India
1,2024-01-03,450.76,residential,India
1,2024-01-04,440.99,residential,India
1,2024-01-05,459.74,residential,India
1,2024-01-06,476.96,residential,India
1,2024-01-07,452.5,residential,India
1,2024-01-08,436.73,residential,India
1,2024-01-09,435.83,residential,India
1,2024-01-10,488.68,residential,India
1,2024-01-11,439.11,residential,India
1,2024-01-12,512.84,residential,India
1,2024-01-13,512.1,residential,India
1,2024-01-14,465.74,residential,India
1,2024-01-15,465.9,residential,India
1,2024-01-16,466.93,residential,India
1,2024-01-17,518.2,residential,India
1,2024-01-18,433.85,residential,India
1,2024-01-19,458.75,residential,India
1,2024-01-20,471.36,residential,India
1,2024-01-21,449.22,residential,India
1,2024-01-22,452.04,residential,India
1,2024-01-23,471.39,residential,India
1,2024-01-24,497.75,residential,India
1,2024-01-25,456.16,residential,India
1,2024-01-26,458.68,residential,India
1,2024-01-27,481.72,residential,India
1,2024-01-28,473.95,residential,India
1,2024-01-29,464.87,residential,India
1,2024-01-30,464.24,residential,India
1,2024-01-31,478.07,residential,India
1,2024-02-01,450.02,residential,India
1,2024-02-02,473.18,residential,India
1,2024-02-03,447.01,residential,India
1,2024-02-04,438.05,residential,India
1,2024-02-05,489.6,residential,India
1,2024-02-06,457.12,residential,India
1,2024-02-07,474.36,residential,India
1,2024-02-08,468.72,residential,India
1,2024-02-09,455.59,residential,India
1,2024-02-10,509.79,residential,India
1,2024-02-11,459.99,residential,India
1,2024-02-12,481.14,residential,India
1,2024-02-13,453.95,residential,India
1,2024-02-14,453.36,residential,India
1,2024-02-15,462.46,residential,India
1,2024-02-16,483.96,residential,India
1,2024-02-17,435.98,residential,India
1,2024-02-18,437.14,residential,India
1,2024-02-19,470.28,residential,India
1,2024-02-20,424.05,residential,India
1,2024-02-21,470.68,residential,India
1,2024-02-22,452.82,residential,India
1,2024-02-23,438.65,residential,India
1,2024-02-24,468.03,residential,India
1,2024-02-25,439.7,residential,India
1,2024-02-26,435.14,residential,India
1,2024-02-27,433.87,residential,India
1,2024-02-28,482.4,residential,India
1,2024-02-29,463.4,residential,India
1,2024-03-01,483.78,residential,India
1,2024-03-02,453.82,residential,India
1,2024-03-03,459.16,residential,India
1,2024-03-04,463.32,residential,India
1,2024-03-05,441.44,residential,India
1,2024-03-06,485.69,residential,India
1,2024-03-07,468.31,residential,India
1,2024-03-08,469.05,residential,India
1,2024-03-09,452.05,residential,India
1,2024-03-10,496.27,residential,India
1,2024-03-11,410.95,residential,India
1,2024-03-12,454.45,residential,India
1,2024-03-13,444.04,residential,India
1,2024-03-14,440.15,residential,India
1,2024-03-15,447.46,residential,India
1,2024-03-16,459.93,residential,India
1,2024-03-17,458.42,residential,India
1,2024-03-18,470.21,residential,India
1,2024-03-19,447.59,residential,India
1,2024-03-20,458.45,residential,India
1,2024-03-21,440.06,residential,India
1,2024-03-22,423.53,residential,India
1,2024-03-23,428.53,residential,India
1,2024-03-24,412.55,residential,India
1,2024-03-25,440.18,residential,India
1,2024-03-26,466.69,residential,India
1,2024-03-27,455.9,residential,India
1,2024-03-28,434.77,residential,India
1,2024-03-29,399.11,residential,India
1,2024-03-30,452.3,residential,India
1,2024-03-31,429.4,residential,India
1,2024-04-01,416.85,residential,India
1,2024-04-02,421.83,residential,India
1,2024-04-03,428.22,residential,India
1,2024-04-04,433.24,residential,India
1,2024-04-05,450.47,residential,India
1,2024-04-06,444.75,residential,India
1,2024-04-07,431.64,residential,India
1,2024-04-08,430.6,residential,India
1,2024-04-09,477.16,residential,India
1,2024-04-10,439.63,residential,India
1,2024-04-11,451.78,residential,India
1,2024-04-12,433.83,residential,India
1,2024-04-13,435.27,residential,India
1,2024-04-14,420.75,residential,India
1,2024-04-15,445.89,residential,India
1,2024-04-16,456.93,residential,India
1,2024-04-17,426.88,residential,India
1,2024-04-18,430.12,residential,India
1,2024-04-19,441.76,residential,India
1,2024-04-20,467.95,residential,India
1,2024-04-21,445.46,residential,India
1,2024-04-22,437.94,residential,India
1,2024-04-23,462.04,residential,India
1,2024-04-24,450.92,residential,India
1,2024-04-25,444.52,residential,India
1,2024-04-26,439.5,residential,India
1,2024-04-27,418.36,residential,India
1,2024-04-28,445.03,residential,India
1,2024-04-29,473.44,residential,India
1,2024-04-30,434.6,residential,India
1,2024-05-01,424.36,residential,India
1,2024-05-02,462.94,residential,India
1,2024-05-03,470.88,residential,India
1,2024-05-04,476.51,residential,India
1,2024-05-05,440.57,residential,India
1,2024-05-06,409.11,residential,India
1,2024-05-07,447.83,residential,India
1,2024-05-08,408.84,residential,India
1,2024-05-09,460.26,residential,India
1,2024-05-10,452.24,residential,India
1,2024-05-11,477.7,residential,India
1,2024-05-12,440.37,residential,India
1,2024-05-13,444.61,residential,India
1,2024-05-14,423.57,residential,India
1,2024-05-15,440.3,residential,India
1,2024-05-16,459.48,residential,India
1,2024-05-17,432.97,residential,India
1,2024-05-18,420.96,residential,India
1,2024-05-19,428.91,residential,India
1,2024-05-20,404.48,residential,India
1,2024-05-21,451.88,residential,India
1,2024-05-22,432.48,residential,India
1,2024-05-23,464.66,residential,India
1,2024-05-24,436.24,residential,India
1,2024-05-25,451.91,residential,India
1,2024-05-26,428.75,residential,India
1,2024-05-27,433.85,residential,India
1,2024-05-28,437.06,residential,India
1,2024-05-29,447.89,residential,India
1,2024-05-30,425.95,residential,India
1,2024-05-31,431.56,residential,India
1,2024-06-01,450.12,residential,India
1,2024-06-02,456.04,residential,India
1,2024-06-03,459.56,residential,India
1,2024-06-04,459.82,residential,India
1,2024-06-05,454.95,residential,India
1,2024-06-06,421.26,residential,India
1,2024-06-07,449.26,residential,India
1,2024-06-08,371.3,residential,India
1,2024-06-09,428.54,residential,India
1,2024-06-10,431.23,residential,India
1,2024-06-11,441.19,residential,India
1,2024-06-12,404.93,residential,India
1,2024-06-13,403.85,residential,India
1,2024-06-14,415.97,residential,India
1,2024-06-15,423.17,residential,India
1,2024-06-16,373.09,residential,India
1,2024-06-17,421.01,residential,India
1,2024-06-18,452.11,residential,India
1,2024-06-19,419.89,residential,India
1,2024-06-20,415.38,residential,India
1,2024-06-21,422.55,residential,India
1,2024-06-22,450.44,residential,India
1,2024-06-23,402.56,residential,India
1,2024-06-24,433.03,residential,India
1,2024-06-25,409.64,residential,India
1,2024-06-26,458.78,residential,India
1,2024-06-27,421.47,residential,India
1,2024-06-28,417.78,residential,India
1,2024-06-29,407.13,residential,India
1,2024-06-30,455.19,residential,India
1,2024-07-01,384.61,residential,India
1,2024-07-02,430.23,residential,India
1,2024-07-03,414.89,residential,India
1,2024-07-04,425.99,residential,India
1,2024-07-05,402.2,residential,India
1,2024-07-06,454.41,residential,India
1,2024-07-07,398.46,residential,India
1,2024-07-08,407.19,residential,India
1,2024-07-09,449.2,residential,India
1,2024-07-10,429.1,residential,India
1,2024-07-11,410.43,residential,India
1,2024-07-12,425.7,residential,India
1,2024-07-13,414.86,residential,India
1,2024-07-14,417.28,residential,India
1,2024-07-15,446.9,residential,India
1,2024-07-16,415.41,residential,India
1,2024-07-17,398.74,residential,India
1,2024-07-18,425.99,residential,India
1,2024-07-19,415.15,residential,India
1,2024-07-20,454.05,residential,India
1,2024-07-21,430.01,residential,India
1,2024-07-22,439.86,residential,India
1,2024-07-23,448.76,residential,India
1,2024-07-24,399.63,residential,India
1,2024-07-25,416.66,residential,India
1,2024-07-26,400.87,residential,India
1,2024-07-27,430.26,residential,India
1,2024-07-28,426.25,residential,India
1,2024-07-29,440.82,residential,India
1,2024-07-30,439.65,residential,India
1,2024-07-31,410.25,residential,India
1,2024-08-01,447.8,residential,India
1,2024-08-02,428.59,residential,India
1,2024-08-03,392.54,residential,India
1,2024-08-04,393.84,residential,India
1,2024-08-05,398.55,residential,India
1,2024-08-06,414.99,residential,India
1,2024-08-07,411.21,residential,India
1,2024-08-08,401.87,residential,India
1,2024-08-09,431.14,residential,India
1,2024-08-10,411.76,residential,India
1,2024-08-11,407.68,residential,India
1,2024-08-12,436.02,residential,India
1,2024-08-13,410.09,residential,India
1,2024-08-14,387.08,residential,India
1,2024-08-15,419.33,residential,India
1,2024-08-16,408.32,residential,India
1,2024-08-17,380.66,residential,India
1,2024-08-18,433.36,residential,India
1,2024-08-19,394.29,residential,India
1,2024-08-20,415.48,residential,India
1,2024-08-21,441.49,residential,India
1,2024-08-22,442.06,residential,India
1,2024-08-23,401.21,residential,India
1,2024-08-24,378.05,residential,India
1,2024-08-25,400.24,residential,India
1,2024-08-26,457.29,residential,India
1,2024-08-27,436.22,residential,India
1,2024-08-28,432.42,residential,India
1,2024-08-29,448.34,residential,India
1,2024-08-30,406.82,residential,India
1,2024-08-31,414.75,residential,India
1,2024-09-01,422.37,residential,India
1,2024-09-02,414.48,residential,India
1,2024-09-03,415.67,residential,India
1,2024-09-04,396.11,residential,India
1,2024-09-05,406.58,residential,India
1,2024-09-06,415.85,residential,India
1,2024-09-07,412.36,residential,India
1,2024-09-08,478.09,residential,India
1,2024-09-09,409.65,residential,India
1,2024-09-10,401.15,residential,India
1,2024-09-11,413.84,residential,India
1,2024-09-12,412.35,residential,India
1,2024-09-13,409.41,residential,India
1,2024-09-14,399.65,residential,India
1,2024-09-15,427.16,residential,India
1,2024-09-16,405.29,residential,India
1,2024-09-17,399.25,residential,India
1,2024-09-18,390.19,residential,India
1,2024-09-19,435.54,residential,India
1,2024-09-20,445.93,residential,India
1,2024-09-21,427.53,residential,India
1,2024-09-22,449.25,residential,India
1,2024-09-23,430.57,residential,India
1,2024-09-24,433.1,residential,India
1,2024-09-25,418.16,residential,India
1,2024-09-26,418.11,residential,India
1,2024-09-27,420.54,residential,India
1,2024-09-28,418.6,residential,India
1,2024-09-29,435.97,residential,India
1,2024-09-30,416.59,residential,India
1,2024-10-01,384.98,residential,India
1,2024-10-02,440.97,residential,India
1,2024-10-03,462.1,residential,India
1,2024-10-04,428.46,residential,India
1,2024-10-05,429.66,residential,India
1,2024-10-06,426.61,residential,India
1,2024-10-07,407.24,residential,India
1,2024-10-08,418.03,residential,India
1,2024-10-09,403.44,residential,India
1,2024-10-10,392.65,residential,India
1,2024-10-11,399.3,residential,India
1,2024-10-12,411.39,residential,India
1,2024-10-13,418.93,residential,India
1,2024-10-14,415.97,residential,India
1,2024-10-15,425.66,residential,India
1,2024-10-16,404.29,residential,India
1,2024-10-17,412.07,residential,India
1,2024-10-18,442.31,residential,India
1,2024-10-19,417.76,residential,India
1,2024-10-20,428.57,residential,India
1,2024-10-21,416.2,residential,India
1,2024-10-22,406.99,residential,India
1,2024-10-23,440.82,residential,India
1,2024-10-24,424.84,residential,India
1,2024-10-25,381.51,residential,India
1,2024-10-26,406.08,residential,India
1,2024-10-27,416.11,residential,India
1,2024-10-28,446.77,residential,India
1,2024-10-29,428.48,residential,India
1,2024-10-30,400.19,residential,India
1,2024-10-31,466.01,residential,India
1,2024-11-01,423.3,residential,India
1,2024-11-02,436.35,residential,India
1,2024-11-03,422.46,residential,India
1,2024-11-04,415.12,residential,India
1,2024-11-05,434.3,residential,India
1,2024-11-06,405.66,residential,India
1,2024-11-07,423.85,residential,India
1,2024-11-08,426.15,residential,India
1,2024-11-09,450.23,residential,India
1,2024-11-10,414.25,residential,India
1,2024-11-11,444.63,residential,India
1,2024-11-12,417.84,residential,India
1,2024-11-13,415.91,residential,India
1,2024-11-14,424.88,residential,India
1,2024-11-15,428.89,residential,India
1,2024-11-16,428.92,residential,India
1,2024-11-17,394.89,residential,India
1,2024-11-18,413.36,residential,India
1,2024-11-19,435.03,residential,India
1,2024-11-20,430.58,residential,India
1,2024-11-21,422.38,residential,India
1,2024-11-22,385.24,residential,India
1,2024-11-23,415.91,residential,India
1,2024-11-24,418.25,residential,India
1,2024-11-25,400.22,residential,India
1,2024-11-26,440.35,residential,India
1,2024-11-27,452.65,residential,India
1,2024-11-28,421.35,residential,India
1,2024-11-29,418.16,residential,India
1,2024-11-30,443.63,residential,India
1,2024-12-01,448.45,residential,India
1,2024-12-02,440.42,residential,India
1,2024-12-03,427.64,residential,India
1,2024-12-04,394.88,residential,India
1,2024-12-05,382.97,residential,India
1,2024-12-06,401.86,residential,India
1,2024-12-07,409.38,residential,India
1,2024-12-08,433.65,residential,India
1,2024-12-09,436.44,residential,India
1,2024-12-10,451.99,residential,India
1,2024-12-11,366.03,residential,India
1,2024-12-12,424.82,residential,India
1,2024-12-13,407.52,residential,India
1,2024-12-14,433.34,residential,India
1,2024-12-15,390.66,residential,India
1,2024-12-16,398.35,residential,India
1,2024-12-17,425.74,residential,India
1,2024-12-18,392.81,residential,India
1,2024-12-19,438.08,residential,India
1,2024-12-20,419.28,residential,India
1,2024-12-21,382.92,residential,India
1,2024-12-22,461.88,residential,India
1,2024-12-23,428.01,residential,India
1,2024-12-24,386.8,residential,India
1,2024-12-25,423.87,residential,India
1,2024-12-26,394.5,residential,India
1,2024-12-27,407.18,residential,India
1,2024-12-28,444.42,residential,India
1,2024-12-29,415.58,residential,India
1,2024-12-30,409.32,residential,India
1,2024-12-31,458.09,residential,India
1,2025-01-01,439.29,residential,India
1,2025-01-02,453.59,residential,India
1,2025-01-03,423.26,residential,India
1,2025-01-04,434.94,residential,India
1,2025-01-05,412.25,residential,India
1,2025-01-06,457.16,residential,India
1,2025-01-07,435.4,residential,India
1,2025-01-08,444.46,residential,India
1,2025-01-09,440.05,residential,India
1,2025-01-10,446.76,residential,India
1,2025-01-11,404.99,residential,India
1,2025-01-12,404.07,residential,India
1,2025-01-13,414.64,residential,India
1,2025-01-14,403.77,residential,India
1,2025-01-15,401.95,residential,India
1,2025-01-16,406.12,residential,India
1,2025-01-17,437.24,residential,India
1,2025-01-18,444.06,residential,India
1,2025-01-19,408.3,residential,India
1,2025-01-20,435.85,residential,India
1,2025-01-21,425.38,residential,India
1,2025-01-22,447.84,residential,India
1,2025-01-23,440.77,residential,India
1,2025-01-24,453.25,residential,India
1,2025-01-25,455.87,residential,India
1,2025-01-26,432.98,residential,India
1,2025-01-27,394.76,residential,India
1,2025-01-28,414.66,residential,India
1,2025-01-29,409.95,residential,India
1,2025-01-30,464.91,residential,India
1,2025-01-31,424.47,residential,India
1,2025-02-01,447.85,residential,India
1,2025-02-02,444.97,residential,India
1,2025-02-03,457.93,residential,India
1,2025-02-04,435.23,residential,India
1,2025-02-05,398.87,residential,India
1,2025-02-06,431.86,residential,India
1,2025-02-07,411.82,residential,India
1,2025-02-08,421.49,residential,India
1,2025-02-09,461.6,residential,India
1,2025-02-10,416.57,residential,India
1,2025-02-11,455.84,residential,India
1,2025-02-12,413.19,residential,India
1,2025-02-13,455.96,residential,India
1,2025-02-14,455.46,residential,India
1,2025-02-15,398.09,residential,India
1,2025-02-16,434.01,residential,India
1,2025-02-17,454.66,residential,India
1,2025-02-18,424.55,residential,India
1,2025-02-19,422.21,residential,India
1,2025-02-20,428.51,residential,India
1,2025-02-21,416.73,residential,India
1,2025-02-22,431.83,residential,India
1,2025-02-23,451.85,residential,India
1,2025-02-24,407.13,residential,India
1,2025-02-25,459.84,residential,India
1,2025-02-26,425.21,residential,India
1,2025-02-27,450.55,residential,India
1,2025-02-28,433.53,residential,India
1,2025-03-01,439.79,residential,India
1,2025-03-02,473.73,residential,India
1,2025-03-03,423.05,residential,India
1,2025-03-04,468.87,residential,India
1,2025-03-05,442.08,residential,India
1,2025-03-06,469.24,residential,India
1,2025-03-07,465.18,residential,India
1,2025-03-08,455.56,residential,India
1,2025-03-09,426.97,residential,India
1,2025-03-10,484.63,residential,India
1,2025-03-11,449.37,residential,India
1,2025-03-12,449.3,residential,India
1,2025-03-13,449.75,residential,India
1,2025-03-14,442.46,residential,India
1,2025-03-15,442.48,residential,India
1,2025-03-16,414.43,residential,India
1,2025-03-17,422.7,residential,India
1,2025-03-18,451.92,residential,India
1,2025-03-19,455.41,residential,India
1,2025-03-20,438.64,residential,India
1,2025-03-21,411.21,residential,India
1,2025-03-22,449.24,residential,India
1,2025-03-23,476.55,residential,India
1,2025-03-24,432.98,residential,India
1,2025-03-25,456.19,residential,India
1,2025-03-26,420.05,residential,India
1,2025-03-27,469.55,residential,India
1,2025-03-28,465.52,residential,India
1,2025-03-29,445.0,residential,India
1,2025-03-30,454.27,residential,India
1,2025-03-31,419.35,residential,India
1,2025-04-01,435.82,residential,India
1,2025-04-02,440.23,residential,India
1,2025-04-03,429.41,residential,India
1,2025-04-04,436.75,residential,India
1,2025-04-05,448.84,residential,India
1,2025-04-06,450.66,residential,India
1,2025-04-07,490.6,residential,India
1,2025-04-08,472.4,residential,India
1,2025-04-09,445.49,residential,India
1,2025-04-10,461.98,residential,India
1,2025-04-11,449.9,residential,India
1,2025-04-12,455.77,residential,India
1,2025-04-13,449.12,residential,India
1,2025-04-14,449.59,residential,India
1,2025-04-15,468.43,residential,India
1,2025-04-16,485.61,residential,India
1,2025-04-17,458.04,residential,India
1,2025-04-18,459.74,residential,India
1,2025-04-19,453.38,residential,India
1,2025-04-20,438.61,residential,India
1,2025-04-21,463.92,residential,India
1,2025-04-22,447.89,residential,India
1,2025-04-23,443.09,residential,India
1,2025-04-24,482.67,residential,India
1,2025-04-25,459.84,residential,India
1,2025-04-26,433.34,residential,India
1,2025-04-27,427.1,residential,India
1,2025-04-28,465.01,residential,India
1,2025-04-29,458.31,residential,India
1,2025-04-30,490.0,residential,India
1,2025-05-01,465.32,residential,India
1,2025-05-02,485.1,residential,India
1,2025-05-03,468.98,residential,India
1,2025-05-04,484.09,residential,India
1,2025-05-05,434.73,residential,India
1,2025-05-06,485.1,residential,India
1,2025-05-07,466.82,residential,India
1,2025-05-08,483.15,residential,India
1,2025-05-09,454.02,residential,India
1,2025-05-10,456.31,residential,India
1,2025-05-11,482.8,residential,India
1,2025-05-12,444.67,residential,India
1,2025-05-13,479.93,residential,India
1,2025-05-14,424.65,residential,India
1,2025-05-15,505.0,residential,India
1,2025-05-16,474.37,residential,India
1,2025-05-17,467.78,residential,India
1,2025-05-18,464.81,residential,India
1,2025-05-19,476.61,residential,India
1,2025-05-20,465.58,residential,India
1,2025-05-21,428.08,residential,India
1,2025-05-22,476.99,residential,India
1,2025-05-23,476.98,residential,India
1,2025-05-24,425.26,residential,India
1,2025-05-25,470.02,residential,India
1,2025-05-26,508.89,residential,India
1,2025-05-27,478.25,residential,India
1,2025-05-28,436.08,residential,India
1,2025-05-29,481.08,residential,India
1,2025-05-30,484.16,residential,India
1,2025-05-31,436.39,residential,India
1,2025-06-01,440.77,residential,India
1,2025-06-02,477.02,residential,India
1,2025-06-03,481.73,residential,India
1,2025-06-04,480.09,residential,India
1,2025-06-05,482.41,residential,India
1,2025-06-06,474.22,residential,India
1,2025-06-07,492.33,residential,India
1,2025-06-08,491.22,residential,India
1,2025-06-09,509.49,residential,India
1,2025-06-10,479.35,residential,India
1,2025-06-11,452.86,residential,India
1,2025-06-12,489.29,residential,India
1,2025-06-13,488.2,residential,India
1,2025-06-14,455.31,residential,India
1,2025-06-15,514.73,residential,India
1,2025-06-16,493.77,residential,India
1,2025-06-17,488.67,residential,India
1,2025-06-18,480.77,residential,India
1,2025-06-19,444.74,residential,India
1,2025-06-20,465.01,residential,India
1,2025-06-21,475.94,residential,India
1,2025-06-22,478.62,residential,India
1,2025-06-23,516.2,residential,India
1,2025-06-24,491.34,residential,India
1,2025-06-25,476.92,residential,India
1,2025-06-26,459.42,residential,India
1,2025-06-27,452.43,residential,India
1,2025-06-28,480.03,residential,India
1,2025-06-29,447.54,residential,India
1,2025-06-30,465.66,residential,India
1,2025-07-01,465.68,residential,India
1,2025-07-02,498.41,residential,India
1,2025-07-03,463.97,residential,India
1,2025-07-04,493.63,residential,India
1,2025-07-05,484.17,residential,India
1,2025-07-06,470.79,residential,India
1,2025-07-07,491.48,residential,India
1,2025-07-08,446.16,residential,India
1,2025-07-09,496.62,residential,India
1,2025-07-10,487.42,residential,India
1,2025-07-11,467.86,residential,India
1,2025-07-12,504.38,residential,India
1,2025-07-13,468.12,residential,India
1,2025-07-14,503.95,residential,India
1,2025-07-15,494.36,residential,India
1,2025-07-16,480.68,residential,India
1,2025-07-17,478.58,residential,India
1,2025-07-18,491.13,residential,India
1,2025-07-19,488.19,residential,India
1,2025-07-20,474.46,residential,India
1,2025-07-21,523.8,residential,India
1,2025-07-22,495.92,residential,India
1,2025-07-23,491.94,residential,India
1,2025-07-24,478.87,residential,India
1,2025-07-25,480.61,residential,India
1,2025-07-26,460.55,residential,India
1,2025-07-27,496.88,residential,India
1,2025-07-28,500.51,residential,India
1,2025-07-29,499.86,residential,India
1,2025-07-30,512.59,residential,India
1,2025-07-31,498.87,residential,India
1,2025-08-01,512.62,residential,India
1,2025-08-02,491.9,residential,India
1,2025-08-03,429.59,residential,India
1,2025-08-04,522.36,residential,India
1,2025-08-05,473.36,residential,India
1,2025-08-06,483.04,residential,India
1,2025-08-07,483.57,residential,India
1,2025-08-08,495.7,residential,India
1,2025-08-09,504.2,residential,India
1,2025-08-10,533.32,residential,India
1,2025-08-11,515.77,residential,India
1,2025-08-12,496.54,residential,India
1,2025-08-13,518.94,residential,India
1,2025-08-14,485.59,residential,India
1,2025-08-15,483.6,residential,India
1,2025-08-16,491.88,residential,India
1,2025-08-17,516.88,residential,India
1,2025-08-18,516.7,residential,India
1,2025-08-19,483.38,residential,India
1,2025-08-20,524.2,residential,India
1,2025-08-21,483.91,residential,India
1,2025-08-22,513.31,residential,India
1,2025-08-23,487.18,residential,India
1,2025-08-24,493.01,residential,India
1,2025-08-25,500.82,residential,India
1,2025-08-26,483.06,residential,India
1,2025-08-27,535.46,residential,India
1,2025-08-28,504.19,residential,India
1,2025-08-29,497.38,residential,India
1,2025-08-30,452.65,residential,India
1,2025-08-31,486.73,residential,India
1,2025-09-01,529.98,residential,India
1,2025-09-02,508.03,residential,India
1,2025-09-03,528.48,residential,India
1,2025-09-04,515.83,residential,India
1,2025-09-05,516.92,residential,India
1,2025-09-06,503.76,residential,India
1,2025-09-07,528.94,residential,India
1,2025-09-08,467.23,residential,India
1,2025-09-09,504.34,residential,India
1,2025-09-10,510.32,residential,India
1,2025-09-11,518.21,residential,India
1,2025-09-12,515.97,residential,India
1,2025-09-13,487.47,residential,India
1,2025-09-14,494.14,residential,India
1,2025-09-15,511.71,residential,India
1,2025-09-16,535.63,residential,India
1,2025-09-17,509.92,residential,India
1,2025-09-18,500.37,residential,India
1,2025-09-19,522.67,residential,India
1,2025-09-20,507.94,residential,India
1,2025-09-21,531.89,residential,India
1,2025-09-22,506.23,residential,India
1,2025-09-23,536.74,residential,India
1,2025-09-24,530.17,residential,India
1,2025-09-25,538.0,residential,India
1,2025-09-26,454.56,residential,India
1,2025-09-27,534.16,residential,India
1,2025-09-28,508.56,residential,India
1,2025-09-29,491.71,residential,India
1,2025-09-30,550.39,residential,India
1,2025-10-01,493.55,residential,India
1,2025-10-02,511.94,residential,India
1,2025-10-03,496.24,residential,India
1,2025-10-04,530.48,residential,India
1,2025-10-05,547.53,residential,India
1,2025-10-06,540.87,residential,India
1,2025-10-07,494.93,residential,India
1,2025-10-08,511.44,residential,India
1,2025-10-09,527.36,residential,India
1,2025-10-10,513.35,residential,India
1,2025-10-11,504.31,residential,India
1,2025-10-12,532.23,residential,India
1,2025-10-13,543.26,residential,India
1,2025-10-14,523.32,residential,India
1,2025-10-15,562.69,residential,India
1,2025-10-16,512.15,residential,India
1,2025-10-17,531.91,residential,India
1,2025-10-18,500.25,residential,India
1,2025-10-19,518.54,residential,India
1,2025-10-20,530.73,residential,India
1,2025-10-21,525.46,residential,India
1,2025-10-22,519.48,residential,India
1,2025-10-23,527.09,residential,India
1,2025-10-24,547.41,residential,India
1,2025-10-25,538.74,residential,India
1,2025-10-26,515.98,residential,India
1,2025-10-27,514.97,residential,India
1,2025-10-28,533.45,residential,India
1,2025-10-29,502.94,residential,India
1,2025-10-30,538.72,residential,India
1,2025-10-31,563.85,residential,India
1,2025-11-01,514.12,residential,India
1,2025-11-02,543.63,residential,India
1,2025-11-03,517.57,residential,India
1,2025-11-04,514.74,residential,India
1,2025-11-05,499.18,residential,India
1,2025-11-06,528.4,residential,India
1,2025-11-07,522.94,residential,India
1,2025-11-08,524.57,residential,India
1,2025-11-09,489.07,residential,India
1,2025-11-10,533.63,residential,India
1,2025-11-11,524.37,residential,India
1,2025-11-12,504.93,residential,India
1,2025-11-13,511.67,residential,India
1,2025-11-14,496.22,residential,India
1,2025-11-15,526.61,residential,India
1,2025-11-16,514.35,residential,India
1,2025-11-17,499.39,residential,India
1,2025-11-18,505.66,residential,India
1,2025-11-19,526.76,residential,India
1,2025-11-20,495.01,residential,India
1,2025-11-21,505.54,residential,India
1,2025-11-22,514.49,residential,India
1,2025-11-23,504.42,residential,India
1,2025-11-24,538.16,residential,India
1,2025-11-25,532.89,residential,India
1,2025-11-26,551.56,residential,India
1,2025-11-27,544.31,residential,India
1,2025-11-28,533.36,residential,India
1,2025-11-29,539.38,residential,India
1,2025-11-30,541.15,residential,India
1,2025-12-01,500.43,residential,India
1,2025-12-02,533.56,residential,India
1,2025-12-03,495.42,residential,India
1,2025-12-04,531.98,residential,India
1,2025-12-05,521.5,residential,India
1,2025-12-06,560.62,residential,India
1,2025-12-07,541.51,residential,India
1,2025-12-08,518.95,residential,India
1,2025-12-09,542.27,residential,India
1,2025-12-10,533.01,residential,India
1,2025-12-11,512.34,residential,India
1,2025-12-12,534.99,residential,India
1,2025-12-13,525.76,residential,India
1,2025-12-14,514.69,residential,India
1,2025-12-15,538.3,residential,India
1,2025-12-16,531.6,residential,India
1,2025-12-17,511.07,residential,India
1,2025-12-18,517.32,residential,India
1,2025-12-19,499.78,residential,India
1,2025-12-20,529.37,residential,India
1,2025-12-21,509.6,residential,India
1,2025-12-22,522.27,residential,India
1,2025-12-23,542.62,residential,India
1,2025-12-24,539.89,residential,India
1,2025-12-25,533.38,residential,India
1,2025-12-26,546.48,residential,India
1,2025-12-27,532.97,residential,India
1,2025-12-28,519.18,residential,India
1,2025-12-29,515.88,residential,India
1,2025-12-30,539.01,residential,India
1,2025-12-31,549.17,residential,India
1,2026-01-01,540.28,residential,India
1,2026-01-02,517.67,residential,India
1,2026-01-03,525.84,residential,India
1,2026-01-04,509.17,residential,India
1,2026-01-05,529.84,residential,India
1,2026-01-06,522.99,residential,India
1,2026-01-07,543.1,residential,India
1,2026-01-08,558.29,residential,India
1,2026-01-09,519.87,residential,India
1,2026-01-10,526.82,residential,India
1,2026-01-11,544.7,residential,India
1,2026-01-12,546.13,residential,India
1,2026-01-13,533.85,residential,India
1,2026-01-14,541.19,residential,India
1,2026-01-15,551.57,residential,India
1,2026-01-16,521.34,residential,India
1,2026-01-17,580.31,residential,India
1,2026-01-18,537.44,residential,India
1,2026-01-19,517.99,residential,India
1,2026-01-20,552.42,residential,India
1,2026-01-21,565.1,residential,India
1,2026-01-22,551.16,residential,India
1,2026-01-23,573.89,residential,India
1,2026-01-24,551.12,residential,India
1,2026-01-25,529.82,residential,India
1,2026-01-26,516.9,residential,India
1,2026-01-27,548.77,residential,India
1,2026-01-28,518.13,residential,India
1,2026-01-29,554.43,residential,India
1,2026-01-30,560.67,residential,India
1,2026-01-31,549.65,residential,India
1,2026-02-01,500.22,residential,India
1,2026-02-02,509.34,residential,India
1,2026-02-03,543.75,residential,India
1,2026-02-04,504.3,residential,India
1,2026-02-05,537.84,residential,India
1,2026-02-06,532.48,residential,India
1,2026-02-07,550.01,residential,India
1,2026-02-08,529.17,residential,India
1,2026-02-09,565.82,residential,India
1,2026-02-10,522.07,residential,India
1,2026-02-11,548.72,residential,India
1,2026-02-12,537.9,residential,India
1,2026-02-13,525.69,residential,India
1,2026-02-14,540.12,residential,India
1,2026-02-15,566.49,residential,India
1,2026-02-16,569.05,residential,India
1,2026-02-17,565.35,residential,India
1,2026-02-18,531.85,residential,India
1,2026-02-19,526.17,residential,India
1,2026-02-20,537.19,residential,India
1,2026-02-21,526.96,residential,India
1,2026-02-22,543.85,residential,India
1,2026-02-23,557.4,residential,India
1,2026-02-24,552.05,residential,India
1,2026-02-25,550.46,residential,India
1,2026-02-26,514.69,residential,India
1,2026-02-27,519.58,residential,India
1,2026-02-28,539.32,residential,India
1,2026-03-01,542.16,residential,India
1,2026-03-02,558.59,residential,India
1,2026-03-03,583.29,residential,India
1,2026-03-04,544.4,residential,India
1,2026-03-05,563.64,residential,India
1,2026-03-06,545.96,residential,India
1,2026-03-07,541.6,residential,India
1,2026-03-08,569.84,residential,India
1,2026-03-09,577.93,residential,India
1,2026-03-10,562.7,residential,India
1,2026-03-11,550.98,residential,India
1,2026-03-12,506.51,residential,India
1,2026-03-13,543.42,residential,India
1,2026-03-14,557.65,residential,India
1,2026-03-15,568.0,residential,India
1,2026-03-16,544.16,residential,India
1,2026-03-17,546.97,residential,India
1,2026-03-18,546.01,residential,India
1,2026-03-19,544.15,residential,India
1,2026-03-20,543.58,residential,India
1,2026-03-21,579.37,residential,India
1,2026-03-22,595.02,residential,India
1,2026-03-23,553.06,residential,India
1,2026-03-24,521.01,residential,India
1,2026-03-25,523.67,residential,India
1,2026-03-26,552.56,residential,India
1,2026-03-27,529.22,residential,India
1,2026-03-28,541.53,residential,India
1,2026-03-29,534.33,residential,India
1,2026-03-30,527.85,residential,India
1,2026-03-31,528.07,residential,India
1,2026-04-01,526.49,residential,India
1,2026-04-02,577.82,residential,India
1,2026-04-03,515.5,residential,India
1,2026-04-04,527.19,residential,India
1,2026-04-05,533.33,residential,India
1,2026-04-06,548.68,residential,India
1,2026-04-07,529.15,residential,India
1,2026-04-08,559.15,residential,India
1,2026-04-09,538.63,residential,India
1,2026-04-10,538.31,residential,India
1,2026-04-11,544.7,residential,India
1,2026-04-12,540.5,residential,India
1,2026-04-13,551.1,residential,India
1,2026-04-14,522.67,residential,India
1,2026-04-15,568.62,residential,India
1,2026-04-16,544.04,residential,India
1,2026-04-17,531.01,residential,India
1,2026-04-18,511.84,residential,India
1,2026-04-19,552.3,residential,India
1,2026-04-20,539.86,residential,India
1,2026-04-21,569.16,residential,India
1,2026-04-22,524.74,residential,India
1,2026-04-23,514.25,residential,India
1,2026-04-24,565.2,residential,India
1,2026-04-25,584.58,residential,India
1,2026-04-26,519.98,residential,India
1,2026-04-27,546.71,residential,India
1,2026-04-28,566.71,residential,India
1,2026-04-29,501.84,residential,India
1,2026-04-30,548.44,residential,India
1,2026-05-01,516.68,residential,India
1,2026-05-02,532.64,residential,India
1,2026-05-03,534.74,residential,India
1,2026-05-04,569.06,residential,India
1,2026-05-05,535.87,residential,India
1,2026-05-06,509.8,residential,India
1,2026-05-07,561.63,residential,India
1,2026-05-08,549.05,residential,India
1,2026-05-09,515.07,residential,India
1,2026-05-10,546.1,residential,India
1,2026-05-11,582.92,residential,India
1,2026-05-12,554.76,residential,India
1,2026-05-13,536.52,residential,India
1,2026-05-14,512.01,residential,India
1,2026-05-15,520.34,residential,India
1,2026-05-16,562.09,residential,India
1,2026-05-17,550.49,residential,India
1,2026-05-18,564.81,residential,India
1,2026-05-19,536.59,residential,India
1,2026-05-20,497.85,residential,India
1,2026-05-21,515.78,residential,India
1,2026-05-22,530.12,residential,India
1,2026-05-23,503.94,residential,India
1,2026-05-24,546.56,residential,India
1,2026-05-25,533.61,residential,India
1,2026-05-26,527.15,residential,India
1,2026-05-27,552.13,residential,India
1,2026-05-28,546.17,residential,India
1,2026-05-29,533.12,residential,India
1,2026-05-30,553.28,residential,India
1,2026-05-31,535.49,residential,India
1,2026-06-01,522.3,residential,India
1,2026-06-02,535.67,residential,India
1,2026-06-03,540.06,residential,India
1,2026-06-04,516.27,residential,India
1,2026-06-05,525.73,residential,India
1,2026-06-06,563.05,residential,India
1,2026-06-07,529.17,residential,India
1,2026-06-08,533.13,residential,India
1,2026-06-09,527.96,residential,India
1,2026-06-10,504.63,residential,India
1,2026-06-11,549.26,residential,India
1,2026-06-12,546.06,residential,India
1,2026-06-13,547.58,residential,India
1,2026-06-14,529.78,residential,India
1,2026-06-15,490.7,residential,India
1,2026-06-16,531.48,residential,India
1,2026-06-17,504.33,residential,India
1,2026-06-18,513.94,residential,India
1,2026-06-19,551.08,residential,India
1,2026-06-20,568.04,residential,India
1,2026-06-21,540.66,residential,India
1,2026-06-22,508.49,residential,India
1,2026-06-23,547.49,residential,India
1,2026-06-24,537.92,residential,India
1,2026-06-25,538.13,residential,India
1,2026-06-26,519.92,residential,India
1,2026-06-27,552.49,residential,India
1,2026-06-28,525.18,residential,India
1,2026-06-29,563.72,residential,India
1,2026-06-30,525.25,residential,India
1,2026-07-01,522.74,residential,India
1,2026-07-02,541.01,residential,India
1,2026-07-03,513.82,residential,India
1,2026-07-04,513.33,residential,India
1,2026-07-05,513.42,residential,India
1,2026-07-06,521.62,residential,India
1,2026-07-07,512.75,residential,India
1,2026-07-08,541.16,residential,India
1,2026-07-09,513.29,residential,India
1,2026-07-10,543.49,residential,India
1,2026-07-11,511.13,residential,India
1,2026-07-12,523.15,residential,India
1,2026-07-13,561.14,residential,India
1,2026-07-14,518.25,residential,India
1,2026-07-15,513.82,residential,India
1,2026-07-16,552.36,residential,India
1,2026-07-17,522.63,residential,India
1,2026-07-18,493.55,residential,India
1,2026-07-19,527.26,residential,India
1,2026-07-20,520.65,residential,India
1,2026-07-21,532.57,residential,India
1,2026-07-22,502.75,residential,India
1,2026-07-23,500.18,residential,India
1,2026-07-24,518.49,residential,India
1,2026-07-25,552.9,residential,India
1,2026-07-26,526.83,residential,India
1,2026-07-27,535.76,residential,India
1,2026-07-28,555.24,residential,India
1,2026-07-29,527.04,residential,India
1,2026-07-30,527.0,residential,India
1,2026-07-31,513.55,residential,India
1,2026-08-01,545.97,residential,India
1,2026-08-02,547.17,residential,India
1,2026-08-03,552.5,residential,India
1,2026-08-04,520.51,residential,India
1,2026-08-05,506.35,residential,India
1,2026-08-06,526.74,residential,India
1,2026-08-07,506.3,residential,India
1,2026-08-08,545.4,residential,India
1,2026-08-09,537.15,residential,India
1,2026-08-10,534.47,residential,India
1,2026-08-11,495.14,residential,India
1,2026-08-12,466.46,residential,India
1,2026-08-13,521.09,residential,India
1,2026-08-14,488.94,residential,India
1,2026-08-15,491.31,residential,India
1,2026-08-16,517.68,residential,India
1,2026-08-17,503.32,residential,India
1,2026-08-18,499.37,residential,India
1,2026-08-19,495.92,residential,India
1,2026-08-20,509.91,residential,India
1,2026-08-21,551.77,residential,India
1,2026-08-22,504.73,residential,India
1,2026-08-23,543.49,residential,India
1,2026-08-24,510.34,residential,India
1,2026-08-25,494.65,residential,India
1,2026-08-26,499.03,residential,India
1,2026-08-27,521.04,residential,India
1,2026-08-28,504.94,residential,India
1,2026-08-29,528.43,residential,India
1,2026-08-30,538.27,residential,India
1,2026-08-31,548.19,residential,India
1,2026-09-01,528.41,residential,India
1,2026-09-02,559.56,residential,India
1,2026-09-03,527.08,residential,India
1,2026-09-04,508.82,residential,India
1,2026-09-05,484.1,residential,India
1,2026-09-06,513.82,residential,India
1,2026-09-07,493.91,residential,India
1,2026-09-08,497.37,residential,India
1,2026-09-09,528.95,residential,India
1,2026-09-10,506.36,residential,India
1,2026-09-11,512.94,residential,India
1,2026-09-12,552.89,residential,India
1,2026-09-13,513.69,residential,India
1,2026-09-14,538.06,residential,India
1,2026-09-15,520.97,residential,India
1,2026-09-16,532.82,residential,India
1,2026-09-17,489.0,residential,India
1,2026-09-18,537.77,residential,India
1,2026-09-19,457.21,residential,India
1,2026-09-20,488.12,residential,India
1,2026-09-21,528.7,residential,India
1,2026-09-22,526.49,residential,India
1,2026-09-23,519.64,residential,India
1,2026-09-24,506.73,residential,India
1,2026-09-25,556.81,residential,India
1,2026-09-26,502.8,residential,India
1,2026-09-27,487.48,residential,India
1,2026-09-28,529.98,residential,India
1,2026-09-29,515.92,residential,India
1,2026-09-30,506.48,residential,India
1,2026-10-01,486.71,residential,India
1,2026-10-02,470.73,residential,India
1,2026-10-03,516.12,residential,India
1,2026-10-04,506.5,residential,India
1,2026-10-05,506.21,residential,India
1,2026-10-06,506.12,residential,India
1,2026-10-07,496.22,residential,India
1,2026-10-08,504.89,residential,India
1,2026-10-09,518.92,residential,India
1,2026-10-10,501.86,residential,India
1,2026-10-11,492.77,residential,India
1,2026-10-12,475.85,residential,India
1,2026-10-13,513.41,residential,India
1,2026-10-14,494.58,residential,India
1,2026-10-15,497.38,residential,India
1,2026-10-16,495.93,residential,India
1,2026-10-17,475.58,residential,India
1,2026-10-18,461.72,residential,India
1,2026-10-19,498.99,residential,India
1,2026-10-20,506.59,residential,India
1,2026-10-21,507.28,residential,India
1,2026-10-22,512.05,residential,India
1,2026-10-23,490.15,residential,India
1,2026-10-24,476.51,residential,India
1,2026-10-25,481.26,residential,India
1,2026-10-26,506.27,residential,India
1,2026-10-27,498.17,residential,India
1,2026-10-28,486.8,residential,India
1,2026-10-29,513.91,residential,India
1,2026-10-30,505.84,residential,India
1,2026-10-31,483.66,residential,India
1,2026-11-01,495.56,residential,India
1,2026-11-02,500.52,residential,India
1,2026-11-03,549.55,residential,India
1,2026-11-04,479.86,residential,India
1,2026-11-05,482.7,residential,India
1,2026-11-06,525.31,residential,India
1,2026-11-07,447.96,residential,India
1,2026-11-08,492.76,residential,India
1,2026-11-09,500.68,residential,India
1,2026-11-10,514.27,residential,India
1,2026-11-11,512.71,residential,India
1,2026-11-12,505.85,residential,India
1,2026-11-13,480.15,residential,India
1,2026-11-14,465.47,residential,India
1,2026-11-15,503.6,residential,India
1,2026-11-16,464.47,residential,India
1,2026-11-17,499.91,residential,India
1,2026-11-18,506.03,residential,India
1,2026-11-19,471.48,residential,India
1,2026-11-20,499.89,residential,India
1,2026-11-21,480.75,residential,India
1,2026-11-22,479.79,residential,India
1,2026-11-23,493.68,residential,India
1,2026-11-24,502.6,residential,India
1,2026-11-25,474.33,residential,India
1,2026-11-26,471.5,residential,India
1,2026-11-27,525.13,residential,India
1,2026-11-28,522.0,residential,India
1,2026-11-29,507.79,residential,India
1,2026-11-30,507.65,residential,India
1,2026-12-01,501.4,residential,India
1,2026-12-02,486.4,residential,India
1,2026-12-03,464.78,residential,India
1,2026-12-04,482.18,residential,India
1,2026-12-05,526.18,residential,India
1,2026-12-06,477.52,residential,India
1,2026-12-07,492.03,residential,India
1,2026-12-08,480.87,residential,India
1,2026-12-09,505.15,residential,India
1,2026-12-10,522.69,residential,India
1,2026-12-11,470.74,residential,India
1,2026-12-12,518.11,residential,India
1,2026-12-13,484.96,residential,India
1,2026-12-14,512.01,residential,India
1,2026-12-15,513.15,residential,India
1,2026-12-16,500.84,residential,India
1,2026-12-17,489.93,residential,India
1,2026-12-18,479.65,residential,India
1,2026-12-19,499.42,residential,India
1,2026-12-20,509.28,residential,India
1,2026-12-21,429.75,residential,India
1,2026-12-22,467.65,residential,India
1,2026-12-23,492.59,residential,India
1,2026-12-24,492.53,residential,India
1,2026-12-25,503.88,residential,India
1,2026-12-26,527.03,residential,India
1,2026-12-27,503.53,residential,India
1,2026-12-28,472.2,residential,India
1,2026-12-29,517.41,residential,India
1,2026-12-30,492.31,residential,India
1,2026-12-31,471.47,residential,India
1,2027-01-01,495.22,residential,India
1,2027-01-02,515.81,residential,India
1,2027-01-03,489.82,residential,India
1,2027-01-04,477.3,residential,India
1,2027-01-05,500.71,residential,India
1,2027-01-06,442.07,residential,India
1,2027-01-07,474.16,residential,India
1,2027-01-08,495.54,residential,India
1,2027-01-09,454.11,residential,India
1,2027-01-10,496.27,residential,India
1,2027-01-11,496.22,residential,India
1,2027-01-12,508.36,residential,India
1,2027-01-13,476.68,residential,India
1,2027-01-14,506.37,residential,India
1,2027-01-15,488.38,residential,India
1,2027-01-16,485.04,residential,India
1,2027-01-17,499.65,residential,India
1,2027-01-18,500.46,residential,India
1,2027-01-19,507.07,residential,India
1,2027-01-20,495.59,residential,India
1,2027-01-21,506.12,residential,India
1,2027-01-22,456.47,residential,India
1,2027-01-23,483.34,residential,India
1,2027-01-24,479.54,residential,India
1,2027-01-25,473.99,residential,India
1,2027-01-26,453.98,residential,India
1,2027-01-27,475.04,residential,India
1,2027-01-28,464.95,residential,India
1,2027-01-29,461.71,residential,India
1,2027-01-30,478.0,residential,India
1,2027-01-31,466.31,residential,India
1,2027-02-01,462.24,residential,India
1,2027-02-02,462.76,residential,India
1,2027-02-03,454.75,residential,India
1,2027-02-04,498.8,residential,India
1,2027-02-05,470.94,residential,India
1,2027-02-06,471.5,residential,India
1,2027-02-07,461.49,residential,India
1,2027-02-08,458.08,residential,India
1,2027-02-09,459.46,residential,India
1,2027-02-10,462.43,residential,India
1,2027-02-11,473.53,residential,India
1,2027-02-12,464.82,residential,India
1,2027-02-13,490.53,residential,India
1,2027-02-14,493.12,residential,India
1,2027-02-15,437.27,residential,India
1,2027-02-16,442.84,residential,India
1,2027-02-17,469.9,residential,India
1,2027-02-18,463.08,residential,India
1,2027-02-19,453.55,residential,India
1,2027-02-20,479.88,residential,India
1,2027-02-21,475.99,residential,India
1,2027-02-22,458.01,residential,India
1,2027-02-23,478.46,residential,India
1,2027-02-24,483.9,residential,India
1,2027-02-25,425.66,residential,India
1,2027-02-26,504.94,residential,India
1,2027-02-27,450.37,residential,India
1,2027-02-28,504.44,residential,India
1,2027-03-01,434.26,residential,India
1,2027-03-02,444.89,residential,India
1,2027-03-03,475.45,residential,India
1,2027-03-04,469.58,residential,India
1,2027-03-05,470.39,residential,India
1,2027-03-06,458.35,residential,India
1,2027-03-07,449.76,residential,India
1,2027-03-08,446.7,residential,India
1,2027-03-09,480.76,residential,India
1,2027-03-10,511.6,residential,India
1,2027-03-11,476.05,residential,India
1,2027-03-12,454.94,residential,India
1,2027-03-13,464.97,residential,India
1,2027-03-14,479.85,residential,India
1,2027-03-15,461.66,residential,India
1,2027-03-16,423.26,residential,India
1,2027-03-17,463.2,residential,India
1,2027-03-18,482.85,residential,India
1,2027-03-19,451.52,residential,India
1,2027-03-20,484.6,residential,India
1,2027-03-21,477.52,residential,India
1,2027-03-22,451.57,residential,India
1,2027-03-23,502.3,residential,India
1,2027-03-24,468.81,residential,India
1,2027-03-25,479.14,residential,India
1,2027-03-26,467.37,residential,India
1,2027-03-27,470.13,residential,India
1,2027-03-28,430.51,residential,India
1,2027-03-29,479.27,residential,India
1,2027-03-30,437.46,residential,India
1,2027-03-31,439.37,residential,India
1,2027-04-01,480.63,residential,India
1,2027-04-02,494.68,residential,India
1,2027-04-03,462.22,residential,India
1,2027-04-04,477.99,residential,India
1,2027-04-05,481.36,residential,India
1,2027-04-06,527.88,residential,India
1,2027-04-07,447.6,residential,India
1,2027-04-08,507.53,residential,India
1,2027-04-09,463.5,residential,India
1,2027-04-10,516.61,residential,India
1,2027-04-11,468.43,residential,India
1,2027-04-12,471.74,residential,India
1,2027-04-13,497.25,residential,India
1,2027-04-14,472.06,residential,India
1,2027-04-15,450.28,residential,India
1,2027-04-16,475.96,residential,India
1,2027-04-17,441.09,residential,India
1,2027-04-18,456.29,residential,India
1,2027-04-19,458.56,residential,India
1,2027-04-20,456.7,residential,India
1,2027-04-21,487.09,residential,India
1,2027-04-22,462.74,residential,India
1,2027-04-23,502.14,residential,India
1,2027-04-24,463.31,residential,India
1,2027-04-25,472.14,residential,India
1,2027-04-26,446.22,residential,India
1,2027-04-27,471.37,residential,India
1,2027-04-28,480.59,residential,India
1,2027-04-29,485.91,residential,India
1,2027-04-30,475.05,residential,India
1,2027-05-01,503.94,residential,India
1,2027-05-02,445.64,residential,India
1,2027-05-03,470.83,residential,India
1,2027-05-04,489.04,residential,India
1,2027-05-05,502.74,residential,India
1,2027-05-06,412.77,residential,India
1,2027-05-07,457.57,residential,India
1,2027-05-08,446.17,residential,India
1,2027-05-09,478.83,residential,India
1,2027-05-10,465.66,residential,India
1,2027-05-11,463.71,residential,India
1,2027-05-12,429.34,residential,India
1,2027-05-13,475.37,residential,India
1,2027-05-14,471.9,residential,India
1,2027-05-15,487.55,residential,India
1,2027-05-16,464.58,residential,India
1,2027-05-17,432.55,residential,India
1,2027-05-18,486.97,residential,India
1,2027-05-19,467.24,residential,India
1,2027-05-20,436.97,residential,India
1,2027-05-21,480.87,residential,India
1,2027-05-22,452.37,residential,India
1,2027-05-23,484.14,residential,India
1,2027-05-24,476.78,residential,India
1,2027-05-25,470.55,residential,India
1,2027-05-26,495.14,residential,India
1,2027-05-27,411.9,residential,India
1,2027-05-28,463.29,residential,India
1,2027-05-29,454.97,residential,India
1,2027-05-30,496.79,residential,India
1,2027-05-31,428.35,residential,India
1,2027-06-01,446.52,residential,India
1,2027-06-02,420.54,residential,India
1,2027-06-03,460.52,residential,India
1,2027-06-04,439.09,residential,India
1,2027-06-05,460.17,residential,India
1,2027-06-06,466.39,residential,India
1,2027-06-07,435.64,residential,India
1,2027-06-08,447.3,residential,India
1,2027-06-09,501.15,residential,India
1,2027-06-10,440.04,residential,India
1,2027-06-11,427.94,residential,India
1,2027-06-12,447.2,residential,India
1,2027-06-13,453.84,residential,India
1,2027-06-14,459.45,residential,India
1,2027-06-15,452.96,residential,India
1,2027-06-16,461.41,residential,India
1,2027-06-17,475.93,residential,India
1,2027-06-18,445.07,residential,India
1,2027-06-19,455.01,residential,India
1,2027-06-20,449.92,residential,India
1,2027-06-21,486.6,residential,India
1,2027-06-22,490.6,residential,India
1,2027-06-23,437.54,residential,India
1,2027-06-24,436.26,residential,India
1,2027-06-25,470.3,residential,India
1,2027-06-26,442.49,residential,India
1,2027-06-27,442.86,residential,India
1,2027-06-28,433.77,residential,India
1,2027-06-29,452.77,residential,India
1,2027-06-30,463.95,residential,India
1,2027-07-01,452.46,residential,India
1,2027-07-02,448.44,residential,India
1,2027-07-03,426.33,residential,India
1,2027-07-04,450.32,residential,India
1,2027-07-05,426.27,residential,India
1,2027-07-06,485.16,residential,India
1,2027-07-07,451.33,residential,India
1,2027-07-08,482.9,residential,India
1,2027-07-09,434.46,residential,India
1,2027-07-10,488.9,residential,India
1,2027-07-11,424.39,residential,India
1,2027-07-12,473.22,residential,India
1,2027-07-13,458.93,residential,India
1,2027-07-14,462.26,residential,India
1,2027-07-15,424.99,residential,India
1,2027-07-16,433.35,residential,India
1,2027-07-17,450.67,residential,India
1,2027-07-18,456.3,residential,India
1,2027-07-19,438.48,residential,India
1,2027-07-20,463.75,residential,India
1,2027-07-21,461.54,residential,India
1,2027-07-22,435.73,residential,India
1,2027-07-23,429.11,residential,India
1,2027-07-24,514.1,residential,India
1,2027-07-25,449.29,residential,India
1,2027-07-26,431.15,residential,India
1,2027-07-27,437.53,residential,India
1,2027-07-28,458.09,residential,India
1,2027-07-29,438.8,residential,India
1,2027-07-30,437.69,residential,India
1,2027-07-31,508.3,residential,India
1,2027-08-01,437.31,residential,India
1,2027-08-02,459.09,residential,India
1,2027-08-03,468.57,residential,India
1,2027-08-04,460.33,residential,India
1,2027-08-05,484.92,residential,India
1,2027-08-06,472.81,residential,India
1,2027-08-07,458.75,residential,India
1,2027-08-08,457.37,residential,India
1,2027-08-09,466.57,residential,India
1,2027-08-10,466.68,residential,India
1,2027-08-11,453.99,residential,India
1,2027-08-12,469.45,residential,India
1,2027-08-13,464.56,residential,India
1,2027-08-14,464.99,residential,India
1,2027-08-15,440.54,residential,India
1,2027-08-16,404.29,residential,India
1,2027-08-17,436.35,residential,India
1,2027-08-18,430.76,residential,India
1,2027-08-19,462.17,residential,India
1,2027-08-20,461.25,residential,India
1,2027-08-21,442.0,residential,India
1,2027-08-22,429.8,residential,India
1,2027-08-23,437.42,residential,India
1,2027-08-24,440.86,residential,India
1,2027-08-25,470.25,residential,India
1,2027-08-26,425.11,residential,India
1,2027-08-27,466.53,residential,India
1,2027-08-28,484.02,residential,India
1,2027-08-29,494.0,residential,India
1,2027-08-30,465.19,residential,India
1,2027-08-31,478.06,residential,India
1,2027-09-01,490.42,residential,India
1,2027-09-02,495.61,residential,India
1,2027-09-03,460.4,residential,India
1,2027-09-04,455.47,residential,India
1,2027-09-05,469.99,residential,India
1,2027-09-06,474.22,residential,India
1,2027-09-07,463.42,residential,India
1,2027-09-08,476.0,residential,India
1,2027-09-09,421.0,residential,India
1,2027-09-10,459.24,residential,India
1,2027-09-11,489.04,residential,India
1,2027-09-12,479.1,residential,India
1,2027-09-13,479.09,residential,India
1,2027-09-14,501.97,residential,India
1,2027-09-15,464.21,residential,India
1,2027-09-16,459.56,residential,India
1,2027-09-17,446.29,residential,India
1,2027-09-18,490.81,residential,India
1,2027-09-19,454.56,residential,India
1,2027-09-20,482.44,residential,India
1,2027-09-21,468.56,residential,India
1,2027-09-22,487.21,residential,India
1,2027-09-23,443.78,residential,India
1,2027-09-24,482.61,residential,India
1,2027-09-25,445.99,residential,India
1,2027-09-26,440.83,residential,India
1,2027-09-27,488.36,residential,India
1,2027-09-28,487.31,residential,India
1,2027-09-29,466.9,residential,India
1,2027-09-30,485.16,residential,India
1,2027-10-01,478.69,residential,India
1,2027-10-02,499.29,residential,India
1,2027-10-03,449.89,residential,India
1,2027-10-04,470.12,residential,India
1,2027-10-05,500.68,residential,India
1,2027-10-06,499.4,residential,India
1,2027-10-07,461.79,residential,India
1,2027-10-08,509.39,residential,India
1,2027-10-09,512.97,residential,India
1,2027-10-10,469.58,residential,India
1,2027-10-11,473.51,residential,India
1,2027-10-12,431.09,residential,India
1,2027-10-13,417.36,residential,India
1,2027-10-14,453.17,residential,India
1,2027-10-15,449.83,residential,India
1,2027-10-16,473.11,residential,India
1,2027-10-17,482.49,residential,India
1,2027-10-18,469.54,residential,India
1,2027-10-19,474.9,residential,India
1,2027-10-20,450.6,residential,India
1,2027-10-21,478.53,residential,India
1,2027-10-22,465.7,residential,India
1,2027-10-23,522.35,residential,India
1,2027-10-24,485.11,residential,India
1,2027-10-25,453.07,residential,India
1,2027-10-26,473.45,residential,India
1,2027-10-27,482.48,residential,India
1,2027-10-28,492.47,residential,India
1,2027-10-29,476.25,residential,India
1,2027-10-30,460.68,residential,India
1,2027-10-31,492.93,residential,India
1,2027-11-01,463.65,residential,India
1,2027-11-02,450.29,residential,India
1,2027-11-03,478.21,residential,India
1,2027-11-04,513.72,residential,India
1,2027-11-05,492.17,residential,India
1,2027-11-06,499.73,residential,India
1,2027-11-07,471.3,residential,India
1,2027-11-08,497.5,residential,India
1,2027-11-09,496.46,residential,India
1,2027-11-10,442.92,residential,India
1,2027-11-11,453.81,residential,India
1,2027-11-12,459.32,residential,India
1,2027-11-13,473.25,residential,India
1,2027-11-14,465.05,residential,India
1,2027-11-15,464.96,residential,India
1,2027-11-16,494.51,residential,India
1,2027-11-17,459.69,residential,India
1,2027-11-18,446.16,residential,India
1,2027-11-19,455.1,residential,India
1,2027-11-20,481.1,residential,India
1,2027-11-21,481.85,residential,India
1,2027-11-22,462.28,residential,India
1,2027-11-23,495.64,residential,India
1,2027-11-24,474.77,residential,India
1,2027-11-25,434.33,residential,India
1,2027-11-26,467.52,residential,India
1,2027-11-27,473.46,residential,India
1,2027-11-28,467.51,residential,India
1,2027-11-29,471.54,residential,India
1,2027-11-30,492.24,residential,India
1,2027-12-01,492.19,residential,India
1,2027-12-02,481.03,residential,India
1,2027-12-03,501.51,residential,India
1,2027-12-04,475.28,residential,India
1,2027-12-05,511.19,residential,India
1,2027-12-06,466.91,residential,India
1,2027-12-07,456.49,residential,India
1,2027-12-08,478.02,residential,India
1,2027-12-09,462.56,residential,India
1,2027-12-10,458.04,residential,India
1,2027-12-11,469.28,residential,India
1,2027-12-12,480.61,residential,India
1,2027-12-13,511.99,residential,India
1,2027-12-14,532.12,residential,India
1,2027-12-15,484.44,residential,India
1,2027-12-16,516.66,residential,India
1,2027-12-17,489.79,residential,India
1,2027-12-18,487.34,residential,India
1,2027-12-19,493.02,residential,India
1,2027-12-20,475.45,residential,India
1,2027-12-21,489.75,residential,India
1,2027-12-22,521.29,residential,India
1,2027-12-23,455.68,residential,India
1,2027-12-24,493.04,residential,India
1,2027-12-25,507.96,residential,India
1,2027-12-26,482.57,residential,India
1,2027-12-27,481.82,residential,India
1,2027-12-28,493.35,residential,India
1,2027-12-29,507.86,residential,India
1,2027-12-30,461.3,residential,India
1,2027-12-31,538.57,residential,India
1,2028-01-01,505.76,residential,India
1,2028-01-02,507.68,residential,India
1,2028-01-03,511.82,residential,India
1,2028-01-04,503.8,residential,India
1,2028-01-05,490.81,residential,India
1,2028-01-06,505.29,residential,India
1,2028-01-07,514.18,residential,India
1,2028-01-08,495.62,residential,India
1,2028-01-09,507.69,residential,India
1,2028-01-10,490.13,residential,India
1,2028-01-11,498.07,residential,India
1,2028-01-12,518.1,residential,India
1,2028-01-13,481.39,residential,India
1,2028-01-14,497.45,residential,India
1,2028-01-15,513.82,residential,India
1,2028-01-16,535.51,residential,India
1,2028-01-17,484.58,residential,India
1,2028-01-18,488.75,residential,India
1,2028-01-19,517.02,residential,India
1,2028-01-20,482.07,residential,India
1,2028-01-21,525.62,residential,India
1,2028-01-22,522.19,residential,India
1,2028-01-23,530.04,residential,India
1,2028-01-24,496.44,residential,India
1,2028-01-25,497.39,residential,India
1,2028-01-26,514.76,residential,India
1,2028-01-27,482.97,residential,India
1,2028-01-28,486.04,residential,India
1,2028-01-29,522.72,residential,India
1,2028-01-30,507.94,residential,India
1,2028-01-31,553.9,residential,India
1,2028-02-01,500.02,residential,India
1,2028-02-02,492.75,residential,India
1,2028-02-03,508.24,residential,India
1,2028-02-04,501.19,residential,India
1,2028-02-05,517.79,residential,India
1,2028-02-06,498.52,residential,India
1,2028-02-07,511.39,residential,India
1,2028-02-08,525.69,residential,India
1,2028-02-09,498.26,residential,India
1,2028-02-10,492.59,residential,India
1,2028-02-11,524.0,residential,India
1,2028-02-12,487.12,residential,India
1,2028-02-13,502.17,residential,India
1,2028-02-14,496.84,residential,India
1,2028-02-15,479.99,residential,India
1,2028-02-16,511.1,residential,India
1,2028-02-17,488.83,residential,India
1,2028-02-18,506.05,residential,India
1,2028-02-19,508.97,residential,India
1,2028-02-20,501.02,residential,India
1,2028-02-21,482.24,residential,India
1,2028-02-22,515.29,residential,India
1,2028-02-23,504.46,residential,India
1,2028-02-24,521.13,residential,India
1,2028-02-25,498.85,residential,India
1,2028-02-26,513.18,residential,India
1,2028-02-27,509.66,residential,India
1,2028-02-28,501.73,residential,India
1,2028-02-29,519.17,residential,India
1,2028-03-01,540.97,residential,India
1,2028-03-02,494.14,residential,India
1,2028-03-03,527.98,residential,India
1,2028-03-04,504.44,residential,India
1,2028-03-05,549.54,residential,India
1,2028-03-06,522.05,residential,India
1,2028-03-07,497.67,residential,India
1,2028-03-08,519.7,residential,India
1,2028-03-09,536.62,residential,India
1,2028-03-10,519.66,residential,India
1,2028-03-11,482.07,residential,India
1,2028-03-12,490.61,residential,India
1,2028-03-13,482.96,residential,India
1,2028-03-14,535.51,residential,India
1,2028-03-15,510.88,residential,India
1,2028-03-16,524.79,residential,India
1,2028-03-17,496.95,residential,India
1,2028-03-18,524.42,residential,India
1,2028-03-19,536.05,residential,India
1,2028-03-20,519.49,residential,India
1,2028-03-21,537.43,residential,India
1,2028-03-22,532.57,residential,India
1,2028-03-23,515.31,residential,India
1,2028-03-24,518.23,residential,India
1,2028-03-25,548.46,residential,India
1,2028-03-26,507.25,residential,India
1,2028-03-27,515.28,residential,India
1,2028-03-28,537.85,residential,India
1,2028-03-29,526.92,residential,India
1,2028-03-30,497.73,residential,India
1,2028-03-31,518.22,residential,India
1,2028-04-01,559.21,residential,India
1,2028-04-02,510.14,residential,India
1,2028-04-03,537.44,residential,India
1,2028-04-04,519.34,residential,India
1,2028-04-05,536.46,residential,India
1,2028-04-06,535.59,residential,India
1,2028-04-07,517.71,residential,India
1,2028-04-08,532.88,residential,India
1,2028-04-09,550.37,residential,India
1,2028-04-10,521.55,residential,India
1,2028-04-11,541.46,residential,India
1,2028-04-12,514.67,residential,India
1,2028-04-13,563.01,residential,India
1,2028-04-14,544.25,residential,India
1,2028-04-15,501.82,residential,India
1,2028-04-16,523.84,residential,India
1,2028-04-17,517.43,residential,India
1,2028-04-18,522.11,residential,India
1,2028-04-19,511.13,residential,India
1,2028-04-20,538.88,residential,India
1,2028-04-21,525.87,residential,India
1,2028-04-22,545.61,residential,India
1,2028-04-23,526.24,residential,India
1,2028-04-24,501.81,residential,India
1,2028-04-25,521.18,residential,India
1,2028-04-26,563.98,residential,India
1,2028-04-27,559.71,residential,India
1,2028-04-28,519.29,residential,India
1,2028-04-29,562.3,residential,India
1,2028-04-30,545.14,residential,India
1,2028-05-01,539.02,residential,India
1,2028-05-02,500.21,residential,India
1,2028-05-03,551.47,residential,India
1,2028-05-04,568.68,residential,India
1,2028-05-05,525.42,residential,India
1,2028-05-06,525.85,residential,India
1,2028-05-07,550.0,residential,India
1,2028-05-08,519.26,residential,India
1,2028-05-09,543.95,residential,India
1,2028-05-10,541.97,residential,India
1,2028-05-11,550.36,residential,India
1,2028-05-12,537.01,residential,India
1,2028-05-13,561.73,residential,India
1,2028-05-14,582.38,residential,India
1,2028-05-15,510.2,residential,India
1,2028-05-16,563.73,residential,India
1,2028-05-17,539.24,residential,India
1,2028-05-18,548.06,residential,India
1,2028-05-19,539.4,residential,India
1,2028-05-20,515.67,residential,India
1,2028-05-21,543.19,residential,India
1,2028-05-22,534.69,residential,India
1,2028-05-23,540.28,residential,India
1,2028-05-24,559.29,residential,India
1,2028-05-25,554.84,residential,India
1,2028-05-26,571.21,residential,India
1,2028-05-27,556.93,residential,India
1,2028-05-28,501.09,residential,India
1,2028-05-29,550.97,residential,India
1,2028-05-30,560.33,residential,India
1,2028-05-31,553.99,residential,India
1,2028-06-01,577.03,residential,India
1,2028-06-02,570.04,residential,India
1,2028-06-03,536.06,residential,India
1,2028-06-04,525.47,residential,India
1,2028-06-05,554.43,residential,India
1,2028-06-06,529.7,residential,India
1,2028-06-07,507.46,residential,India
1,2028-06-08,593.0,residential,India
1,2028-06-09,522.0,residential,India
1,2028-06-10,546.29,residential,India
1,2028-06-11,562.44,residential,India
1,2028-06-12,525.11,residential,India
1,2028-06-13,554.66,residential,India
1,2028-06-14,568.61,residential,India
1,2028-06-15,556.52,residential,India
1,2028-06-16,539.75,residential,India
1,2028-06-17,511.51,residential,India
1,2028-06-18,574.76,residential,India
1,2028-06-19,545.59,residential,India
1,2028-06-20,546.31,residential,India
1,2028-06-21,555.3,residential,India
1,2028-06-22,537.69,residential,India
1,2028-06-23,549.92,residential,India
1,2028-06-24,573.22,residential,India
1,2028-06-25,545.78,residential,India
1,2028-06-26,557.89,residential,India
1,2028-06-27,564.14,residential,India
1,2028-06-28,560.75,residential,India
1,2028-06-29,575.35,residential,India
1,2028-06-30,534.5,residential,India
1,2028-07-01,530.33,residential,India
1,2028-07-02,530.47,residential,India
1,2028-07-03,539.21,residential,India
1,2028-07-04,557.81,residential,India
1,2028-07-05,572.54,residential,India
1,2028-07-06,551.89,residential,India
1,2028-07-07,537.95,residential,India
1,2028-07-08,564.73,residential,India
1,2028-07-09,567.09,residential,India
1,2028-07-10,578.14,residential,India
1,2028-07-11,581.69,residential,India
1,2028-07-12,556.32,residential,India
1,2028-07-13,552.29,residential,India
1,2028-07-14,573.67,residential,India
1,2028-07-15,535.67,residential,India
1,2028-07-16,574.2,residential,India
1,2028-07-17,541.73,residential,India
1,2028-07-18,567.73,residential,India
1,2028-07-19,566.48,residential,India
1,2028-07-20,548.11,residential,India
1,2028-07-21,543.77,residential,India
1,2028-07-22,557.97,residential,India
1,2028-07-23,589.55,residential,India
1,2028-07-24,565.22,residential,India
1,2028-07-25,542.13,residential,India
1,2028-07-26,540.52,residential,India
1,2028-07-27,553.55,residential,India
1,2028-07-28,546.76,residential,India
1,2028-07-29,559.4,residential,India
1,2028-07-30,565.38,residential,India
1,2028-07-31,533.37,residential,India
1,2028-08-01,551.64,residential,India
1,2028-08-02,552.72,residential,India
1,2028-08-03,580.52,residential,India
1,2028-08-04,561.95,residential,India
1,2028-08-05,591.35,residential,India
1,2028-08-06,588.49,residential,India
1,2028-08-07,546.44,residential,India
1,2028-08-08,584.7,residential,India
1,2028-08-09,545.6,residential,India
1,2028-08-10,543.89,residential,India
1,2028-08-11,562.11,residential,India
1,2028-08-12,560.64,residential,India
1,2028-08-13,572.2,residential,India
1,2028-08-14,571.0,residential,India
1,2028-08-15,567.01,residential,India
1,2028-08-16,596.17,residential,India
1,2028-08-17,539.79,residential,India
1,2028-08-18,572.36,residential,India
1,2028-08-19,574.63,residential,India
1,2028-08-20,552.79,residential,India
1,2028-08-21,573.44,residential,India
1,2028-08-22,571.54,residential,India
1,2028-08-23,590.37,residential,India
1,2028-08-24,569.59,residential,India
1,2028-08-25,570.77,residential,India
1,2028-08-26,538.7,residential,India
1,2028-08-27,551.86,residential,India
1,2028-08-28,548.2,residential,India
1,2028-08-29,576.6,residential,India
1,2028-08-30,576.49,residential,India
1,2028-08-31,567.3,residential,India
1,2028-09-01,574.07,residential,India
1,2028-09-02,586.44,residential,India
1,2028-09-03,577.55,residential,India
1,2028-09-04,587.88,residential,India
1,2028-09-05,559.53,residential,India
1,2028-09-06,573.67,residential,India
1,2028-09-07,568.96,residential,India
1,2028-09-08,562.23,residential,India
1,2028-09-09,578.72,residential,India
1,2028-09-10,575.54,residential,India
1,2028-09-11,528.68,residential,India
1,2028-09-12,571.01,residential,India
1,2028-09-13,574.17,residential,India
1,2028-09-14,576.18,residential,India
1,2028-09-15,558.86,residential,India
1,2028-09-16,598.51,residential,India
1,2028-09-17,603.01,residential,India
1,2028-09-18,571.76,residential,India
1,2028-09-19,596.77,residential,India
1,2028-09-20,590.7,residential,India
1,2028-09-21,599.93,residential,India
1,2028-09-22,583.05,residential,India
1,2028-09-23,575.1,residential,India
1,2028-09-24,593.96,residential,India
1,2028-09-25,575.32,residential,India
1,2028-09-26,554.9,residential,India
1,2028-09-27,578.0,residential,India
1,2028-09-28,561.29,residential,India
1,2028-09-29,553.14,residential,India
1,2028-09-30,590.66,residential,India
1,2028-10-01,566.91,residential,India
1,2028-10-02,575.75,residential,India
1,2028-10-03,580.44,residential,India
1,2028-10-04,538.13,residential,India
1,2028-10-05,576.77,residential,India
1,2028-10-06,590.33,residential,India
1,2028-10-07,540.71,residential,India
1,2028-10-08,574.27,residential,India
1,2028-10-09,561.7,residential,India
1,2028-10-10,572.27,residential,India
1,2028-10-11,573.45,residential,India
1,2028-10-12,573.78,residential,India
1,2028-10-13,562.89,residential,India
1,2028-10-14,570.48,residential,India
1,2028-10-15,589.33,residential,India
1,2028-10-16,551.15,residential,India
1,2028-10-17,523.09,residential,India
1,2028-10-18,533.98,residential,India
1,2028-10-19,595.77,residential,India
1,2028-10-20,606.52,residential,India
1,2028-10-21,541.7,residential,India
1,2028-10-22,613.23,residential,India
1,2028-10-23,587.74,residential,India
1,2028-10-24,543.41,residential,India
1,2028-10-25,621.4,residential,India
1,2028-10-26,580.99,residential,India
1,2028-10-27,598.22,residential,India
1,2028-10-28,589.11,residential,India
1,2028-10-29,569.79,residential,India
1,2028-10-30,569.56,residential,India
1,2028-10-31,559.52,residential,India
1,2028-11-01,595.53,residential,India
1,2028-11-02,581.53,residential,India
1,2028-11-03,600.95,residential,India
1,2028-11-04,592.41,residential,India
1,2028-11-05,562.17,residential,India
1,2028-11-06,612.38,residential,India
1,2028-11-07,574.54,residential,India
1,2028-11-08,539.9,residential,India
1,2028-11-09,600.03,residential,India
1,2028-11-10,573.58,residential,India
1,2028-11-11,548.17,residential,India
1,2028-11-12,541.56,residential,India
1,2028-11-13,567.92,residential,India
1,2028-11-14,587.47,residential,India
1,2028-11-15,578.94,residential,India
1,2028-11-16,584.1,residential,India
1,2028-11-17,560.01,residential,India
1,2028-11-18,584.55,residential,India
1,2028-11-19,550.82,residential,India
1,2028-11-20,551.43,residential,India
1,2028-11-21,552.94,residential,India
1,2028-11-22,610.73,residential,India
1,2028-11-23,582.98,residential,India
1,2028-11-24,569.32,residential,India
1,2028-11-25,571.55,residential,India
1,2028-11-26,572.2,residential,India
1,2028-11-27,568.71,residential,India
1,2028-11-28,554.11,residential,India
1,2028-11-29,584.4,residential,India
1,2028-11-30,542.95,residential,India
1,2028-12-01,598.59,residential,India
1,2028-12-02,590.26,residential,India
1,2028-12-03,566.4,residential,India
1,2028-12-04,572.42,residential,India
1,2028-12-05,582.88,residential,India
1,2028-12-06,555.79,residential,India
1,2028-12-07,606.5,residential,India
1,2028-12-08,564.96,residential,India
1,2028-12-09,582.82,residential,India
1,2028-12-10,575.36,residential,India
1,2028-12-11,571.4,residential,India
1,2028-12-12,575.52,residential,India
1,2028-12-13,598.46,residential,India
1,2028-12-14,578.99,residential,India
1,2028-12-15,636.14,residential,India
1,2028-12-16,527.6,residential,India
1,2028-12-17,603.7,residential,India
1,2028-12-18,570.73,residential,India
1,2028-12-19,597.23,residential,India
1,2028-12-20,595.62,residential,India
1,2028-12-21,590.97,residential,India
1,2028-12-22,596.04,residential,India
1,2028-12-23,574.88,residential,India
1,2028-12-24,622.46,residential,India
1,2028-12-25,576.61,residential,India
1,2028-12-26,569.21,residential,India
1,2028-12-27,547.42,residential,India
1,2028-12-28,570.23,residential,India
1,2028-12-29,563.91,residential,India
1,2028-12-30,559.74,residential,India
1,2028-12-31,583.64,residential,India
1,2029-01-01,603.75,residential,India
1,2029-01-02,552.28,residential,India
1,2029-01-03,600.49,residential,India
1,2029-01-04,540.3,residential,India
1,2029-01-05,580.83,residential,India
1,2029-01-06,600.35,residential,India
1,2029-01-07,600.91,residential,India
1,2029-01-08,565.21,residential,India
1,2029-01-09,588.17,residential,India
1,2029-01-10,565.95,residential,India
1,2029-01-11,548.39,residential,India
1,2029-01-12,591.51,residential,India
1,2029-01-13,569.26,residential,India
1,2029-01-14,604.52,residential,India
1,2029-01-15,575.83,residential,India
1,2029-01-16,566.91,residential,India
1,2029-01-17,562.81,residential,India
1,2029-01-18,581.42,residential,India
1,2029-01-19,557.96,residential,India
1,2029-01-20,547.16,residential,India
1,2029-01-21,561.44,residential,India
1,2029-01-22,563.17,residential,India
1,2029-01-23,561.2,residential,India
1,2029-01-24,580.02,residential,India
1,2029-01-25,568.69,residential,India
1,2029-01-26,580.19,residential,India
1,2029-01-27,605.83,residential,India
1,2029-01-28,580.25,residential,India
1,2029-01-29,574.84,residential,India
1,2029-01-30,548.75,residential,India
1,2029-01-31,561.3,residential,India
1,2029-02-01,582.35,residential,India
1,2029-02-02,569.75,residential,India
1,2029-02-03,576.01,residential,India
1,2029-02-04,556.76,residential,India
1,2029-02-05,572.53,residential,India
1,2029-02-06,560.86,residential,India
1,2029-02-07,586.88,residential,India
1,2029-02-08,591.24,residential,India
1,2029-02-09,554.22,residential,India
1,2029-02-10,582.24,residential,India
1,2029-02-11,561.29,residential,India
1,2029-02-12,558.47,residential,India
1,2029-02-13,586.38,residential,India
1,2029-02-14,582.0,residential,India
1,2029-02-15,556.32,residential,India
1,2029-02-16,566.96,residential,India
1,2029-02-17,563.54,residential,India
1,2029-02-18,542.6,residential,India
1,2029-02-19,579.31,residential,India
1,2029-02-20,565.2,residential,India
1,2029-02-21,591.04,residential,India
1,2029-02-22,571.48,residential,India
1,2029-02-23,551.05,residential,India
1,2029-02-24,609.47,residential,India
1,2029-02-25,578.14,residential,India
1,2029-02-26,570.72,residential,India
1,2029-02-27,560.23,residential,India
1,2029-02-28,545.21,residential,India
1,2029-03-01,578.16,residential,India
1,2029-03-02,599.23,residential,India
1,2029-03-03,586.59,residential,India
1,2029-03-04,595.41,residential,India
1,2029-03-05,572.96,residential,India
1,2029-03-06,598.8,residential,India
1,2029-03-07,553.14,residential,India
1,2029-03-08,537.5,residential,India
1,2029-03-09,576.58,residential,India
1,2029-03-10,562.35,residential,India
1,2029-03-11,561.03,residential,India
1,2029-03-12,561.36,residential,India
1,2029-03-13,590.34,residential,India
1,2029-03-14,575.06,residential,India
1,2029-03-15,606.88,residential,India
1,2029-03-16,562.07,residential,India
1,2029-03-17,544.7,residential,India
1,2029-03-18,552.47,residential,India
1,2029-03-19,583.3,residential,India
1,2029-03-20,589.85,residential,India
1,2029-03-21,569.47,residential,India
1,2029-03-22,526.87,residential,India
1,2029-03-23,547.4,residential,India
1,2029-03-24,534.36,residential,India
1,2029-03-25,597.24,residential,India
1,2029-03-26,578.52,residential,India
1,2029-03-27,570.98,residential,India
1,2029-03-28,590.96,residential,India
1,2029-03-29,588.95,residential,India
1,2029-03-30,622.25,residential,India
1,2029-03-31,573.37,residential,India
1,2029-04-01,573.73,residential,India
1,2029-04-02,563.52,residential,India
1,2029-04-03,569.95,residential,India
1,2029-04-04,576.06,residential,India
1,2029-04-05,565.37,residential,India
1,2029-04-06,542.03,residential,India
1,2029-04-07,578.99,residential,India
1,2029-04-08,599.31,residential,India
1,2029-04-09,580.85,residential,India
1,2029-04-10,569.9,residential,India
1,2029-04-11,559.55,residential,India
1,2029-04-12,578.47,residential,India
1,2029-04-13,546.7,residential,India
1,2029-04-14,584.21,residential,India
1,2029-04-15,570.82,residential,India
1,2029-04-16,535.94,residential,India
1,2029-04-17,575.05,residential,India
1,2029-04-18,580.58,residential,India
1,2029-04-19,619.49,residential,India
1,2029-04-20,571.79,residential,India
1,2029-04-21,590.77,residential,India
1,2029-04-22,571.03,residential,India
1,2029-04-23,568.83,residential,India
1,2029-04-24,579.89,residential,India
1,2029-04-25,581.11,residential,India
1,2029-04-26,576.03,residential,India
1,2029-04-27,550.76,residential,India
1,2029-04-28,510.55,residential,India
1,2029-04-29,578.93,residential,India
1,2029-04-30,590.52,residential,India
1,2029-05-01,568.38,residential,India
1,2029-05-02,572.33,residential,India
1,2029-05-03,565.41,residential,India
1,2029-05-04,562.77,residential,India
1,2029-05-05,590.12,residential,India
1,2029-05-06,580.03,residential,India
1,2029-05-07,568.72,residential,India
1,2029-05-08,545.65,residential,India
1,2029-05-09,550.84,residential,India
1,2029-05-10,554.42,residential,India
1,2029-05-11,551.42,residential,India
1,2029-05-12,538.75,residential,India
1,2029-05-13,571.1,residential,India
1,2029-05-14,555.03,residential,India
1,2029-05-15,514.45,residential,India
1,2029-05-16,582.37,residential,India
1,2029-05-17,576.23,residential,India
1,2029-05-18,574.26,residential,India
1,2029-05-19,550.04,residential,India
1,2029-05-20,542.79,residential,India
1,2029-05-21,554.74,residential,India
1,2029-05-22,553.2,residential,India
1,2029-05-23,544.53,residential,India
1,2029-05-24,527.01,residential,India
1,2029-05-25,563.24,residential,India
1,2029-05-26,563.4,residential,India
1,2029-05-27,576.76,residential,India
1,2029-05-28,530.49,residential,India
1,2029-05-29,544.27,residential,India
1,2029-05-30,547.57,residential,India
1,2029-05-31,578.99,residential,India
1,2029-06-01,528.63,residential,India
1,2029-06-02,560.56,residential,India
1,2029-06-03,603.83,residential,India
1,2029-06-04,560.93,residential,India
1,2029-06-05,512.46,residential,India
1,2029-06-06,549.92,residential,India
1,2029-06-07,585.42,residential,India
1,2029-06-08,583.04,residential,India
1,2029-06-09,533.9,residential,India
1,2029-06-10,539.04,residential,India
1,2029-06-11,540.67,residential,India
1,2029-06-12,517.58,residential,India
1,2029-06-13,537.98,residential,India
1,2029-06-14,589.57,residential,India
1,2029-06-15,509.41,residential,India
1,2029-06-16,585.25,residential,India
1,2029-06-17,540.23,residential,India
1,2029-06-18,521.67,residential,India
1,2029-06-19,548.42,residential,India
1,2029-06-20,552.21,residential,India
1,2029-06-21,550.89,residential,India
1,2029-06-22,532.89,residential,India
1,2029-06-23,545.73,residential,India
1,2029-06-24,551.83,residential,India
1,2029-06-25,533.26,residential,India
1,2029-06-26,541.38,residential,India
1,2029-06-27,560.12,residential,India
1,2029-06-28,539.97,residential,India
1,2029-06-29,542.67,residential,India
1,2029-06-30,564.05,residential,India
1,2029-07-01,593.16,residential,India
1,2029-07-02,527.89,residential,India
1,2029-07-03,532.47,residential,India
1,2029-07-04,546.22,residential,India
1,2029-07-05,571.93,residential,India
1,2029-07-06,510.76,residential,India
1,2029-07-07,557.59,residential,India
1,2029-07-08,528.96,residential,India
1,2029-07-09,561.48,residential,India
1,2029-07-10,555.68,residential,India
1,2029-07-11,562.55,residential,India
1,2029-07-12,562.56,residential,India
1,2029-07-13,566.92,residential,India
1,2029-07-14,586.0,residential,India
1,2029-07-15,513.68,residential,India
1,2029-07-16,578.07,residential,India
1,2029-07-17,558.25,residential,India
1,2029-07-18,578.21,residential,India
1,2029-07-19,572.85,residential,India
1,2029-07-20,562.85,residential,India
1,2029-07-21,521.28,residential,India
1,2029-07-22,578.23,residential,India
1,2029-07-23,543.91,residential,India
1,2029-07-24,543.39,residential,India
1,2029-07-25,513.73,residential,India
1,2029-07-26,554.41,residential,India
1,2029-07-27,548.02,residential,India
1,2029-07-28,536.55,residential,India
1,2029-07-29,553.41,residential,India
1,2029-07-30,536.52,residential,India
1,2029-07-31,539.73,residential,India
1,2029-08-01,536.16,residential,India
1,2029-08-02,562.82,residential,India
1,2029-08-03,525.26,residential,India
1,2029-08-04,562.69,residential,India
1,2029-08-05,496.09,residential,India
1,2029-08-06,570.97,residential,India
1,2029-08-07,552.88,residential,India
1,2029-08-08,544.3,residential,India
1,2029-08-09,541.63,residential,India
1,2029-08-10,551.93,residential,India
1,2029-08-11,517.34,residential,India
1,2029-08-12,532.81,residential,India
1,2029-08-13,514.0,residential,India
1,2029-08-14,528.77,residential,India
1,2029-08-15,524.68,residential,India
1,2029-08-16,522.78,residential,India
1,2029-08-17,543.3,residential,India
1,2029-08-18,531.27,residential,India
1,2029-08-19,551.22,residential,India
1,2029-08-20,497.92,residential,India
1,2029-08-21,521.14,residential,India
1,2029-08-22,534.15,residential,India
1,2029-08-23,548.33,residential,India
1,2029-08-24,521.77,residential,India
1,2029-08-25,511.95,residential,India
1,2029-08-26,542.92,residential,India
1,2029-08-27,521.86,residential,India
1,2029-08-28,541.7,residential,India
1,2029-08-29,533.56,residential,India
1,2029-08-30,528.16,residential,India
1,2029-08-31,491.58,residential,India
1,2029-09-01,550.29,residential,India
1,2029-09-02,513.2,residential,India
1,2029-09-03,522.66,residential,India
1,2029-09-04,526.86,residential,India
1,2029-09-05,520.26,residential,India
1,2029-09-06,577.54,residential,India
1,2029-09-07,543.6,residential,India
1,2029-09-08,537.03,residential,India
1,2029-09-09,551.73,residential,India
1,2029-09-10,551.61,residential,India
1,2029-09-11,535.39,residential,India
1,2029-09-12,546.31,residential,India
1,2029-09-13,546.08,residential,India
1,2029-09-14,523.48,residential,India
1,2029-09-15,536.44,residential,India
1,2029-09-16,535.38,residential,India
1,2029-09-17,527.68,residential,India
1,2029-09-18,511.4,residential,India
1,2029-09-19,539.42,residential,India
1,2029-09-20,528.37,residential,India
1,2029-09-21,534.28,residential,India
1,2029-09-22,488.16,residential,India
1,2029-09-23,589.65,residential,India
1,2029-09-24,526.85,residential,India
1,2029-09-25,542.12,residential,India
1,2029-09-26,492.96,residential,India
1,2029-09-27,521.53,residential,India
1,2029-09-28,505.7,residential,India
1,2029-09-29,537.74,residential,India
1,2029-09-30,502.32,residential,India
1,2029-10-01,503.19,residential,India
1,2029-10-02,556.22,residential,India
1,2029-10-03,519.45,residential,India
1,2029-10-04,557.32,residential,India
1,2029-10-05,507.34,residential,India
1,2029-10-06,508.24,residential,India
1,2029-10-07,512.72,residential,India
1,2029-10-08,563.6,residential,India
1,2029-10-09,543.62,residential,India
1,2029-10-10,519.37,residential,India
1,2029-10-11,513.06,residential,India
1,2029-10-12,542.68,residential,India
1,2029-10-13,513.99,residential,India
1,2029-10-14,512.83,residential,India
1,2029-10-15,495.61,residential,India
1,2029-10-16,560.57,residential,India
1,2029-10-17,524.17,residential,India
1,2029-10-18,511.31,residential,India
1,2029-10-19,510.69,residential,India
1,2029-10-20,539.03,residential,India
1,2029-10-21,512.94,residential,India
1,2029-10-22,521.71,residential,India
1,2029-10-23,536.06,residential,India
1,2029-10-24,540.2,residential,India
1,2029-10-25,523.82,residential,India
1,2029-10-26,498.1,residential,India
1,2029-10-27,520.15,residential,India
1,2029-10-28,509.37,residential,India
1,2029-10-29,495.16,residential,India
1,2029-10-30,515.79,residential,India
1,2029-10-31,493.53,residential,India
1,2029-11-01,485.47,residential,India
1,2029-11-02,525.55,residential,India
1,2029-11-03,539.23,residential,India
1,2029-11-04,490.44,residential,India
1,2029-11-05,495.36,residential,India
1,2029-11-06,497.65,residential,India
1,2029-11-07,497.65,residential,India
1,2029-11-08,503.09,residential,India
1,2029-11-09,533.36,residential,India
1,2029-11-10,535.75,residential,India
1,2029-11-11,514.29,residential,India
1,2029-11-12,539.62,residential,India
1,2029-11-13,523.02,residential,India
1,2029-11-14,533.69,residential,India
1,2029-11-15,493.1,residential,India
1,2029-11-16,531.2,residential,India
1,2029-11-17,483.16,residential,India
1,2029-11-18,480.34,residential,India
1,2029-11-19,505.79,residential,India
1,2029-11-20,524.68,residential,India
1,2029-11-21,528.71,residential,India
1,2029-11-22,521.66,residential,India
1,2029-11-23,480.48,residential,India
1,2029-11-24,509.16,residential,India
1,2029-11-25,505.49,residential,India
1,2029-11-26,516.25,residential,India
1,2029-11-27,507.1,residential,India
1,2029-11-28,513.07,residential,India
1,2029-11-29,512.73,residential,India
1,2029-11-30,497.03,residential,India
1,2029-12-01,552.48,residential,India
1,2029-12-02,535.03,residential,India
1,2029-12-03,560.72,residential,India
1,2029-12-04,522.06,residential,India
1,2029-12-05,484.34,residential,India
1,2029-12-06,539.21,residential,India
1,2029-12-07,485.18,residential,India
1,2029-12-08,496.9,residential,India
1,2029-12-09,548.06,residential,India
1,2029-12-10,488.04,residential,India
1,2029-12-11,508.81,residential,India
1,2029-12-12,530.77,residential,India
1,2029-12-13,476.41,residential,India
1,2029-12-14,488.04,residential,India
1,2029-12-15,497.53,residential,India
1,2029-12-16,469.8,residential,India
1,2029-12-17,512.18,residential,India
1,2029-12-18,507.58,residential,India
1,2029-12-19,491.05,residential,India
1,2029-12-20,496.56,residential,India
1,2029-12-21,504.01,residential,India
1,2029-12-22,501.26,residential,India
1,2029-12-23,508.54,residential,India
1,2029-12-24,533.15,residential,India
1,2029-12-25,487.03,residential,India
1,2029-12-26,497.2,residential,India
1,2029-12-27,496.88,residential,India
1,2029-12-28,512.18,residential,India
1,2029-12-29,514.72,residential,India
1,2029-12-30,495.88,residential,India
1,2029-12-31,514.4,residential,India
1,2030-01-01,516.16,residential,India
1,2030-01-02,516.95,residential,India
1,2030-01-03,520.7,residential,India
1,2030-01-04,506.34,residential,India
1,2030-01-05,491.66,residential,India
1,2030-01-06,514.31,residential,India
1,2030-01-07,459.33,residential,India
1,2030-01-08,477.98,residential,India
1,2030-01-09,510.55,residential,India
1,2030-01-10,510.44,residential,India
1,2030-01-11,491.4,residential,India
1,2030-01-12,476.19,residential,India
1,2030-01-13,518.69,residential,India
1,2030-01-14,495.13,residential,India
1,2030-01-15,506.68,residential,India
1,2030-01-16,491.61,residential,India
1,2030-01-17,496.45,residential,India
1,2030-01-18,467.89,residential,India
1,2030-01-19,507.89,residential,India
1,2030-01-20,521.29,residential,India
1,2030-01-21,512.53,residential,India
1,2030-01-22,505.4,residential,India
1,2030-01-23,518.16,residential,India
1,2030-01-24,506.68,residential,India
1,2030-01-25,505.8,residential,India
1,2030-01-26,518.08,residential,India
1,2030-01-27,441.79,residential,India
1,2030-01-28,514.17,residential,India
1,2030-01-29,469.95,residential,India
1,2030-01-30,518.22,residential,India
1,2030-01-31,551.62,residential,India
1,2030-02-01,511.0,residential,India
1,2030-02-02,506.26,residential,India
1,2030-02-03,508.36,residential,India
1,2030-02-04,491.5,residential,India
1,2030-02-05,503.74,residential,India
1,2030-02-06,485.15,residential,India
1,2030-02-07,475.6,residential,India
1,2030-02-08,516.83,residential,India
1,2030-02-09,505.21,residential,India
1,2030-02-10,504.14,residential,India
1,2030-02-11,507.3,residential,India
1,2030-02-12,481.0,residential,India
1,2030-02-13,500.78,residential,India
1,2030-02-14,510.08,residential,India
1,2030-02-15,522.95,residential,India
1,2030-02-16,517.21,residential,India
1,2030-02-17,479.33,residential,India
1,2030-02-18,462.31,residential,India
1,2030-02-19,497.98,residential,India
1,2030-02-20,499.64,residential,India
1,2030-02-21,540.89,residential,India
1,2030-02-22,489.98,residential,India
1,2030-02-23,478.58,residential,India
1,2030-02-24,506.55,residential,India
1,2030-02-25,480.84,residential,India
1,2030-02-26,485.33,residential,India
1,2030-02-27,457.53,residential,India
1,2030-02-28,510.74,residential,India
1,2030-03-01,524.25,residential,India
1,2030-03-02,499.35,residential,India
1,2030-03-03,494.71,residential,India
1,2030-03-04,498.52,residential,India
1,2030-03-05,498.96,residential,India
1,2030-03-06,487.43,residential,India
1,2030-03-07,513.37,residential,India
1,2030-03-08,491.57,residential,India
1,2030-03-09,506.97,residential,India
1,2030-03-10,474.71,residential,India
1,2030-03-11,484.76,residential,India
1,2030-03-12,487.8,residential,India
1,2030-03-13,495.85,residential,India
1,2030-03-14,476.21,residential,India
1,2030-03-15,518.55,residential,India
1,2030-03-16,498.71,residential,India
1,2030-03-17,521.97,residential,India
1,2030-03-18,454.36,residential,India
1,2030-03-19,502.99,residential,India
1,2030-03-20,502.25,residential,India
1,2030-03-21,496.97,residential,India
1,2030-03-22,521.07,residential,India
1,2030-03-23,483.9,residential,India
1,2030-03-24,507.84,residential,India
1,2030-03-25,523.33,residential,India
1,2030-03-26,463.49,residential,India
1,2030-03-27,510.55,residential,India
1,2030-03-28,496.48,residential,India
1,2030-03-29,526.13,residential,India
1,2030-03-30,504.39,residential,India
1,2030-03-31,484.96,residential,India
1,2030-04-01,503.61,residential,India
1,2030-04-02,522.34,residential,India
1,2030-04-03,500.96,residential,India
1,2030-04-04,513.89,residential,India
1,2030-04-05,479.54,residential,India
1,2030-04-06,493.38,residential,India
1,2030-04-07,516.9,residential,India
1,2030-04-08,474.89,residential,India
1,2030-04-09,493.07,residential,India
1,2030-04-10,491.89,residential,India
1,2030-04-11,499.16,residential,India
1,2030-04-12,483.61,residential,India
1,2030-04-13,502.22,residential,India
1,2030-04-14,489.95,residential,India
1,2030-04-15,532.91,residential,India
1,2030-04-16,476.83,residential,India
1,2030-04-17,488.17,residential,India
1,2030-04-18,503.78,residential,India
1,2030-04-19,494.18,residential,India
1,2030-04-20,481.57,residential,India
1,2030-04-21,519.47,residential,India
1,2030-04-22,529.59,residential,India
1,2030-04-23,489.28,residential,India
1,2030-04-24,478.65,residential,India
1,2030-04-25,512.56,residential,India
1,2030-04-26,485.88,residential,India
1,2030-04-27,522.74,residential,India
1,2030-04-28,482.63,residential,India
1,2030-04-29,520.36,residential,India
1,2030-04-30,513.96,residential,India
1,2030-05-01,511.26,residential,India
1,2030-05-02,487.64,residential,India
1,2030-05-03,466.17,residential,India
1,2030-05-04,517.82,residential,India
1,2030-05-05,496.21,residential,India
1,2030-05-06,524.64,residential,India
1,2030-05-07,495.93,residential,India
1,2030-05-08,468.16,residential,India
1,2030-05-09,526.11,residential,India
1,2030-05-10,498.02,residential,India
1,2030-05-11,508.94,residential,India
1,2030-05-12,543.29,residential,India
1,2030-05-13,500.97,residential,India
1,2030-05-14,466.18,residential,India
1,2030-05-15,491.06,residential,India
1,2030-05-16,519.75,residential,India
1,2030-05-17,514.42,residential,India
1,2030-05-18,522.79,residential,India
1,2030-05-19,512.19,residential,India
1,2030-05-20,493.63,residential,India
1,2030-05-21,495.38,residential,India
1,2030-05-22,506.24,residential,India
1,2030-05-23,535.28,residential,India
1,2030-05-24,461.52,residential,India
1,2030-05-25,511.03,residential,India
1,2030-05-26,503.93,residential,India
1,2030-05-27,561.82,residential,India
1,2030-05-28,502.99,residential,India
1,2030-05-29,490.2,residential,India
1,2030-05-30,470.4,residential,India
1,2030-05-31,487.82,residential,India
1,2030-06-01,473.75,residential,India
1,2030-06-02,479.91,residential,India
1,2030-06-03,502.8,residential,India
1,2030-06-04,480.7,residential,India
1,2030-06-05,473.84,residential,India
1,2030-06-06,524.81,residential,India
1,2030-06-07,507.84,residential,India
1,2030-06-08,523.11,residential,India
1,2030-06-09,517.82,residential,India
1,2030-06-10,514.09,residential,India
1,2030-06-11,516.89,residential,India
1,2030-06-12,508.8,residential,India
1,2030-06-13,479.96,residential,India
1,2030-06-14,488.67,residential,India
1,2030-06-15,504.13,residential,India
1,2030-06-16,512.45,residential,India
1,2030-06-17,536.33,residential,India
1,2030-06-18,487.19,residential,India
1,2030-06-19,502.68,residential,India
1,2030-06-20,518.07,residential,India
1,2030-06-21,512.63,residential,India
1,2030-06-22,505.17,residential,India
1,2030-06-23,525.17,residential,India
1,2030-06-24,548.66,residential,India
1,2030-06-25,520.04,residential,India
1,2030-06-26,486.18,residential,India
1,2030-06-27,475.5,residential,India
1,2030-06-28,525.28,residential,India
1,2030-06-29,522.95,residential,India
1,2030-06-30,516.16,residential,India
1,2030-07-01,478.93,residential,India
1,2030-07-02,491.54,residential,India
1,2030-07-03,540.53,residential,India
1,2030-07-04,510.18,residential,India
1,2030-07-05,527.57,residential,India
1,2030-07-06,503.44,residential,India
1,2030-07-07,494.57,residential,India
1,2030-07-08,487.29,residential,India
1,2030-07-09,548.56,residential,India
1,2030-07-10,476.62,residential,India
1,2030-07-11,540.61,residential,India
1,2030-07-12,505.15,residential,India
1,2030-07-13,504.17,residential,India
1,2030-07-14,520.42,residential,India
1,2030-07-15,528.13,residential,India
1,2030-07-16,520.43,residential,India
1,2030-07-17,483.01,residential,India
1,2030-07-18,543.42,residential,India
1,2030-07-19,513.88,residential,India
1,2030-07-20,503.35,residential,India
1,2030-07-21,519.24,residential,India
1,2030-07-22,525.09,residential,India
1,2030-07-23,530.61,residential,India
1,2030-07-24,542.03,residential,India
1,2030-07-25,500.76,residential,India
1,2030-07-26,493.09,residential,India
1,2030-07-27,527.48,residential,India
1,2030-07-28,517.71,residential,India
1,2030-07-29,536.83,residential,India
1,2030-07-30,507.13,residential,India
1,2030-07-31,568.64,residential,India
1,2030-08-01,506.7,residential,India
1,2030-08-02,516.2,residential,India
1,2030-08-03,517.11,residential,India
1,2030-08-04,522.45,residential,India
1,2030-08-05,498.71,residential,India
1,2030-08-06,536.08,residential,India
1,2030-08-07,516.04,residential,India
1,2030-08-08,523.03,residential,India
1,2030-08-09,499.53,residential,India
1,2030-08-10,560.93,residential,India
1,2030-08-11,526.23,residential,India
1,2030-08-12,517.67,residential,India
1,2030-08-13,514.74,residential,India
1,2030-08-14,520.9,residential,India
1,2030-08-15,507.75,residential,India
1,2030-08-16,506.1,residential,India
1,2030-08-17,555.16,residential,India
1,2030-08-18,541.56,residential,India
1,2030-08-19,506.8,residential,India
1,2030-08-20,508.4,residential,India
1,2030-08-21,511.36,residential,India
1,2030-08-22,515.93,residential,India
1,2030-08-23,541.51,residential,India
1,2030-08-24,519.52,residential,India
1,2030-08-25,554.36,residential,India
1,2030-08-26,503.81,residential,India
1,2030-08-27,543.05,residential,India
1,2030-08-28,515.48,residential,India
1,2030-08-29,517.72,residential,India
1,2030-08-30,468.07,residential,India
1,2030-08-31,533.81,residential,India
1,2030-09-01,516.29,residential,India
1,2030-09-02,533.99,residential,India
1,2030-09-03,550.63,residential,India
1,2030-09-04,523.57,residential,India
1,2030-09-05,503.92,residential,India
1,2030-09-06,511.9,residential,India
1,2030-09-07,533.05,residential,India
1,2030-09-08,477.25,residential,India
1,2030-09-09,534.1,residential,India
1,2030-09-10,530.72,residential,India
1,2030-09-11,477.49,residential,India
1,2030-09-12,541.97,residential,India
1,2030-09-13,516.96,residential,India
1,2030-09-14,505.5,residential,India
1,2030-09-15,534.48,residential,India
1,2030-09-16,560.49,residential,India
1,2030-09-17,541.96,residential,India
1,2030-09-18,529.11,residential,India
1,2030-09-19,524.35,residential,India
1,2030-09-20,536.81,residential,India
1,2030-09-21,487.59,residential,India
1,2030-09-22,550.7,residential,India
1,2030-09-23,534.01,residential,India
1,2030-09-24,559.18,residential,India
1,2030-09-25,523.71,residential,India
1,2030-09-26,538.1,residential,India
1,2030-09-27,551.54,residential,India
1,2030-09-28,559.86,residential,India
1,2030-09-29,543.42,residential,India
1,2030-09-30,533.6,residential,India
1,2030-10-01,566.21,residential,India
1,2030-10-02,532.58,residential,India
1,2030-10-03,580.81,residential,India
1,2030-10-04,574.3,residential,India
1,2030-10-05,549.04,residential,India
1,2030-10-06,518.82,residential,India
1,2030-10-07,556.82,residential,India
1,2030-10-08,540.65,residential,India
1,2030-10-09,535.63,residential,India
1,2030-10-10,538.24,residential,India
1,2030-10-11,527.97,residential,India
1,2030-10-12,550.06,residential,India
1,2030-10-13,549.42,residential,India
1,2030-10-14,502.91,residential,India
1,2030-10-15,531.47,residential,India
1,2030-10-16,561.25,residential,India
1,2030-10-17,571.59,residential,India
1,2030-10-18,514.69,residential,India
1,2030-10-19,542.62,residential,India
1,2030-10-20,547.0,residential,India
1,2030-10-21,521.68,residential,India
1,2030-10-22,549.15,residential,India
1,2030-10-23,571.88,residential,India
1,2030-10-24,542.09,residential,India
1,2030-10-25,559.19,residential,India
1,2030-10-26,549.05,residential,India
1,2030-10-27,526.11,residential,India
1,2030-10-28,512.78,residential,India
1,2030-10-29,564.08,residential,India
1,2030-10-30,529.39,residential,India
1,2030-10-31,554.03,residential,India
1,2030-11-01,577.85,residential,India
1,2030-11-02,584.31,residential,India
1,2030-11-03,550.66,residential,India
1,2030-11-04,523.44,residential,India
1,2030-11-05,509.57,residential,India
1,2030-11-06,569.89,residential,India
1,2030-11-07,531.88,residential,India
1,2030-11-08,529.47,residential,India
1,2030-11-09,604.26,residential,India
1,2030-11-10,549.11,residential,India
1,2030-11-11,581.38,residential,India
1,2030-11-12,567.64,residential,India
1,2030-11-13,564.88,residential,India
1,2030-11-14,538.94,residential,India
1,2030-11-15,549.35,residential,India
1,2030-11-16,534.33,residential,India
1,2030-11-17,532.64,residential,India
1,2030-11-18,571.19,residential,India
1,2030-11-19,551.37,residential,India
1,2030-11-20,537.42,residential,India
1,2030-11-21,553.14,residential,India
1,2030-11-22,582.51,residential,India
1,2030-11-23,571.29,residential,India
1,2030-11-24,588.42,residential,India
1,2030-11-25,551.33,residential,India
1,2030-11-26,571.43,residential,India
1,2030-11-27,568.53,residential,India
1,2030-11-28,551.58,residential,India
1,2030-11-29,584.39,residential,India
1,2030-11-30,603.34,residential,India
1,2030-12-01,583.22,residential,India
1,2030-12-02,576.35,residential,India
1,2030-12-03,572.15,residential,India
1,2030-12-04,558.74,residential,India
1,2030-12-05,547.96,residential,India
1,2030-12-06,580.56,residential,India
1,2030-12-07,530.47,residential,India
1,2030-12-08,543.71,residential,India
1,2030-12-09,571.55,residential,India
1,2030-12-10,578.58,residential,India
1,2030-12-11,586.92,residential,India
1,2030-12-12,548.11,residential,India
1,2030-12-13,600.44,residential,India
1,2030-12-14,583.84,residential,India
1,2030-12-15,561.6,residential,India
1,2030-12-16,554.02,residential,India
1,2030-12-17,598.55,residential,India
1,2030-12-18,588.02,residential,India
1,2030-12-19,578.98,residential,India
1,2030-12-20,566.34,residential,India
1,2030-12-21,548.1,residential,India
1,2030-12-22,544.15,residential,India
1,2030-12-23,566.04,residential,India
1,2030-12-24,561.88,residential,India
1,2030-12-25,540.8,residential,India
1,2030-12-26,543.85,residential,India
1,2030-12-27,600.85,residential,India
1,2030-12-28,537.96,residential,India
1,2030-12-29,594.73,residential,India
1,2030-12-30,558.53,residential,India
1,2030-12-31,533.37,residential,India
1,2031-01-01,527.9,residential,India
1,2031-01-02,550.86,residential,India
1,2031-01-03,581.83,residential,India
1,2031-01-04,589.84,residential,India
1,2031-01-05,555.49,residential,India
1,2031-01-06,551.58,residential,India
1,2031-01-07,562.52,residential,India
1,2031-01-08,559.48,residential,India
1,2031-01-09,555.34,residential,India
1,2031-01-10,574.73,residential,India
1,2031-01-11,555.16,residential,India
1,2031-01-12,581.14,residential,India
1,2031-01-13,581.0,residential,India
1,2031-01-14,580.1,residential,India
1,2031-01-15,605.06,residential,India
1,2031-01-16,572.19,residential,India
1,2031-01-17,553.49,residential,India
1,2031-01-18,604.2,residential,India
1,2031-01-19,556.02,residential,India
1,2031-01-20,557.37,residential,India
1,2031-01-21,561.71,residential,India
1,2031-01-22,586.82,residential,India
1,2031-01-23,608.32,residential,India
1,2031-01-24,590.1,residential,India
1,2031-01-25,561.9,residential,India
1,2031-01-26,555.73,residential,India
1,2031-01-27,596.87,residential,India
1,2031-01-28,558.63,residential,India
1,2031-01-29,585.09,residential,India
1,2031-01-30,573.6,residential,India
1,2031-01-31,564.86,residential,India
1,2031-02-01,589.65,residential,India
1,2031-02-02,580.65,residential,India
1,2031-02-03,609.95,residential,India
1,2031-02-04,557.31,residential,India
1,2031-02-05,553.2,residential,India
1,2031-02-06,564.89,residential,India
1,2031-02-07,552.85,residential,India
1,2031-02-08,590.78,residential,India
1,2031-02-09,583.13,residential,India
1,2031-02-10,541.73,residential,India
1,2031-02-11,547.63,residential,India
1,2031-02-12,619.98,residential,India
1,2031-02-13,591.84,residential,India
1,2031-02-14,574.74,residential,India
1,2031-02-15,571.61,residential,India
1,2031-02-16,570.04,residential,India
1,2031-02-17,586.87,residential,India
1,2031-02-18,551.58,residential,India
1,2031-02-19,588.8,residential,India
1,2031-02-20,575.11,residential,India
1,2031-02-21,572.13,residential,India
1,2031-02-22,584.98,residential,India
1,2031-02-23,579.89,residential,India
1,2031-02-24,584.97,residential,India
1,2031-02-25,586.91,residential,India
1,2031-02-26,594.29,residential,India
1,2031-02-27,607.69,residential,India
1,2031-02-28,579.84,residential,India
1,2031-03-01,602.39,residential,India
1,2031-03-02,585.69,residential,India
1,2031-03-03,621.71,residential,India
1,2031-03-04,584.1,residential,India
1,2031-03-05,568.7,residential,India
1,2031-03-06,550.92,residential,India
1,2031-03-07,579.27,residential,India
1,2031-03-08,601.53,residential,India
1,2031-03-09,570.5,residential,India
1,2031-03-10,590.62,residential,India
1,2031-03-11,614.33,residential,India
1,2031-03-12,569.03,residential,India
1,2031-03-13,609.39,residential,India
1,2031-03-14,628.2,residential,India
1,2031-03-15,577.07,residential,India
1,2031-03-16,572.48,residential,India
1,2031-03-17,602.56,residential,India
1,2031-03-18,591.04,residential,India
1,2031-03-19,593.89,residential,India
1,2031-03-20,559.0,residential,India
1,2031-03-21,590.31,residential,India
1,2031-03-22,580.0,residential,India
1,2031-03-23,603.96,residential,India
1,2031-03-24,645.47,residential,India
1,2031-03-25,599.57,residential,India
1,2031-03-26,612.23,residential,India
1,2031-03-27,607.73,residential,India
1,2031-03-28,604.52,residential,India
1,2031-03-29,578.69,residential,India
1,2031-03-30,601.7,residential,India
1,2031-03-31,579.25,residential,India
1,2031-04-01,589.58,residential,India
1,2031-04-02,549.23,residential,India
1,2031-04-03,578.92,residential,India
1,2031-04-04,614.77,residential,India
1,2031-04-05,627.7,residential,India
1,2031-04-06,575.5,residential,India
1,2031-04-07,604.04,residential,India
1,2031-04-08,585.6,residential,India
1,2031-04-09,571.79,residential,India
1,2031-04-10,627.09,residential,India
1,2031-04-11,583.97,residential,India
1,2031-04-12,579.7,residential,India
1,2031-04-13,627.64,residential,India
1,2031-04-14,629.21,residential,India
1,2031-04-15,589.35,residential,India
1,2031-04-16,606.79,residential,India
1,2031-04-17,577.75,residential,India
1,2031-04-18,611.78,residential,India
1,2031-04-19,604.5,residential,India
1,2031-04-20,605.37,residential,India
1,2031-04-21,588.91,residential,India
1,2031-04-22,605.19,residential,India
1,2031-04-23,603.62,residential,India
1,2031-04-24,614.07,residential,India
1,2031-04-25,607.33,residential,India
1,2031-04-26,597.83,residential,India
1,2031-04-27,592.51,residential,India
1,2031-04-28,598.84,residential,India
1,2031-04-29,576.3,residential,India
1,2031-04-30,611.29,residential,India
1,2031-05-01,568.06,residential,India
1,2031-05-02,588.5,residential,India
1,2031-05-03,606.35,residential,India
1,2031-05-04,604.0,residential,India
1,2031-05-05,597.68,residential,India
1,2031-05-06,616.87,residential,India
1,2031-05-07,633.68,residential,India
1,2031-05-08,588.47,residential,India
1,2031-05-09,632.08,residential,India
1,2031-05-10,628.98,residential,India
1,2031-05-11,606.26,residential,India
1,2031-05-12,642.8,residential,India
1,2031-05-13,607.45,residential,India
1,2031-05-14,609.5,residential,India
1,2031-05-15,623.17,residential,India
1,2031-05-16,588.7,residential,India
1,2031-05-17,607.36,residential,India
1,2031-05-18,605.43,residential,India
1,2031-05-19,604.24,residential,India
1,2031-05-20,657.25,residential,India
1,2031-05-21,578.42,residential,India
1,2031-05-22,599.96,residential,India
1,2031-05-23,591.97,residential,India
1,2031-05-24,635.76,residential,India
1,2031-05-25,598.13,residential,India
1,2031-05-26,596.29,residential,India
1,2031-05-27,618.03,residential,India
1,2031-05-28,603.3,residential,India
1,2031-05-29,622.24,residential,India
1,2031-05-30,564.72,residential,India
1,2031-05-31,628.58,residential,India
1,2031-06-01,629.92,residential,India
1,2031-06-02,626.43,residential,India
1,2031-06-03,627.58,residential,India
1,2031-06-04,632.04,residential,India
1,2031-06-05,587.98,residential,India
1,2031-06-06,597.27,residential,India
1,2031-06-07,597.99,residential,India
1,2031-06-08,610.95,residential,India
1,2031-06-09,610.61,residential,India
1,2031-06-10,624.75,residential,India
1,2031-06-11,633.47,residential,India
1,2031-06-12,624.93,residential,India
1,2031-06-13,592.87,residential,India
1,2031-06-14,610.15,residential,India
1,2031-06-15,629.98,residential,India
1,2031-06-16,656.22,residential,India
1,2031-06-17,631.55,residential,India
1,2031-06-18,567.65,residential,India
1,2031-06-19,610.89,residential,India
1,2031-06-20,633.28,residential,India
1,2031-06-21,624.78,residential,India
1,2031-06-22,608.17,residential,India
1,2031-06-23,620.99,residential,India
1,2031-06-24,606.2,residential,India
1,2031-06-25,619.5,residential,India
1,2031-06-26,620.96,residential,India
1,2031-06-27,606.29,residential,India
1,2031-06-28,619.73,residential,India
1,2031-06-29,632.23,residential,India
1,2031-06-30,623.94,residential,India
1,2031-07-01,623.39,residential,India
1,2031-07-02,606.18,residential,India
1,2031-07-03,598.8,residential,India
1,2031-07-04,611.08,residential,India
1,2031-07-05,586.95,residential,India
1,2031-07-06,592.8,residential,India
1,2031-07-07,648.6,residential,India
1,2031-07-08,628.87,residential,India
1,2031-07-09,604.85,residential,India
1,2031-07-10,638.57,residential,India
1,2031-07-11,608.47,residential,India
1,2031-07-12,615.68,residential,India
1,2031-07-13,645.62,residential,India
1,2031-07-14,588.18,residential,India
1,2031-07-15,618.37,residential,India
1,2031-07-16,627.25,residential,India
1,2031-07-17,607.91,residential,India
1,2031-07-18,599.7,residential,India
1,2031-07-19,614.48,residential,India
1,2031-07-20,613.55,residential,India
1,2031-07-21,571.77,residential,India
1,2031-07-22,651.04,residential,India
1,2031-07-23,623.32,residential,India
1,2031-07-24,622.92,residential,India
1,2031-07-25,628.0,residential,India
1,2031-07-26,616.27,residential,India
1,2031-07-27,608.71,residential,India
1,2031-07-28,600.74,residential,India
1,2031-07-29,555.14,residential,India
1,2031-07-30,625.4,residential,India
1,2031-07-31,591.74,residential,India
1,2031-08-01,594.48,residential,India
1,2031-08-02,636.57,residential,India
1,2031-08-03,601.35,residential,India
1,2031-08-04,657.7,residential,India
1,2031-08-05,602.05,residential,India
1,2031-08-06,613.16,residential,India
1,2031-08-07,672.72,residential,India
1,2031-08-08,651.36,residential,India
1,2031-08-09,639.41,residential,India
1,2031-08-10,637.07,residential,India
1,2031-08-11,581.77,residential,India
1,2031-08-12,613.77,residential,India
1,2031-08-13,616.52,residential,India
1,2031-08-14,642.33,residential,India
1,2031-08-15,651.9,residential,India
1,2031-08-16,643.79,residential,India
1,2031-08-17,608.54,residential,India
1,2031-08-18,632.21,residential,India
1,2031-08-19,629.53,residential,India
1,2031-08-20,593.73,residential,India
1,2031-08-21,605.17,residential,India
1,2031-08-22,619.25,residential,India
1,2031-08-23,608.37,residential,India
1,2031-08-24,651.6,residential,India
1,2031-08-25,627.35,residential,India
1,2031-08-26,601.37,residential,India
1,2031-08-27,600.31,residential,India
1,2031-08-28,653.66,residential,India
1,2031-08-29,635.98,residential,India
1,2031-08-30,646.62,residential,India
1,2031-08-31,603.08,residential,India
1,2031-09-01,595.72,residential,India
1,2031-09-02,613.5,residential,India
1,2031-09-03,663.3,residential,India
1,2031-09-04,625.24,residential,India
1,2031-09-05,601.7,residential,India
1,2031-09-06,618.19,residential,India
1,2031-09-07,586.21,residential,India
1,2031-09-08,629.41,residential,India
1,2031-09-09,606.25,residential,India
1,2031-09-10,626.18,residential,India
1,2031-09-11,586.75,residential,India
1,2031-09-12,627.84,residential,India
1,2031-09-13,601.86,residential,India
1,2031-09-14,638.01,residential,India
1,2031-09-15,616.5,residential,India
1,2031-09-16,606.36,residential,India
1,2031-09-17,583.9,residential,India
1,2031-09-18,624.67,residential,India
1,2031-09-19,674.35,residential,India
1,2031-09-20,637.16,residential,India
1,2031-09-21,607.09,residential,India
1,2031-09-22,656.42,residential,India
1,2031-09-23,637.65,residential,India
1,2031-09-24,604.25,residential,India
1,2031-09-25,623.78,residential,India
1,2031-09-26,600.17,residential,India
1,2031-09-27,632.75,residential,India
1,2031-09-28,585.88,residential,India
1,2031-09-29,619.56,residential,India
1,2031-09-30,627.53,residential,India
1,2031-10-01,579.02,residential,India
1,2031-10-02,652.09,residential,India
1,2031-10-03,635.25,residential,India
1,2031-10-04,620.51,residential,India
1,2031-10-05,609.43,residential,India
1,2031-10-06,642.76,residential,India
1,2031-10-07,616.98,residential,India
1,2031-10-08,630.91,residential,India
1,2031-10-09,600.16,residential,India
1,2031-10-10,635.16,residential,India
1,2031-10-11,616.5,residential,India
1,2031-10-12,619.26,residential,India
1,2031-10-13,603.96,residential,India
1,2031-10-14,568.65,residential,India
1,2031-10-15,617.82,residential,India
1,2031-10-16,604.03,residential,India
1,2031-10-17,633.81,residential,India
1,2031-10-18,659.5,residential,India
1,2031-10-19,639.35,residential,India
1,2031-10-20,605.07,residential,India
1,2031-10-21,623.93,residential,India
1,2031-10-22,641.11,residential,India
1,2031-10-23,631.13,residential,India
1,2031-10-24,573.92,residential,India
1,2031-10-25,617.67,residential,India
1,2031-10-26,587.18,residential,India
1,2031-10-27,625.59,residential,India
1,2031-10-28,600.46,residential,India
1,2031-10-29,626.96,residential,India
1,2031-10-30,607.94,residential,India
1,2031-10-31,612.06,residential,India
1,2031-11-01,602.11,residential,India
1,2031-11-02,601.53,residential,India
1,2031-11-03,592.07,residential,India
1,2031-11-04,630.39,residential,India
1,2031-11-05,596.56,residential,India
1,2031-11-06,604.8,residential,India
1,2031-11-07,639.39,residential,India
1,2031-11-08,637.38,residential,India
1,2031-11-09,603.91,residential,India
1,2031-11-10,602.48,residential,India
1,2031-11-11,638.04,residential,India
1,2031-11-12,609.47,residential,India
1,2031-11-13,654.64,residential,India
1,2031-11-14,623.37,residential,India
1,2031-11-15,615.96,residential,India
1,2031-11-16,602.07,residential,India
1,2031-11-17,600.96,residential,India
1,2031-11-18,622.02,residential,India
1,2031-11-19,605.83,residential,India
1,2031-11-20,588.86,residential,India
1,2031-11-21,659.52,residential,India
1,2031-11-22,607.8,residential,India
1,2031-11-23,641.62,residential,India
1,2031-11-24,636.56,residential,India
1,2031-11-25,592.97,residential,India
1,2031-11-26,619.59,residential,India
1,2031-11-27,593.14,residential,India
1,2031-11-28,623.93,residential,India
1,2031-11-29,625.52,residential,India
1,2031-11-30,624.63,residential,India
1,2031-12-01,608.12,residential,India
1,2031-12-02,634.82,residential,India
1,2031-12-03,573.55,residential,India
1,2031-12-04,608.39,residential,India
1,2031-12-05,614.33,residential,India
1,2031-12-06,632.68,residential,India
1,2031-12-07,620.31,residential,India
1,2031-12-08,596.97,residential,India
1,2031-12-09,596.14,residential,India
1,2031-12-10,595.41,residential,India
1,2031-12-11,594.07,residential,India
1,2031-12-12,606.81,residential,India
1,2031-12-13,599.83,residential,India
1,2031-12-14,598.42,residential,India
1,2031-12-15,629.32,residential,India
1,2031-12-16,587.04,residential,India
1,2031-12-17,555.36,residential,India
1,2031-12-18,620.21,residential,India
1,2031-12-19,584.96,residential,India
1,2031-12-20,620.3,residential,India
1,2031-12-21,610.59,residential,India
1,2031-12-22,619.31,residential,India
1,2031-12-23,619.15,residential,India
1,2031-12-24,624.52,residential,India
1,2031-12-25,621.47,residential,India
1,2031-12-26,585.65,residential,India
1,2031-12-27,635.5,residential,India
1,2031-12-28,614.56,residential,India
1,2031-12-29,603.5,residential,India
1,2031-12-30,576.28,residential,India
1,2031-12-31,650.1,residential,India
1,2032-01-01,600.11,residential,India
1,2032-01-02,607.32,residential,India
1,2032-01-03,602.65,residential,India
1,2032-01-04,603.05,residential,India
1,2032-01-05,647.82,residential,India
1,2032-01-06,604.87,residential,India
1,2032-01-07,615.4,residential,India
1,2032-01-08,585.43,residential,India
1,2032-01-09,642.15,residential,India
1,2032-01-10,611.35,residential,India
1,2032-01-11,609.58,residential,India
1,2032-01-12,568.8,residential,India
1,2032-01-13,618.01,residential,India
1,2032-01-14,581.09,residential,India
1,2032-01-15,590.65,residential,India
1,2032-01-16,580.57,residential,India
1,2032-01-17,590.27,residential,India
1,2032-01-18,590.91,residential,India
1,2032-01-19,624.23,residential,India
1,2032-01-20,616.64,residential,India
1,2032-01-21,623.22,residential,India
1,2032-01-22,618.81,residential,India
1,2032-01-23,581.49,residential,India
1,2032-01-24,604.58,residential,India
1,2032-01-25,604.68,residential,India
1,2032-01-26,622.61,residential,India
1,2032-01-27,568.05,residential,India
1,2032-01-28,603.24,residential,India
1,2032-01-29,608.05,residential,India
1,2032-01-30,618.09,residential,India
1,2032-01-31,608.55,residential,India
1,2032-02-01,595.3,residential,India
1,2032-02-02,612.91,residential,India
1,2032-02-03,577.21,residential,India
1,2032-02-04,536.98,residential,India
1,2032-02-05,595.49,residential,India
1,2032-02-06,610.3,residential,India
1,2032-02-07,586.74,residential,India
1,2032-02-08,625.96,residential,India
1,2032-02-09,605.05,residential,India
1,2032-02-10,619.99,residential,India
1,2032-02-11,605.9,residential,India
1,2032-02-12,553.94,residential,India
1,2032-02-13,578.3,residential,India
1,2032-02-14,611.75,residential,India
1,2032-02-15,612.65,residential,India
1,2032-02-16,586.1,residential,India
1,2032-02-17,605.37,residential,India
1,2032-02-18,633.56,residential,India
1,2032-02-19,586.85,residential,India
1,2032-02-20,597.89,residential,India
1,2032-02-21,605.65,residential,India
1,2032-02-22,612.82,residential,India
1,2032-02-23,645.73,residential,India
1,2032-02-24,620.66,residential,India
1,2032-02-25,596.2,residential,India
1,2032-02-26,563.16,residential,India
1,2032-02-27,599.97,residential,India
1,2032-02-28,608.7,residential,India
1,2032-02-29,621.33,residential,India
1,2032-03-01,568.83,residential,India
1,2032-03-02,624.79,residential,India
1,2032-03-03,569.03,residential,India
1,2032-03-04,586.21,residential,India
1,2032-03-05,583.87,residential,India
1,2032-03-06,604.86,residential,India
1,2032-03-07,632.85,residential,India
1,2032-03-08,602.85,residential,India
1,2032-03-09,608.22,residential,India
1,2032-03-10,563.99,residential,India
1,2032-03-11,586.26,residential,India
1,2032-03-12,605.06,residential,India
1,2032-03-13,584.45,residential,India
1,2032-03-14,628.11,residential,India
1,2032-03-15,600.99,residential,India
1,2032-03-16,581.7,residential,India
1,2032-03-17,582.06,residential,India
1,2032-03-18,613.99,residential,India
1,2032-03-19,608.49,residential,India
1,2032-03-20,604.57,residential,India
1,2032-03-21,564.46,residential,India
1,2032-03-22,588.18,residential,India
1,2032-03-23,610.99,residential,India
1,2032-03-24,601.52,residential,India
1,2032-03-25,635.43,residential,India
1,2032-03-26,617.01,residential,India
1,2032-03-27,585.45,residential,India
1,2032-03-28,570.48,residential,India
1,2032-03-29,584.1,residential,India
1,2032-03-30,559.05,residential,India
1,2032-03-31,579.12,residential,India
1,2032-04-01,550.2,residential,India
1,2032-04-02,579.17,residential,India
1,2032-04-03,608.34,residential,India
1,2032-04-04,622.71,residential,India
1,2032-04-05,564.09,residential,India
1,2032-04-06,583.83,residential,India
1,2032-04-07,572.75,residential,India
1,2032-04-08,593.17,residential,India
1,2032-04-09,587.2,residential,India
1,2032-04-10,602.94,residential,India
1,2032-04-11,584.8,residential,India
1,2032-04-12,598.46,residential,India
1,2032-04-13,566.2,residential,India
1,2032-04-14,581.79,residential,India
1,2032-04-15,586.0,residential,India
1,2032-04-16,579.62,residential,India
1,2032-04-17,552.43,residential,India
1,2032-04-18,585.57,residential,India
1,2032-04-19,541.85,residential,India
1,2032-04-20,578.55,residential,India
1,2032-04-21,606.64,residential,India
1,2032-04-22,569.19,residential,India
1,2032-04-23,571.27,residential,India
1,2032-04-24,581.48,residential,India
1,2032-04-25,591.29,residential,India
1,2032-04-26,586.01,residential,India
1,2032-04-27,597.43,residential,India
1,2032-04-28,603.92,residential,India
1,2032-04-29,578.87,residential,India
1,2032-04-30,568.33,residential,India
1,2032-05-01,624.09,residential,India
1,2032-05-02,556.33,residential,India
1,2032-05-03,542.6,residential,India
1,2032-05-04,558.83,residential,India
1,2032-05-05,566.07,residential,India
1,2032-05-06,573.85,residential,India
1,2032-05-07,573.9,residential,India
1,2032-05-08,560.83,residential,India
1,2032-05-09,561.31,residential,India
1,2032-05-10,578.0,residential,India
1,2032-05-11,580.61,residential,India
1,2032-05-12,601.93,residential,India
1,2032-05-13,585.34,residential,India
1,2032-05-14,556.13,residential,India
1,2032-05-15,597.02,residential,India
1,2032-05-16,543.28,residential,India
1,2032-05-17,564.27,residential,India
1,2032-05-18,568.63,residential,India
1,2032-05-19,558.41,residential,India
1,2032-05-20,578.83,residential,India
1,2032-05-21,573.81,residential,India
1,2032-05-22,535.75,residential,India
1,2032-05-23,578.59,residential,India
1,2032-05-24,596.7,residential,India
1,2032-05-25,563.47,residential,India
1,2032-05-26,555.09,residential,India
1,2032-05-27,531.07,residential,India
1,2032-05-28,551.72,residential,India
1,2032-05-29,563.37,residential,India
1,2032-05-30,596.18,residential,India
1,2032-05-31,567.5,residential,India
1,2032-06-01,522.18,residential,India
1,2032-06-02,566.19,residential,India
1,2032-06-03,527.22,residential,India
1,2032-06-04,568.77,residential,India
1,2032-06-05,575.38,residential,India
1,2032-06-06,574.22,residential,India
1,2032-06-07,592.51,residential,India
1,2032-06-08,591.9,residential,India
1,2032-06-09,561.27,residential,India
1,2032-06-10,607.45,residential,India
1,2032-06-11,586.54,residential,India
1,2032-06-12,596.51,residential,India
1,2032-06-13,552.45,residential,India
1,2032-06-14,574.13,residential,India
1,2032-06-15,565.8,residential,India
1,2032-06-16,552.51,residential,India
1,2032-06-17,519.78,residential,India
1,2032-06-18,561.73,residential,India
1,2032-06-19,569.32,residential,India
1,2032-06-20,532.55,residential,India
1,2032-06-21,550.2,residential,India
1,2032-06-22,562.52,residential,India
1,2032-06-23,552.34,residential,India
1,2032-06-24,546.28,residential,India
1,2032-06-25,560.65,residential,India
1,2032-06-26,582.66,residential,India
1,2032-06-27,566.37,residential,India
1,2032-06-28,545.56,residential,India
1,2032-06-29,581.82,residential,India
1,2032-06-30,553.74,residential,India
1,2032-07-01,564.38,residential,India
1,2032-07-02,577.32,residential,India
1,2032-07-03,569.9,residential,India
1,2032-07-04,555.91,residential,India
1,2032-07-05,572.71,residential,India
1,2032-07-06,552.72,residential,India
1,2032-07-07,541.32,residential,India
1,2032-07-08,566.2,residential,India
1,2032-07-09,534.2,residential,India
1,2032-07-10,553.53,residential,India
1,2032-07-11,562.48,residential,India
1,2032-07-12,552.95,residential,India
1,2032-07-13,545.75,residential,India
1,2032-07-14,594.68,residential,India
1,2032-07-15,557.49,residential,India
1,2032-07-16,579.85,residential,India
1,2032-07-17,567.59,residential,India
1,2032-07-18,562.97,residential,India
1,2032-07-19,557.33,residential,India
1,2032-07-20,555.81,residential,India
1,2032-07-21,563.89,residential,India
1,2032-07-22,525.93,residential,India
1,2032-07-23,562.2,residential,India
1,2032-07-24,537.99,residential,India
1,2032-07-25,549.39,residential,India
1,2032-07-26,597.53,residential,India
1,2032-07-27,565.78,residential,India
1,2032-07-28,553.94,residential,India
1,2032-07-29,559.16,residential,India
1,2032-07-30,569.42,residential,India
1,2032-07-31,578.24,residential,India
1,2032-08-01,532.17,residential,India
1,2032-08-02,539.82,residential,India
1,2032-08-03,512.73,residential,India
1,2032-08-04,568.74,residential,India
1,2032-08-05,543.29,residential,India
1,2032-08-06,569.04,residential,India
1,2032-08-07,544.51,residential,India
1,2032-08-08,546.19,residential,India
1,2032-08-09,546.64,residential,India
1,2032-08-10,573.95,residential,India
1,2032-08-11,546.42,residential,India
1,2032-08-12,583.6,residential,India
1,2032-08-13,550.23,residential,India
1,2032-08-14,553.92,residential,India
1,2032-08-15,559.34,residential,India
1,2032-08-16,576.97,residential,India
1,2032-08-17,585.49,residential,India
1,2032-08-18,597.88,residential,India
1,2032-08-19,533.21,residential,India
1,2032-08-20,541.87,residential,India
1,2032-08-21,560.36,residential,India
1,2032-08-22,555.36,residential,India
1,2032-08-23,574.66,residential,India
1,2032-08-24,532.21,residential,India
1,2032-08-25,582.83,residential,India
1,2032-08-26,533.65,residential,India
1,2032-08-27,577.17,residential,India
1,2032-08-28,520.49,residential,India
1,2032-08-29,561.08,residential,India
1,2032-08-30,572.66,residential,India
1,2032-08-31,547.19,residential,India
1,2032-09-01,541.97,residential,India
1,2032-09-02,558.96,residential,India
1,2032-09-03,562.47,residential,India
1,2032-09-04,563.89,residential,India
1,2032-09-05,537.62,residential,India
1,2032-09-06,577.46,residential,India
1,2032-09-07,547.77,residential,India
1,2032-09-08,530.9,residential,India
1,2032-09-09,559.97,residential,India
1,2032-09-10,572.37,residential,India
1,2032-09-11,585.13,residential,India
1,2032-09-12,552.65,residential,India
1,2032-09-13,525.41,residential,India
1,2032-09-14,540.51,residential,India
1,2032-09-15,594.49,residential,India
1,2032-09-16,540.59,residential,India
1,2032-09-17,559.02,residential,India
1,2032-09-18,555.79,residential,India
1,2032-09-19,576.41,residential,India
1,2032-09-20,558.97,residential,India
1,2032-09-21,512.12,residential,India
1,2032-09-22,544.21,residential,India
1,2032-09-23,561.6,residential,India
1,2032-09-24,567.49,residential,India
1,2032-09-25,532.39,residential,India
1,2032-09-26,592.75,residential,India
1,2032-09-27,547.94,residential,India
1,2032-09-28,553.06,residential,India
1,2032-09-29,539.96,residential,India
1,2032-09-30,527.96,residential,India
1,2032-10-01,584.36,residential,India
1,2032-10-02,561.65,residential,India
1,2032-10-03,559.96,residential,India
1,2032-10-04,540.97,residential,India
1,2032-10-05,564.83,residential,India
1,2032-10-06,548.42,residential,India
1,2032-10-07,555.08,residential,India
1,2032-10-08,517.09,residential,India
1,2032-10-09,559.01,residential,India
1,2032-10-10,570.31,residential,India
1,2032-10-11,537.61,residential,India
1,2032-10-12,552.63,residential,India
1,2032-10-13,558.97,residential,India
1,2032-10-14,565.66,residential,India
1,2032-10-15,570.11,residential,India
1,2032-10-16,519.05,residential,India
1,2032-10-17,525.15,residential,India
1,2032-10-18,514.24,residential,India
1,2032-10-19,515.02,residential,India
1,2032-10-20,542.78,residential,India
1,2032-10-21,523.89,residential,India
1,2032-10-22,546.14,residential,India
1,2032-10-23,553.85,residential,India
1,2032-10-24,564.53,residential,India
1,2032-10-25,606.84,residential,India
1,2032-10-26,534.89,residential,India
1,2032-10-27,558.74,residential,India
1,2032-10-28,560.65,residential,India
1,2032-10-29,544.12,residential,India
1,2032-10-30,535.43,residential,India
1,2032-10-31,560.27,residential,India
1,2032-11-01,570.27,residential,India
1,2032-11-02,513.9,residential,India
1,2032-11-03,541.73,residential,India
1,2032-11-04,579.53,residential,India
1,2032-11-05,539.36,residential,India
1,2032-11-06,525.58,residential,India
1,2032-11-07,578.4,residential,India
1,2032-11-08,535.56,residential,India
1,2032-11-09,558.2,residential,India
1,2032-11-10,570.12,residential,India
1,2032-11-11,587.7,residential,India
1,2032-11-12,494.14,residential,India
1,2032-11-13,534.98,residential,India
1,2032-11-14,586.34,residential,India
1,2032-11-15,549.9,residential,India
1,2032-11-16,547.56,residential,India
1,2032-11-17,544.34,residential,India
1,2032-11-18,561.18,residential,India
1,2032-11-19,530.04,residential,India
1,2032-11-20,554.8,residential,India
1,2032-11-21,544.51,residential,India
1,2032-11-22,533.72,residential,India
1,2032-11-23,530.14,residential,India
1,2032-11-24,543.23,residential,India
1,2032-11-25,522.05,residential,India
1,2032-11-26,551.16,residential,India
1,2032-11-27,563.31,residential,India
1,2032-11-28,532.42,residential,India
1,2032-11-29,531.66,residential,India
1,2032-11-30,502.89,residential,India
1,2032-12-01,503.24,residential,India
1,2032-12-02,500.09,residential,India
1,2032-12-03,573.11,residential,India
1,2032-12-04,530.8,residential,India
1,2032-12-05,533.39,residential,India
1,2032-12-06,521.6,residential,India
1,2032-12-07,535.31,residential,India
1,2032-12-08,522.32,residential,India
1,2032-12-09,559.56,residential,India
1,2032-12-10,532.05,residential,India
1,2032-12-11,554.72,residential,India
1,2032-12-12,547.1,residential,India
1,2032-12-13,540.42,residential,India
1,2032-12-14,549.12,residential,India
1,2032-12-15,560.68,residential,India
1,2032-12-16,581.72,residential,India
1,2032-12-17,525.94,residential,India
1,2032-12-18,547.89,residential,India
1,2032-12-19,537.24,residential,India
1,2032-12-20,565.31,residential,India
1,2032-12-21,537.35,residential,India
1,2032-12-22,550.06,residential,India
1,2032-12-23,523.79,residential,India
1,2032-12-24,542.33,residential,India
1,2032-12-25,534.21,residential,India
1,2032-12-26,543.49,residential,India
1,2032-12-27,576.48,residential,India
1,2032-12-28,522.5,residential,India
1,2032-12-29,533.11,residential,India
1,2032-12-30,509.87,residential,India
1,2032-12-31,518.31,residential,India
1,2033-01-01,552.55,residential,India
1,2033-01-02,534.99,residential,India
1,2033-01-03,586.62,residential,India
1,2033-01-04,503.44,residential,India
1,2033-01-05,545.46,residential,India
1,2033-01-06,539.81,residential,India
1,2033-01-07,535.7,residential,India
1,2033-01-08,490.79,residential,India
1,2033-01-09,504.51,residential,India
1,2033-01-10,570.98,residential,India
1,2033-01-11,559.54,residential,India
1,2033-01-12,534.66,residential,India
1,2033-01-13,561.2,residential,India
1,2033-01-14,576.66,residential,India
1,2033-01-15,509.31,residential,India
1,2033-01-16,537.61,residential,India
1,2033-01-17,561.08,residential,India
1,2033-01-18,508.88,residential,India
1,2033-01-19,546.87,residential,India
1,2033-01-20,522.81,residential,India
1,2033-01-21,542.25,residential,India
1,2033-01-22,542.34,residential,India
1,2033-01-23,548.59,residential,India
1,2033-01-24,530.04,residential,India
1,2033-01-25,555.91,residential,India
1,2033-01-26,541.4,residential,India
1,2033-01-27,526.2,residential,India
1,2033-01-28,555.89,residential,India
1,2033-01-29,578.56,residential,India
1,2033-01-30,555.95,residential,India
1,2033-01-31,524.44,residential,India
1,2033-02-01,541.28,residential,India
1,2033-02-02,562.16,residential,India
1,2033-02-03,516.96,residential,India
1,2033-02-04,560.25,residential,India
1,2033-02-05,553.56,residential,India
1,2033-02-06,546.76,residential,India
1,2033-02-07,557.8,residential,India
1,2033-02-08,546.93,residential,India
1,2033-02-09,531.9,residential,India
1,2033-02-10,548.45,residential,India
1,2033-02-11,566.12,residential,India
1,2033-02-12,515.17,residential,India
1,2033-02-13,533.84,residential,India
1,2033-02-14,520.06,residential,India
1,2033-02-15,566.8,residential,India
1,2033-02-16,535.65,residential,India
1,2033-02-17,567.15,residential,India
1,2033-02-18,525.29,residential,India
1,2033-02-19,505.12,residential,India
1,2033-02-20,561.09,residential,India
1,2033-02-21,553.25,residential,India
1,2033-02-22,555.51,residential,India
1,2033-02-23,511.97,residential,India
1,2033-02-24,530.54,residential,India
1,2033-02-25,546.07,residential,India
1,2033-02-26,507.28,residential,India
1,2033-02-27,557.29,residential,India
1,2033-02-28,571.79,residential,India
1,2033-03-01,527.9,residential,India
1,2033-03-02,543.67,residential,India
1,2033-03-03,516.26,residential,India
1,2033-03-04,550.73,residential,India
1,2033-03-05,552.83,residential,India
1,2033-03-06,565.3,residential,India
1,2033-03-07,561.25,residential,India
1,2033-03-08,529.91,residential,India
1,2033-03-09,522.6,residential,India
1,2033-03-10,517.8,residential,India
1,2033-03-11,532.97,residential,India
1,2033-03-12,584.99,residential,India
1,2033-03-13,533.49,residential,India
1,2033-03-14,540.51,residential,India
1,2033-03-15,563.95,residential,India
1,2033-03-16,543.8,residential,India
1,2033-03-17,543.82,residential,India
1,2033-03-18,504.41,residential,India
1,2033-03-19,539.28,residential,India
1,2033-03-20,559.37,residential,India
1,2033-03-21,533.48,residential,India
1,2033-03-22,544.2,residential,India
1,2033-03-23,550.39,residential,India
1,2033-03-24,549.61,residential,India
1,2033-03-25,552.35,residential,India
1,2033-03-26,545.08,residential,India
1,2033-03-27,542.76,residential,India
1,2033-03-28,555.81,residential,India
1,2033-03-29,533.54,residential,India
1,2033-03-30,558.49,residential,India
1,2033-03-31,583.53,residential,India
1,2033-04-01,548.94,residential,India
1,2033-04-02,532.21,residential,India
1,2033-04-03,568.86,residential,India
1,2033-04-04,538.42,residential,India
1,2033-04-05,543.58,residential,India
1,2033-04-06,572.19,residential,India
1,2033-04-07,559.75,residential,India
1,2033-04-08,531.54,residential,India
1,2033-04-09,578.09,residential,India
1,2033-04-10,535.88,residential,India
1,2033-04-11,560.72,residential,India
1,2033-04-12,520.4,residential,India
1,2033-04-13,526.7,residential,India
1,2033-04-14,558.01,residential,India
1,2033-04-15,574.33,residential,India
1,2033-04-16,548.31,residential,India
1,2033-04-17,567.28,residential,India
1,2033-04-18,571.72,residential,India
1,2033-04-19,551.33,residential,India
1,2033-04-20,553.65,residential,India
1,2033-04-21,585.77,residential,India
1,2033-04-22,594.99,residential,India
1,2033-04-23,547.84,residential,India
1,2033-04-24,553.1,residential,India
1,2033-04-25,529.89,residential,India
1,2033-04-26,545.6,residential,India
1,2033-04-27,579.35,residential,India
1,2033-04-28,547.61,residential,India
1,2033-04-29,512.57,residential,India
1,2033-04-30,582.11,residential,India
1,2033-05-01,560.76,residential,India
1,2033-05-02,571.5,residential,India
1,2033-05-03,556.52,residential,India
1,2033-05-04,592.99,residential,India
1,2033-05-05,567.88,residential,India
1,2033-05-06,560.39,residential,India
1,2033-05-07,553.01,residential,India
1,2033-05-08,580.05,residential,India
1,2033-05-09,566.09,residential,India
1,2033-05-10,566.63,residential,India
1,2033-05-11,601.29,residential,India
1,2033-05-12,558.87,residential,India
1,2033-05-13,522.9,residential,India
1,2033-05-14,552.33,residential,India
1,2033-05-15,576.38,residential,India
1,2033-05-16,577.1,residential,India
1,2033-05-17,572.99,residential,India
1,2033-05-18,558.36,residential,India
1,2033-05-19,564.65,residential,India
1,2033-05-20,565.79,residential,India
1,2033-05-21,535.4,residential,India
1,2033-05-22,592.03,residential,India
1,2033-05-23,566.7,residential,India
1,2033-05-24,556.07,residential,India
1,2033-05-25,612.76,residential,India
1,2033-05-26,543.82,residential,India
1,2033-05-27,560.06,residential,India
1,2033-05-28,555.89,residential,India
1,2033-05-29,572.28,residential,India
1,2033-05-30,567.47,residential,India
1,2033-05-31,585.24,residential,India
1,2033-06-01,542.96,residential,India
1,2033-06-02,572.1,residential,India
1,2033-06-03,588.71,residential,India
1,2033-06-04,542.23,residential,India
1,2033-06-05,573.51,residential,India
1,2033-06-06,621.18,residential,India
1,2033-06-07,585.02,residential,India
1,2033-06-08,562.86,residential,India
1,2033-06-09,547.49,residential,India
1,2033-06-10,602.94,residential,India
1,2033-06-11,538.3,residential,India
1,2033-06-12,577.89,residential,India
1,2033-06-13,526.71,residential,India
1,2033-06-14,557.94,residential,India
1,2033-06-15,555.03,residential,India
1,2033-06-16,573.99,residential,India
1,2033-06-17,561.8,residential,India
1,2033-06-18,560.3,residential,India
1,2033-06-19,577.17,residential,India
1,2033-06-20,548.19,residential,India
1,2033-06-21,562.52,residential,India
1,2033-06-22,604.37,residential,India
1,2033-06-23,596.33,residential,India
1,2033-06-24,530.67,residential,India
1,2033-06-25,589.72,residential,India
1,2033-06-26,553.51,residential,India
1,2033-06-27,551.78,residential,India
1,2033-06-28,592.32,residential,India
1,2033-06-29,574.33,residential,India
1,2033-06-30,582.72,residential,India
1,2033-07-01,590.22,residential,India
1,2033-07-02,581.58,residential,India
1,2033-07-03,593.45,residential,India
1,2033-07-04,558.09,residential,India
1,2033-07-05,568.02,residential,India
1,2033-07-06,556.44,residential,India
1,2033-07-07,542.51,residential,India
1,2033-07-08,559.8,residential,India
1,2033-07-09,563.61,residential,India
1,2033-07-10,573.02,residential,India
1,2033-07-11,597.43,residential,India
1,2033-07-12,597.91,residential,India
1,2033-07-13,595.59,residential,India
1,2033-07-14,600.7,residential,India
1,2033-07-15,571.13,residential,India
1,2033-07-16,583.86,residential,India
1,2033-07-17,587.38,residential,India
1,2033-07-18,586.25,residential,India
1,2033-07-19,588.21,residential,India
1,2033-07-20,563.88,residential,India
1,2033-07-21,583.0,residential,India
1,2033-07-22,586.33,residential,India
1,2033-07-23,598.72,residential,India
1,2033-07-24,595.36,residential,India
1,2033-07-25,606.88,residential,India
1,2033-07-26,587.58,residential,India
1,2033-07-27,570.23,residential,India
1,2033-07-28,603.85,residential,India
1,2033-07-29,605.17,residential,India
1,2033-07-30,593.39,residential,India
1,2033-07-31,580.94,residential,India
1,2033-08-01,561.22,residential,India
1,2033-08-02,583.61,residential,India
1,2033-08-03,591.85,residential,India
1,2033-08-04,584.84,residential,India
1,2033-08-05,603.28,residential,India
1,2033-08-06,609.18,residential,India
1,2033-08-07,605.27,residential,India
1,2033-08-08,581.36,residential,India
1,2033-08-09,585.16,residential,India
1,2033-08-10,563.36,residential,India
1,2033-08-11,575.82,residential,India
1,2033-08-12,586.39,residential,India
1,2033-08-13,621.76,residential,India
1,2033-08-14,622.18,residential,India
1,2033-08-15,602.89,residential,India
1,2033-08-16,570.66,residential,India
1,2033-08-17,590.89,residential,India
1,2033-08-18,566.28,residential,India
1,2033-08-19,596.29,residential,India
1,2033-08-20,590.37,residential,India
1,2033-08-21,606.15,residential,India
1,2033-08-22,593.39,residential,India
1,2033-08-23,600.64,residential,India
1,2033-08-24,603.11,residential,India
1,2033-08-25,588.13,residential,India
1,2033-08-26,574.8,residential,India
1,2033-08-27,600.44,residential,India
1,2033-08-28,588.86,residential,India
1,2033-08-29,586.99,residential,India
1,2033-08-30,613.75,residential,India
1,2033-08-31,591.95,residential,India
1,2033-09-01,584.25,residential,India
1,2033-09-02,599.95,residential,India
1,2033-09-03,575.99,residential,India
1,2033-09-04,598.87,residential,India
1,2033-09-05,634.38,residential,India
1,2033-09-06,588.8,residential,India
1,2033-09-07,571.21,residential,India
1,2033-09-08,595.8,residential,India
1,2033-09-09,601.73,residential,India
1,2033-09-10,601.26,residential,India
1,2033-09-11,622.43,residential,India
1,2033-09-12,597.24,residential,India
1,2033-09-13,610.23,residential,India
1,2033-09-14,571.03,residential,India
1,2033-09-15,619.64,residential,India
1,2033-09-16,601.6,residential,India
1,2033-09-17,599.2,residential,India
1,2033-09-18,605.56,residential,India
1,2033-09-19,618.74,residential,India
1,2033-09-20,607.95,residential,India
1,2033-09-21,614.17,residential,India
1,2033-09-22,604.85,residential,India
1,2033-09-23,643.73,residential,India
1,2033-09-24,627.4,residential,India
1,2033-09-25,632.81,residential,India
1,2033-09-26,593.38,residential,India
1,2033-09-27,609.04,residential,India
1,2033-09-28,589.07,residential,India
1,2033-09-29,628.9,residential,India
1,2033-09-30,587.19,residential,India
1,2033-10-01,617.18,residential,India
1,2033-10-02,597.79,residential,India
1,2033-10-03,606.55,residential,India
1,2033-10-04,591.8,residential,India
1,2033-10-05,647.49,residential,India
1,2033-10-06,584.28,residential,India
1,2033-10-07,617.3,residential,India
1,2033-10-08,611.49,residential,India
1,2033-10-09,599.96,residential,India
1,2033-10-10,601.23,residential,India
1,2033-10-11,605.72,residential,India
1,2033-10-12,649.85,residential,India
1,2033-10-13,578.31,residential,India
1,2033-10-14,600.77,residential,India
1,2033-10-15,614.52,residential,India
1,2033-10-16,584.13,residential,India
1,2033-10-17,652.84,residential,India
1,2033-10-18,637.33,residential,India
1,2033-10-19,587.41,residential,India
1,2033-10-20,615.12,residential,India
1,2033-10-21,653.62,residential,India
1,2033-10-22,607.41,residential,India
1,2033-10-23,632.53,residential,India
1,2033-10-24,626.75,residential,India
1,2033-10-25,597.47,residential,India
1,2033-10-26,628.26,residential,India
1,2033-10-27,609.19,residential,India
1,2033-10-28,635.47,residential,India
1,2033-10-29,588.56,residential,India
1,2033-10-30,611.72,residential,India
1,2033-10-31,611.31,residential,India
1,2033-11-01,622.26,residential,India
1,2033-11-02,594.81,residential,India
1,2033-11-03,597.3,residential,India
1,2033-11-04,614.93,residential,India
1,2033-11-05,622.58,residential,India
1,2033-11-06,599.99,residential,India
1,2033-11-07,659.64,residential,India
1,2033-11-08,597.77,residential,India
1,2033-11-09,625.65,residential,India
1,2033-11-10,596.15,residential,India
1,2033-11-11,648.24,residential,India
1,2033-11-12,620.44,residential,India
1,2033-11-13,646.81,residential,India
1,2033-11-14,647.09,residential,India
1,2033-11-15,624.54,residential,India
1,2033-11-16,617.44,residential,India
1,2033-11-17,621.03,residential,India
1,2033-11-18,597.02,residential,India
1,2033-11-19,634.63,residential,India
1,2033-11-20,586.54,residential,India
1,2033-11-21,615.24,residential,India
1,2033-11-22,624.96,residential,India
1,2033-11-23,612.96,residential,India
1,2033-11-24,670.31,residential,India
1,2033-11-25,658.77,residential,India
1,2033-11-26,625.84,residential,India
1,2033-11-27,610.27,residential,India
1,2033-11-28,629.35,residential,India
1,2033-11-29,639.76,residential,India
1,2033-11-30,640.28,residential,India
1,2033-12-01,617.85,residential,India
1,2033-12-02,618.19,residential,India
1,2033-12-03,617.18,residential,India
1,2033-12-04,634.63,residential,India
1,2033-12-05,630.69,residential,India
1,2033-12-06,614.72,residential,India
1,2033-12-07,606.43,residential,India
1,2033-12-08,586.49,residential,India
1,2033-12-09,630.43,residential,India
1,2033-12-10,612.64,residential,India
1,2033-12-11,631.41,residential,India
1,2033-12-12,657.6,residential,India
1,2033-12-13,582.88,residential,India
1,2033-12-14,649.2,residential,India
1,2033-12-15,654.68,residential,India
1,2033-12-16,638.4,residential,India
1,2033-12-17,654.89,residential,India
1,2033-12-18,624.29,residential,India
1,2033-12-19,631.29,residential,India
1,2033-12-20,615.97,residential,India
1,2033-12-21,598.26,residential,India
1,2033-12-22,611.39,residential,India
1,2033-12-23,606.38,residential,India
1,2033-12-24,612.05,residential,India
1,2033-12-25,627.8,residential,India
1,2033-12-26,637.56,residential,India
1,2033-12-27,656.79,residential,India
1,2033-12-28,654.5,residential,India
1,2033-12-29,608.51,residential,India
1,2033-12-30,643.68,residential,India
1,2033-12-31,612.14,residential,India
1,2034-01-01,645.3,residential,India
1,2034-01-02,668.31,residential,India
1,2034-01-03,641.78,residential,India
1,2034-01-04,633.95,residential,India
1,2034-01-05,629.17,residential,India
1,2034-01-06,635.2,residential,India
1,2034-01-07,622.42,residential,India
1,2034-01-08,652.64,residential,India
1,2034-01-09,660.11,residential,India
1,2034-01-10,655.04,residential,India
1,2034-01-11,649.12,residential,India
1,2034-01-12,642.82,residential,India
1,2034-01-13,637.75,residential,India
1,2034-01-14,636.55,residential,India
1,2034-01-15,620.87,residential,India
1,2034-01-16,609.98,residential,India
1,2034-01-17,666.99,residential,India
1,2034-01-18,625.7,residential,India
1,2034-01-19,641.94,residential,India
1,2034-01-20,620.71,residential,India
1,2034-01-21,692.46,residential,India
1,2034-01-22,630.6,residential,India
1,2034-01-23,642.15,residential,India
1,2034-01-24,636.93,residential,India
1,2034-01-25,633.04,residential,India
1,2034-01-26,660.33,residential,India
1,2034-01-27,626.61,residential,India
1,2034-01-28,666.06,residential,India
1,2034-01-29,657.35,residential,India
1,2034-01-30,654.65,residential,India
1,2034-01-31,614.17,residential,India
1,2034-02-01,655.88,residential,India
1,2034-02-02,629.01,residential,India
1,2034-02-03,672.22,residential,India
1,2034-02-04,645.48,residential,India
1,2034-02-05,661.77,residential,India
1,2034-02-06,635.95,residential,India
1,2034-02-07,640.19,residential,India
1,2034-02-08,666.8,residential,India
1,2034-02-09,653.79,residential,India
1,2034-02-10,623.88,residential,India
1,2034-02-11,637.39,residential,India
1,2034-02-12,662.42,residential,India
1,2034-02-13,658.58,residential,India
1,2034-02-14,652.94,residential,India
1,2034-02-15,672.52,residential,India
1,2034-02-16,660.28,residential,India
1,2034-02-17,642.56,residential,India
1,2034-02-18,670.82,residential,India
1,2034-02-19,708.07,residential,India
1,2034-02-20,652.32,residential,India
1,2034-02-21,658.64,residential,India
1,2034-02-22,646.03,residential,India
1,2034-02-23,616.32,residential,India
1,2034-02-24,681.56,residential,India
1,2034-02-25,675.12,residential,India
1,2034-02-26,613.72,residential,India
1,2034-02-27,662.84,residential,India
1,2034-02-28,645.85,residential,India
1,2034-03-01,628.51,residential,India
1,2034-03-02,635.56,residential,India
1,2034-03-03,660.08,residential,India
1,2034-03-04,619.06,residential,India
1,2034-03-05,640.77,residential,India
1,2034-03-06,596.4,residential,India
1,2034-03-07,670.16,residential,India
1,2034-03-08,679.75,residential,India
1,2034-03-09,632.23,residential,India
1,2034-03-10,643.02,residential,India
1,2034-03-11,653.06,residential,India
1,2034-03-12,682.95,residential,India
1,2034-03-13,619.29,residential,India
1,2034-03-14,646.93,residential,India
1,2034-03-15,646.07,residential,India
1,2034-03-16,624.77,residential,India
1,2034-03-17,707.97,residential,India
1,2034-03-18,642.71,residential,India
1,2034-03-19,642.09,residential,India
1,2034-03-20,680.82,residential,India
1,2034-03-21,634.08,residential,India
1,2034-03-22,651.47,residential,India
1,2034-03-23,626.42,residential,India
1,2034-03-24,662.72,residential,India
1,2034-03-25,622.71,residential,India
1,2034-03-26,663.96,residential,India
1,2034-03-27,684.93,residential,India
1,2034-03-28,671.36,residential,India
1,2034-03-29,662.45,residential,India
1,2034-03-30,647.59,residential,India
1,2034-03-31,657.26,residential,India
1,2034-04-01,683.58,residential,India
1,2034-04-02,656.64,residential,India
1,2034-04-03,649.73,residential,India
1,2034-04-04,657.25,residential,India
1,2034-04-05,639.46,residential,India
1,2034-04-06,651.63,residential,India
1,2034-04-07,674.33,residential,India
1,2034-04-08,635.1,residential,India
1,2034-04-09,679.27,residential,India
1,2034-04-10,626.59,residential,India
1,2034-04-11,645.79,residential,India
1,2034-04-12,676.42,residential,India
1,2034-04-13,642.58,residential,India
1,2034-04-14,654.28,residential,India
1,2034-04-15,659.26,residential,India
1,2034-04-16,710.66,residential,India
1,2034-04-17,673.21,residential,India
1,2034-04-18,654.86,residential,India
1,2034-04-19,679.05,residential,India
1,2034-04-20,669.61,residential,India
1,2034-04-21,633.41,residential,India
1,2034-04-22,642.16,residential,India
1,2034-04-23,667.4,residential,India
1,2034-04-24,664.84,residential,India
1,2034-04-25,629.88,residential,India
1,2034-04-26,659.18,residential,India
1,2034-04-27,646.28,residential,India
1,2034-04-28,682.41,residential,India
1,2034-04-29,628.92,residential,India
1,2034-04-30,643.75,residential,India
1,2034-05-01,631.09,residential,India
1,2034-05-02,611.4,residential,India
1,2034-05-03,671.85,residential,India
1,2034-05-04,686.58,residential,India
1,2034-05-05,668.45,residential,India
1,2034-05-06,659.23,residential,India
1,2034-05-07,681.3,residential,India
1,2034-05-08,675.01,residential,India
1,2034-05-09,667.55,residential,India
1,2034-05-10,650.96,residential,India
1,2034-05-11,672.68,residential,India
1,2034-05-12,648.28,residential,India
1,2034-05-13,663.5,residential,India
1,2034-05-14,648.86,residential,India
1,2034-05-15,678.43,residential,India
1,2034-05-16,653.98,residential,India
1,2034-05-17,680.16,residential,India
1,2034-05-18,638.19,residential,India
1,2034-05-19,669.26,residential,India
1,2034-05-20,641.6,residential,India
1,2034-05-21,691.48,residential,India
1,2034-05-22,657.13,residential,India
1,2034-05-23,623.79,residential,India
1,2034-05-24,655.52,residential,India
1,2034-05-25,673.92,residential,India
1,2034-05-26,648.72,residential,India
1,2034-05-27,676.86,residential,India
1,2034-05-28,668.16,residential,India
1,2034-05-29,622.65,residential,India
1,2034-05-30,683.68,residential,India
1,2034-05-31,650.34,residential,India
1,2034-06-01,649.31,residential,India
1,2034-06-02,625.21,residential,India
1,2034-06-03,659.37,residential,India
1,2034-06-04,645.67,residential,India
1,2034-06-05,643.85,residential,India
1,2034-06-06,656.43,residential,India
1,2034-06-07,663.21,residential,India
1,2034-06-08,672.06,residential,India
1,2034-06-09,671.37,residential,India
1,2034-06-10,660.2,residential,India
1,2034-06-11,658.88,residential,India
1,2034-06-12,703.52,residential,India
1,2034-06-13,671.08,residential,India
1,2034-06-14,658.3,residential,India
1,2034-06-15,667.69,residential,India
1,2034-06-16,640.4,residential,India
1,2034-06-17,676.88,residential,India
1,2034-06-18,664.17,residential,India
1,2034-06-19,641.0,residential,India
1,2034-06-20,646.59,residential,India
1,2034-06-21,640.48,residential,India
1,2034-06-22,684.82,residential,India
1,2034-06-23,643.96,residential,India
1,2034-06-24,687.61,residential,India
1,2034-06-25,637.23,residential,India
1,2034-06-26,637.15,residential,India
1,2034-06-27,736.42,residential,India
1,2034-06-28,636.13,residential,India
1,2034-06-29,638.77,residential,India
1,2034-06-30,642.21,residential,India
1,2034-07-01,656.72,residential,India
1,2034-07-02,670.35,residential,India
1,2034-07-03,689.47,residential,India
1,2034-07-04,700.2,residential,India
1,2034-07-05,654.73,residential,India
1,2034-07-06,661.47,residential,India
1,2034-07-07,692.29,residential,India
1,2034-07-08,641.58,residential,India
1,2034-07-09,654.75,residential,India
1,2034-07-10,658.48,residential,India
1,2034-07-11,646.95,residential,India
1,2034-07-12,678.21,residential,India
1,2034-07-13,667.96,residential,India
1,2034-07-14,661.04,residential,India
1,2034-07-15,636.04,residential,India
1,2034-07-16,658.76,residential,India
1,2034-07-17,659.24,residential,India
1,2034-07-18,669.14,residential,India
1,2034-07-19,684.27,residential,India
1,2034-07-20,638.17,residential,India
1,2034-07-21,646.83,residential,India
1,2034-07-22,638.22,residential,India
1,2034-07-23,665.7,residential,India
1,2034-07-24,643.86,residential,India
1,2034-07-25,683.22,residential,India
1,2034-07-26,688.54,residential,India
1,2034-07-27,659.4,residential,India
1,2034-07-28,646.99,residential,India
1,2034-07-29,676.91,residential,India
1,2034-07-30,647.76,residential,India
1,2034-07-31,642.92,residential,India
1,2034-08-01,640.93,residential,India
1,2034-08-02,643.33,residential,India
1,2034-08-03,649.56,residential,India
1,2034-08-04,646.3,residential,India
1,2034-08-05,645.19,residential,India
1,2034-08-06,683.46,residential,India
1,2034-08-07,649.25,residential,India
1,2034-08-08,664.74,residential,India
1,2034-08-09,636.15,residential,India
1,2034-08-10,686.91,residential,India
1,2034-08-11,634.24,residential,India
1,2034-08-12,656.93,residential,India
1,2034-08-13,661.66,residential,India
1,2034-08-14,709.45,residential,India
1,2034-08-15,655.8,residential,India
1,2034-08-16,642.78,residential,India
1,2034-08-17,639.52,residential,India
1,2034-08-18,644.44,residential,India
1,2034-08-19,658.39,residential,India
1,2034-08-20,612.62,residential,India
1,2034-08-21,678.68,residential,India
1,2034-08-22,696.71,residential,India
1,2034-08-23,649.0,residential,India
1,2034-08-24,675.79,residential,India
1,2034-08-25,656.49,residential,India
1,2034-08-26,661.24,residential,India
1,2034-08-27,609.43,residential,India
1,2034-08-28,657.33,residential,India
1,2034-08-29,650.75,residential,India
1,2034-08-30,666.17,residential,India
1,2034-08-31,703.63,residential,India
1,2034-09-01,723.34,residential,India
1,2034-09-02,674.31,residential,India
1,2034-09-03,635.48,residential,India
1,2034-09-04,666.46,residential,India
1,2034-09-05,684.03,residential,India
1,2034-09-06,623.73,residential,India
1,2034-09-07,614.34,residential,India
1,2034-09-08,658.11,residential,India
1,2034-09-09,650.61,residential,India
1,2034-09-10,629.69,residential,India
1,2034-09-11,672.67,residential,India
1,2034-09-12,678.19,residential,India
1,2034-09-13,603.05,residential,India
1,2034-09-14,663.28,residential,India
1,2034-09-15,656.4,residential,India
1,2034-09-16,666.98,residential,India
1,2034-09-17,651.95,residential,India
1,2034-09-18,678.55,residential,India
1,2034-09-19,653.53,residential,India
1,2034-09-20,645.18,residential,India
1,2034-09-21,644.33,residential,India
1,2034-09-22,664.89,residential,India
1,2034-09-23,652.27,residential,India
1,2034-09-24,630.64,residential,India
1,2034-09-25,677.3,residential,India
1,2034-09-26,643.69,residential,India
1,2034-09-27,636.26,residential,India
1,2034-09-28,622.5,residential,India
1,2034-09-29,636.14,residential,India
1,2034-09-30,632.69,residential,India
1,2034-10-01,663.39,residential,India
1,2034-10-02,647.68,residential,India
1,2034-10-03,691.75,residential,India
1,2034-10-04,613.13,residential,India
1,2034-10-05,649.01,residential,India
1,2034-10-06,653.9,residential,India
1,2034-10-07,681.66,residential,India
1,2034-10-08,643.99,residential,India
1,2034-10-09,677.78,residential,India
1,2034-10-10,636.61,residential,India
1,2034-10-11,646.93,residential,India
1,2034-10-12,646.22,residential,India
1,2034-10-13,658.42,residential,India
1,2034-10-14,637.07,residential,India
1,2034-10-15,625.57,residential,India
1,2034-10-16,645.37,residential,India
1,2034-10-17,628.83,residential,India
1,2034-10-18,643.6,residential,India
1,2034-10-19,638.19,residential,India
1,2034-10-20,682.87,residential,India
1,2034-10-21,683.75,residential,India
1,2034-10-22,657.45,residential,India
1,2034-10-23,644.46,residential,India
1,2034-10-24,620.65,residential,India
1,2034-10-25,659.35,residential,India
1,2034-10-26,634.98,residential,India
1,2034-10-27,630.09,residential,India
1,2034-10-28,619.56,residential,India
1,2034-10-29,652.79,residential,India
1,2034-10-30,619.87,residential,India
1,2034-10-31,626.54,residential,India
1,2034-11-01,634.09,residential,India
1,2034-11-02,671.12,residential,India
1,2034-11-03,625.01,residential,India
1,2034-11-04,613.14,residential,India
1,2034-11-05,640.44,residential,India
1,2034-11-06,635.93,residential,India
1,2034-11-07,646.91,residential,India
1,2034-11-08,631.32,residential,India
1,2034-11-09,640.87,residential,India
1,2034-11-10,649.27,residential,India
1,2034-11-11,649.33,residential,India
1,2034-11-12,600.01,residential,India
1,2034-11-13,621.37,residential,India
1,2034-11-14,613.9,residential,India
1,2034-11-15,614.49,residential,India
1,2034-11-16,655.56,residential,India
1,2034-11-17,627.75,residential,India
1,2034-11-18,668.02,residential,India
1,2034-11-19,662.3,residential,India
1,2034-11-20,642.5,residential,India
1,2034-11-21,641.93,residential,India
1,2034-11-22,627.12,residential,India
1,2034-11-23,631.06,residential,India
1,2034-11-24,654.8,residential,India
1,2034-11-25,605.8,residential,India
1,2034-11-26,656.38,residential,India
1,2034-11-27,611.92,residential,India
1,2034-11-28,655.33,residential,India
1,2034-11-29,634.7,residential,India
1,2034-11-30,661.96,residential,India
1,2034-12-01,622.33,residential,India
1,2034-12-02,632.29,residential,India
1,2034-12-03,617.62,residential,India
1,2034-12-04,652.2,residential,India
1,2034-12-05,626.53,residential,India
1,2034-12-06,647.87,residential,India
1,2034-12-07,611.25,residential,India
1,2034-12-08,639.83,residential,India
1,2034-12-09,654.68,residential,India
1,2034-12-10,607.77,residential,India
1,2034-12-11,638.1,residential,India
1,2034-12-12,620.83,residential,India
1,2034-12-13,641.34,residential,India
1,2034-12-14,610.44,residential,India
1,2034-12-15,593.61,residential,India
1,2034-12-16,617.6,residential,India
1,2034-12-17,596.96,residential,India
1,2034-12-18,630.15,residential,India
1,2034-12-19,656.96,residential,India
1,2034-12-20,643.11,residential,India
1,2034-12-21,652.76,residential,India
1,2034-12-22,612.55,residential,India
1,2034-12-23,629.8,residential,India
1,2034-12-24,627.23,residential,India
1,2034-12-25,625.96,residential,India
1,2034-12-26,671.81,residential,India
1,2034-12-27,612.59,residential,India
1,2034-12-28,631.6,residential,India
1,2034-12-29,644.71,residential,India
1,2034-12-30,620.2,residential,India
1,2034-12-31,617.05,residential,India
1,2035-01-01,650.7,residential,India
1,2035-01-02,594.75,residential,India
1,2035-01-03,635.7,residential,India
1,2035-01-04,622.6,residential,India
1,2035-01-05,625.9,residential,India
1,2035-01-06,609.14,residential,India
1,2035-01-07,609.77,residential,India
1,2035-01-08,644.69,residential,India
1,2035-01-09,653.37,residential,India
1,2035-01-10,612.05,residential,India
1,2035-01-11,627.14,residential,India
1,2035-01-12,610.37,residential,India
1,2035-01-13,636.4,residential,India
1,2035-01-14,638.58,residential,India
1,2035-01-15,604.09,residential,India
1,2035-01-16,663.09,residential,India
1,2035-01-17,644.63,residential,India
1,2035-01-18,592.86,residential,India
1,2035-01-19,613.06,residential,India
1,2035-01-20,616.5,residential,India
1,2035-01-21,628.58,residential,India
1,2035-01-22,609.75,residential,India
1,2035-01-23,621.1,residential,India
1,2035-01-24,613.93,residential,India
1,2035-01-25,651.9,residential,India
1,2035-01-26,634.65,residential,India
1,2035-01-27,620.24,residential,India
1,2035-01-28,637.96,residential,India
1,2035-01-29,605.44,residential,India
1,2035-01-30,605.91,residential,India
1,2035-01-31,596.56,residential,India
1,2035-02-01,628.51,residential,India
1,2035-02-02,612.58,residential,India
1,2035-02-03,618.18,residential,India
1,2035-02-04,576.09,residential,India
1,2035-02-05,617.74,residential,India
1,2035-02-06,626.59,residential,India
1,2035-02-07,638.29,residential,India
1,2035-02-08,599.98,residential,India
1,2035-02-09,618.46,residential,India
1,2035-02-10,652.45,residential,India
1,2035-02-11,621.89,residential,India
1,2035-02-12,606.05,residential,India
1,2035-02-13,611.02,residential,India
1,2035-02-14,572.56,residential,India
1,2035-02-15,609.06,residential,India
1,2035-02-16,597.89,residential,India
1,2035-02-17,625.17,residential,India
1,2035-02-18,610.73,residential,India
1,2035-02-19,550.25,residential,India
1,2035-02-20,599.59,residential,India
1,2035-02-21,635.25,residential,India
1,2035-02-22,597.55,residential,India
1,2035-02-23,593.74,residential,India
1,2035-02-24,614.26,residential,India
1,2035-02-25,620.83,residential,India
1,2035-02-26,639.91,residential,India
1,2035-02-27,628.05,residential,India
1,2035-02-28,593.76,residential,India
1,2035-03-01,615.74,residential,India
1,2035-03-02,608.18,residential,India
1,2035-03-03,625.91,residential,India
1,2035-03-04,612.15,residential,India
1,2035-03-05,576.19,residential,India
1,2035-03-06,626.99,residential,India
1,2035-03-07,575.64,residential,India
1,2035-03-08,592.69,residential,India
1,2035-03-09,618.13,residential,India
1,2035-03-10,594.11,residential,India
1,2035-03-11,572.66,residential,India
1,2035-03-12,600.94,residential,India
1,2035-03-13,636.48,residential,India
1,2035-03-14,618.89,residential,India
1,2035-03-15,622.67,residential,India
1,2035-03-16,597.82,residential,India
1,2035-03-17,575.35,residential,India
1,2035-03-18,620.26,residential,India
1,2035-03-19,608.32,residential,India
1,2035-03-20,578.6,residential,India
1,2035-03-21,586.29,residential,India
1,2035-03-22,587.93,residential,India
1,2035-03-23,629.4,residential,India
1,2035-03-24,613.55,residential,India
1,2035-03-25,584.36,residential,India
1,2035-03-26,580.48,residential,India
1,2035-03-27,609.61,residential,India
1,2035-03-28,609.36,residential,India
1,2035-03-29,588.28,residential,India
1,2035-03-30,613.46,residential,India
1,2035-03-31,562.44,residential,India
1,2035-04-01,537.69,residential,India
1,2035-04-02,592.37,residential,India
1,2035-04-03,589.68,residential,India
1,2035-04-04,603.93,residential,India
1,2035-04-05,605.99,residential,India
1,2035-04-06,612.7,residential,India
1,2035-04-07,586.76,residential,India
1,2035-04-08,624.92,residential,India
1,2035-04-09,614.94,residential,India
1,2035-04-10,643.6,residential,India
1,2035-04-11,559.4,residential,India
1,2035-04-12,612.02,residential,India
1,2035-04-13,599.2,residential,India
1,2035-04-14,564.23,residential,India
1,2035-04-15,628.66,residential,India
1,2035-04-16,617.49,residential,India
1,2035-04-17,597.51,residential,India
1,2035-04-18,609.9,residential,India
1,2035-04-19,658.12,residential,India
1,2035-04-20,589.39,residential,India
1,2035-04-21,586.22,residential,India
1,2035-04-22,585.35,residential,India
1,2035-04-23,583.38,residential,India
1,2035-04-24,577.94,residential,India
1,2035-04-25,622.01,residential,India
1,2035-04-26,614.62,residential,India
1,2035-04-27,602.83,residential,India
1,2035-04-28,598.99,residential,India
1,2035-04-29,609.32,residential,India
1,2035-04-30,575.41,residential,India
1,2035-05-01,616.83,residential,India
1,2035-05-02,608.95,residential,India
1,2035-05-03,606.79,residential,India
1,2035-05-04,578.17,residential,India
1,2035-05-05,587.2,residential,India
1,2035-05-06,605.99,residential,India
1,2035-05-07,617.32,residential,India
1,2035-05-08,552.62,residential,India
1,2035-05-09,592.2,residential,India
1,2035-05-10,603.57,residential,India
1,2035-05-11,613.84,residential,India
1,2035-05-12,589.43,residential,India
1,2035-05-13,608.07,residential,India
1,2035-05-14,565.66,residential,India
1,2035-05-15,593.92,residential,India
1,2035-05-16,605.75,residential,India
1,2035-05-17,554.55,residential,India
1,2035-05-18,606.7,residential,India
1,2035-05-19,583.37,residential,India
1,2035-05-20,577.4,residential,India
1,2035-05-21,614.43,residential,India
1,2035-05-22,607.05,residential,India
1,2035-05-23,585.62,residential,India
1,2035-05-24,565.61,residential,India
1,2035-05-25,582.27,residential,India
1,2035-05-26,587.14,residential,India
1,2035-05-27,602.34,residential,India
1,2035-05-28,632.05,residential,India
1,2035-05-29,580.2,residential,India
1,2035-05-30,585.5,residential,India
1,2035-05-31,587.72,residential,India
1,2035-06-01,576.09,residential,India
1,2035-06-02,600.79,residential,India
1,2035-06-03,571.75,residential,India
1,2035-06-04,562.58,residential,India
1,2035-06-05,563.8,residential,India
1,2035-06-06,599.15,residential,India
1,2035-06-07,556.87,residential,India
1,2035-06-08,589.22,residential,India
1,2035-06-09,568.78,residential,India
1,2035-06-10,581.39,residential,India
1,2035-06-11,600.7,residential,India
1,2035-06-12,615.87,residential,India
1,2035-06-13,569.96,residential,India
1,2035-06-14,546.39,residential,India
1,2035-06-15,585.63,residential,India
1,2035-06-16,570.01,residential,India
1,2035-06-17,567.94,residential,India
1,2035-06-18,614.08,residential,India
1,2035-06-19,589.76,residential,India
1,2035-06-20,552.6,residential,India
1,2035-06-21,582.15,residential,India
1,2035-06-22,587.73,residential,India
1,2035-06-23,574.27,residential,India
1,2035-06-24,601.29,residential,India
1,2035-06-25,553.04,residential,India
1,2035-06-26,577.88,residential,India
1,2035-06-27,591.35,residential,India
1,2035-06-28,578.19,residential,India
1,2035-06-29,622.33,residential,India
1,2035-06-30,586.22,residential,India
1,2035-07-01,568.02,residential,India
1,2035-07-02,587.03,residential,India
1,2035-07-03,567.67,residential,India
1,2035-07-04,583.98,residential,India
1,2035-07-05,596.79,residential,India
1,2035-07-06,595.43,residential,India
1,2035-07-07,581.38,residential,India
1,2035-07-08,598.37,residential,India
1,2035-07-09,607.86,residential,India
1,2035-07-10,572.18,residential,India
1,2035-07-11,552.9,residential,India
1,2035-07-12,592.61,residential,India
1,2035-07-13,568.63,residential,India
1,2035-07-14,587.12,residential,India
1,2035-07-15,609.15,residential,India
1,2035-07-16,562.24,residential,India
1,2035-07-17,591.36,residential,India
1,2035-07-18,591.67,residential,India
1,2035-07-19,588.33,residential,India
1,2035-07-20,582.54,residential,India
1,2035-07-21,558.53,residential,India
1,2035-07-22,558.91,residential,India
1,2035-07-23,600.66,residential,India
1,2035-07-24,573.36,residential,India
1,2035-07-25,548.93,residential,India
1,2035-07-26,615.07,residential,India
1,2035-07-27,579.33,residential,India
1,2035-07-28,557.6,residential,India
1,2035-07-29,539.82,residential,India
1,2035-07-30,596.79,residential,India
1,2035-07-31,587.83,residential,India
1,2035-08-01,552.48,residential,India
1,2035-08-02,583.19,residential,India
1,2035-08-03,588.0,residential,India
1,2035-08-04,631.76,residential,India
1,2035-08-05,558.16,residential,India
1,2035-08-06,573.86,residential,India
1,2035-08-07,575.35,residential,India
1,2035-08-08,562.08,residential,India
1,2035-08-09,561.46,residential,India
1,2035-08-10,597.27,residential,India
1,2035-08-11,559.26,residential,India
1,2035-08-12,573.55,residential,India
1,2035-08-13,601.56,residential,India
1,2035-08-14,594.19,residential,India
1,2035-08-15,578.64,residential,India
1,2035-08-16,589.9,residential,India
1,2035-08-17,588.7,residential,India
1,2035-08-18,560.07,residential,India
1,2035-08-19,615.52,residential,India
1,2035-08-20,589.19,residential,India
1,2035-08-21,580.33,residential,India
1,2035-08-22,600.33,residential,India
1,2035-08-23,608.2,residential,India
1,2035-08-24,588.34,residential,India
1,2035-08-25,587.67,residential,India
1,2035-08-26,568.59,residential,India
1,2035-08-27,591.17,residential,India
1,2035-08-28,593.23,residential,India
1,2035-08-29,576.44,residential,India
1,2035-08-30,575.59,residential,India
1,2035-08-31,576.47,residential,India
1,2035-09-01,585.78,residential,India
1,2035-09-02,597.33,residential,India
1,2035-09-03,578.47,residential,India
1,2035-09-04,550.82,residential,India
1,2035-09-05,580.31,residential,India
1,2035-09-06,587.35,residential,India
1,2035-09-07,597.77,residential,India
1,2035-09-08,591.7,residential,India
1,2035-09-09,548.36,residential,India
1,2035-09-10,581.23,residential,India
1,2035-09-11,579.39,residential,India
1,2035-09-12,584.57,residential,India
1,2035-09-13,573.77,residential,India
1,2035-09-14,572.3,residential,India
1,2035-09-15,593.72,residential,India
1,2035-09-16,572.56,residential,India
1,2035-09-17,619.4,residential,India
1,2035-09-18,591.9,residential,India
1,2035-09-19,581.33,residential,India
1,2035-09-20,588.98,residential,India
1,2035-09-21,545.62,residential,India
1,2035-09-22,587.41,residential,India
1,2035-09-23,541.5,residential,India
1,2035-09-24,582.6,residential,India
1,2035-09-25,553.13,residential,India
1,2035-09-26,585.42,residential,India
1,2035-09-27,575.01,residential,India
1,2035-09-28,576.23,residential,India
1,2035-09-29,578.99,residential,India
1,2035-09-30,600.82,residential,India
1,2035-10-01,577.11,residential,India
1,2035-10-02,618.72,residential,India
1,2035-10-03,532.18,residential,India
1,2035-10-04,585.14,residential,India
1,2035-10-05,585.52,residential,India
1,2035-10-06,587.5,residential,India
1,2035-10-07,556.29,residential,India
1,2035-10-08,565.99,residential,India
1,2035-10-09,539.84,residential,India
1,2035-10-10,558.09,residential,India
1,2035-10-11,600.59,residential,India
1,2035-10-12,558.61,residential,India
1,2035-10-13,570.03,residential,India
1,2035-10-14,573.13,residential,India
1,2035-10-15,563.36,residential,India
1,2035-10-16,576.69,residential,India
1,2035-10-17,559.02,residential,India
1,2035-10-18,541.1,residential,India
1,2035-10-19,552.73,residential,India
1,2035-10-20,568.53,residential,India
1,2035-10-21,599.91,residential,India
1,2035-10-22,604.24,residential,India
1,2035-10-23,567.44,residential,India
1,2035-10-24,591.64,residential,India
1,2035-10-25,597.47,residential,India
1,2035-10-26,567.14,residential,India
1,2035-10-27,554.62,residential,India
1,2035-10-28,537.35,residential,India
1,2035-10-29,600.66,residential,India
1,2035-10-30,586.46,residential,India
1,2035-10-31,562.45,residential,India
1,2035-11-01,585.44,residential,India
1,2035-11-02,592.56,residential,India
1,2035-11-03,588.69,residential,India
1,2035-11-04,560.66,residential,India
1,2035-11-05,554.61,residential,India
1,2035-11-06,578.65,residential,India
1,2035-11-07,553.22,residential,India
1,2035-11-08,603.93,residential,India
1,2035-11-09,579.98,residential,India
1,2035-11-10,591.68,residential,India
1,2035-11-11,596.88,residential,India
1,2035-11-12,572.1,residential,India
1,2035-11-13,579.11,residential,India
1,2035-11-14,579.39,residential,India
1,2035-11-15,558.57,residential,India
1,2035-11-16,589.87,residential,India
1,2035-11-17,558.32,residential,India
1,2035-11-18,574.84,residential,India
1,2035-11-19,583.8,residential,India
1,2035-11-20,590.25,residential,India
1,2035-11-21,579.32,residential,India
1,2035-11-22,589.57,residential,India
1,2035-11-23,602.53,residential,India
1,2035-11-24,608.38,residential,India
1,2035-11-25,580.61,residential,India
1,2035-11-26,580.73,residential,India
1,2035-11-27,601.68,residential,India
1,2035-11-28,582.45,residential,India
1,2035-11-29,577.25,residential,India
1,2035-11-30,606.07,residential,India
1,2035-12-01,563.88,residential,India
1,2035-12-02,615.91,residential,India
1,2035-12-03,582.06,residential,India
1,2035-12-04,571.05,residential,India
1,2035-12-05,574.96,residential,India
1,2035-12-06,579.35,residential,India
1,2035-12-07,585.13,residential,India
1,2035-12-08,604.68,residential,India
1,2035-12-09,555.24,residential,India
1,2035-12-10,576.33,residential,India
1,2035-12-11,574.44,residential,India
1,2035-12-12,607.15,residential,India
1,2035-12-13,636.47,residential,India
1,2035-12-14,580.71,residential,India
1,2035-12-15,557.57,residential,India
1,2035-12-16,584.29,residential,India
1,2035-12-17,585.81,residential,India
1,2035-12-18,581.95,residential,India
1,2035-12-19,584.66,residential,India
1,2035-12-20,573.01,residential,India
1,2035-12-21,583.11,residential,India
1,2035-12-22,524.69,residential,India
1,2035-12-23,601.68,residential,India
1,2035-12-24,579.28,residential,India
1,2035-12-25,587.66,residential,India
1,2035-12-26,584.09,residential,India
1,2035-12-27,592.92,residential,India
1,2035-12-28,600.15,residential,India
1,2035-12-29,623.82,residential,India
1,2035-12-30,588.17,residential,India
1,2035-12-31,600.13,residential,India
1,2036-01-01,604.74,residential,India
1,2036-01-02,594.93,residential,India
1,2036-01-03,573.4,residential,India
1,2036-01-04,584.02,residential,India
1,2036-01-05,624.28,residential,India
1,2036-01-06,631.5,residential,India
1,2036-01-07,571.53,residential,India
1,2036-01-08,577.1,residential,India
1,2036-01-09,592.76,residential,India
1,2036-01-10,606.67,residential,India
1,2036-01-11,566.55,residential,India
1,2036-01-12,587.51,residential,India
1,2036-01-13,574.86,residential,India
1,2036-01-14,601.18,residential,India
1,2036-01-15,586.83,residential,India
1,2036-01-16,561.85,residential,India
1,2036-01-17,571.84,residential,India
1,2036-01-18,560.02,residential,India
1,2036-01-19,598.04,residential,India
1,2036-01-20,567.81,residential,India
1,2036-01-21,606.8,residential,India
1,2036-01-22,568.13,residential,India
1,2036-01-23,638.58,residential,India
1,2036-01-24,629.65,residential,India
1,2036-01-25,589.32,residential,India
1,2036-01-26,628.79,residential,India
1,2036-01-27,598.01,residential,India
1,2036-01-28,589.08,residential,India
1,2036-01-29,605.73,residential,India
1,2036-01-30,615.58,residential,India
1,2036-01-31,567.73,residential,India
1,2036-02-01,577.52,residential,India
1,2036-02-02,602.64,residential,India
1,2036-02-03,549.91,residential,India
1,2036-02-04,592.78,residential,India
1,2036-02-05,601.01,residential,India
1,2036-02-06,578.1,residential,India
1,2036-02-07,584.09,residential,India
1,2036-02-08,616.82,residential,India
1,2036-02-09,614.0,residential,India
1,2036-02-10,594.69,residential,India
1,2036-02-11,594.67,residential,India
1,2036-02-12,635.5,residential,India
1,2036-02-13,589.77,residential,India
1,2036-02-14,626.45,residential,India
1,2036-02-15,605.08,residential,India
1,2036-02-16,633.23,residential,India
1,2036-02-17,588.01,residential,India
1,2036-02-18,564.81,residential,India
1,2036-02-19,637.56,residential,India
1,2036-02-20,617.41,residential,India
1,2036-02-21,610.95,residential,India
1,2036-02-22,633.26,residential,India
1,2036-02-23,585.83,residential,India
1,2036-02-24,624.32,residential,India
1,2036-02-25,612.48,residential,India
1,2036-02-26,594.54,residential,India
1,2036-02-27,638.34,residential,India
1,2036-02-28,615.97,residential,India
1,2036-02-29,623.39,residential,India
1,2036-03-01,609.72,residential,India
1,2036-03-02,602.62,residential,India
1,2036-03-03,612.62,residential,India
1,2036-03-04,591.94,residential,India
1,2036-03-05,598.61,residential,India
1,2036-03-06,645.3,residential,India
1,2036-03-07,610.81,residential,India
1,2036-03-08,594.78,residential,India
1,2036-03-09,615.83,residential,India
1,2036-03-10,582.68,residential,India
1,2036-03-11,639.66,residential,India
1,2036-03-12,636.29,residential,India
1,2036-03-13,579.23,residential,India
1,2036-03-14,595.62,residential,India
1,2036-03-15,598.31,residential,India
1,2036-03-16,606.92,residential,India
1,2036-03-17,616.07,residential,India
1,2036-03-18,598.11,residential,India
1,2036-03-19,610.91,residential,India
1,2036-03-20,643.89,residential,India
1,2036-03-21,563.27,residential,India
1,2036-03-22,612.63,residential,India
1,2036-03-23,635.76,residential,India
1,2036-03-24,634.54,residential,India
1,2036-03-25,644.68,residential,India
1,2036-03-26,618.04,residential,India
1,2036-03-27,639.59,residential,India
1,2036-03-28,602.96,residential,India
1,2036-03-29,635.57,residential,India
1,2036-03-30,611.86,residential,India
1,2036-03-31,604.57,residential,India
1,2036-04-01,598.55,residential,India
1,2036-04-02,591.63,residential,India
1,2036-04-03,644.15,residential,India
1,2036-04-04,611.41,residential,India
1,2036-04-05,650.99,residential,India
1,2036-04-06,603.4,residential,India
1,2036-04-07,635.09,residential,India
1,2036-04-08,625.1,residential,India
1,2036-04-09,598.51,residential,India
1,2036-04-10,641.69,residential,India
1,2036-04-11,605.95,residential,India
1,2036-04-12,603.95,residential,India
1,2036-04-13,618.08,residential,India
1,2036-04-14,628.24,residential,India
1,2036-04-15,597.67,residential,India
1,2036-04-16,624.15,residential,India
1,2036-04-17,616.77,residential,India
1,2036-04-18,650.75,residential,India
1,2036-04-19,633.16,residential,India
1,2036-04-20,628.58,residential,India
1,2036-04-21,635.17,residential,India
1,2036-04-22,629.09,residential,India
1,2036-04-23,586.63,residential,India
1,2036-04-24,648.31,residential,India
1,2036-04-25,584.63,residential,India
1,2036-04-26,616.67,residential,India
1,2036-04-27,639.66,residential,India
1,2036-04-28,610.65,residential,India
1,2036-04-29,640.66,residential,India
1,2036-04-30,609.55,residential,India
1,2036-05-01,615.47,residential,India
1,2036-05-02,659.64,residential,India
1,2036-05-03,601.89,residential,India
1,2036-05-04,614.98,residential,India
1,2036-05-05,614.69,residential,India
1,2036-05-06,653.94,residential,India
1,2036-05-07,664.93,residential,India
1,2036-05-08,621.82,residential,India
1,2036-05-09,604.34,residential,India
1,2036-05-10,614.93,residential,India
1,2036-05-11,632.46,residential,India
1,2036-05-12,617.54,residential,India
1,2036-05-13,594.11,residential,India
1,2036-05-14,634.15,residential,India
1,2036-05-15,636.4,residential,India
1,2036-05-16,633.34,residential,India
1,2036-05-17,576.5,residential,India
1,2036-05-18,616.75,residential,India
1,2036-05-19,648.86,residential,India
1,2036-05-20,638.81,residential,India
1,2036-05-21,639.46,residential,India
1,2036-05-22,665.94,residential,India
1,2036-05-23,598.64,residential,India
1,2036-05-24,653.47,residential,India
1,2036-05-25,643.63,residential,India
1,2036-05-26,664.02,residential,India
1,2036-05-27,640.93,residential,India
1,2036-05-28,640.3,residential,India
1,2036-05-29,636.51,residential,India
1,2036-05-30,658.31,residential,India
1,2036-05-31,630.72,residential,India
1,2036-06-01,665.43,residential,India
1,2036-06-02,639.34,residential,India
1,2036-06-03,639.72,residential,India
1,2036-06-04,627.13,residential,India
1,2036-06-05,636.85,residential,India
1,2036-06-06,633.29,residential,India
1,2036-06-07,604.63,residential,India
1,2036-06-08,643.91,residential,India
1,2036-06-09,653.56,residential,India
1,2036-06-10,658.11,residential,India
1,2036-06-11,614.41,residential,India
1,2036-06-12,653.84,residential,India
1,2036-06-13,645.0,residential,India
1,2036-06-14,653.38,residential,India
1,2036-06-15,643.66,residential,India
1,2036-06-16,637.79,residential,India
1,2036-06-17,675.98,residential,India
1,2036-06-18,650.57,residential,India
1,2036-06-19,641.59,residential,India
1,2036-06-20,635.72,residential,India
1,2036-06-21,659.95,residential,India
1,2036-06-22,629.22,residential,India
1,2036-06-23,674.83,residential,India
1,2036-06-24,618.9,residential,India
1,2036-06-25,665.08,residential,India
1,2036-06-26,633.27,residential,India
1,2036-06-27,671.69,residential,India
1,2036-06-28,671.82,residential,India
1,2036-06-29,644.77,residential,India
1,2036-06-30,658.13,residential,India
1,2036-07-01,661.06,residential,India
1,2036-07-02,667.94,residential,India
1,2036-07-03,672.7,residential,India
1,2036-07-04,634.57,residential,India
1,2036-07-05,664.88,residential,India
1,2036-07-06,649.03,residential,India
1,2036-07-07,666.21,residential,India
1,2036-07-08,664.14,residential,India
1,2036-07-09,665.2,residential,India
1,2036-07-10,622.5,residential,India
1,2036-07-11,662.96,residential,India
1,2036-07-12,601.23,residential,India
1,2036-07-13,677.06,residential,India
1,2036-07-14,630.21,residential,India
1,2036-07-15,670.82,residential,India
1,2036-07-16,656.44,residential,India
1,2036-07-17,665.25,residential,India
1,2036-07-18,646.16,residential,India
1,2036-07-19,673.72,residential,India
1,2036-07-20,669.95,residential,India
1,2036-07-21,654.56,residential,India
1,2036-07-22,670.42,residential,India
1,2036-07-23,684.53,residential,India
1,2036-07-24,652.36,residential,India
1,2036-07-25,666.25,residential,India
1,2036-07-26,684.98,residential,India
1,2036-07-27,673.37,residential,India
1,2036-07-28,683.48,residential,India
1,2036-07-29,699.87,residential,India
1,2036-07-30,658.99,residential,India
1,2036-07-31,652.69,residential,India
1,2036-08-01,649.52,residential,India
1,2036-08-02,656.33,residential,India
1,2036-08-03,633.53,residential,India
1,2036-08-04,680.73,residential,India
1,2036-08-05,667.98,residential,India
1,2036-08-06,628.52,residential,India
1,2036-08-07,647.96,residential,India
1,2036-08-08,633.58,residential,India
1,2036-08-09,653.18,residential,India
1,2036-08-10,689.46,residential,India
1,2036-08-11,664.48,residential,India
1,2036-08-12,657.31,residential,India
1,2036-08-13,669.2,residential,India
1,2036-08-14,670.5,residential,India
1,2036-08-15,680.69,residential,India
1,2036-08-16,623.85,residential,India
1,2036-08-17,659.1,residential,India
1,2036-08-18,630.12,residential,India
1,2036-08-19,642.35,residential,India
1,2036-08-20,679.05,residential,India
1,2036-08-21,656.98,residential,India
1,2036-08-22,648.6,residential,India
1,2036-08-23,659.6,residential,India
1,2036-08-24,688.89,residential,India
1,2036-08-25,652.82,residential,India
1,2036-08-26,660.56,residential,India
1,2036-08-27,660.03,residential,India
1,2036-08-28,704.66,residential,India
1,2036-08-29,685.61,residential,India
1,2036-08-30,698.02,residential,India
1,2036-08-31,683.25,residential,India
1,2036-09-01,680.49,residential,India
1,2036-09-02,663.3,residential,India
1,2036-09-03,694.57,residential,India
1,2036-09-04,660.0,residential,India
1,2036-09-05,695.11,residential,India
1,2036-09-06,673.29,residential,India
1,2036-09-07,653.45,residential,India
1,2036-09-08,625.02,residential,India
1,2036-09-09,662.52,residential,India
1,2036-09-10,644.17,residential,India
1,2036-09-11,674.07,residential,India
1,2036-09-12,694.06,residential,India
1,2036-09-13,704.48,residential,India
1,2036-09-14,668.38,residential,India
1,2036-09-15,661.75,residential,India
1,2036-09-16,658.38,residential,India
1,2036-09-17,671.03,residential,India
1,2036-09-18,644.12,residential,India
1,2036-09-19,672.15,residential,India
1,2036-09-20,629.87,residential,India
1,2036-09-21,677.9,residential,India
1,2036-09-22,671.45,residential,India
1,2036-09-23,685.59,residential,India
1,2036-09-24,700.86,residential,India
1,2036-09-25,691.06,residential,India
1,2036-09-26,692.68,residential,India
1,2036-09-27,680.33,residential,India
1,2036-09-28,693.62,residential,India
1,2036-09-29,690.0,residential,India
1,2036-09-30,707.73,residential,India
1,2036-10-01,698.57,residential,India
1,2036-10-02,684.34,residential,India
1,2036-10-03,665.8,residential,India
1,2036-10-04,655.54,residential,India
1,2036-10-05,690.73,residential,India
1,2036-10-06,660.23,residential,India
1,2036-10-07,692.25,residential,India
1,2036-10-08,662.89,residential,India
1,2036-10-09,681.38,residential,India
1,2036-10-10,654.79,residential,India
1,2036-10-11,679.29,residential,India
1,2036-10-12,713.87,residential,India
1,2036-10-13,680.35,residential,India
1,2036-10-14,679.85,residential,India
1,2036-10-15,699.7,residential,India
1,2036-10-16,644.3,residential,India
1,2036-10-17,706.38,residential,India
1,2036-10-18,706.06,residential,India
1,2036-10-19,686.75,residential,India
1,2036-10-20,686.47,residential,India
1,2036-10-21,675.13,residential,India
1,2036-10-22,701.66,residential,India
1,2036-10-23,697.94,residential,India
1,2036-10-24,708.86,residential,India
1,2036-10-25,689.74,residential,India
1,2036-10-26,671.11,residential,India
1,2036-10-27,695.1,residential,India
1,2036-10-28,714.55,residential,India
1,2036-10-29,674.94,residential,India
1,2036-10-30,637.57,residential,India
1,2036-10-31,669.46,residential,India
1,2036-11-01,664.69,residential,India
1,2036-11-02,713.73,residential,India
1,2036-11-03,710.08,residential,India
1,2036-11-04,687.98,residential,India
1,2036-11-05,693.28,residential,India
1,2036-11-06,712.17,residential,India
1,2036-11-07,684.07,residential,India
1,2036-11-08,678.66,residential,India
1,2036-11-09,650.16,residential,India
1,2036-11-10,698.04,residential,India
1,2036-11-11,701.98,residential,India
1,2036-11-12,659.27,residential,India
1,2036-11-13,691.15,residential,India
1,2036-11-14,710.1,residential,India
1,2036-11-15,685.98,residential,India
1,2036-11-16,736.46,residential,India
1,2036-11-17,708.94,residential,India
1,2036-11-18,678.17,residential,India
1,2036-11-19,693.09,residential,India
1,2036-11-20,653.34,residential,India
1,2036-11-21,674.53,residential,India
1,2036-11-22,701.73,residential,India
1,2036-11-23,694.74,residential,India
1,2036-11-24,703.11,residential,India
1,2036-11-25,674.51,residential,India
1,2036-11-26,680.45,residential,India
1,2036-11-27,669.4,residential,India
1,2036-11-28,651.66,residential,India
1,2036-11-29,699.31,residential,India
1,2036-11-30,708.06,residential,India
1,2036-12-01,710.82,residential,India
1,2036-12-02,673.66,residential,India
1,2036-12-03,679.19,residential,India
1,2036-12-04,713.14,residential,India
1,2036-12-05,683.19,residential,India
1,2036-12-06,720.3,residential,India
1,2036-12-07,696.57,residential,India
1,2036-12-08,705.07,residential,India
1,2036-12-09,695.43,residential,India
1,2036-12-10,719.58,residential,India
1,2036-12-11,724.91,residential,India
1,2036-12-12,679.4,residential,India
1,2036-12-13,693.65,residential,India
1,2036-12-14,679.06,residential,India
1,2036-12-15,714.31,residential,India
1,2036-12-16,684.48,residential,India
1,2036-12-17,665.2,residential,India
1,2036-12-18,700.16,residential,India
1,2036-12-19,715.84,residential,India
1,2036-12-20,684.07,residential,India
1,2036-12-21,676.93,residential,India
1,2036-12-22,718.18,residential,India
1,2036-12-23,714.68,residential,India
1,2036-12-24,709.1,residential,India
1,2036-12-25,672.24,residential,India
1,2036-12-26,656.49,residential,India
1,2036-12-27,704.32,residential,India
1,2036-12-28,705.21,residential,India
1,2036-12-29,696.95,residential,India
1,2036-12-30,723.38,residential,India
1,2036-12-31,686.75,residential,India
1,2037-01-01,705.98,residential,India
1,2037-01-02,691.96,residential,India
1,2037-01-03,711.91,residential,India
1,2037-01-04,675.93,residential,India
1,2037-01-05,675.99,residential,India
1,2037-01-06,658.37,residential,India
1,2037-01-07,686.0,residential,India
1,2037-01-08,671.58,residential,India
1,2037-01-09,666.04,residential,India
1,2037-01-10,703.37,residential,India
1,2037-01-11,698.0,residential,India
1,2037-01-12,704.52,residential,India
1,2037-01-13,714.94,residential,India
1,2037-01-14,671.53,residential,India
1,2037-01-15,721.26,residential,India
1,2037-01-16,711.89,residential,India
1,2037-01-17,689.46,residential,India
1,2037-01-18,707.02,residential,India
1,2037-01-19,685.98,residential,India
1,2037-01-20,697.13,residential,India
1,2037-01-21,713.66,residential,India
1,2037-01-22,716.03,residential,India
1,2037-01-23,684.87,residential,India
1,2037-01-24,688.99,residential,India
1,2037-01-25,711.0,residential,India
1,2037-01-26,700.2,residential,India
1,2037-01-27,696.2,residential,India
1,2037-01-28,714.79,residential,India
1,2037-01-29,721.51,residential,India
1,2037-01-30,692.94,residential,India
1,2037-01-31,704.58,residential,India
1,2037-02-01,653.64,residential,India
1,2037-02-02,707.86,residential,India
1,2037-02-03,707.61,residential,India
1,2037-02-04,731.45,residential,India
1,2037-02-05,688.19,residential,India
1,2037-02-06,651.73,residential,India
1,2037-02-07,697.8,residential,India
1,2037-02-08,697.26,residential,India
1,2037-02-09,681.08,residential,India
1,2037-02-10,696.34,residential,India
1,2037-02-11,675.19,residential,India
1,2037-02-12,689.82,residential,India
1,2037-02-13,692.87,residential,India
1,2037-02-14,682.73,residential,India
1,2037-02-15,714.53,residential,India
1,2037-02-16,690.79,residential,India
1,2037-02-17,752.67,residential,India
1,2037-02-18,682.97,residential,India
1,2037-02-19,638.96,residential,India
1,2037-02-20,753.3,residential,India
1,2037-02-21,715.06,residential,India
1,2037-02-22,727.94,residential,India
1,2037-02-23,713.86,residential,India
1,2037-02-24,685.23,residential,India
1,2037-02-25,667.28,residential,India
1,2037-02-26,713.85,residential,India
1,2037-02-27,685.89,residential,India
1,2037-02-28,697.8,residential,India
1,2037-03-01,664.29,residential,India
1,2037-03-02,709.99,residential,India
1,2037-03-03,682.51,residential,India
1,2037-03-04,682.9,residential,India
1,2037-03-05,718.33,residential,India
1,2037-03-06,697.63,residential,India
1,2037-03-07,711.67,residential,India
1,2037-03-08,683.64,residential,India
1,2037-03-09,693.08,residential,India
1,2037-03-10,715.8,residential,India
1,2037-03-11,673.04,residential,India
1,2037-03-12,702.84,residential,India
1,2037-03-13,710.8,residential,India
1,2037-03-14,696.6,residential,India
1,2037-03-15,717.77,residential,India
1,2037-03-16,714.43,residential,India
1,2037-03-17,682.45,residential,India
1,2037-03-18,685.89,residential,India
1,2037-03-19,716.04,residential,India
1,2037-03-20,698.78,residential,India
1,2037-03-21,677.54,residential,India
1,2037-03-22,698.18,residential,India
1,2037-03-23,674.48,residential,India
1,2037-03-24,727.48,residential,India
1,2037-03-25,646.14,residential,India
1,2037-03-26,687.21,residential,India
1,2037-03-27,701.17,residential,India
1,2037-03-28,698.6,residential,India
1,2037-03-29,685.79,residential,India
1,2037-03-30,685.77,residential,India
1,2037-03-31,717.26,residential,India
1,2037-04-01,693.58,residential,India
1,2037-04-02,726.32,residential,India
1,2037-04-03,697.47,residential,India
1,2037-04-04,698.76,residential,India
1,2037-04-05,733.26,residential,India
1,2037-04-06,716.6,residential,India
1,2037-04-07,717.13,residential,India
1,2037-04-08,692.89,residential,India
1,2037-04-09,688.86,residential,India
1,2037-04-10,714.13,residential,India
1,2037-04-11,700.01,residential,India
1,2037-04-12,727.01,residential,India
1,2037-04-13,673.21,residential,India
1,2037-04-14,698.36,residential,India
1,2037-04-15,736.92,residential,India
1,2037-04-16,679.41,residential,India
1,2037-04-17,717.15,residential,India
1,2037-04-18,689.47,residential,India
1,2037-04-19,670.19,residential,India
1,2037-04-20,714.67,residential,India
1,2037-04-21,709.77,residential,India
1,2037-04-22,686.59,residential,India
1,2037-04-23,700.17,residential,India
1,2037-04-24,665.49,residential,India
1,2037-04-25,656.14,residential,India
1,2037-04-26,721.49,residential,India
1,2037-04-27,743.16,residential,India
1,2037-04-28,681.46,residential,India
1,2037-04-29,682.86,residential,India
1,2037-04-30,712.58,residential,India
1,2037-05-01,733.21,residential,India
1,2037-05-02,718.56,residential,India
1,2037-05-03,686.05,residential,India
1,2037-05-04,724.42,residential,India
1,2037-05-05,682.68,residential,India
1,2037-05-06,744.69,residential,India
1,2037-05-07,680.66,residential,India
1,2037-05-08,738.71,residential,India
1,2037-05-09,692.69,residential,India
1,2037-05-10,678.94,residential,India
1,2037-05-11,721.17,residential,India
1,2037-05-12,714.41,residential,India
1,2037-05-13,718.12,residential,India
1,2037-05-14,693.85,residential,India
1,2037-05-15,707.91,residential,India
1,2037-05-16,694.95,residential,India
1,2037-05-17,743.68,residential,India
1,2037-05-18,678.49,residential,India
1,2037-05-19,720.67,residential,India
1,2037-05-20,683.57,residential,India
1,2037-05-21,700.49,residential,India
1,2037-05-22,711.46,residential,India
1,2037-05-23,680.96,residential,India
1,2037-05-24,724.0,residential,India
1,2037-05-25,712.12,residential,India
1,2037-05-26,708.1,residential,India
1,2037-05-27,660.54,residential,India
1,2037-05-28,720.98,residential,India
1,2037-05-29,700.63,residential,India
1,2037-05-30,670.79,residential,India
1,2037-05-31,684.18,residential,India
1,2037-06-01,707.07,residential,India
1,2037-06-02,681.99,residential,India
1,2037-06-03,726.85,residential,India
1,2037-06-04,689.01,residential,India
1,2037-06-05,652.26,residential,India
1,2037-06-06,692.04,residential,India
1,2037-06-07,668.65,residential,India
1,2037-06-08,707.46,residential,India
1,2037-06-09,675.98,residential,India
1,2037-06-10,704.44,residential,India
1,2037-06-11,710.24,residential,India
1,2037-06-12,670.71,residential,India
1,2037-06-13,675.76,residential,India
1,2037-06-14,700.12,residential,India
1,2037-06-15,723.96,residential,India
1,2037-06-16,684.63,residential,India
1,2037-06-17,700.06,residential,India
1,2037-06-18,697.4,residential,India
1,2037-06-19,722.05,residential,India
1,2037-06-20,721.39,residential,India
1,2037-06-21,695.38,residential,India
1,2037-06-22,682.06,residential,India
1,2037-06-23,690.37,residential,India
1,2037-06-24,678.55,residential,India
1,2037-06-25,701.34,residential,India
1,2037-06-26,704.41,residential,India
1,2037-06-27,680.31,residential,India
1,2037-06-28,696.92,residential,India
1,2037-06-29,701.41,residential,India
1,2037-06-30,648.06,residential,India
1,2037-07-01,711.68,residential,India
1,2037-07-02,695.02,residential,India
1,2037-07-03,698.72,residential,India
1,2037-07-04,690.11,residential,India
1,2037-07-05,691.83,residential,India
1,2037-07-06,675.71,residential,India
1,2037-07-07,730.99,residential,India
1,2037-07-08,659.07,residential,India
1,2037-07-09,690.97,residential,India
1,2037-07-10,691.94,residential,India
1,2037-07-11,712.36,residential,India
1,2037-07-12,725.48,residential,India
1,2037-07-13,689.18,residential,India
1,2037-07-14,672.96,residential,India
1,2037-07-15,682.5,residential,India
1,2037-07-16,710.38,residential,India
1,2037-07-17,687.22,residential,India
1,2037-07-18,705.81,residential,India
1,2037-07-19,718.74,residential,India
1,2037-07-20,700.3,residential,India
1,2037-07-21,672.13,residential,India
1,2037-07-22,689.02,residential,India
1,2037-07-23,687.19,residential,India
1,2037-07-24,656.12,residential,India
1,2037-07-25,694.75,residential,India
1,2037-07-26,657.76,residential,India
1,2037-07-27,681.71,residential,India
1,2037-07-28,678.91,residential,India
1,2037-07-29,710.53,residential,India
1,2037-07-30,663.77,residential,India
1,2037-07-31,712.23,residential,India
1,2037-08-01,719.86,residential,India
1,2037-08-02,700.69,residential,India
1,2037-08-03,662.93,residential,India
1,2037-08-04,676.75,residential,India
1,2037-08-05,707.48,residential,India
1,2037-08-06,682.92,residential,India
1,2037-08-07,692.15,residential,India
1,2037-08-08,680.86,residential,India
1,2037-08-09,669.94,residential,India
1,2037-08-10,669.45,residential,India
1,2037-08-11,701.05,residential,India
1,2037-08-12,667.14,residential,India
1,2037-08-13,664.49,residential,India
1,2037-08-14,661.95,residential,India
1,2037-08-15,712.0,residential,India
1,2037-08-16,653.94,residential,India
1,2037-08-17,685.79,residential,India
1,2037-08-18,674.27,residential,India
1,2037-08-19,681.93,residential,India
1,2037-08-20,693.33,residential,India
1,2037-08-21,665.5,residential,India
1,2037-08-22,665.76,residential,India
1,2037-08-23,678.4,residential,India
1,2037-08-24,672.45,residential,India
1,2037-08-25,693.74,residential,India
1,2037-08-26,668.41,residential,India
1,2037-08-27,692.85,residential,India
1,2037-08-28,680.52,residential,India
1,2037-08-29,646.82,residential,India
1,2037-08-30,675.84,residential,India
1,2037-08-31,672.58,residential,India
1,2037-09-01,672.41,residential,India
1,2037-09-02,662.02,residential,India
1,2037-09-03,677.44,residential,India
1,2037-09-04,687.04,residential,India
1,2037-09-05,665.18,residential,India
1,2037-09-06,619.4,residential,India
1,2037-09-07,698.73,residential,India
1,2037-09-08,681.32,residential,India
1,2037-09-09,634.63,residential,India
1,2037-09-10,685.49,residential,India
1,2037-09-11,663.38,residential,India
1,2037-09-12,651.09,residential,India
1,2037-09-13,663.79,residential,India
1,2037-09-14,683.92,residential,India
1,2037-09-15,649.57,residential,India
1,2037-09-16,665.83,residential,India
1,2037-09-17,662.35,residential,India
1,2037-09-18,636.38,residential,India
1,2037-09-19,667.69,residential,India
1,2037-09-20,650.84,residential,India
1,2037-09-21,675.98,residential,India
1,2037-09-22,669.77,residential,India
1,2037-09-23,658.47,residential,India
1,2037-09-24,699.61,residential,India
1,2037-09-25,675.05,residential,India
1,2037-09-26,663.3,residential,India
1,2037-09-27,646.54,residential,India
1,2037-09-28,651.19,residential,India
1,2037-09-29,646.33,residential,India
1,2037-09-30,662.43,residential,India
1,2037-10-01,649.4,residential,India
1,2037-10-02,636.44,residential,India
1,2037-10-03,667.01,residential,India
1,2037-10-04,657.78,residential,India
1,2037-10-05,684.91,residential,India
1,2037-10-06,664.99,residential,India
1,2037-10-07,664.56,residential,India
1,2037-10-08,641.7,residential,India
1,2037-10-09,688.2,residential,India
1,2037-10-10,664.13,residential,India
1,2037-10-11,648.82,residential,India
1,2037-10-12,654.21,residential,India
1,2037-10-13,683.27,residential,India
1,2037-10-14,663.36,residential,India
1,2037-10-15,698.43,residential,India
1,2037-10-16,635.93,residential,India
1,2037-10-17,702.62,residential,India
1,2037-10-18,661.3,residential,India
1,2037-10-19,631.27,residential,India
1,2037-10-20,661.29,residential,India
1,2037-10-21,636.45,residential,India
1,2037-10-22,673.38,residential,India
1,2037-10-23,643.73,residential,India
1,2037-10-24,644.71,residential,India
1,2037-10-25,675.63,residential,India
1,2037-10-26,620.78,residential,India
1,2037-10-27,652.58,residential,India
1,2037-10-28,708.34,residential,India
1,2037-10-29,629.12,residential,India
1,2037-10-30,668.32,residential,India
1,2037-10-31,661.39,residential,India
1,2037-11-01,634.02,residential,India
1,2037-11-02,642.06,residential,India
1,2037-11-03,685.04,residential,India
1,2037-11-04,649.11,residential,India
1,2037-11-05,619.52,residential,India
1,2037-11-06,646.88,residential,India
1,2037-11-07,665.37,residential,India
1,2037-11-08,643.0,residential,India
1,2037-11-09,668.47,residential,India
1,2037-11-10,621.18,residential,India
1,2037-11-11,639.57,residential,India
1,2037-11-12,630.19,residential,India
1,2037-11-13,620.29,residential,India
1,2037-11-14,700.85,residential,India
1,2037-11-15,628.81,residential,India
1,2037-11-16,621.09,residential,India
1,2037-11-17,647.8,residential,India
1,2037-11-18,635.29,residential,India
1,2037-11-19,663.55,residential,India
1,2037-11-20,652.08,residential,India
1,2037-11-21,676.19,residential,India
1,2037-11-22,665.01,residential,India
1,2037-11-23,648.85,residential,India
1,2037-11-24,643.96,residential,India
1,2037-11-25,627.59,residential,India
1,2037-11-26,671.01,residential,India
1,2037-11-27,674.73,residential,India
1,2037-11-28,637.76,residential,India
1,2037-11-29,665.08,residential,India
1,2037-11-30,701.36,residential,India
1,2037-12-01,631.34,residential,India
1,2037-12-02,655.3,residential,India
1,2037-12-03,661.33,residential,India
1,2037-12-04,619.47,residential,India
1,2037-12-05,689.6,residential,India
1,2037-12-06,662.1,residential,India
1,2037-12-07,668.97,residential,India
1,2037-12-08,674.88,residential,India
1,2037-12-09,652.32,residential,India
1,2037-12-10,652.08,residential,India
1,2037-12-11,622.24,residential,India
1,2037-12-12,640.3,residential,India
1,2037-12-13,656.46,residential,India
1,2037-12-14,699.45,residential,India
1,2037-12-15,648.07,residential,India
1,2037-12-16,676.27,residential,India
1,2037-12-17,616.31,residential,India
1,2037-12-18,643.97,residential,India
1,2037-12-19,664.64,residential,India
1,2037-12-20,621.68,residential,India
1,2037-12-21,617.73,residential,India
1,2037-12-22,603.7,residential,India
1,2037-12-23,638.23,residential,India
1,2037-12-24,632.49,residential,India
1,2037-12-25,634.79,residential,India
1,2037-12-26,626.17,residential,India
1,2037-12-27,654.08,residential,India
1,2037-12-28,658.31,residential,India
1,2037-12-29,654.05,residential,India
1,2037-12-30,662.28,residential,India
1,2037-12-31,636.34,residential,India
1,2038-01-01,632.67,residential,India
1,2038-01-02,628.86,residential,India
1,2038-01-03,617.87,residential,India
1,2038-01-04,677.93,residential,India
1,2038-01-05,638.96,residential,India
1,2038-01-06,645.98,residential,India
1,2038-01-07,625.2,residential,India
1,2038-01-08,611.65,residential,India
1,2038-01-09,654.69,residential,India
1,2038-01-10,628.04,residential,India
1,2038-01-11,614.63,residential,India
1,2038-01-12,651.2,residential,India
1,2038-01-13,687.43,residential,India
1,2038-01-14,622.94,residential,India
1,2038-01-15,625.8,residential,India
1,2038-01-16,633.2,residential,India
1,2038-01-17,664.96,residential,India
1,2038-01-18,633.99,residential,India
1,2038-01-19,624.42,residential,India
1,2038-01-20,641.45,residential,India
1,2038-01-21,695.89,residential,India
1,2038-01-22,639.2,residential,India
1,2038-01-23,697.13,residential,India
1,2038-01-24,640.64,residential,India
1,2038-01-25,623.75,residential,India
1,2038-01-26,608.99,residential,India
1,2038-01-27,639.32,residential,India
1,2038-01-28,607.18,residential,India
1,2038-01-29,640.64,residential,India
1,2038-01-30,648.21,residential,India
1,2038-01-31,605.34,residential,India
1,2038-02-01,639.52,residential,India
1,2038-02-02,634.47,residential,India
1,2038-02-03,654.85,residential,India
1,2038-02-04,600.3,residential,India
1,2038-02-05,641.88,residential,India
1,2038-02-06,622.44,residential,India
1,2038-02-07,656.57,residential,India
1,2038-02-08,658.58,residential,India
1,2038-02-09,641.96,residential,India
1,2038-02-10,640.32,residential,India
1,2038-02-11,645.62,residential,India
1,2038-02-12,638.24,residential,India
1,2038-02-13,627.02,residential,India
1,2038-02-14,639.7,residential,India
1,2038-02-15,631.62,residential,India
1,2038-02-16,614.39,residential,India
1,2038-02-17,658.47,residential,India
1,2038-02-18,639.16,residential,India
1,2038-02-19,629.26,residential,India
1,2038-02-20,625.43,residential,India
1,2038-02-21,675.73,residential,India
1,2038-02-22,605.93,residential,India
1,2038-02-23,615.05,residential,India
1,2038-02-24,621.06,residential,India
1,2038-02-25,652.5,residential,India
1,2038-02-26,607.67,residential,India
1,2038-02-27,638.3,residential,India
1,2038-02-28,608.94,residential,India
1,2038-03-01,616.63,residential,India
1,2038-03-02,629.17,residential,India
1,2038-03-03,629.81,residential,India
1,2038-03-04,632.17,residential,India
1,2038-03-05,658.94,residential,India
1,2038-03-06,635.38,residential,India
1,2038-03-07,648.2,residential,India
1,2038-03-08,620.11,residential,India
1,2038-03-09,619.97,residential,India
1,2038-03-10,644.92,residential,India
1,2038-03-11,645.28,residential,India
1,2038-03-12,621.84,residential,India
1,2038-03-13,613.34,residential,India
1,2038-03-14,627.65,residential,India
1,2038-03-15,665.25,residential,India
1,2038-03-16,610.12,residential,India
1,2038-03-17,611.34,residential,India
1,2038-03-18,635.42,residential,India
1,2038-03-19,625.36,residential,India
1,2038-03-20,590.78,residential,India
1,2038-03-21,648.85,residential,India
1,2038-03-22,612.24,residential,India
1,2038-03-23,631.24,residential,India
1,2038-03-24,616.18,residential,India
1,2038-03-25,619.16,residential,India
1,2038-03-26,635.18,residential,India
1,2038-03-27,636.85,residential,India
1,2038-03-28,637.89,residential,India
1,2038-03-29,644.37,residential,India
1,2038-03-30,602.09,residential,India
1,2038-03-31,612.7,residential,India
1,2038-04-01,590.36,residential,India
1,2038-04-02,652.16,residential,India
1,2038-04-03,622.1,residential,India
1,2038-04-04,634.77,residential,India
1,2038-04-05,639.07,residential,India
1,2038-04-06,583.85,residential,India
1,2038-04-07,589.63,residential,India
1,2038-04-08,619.92,residential,India
1,2038-04-09,658.06,residential,India
1,2038-04-10,595.43,residential,India
1,2038-04-11,587.48,residential,India
1,2038-04-12,616.7,residential,India
1,2038-04-13,582.57,residential,India
1,2038-04-14,609.04,residential,India
1,2038-04-15,635.48,residential,India
1,2038-04-16,642.47,residential,India
1,2038-04-17,636.81,residential,India
1,2038-04-18,607.0,residential,India
1,2038-04-19,611.0,residential,India
1,2038-04-20,660.05,residential,India
1,2038-04-21,608.95,residential,India
1,2038-04-22,603.54,residential,India
1,2038-04-23,605.92,residential,India
1,2038-04-24,643.28,residential,India
1,2038-04-25,624.5,residential,India
1,2038-04-26,616.63,residential,India
1,2038-04-27,626.12,residential,India
1,2038-04-28,608.86,residential,India
1,2038-04-29,649.35,residential,India
1,2038-04-30,607.18,residential,India
1,2038-05-01,607.83,residential,India
1,2038-05-02,617.25,residential,India
1,2038-05-03,594.26,residential,India
1,2038-05-04,610.88,residential,India
1,2038-05-05,623.31,residential,India
1,2038-05-06,632.19,residential,India
1,2038-05-07,632.17,residential,India
1,2038-05-08,627.85,residential,India
1,2038-05-09,605.51,residential,India
1,2038-05-10,625.03,residential,India
1,2038-05-11,614.35,residential,India
1,2038-05-12,611.59,residential,India
1,2038-05-13,585.94,residential,India
1,2038-05-14,632.62,residential,India
1,2038-05-15,637.22,residential,India
1,2038-05-16,639.26,residential,India
1,2038-05-17,596.35,residential,India
1,2038-05-18,599.18,residential,India
1,2038-05-19,590.36,residential,India
1,2038-05-20,641.83,residential,India
1,2038-05-21,594.63,residential,India
1,2038-05-22,621.01,residential,India
1,2038-05-23,611.17,residential,India
1,2038-05-24,602.36,residential,India
1,2038-05-25,601.65,residential,India
1,2038-05-26,620.28,residential,India
1,2038-05-27,650.67,residential,India
1,2038-05-28,619.93,residential,India
1,2038-05-29,611.9,residential,India
1,2038-05-30,616.55,residential,India
1,2038-05-31,600.66,residential,India
1,2038-06-01,623.66,residential,India
1,2038-06-02,629.8,residential,India
1,2038-06-03,597.38,residential,India
1,2038-06-04,598.94,residential,India
1,2038-06-05,614.89,residential,India
1,2038-06-06,622.06,residential,India
1,2038-06-07,599.25,residential,India
1,2038-06-08,612.71,residential,India
1,2038-06-09,609.07,residential,India
1,2038-06-10,590.2,residential,India
1,2038-06-11,573.78,residential,India
1,2038-06-12,577.93,residential,India
1,2038-06-13,643.55,residential,India
1,2038-06-14,621.4,residential,India
1,2038-06-15,627.89,residential,India
1,2038-06-16,644.09,residential,India
1,2038-06-17,600.83,residential,India
1,2038-06-18,636.5,residential,India
1,2038-06-19,663.56,residential,India
1,2038-06-20,667.52,residential,India
1,2038-06-21,638.68,residential,India
1,2038-06-22,630.85,residential,India
1,2038-06-23,637.6,residential,India
1,2038-06-24,601.87,residential,India
1,2038-06-25,617.37,residential,India
1,2038-06-26,590.39,residential,India
1,2038-06-27,625.82,residential,India
1,2038-06-28,670.85,residential,India
1,2038-06-29,612.31,residential,India
1,2038-06-30,645.2,residential,India
1,2038-07-01,608.54,residential,India
1,2038-07-02,630.15,residential,India
1,2038-07-03,611.55,residential,India
1,2038-07-04,615.98,residential,India
1,2038-07-05,603.34,residential,India
1,2038-07-06,621.66,residential,India
1,2038-07-07,618.96,residential,India
1,2038-07-08,621.37,residential,India
1,2038-07-09,646.15,residential,India
1,2038-07-10,605.45,residential,India
1,2038-07-11,653.24,residential,India
1,2038-07-12,602.0,residential,India
1,2038-07-13,594.28,residential,India
1,2038-07-14,606.47,residential,India
1,2038-07-15,620.56,residential,India
1,2038-07-16,608.79,residential,India
1,2038-07-17,595.86,residential,India
1,2038-07-18,592.3,residential,India
1,2038-07-19,621.84,residential,India
1,2038-07-20,659.3,residential,India
1,2038-07-21,573.26,residential,India
1,2038-07-22,612.33,residential,India
1,2038-07-23,606.88,residential,India
1,2038-07-24,647.09,residential,India
1,2038-07-25,636.78,residential,India
1,2038-07-26,635.23,residential,India
1,2038-07-27,647.36,residential,India
1,2038-07-28,600.04,residential,India
1,2038-07-29,636.14,residential,India
1,2038-07-30,647.33,residential,India
1,2038-07-31,624.71,residential,India
1,2038-08-01,597.18,residential,India
1,2038-08-02,646.51,residential,India
1,2038-08-03,606.27,residential,India
1,2038-08-04,599.89,residential,India
1,2038-08-05,609.12,residential,India
1,2038-08-06,628.67,residential,India
1,2038-08-07,577.52,residential,India
1,2038-08-08,624.63,residential,India
1,2038-08-09,625.54,residential,India
1,2038-08-10,609.22,residential,India
1,2038-08-11,633.7,residential,India
1,2038-08-12,609.35,residential,India
1,2038-08-13,652.98,residential,India
1,2038-08-14,608.56,residential,India
1,2038-08-15,630.84,residential,India
1,2038-08-16,608.89,residential,India
1,2038-08-17,620.5,residential,India
1,2038-08-18,621.92,residential,India
1,2038-08-19,619.32,residential,India
1,2038-08-20,627.96,residential,India
1,2038-08-21,627.84,residential,India
1,2038-08-22,633.44,residential,India
1,2038-08-23,628.29,residential,India
1,2038-08-24,632.51,residential,India
1,2038-08-25,628.95,residential,India
1,2038-08-26,606.08,residential,India
1,2038-08-27,633.84,residential,India
1,2038-08-28,623.63,residential,India
1,2038-08-29,648.22,residential,India
1,2038-08-30,618.79,residential,India
1,2038-08-31,582.17,residential,India
1,2038-09-01,601.65,residential,India
1,2038-09-02,651.45,residential,India
1,2038-09-03,597.55,residential,India
1,2038-09-04,632.76,residential,India
1,2038-09-05,600.27,residential,India
1,2038-09-06,615.6,residential,India
1,2038-09-07,628.62,residential,India
1,2038-09-08,614.53,residential,India
1,2038-09-09,624.53,residential,India
1,2038-09-10,589.63,residential,India
1,2038-09-11,638.66,residential,India
1,2038-09-12,632.17,residential,India
1,2038-09-13,612.7,residential,India
1,2038-09-14,622.52,residential,India
1,2038-09-15,610.17,residential,India
1,2038-09-16,653.29,residential,India
1,2038-09-17,631.96,residential,India
1,2038-09-18,580.91,residential,India
1,2038-09-19,614.81,residential,India
1,2038-09-20,648.03,residential,India
1,2038-09-21,670.25,residential,India
1,2038-09-22,621.3,residential,India
1,2038-09-23,683.2,residential,India
1,2038-09-24,631.01,residential,India
1,2038-09-25,643.18,residential,India
1,2038-09-26,626.22,residential,India
1,2038-09-27,601.14,residential,India
1,2038-09-28,623.11,residential,India
1,2038-09-29,638.34,residential,India
1,2038-09-30,637.11,residential,India
1,2038-10-01,634.09,residential,India
1,2038-10-02,643.48,residential,India
1,2038-10-03,657.87,residential,India
1,2038-10-04,654.85,residential,India
1,2038-10-05,634.53,residential,India
1,2038-10-06,632.24,residential,India
1,2038-10-07,669.83,residential,India
1,2038-10-08,613.5,residential,India
1,2038-10-09,650.74,residential,India
1,2038-10-10,613.06,residential,India
1,2038-10-11,633.44,residential,India
1,2038-10-12,645.35,residential,India
1,2038-10-13,654.71,residential,India
1,2038-10-14,618.74,residential,India
1,2038-10-15,622.74,residential,India
1,2038-10-16,610.59,residential,India
1,2038-10-17,629.41,residential,India
1,2038-10-18,620.05,residential,India
1,2038-10-19,657.21,residential,India
1,2038-10-20,619.34,residential,India
1,2038-10-21,660.03,residential,India
1,2038-10-22,648.28,residential,India
1,2038-10-23,645.46,residential,India
1,2038-10-24,670.18,residential,India
1,2038-10-25,663.67,residential,India
1,2038-10-26,640.22,residential,India
1,2038-10-27,610.78,residential,India
1,2038-10-28,644.14,residential,India
1,2038-10-29,644.79,residential,India
1,2038-10-30,632.88,residential,India
1,2038-10-31,639.75,residential,India
1,2038-11-01,646.7,residential,India
1,2038-11-02,663.04,residential,India
1,2038-11-03,636.72,residential,India
1,2038-11-04,653.27,residential,India
1,2038-11-05,660.79,residential,India
1,2038-11-06,650.32,residential,India
1,2038-11-07,653.78,residential,India
1,2038-11-08,661.98,residential,India
1,2038-11-09,626.78,residential,India
1,2038-11-10,639.64,residential,India
1,2038-11-11,633.57,residential,India
1,2038-11-12,670.54,residential,India
1,2038-11-13,628.09,residential,India
1,2038-11-14,678.48,residential,India
1,2038-11-15,636.61,residential,India
1,2038-11-16,638.26,residential,India
1,2038-11-17,660.9,residential,India
1,2038-11-18,675.43,residential,India
1,2038-11-19,633.99,residential,India
1,2038-11-20,649.67,residential,India
1,2038-11-21,630.71,residential,India
1,2038-11-22,646.86,residential,India
1,2038-11-23,649.95,residential,India
1,2038-11-24,647.73,residential,India
1,2038-11-25,674.98,residential,India
1,2038-11-26,642.2,residential,India
1,2038-11-27,662.89,residential,India
1,2038-11-28,669.77,residential,India
1,2038-11-29,632.95,residential,India
1,2038-11-30,620.33,residential,India
1,2038-12-01,665.87,residential,India
1,2038-12-02,682.02,residential,India
1,2038-12-03,639.06,residential,India
1,2038-12-04,631.5,residential,India
1,2038-12-05,655.85,residential,India
1,2038-12-06,677.66,residential,India
1,2038-12-07,615.67,residential,India
1,2038-12-08,628.54,residential,India
1,2038-12-09,636.16,residential,India
1,2038-12-10,655.58,residential,India
1,2038-12-11,665.57,residential,India
1,2038-12-12,668.54,residential,India
1,2038-12-13,650.37,residential,India
1,2038-12-14,667.87,residential,India
1,2038-12-15,645.19,residential,India
1,2038-12-16,648.27,residential,India
1,2038-12-17,664.88,residential,India
1,2038-12-18,648.96,residential,India
1,2038-12-19,671.39,residential,India
1,2038-12-20,662.31,residential,India
1,2038-12-21,658.11,residential,India
1,2038-12-22,666.57,residential,India
1,2038-12-23,662.35,residential,India
1,2038-12-24,652.02,residential,India
1,2038-12-25,670.47,residential,India
1,2038-12-26,629.53,residential,India
1,2038-12-27,674.32,residential,India
1,2038-12-28,614.91,residential,India
1,2038-12-29,650.87,residential,India
1,2038-12-30,627.36,residential,India
1,2038-12-31,648.04,residential,India
1,2039-01-01,677.45,residential,India
1,2039-01-02,634.79,residential,India
1,2039-01-03,672.83,residential,India
1,2039-01-04,653.89,residential,India
1,2039-01-05,644.49,residential,India
1,2039-01-06,689.14,residential,India
1,2039-01-07,709.42,residential,India
1,2039-01-08,643.23,residential,India
1,2039-01-09,645.24,residential,India
1,2039-01-10,677.35,residential,India
1,2039-01-11,661.1,residential,India
1,2039-01-12,675.18,residential,India
1,2039-01-13,662.0,residential,India
1,2039-01-14,639.56,residential,India
1,2039-01-15,711.56,residential,India
1,2039-01-16,655.81,residential,India
1,2039-01-17,671.7,residential,India
1,2039-01-18,640.4,residential,India
1,2039-01-19,695.2,residential,India
1,2039-01-20,758.55,residential,India
1,2039-01-21,685.37,residential,India
1,2039-01-22,662.41,residential,India
1,2039-01-23,671.23,residential,India
1,2039-01-24,652.51,residential,India
1,2039-01-25,678.72,residential,India
1,2039-01-26,676.37,residential,India
1,2039-01-27,666.39,residential,India
1,2039-01-28,698.26,residential,India
1,2039-01-29,671.52,residential,India
1,2039-01-30,677.66,residential,India
1,2039-01-31,668.3,residential,India
1,2039-02-01,691.23,residential,India
1,2039-02-02,661.68,residential,India
1,2039-02-03,664.19,residential,India
1,2039-02-04,662.29,residential,India
1,2039-02-05,672.69,residential,India
1,2039-02-06,683.07,residential,India
1,2039-02-07,665.47,residential,India
1,2039-02-08,669.69,residential,India
1,2039-02-09,685.44,residential,India
1,2039-02-10,683.65,residential,India
1,2039-02-11,662.25,residential,India
1,2039-02-12,691.95,residential,India
1,2039-02-13,686.32,residential,India
1,2039-02-14,687.59,residential,India
1,2039-02-15,662.24,residential,India
1,2039-02-16,707.24,residential,India
1,2039-02-17,637.51,residential,India
1,2039-02-18,670.38,residential,India
1,2039-02-19,684.36,residential,India
1,2039-02-20,653.05,residential,India
1,2039-02-21,687.37,residential,India
1,2039-02-22,685.41,residential,India
1,2039-02-23,676.35,residential,India
1,2039-02-24,703.24,residential,India
1,2039-02-25,687.77,residential,India
1,2039-02-26,654.91,residential,India
1,2039-02-27,649.25,residential,India
1,2039-02-28,649.66,residential,India
1,2039-03-01,647.61,residential,India
1,2039-03-02,663.98,residential,India
1,2039-03-03,672.88,residential,India
1,2039-03-04,684.53,residential,India
1,2039-03-05,706.49,residential,India
1,2039-03-06,668.75,residential,India
1,2039-03-07,722.78,residential,India
1,2039-03-08,693.08,residential,India
1,2039-03-09,676.66,residential,India
1,2039-03-10,705.38,residential,India
1,2039-03-11,661.9,residential,India
1,2039-03-12,703.29,residential,India
1,2039-03-13,710.77,residential,India
1,2039-03-14,703.37,residential,India
1,2039-03-15,658.47,residential,India
1,2039-03-16,699.63,residential,India
1,2039-03-17,662.3,residential,India
1,2039-03-18,710.81,residential,India
1,2039-03-19,635.2,residential,India
1,2039-03-20,697.87,residential,India
1,2039-03-21,690.03,residential,India
1,2039-03-22,673.09,residential,India
1,2039-03-23,695.67,residential,India
1,2039-03-24,664.72,residential,India
1,2039-03-25,715.11,residential,India
1,2039-03-26,725.38,residential,India
1,2039-03-27,678.36,residential,India
1,2039-03-28,707.49,residential,India
1,2039-03-29,661.08,residential,India
1,2039-03-30,652.89,residential,India
1,2039-03-31,694.08,residential,India
1,2039-04-01,692.32,residential,India
1,2039-04-02,703.24,residential,India
1,2039-04-03,686.44,residential,India
1,2039-04-04,710.96,residential,India
1,2039-04-05,698.48,residential,India
1,2039-04-06,697.49,residential,India
1,2039-04-07,714.79,residential,India
1,2039-04-08,709.06,residential,India
1,2039-04-09,734.59,residential,India
1,2039-04-10,672.64,residential,India
1,2039-04-11,707.4,residential,India
1,2039-04-12,738.32,residential,India
1,2039-04-13,690.75,residential,India
1,2039-04-14,668.81,residential,India
1,2039-04-15,698.93,residential,India
1,2039-04-16,693.29,residential,India
1,2039-04-17,697.21,residential,India
1,2039-04-18,705.68,residential,India
1,2039-04-19,703.65,residential,India
1,2039-04-20,702.3,residential,India
1,2039-04-21,708.43,residential,India
1,2039-04-22,718.31,residential,India
1,2039-04-23,681.86,residential,India
1,2039-04-24,720.1,residential,India
1,2039-04-25,696.52,residential,India
1,2039-04-26,671.18,residential,India
1,2039-04-27,701.92,residential,India
1,2039-04-28,694.59,residential,India
1,2039-04-29,701.21,residential,India
1,2039-04-30,676.19,residential,India
1,2039-05-01,718.36,residential,India
1,2039-05-02,657.73,residential,India
1,2039-05-03,700.95,residential,India
1,2039-05-04,714.44,residential,India
1,2039-05-05,683.19,residential,India
1,2039-05-06,726.24,residential,India
1,2039-05-07,712.89,residential,India
1,2039-05-08,730.17,residential,India
1,2039-05-09,718.1,residential,India
1,2039-05-10,730.04,residential,India
1,2039-05-11,692.14,residential,India
1,2039-05-12,716.54,residential,India
1,2039-05-13,669.14,residential,India
1,2039-05-14,711.8,residential,India
1,2039-05-15,753.7,residential,India
1,2039-05-16,700.67,residential,India
1,2039-05-17,694.06,residential,India
1,2039-05-18,723.04,residential,India
1,2039-05-19,671.6,residential,India
1,2039-05-20,692.45,residential,India
1,2039-05-21,708.35,residential,India
1,2039-05-22,715.0,residential,India
1,2039-05-23,683.72,residential,India
1,2039-05-24,715.73,residential,India
1,2039-05-25,703.82,residential,India
1,2039-05-26,740.95,residential,India
1,2039-05-27,714.71,residential,India
1,2039-05-28,737.76,residential,India
1,2039-05-29,666.79,residential,India
1,2039-05-30,722.77,residential,India
1,2039-05-31,739.56,residential,India
1,2039-06-01,690.03,residential,India
1,2039-06-02,700.1,residential,India
1,2039-06-03,720.09,residential,India
1,2039-06-04,721.74,residential,India
1,2039-06-05,720.91,residential,India
1,2039-06-06,676.83,residential,India
1,2039-06-07,689.77,residential,India
1,2039-06-08,668.62,residential,India
1,2039-06-09,730.55,residential,India
1,2039-06-10,739.61,residential,India
1,2039-06-11,731.0,residential,India
1,2039-06-12,689.02,residential,India
1,2039-06-13,734.3,residential,India
1,2039-06-14,694.17,residential,India
1,2039-06-15,722.1,residential,India
1,2039-06-16,693.33,residential,India
1,2039-06-17,741.47,residential,India
1,2039-06-18,729.84,residential,India
1,2039-06-19,746.44,residential,India
1,2039-06-20,717.01,residential,India
1,2039-06-21,677.12,residential,India
1,2039-06-22,738.74,residential,India
1,2039-06-23,695.42,residential,India
1,2039-06-24,726.61,residential,India
1,2039-06-25,732.95,residential,India
1,2039-06-26,732.64,residential,India
1,2039-06-27,720.29,residential,India
1,2039-06-28,741.76,residential,India
1,2039-06-29,681.55,residential,India
1,2039-06-30,712.64,residential,India
1,2039-07-01,710.04,residential,India
1,2039-07-02,722.82,residential,India
1,2039-07-03,735.17,residential,India
1,2039-07-04,741.37,residential,India
1,2039-07-05,724.31,residential,India
1,2039-07-06,714.21,residential,India
1,2039-07-07,774.41,residential,India
1,2039-07-08,734.8,residential,India
1,2039-07-09,704.0,residential,India
1,2039-07-10,745.27,residential,India
1,2039-07-11,702.52,residential,India
1,2039-07-12,700.17,residential,India
1,2039-07-13,746.0,residential,India
1,2039-07-14,743.15,residential,India
1,2039-07-15,721.24,residential,India
1,2039-07-16,725.88,residential,India
1,2039-07-17,746.44,residential,India
1,2039-07-18,679.43,residential,India
1,2039-07-19,692.44,residential,India
1,2039-07-20,725.93,residential,India
1,2039-07-21,690.43,residential,India
1,2039-07-22,736.39,residential,India
1,2039-07-23,730.08,residential,India
1,2039-07-24,736.82,residential,India
1,2039-07-25,716.25,residential,India
1,2039-07-26,717.42,residential,India
1,2039-07-27,737.31,residential,India
1,2039-07-28,757.49,residential,India
1,2039-07-29,730.92,residential,India
1,2039-07-30,700.32,residential,India
1,2039-07-31,739.16,residential,India
1,2039-08-01,722.55,residential,India
1,2039-08-02,734.42,residential,India
1,2039-08-03,720.83,residential,India
1,2039-08-04,721.3,residential,India
1,2039-08-05,698.34,residential,India
1,2039-08-06,719.36,residential,India
1,2039-08-07,710.28,residential,India
1,2039-08-08,709.23,residential,India
1,2039-08-09,764.26,residential,India
1,2039-08-10,726.41,residential,India
1,2039-08-11,734.07,residential,India
1,2039-08-12,710.19,residential,India
1,2039-08-13,724.16,residential,India
1,2039-08-14,719.0,residential,India
1,2039-08-15,729.91,residential,India
1,2039-08-16,736.52,residential,India
1,2039-08-17,756.27,residential,India
1,2039-08-18,704.82,residential,India
1,2039-08-19,752.59,residential,India
1,2039-08-20,718.48,residential,India
1,2039-08-21,737.63,residential,India
1,2039-08-22,717.74,residential,India
1,2039-08-23,737.98,residential,India
1,2039-08-24,754.19,residential,India
1,2039-08-25,752.23,residential,India
1,2039-08-26,720.03,residential,India
1,2039-08-27,690.69,residential,India
1,2039-08-28,726.09,residential,India
1,2039-08-29,725.7,residential,India
1,2039-08-30,735.37,residential,India
1,2039-08-31,709.43,residential,India
1,2039-09-01,743.3,residential,India
1,2039-09-02,712.14,residential,India
1,2039-09-03,740.72,residential,India
1,2039-09-04,733.94,residential,India
1,2039-09-05,716.02,residential,India
1,2039-09-06,716.02,residential,India
1,2039-09-07,717.69,residential,India
1,2039-09-08,717.46,residential,India
1,2039-09-09,743.06,residential,India
1,2039-09-10,774.01,residential,India
1,2039-09-11,733.02,residential,India
1,2039-09-12,758.22,residential,India
1,2039-09-13,727.22,residential,India
1,2039-09-14,740.03,residential,India
1,2039-09-15,739.35,residential,India
1,2039-09-16,691.84,residential,India
1,2039-09-17,719.56,residential,India
1,2039-09-18,720.51,residential,India
1,2039-09-19,755.25,residential,India
1,2039-09-20,703.7,residential,India
1,2039-09-21,723.68,residential,India
1,2039-09-22,774.56,residential,India
1,2039-09-23,739.97,residential,India
1,2039-09-24,714.75,residential,India
1,2039-09-25,744.98,residential,India
1,2039-09-26,717.97,residential,India
1,2039-09-27,726.55,residential,India
1,2039-09-28,749.12,residential,India
1,2039-09-29,744.11,residential,India
1,2039-09-30,734.45,residential,India
1,2039-10-01,683.37,residential,India
1,2039-10-02,718.44,residential,India
1,2039-10-03,727.74,residential,India
1,2039-10-04,728.56,residential,India
1,2039-10-05,745.7,residential,India
1,2039-10-06,746.91,residential,India
1,2039-10-07,743.75,residential,India
1,2039-10-08,721.61,residential,India
1,2039-10-09,745.86,residential,India
1,2039-10-10,737.0,residential,India
1,2039-10-11,728.74,residential,India
1,2039-10-12,744.92,residential,India
1,2039-10-13,750.43,residential,India
1,2039-10-14,757.57,residential,India
1,2039-10-15,717.81,residential,India
1,2039-10-16,740.17,residential,India
1,2039-10-17,731.08,residential,India
1,2039-10-18,751.14,residential,India
1,2039-10-19,752.23,residential,India
1,2039-10-20,730.49,residential,India
1,2039-10-21,756.27,residential,India
1,2039-10-22,734.93,residential,India
1,2039-10-23,769.78,residential,India
1,2039-10-24,742.08,residential,India
1,2039-10-25,748.51,residential,India
1,2039-10-26,752.14,residential,India
1,2039-10-27,748.42,residential,India
1,2039-10-28,743.65,residential,India
1,2039-10-29,721.6,residential,India
1,2039-10-30,749.81,residential,India
1,2039-10-31,750.18,residential,India
1,2039-11-01,734.64,residential,India
1,2039-11-02,709.88,residential,India
1,2039-11-03,731.84,residential,India
1,2039-11-04,742.61,residential,India
1,2039-11-05,724.53,residential,India
1,2039-11-06,737.99,residential,India
1,2039-11-07,715.27,residential,India
1,2039-11-08,773.81,residential,India
1,2039-11-09,740.08,residential,India
1,2039-11-10,745.71,residential,India
1,2039-11-11,730.59,residential,India
1,2039-11-12,753.42,residential,India
1,2039-11-13,759.84,residential,India
1,2039-11-14,772.42,residential,India
1,2039-11-15,719.97,residential,India
1,2039-11-16,776.19,residential,India
1,2039-11-17,751.31,residential,India
1,2039-11-18,761.54,residential,India
1,2039-11-19,737.56,residential,India
1,2039-11-20,745.09,residential,India
1,2039-11-21,740.14,residential,India
1,2039-11-22,756.21,residential,India
1,2039-11-23,757.03,residential,India
1,2039-11-24,729.69,residential,India
1,2039-11-25,766.89,residential,India
1,2039-11-26,763.21,residential,India
1,2039-11-27,720.25,residential,India
1,2039-11-28,732.77,residential,India
1,2039-11-29,724.04,residential,India
1,2039-11-30,768.34,residential,India
1,2039-12-01,720.16,residential,India
1,2039-12-02,739.43,residential,India
1,2039-12-03,744.31,residential,India
1,2039-12-04,752.0,residential,India
1,2039-12-05,752.03,residential,India
1,2039-12-06,718.79,residential,India
1,2039-12-07,711.16,residential,India
1,2039-12-08,736.56,residential,India
1,2039-12-09,712.48,residential,India
1,2039-12-10,728.18,residential,India
1,2039-12-11,742.97,residential,India
1,2039-12-12,723.66,residential,India
1,2039-12-13,735.66,residential,India
1,2039-12-14,753.72,residential,India
1,2039-12-15,718.22,residential,India
1,2039-12-16,762.69,residential,India
1,2039-12-17,749.98,residential,India
1,2039-12-18,702.95,residential,India
1,2039-12-19,741.52,residential,India
1,2039-12-20,700.85,residential,India
1,2039-12-21,731.91,residential,India
1,2039-12-22,714.83,residential,India
1,2039-12-23,724.12,residential,India
1,2039-12-24,756.58,residential,India
1,2039-12-25,752.41,residential,India
1,2039-12-26,750.77,residential,India
1,2039-12-27,771.94,residential,India
1,2039-12-28,753.3,residential,India
1,2039-12-29,758.91,residential,India
1,2039-12-30,737.62,residential,India
1,2039-12-31,741.0,residential,India
1,2040-01-01,728.98,residential,India
1,2040-01-02,718.25,residential,India
1,2040-01-03,714.96,residential,India
1,2040-01-04,747.04,residential,India
1,2040-01-05,747.15,residential,India
1,2040-01-06,744.03,residential,India
1,2040-01-07,745.27,residential,India
1,2040-01-08,741.97,residential,India
1,2040-01-09,682.41,residential,India
1,2040-01-10,733.68,residential,India
1,2040-01-11,743.21,residential,India
1,2040-01-12,769.52,residential,India
1,2040-01-13,715.18,residential,India
1,2040-01-14,697.46,residential,India
1,2040-01-15,704.35,residential,India
1,2040-01-16,742.52,residential,India
1,2040-01-17,769.32,residential,India
1,2040-01-18,748.69,residential,India
1,2040-01-19,706.09,residential,India
1,2040-01-20,763.22,residential,India
1,2040-01-21,741.77,residential,India
1,2040-01-22,734.02,residential,India
1,2040-01-23,761.62,residential,India
1,2040-01-24,773.75,residential,India
1,2040-01-25,732.46,residential,India
1,2040-01-26,767.9,residential,India
1,2040-01-27,761.05,residential,India
1,2040-01-28,708.21,residential,India
1,2040-01-29,774.51,residential,India
1,2040-01-30,759.67,residential,India
1,2040-01-31,793.16,residential,India
1,2040-02-01,758.66,residential,India
1,2040-02-02,742.25,residential,India
1,2040-02-03,718.01,residential,India
1,2040-02-04,759.61,residential,India
1,2040-02-05,708.44,residential,India
1,2040-02-06,725.77,residential,India
1,2040-02-07,720.77,residential,India
1,2040-02-08,725.53,residential,India
1,2040-02-09,725.46,residential,India
1,2040-02-10,728.26,residential,India
1,2040-02-11,731.19,residential,India
1,2040-02-12,721.21,residential,India
1,2040-02-13,746.49,residential,India
1,2040-02-14,730.55,residential,India
1,2040-02-15,727.66,residential,India
1,2040-02-16,710.38,residential,India
1,2040-02-17,727.72,residential,India
1,2040-02-18,755.79,residential,India
1,2040-02-19,744.96,residential,India
1,2040-02-20,728.63,residential,India
1,2040-02-21,737.49,residential,India
1,2040-02-22,740.55,residential,India
1,2040-02-23,680.02,residential,India
1,2040-02-24,749.51,residential,India
1,2040-02-25,713.22,residential,India
1,2040-02-26,725.11,residential,India
1,2040-02-27,722.12,residential,India
1,2040-02-28,742.01,residential,India
1,2040-02-29,707.32,residential,India
1,2040-03-01,761.1,residential,India
1,2040-03-02,751.35,residential,India
1,2040-03-03,724.17,residential,India
1,2040-03-04,733.16,residential,India
1,2040-03-05,724.03,residential,India
1,2040-03-06,737.66,residential,India
1,2040-03-07,718.36,residential,India
1,2040-03-08,741.31,residential,India
1,2040-03-09,752.63,residential,India
1,2040-03-10,746.32,residential,India
1,2040-03-11,721.95,residential,India
1,2040-03-12,699.43,residential,India
1,2040-03-13,699.87,residential,India
1,2040-03-14,761.22,residential,India
1,2040-03-15,734.14,residential,India
1,2040-03-16,737.74,residential,India
1,2040-03-17,717.06,residential,India
1,2040-03-18,750.91,residential,India
1,2040-03-19,729.1,residential,India
1,2040-03-20,739.24,residential,India
1,2040-03-21,724.78,residential,India
1,2040-03-22,743.02,residential,India
1,2040-03-23,750.13,residential,India
1,2040-03-24,739.72,residential,India
1,2040-03-25,716.43,residential,India
1,2040-03-26,712.44,residential,India
1,2040-03-27,768.72,residential,India
1,2040-03-28,722.82,residential,India
1,2040-03-29,711.09,residential,India
1,2040-03-30,716.24,residential,India
1,2040-03-31,707.83,residential,India
1,2040-04-01,681.52,residential,India
1,2040-04-02,730.81,residential,India
1,2040-04-03,714.18,residential,India
1,2040-04-04,727.73,residential,India
1,2040-04-05,720.55,residential,India
1,2040-04-06,689.83,residential,India
1,2040-04-07,723.76,residential,India
1,2040-04-08,711.08,residential,India
1,2040-04-09,759.35,residential,India
1,2040-04-10,750.89,residential,India
1,2040-04-11,719.0,residential,India
1,2040-04-12,700.28,residential,India
1,2040-04-13,701.61,residential,India
1,2040-04-14,725.75,residential,India
1,2040-04-15,725.93,residential,India
1,2040-04-16,706.93,residential,India
1,2040-04-17,691.4,residential,India
1,2040-04-18,697.14,residential,India
1,2040-04-19,711.42,residential,India
1,2040-04-20,742.48,residential,India
1,2040-04-21,712.46,residential,India
1,2040-04-22,746.19,residential,India
1,2040-04-23,689.1,residential,India
1,2040-04-24,702.31,residential,India
1,2040-04-25,720.12,residential,India
1,2040-04-26,710.82,residential,India
1,2040-04-27,704.86,residential,India
1,2040-04-28,719.37,residential,India
1,2040-04-29,704.11,residential,India
1,2040-04-30,730.83,residential,India
1,2040-05-01,716.67,residential,India
1,2040-05-02,726.94,residential,India
1,2040-05-03,747.79,residential,India
1,2040-05-04,709.54,residential,India
1,2040-05-05,720.45,residential,India
1,2040-05-06,730.67,residential,India
1,2040-05-07,728.26,residential,India
1,2040-05-08,717.46,residential,India
1,2040-05-09,731.54,residential,India
1,2040-05-10,714.51,residential,India
1,2040-05-11,730.9,residential,India
1,2040-05-12,742.36,residential,India
1,2040-05-13,713.91,residential,India
1,2040-05-14,713.77,residential,India
1,2040-05-15,715.93,residential,India
1,2040-05-16,711.33,residential,India
1,2040-05-17,712.82,residential,India
1,2040-05-18,716.72,residential,India
1,2040-05-19,681.2,residential,India
1,2040-05-20,714.03,residential,India
1,2040-05-21,681.51,residential,India
1,2040-05-22,730.54,residential,India
1,2040-05-23,763.69,residential,India
1,2040-05-24,723.38,residential,India
1,2040-05-25,688.41,residential,India
1,2040-05-26,732.48,residential,India
1,2040-05-27,714.92,residential,India
1,2040-05-28,696.05,residential,India
1,2040-05-29,704.1,residential,India
1,2040-05-30,694.62,residential,India
1,2040-05-31,673.09,residential,India
1,2040-06-01,762.43,residential,India
1,2040-06-02,731.57,residential,India
1,2040-06-03,702.05,residential,India
1,2040-06-04,717.54,residential,India
1,2040-06-05,678.61,residential,India
1,2040-06-06,727.31,residential,India
1,2040-06-07,670.84,residential,India
1,2040-06-08,684.95,residential,India
1,2040-06-09,699.46,residential,India
1,2040-06-10,718.1,residential,India
1,2040-06-11,708.08,residential,India
1,2040-06-12,695.0,residential,India
1,2040-06-13,715.27,residential,India
1,2040-06-14,729.93,residential,India
1,2040-06-15,707.39,residential,India
1,2040-06-16,698.88,residential,India
1,2040-06-17,676.39,residential,India
1,2040-06-18,725.49,residential,India
1,2040-06-19,703.08,residential,India
1,2040-06-20,711.17,residential,India
1,2040-06-21,704.49,residential,India
1,2040-06-22,725.4,residential,India
1,2040-06-23,723.42,residential,India
1,2040-06-24,707.72,residential,India
1,2040-06-25,674.58,residential,India
1,2040-06-26,742.64,residential,India
1,2040-06-27,696.0,residential,India
1,2040-06-28,711.61,residential,India
1,2040-06-29,673.1,residential,India
1,2040-06-30,722.7,residential,India
1,2040-07-01,714.99,residential,India
1,2040-07-02,704.18,residential,India
1,2040-07-03,721.78,residential,India
1,2040-07-04,696.87,residential,India
1,2040-07-05,716.89,residential,India
1,2040-07-06,676.11,residential,India
1,2040-07-07,683.16,residential,India
1,2040-07-08,717.83,residential,India
1,2040-07-09,669.48,residential,India
1,2040-07-10,696.07,residential,India
1,2040-07-11,732.64,residential,India
1,2040-07-12,743.79,residential,India
1,2040-07-13,735.67,residential,India
1,2040-07-14,725.12,residential,India
1,2040-07-15,685.84,residential,India
1,2040-07-16,681.78,residential,India
1,2040-07-17,707.45,residential,India
1,2040-07-18,693.27,residential,India
1,2040-07-19,692.87,residential,India
1,2040-07-20,678.09,residential,India
1,2040-07-21,691.84,residential,India
1,2040-07-22,717.26,residential,India
1,2040-07-23,699.17,residential,India
1,2040-07-24,701.33,residential,India
1,2040-07-25,714.36,residential,India
1,2040-07-26,667.07,residential,India
1,2040-07-27,698.72,residential,India
1,2040-07-28,660.49,residential,India
1,2040-07-29,683.89,residential,India
1,2040-07-30,689.24,residential,India
1,2040-07-31,704.35,residential,India
1,2040-08-01,696.46,residential,India
1,2040-08-02,719.09,residential,India
1,2040-08-03,686.52,residential,India
1,2040-08-04,657.34,residential,India
1,2040-08-05,742.87,residential,India
1,2040-08-06,658.96,residential,India
1,2040-08-07,664.14,residential,India
1,2040-08-08,683.34,residential,India
1,2040-08-09,716.41,residential,India
1,2040-08-10,703.41,residential,India
1,2040-08-11,668.04,residential,India
1,2040-08-12,710.82,residential,India
1,2040-08-13,679.94,residential,India
1,2040-08-14,683.5,residential,India
1,2040-08-15,674.89,residential,India
1,2040-08-16,685.12,residential,India
1,2040-08-17,728.24,residential,India
1,2040-08-18,694.36,residential,India
1,2040-08-19,667.15,residential,India
1,2040-08-20,711.22,residential,India
1,2040-08-21,694.42,residential,India
1,2040-08-22,674.19,residential,India
1,2040-08-23,686.55,residential,India
1,2040-08-24,689.58,residential,India
1,2040-08-25,660.12,residential,India
1,2040-08-26,695.28,residential,India
1,2040-08-27,690.3,residential,India
1,2040-08-28,667.69,residential,India
1,2040-08-29,687.06,residential,India
1,2040-08-30,677.4,residential,India
1,2040-08-31,686.29,residential,India
1,2040-09-01,673.64,residential,India
1,2040-09-02,627.81,residential,India
1,2040-09-03,652.79,residential,India
1,2040-09-04,681.32,residential,India
1,2040-09-05,699.56,residential,India
1,2040-09-06,690.58,residential,India
1,2040-09-07,684.02,residential,India
1,2040-09-08,717.7,residential,India
1,2040-09-09,690.9,residential,India
1,2040-09-10,696.0,residential,India
1,2040-09-11,645.7,residential,India
1,2040-09-12,710.46,residential,India
1,2040-09-13,710.57,residential,India
1,2040-09-14,674.71,residential,India
1,2040-09-15,690.22,residential,India
1,2040-09-16,694.89,residential,India
1,2040-09-17,667.3,residential,India
1,2040-09-18,683.04,residential,India
1,2040-09-19,679.73,residential,India
1,2040-09-20,698.94,residential,India
1,2040-09-21,709.4,residential,India
1,2040-09-22,689.07,residential,India
1,2040-09-23,656.25,residential,India
1,2040-09-24,683.34,residential,India
1,2040-09-25,692.23,residential,India
1,2040-09-26,691.78,residential,India
1,2040-09-27,672.01,residential,India
1,2040-09-28,705.15,residential,India
1,2040-09-29,704.15,residential,India
1,2040-09-30,659.82,residential,India
1,2040-10-01,682.36,residential,India
1,2040-10-02,682.61,residential,India
1,2040-10-03,676.14,residential,India
1,2040-10-04,684.45,residential,India
1,2040-10-05,651.92,residential,India
1,2040-10-06,689.64,residential,India
1,2040-10-07,676.58,residential,India
1,2040-10-08,682.72,residential,India
1,2040-10-09,666.19,residential,India
1,2040-10-10,685.1,residential,India
1,2040-10-11,658.39,residential,India
1,2040-10-12,669.4,residential,India
1,2040-10-13,690.67,residential,India
1,2040-10-14,698.88,residential,India
1,2040-10-15,629.98,residential,India
1,2040-10-16,669.55,residential,India
1,2040-10-17,618.04,residential,India
1,2040-10-18,683.54,residential,India
1,2040-10-19,664.31,residential,India
1,2040-10-20,643.71,residential,India
1,2040-10-21,657.84,residential,India
1,2040-10-22,688.42,residential,India
1,2040-10-23,687.59,residential,India
1,2040-10-24,678.38,residential,India
1,2040-10-25,655.13,residential,India
1,2040-10-26,667.89,residential,India
1,2040-10-27,704.1,residential,India
1,2040-10-28,667.46,residential,India
1,2040-10-29,670.29,residential,India
1,2040-10-30,675.44,residential,India
1,2040-10-31,657.96,residential,India
1,2040-11-01,678.1,residential,India
1,2040-11-02,670.58,residential,India
1,2040-11-03,689.14,residential,India
1,2040-11-04,644.43,residential,India
1,2040-11-05,611.36,residential,India
1,2040-11-06,701.89,residential,India
1,2040-11-07,711.34,residential,India
1,2040-11-08,688.17,residential,India
1,2040-11-09,691.11,residential,India
1,2040-11-10,681.96,residential,India
1,2040-11-11,681.85,residential,India
1,2040-11-12,648.94,residential,India
1,2040-11-13,693.38,residential,India
1,2040-11-14,665.73,residential,India
1,2040-11-15,657.45,residential,India
1,2040-11-16,672.63,residential,India
1,2040-11-17,665.51,residential,India
1,2040-11-18,669.38,residential,India
1,2040-11-19,688.13,residential,India
1,2040-11-20,649.43,residential,India
1,2040-11-21,684.68,residential,India
1,2040-11-22,663.19,residential,India
1,2040-11-23,689.93,residential,India
1,2040-11-24,649.24,residential,India
1,2040-11-25,658.69,residential,India
1,2040-11-26,662.29,residential,India
1,2040-11-27,656.55,residential,India
1,2040-11-28,651.06,residential,India
1,2040-11-29,669.46,residential,India
1,2040-11-30,666.41,residential,India
1,2040-12-01,681.71,residential,India
1,2040-12-02,666.79,residential,India
1,2040-12-03,651.08,residential,India
1,2040-12-04,658.29,residential,India
1,2040-12-05,657.9,residential,India
1,2040-12-06,672.31,residential,India
1,2040-12-07,670.04,residential,India
1,2040-12-08,675.62,residential,India
1,2040-12-09,654.59,residential,India
1,2040-12-10,685.37,residential,India
1,2040-12-11,641.7,residential,India
1,2040-12-12,655.57,residential,India
1,2040-12-13,687.97,residential,India
1,2040-12-14,642.32,residential,India
1,2040-12-15,647.75,residential,India
1,2040-12-16,698.16,residential,India
1,2040-12-17,672.12,residential,India
1,2040-12-18,696.6,residential,India
1,2040-12-19,661.28,residential,India
1,2040-12-20,664.27,residential,India
1,2040-12-21,674.33,residential,India
1,2040-12-22,676.08,residential,India
1,2040-12-23,668.39,residential,India
1,2040-12-24,626.5,residential,India
1,2040-12-25,674.94,residential,India
1,2040-12-26,640.8,residential,India
1,2040-12-27,649.37,residential,India
1,2040-12-28,639.42,residential,India
1,2040-12-29,662.96,residential,India
1,2040-12-30,662.76,residential,India
1,2040-12-31,663.77,residential,India
1,2041-01-01,668.05,residential,India
1,2041-01-02,651.63,residential,India
1,2041-01-03,619.63,residential,India
1,2041-01-04,664.9,residential,India
1,2041-01-05,663.23,residential,India
1,2041-01-06,641.41,residential,India
1,2041-01-07,666.29,residential,India
1,2041-01-08,666.92,residential,India
1,2041-01-09,632.5,residential,India
1,2041-01-10,657.5,residential,India
1,2041-01-11,640.25,residential,India
1,2041-01-12,669.58,residential,India
1,2041-01-13,646.94,residential,India
1,2041-01-14,642.01,residential,India
1,2041-01-15,628.95,residential,India
1,2041-01-16,693.38,residential,India
1,2041-01-17,641.95,residential,India
1,2041-01-18,665.53,residential,India
1,2041-01-19,668.26,residential,India
1,2041-01-20,681.01,residential,India
1,2041-01-21,657.86,residential,India
1,2041-01-22,665.83,residential,India
1,2041-01-23,670.58,residential,India
1,2041-01-24,648.27,residential,India
1,2041-01-25,659.74,residential,India
1,2041-01-26,678.77,residential,India
1,2041-01-27,674.87,residential,India
1,2041-01-28,697.54,residential,India
1,2041-01-29,636.97,residential,India
1,2041-01-30,622.64,residential,India
1,2041-01-31,652.04,residential,India
1,2041-02-01,664.42,residential,India
1,2041-02-02,632.81,residential,India
1,2041-02-03,684.0,residential,India
1,2041-02-04,671.91,residential,India
1,2041-02-05,641.26,residential,India
1,2041-02-06,677.88,residential,India
1,2041-02-07,658.83,residential,India
1,2041-02-08,657.12,residential,India
1,2041-02-09,677.62,residential,India
1,2041-02-10,641.67,residential,India
1,2041-02-11,656.76,residential,India
1,2041-02-12,616.05,residential,India
1,2041-02-13,668.54,residential,India
1,2041-02-14,700.62,residential,India
1,2041-02-15,657.18,residential,India
1,2041-02-16,681.1,residential,India
1,2041-02-17,640.92,residential,India
1,2041-02-18,713.45,residential,India
1,2041-02-19,674.98,residential,India
1,2041-02-20,663.4,residential,India
1,2041-02-21,668.07,residential,India
1,2041-02-22,648.58,residential,India
1,2041-02-23,680.17,residential,India
1,2041-02-24,673.54,residential,India
1,2041-02-25,670.82,residential,India
1,2041-02-26,654.57,residential,India
1,2041-02-27,689.24,residential,India
1,2041-02-28,630.33,residential,India
1,2041-03-01,654.22,residential,India
1,2041-03-02,675.93,residential,India
1,2041-03-03,652.83,residential,India
1,2041-03-04,659.62,residential,India
1,2041-03-05,653.46,residential,India
1,2041-03-06,685.84,residential,India
1,2041-03-07,677.3,residential,India
1,2041-03-08,662.96,residential,India
1,2041-03-09,661.89,residential,India
1,2041-03-10,648.83,residential,India
1,2041-03-11,658.63,residential,India
1,2041-03-12,686.95,residential,India
1,2041-03-13,644.38,residential,India
1,2041-03-14,673.85,residential,India
1,2041-03-15,654.95,residential,India
1,2041-03-16,663.91,residential,India
1,2041-03-17,620.84,residential,India
1,2041-03-18,646.14,residential,India
1,2041-03-19,675.14,residential,India
1,2041-03-20,678.35,residential,India
1,2041-03-21,696.98,residential,India
1,2041-03-22,616.26,residential,India
1,2041-03-23,695.01,residential,India
1,2041-03-24,692.72,residential,India
1,2041-03-25,646.14,residential,India
1,2041-03-26,660.31,residential,India
1,2041-03-27,670.57,residential,India
1,2041-03-28,642.16,residential,India
1,2041-03-29,653.02,residential,India
1,2041-03-30,651.83,residential,India
1,2041-03-31,647.27,residential,India
1,2041-04-01,688.42,residential,India
1,2041-04-02,663.75,residential,India
1,2041-04-03,654.22,residential,India
1,2041-04-04,641.55,residential,India
1,2041-04-05,678.57,residential,India
1,2041-04-06,637.15,residential,India
1,2041-04-07,649.86,residential,India
1,2041-04-08,638.92,residential,India
1,2041-04-09,636.21,residential,India
1,2041-04-10,684.41,residential,India
1,2041-04-11,615.56,residential,India
1,2041-04-12,655.7,residential,India
1,2041-04-13,686.76,residential,India
1,2041-04-14,670.31,residential,India
1,2041-04-15,660.99,residential,India
1,2041-04-16,635.79,residential,India
1,2041-04-17,637.73,residential,India
1,2041-04-18,690.63,residential,India
1,2041-04-19,680.51,residential,India
1,2041-04-20,675.52,residential,India
1,2041-04-21,655.0,residential,India
1,2041-04-22,645.05,residential,India
1,2041-04-23,661.27,residential,India
1,2041-04-24,658.42,residential,India
1,2041-04-25,653.33,residential,India
1,2041-04-26,692.68,residential,India
1,2041-04-27,655.56,residential,India
1,2041-04-28,671.11,residential,India
1,2041-04-29,639.62,residential,India
1,2041-04-30,671.75,residential,India
1,2041-05-01,681.44,residential,India
1,2041-05-02,662.64,residential,India
1,2041-05-03,682.02,residential,India
1,2041-05-04,677.92,residential,India
1,2041-05-05,649.01,residential,India
1,2041-05-06,694.15,residential,India
1,2041-05-07,648.13,residential,India
1,2041-05-08,650.67,residential,India
1,2041-05-09,673.02,residential,India
1,2041-05-10,669.47,residential,India
1,2041-05-11,676.42,residential,India
1,2041-05-12,682.35,residential,India
1,2041-05-13,641.64,residential,India
1,2041-05-14,727.19,residential,India
1,2041-05-15,687.11,residential,India
1,2041-05-16,682.07,residential,India
1,2041-05-17,649.69,residential,India
1,2041-05-18,663.21,residential,India
1,2041-05-19,663.86,residential,India
1,2041-05-20,613.15,residential,India
1,2041-05-21,657.5,residential,India
1,2041-05-22,673.96,residential,India
1,2041-05-23,690.68,residential,India
1,2041-05-24,659.05,residential,India
1,2041-05-25,661.14,residential,India
1,2041-05-26,682.24,residential,India
1,2041-05-27,662.25,residential,India
1,2041-05-28,672.11,residential,India
1,2041-05-29,694.43,residential,India
1,2041-05-30,678.08,residential,India
1,2041-05-31,707.48,residential,India
1,2041-06-01,642.35,residential,India
1,2041-06-02,663.85,residential,India
1,2041-06-03,685.29,residential,India
1,2041-06-04,686.37,residential,India
1,2041-06-05,669.86,residential,India
1,2041-06-06,647.85,residential,India
1,2041-06-07,675.39,residential,India
1,2041-06-08,657.6,residential,India
1,2041-06-09,656.31,residential,India
1,2041-06-10,652.15,residential,India
1,2041-06-11,668.77,residential,India
1,2041-06-12,659.1,residential,India
1,2041-06-13,662.49,residential,India
1,2041-06-14,688.29,residential,India
1,2041-06-15,644.45,residential,India
1,2041-06-16,623.24,residential,India
1,2041-06-17,700.03,residential,India
1,2041-06-18,659.65,residential,India
1,2041-06-19,685.47,residential,India
1,2041-06-20,666.98,residential,India
1,2041-06-21,665.57,residential,India
1,2041-06-22,682.4,residential,India
1,2041-06-23,663.41,residential,India
1,2041-06-24,713.0,residential,India
1,2041-06-25,688.53,residential,India
1,2041-06-26,648.09,residential,India
1,2041-06-27,676.69,residential,India
1,2041-06-28,681.18,residential,India
1,2041-06-29,693.81,residential,India
1,2041-06-30,645.77,residential,India
1,2041-07-01,645.81,residential,India
1,2041-07-02,676.68,residential,India
1,2041-07-03,673.46,residential,India
1,2041-07-04,692.32,residential,India
1,2041-07-05,679.75,residential,India
1,2041-07-06,688.76,residential,India
1,2041-07-07,642.68,residential,India
1,2041-07-08,697.84,residential,India
1,2041-07-09,645.45,residential,India
1,2041-07-10,699.31,residential,India
1,2041-07-11,709.08,residential,India
1,2041-07-12,724.86,residential,India
1,2041-07-13,661.73,residential,India
1,2041-07-14,666.37,residential,India
1,2041-07-15,718.88,residential,India
1,2041-07-16,705.94,residential,India
1,2041-07-17,696.83,residential,India
1,2041-07-18,679.26,residential,India
1,2041-07-19,670.35,residential,India
1,2041-07-20,670.64,residential,India
1,2041-07-21,700.98,residential,India
1,2041-07-22,648.94,residential,India
1,2041-07-23,677.62,residential,India
1,2041-07-24,661.42,residential,India
1,2041-07-25,690.09,residential,India
1,2041-07-26,665.6,residential,India
1,2041-07-27,663.83,residential,India
1,2041-07-28,709.24,residential,India
1,2041-07-29,675.0,residential,India
1,2041-07-30,684.35,residential,India
1,2041-07-31,671.45,residential,India
1,2041-08-01,687.62,residential,India
1,2041-08-02,660.81,residential,India
1,2041-08-03,691.58,residential,India
1,2041-08-04,694.55,residential,India
1,2041-08-05,681.54,residential,India
1,2041-08-06,662.13,residential,India
1,2041-08-07,688.69,residential,India
1,2041-08-08,684.14,residential,India
1,2041-08-09,701.78,residential,India
1,2041-08-10,676.53,residential,India
1,2041-08-11,680.74,residential,India
1,2041-08-12,657.99,residential,India
1,2041-08-13,677.0,residential,India
1,2041-08-14,717.33,residential,India
1,2041-08-15,685.38,residential,India
1,2041-08-16,656.35,residential,India
1,2041-08-17,683.51,residential,India
1,2041-08-18,649.56,residential,India
1,2041-08-19,694.72,residential,India
1,2041-08-20,700.54,residential,India
1,2041-08-21,709.67,residential,India
1,2041-08-22,698.64,residential,India
1,2041-08-23,691.92,residential,India
1,2041-08-24,682.16,residential,India
1,2041-08-25,712.28,residential,India
1,2041-08-26,692.74,residential,India
1,2041-08-27,659.09,residential,India
1,2041-08-28,689.66,residential,India
1,2041-08-29,676.29,residential,India
1,2041-08-30,690.51,residential,India
1,2041-08-31,700.98,residential,India
1,2041-09-01,693.31,residential,India
1,2041-09-02,706.13,residential,India
1,2041-09-03,684.49,residential,India
1,2041-09-04,708.71,residential,India
1,2041-09-05,700.02,residential,India
1,2041-09-06,712.45,residential,India
1,2041-09-07,710.64,residential,India
1,2041-09-08,683.07,residential,India
1,2041-09-09,696.96,residential,India
1,2041-09-10,676.98,residential,India
1,2041-09-11,627.29,residential,India
1,2041-09-12,675.92,residential,India
1,2041-09-13,692.52,residential,India
1,2041-09-14,667.53,residential,India
1,2041-09-15,711.96,residential,India
1,2041-09-16,707.55,residential,India
1,2041-09-17,708.59,residential,India
1,2041-09-18,700.97,residential,India
1,2041-09-19,694.33,residential,India
1,2041-09-20,709.91,residential,India
1,2041-09-21,710.25,residential,India
1,2041-09-22,680.27,residential,India
1,2041-09-23,679.52,residential,India
1,2041-09-24,693.21,residential,India
1,2041-09-25,699.95,residential,India
1,2041-09-26,732.26,residential,India
1,2041-09-27,690.13,residential,India
1,2041-09-28,708.96,residential,India
1,2041-09-29,719.85,residential,India
1,2041-09-30,677.11,residential,India
1,2041-10-01,674.12,residential,India
1,2041-10-02,720.04,residential,India
1,2041-10-03,699.25,residential,India
1,2041-10-04,717.36,residential,India
1,2041-10-05,672.37,residential,India
1,2041-10-06,691.94,residential,India
1,2041-10-07,732.6,residential,India
1,2041-10-08,747.06,residential,India
1,2041-10-09,730.02,residential,India
1,2041-10-10,711.66,residential,India
1,2041-10-11,719.42,residential,India
1,2041-10-12,709.32,residential,India
1,2041-10-13,695.41,residential,India
1,2041-10-14,732.64,residential,India
1,2041-10-15,712.78,residential,India
1,2041-10-16,675.77,residential,India
1,2041-10-17,709.06,residential,India
1,2041-10-18,685.01,residential,India
1,2041-10-19,715.56,residential,India
1,2041-10-20,714.54,residential,India
1,2041-10-21,672.73,residential,India
1,2041-10-22,697.67,residential,India
1,2041-10-23,713.85,residential,India
1,2041-10-24,694.79,residential,India
1,2041-10-25,729.11,residential,India
1,2041-10-26,726.04,residential,India
1,2041-10-27,721.93,residential,India
1,2041-10-28,705.5,residential,India
1,2041-10-29,720.93,residential,India
1,2041-10-30,748.07,residential,India
1,2041-10-31,701.08,residential,India
1,2041-11-01,729.39,residential,India
1,2041-11-02,696.4,residential,India
1,2041-11-03,684.81,residential,India
1,2041-11-04,711.62,residential,India
1,2041-11-05,722.05,residential,India
1,2041-11-06,726.16,residential,India
1,2041-11-07,677.76,residential,India
1,2041-11-08,713.97,residential,India
1,2041-11-09,729.78,residential,India
1,2041-11-10,687.59,residential,India
1,2041-11-11,718.14,residential,India
1,2041-11-12,723.37,residential,India
1,2041-11-13,742.86,residential,India
1,2041-11-14,713.87,residential,India
1,2041-11-15,725.38,residential,India
1,2041-11-16,708.51,residential,India
1,2041-11-17,691.55,residential,India
1,2041-11-18,727.37,residential,India
1,2041-11-19,711.21,residential,India
1,2041-11-20,710.96,residential,India
1,2041-11-21,728.85,residential,India
1,2041-11-22,689.14,residential,India
1,2041-11-23,723.96,residential,India
1,2041-11-24,699.45,residential,India
1,2041-11-25,730.5,residential,India
1,2041-11-26,703.97,residential,India
1,2041-11-27,764.11,residential,India
1,2041-11-28,708.41,residential,India
1,2041-11-29,712.14,residential,India
1,2041-11-30,737.09,residential,India
1,2041-12-01,692.14,residential,India
1,2041-12-02,734.85,residential,India
1,2041-12-03,722.12,residential,India
1,2041-12-04,712.32,residential,India
1,2041-12-05,754.2,residential,India
1,2041-12-06,692.15,residential,India
1,2041-12-07,734.32,residential,India
1,2041-12-08,692.44,residential,India
1,2041-12-09,744.53,residential,India
1,2041-12-10,707.08,residential,India
1,2041-12-11,671.91,residential,India
1,2041-12-12,713.22,residential,India
1,2041-12-13,745.64,residential,India
1,2041-12-14,681.65,residential,India
1,2041-12-15,705.77,residential,India
1,2041-12-16,739.1,residential,India
1,2041-12-17,712.19,residential,India
1,2041-12-18,748.94,residential,India
1,2041-12-19,712.4,residential,India
1,2041-12-20,745.99,residential,India
1,2041-12-21,747.49,residential,India
1,2041-12-22,726.23,residential,India
1,2041-12-23,738.41,residential,India
1,2041-12-24,734.08,residential,India
1,2041-12-25,710.52,residential,India
1,2041-12-26,730.55,residential,India
1,2041-12-27,721.94,residential,India
1,2041-12-28,736.61,residential,India
1,2041-12-29,703.34,residential,India
1,2041-12-30,752.03,residential,India
1,2041-12-31,738.79,residential,India
1,2042-01-01,717.48,residential,India
1,2042-01-02,744.9,residential,India
1,2042-01-03,712.49,residential,India
1,2042-01-04,723.76,residential,India
1,2042-01-05,729.23,residential,India
1,2042-01-06,737.08,residential,India
1,2042-01-07,731.44,residential,India
1,2042-01-08,740.14,residential,India
1,2042-01-09,750.24,residential,India
1,2042-01-10,738.24,residential,India
1,2042-01-11,751.1,residential,India
1,2042-01-12,758.45,residential,India
1,2042-01-13,714.18,residential,India
1,2042-01-14,719.45,residential,India
1,2042-01-15,703.86,residential,India
1,2042-01-16,736.0,residential,India
1,2042-01-17,733.35,residential,India
1,2042-01-18,734.09,residential,India
1,2042-01-19,718.63,residential,India
1,2042-01-20,774.15,residential,India
1,2042-01-21,764.36,residential,India
1,2042-01-22,723.14,residential,India
1,2042-01-23,739.04,residential,India
1,2042-01-24,762.14,residential,India
1,2042-01-25,736.24,residential,India
1,2042-01-26,728.95,residential,India
1,2042-01-27,762.85,residential,India
1,2042-01-28,718.04,residential,India
1,2042-01-29,734.8,residential,India
1,2042-01-30,733.94,residential,India
1,2042-01-31,756.54,residential,India
1,2042-02-01,766.35,residential,India
1,2042-02-02,717.34,residential,India
1,2042-02-03,731.72,residential,India
1,2042-02-04,755.75,residential,India
1,2042-02-05,749.29,residential,India
1,2042-02-06,754.67,residential,India
1,2042-02-07,750.9,residential,India
1,2042-02-08,750.74,residential,India
1,2042-02-09,717.58,residential,India
1,2042-02-10,746.14,residential,India
1,2042-02-11,737.16,residential,India
1,2042-02-12,737.5,residential,India
1,2042-02-13,748.43,residential,India
1,2042-02-14,755.88,residential,India
1,2042-02-15,740.23,residential,India
1,2042-02-16,799.81,residential,India
1,2042-02-17,757.28,residential,India
1,2042-02-18,732.12,residential,India
1,2042-02-19,749.18,residential,India
1,2042-02-20,744.84,residential,India
1,2042-02-21,731.33,residential,India
1,2042-02-22,766.64,residential,India
1,2042-02-23,750.57,residential,India
1,2042-02-24,741.28,residential,India
1,2042-02-25,724.68,residential,India
1,2042-02-26,760.49,residential,India
1,2042-02-27,774.93,residential,India
1,2042-02-28,788.56,residential,India
1,2042-03-01,733.1,residential,India
1,2042-03-02,785.4,residential,India
1,2042-03-03,763.8,residential,India
1,2042-03-04,738.32,residential,India
1,2042-03-05,777.55,residential,India
1,2042-03-06,724.34,residential,India
1,2042-03-07,790.44,residential,India
1,2042-03-08,755.41,residential,India
1,2042-03-09,747.1,residential,India
1,2042-03-10,770.19,residential,India
1,2042-03-11,713.18,residential,India
1,2042-03-12,759.97,residential,India
1,2042-03-13,754.49,residential,India
1,2042-03-14,717.21,residential,India
1,2042-03-15,777.31,residential,India
1,2042-03-16,757.8,residential,India
1,2042-03-17,732.48,residential,India
1,2042-03-18,758.0,residential,India
1,2042-03-19,794.42,residential,India
1,2042-03-20,765.34,residential,India
1,2042-03-21,773.73,residential,India
1,2042-03-22,722.8,residential,India
1,2042-03-23,728.42,residential,India
1,2042-03-24,731.57,residential,India
1,2042-03-25,754.73,residential,India
1,2042-03-26,773.65,residential,India
1,2042-03-27,775.63,residential,India
1,2042-03-28,771.42,residential,India
1,2042-03-29,788.09,residential,India
1,2042-03-30,755.56,residential,India
1,2042-03-31,764.08,residential,India
1,2042-04-01,754.32,residential,India
1,2042-04-02,761.22,residential,India
1,2042-04-03,762.34,residential,India
1,2042-04-04,738.05,residential,India
1,2042-04-05,750.54,residential,India
1,2042-04-06,782.85,residential,India
1,2042-04-07,755.51,residential,India
1,2042-04-08,744.83,residential,India
1,2042-04-09,752.82,residential,India
1,2042-04-10,770.37,residential,India
1,2042-04-11,765.55,residential,India
1,2042-04-12,767.89,residential,India
1,2042-04-13,757.57,residential,India
1,2042-04-14,749.35,residential,India
1,2042-04-15,758.53,residential,India
1,2042-04-16,795.3,residential,India
1,2042-04-17,768.5,residential,India
1,2042-04-18,731.43,residential,India
1,2042-04-19,778.09,residential,India
1,2042-04-20,752.37,residential,India
1,2042-04-21,781.01,residential,India
1,2042-04-22,770.53,residential,India
1,2042-04-23,803.65,residential,India
1,2042-04-24,747.97,residential,India
1,2042-04-25,770.64,residential,India
1,2042-04-26,776.86,residential,India
1,2042-04-27,780.65,residential,India
1,2042-04-28,778.04,residential,India
1,2042-04-29,757.02,residential,India
1,2042-04-30,762.35,residential,India
1,2042-05-01,772.93,residential,India
1,2042-05-02,768.68,residential,India
1,2042-05-03,728.96,residential,India
1,2042-05-04,774.46,residential,India
1,2042-05-05,766.28,residential,India
1,2042-05-06,745.59,residential,India
1,2042-05-07,745.32,residential,India
1,2042-05-08,807.54,residential,India
1,2042-05-09,813.87,residential,India
1,2042-05-10,762.41,residential,India
1,2042-05-11,775.55,residential,India
1,2042-05-12,842.67,residential,India
1,2042-05-13,743.95,residential,India
1,2042-05-14,804.18,residential,India
1,2042-05-15,775.58,residential,India
1,2042-05-16,772.83,residential,India
1,2042-05-17,732.13,residential,India
1,2042-05-18,789.0,residential,India
1,2042-05-19,772.77,residential,India
1,2042-05-20,728.68,residential,India
1,2042-05-21,755.33,residential,India
1,2042-05-22,795.42,residential,India
1,2042-05-23,730.16,residential,India
1,2042-05-24,811.24,residential,India
1,2042-05-25,761.95,residential,India
1,2042-05-26,733.37,residential,India
1,2042-05-27,764.17,residential,India
1,2042-05-28,735.77,residential,India
1,2042-05-29,751.53,residential,India
1,2042-05-30,755.47,residential,India
1,2042-05-31,778.43,residential,India
1,2042-06-01,754.21,residential,India
1,2042-06-02,775.31,residential,India
1,2042-06-03,736.36,residential,India
1,2042-06-04,761.24,residential,India
1,2042-06-05,793.41,residential,India
1,2042-06-06,774.5,residential,India
1,2042-06-07,793.97,residential,India
1,2042-06-08,819.55,residential,India
1,2042-06-09,772.79,residential,India
1,2042-06-10,758.21,residential,India
1,2042-06-11,813.22,residential,India
1,2042-06-12,807.15,residential,India
1,2042-06-13,733.57,residential,India
1,2042-06-14,761.06,residential,India
1,2042-06-15,781.18,residential,India
1,2042-06-16,775.05,residential,India
1,2042-06-17,796.07,residential,India
1,2042-06-18,796.4,residential,India
1,2042-06-19,729.55,residential,India
1,2042-06-20,772.69,residential,India
1,2042-06-21,766.33,residential,India
1,2042-06-22,758.16,residential,India
1,2042-06-23,754.37,residential,India
1,2042-06-24,804.52,residential,India
1,2042-06-25,784.15,residential,India
1,2042-06-26,779.8,residential,India
1,2042-06-27,789.5,residential,India
1,2042-06-28,784.16,residential,India
1,2042-06-29,777.75,residential,India
1,2042-06-30,743.08,residential,India
1,2042-07-01,735.64,residential,India
1,2042-07-02,811.5,residential,India
1,2042-07-03,771.92,residential,India
1,2042-07-04,764.56,residential,India
1,2042-07-05,787.06,residential,India
1,2042-07-06,737.43,residential,India
1,2042-07-07,766.02,residential,India
1,2042-07-08,773.49,residential,India
1,2042-07-09,818.53,residential,India
1,2042-07-10,760.34,residential,India
1,2042-07-11,792.09,residential,India
1,2042-07-12,755.25,residential,India
1,2042-07-13,785.64,residential,India
1,2042-07-14,767.83,residential,India
1,2042-07-15,793.42,residential,India
1,2042-07-16,832.42,residential,India
1,2042-07-17,776.49,residential,India
1,2042-07-18,762.52,residential,India
1,2042-07-19,766.66,residential,India
1,2042-07-20,785.62,residential,India
1,2042-07-21,785.12,residential,India
1,2042-07-22,785.72,residential,India
1,2042-07-23,783.2,residential,India
1,2042-07-24,765.56,residential,India
1,2042-07-25,784.74,residential,India
1,2042-07-26,764.28,residential,India
1,2042-07-27,775.51,residential,India
1,2042-07-28,793.04,residential,India
1,2042-07-29,758.43,residential,India
1,2042-07-30,784.13,residential,India
1,2042-07-31,797.96,residential,India
1,2042-08-01,761.73,residential,India
1,2042-08-02,847.78,residential,India
1,2042-08-03,802.84,residential,India
1,2042-08-04,761.74,residential,India
1,2042-08-05,786.68,residential,India
1,2042-08-06,798.79,residential,India
1,2042-08-07,770.93,residential,India
1,2042-08-08,766.26,residential,India
1,2042-08-09,782.49,residential,India
1,2042-08-10,786.71,residential,India
1,2042-08-11,748.72,residential,India
1,2042-08-12,794.11,residential,India
1,2042-08-13,779.15,residential,India
1,2042-08-14,777.96,residential,India
1,2042-08-15,805.61,residential,India
1,2042-08-16,789.56,residential,India
1,2042-08-17,794.01,residential,India
1,2042-08-18,749.12,residential,India
1,2042-08-19,783.9,residential,India
1,2042-08-20,770.29,residential,India
1,2042-08-21,768.24,residential,India
1,2042-08-22,758.75,residential,India
1,2042-08-23,764.36,residential,India
1,2042-08-24,800.51,residential,India
1,2042-08-25,778.08,residential,India
1,2042-08-26,812.68,residential,India
1,2042-08-27,764.62,residential,India
1,2042-08-28,795.08,residential,India
1,2042-08-29,742.46,residential,India
1,2042-08-30,786.24,residential,India
1,2042-08-31,786.34,residential,India
1,2042-09-01,766.62,residential,India
1,2042-09-02,776.35,residential,India
1,2042-09-03,783.49,residential,India
1,2042-09-04,763.87,residential,India
1,2042-09-05,781.31,residential,India
1,2042-09-06,779.22,residential,India
1,2042-09-07,739.69,residential,India
1,2042-09-08,799.67,residential,India
1,2042-09-09,759.94,residential,India
1,2042-09-10,784.56,residential,India
1,2042-09-11,781.91,residential,India
1,2042-09-12,775.57,residential,India
1,2042-09-13,783.32,residential,India
1,2042-09-14,760.66,residential,India
1,2042-09-15,836.09,residential,India
1,2042-09-16,745.9,residential,India
1,2042-09-17,788.83,residential,India
1,2042-09-18,740.0,residential,India
1,2042-09-19,771.89,residential,India
1,2042-09-20,801.52,residential,India
1,2042-09-21,775.02,residential,India
1,2042-09-22,773.41,residential,India
1,2042-09-23,807.73,residential,India
1,2042-09-24,807.19,residential,India
1,2042-09-25,779.0,residential,India
1,2042-09-26,773.09,residential,India
1,2042-09-27,772.07,residential,India
1,2042-09-28,776.43,residential,India
1,2042-09-29,792.47,residential,India
1,2042-09-30,786.65,residential,India
1,2042-10-01,769.33,residential,India
1,2042-10-02,742.87,residential,India
1,2042-10-03,793.74,residential,India
1,2042-10-04,801.42,residential,India
1,2042-10-05,792.45,residential,India
1,2042-10-06,782.28,residential,India
1,2042-10-07,747.43,residential,India
1,2042-10-08,799.76,residential,India
1,2042-10-09,797.74,residential,India
1,2042-10-10,754.26,residential,India
1,2042-10-11,795.14,residential,India
1,2042-10-12,762.37,residential,India
1,2042-10-13,762.2,residential,India
1,2042-10-14,756.35,residential,India
1,2042-10-15,771.52,residential,India
1,2042-10-16,810.41,residential,India
1,2042-10-17,768.5,residential,India
1,2042-10-18,751.76,residential,India
1,2042-10-19,776.54,residential,India
1,2042-10-20,790.71,residential,India
1,2042-10-21,777.01,residential,India
1,2042-10-22,789.17,residential,India
1,2042-10-23,759.94,residential,India
1,2042-10-24,777.47,residential,India
1,2042-10-25,749.22,residential,India
1,2042-10-26,748.35,residential,India
1,2042-10-27,755.99,residential,India
1,2042-10-28,752.06,residential,India
1,2042-10-29,769.87,residential,India
1,2042-10-30,805.27,residential,India
1,2042-10-31,785.72,residential,India
1,2042-11-01,806.51,residential,India
1,2042-11-02,798.06,residential,India
1,2042-11-03,792.95,residential,India
1,2042-11-04,744.89,residential,India
1,2042-11-05,805.04,residential,India
1,2042-11-06,773.84,residential,India
1,2042-11-07,808.34,residential,India
1,2042-11-08,778.06,residential,India
1,2042-11-09,777.96,residential,India
1,2042-11-10,779.93,residential,India
1,2042-11-11,756.72,residential,India
1,2042-11-12,777.35,residential,India
1,2042-11-13,765.47,residential,India
1,2042-11-14,778.46,residential,India
1,2042-11-15,756.69,residential,India
1,2042-11-16,731.37,residential,India
1,2042-11-17,799.98,residential,India
1,2042-11-18,782.38,residential,India
1,2042-11-19,798.32,residential,India
1,2042-11-20,802.0,residential,India
1,2042-11-21,756.71,residential,India
1,2042-11-22,768.08,residential,India
1,2042-11-23,789.23,residential,India
1,2042-11-24,770.72,residential,India
1,2042-11-25,786.12,residential,India
1,2042-11-26,745.52,residential,India
1,2042-11-27,783.52,residential,India
1,2042-11-28,738.67,residential,India
1,2042-11-29,745.75,residential,India
1,2042-11-30,782.05,residential,India
1,2042-12-01,783.73,residential,India
1,2042-12-02,763.37,residential,India
1,2042-12-03,758.0,residential,India
1,2042-12-04,783.57,residential,India
1,2042-12-05,768.65,residential,India
1,2042-12-06,711.93,residential,India
1,2042-12-07,736.81,residential,India
1,2042-12-08,749.83,residential,India
1,2042-12-09,775.53,residential,India
1,2042-12-10,766.05,residential,India
1,2042-12-11,794.37,residential,India
1,2042-12-12,793.87,residential,India
1,2042-12-13,789.14,residential,India
1,2042-12-14,750.92,residential,India
1,2042-12-15,762.32,residential,India
1,2042-12-16,749.09,residential,India
1,2042-12-17,827.02,residential,India
1,2042-12-18,774.17,residential,India
1,2042-12-19,767.74,residential,India
1,2042-12-20,776.55,residential,India
1,2042-12-21,780.77,residential,India
1,2042-12-22,764.44,residential,India
1,2042-12-23,781.31,residential,India
1,2042-12-24,746.12,residential,India
1,2042-12-25,766.44,residential,India
1,2042-12-26,742.37,residential,India
1,2042-12-27,767.6,residential,India
1,2042-12-28,772.31,residential,India
1,2042-12-29,790.48,residential,India
1,2042-12-30,773.53,residential,India
1,2042-12-31,756.35,residential,India
1,2043-01-01,789.99,residential,India
1,2043-01-02,767.84,residential,India
1,2043-01-03,761.03,residential,India
1,2043-01-04,764.07,residential,India
1,2043-01-05,786.8,residential,India
1,2043-01-06,754.51,residential,India
1,2043-01-07,778.47,residential,India
1,2043-01-08,772.99,residential,India
1,2043-01-09,743.04,residential,India
1,2043-01-10,732.43,residential,India
1,2043-01-11,724.34,residential,India
1,2043-01-12,787.14,residential,India
1,2043-01-13,787.83,residential,India
1,2043-01-14,771.66,residential,India
1,2043-01-15,751.38,residential,India
1,2043-01-16,772.79,residential,India
1,2043-01-17,756.99,residential,India
1,2043-01-18,748.35,residential,India
1,2043-01-19,782.85,residential,India
1,2043-01-20,771.83,residential,India
1,2043-01-21,819.57,residential,India
1,2043-01-22,739.33,residential,India
1,2043-01-23,759.5,residential,India
1,2043-01-24,782.57,residential,India
1,2043-01-25,754.83,residential,India
1,2043-01-26,787.3,residential,India
1,2043-01-27,749.2,residential,India
1,2043-01-28,728.17,residential,India
1,2043-01-29,786.92,residential,India
1,2043-01-30,735.85,residential,India
1,2043-01-31,765.74,residential,India
1,2043-02-01,777.03,residential,India
1,2043-02-02,783.58,residential,India
1,2043-02-03,747.6,residential,India
1,2043-02-04,762.44,residential,India
1,2043-02-05,779.64,residential,India
1,2043-02-06,720.18,residential,India
1,2043-02-07,760.56,residential,India
1,2043-02-08,747.73,residential,India
1,2043-02-09,770.25,residential,India
1,2043-02-10,768.49,residential,India
1,2043-02-11,749.53,residential,India
1,2043-02-12,746.66,residential,India
1,2043-02-13,732.52,residential,India
1,2043-02-14,736.93,residential,India
1,2043-02-15,753.69,residential,India
1,2043-02-16,767.36,residential,India
1,2043-02-17,768.73,residential,India
1,2043-02-18,739.11,residential,India
1,2043-02-19,774.43,residential,India
1,2043-02-20,769.58,residential,India
1,2043-02-21,793.08,residential,India
1,2043-02-22,743.95,residential,India
1,2043-02-23,747.19,residential,India
1,2043-02-24,778.28,residential,India
1,2043-02-25,726.85,residential,India
1,2043-02-26,745.08,residential,India
1,2043-02-27,738.12,residential,India
1,2043-02-28,741.54,residential,India
1,2043-03-01,748.47,residential,India
1,2043-03-02,758.21,residential,India
1,2043-03-03,747.55,residential,India
1,2043-03-04,746.13,residential,India
1,2043-03-05,763.35,residential,India
1,2043-03-06,755.39,residential,India
1,2043-03-07,767.03,residential,India
1,2043-03-08,743.41,residential,India
1,2043-03-09,706.4,residential,India
1,2043-03-10,769.2,residential,India
1,2043-03-11,734.07,residential,India
1,2043-03-12,721.72,residential,India
1,2043-03-13,737.81,residential,India
1,2043-03-14,749.1,residential,India
1,2043-03-15,723.8,residential,India
1,2043-03-16,733.7,residential,India
1,2043-03-17,726.27,residential,India
1,2043-03-18,731.37,residential,India
1,2043-03-19,772.87,residential,India
1,2043-03-20,801.48,residential,India
1,2043-03-21,750.45,residential,India
1,2043-03-22,761.43,residential,India
1,2043-03-23,728.69,residential,India
1,2043-03-24,739.4,residential,India
1,2043-03-25,715.1,residential,India
1,2043-03-26,743.16,residential,India
1,2043-03-27,726.88,residential,India
1,2043-03-28,765.44,residential,India
1,2043-03-29,730.8,residential,India
1,2043-03-30,734.55,residential,India
1,2043-03-31,704.44,residential,India
1,2043-04-01,736.94,residential,India
1,2043-04-02,746.94,residential,India
1,2043-04-03,766.84,residential,India
1,2043-04-04,769.02,residential,India
1,2043-04-05,697.87,residential,India
1,2043-04-06,770.13,residential,India
1,2043-04-07,739.07,residential,India
1,2043-04-08,710.51,residential,India
1,2043-04-09,733.63,residential,India
1,2043-04-10,756.42,residential,India
1,2043-04-11,742.29,residential,India
1,2043-04-12,764.9,residential,India
1,2043-04-13,689.33,residential,India
1,2043-04-14,748.81,residential,India
1,2043-04-15,764.84,residential,India
1,2043-04-16,753.57,residential,India
1,2043-04-17,749.45,residential,India
1,2043-04-18,718.78,residential,India
1,2043-04-19,746.93,residential,India
1,2043-04-20,746.27,residential,India
1,2043-04-21,706.41,residential,India
1,2043-04-22,727.78,residential,India
1,2043-04-23,734.16,residential,India
1,2043-04-24,752.77,residential,India
1,2043-04-25,712.48,residential,India
1,2043-04-26,776.88,residential,India
1,2043-04-27,698.99,residential,India
1,2043-04-28,750.92,residential,India
1,2043-04-29,737.92,residential,India
1,2043-04-30,727.06,residential,India
1,2043-05-01,746.49,residential,India
1,2043-05-02,726.48,residential,India
1,2043-05-03,725.27,residential,India
1,2043-05-04,731.25,residential,India
1,2043-05-05,734.04,residential,India
1,2043-05-06,767.05,residential,India
1,2043-05-07,687.74,residential,India
1,2043-05-08,753.38,residential,India
1,2043-05-09,756.55,residential,India
1,2043-05-10,764.72,residential,India
1,2043-05-11,766.08,residential,India
1,2043-05-12,728.93,residential,India
1,2043-05-13,754.34,residential,India
1,2043-05-14,721.87,residential,India
1,2043-05-15,738.75,residential,India
1,2043-05-16,713.73,residential,India
1,2043-05-17,734.12,residential,India
1,2043-05-18,701.25,residential,India
1,2043-05-19,742.86,residential,India
1,2043-05-20,734.52,residential,India
1,2043-05-21,725.59,residential,India
1,2043-05-22,751.7,residential,India
1,2043-05-23,736.09,residential,India
1,2043-05-24,754.27,residential,India
1,2043-05-25,719.1,residential,India
1,2043-05-26,707.21,residential,India
1,2043-05-27,734.52,residential,India
1,2043-05-28,713.11,residential,India
1,2043-05-29,718.66,residential,India
1,2043-05-30,738.83,residential,India
1,2043-05-31,687.8,residential,India
1,2043-06-01,708.58,residential,India
1,2043-06-02,732.93,residential,India
1,2043-06-03,710.13,residential,India
1,2043-06-04,772.41,residential,India
1,2043-06-05,692.79,residential,India
1,2043-06-06,716.48,residential,India
1,2043-06-07,724.29,residential,India
1,2043-06-08,724.32,residential,India
1,2043-06-09,725.7,residential,India
1,2043-06-10,714.69,residential,India
1,2043-06-11,717.0,residential,India
1,2043-06-12,744.66,residential,India
1,2043-06-13,709.01,residential,India
1,2043-06-14,727.86,residential,India
1,2043-06-15,724.64,residential,India
1,2043-06-16,711.26,residential,India
1,2043-06-17,706.9,residential,India
1,2043-06-18,704.57,residential,India
1,2043-06-19,740.66,residential,India
1,2043-06-20,721.31,residential,India
1,2043-06-21,748.44,residential,India
1,2043-06-22,699.32,residential,India
1,2043-06-23,728.3,residential,India
1,2043-06-24,723.5,residential,India
1,2043-06-25,720.91,residential,India
1,2043-06-26,691.34,residential,India
1,2043-06-27,708.46,residential,India
1,2043-06-28,704.5,residential,India
1,2043-06-29,712.09,residential,India
1,2043-06-30,735.49,residential,India
1,2043-07-01,702.44,residential,India
1,2043-07-02,726.28,residential,India
1,2043-07-03,695.36,residential,India
1,2043-07-04,718.39,residential,India
1,2043-07-05,669.22,residential,India
1,2043-07-06,753.94,residential,India
1,2043-07-07,696.13,residential,India
1,2043-07-08,725.88,residential,India
1,2043-07-09,715.22,residential,India
1,2043-07-10,699.39,residential,India
1,2043-07-11,757.59,residential,India
1,2043-07-12,699.09,residential,India
1,2043-07-13,682.17,residential,India
1,2043-07-14,690.31,residential,India
1,2043-07-15,703.89,residential,India
1,2043-07-16,698.65,residential,India
1,2043-07-17,722.06,residential,India
1,2043-07-18,741.93,residential,India
1,2043-07-19,731.65,residential,India
1,2043-07-20,732.03,residential,India
1,2043-07-21,717.5,residential,India
1,2043-07-22,703.95,residential,India
1,2043-07-23,735.51,residential,India
1,2043-07-24,699.65,residential,India
1,2043-07-25,721.01,residential,India
1,2043-07-26,701.75,residential,India
1,2043-07-27,704.6,residential,India
1,2043-07-28,747.99,residential,India
1,2043-07-29,738.2,residential,India
1,2043-07-30,732.83,residential,India
1,2043-07-31,706.69,residential,India
1,2043-08-01,722.73,residential,India
1,2043-08-02,698.36,residential,India
1,2043-08-03,731.78,residential,India
1,2043-08-04,740.73,residential,India
1,2043-08-05,711.88,residential,India
1,2043-08-06,672.25,residential,India
1,2043-08-07,729.87,residential,India
1,2043-08-08,726.83,residential,India
1,2043-08-09,733.26,residential,India
1,2043-08-10,707.79,residential,India
1,2043-08-11,690.1,residential,India
1,2043-08-12,687.42,residential,India
1,2043-08-13,733.96,residential,India
1,2043-08-14,708.52,residential,India
1,2043-08-15,673.77,residential,India
1,2043-08-16,728.05,residential,India
1,2043-08-17,725.63,residential,India
1,2043-08-18,691.23,residential,India
1,2043-08-19,695.8,residential,India
1,2043-08-20,687.25,residential,India
1,2043-08-21,726.5,residential,India
1,2043-08-22,702.5,residential,India
1,2043-08-23,698.2,residential,India
1,2043-08-24,720.88,residential,India
1,2043-08-25,701.83,residential,India
1,2043-08-26,711.27,residential,India
1,2043-08-27,714.35,residential,India
1,2043-08-28,707.52,residential,India
1,2043-08-29,710.88,residential,India
1,2043-08-30,715.56,residential,India
1,2043-08-31,718.82,residential,India
1,2043-09-01,699.97,residential,India
1,2043-09-02,713.09,residential,India
1,2043-09-03,686.5,residential,India
1,2043-09-04,692.85,residential,India
1,2043-09-05,713.13,residential,India
1,2043-09-06,725.04,residential,India
1,2043-09-07,665.84,residential,India
1,2043-09-08,695.56,residential,India
1,2043-09-09,728.11,residential,India
1,2043-09-10,672.53,residential,India
1,2043-09-11,719.69,residential,India
1,2043-09-12,707.31,residential,India
1,2043-09-13,732.16,residential,India
1,2043-09-14,714.87,residential,India
1,2043-09-15,718.29,residential,India
1,2043-09-16,670.15,residential,India
1,2043-09-17,722.77,residential,India
1,2043-09-18,762.21,residential,India
1,2043-09-19,704.95,residential,India
1,2043-09-20,695.79,residential,India
1,2043-09-21,695.12,residential,India
1,2043-09-22,719.06,residential,India
1,2043-09-23,672.1,residential,India
1,2043-09-24,673.58,residential,India
1,2043-09-25,718.29,residential,India
1,2043-09-26,694.12,residential,India
1,2043-09-27,692.48,residential,India
1,2043-09-28,638.49,residential,India
1,2043-09-29,696.07,residential,India
1,2043-09-30,692.92,residential,India
1,2043-10-01,723.89,residential,India
1,2043-10-02,721.44,residential,India
1,2043-10-03,688.62,residential,India
1,2043-10-04,696.82,residential,India
1,2043-10-05,714.74,residential,India
1,2043-10-06,668.88,residential,India
1,2043-10-07,707.22,residential,India
1,2043-10-08,702.52,residential,India
1,2043-10-09,710.29,residential,India
1,2043-10-10,712.19,residential,India
1,2043-10-11,704.98,residential,India
1,2043-10-12,708.55,residential,India
1,2043-10-13,735.04,residential,India
1,2043-10-14,693.06,residential,India
1,2043-10-15,678.29,residential,India
1,2043-10-16,716.14,residential,India
1,2043-10-17,697.73,residential,India
1,2043-10-18,669.95,residential,India
1,2043-10-19,709.31,residential,India
1,2043-10-20,684.57,residential,India
1,2043-10-21,694.98,residential,India
1,2043-10-22,714.15,residential,India
1,2043-10-23,682.37,residential,India
1,2043-10-24,680.09,residential,India
1,2043-10-25,740.18,residential,India
1,2043-10-26,702.12,residential,India
1,2043-10-27,734.34,residential,India
1,2043-10-28,723.19,residential,India
1,2043-10-29,700.1,residential,India
1,2043-10-30,680.27,residential,India
1,2043-10-31,706.52,residential,India
1,2043-11-01,683.95,residential,India
1,2043-11-02,717.46,residential,India
1,2043-11-03,669.62,residential,India
1,2043-11-04,729.63,residential,India
1,2043-11-05,668.89,residential,India
1,2043-11-06,673.52,residential,India
1,2043-11-07,681.53,residential,India
1,2043-11-08,728.33,residential,India
1,2043-11-09,694.94,residential,India
1,2043-11-10,724.69,residential,India
1,2043-11-11,715.78,residential,India
1,2043-11-12,691.94,residential,India
1,2043-11-13,712.56,residential,India
1,2043-11-14,721.96,residential,India
1,2043-11-15,695.57,residential,India
1,2043-11-16,704.81,residential,India
1,2043-11-17,678.12,residential,India
1,2043-11-18,732.43,residential,India
1,2043-11-19,710.91,residential,India
1,2043-11-20,724.0,residential,India
1,2043-11-21,681.89,residential,India
1,2043-11-22,677.32,residential,India
1,2043-11-23,725.65,residential,India
1,2043-11-24,686.51,residential,India
1,2043-11-25,699.5,residential,India
1,2043-11-26,702.55,residential,India
1,2043-11-27,688.83,residential,India
1,2043-11-28,664.33,residential,India
1,2043-11-29,727.92,residential,India
1,2043-11-30,689.91,residential,India
1,2043-12-01,664.99,residential,India
1,2043-12-02,703.43,residential,India
1,2043-12-03,702.5,residential,India
1,2043-12-04,693.98,residential,India
1,2043-12-05,668.07,residential,India
1,2043-12-06,683.63,residential,India
1,2043-12-07,698.58,residential,India
1,2043-12-08,715.07,residential,India
1,2043-12-09,703.92,residential,India
1,2043-12-10,654.16,residential,India
1,2043-12-11,710.63,residential,India
1,2043-12-12,685.16,residential,India
1,2043-12-13,715.91,residential,India
1,2043-12-14,695.37,residential,India
1,2043-12-15,691.52,residential,India
1,2043-12-16,668.74,residential,India
1,2043-12-17,699.7,residential,India
1,2043-12-18,704.29,residential,India
1,2043-12-19,677.93,residential,India
1,2043-12-20,729.62,residential,India
1,2043-12-21,675.29,residential,India
1,2043-12-22,687.89,residential,India
1,2043-12-23,697.48,residential,India
1,2043-12-24,733.68,residential,India
1,2043-12-25,715.39,residential,India
1,2043-12-26,711.21,residential,India
1,2043-12-27,657.13,residential,India
1,2043-12-28,683.39,residential,India
1,2043-12-29,694.81,residential,India
1,2043-12-30,729.66,residential,India
1,2043-12-31,712.64,residential,India
1,2044-01-01,703.99,residential,India
1,2044-01-02,700.65,residential,India
1,2044-01-03,686.95,residential,India
1,2044-01-04,712.22,residential,India
1,2044-01-05,715.76,residential,India
1,2044-01-06,695.31,residential,India
1,2044-01-07,724.57,residential,India
1,2044-01-08,690.11,residential,India
1,2044-01-09,695.26,residential,India
1,2044-01-10,701.22,residential,India
1,2044-01-11,707.61,residential,India
1,2044-01-12,655.31,residential,India
1,2044-01-13,642.5,residential,India
1,2044-01-14,724.52,residential,India
1,2044-01-15,717.49,residential,India
1,2044-01-16,691.14,residential,India
1,2044-01-17,730.86,residential,India
1,2044-01-18,705.41,residential,India
1,2044-01-19,707.59,residential,India
1,2044-01-20,695.65,residential,India
1,2044-01-21,666.86,residential,India
1,2044-01-22,761.27,residential,India
1,2044-01-23,722.5,residential,India
1,2044-01-24,676.21,residential,India
1,2044-01-25,696.26,residential,India
1,2044-01-26,696.0,residential,India
1,2044-01-27,702.55,residential,India
1,2044-01-28,723.44,residential,India
1,2044-01-29,716.81,residential,India
1,2044-01-30,723.03,residential,India
1,2044-01-31,704.34,residential,India
1,2044-02-01,737.96,residential,India
1,2044-02-02,700.61,residential,India
1,2044-02-03,696.72,residential,India
1,2044-02-04,695.6,residential,India
1,2044-02-05,724.58,residential,India
1,2044-02-06,661.02,residential,India
1,2044-02-07,695.39,residential,India
1,2044-02-08,708.26,residential,India
1,2044-02-09,718.77,residential,India
1,2044-02-10,696.28,residential,India
1,2044-02-11,719.69,residential,India
1,2044-02-12,711.08,residential,India
1,2044-02-13,677.86,residential,India
1,2044-02-14,714.0,residential,India
1,2044-02-15,679.9,residential,India
1,2044-02-16,702.77,residential,India
1,2044-02-17,667.49,residential,India
1,2044-02-18,695.47,residential,India
1,2044-02-19,710.81,residential,India
1,2044-02-20,664.12,residential,India
1,2044-02-21,693.99,residential,India
1,2044-02-22,719.52,residential,India
1,2044-02-23,701.85,residential,India
1,2044-02-24,725.97,residential,India
1,2044-02-25,709.19,residential,India
1,2044-02-26,690.97,residential,India
1,2044-02-27,670.49,residential,India
1,2044-02-28,733.88,residential,India
1,2044-02-29,729.38,residential,India
1,2044-03-01,706.73,residential,India
1,2044-03-02,724.49,residential,India
1,2044-03-03,713.4,residential,India
1,2044-03-04,702.27,residential,India
1,2044-03-05,727.11,residential,India
1,2044-03-06,683.31,residential,India
1,2044-03-07,722.07,residential,India
1,2044-03-08,696.92,residential,India
1,2044-03-09,715.93,residential,India
1,2044-03-10,702.34,residential,India
1,2044-03-11,720.53,residential,India
1,2044-03-12,720.62,residential,India
1,2044-03-13,715.97,residential,India
1,2044-03-14,711.2,residential,India
1,2044-03-15,681.11,residential,India
1,2044-03-16,679.86,residential,India
1,2044-03-17,686.04,residential,India
1,2044-03-18,719.06,residential,India
1,2044-03-19,746.02,residential,India
1,2044-03-20,719.51,residential,India
1,2044-03-21,742.13,residential,India
1,2044-03-22,728.36,residential,India
1,2044-03-23,737.82,residential,India
1,2044-03-24,736.48,residential,India
1,2044-03-25,729.73,residential,India
1,2044-03-26,719.98,residential,India
1,2044-03-27,744.06,residential,India
1,2044-03-28,728.08,residential,India
1,2044-03-29,717.69,residential,India
1,2044-03-30,727.64,residential,India
1,2044-03-31,706.8,residential,India
1,2044-04-01,697.36,residential,India
1,2044-04-02,679.19,residential,India
1,2044-04-03,719.33,residential,India
1,2044-04-04,717.28,residential,India
1,2044-04-05,718.51,residential,India
1,2044-04-06,734.89,residential,India
1,2044-04-07,670.16,residential,India
1,2044-04-08,709.87,residential,India
1,2044-04-09,722.82,residential,India
1,2044-04-10,722.5,residential,India
1,2044-04-11,723.07,residential,India
1,2044-04-12,712.15,residential,India
1,2044-04-13,733.57,residential,India
1,2044-04-14,705.77,residential,India
1,2044-04-15,716.16,residential,India
1,2044-04-16,683.91,residential,India
1,2044-04-17,715.66,residential,India
1,2044-04-18,762.86,residential,India
1,2044-04-19,756.65,residential,India
1,2044-04-20,713.97,residential,India
1,2044-04-21,735.48,residential,India
1,2044-04-22,732.32,residential,India
1,2044-04-23,686.18,residential,India
1,2044-04-24,717.55,residential,India
1,2044-04-25,696.42,residential,India
1,2044-04-26,706.71,residential,India
1,2044-04-27,701.14,residential,India
1,2044-04-28,733.99,residential,India
1,2044-04-29,725.38,residential,India
1,2044-04-30,721.5,residential,India
1,2044-05-01,703.36,residential,India
1,2044-05-02,711.78,residential,India
1,2044-05-03,746.54,residential,India
1,2044-05-04,737.27,residential,India
1,2044-05-05,758.9,residential,India
1,2044-05-06,730.1,residential,India
1,2044-05-07,744.79,residential,India
1,2044-05-08,701.18,residential,India
1,2044-05-09,729.0,residential,India
1,2044-05-10,719.19,residential,India
1,2044-05-11,749.87,residential,India
1,2044-05-12,752.22,residential,India
1,2044-05-13,725.54,residential,India
1,2044-05-14,720.74,residential,India
1,2044-05-15,745.09,residential,India
1,2044-05-16,722.28,residential,India
1,2044-05-17,732.95,residential,India
1,2044-05-18,739.96,residential,India
1,2044-05-19,761.81,residential,India
1,2044-05-20,735.78,residential,India
1,2044-05-21,714.46,residential,India
1,2044-05-22,730.27,residential,India
1,2044-05-23,744.26,residential,India
1,2044-05-24,720.89,residential,India
1,2044-05-25,754.08,residential,India
1,2044-05-26,722.27,residential,India
1,2044-05-27,743.14,residential,India
1,2044-05-28,771.17,residential,India
1,2044-05-29,742.26,residential,India
1,2044-05-30,767.27,residential,India
1,2044-05-31,748.15,residential,India
1,2044-06-01,760.87,residential,India
1,2044-06-02,713.63,residential,India
1,2044-06-03,754.08,residential,India
1,2044-06-04,718.28,residential,India
1,2044-06-05,744.94,residential,India
1,2044-06-06,754.08,residential,India
1,2044-06-07,740.58,residential,India
1,2044-06-08,720.08,residential,India
1,2044-06-09,737.22,residential,India
1,2044-06-10,748.12,residential,India
1,2044-06-11,748.68,residential,India
1,2044-06-12,743.19,residential,India
1,2044-06-13,745.9,residential,India
1,2044-06-14,711.77,residential,India
1,2044-06-15,765.93,residential,India
1,2044-06-16,753.09,residential,India
1,2044-06-17,761.76,residential,India
1,2044-06-18,756.47,residential,India
1,2044-06-19,735.56,residential,India
1,2044-06-20,735.92,residential,India
1,2044-06-21,752.78,residential,India
1,2044-06-22,746.7,residential,India
1,2044-06-23,681.06,residential,India
1,2044-06-24,721.99,residential,India
1,2044-06-25,746.97,residential,India
1,2044-06-26,735.04,residential,India
1,2044-06-27,760.06,residential,India
1,2044-06-28,763.03,residential,India
1,2044-06-29,705.56,residential,India
1,2044-06-30,758.8,residential,India
1,2044-07-01,738.25,residential,India
1,2044-07-02,723.88,residential,India
1,2044-07-03,753.49,residential,India
1,2044-07-04,759.67,residential,India
1,2044-07-05,761.12,residential,India
1,2044-07-06,739.37,residential,India
1,2044-07-07,749.73,residential,India
1,2044-07-08,723.3,residential,India
1,2044-07-09,730.76,residential,India
1,2044-07-10,723.75,residential,India
1,2044-07-11,780.53,residential,India
1,2044-07-12,712.35,residential,India
1,2044-07-13,720.51,residential,India
1,2044-07-14,743.08,residential,India
1,2044-07-15,735.91,residential,India
1,2044-07-16,733.4,residential,India
1,2044-07-17,755.17,residential,India
1,2044-07-18,746.82,residential,India
1,2044-07-19,751.71,residential,India
1,2044-07-20,734.28,residential,India
1,2044-07-21,730.75,residential,India
1,2044-07-22,737.9,residential,India
1,2044-07-23,737.99,residential,India
1,2044-07-24,757.25,residential,India
1,2044-07-25,742.66,residential,India
1,2044-07-26,737.75,residential,India
1,2044-07-27,737.08,residential,India
1,2044-07-28,743.71,residential,India
1,2044-07-29,742.89,residential,India
1,2044-07-30,709.24,residential,India
1,2044-07-31,767.21,residential,India
1,2044-08-01,731.53,residential,India
1,2044-08-02,747.7,residential,India
1,2044-08-03,734.54,residential,India
1,2044-08-04,765.16,residential,India
1,2044-08-05,780.77,residential,India
1,2044-08-06,778.36,residential,India
1,2044-08-07,760.78,residential,India
1,2044-08-08,721.17,residential,India
1,2044-08-09,778.56,residential,India
1,2044-08-10,770.69,residential,India
1,2044-08-11,747.8,residential,India
1,2044-08-12,788.55,residential,India
1,2044-08-13,758.35,residential,India
1,2044-08-14,759.57,residential,India
1,2044-08-15,768.55,residential,India
1,2044-08-16,771.1,residential,India
1,2044-08-17,751.84,residential,India
1,2044-08-18,755.44,residential,India
1,2044-08-19,775.83,residential,India
1,2044-08-20,761.59,residential,India
1,2044-08-21,743.32,residential,India
1,2044-08-22,767.0,residential,India
1,2044-08-23,748.7,residential,India
1,2044-08-24,772.19,residential,India
1,2044-08-25,775.03,residential,India
1,2044-08-26,764.01,residential,India
1,2044-08-27,762.6,residential,India
1,2044-08-28,753.83,residential,India
1,2044-08-29,753.18,residential,India
1,2044-08-30,759.13,residential,India
1,2044-08-31,728.95,residential,India
1,2044-09-01,721.17,residential,India
1,2044-09-02,765.63,residential,India
1,2044-09-03,813.1,residential,India
1,2044-09-04,731.36,residential,India
1,2044-09-05,760.55,residential,India
1,2044-09-06,800.46,residential,India
1,2044-09-07,747.42,residential,India
1,2044-09-08,758.39,residential,India
1,2044-09-09,739.07,residential,India
1,2044-09-10,735.69,residential,India
1,2044-09-11,763.54,residential,India
1,2044-09-12,756.41,residential,India
1,2044-09-13,767.73,residential,India
1,2044-09-14,771.99,residential,India
1,2044-09-15,760.0,residential,India
1,2044-09-16,772.14,residential,India
1,2044-09-17,773.31,residential,India
1,2044-09-18,797.1,residential,India
1,2044-09-19,775.37,residential,India
1,2044-09-20,761.24,residential,India
1,2044-09-21,809.2,residential,India
1,2044-09-22,790.45,residential,India
1,2044-09-23,808.04,residential,India
1,2044-09-24,757.04,residential,India
1,2044-09-25,812.35,residential,India
1,2044-09-26,728.68,residential,India
1,2044-09-27,748.03,residential,India
1,2044-09-28,756.21,residential,India
1,2044-09-29,756.48,residential,India
1,2044-09-30,775.88,residential,India
1,2044-10-01,787.54,residential,India
1,2044-10-02,818.33,residential,India
1,2044-10-03,799.83,residential,India
1,2044-10-04,800.76,residential,India
1,2044-10-05,770.17,residential,India
1,2044-10-06,781.32,residential,India
1,2044-10-07,814.14,residential,India
1,2044-10-08,797.39,residential,India
1,2044-10-09,772.09,residential,India
1,2044-10-10,762.86,residential,India
1,2044-10-11,784.22,residential,India
1,2044-10-12,803.29,residential,India
1,2044-10-13,783.25,residential,India
1,2044-10-14,763.59,residential,India
1,2044-10-15,762.17,residential,India
1,2044-10-16,776.87,residential,India
1,2044-10-17,769.13,residential,India
1,2044-10-18,757.52,residential,India
1,2044-10-19,784.08,residential,India
1,2044-10-20,801.64,residential,India
1,2044-10-21,790.39,residential,India
1,2044-10-22,771.68,residential,India
1,2044-10-23,745.14,residential,India
1,2044-10-24,761.87,residential,India
1,2044-10-25,784.42,residential,India
1,2044-10-26,783.57,residential,India
1,2044-10-27,778.75,residential,India
1,2044-10-28,766.59,residential,India
1,2044-10-29,802.87,residential,India
1,2044-10-30,794.8,residential,India
1,2044-10-31,815.64,residential,India
1,2044-11-01,801.63,residential,India
1,2044-11-02,805.72,residential,India
1,2044-11-03,786.47,residential,India
1,2044-11-04,773.24,residential,India
1,2044-11-05,821.42,residential,India
1,2044-11-06,836.02,residential,India
1,2044-11-07,769.92,residential,India
1,2044-11-08,798.67,residential,India
1,2044-11-09,780.59,residential,India
1,2044-11-10,820.12,residential,India
1,2044-11-11,805.55,residential,India
1,2044-11-12,776.24,residential,India
1,2044-11-13,802.57,residential,India
1,2044-11-14,796.19,residential,India
1,2044-11-15,757.09,residential,India
1,2044-11-16,813.25,residential,India
1,2044-11-17,779.84,residential,India
1,2044-11-18,788.79,residential,India
1,2044-11-19,785.27,residential,India
1,2044-11-20,761.41,residential,India
1,2044-11-21,786.3,residential,India
1,2044-11-22,799.18,residential,India
1,2044-11-23,809.84,residential,India
1,2044-11-24,778.02,residential,India
1,2044-11-25,773.09,residential,India
1,2044-11-26,778.1,residential,India
1,2044-11-27,810.46,residential,India
1,2044-11-28,759.58,residential,India
1,2044-11-29,814.01,residential,India
1,2044-11-30,775.96,residential,India
1,2044-12-01,786.87,residential,India
1,2044-12-02,802.53,residential,India
1,2044-12-03,782.01,residential,India
1,2044-12-04,807.93,residential,India
1,2044-12-05,775.24,residential,India
1,2044-12-06,789.47,residential,India
1,2044-12-07,800.5,residential,India
1,2044-12-08,798.91,residential,India
1,2044-12-09,802.39,residential,India
1,2044-12-10,830.17,residential,India
1,2044-12-11,782.01,residential,India
1,2044-12-12,819.49,residential,India
1,2044-12-13,751.61,residential,India
1,2044-12-14,780.64,residential,India
1,2044-12-15,768.48,residential,India
1,2044-12-16,809.8,residential,India
1,2044-12-17,798.02,residential,India
1,2044-12-18,804.79,residential,India
1,2044-12-19,789.76,residential,India
1,2044-12-20,829.47,residential,India
1,2044-12-21,801.11,residential,India
1,2044-12-22,825.87,residential,India
1,2044-12-23,824.05,residential,India
1,2044-12-24,764.69,residential,India
1,2044-12-25,785.04,residential,India
1,2044-12-26,806.57,residential,India
1,2044-12-27,798.77,residential,India
1,2044-12-28,777.66,residential,India
1,2044-12-29,806.45,residential,India
1,2044-12-30,766.54,residential,India
1,2044-12-31,824.59,residential,India
1,2045-01-01,813.35,residential,India
1,2045-01-02,788.7,residential,India
1,2045-01-03,820.04,residential,India
1,2045-01-04,796.81,residential,India
1,2045-01-05,783.44,residential,India
1,2045-01-06,810.74,residential,India
1,2045-01-07,790.22,residential,India
1,2045-01-08,806.92,residential,India
1,2045-01-09,785.79,residential,India
1,2045-01-10,794.73,residential,India
1,2045-01-11,799.28,residential,India
1,2045-01-12,834.78,residential,India
1,2045-01-13,781.43,residential,India
1,2045-01-14,835.66,residential,India
1,2045-01-15,808.23,residential,India
1,2045-01-16,823.62,residential,India
1,2045-01-17,827.49,residential,India
1,2045-01-18,787.55,residential,India
1,2045-01-19,797.42,residential,India
1,2045-01-20,824.43,residential,India
1,2045-01-21,814.14,residential,India
1,2045-01-22,810.06,residential,India
1,2045-01-23,794.68,residential,India
1,2045-01-24,807.24,residential,India
1,2045-01-25,823.24,residential,India
1,2045-01-26,794.75,residential,India
1,2045-01-27,832.95,residential,India
1,2045-01-28,785.08,residential,India
1,2045-01-29,807.8,residential,India
1,2045-01-30,844.91,residential,India
1,2045-01-31,805.26,residential,India
1,2045-02-01,831.28,residential,India
1,2045-02-02,777.61,residential,India
1,2045-02-03,874.72,residential,India
1,2045-02-04,794.05,residential,India
1,2045-02-05,779.74,residential,India
1,2045-02-06,837.13,residential,India
1,2045-02-07,793.28,residential,India
1,2045-02-08,798.49,residential,India
1,2045-02-09,820.01,residential,India
1,2045-02-10,840.27,residential,India
1,2045-02-11,793.57,residential,India
1,2045-02-12,826.53,residential,India
1,2045-02-13,803.08,residential,India
1,2045-02-14,852.31,residential,India
1,2045-02-15,812.36,residential,India
1,2045-02-16,829.04,residential,India
1,2045-02-17,825.38,residential,India
1,2045-02-18,806.26,residential,India
1,2045-02-19,805.95,residential,India
1,2045-02-20,809.74,residential,India
1,2045-02-21,849.48,residential,India
1,2045-02-22,809.01,residential,India
1,2045-02-23,797.77,residential,India
1,2045-02-24,839.38,residential,India
1,2045-02-25,841.18,residential,India
1,2045-02-26,836.44,residential,India
1,2045-02-27,812.6,residential,India
1,2045-02-28,821.39,residential,India
1,2045-03-01,832.73,residential,India
1,2045-03-02,798.03,residential,India
1,2045-03-03,835.12,residential,India
1,2045-03-04,824.57,residential,India
1,2045-03-05,844.15,residential,India
1,2045-03-06,796.39,residential,India
1,2045-03-07,832.9,residential,India
1,2045-03-08,829.11,residential,India
1,2045-03-09,837.28,residential,India
1,2045-03-10,823.39,residential,India
1,2045-03-11,830.8,residential,India
1,2045-03-12,832.11,residential,India
1,2045-03-13,794.4,residential,India
1,2045-03-14,812.48,residential,India
1,2045-03-15,802.59,residential,India
1,2045-03-16,865.9,residential,India
1,2045-03-17,844.87,residential,India
1,2045-03-18,819.82,residential,India
1,2045-03-19,832.24,residential,India
1,2045-03-20,808.55,residential,India
1,2045-03-21,830.94,residential,India
1,2045-03-22,826.9,residential,India
1,2045-03-23,794.64,residential,India
1,2045-03-24,809.11,residential,India
1,2045-03-25,793.0,residential,India
1,2045-03-26,802.25,residential,India
1,2045-03-27,791.61,residential,India
1,2045-03-28,794.49,residential,India
1,2045-03-29,823.81,residential,India
1,2045-03-30,798.82,residential,India
1,2045-03-31,793.18,residential,India
1,2045-04-01,822.52,residential,India
1,2045-04-02,833.06,residential,India
1,2045-04-03,857.63,residential,India
1,2045-04-04,820.66,residential,India
1,2045-04-05,816.22,residential,India
1,2045-04-06,827.75,residential,India
1,2045-04-07,802.83,residential,India
1,2045-04-08,806.64,residential,India
1,2045-04-09,840.49,residential,India
1,2045-04-10,847.2,residential,India
1,2045-04-11,841.34,residential,India
1,2045-04-12,822.64,residential,India
1,2045-04-13,753.29,residential,India
1,2045-04-14,769.48,residential,India
1,2045-04-15,803.97,residential,India
1,2045-04-16,848.3,residential,India
1,2045-04-17,807.91,residential,India
1,2045-04-18,816.84,residential,India
1,2045-04-19,809.66,residential,India
1,2045-04-20,854.53,residential,India
1,2045-04-21,817.64,residential,India
1,2045-04-22,775.32,residential,India
1,2045-04-23,805.08,residential,India
1,2045-04-24,782.89,residential,India
1,2045-04-25,810.22,residential,India
1,2045-04-26,824.09,residential,India
1,2045-04-27,804.83,residential,India
1,2045-04-28,808.57,residential,India
1,2045-04-29,818.2,residential,India
1,2045-04-30,815.86,residential,India
1,2045-05-01,864.65,residential,India
1,2045-05-02,809.75,residential,India
1,2045-05-03,843.95,residential,India
1,2045-05-04,854.12,residential,India
1,2045-05-05,846.93,residential,India
1,2045-05-06,814.37,residential,India
1,2045-05-07,844.13,residential,India
1,2045-05-08,813.94,residential,India
1,2045-05-09,793.07,residential,India
1,2045-05-10,778.87,residential,India
1,2045-05-11,834.63,residential,India
1,2045-05-12,796.1,residential,India
1,2045-05-13,860.62,residential,India
1,2045-05-14,826.75,residential,India
1,2045-05-15,828.81,residential,India
1,2045-05-16,817.28,residential,India
1,2045-05-17,829.25,residential,India
1,2045-05-18,796.63,residential,India
1,2045-05-19,837.71,residential,India
1,2045-05-20,795.86,residential,India
1,2045-05-21,812.4,residential,India
1,2045-05-22,819.62,residential,India
1,2045-05-23,827.19,residential,India
1,2045-05-24,820.44,residential,India
1,2045-05-25,781.08,residential,India
1,2045-05-26,830.56,residential,India
1,2045-05-27,811.66,residential,India
1,2045-05-28,830.12,residential,India
1,2045-05-29,808.14,residential,India
1,2045-05-30,822.19,residential,India
1,2045-05-31,819.52,residential,India
1,2045-06-01,837.49,residential,India
1,2045-06-02,818.55,residential,India
1,2045-06-03,803.59,residential,India
1,2045-06-04,808.57,residential,India
1,2045-06-05,809.29,residential,India
1,2045-06-06,799.11,residential,India
1,2045-06-07,811.97,residential,India
1,2045-06-08,846.81,residential,India
1,2045-06-09,841.13,residential,India
1,2045-06-10,826.59,residential,India
1,2045-06-11,857.55,residential,India
1,2045-06-12,818.56,residential,India
1,2045-06-13,820.94,residential,India
1,2045-06-14,851.67,residential,India
1,2045-06-15,823.26,residential,India
1,2045-06-16,833.7,residential,India
1,2045-06-17,813.49,residential,India
1,2045-06-18,808.06,residential,India
1,2045-06-19,791.99,residential,India
1,2045-06-20,800.45,residential,India
1,2045-06-21,852.95,residential,India
1,2045-06-22,786.96,residential,India
1,2045-06-23,793.61,residential,India
1,2045-06-24,814.04,residential,India
1,2045-06-25,794.86,residential,India
1,2045-06-26,835.74,residential,India
1,2045-06-27,805.69,residential,India
1,2045-06-28,845.31,residential,India
1,2045-06-29,807.68,residential,India
1,2045-06-30,839.59,residential,India
1,2045-07-01,792.41,residential,India
1,2045-07-02,782.67,residential,India
1,2045-07-03,813.82,residential,India
1,2045-07-04,829.9,residential,India
1,2045-07-05,840.44,residential,India
1,2045-07-06,843.34,residential,India
1,2045-07-07,823.68,residential,India
1,2045-07-08,808.59,residential,India
1,2045-07-09,814.38,residential,India
1,2045-07-10,801.99,residential,India
1,2045-07-11,813.96,residential,India
1,2045-07-12,800.41,residential,India
1,2045-07-13,842.67,residential,India
1,2045-07-14,811.03,residential,India
1,2045-07-15,759.85,residential,India
1,2045-07-16,812.75,residential,India
1,2045-07-17,800.55,residential,India
1,2045-07-18,801.59,residential,India
1,2045-07-19,787.93,residential,India
1,2045-07-20,841.97,residential,India
1,2045-07-21,811.02,residential,India
1,2045-07-22,811.42,residential,India
1,2045-07-23,875.89,residential,India
1,2045-07-24,847.75,residential,India
1,2045-07-25,799.64,residential,India
1,2045-07-26,793.37,residential,India
1,2045-07-27,818.57,residential,India
1,2045-07-28,794.32,residential,India
1,2045-07-29,831.28,residential,India
1,2045-07-30,815.66,residential,India
1,2045-07-31,825.42,residential,India
1,2045-08-01,805.91,residential,India
1,2045-08-02,806.16,residential,India
1,2045-08-03,818.41,residential,India
1,2045-08-04,797.53,residential,India
1,2045-08-05,823.2,residential,India
1,2045-08-06,806.97,residential,India
1,2045-08-07,804.04,residential,India
1,2045-08-08,795.85,residential,India
1,2045-08-09,841.97,residential,India
1,2045-08-10,816.56,residential,India
1,2045-08-11,810.06,residential,India
1,2045-08-12,792.6,residential,India
1,2045-08-13,808.45,residential,India
1,2045-08-14,825.0,residential,India
1,2045-08-15,809.1,residential,India
1,2045-08-16,807.95,residential,India
1,2045-08-17,801.92,residential,India
1,2045-08-18,791.87,residential,India
1,2045-08-19,804.36,residential,India
1,2045-08-20,813.38,residential,India
1,2045-08-21,803.45,residential,India
1,2045-08-22,849.44,residential,India
1,2045-08-23,778.25,residential,India
1,2045-08-24,812.11,residential,India
1,2045-08-25,825.56,residential,India
1,2045-08-26,850.98,residential,India
1,2045-08-27,814.15,residential,India
1,2045-08-28,798.22,residential,India
1,2045-08-29,788.58,residential,India
1,2045-08-30,829.99,residential,India
1,2045-08-31,810.76,residential,India
1,2045-09-01,811.47,residential,India
1,2045-09-02,829.14,residential,India
1,2045-09-03,820.77,residential,India
1,2045-09-04,825.21,residential,India
1,2045-09-05,792.63,residential,India
1,2045-09-06,821.53,residential,India
1,2045-09-07,799.42,residential,India
1,2045-09-08,794.54,residential,India
1,2045-09-09,847.83,residential,India
1,2045-09-10,766.16,residential,India
1,2045-09-11,790.26,residential,India
1,2045-09-12,779.9,residential,India
1,2045-09-13,829.55,residential,India
1,2045-09-14,809.69,residential,India
1,2045-09-15,799.16,residential,India
1,2045-09-16,794.7,residential,India
1,2045-09-17,805.87,residential,India
1,2045-09-18,804.48,residential,India
1,2045-09-19,796.6,residential,India
1,2045-09-20,813.04,residential,India
1,2045-09-21,819.07,residential,India
1,2045-09-22,832.39,residential,India
1,2045-09-23,815.49,residential,India
1,2045-09-24,834.1,residential,India
1,2045-09-25,794.07,residential,India
1,2045-09-26,814.48,residential,India
1,2045-09-27,841.21,residential,India
1,2045-09-28,813.56,residential,India
1,2045-09-29,808.7,residential,India
1,2045-09-30,767.85,residential,India
1,2045-10-01,832.4,residential,India
1,2045-10-02,783.95,residential,India
1,2045-10-03,782.06,residential,India
1,2045-10-04,810.07,residential,India
1,2045-10-05,812.26,residential,India
1,2045-10-06,820.46,residential,India
1,2045-10-07,815.76,residential,India
1,2045-10-08,819.71,residential,India
1,2045-10-09,748.81,residential,India
1,2045-10-10,789.29,residential,India
1,2045-10-11,753.57,residential,India
1,2045-10-12,787.71,residential,India
1,2045-10-13,807.18,residential,India
1,2045-10-14,786.05,residential,India
1,2045-10-15,789.59,residential,India
1,2045-10-16,809.43,residential,India
1,2045-10-17,810.17,residential,India
1,2045-10-18,806.07,residential,India
1,2045-10-19,795.22,residential,India
1,2045-10-20,813.53,residential,India
1,2045-10-21,766.2,residential,India
1,2045-10-22,796.57,residential,India
1,2045-10-23,844.35,residential,India
1,2045-10-24,787.78,residential,India
1,2045-10-25,814.44,residential,India
1,2045-10-26,776.95,residential,India
1,2045-10-27,786.58,residential,India
1,2045-10-28,766.75,residential,India
1,2045-10-29,795.8,residential,India
1,2045-10-30,787.77,residential,India
1,2045-10-31,802.99,residential,India
1,2045-11-01,752.3,residential,India
1,2045-11-02,783.33,residential,India
1,2045-11-03,807.6,residential,India
1,2045-11-04,785.91,residential,India
1,2045-11-05,771.59,residential,India
1,2045-11-06,809.76,residential,India
1,2045-11-07,793.73,residential,India
1,2045-11-08,816.71,residential,India
1,2045-11-09,796.72,residential,India
1,2045-11-10,801.88,residential,India
1,2045-11-11,787.31,residential,India
1,2045-11-12,765.79,residential,India
1,2045-11-13,830.2,residential,India
1,2045-11-14,795.92,residential,India
1,2045-11-15,796.4,residential,India
1,2045-11-16,777.98,residential,India
1,2045-11-17,810.19,residential,India
1,2045-11-18,771.22,residential,India
1,2045-11-19,766.38,residential,India
1,2045-11-20,783.92,residential,India
1,2045-11-21,789.51,residential,India
1,2045-11-22,780.87,residential,India
1,2045-11-23,807.27,residential,India
1,2045-11-24,825.42,residential,India
1,2045-11-25,776.9,residential,India
1,2045-11-26,795.95,residential,India
1,2045-11-27,756.09,residential,India
1,2045-11-28,806.33,residential,India
1,2045-11-29,783.0,residential,India
1,2045-11-30,740.36,residential,India
1,2045-12-01,798.93,residential,India
1,2045-12-02,797.49,residential,India
1,2045-12-03,776.58,residential,India
1,2045-12-04,785.58,residential,India
1,2045-12-05,807.81,residential,India
1,2045-12-06,785.53,residential,India
1,2045-12-07,787.24,residential,India
1,2045-12-08,757.94,residential,India
1,2045-12-09,797.01,residential,India
1,2045-12-10,754.2,residential,India
1,2045-12-11,788.25,residential,India
1,2045-12-12,763.19,residential,India
1,2045-12-13,771.58,residential,India
1,2045-12-14,797.6,residential,India
1,2045-12-15,795.31,residential,India
1,2045-12-16,805.23,residential,India
1,2045-12-17,777.13,residential,India
1,2045-12-18,781.71,residential,India
1,2045-12-19,777.52,residential,India
1,2045-12-20,778.18,residential,India
1,2045-12-21,773.47,residential,India
1,2045-12-22,762.74,residential,India
1,2045-12-23,788.69,residential,India
1,2045-12-24,832.32,residential,India
1,2045-12-25,789.55,residential,India
1,2045-12-26,782.77,residential,India
1,2045-12-27,752.57,residential,India
1,2045-12-28,769.27,residential,India
1,2045-12-29,786.18,residential,India
1,2045-12-30,766.58,residential,India
1,2045-12-31,761.65,residential,India
1,2046-01-01,812.88,residential,India
1,2046-01-02,779.71,residential,India
1,2046-01-03,787.07,residential,India
1,2046-01-04,791.81,residential,India
1,2046-01-05,760.94,residential,India
1,2046-01-06,778.69,residential,India
1,2046-01-07,762.09,residential,India
1,2046-01-08,814.94,residential,India
1,2046-01-09,802.75,residential,India
1,2046-01-10,791.42,residential,India
1,2046-01-11,752.79,residential,India
1,2046-01-12,785.04,residential,India
1,2046-01-13,748.14,residential,India
1,2046-01-14,782.8,residential,India
1,2046-01-15,786.04,residential,India
1,2046-01-16,773.61,residential,India
1,2046-01-17,757.95,residential,India
1,2046-01-18,811.05,residential,India
1,2046-01-19,781.97,residential,India
1,2046-01-20,756.98,residential,India
1,2046-01-21,753.2,residential,India
1,2046-01-22,767.51,residential,India
1,2046-01-23,788.38,residential,India
1,2046-01-24,744.54,residential,India
1,2046-01-25,790.2,residential,India
1,2046-01-26,772.9,residential,India
1,2046-01-27,774.8,residential,India
1,2046-01-28,774.6,residential,India
1,2046-01-29,811.62,residential,India
1,2046-01-30,753.32,residential,India
1,2046-01-31,750.92,residential,India
1,2046-02-01,780.39,residential,India
1,2046-02-02,750.06,residential,India
1,2046-02-03,745.04,residential,India
1,2046-02-04,769.52,residential,India
1,2046-02-05,789.08,residential,India
1,2046-02-06,760.4,residential,India
1,2046-02-07,788.91,residential,India
1,2046-02-08,772.49,residential,India
1,2046-02-09,760.22,residential,India
1,2046-02-10,766.28,residential,India
1,2046-02-11,759.14,residential,India
1,2046-02-12,758.31,residential,India
1,2046-02-13,737.99,residential,India
1,2046-02-14,752.07,residential,India
1,2046-02-15,768.02,residential,India
1,2046-02-16,770.34,residential,India
1,2046-02-17,752.03,residential,India
1,2046-02-18,802.45,residential,India
1,2046-02-19,763.54,residential,India
1,2046-02-20,762.0,residential,India
1,2046-02-21,763.4,residential,India
1,2046-02-22,779.04,residential,India
1,2046-02-23,792.05,residential,India
1,2046-02-24,759.98,residential,India
1,2046-02-25,750.47,residential,India
1,2046-02-26,765.75,residential,India
1,2046-02-27,763.17,residential,India
1,2046-02-28,780.48,residential,India
1,2046-03-01,769.32,residential,India
1,2046-03-02,781.66,residential,India
1,2046-03-03,717.33,residential,India
1,2046-03-04,759.85,residential,India
1,2046-03-05,766.45,residential,India
1,2046-03-06,777.18,residential,India
1,2046-03-07,792.2,residential,India
1,2046-03-08,768.38,residential,India
1,2046-03-09,761.32,residential,India
1,2046-03-10,775.93,residential,India
1,2046-03-11,744.69,residential,India
1,2046-03-12,780.67,residential,India
1,2046-03-13,738.82,residential,India
1,2046-03-14,777.04,residential,India
1,2046-03-15,729.54,residential,India
1,2046-03-16,737.65,residential,India
1,2046-03-17,773.65,residential,India
1,2046-03-18,752.07,residential,India
1,2046-03-19,782.57,residential,India
1,2046-03-20,769.25,residential,India
1,2046-03-21,740.27,residential,India
1,2046-03-22,757.85,residential,India
1,2046-03-23,749.48,residential,India
1,2046-03-24,735.51,residential,India
1,2046-03-25,783.92,residential,India
1,2046-03-26,786.25,residential,India
1,2046-03-27,737.64,residential,India
1,2046-03-28,751.76,residential,India
1,2046-03-29,753.53,residential,India
1,2046-03-30,759.32,residential,India
1,2046-03-31,767.61,residential,India
1,2046-04-01,766.12,residential,India
1,2046-04-02,798.0,residential,India
1,2046-04-03,784.04,residential,India
1,2046-04-04,784.15,residential,India
1,2046-04-05,778.13,residential,India
1,2046-04-06,734.53,residential,India
1,2046-04-07,744.01,residential,India
1,2046-04-08,782.53,residential,India
1,2046-04-09,758.63,residential,India
1,2046-04-10,756.87,residential,India
1,2046-04-11,779.55,residential,India
1,2046-04-12,764.56,residential,India
1,2046-04-13,757.82,residential,India
1,2046-04-14,734.22,residential,India
1,2046-04-15,743.03,residential,India
1,2046-04-16,776.91,residential,India
1,2046-04-17,740.3,residential,India
1,2046-04-18,725.1,residential,India
1,2046-04-19,754.94,residential,India
1,2046-04-20,765.01,residential,India
1,2046-04-21,769.65,residential,India
1,2046-04-22,723.3,residential,India
1,2046-04-23,751.85,residential,India
1,2046-04-24,748.76,residential,India
1,2046-04-25,739.61,residential,India
1,2046-04-26,749.16,residential,India
1,2046-04-27,738.9,residential,India
1,2046-04-28,730.62,residential,India
1,2046-04-29,746.72,residential,India
1,2046-04-30,772.14,residential,India
1,2046-05-01,794.77,residential,India
1,2046-05-02,747.59,residential,India
1,2046-05-03,747.5,residential,India
1,2046-05-04,751.88,residential,India
1,2046-05-05,741.0,residential,India
1,2046-05-06,769.79,residential,India
1,2046-05-07,752.93,residential,India
1,2046-05-08,757.26,residential,India
1,2046-05-09,744.26,residential,India
1,2046-05-10,705.96,residential,India
1,2046-05-11,724.56,residential,India
1,2046-05-12,771.0,residential,India
1,2046-05-13,733.09,residential,India
1,2046-05-14,744.58,residential,India
1,2046-05-15,787.52,residential,India
1,2046-05-16,711.37,residential,India
1,2046-05-17,755.28,residential,India
1,2046-05-18,750.0,residential,India
1,2046-05-19,731.01,residential,India
1,2046-05-20,746.74,residential,India
1,2046-05-21,759.18,residential,India
1,2046-05-22,743.25,residential,India
1,2046-05-23,750.85,residential,India
1,2046-05-24,775.26,residential,India
1,2046-05-25,733.23,residential,India
1,2046-05-26,744.37,residential,India
1,2046-05-27,763.0,residential,India
1,2046-05-28,752.33,residential,India
1,2046-05-29,743.75,residential,India
1,2046-05-30,737.26,residential,India
1,2046-05-31,781.24,residential,India
1,2046-06-01,755.5,residential,India
1,2046-06-02,738.14,residential,India
1,2046-06-03,740.61,residential,India
1,2046-06-04,774.27,residential,India
1,2046-06-05,763.33,residential,India
1,2046-06-06,719.43,residential,India
1,2046-06-07,730.4,residential,India
1,2046-06-08,713.6,residential,India
1,2046-06-09,731.05,residential,India
1,2046-06-10,773.61,residential,India
1,2046-06-11,719.23,residential,India
1,2046-06-12,743.3,residential,India
1,2046-06-13,710.69,residential,India
1,2046-06-14,746.09,residential,India
1,2046-06-15,736.12,residential,India
1,2046-06-16,712.57,residential,India
1,2046-06-17,735.71,residential,India
1,2046-06-18,728.1,residential,India
1,2046-06-19,706.39,residential,India
1,2046-06-20,771.86,residential,India
1,2046-06-21,760.93,residential,India
1,2046-06-22,742.33,residential,India
1,2046-06-23,724.24,residential,India
1,2046-06-24,719.15,residential,India
1,2046-06-25,731.89,residential,India
1,2046-06-26,769.69,residential,India
1,2046-06-27,743.92,residential,India
1,2046-06-28,792.35,residential,India
1,2046-06-29,765.33,residential,India
1,2046-06-30,749.34,residential,India
1,2046-07-01,739.71,residential,India
1,2046-07-02,734.77,residential,India
1,2046-07-03,768.12,residential,India
1,2046-07-04,733.83,residential,India
1,2046-07-05,784.8,residential,India
1,2046-07-06,708.96,residential,India
1,2046-07-07,773.54,residential,India
1,2046-07-08,749.56,residential,India
1,2046-07-09,759.87,residential,India
1,2046-07-10,720.64,residential,India
1,2046-07-11,746.19,residential,India
1,2046-07-12,731.05,residential,India
1,2046-07-13,710.14,residential,India
1,2046-07-14,745.97,residential,India
1,2046-07-15,750.34,residential,India
1,2046-07-16,753.28,residential,India
1,2046-07-17,718.84,residential,India
1,2046-07-18,712.74,residential,India
1,2046-07-19,746.06,residential,India
1,2046-07-20,727.51,residential,India
1,2046-07-21,755.94,residential,India
1,2046-07-22,751.32,residential,India
1,2046-07-23,739.91,residential,India
1,2046-07-24,737.73,residential,India
1,2046-07-25,751.38,residential,India
1,2046-07-26,740.51,residential,India
1,2046-07-27,743.01,residential,India
1,2046-07-28,762.34,residential,India
1,2046-07-29,747.88,residential,India
1,2046-07-30,703.55,residential,India
1,2046-07-31,718.2,residential,India
1,2046-08-01,746.11,residential,India
1,2046-08-02,741.32,residential,India
1,2046-08-03,749.12,residential,India
1,2046-08-04,753.87,residential,India
1,2046-08-05,741.1,residential,India
1,2046-08-06,741.55,residential,India
1,2046-08-07,733.81,residential,India
1,2046-08-08,723.81,residential,India
1,2046-08-09,703.2,residential,India
1,2046-08-10,725.93,residential,India
1,2046-08-11,706.21,residential,India
1,2046-08-12,715.02,residential,India
1,2046-08-13,731.27,residential,India
1,2046-08-14,739.1,residential,India
1,2046-08-15,735.86,residential,India
1,2046-08-16,754.35,residential,India
1,2046-08-17,702.54,residential,India
1,2046-08-18,744.23,residential,India
1,2046-08-19,746.23,residential,India
1,2046-08-20,740.5,residential,India
1,2046-08-21,735.27,residential,India
1,2046-08-22,746.56,residential,India
1,2046-08-23,728.47,residential,India
1,2046-08-24,697.86,residential,India
1,2046-08-25,716.77,residential,India
1,2046-08-26,736.59,residential,India
1,2046-08-27,765.37,residential,India
1,2046-08-28,719.96,residential,India
1,2046-08-29,748.73,residential,India
1,2046-08-30,758.31,residential,India
1,2046-08-31,753.95,residential,India
1,2046-09-01,742.68,residential,India
1,2046-09-02,754.15,residential,India
1,2046-09-03,735.13,residential,India
1,2046-09-04,717.6,residential,India
1,2046-09-05,717.73,residential,India
1,2046-09-06,744.93,residential,India
1,2046-09-07,753.55,residential,India
1,2046-09-08,738.17,residential,India
1,2046-09-09,718.59,residential,India
1,2046-09-10,727.89,residential,India
1,2046-09-11,691.62,residential,India
1,2046-09-12,713.37,residential,India
1,2046-09-13,745.64,residential,India
1,2046-09-14,736.35,residential,India
1,2046-09-15,743.93,residential,India
1,2046-09-16,729.89,residential,India
1,2046-09-17,743.16,residential,India
1,2046-09-18,727.81,residential,India
1,2046-09-19,719.45,residential,India
1,2046-09-20,734.27,residential,India
1,2046-09-21,738.23,residential,India
1,2046-09-22,746.52,residential,India
1,2046-09-23,724.31,residential,India
1,2046-09-24,752.56,residential,India
1,2046-09-25,730.85,residential,India
1,2046-09-26,744.99,residential,India
1,2046-09-27,731.72,residential,India
1,2046-09-28,700.25,residential,India
1,2046-09-29,759.98,residential,India
1,2046-09-30,744.66,residential,India
1,2046-10-01,754.13,residential,India
1,2046-10-02,755.01,residential,India
1,2046-10-03,753.58,residential,India
1,2046-10-04,741.96,residential,India
1,2046-10-05,712.85,residential,India
1,2046-10-06,717.14,residential,India
1,2046-10-07,710.19,residential,India
1,2046-10-08,717.22,residential,India
1,2046-10-09,709.57,residential,India
1,2046-10-10,727.29,residential,India
1,2046-10-11,762.48,residential,India
1,2046-10-12,755.9,residential,India
1,2046-10-13,700.12,residential,India
1,2046-10-14,748.17,residential,India
1,2046-10-15,747.05,residential,India
1,2046-10-16,800.82,residential,India
1,2046-10-17,753.46,residential,India
1,2046-10-18,758.21,residential,India
1,2046-10-19,739.37,residential,India
1,2046-10-20,745.48,residential,India
1,2046-10-21,782.77,residential,India
1,2046-10-22,765.2,residential,India
1,2046-10-23,775.35,residential,India
1,2046-10-24,735.01,residential,India
1,2046-10-25,747.52,residential,India
1,2046-10-26,768.85,residential,India
1,2046-10-27,719.9,residential,India
1,2046-10-28,774.85,residential,India
1,2046-10-29,744.7,residential,India
1,2046-10-30,724.63,residential,India
1,2046-10-31,714.26,residential,India
1,2046-11-01,757.84,residential,India
1,2046-11-02,757.75,residential,India
1,2046-11-03,759.16,residential,India
1,2046-11-04,729.08,residential,India
1,2046-11-05,757.67,residential,India
1,2046-11-06,716.36,residential,India
1,2046-11-07,753.04,residential,India
1,2046-11-08,735.64,residential,India
1,2046-11-09,700.9,residential,India
1,2046-11-10,741.33,residential,India
1,2046-11-11,709.52,residential,India
1,2046-11-12,752.9,residential,India
1,2046-11-13,738.94,residential,India
1,2046-11-14,735.01,residential,India
1,2046-11-15,734.76,residential,India
1,2046-11-16,779.69,residential,India
1,2046-11-17,767.52,residential,India
1,2046-11-18,749.13,residential,India
1,2046-11-19,746.91,residential,India
1,2046-11-20,756.49,residential,India
1,2046-11-21,730.68,residential,India
1,2046-11-22,737.55,residential,India
1,2046-11-23,767.46,residential,India
1,2046-11-24,742.43,residential,India
1,2046-11-25,769.59,residential,India
1,2046-11-26,727.71,residential,India
1,2046-11-27,763.57,residential,India
1,2046-11-28,762.66,residential,India
1,2046-11-29,736.83,residential,India
1,2046-11-30,755.53,residential,India
1,2046-12-01,744.44,residential,India
1,2046-12-02,741.45,residential,India
1,2046-12-03,735.69,residential,India
1,2046-12-04,740.9,residential,India
1,2046-12-05,727.61,residential,India
1,2046-12-06,745.18,residential,India
1,2046-12-07,736.06,residential,India
1,2046-12-08,732.08,residential,India
1,2046-12-09,739.02,residential,India
1,2046-12-10,760.53,residential,India
1,2046-12-11,736.39,residential,India
1,2046-12-12,749.62,residential,India
1,2046-12-13,767.6,residential,India
1,2046-12-14,766.32,residential,India
1,2046-12-15,722.6,residential,India
1,2046-12-16,738.74,residential,India
1,2046-12-17,707.15,residential,India
1,2046-12-18,742.77,residential,India
1,2046-12-19,765.68,residential,India
1,2046-12-20,753.32,residential,India
1,2046-12-21,759.22,residential,India
1,2046-12-22,762.66,residential,India
1,2046-12-23,738.01,residential,India
1,2046-12-24,774.67,residential,India
1,2046-12-25,738.98,residential,India
1,2046-12-26,765.6,residential,India
1,2046-12-27,764.37,residential,India
1,2046-12-28,726.79,residential,India
1,2046-12-29,724.98,residential,India
1,2046-12-30,747.66,residential,India
1,2046-12-31,763.79,residential,India
1,2047-01-01,770.31,residential,India
1,2047-01-02,761.8,residential,India
1,2047-01-03,746.83,residential,India
1,2047-01-04,765.27,residential,India
1,2047-01-05,729.46,residential,India
1,2047-01-06,732.45,residential,India
1,2047-01-07,792.39,residential,India
1,2047-01-08,765.36,residential,India
1,2047-01-09,726.38,residential,India
1,2047-01-10,773.6,residential,India
1,2047-01-11,745.59,residential,India
1,2047-01-12,759.3,residential,India
1,2047-01-13,759.98,residential,India
1,2047-01-14,778.47,residential,India
1,2047-01-15,708.72,residential,India
1,2047-01-16,762.98,residential,India
1,2047-01-17,754.83,residential,India
1,2047-01-18,780.84,residential,India
1,2047-01-19,775.75,residential,India
1,2047-01-20,742.01,residential,India
1,2047-01-21,764.87,residential,India
1,2047-01-22,764.04,residential,India
1,2047-01-23,765.21,residential,India
1,2047-01-24,752.39,residential,India
1,2047-01-25,744.0,residential,India
1,2047-01-26,744.7,residential,India
1,2047-01-27,770.38,residential,India
1,2047-01-28,765.36,residential,India
1,2047-01-29,758.19,residential,India
1,2047-01-30,758.87,residential,India
1,2047-01-31,779.0,residential,India
1,2047-02-01,751.36,residential,India
1,2047-02-02,759.91,residential,India
1,2047-02-03,811.02,residential,India
1,2047-02-04,750.94,residential,India
1,2047-02-05,789.36,residential,India
1,2047-02-06,740.02,residential,India
1,2047-02-07,747.15,residential,India
1,2047-02-08,756.91,residential,India
1,2047-02-09,789.02,residential,India
1,2047-02-10,741.2,residential,India
1,2047-02-11,790.19,residential,India
1,2047-02-12,757.79,residential,India
1,2047-02-13,793.83,residential,India
1,2047-02-14,750.77,residential,India
1,2047-02-15,783.07,residential,India
1,2047-02-16,741.94,residential,India
1,2047-02-17,786.58,residential,India
1,2047-02-18,733.44,residential,India
1,2047-02-19,744.93,residential,India
1,2047-02-20,753.99,residential,India
1,2047-02-21,743.24,residential,India
1,2047-02-22,753.75,residential,India
1,2047-02-23,746.96,residential,India
1,2047-02-24,806.08,residential,India
1,2047-02-25,787.47,residential,India
1,2047-02-26,777.84,residential,India
1,2047-02-27,782.65,residential,India
1,2047-02-28,754.99,residential,India
1,2047-03-01,776.45,residential,India
1,2047-03-02,735.87,residential,India
1,2047-03-03,769.11,residential,India
1,2047-03-04,737.75,residential,India
1,2047-03-05,762.61,residential,India
1,2047-03-06,805.22,residential,India
1,2047-03-07,767.51,residential,India
1,2047-03-08,757.61,residential,India
1,2047-03-09,807.08,residential,India
1,2047-03-10,781.19,residential,India
1,2047-03-11,806.45,residential,India
1,2047-03-12,761.49,residential,India
1,2047-03-13,797.88,residential,India
1,2047-03-14,751.8,residential,India
1,2047-03-15,755.87,residential,India
1,2047-03-16,768.57,residential,India
1,2047-03-17,767.83,residential,India
1,2047-03-18,784.75,residential,India
1,2047-03-19,772.04,residential,India
1,2047-03-20,765.28,residential,India
1,2047-03-21,774.24,residential,India
1,2047-03-22,719.88,residential,India
1,2047-03-23,770.57,residential,India
1,2047-03-24,753.99,residential,India
1,2047-03-25,810.63,residential,India
1,2047-03-26,742.89,residential,India
1,2047-03-27,763.21,residential,India
1,2047-03-28,800.24,residential,India
1,2047-03-29,807.92,residential,India
1,2047-03-30,767.55,residential,India
1,2047-03-31,799.64,residential,India
1,2047-04-01,798.75,residential,India
1,2047-04-02,809.24,residential,India
1,2047-04-03,777.84,residential,India
1,2047-04-04,776.32,residential,India
1,2047-04-05,810.31,residential,India
1,2047-04-06,768.09,residential,India
1,2047-04-07,789.77,residential,India
1,2047-04-08,772.73,residential,India
1,2047-04-09,768.07,residential,India
1,2047-04-10,798.08,residential,India
1,2047-04-11,775.18,residential,India
1,2047-04-12,771.54,residential,India
1,2047-04-13,782.09,residential,India
1,2047-04-14,818.29,residential,India
1,2047-04-15,803.96,residential,India
1,2047-04-16,788.44,residential,India
1,2047-04-17,784.6,residential,India
1,2047-04-18,802.75,residential,India
1,2047-04-19,810.54,residential,India
1,2047-04-20,814.97,residential,India
1,2047-04-21,763.83,residential,India
1,2047-04-22,723.43,residential,India
1,2047-04-23,768.19,residential,India
1,2047-04-24,775.24,residential,India
1,2047-04-25,803.5,residential,India
1,2047-04-26,793.92,residential,India
1,2047-04-27,823.32,residential,India
1,2047-04-28,771.78,residential,India
1,2047-04-29,773.81,residential,India
1,2047-04-30,796.33,residential,India
1,2047-05-01,768.41,residential,India
1,2047-05-02,788.49,residential,India
1,2047-05-03,802.41,residential,India
1,2047-05-04,820.32,residential,India
1,2047-05-05,813.29,residential,India
1,2047-05-06,795.36,residential,India
1,2047-05-07,797.21,residential,India
1,2047-05-08,774.26,residential,India
1,2047-05-09,808.91,residential,India
1,2047-05-10,782.6,residential,India
1,2047-05-11,818.59,residential,India
1,2047-05-12,776.29,residential,India
1,2047-05-13,804.84,residential,India
1,2047-05-14,795.31,residential,India
1,2047-05-15,810.3,residential,India
1,2047-05-16,780.61,residential,India
1,2047-05-17,810.82,residential,India
1,2047-05-18,784.74,residential,India
