dataset_id,date,value,sector,location
1,2020-01-01,367.5,residential,India
1,2020-01-02,405.96,residential,India
1,2020-01-03,412.44,residential,India
1,2020-01-04,400.78,residential,India
1,2020-01-05,381.96,residential,India
1,2020-01-06,421.14,residential,India
1,2020-01-07,391.81,residential,India
1,2020-01-08,403.37,residential,India
1,2020-01-09,367.97,residential,India
1,2020-01-10,394.04,residential,India
1,2020-01-11,422.78,residential,India
1,2020-01-12,404.01,residential,India
1,2020-01-13,414.66,residential,India
1,2020-01-14,417.15,residential,India
1,2020-01-15,374.49,residential,India
1,2020-01-16,398.72,residential,India
1,2020-01-17,389.4,residential,India
1,2020-01-18,374.54,residential,India
1,2020-01-19,416.02,residential,India
1,2020-01-20,417.87,residential,India
1,2020-01-21,379.2,residential,India
1,2020-01-22,397.28,residential,India
1,2020-01-23,383.42,residential,India
1,2020-01-24,391.13,residential,India
1,2020-01-25,403.12,residential,India
1,2020-01-26,406.35,residential,India
1,2020-01-27,394.1,residential,India
1,2020-01-28,432.65,residential,India
1,2020-01-29,398.01,residential,India
1,2020-01-30,405.28,residential,India
1,2020-01-31,396.02,residential,India
1,2020-02-01,389.33,residential,India
1,2020-02-02,392.51,residential,India
1,2020-02-03,353.96,residential,India
1,2020-02-04,402.98,residential,India
1,2020-02-05,387.22,residential,India
1,2020-02-06,378.22,residential,India
1,2020-02-07,397.67,residential,India
1,2020-02-08,408.16,residential,India
1,2020-02-09,416.37,residential,India
1,2020-02-10,398.82,residential,India
1,2020-02-11,426.34,residential,India
1,2020-02-12,410.75,residential,India
1,2020-02-13,388.46,residential,India
1,2020-02-14,393.84,residential,India
1,2020-02-15,406.43,residential,India
1,2020-02-16,404.26,residential,India
1,2020-02-17,397.59,residential,India
1,2020-02-18,380.94,residential,India
1,2020-02-19,433.96,residential,India
1,2020-02-20,376.74,residential,India
1,2020-02-21,401.93,residential,India
1,2020-02-22,409.25,residential,India
1,2020-02-23,400.87,residential,India
1,2020-02-24,435.87,residential,India
1,2020-02-25,394.08,residential,India
1,2020-02-26,419.6,residential,India
1,2020-02-27,424.9,residential,India
1,2020-02-28,432.62,residential,India
1,2020-02-29,461.39,residential,India
1,2020-03-01,441.63,residential,India
1,2020-03-02,430.47,residential,India
1,2020-03-03,437.88,residential,India
1,2020-03-04,408.9,residential,India
1,2020-03-05,388.97,residential,India
1,2020-03-06,435.76,residential,India
1,2020-03-07,431.44,residential,India
1,2020-03-08,417.4,residential,India
1,2020-03-09,435.14,residential,India
1,2020-03-10,425.02,residential,India
1,2020-03-11,410.78,residential,India
1,2020-03-12,394.59,residential,India
1,2020-03-13,378.45,residential,India
1,2020-03-14,430.88,residential,India
1,2020-03-15,403.72,residential,India
1,2020-03-16,411.77,residential,India
1,2020-03-17,387.99,residential,India
1,2020-03-18,405.93,residential,India
1,2020-03-19,390.72,residential,India
1,2020-03-20,455.49,residential,India
1,2020-03-21,392.93,residential,India
1,2020-03-22,414.61,residential,India
1,2020-03-23,378.07,residential,India
1,2020-03-24,404.95,residential,India
1,2020-03-25,437.28,residential,India
1,2020-03-26,377.69,residential,India
1,2020-03-27,447.94,residential,India
1,2020-03-28,411.08,residential,India
1,2020-03-29,390.69,residential,India
1,2020-03-30,436.46,residential,India
1,2020-03-31,404.33,residential,India
1,2020-04-01,395.76,residential,India
1,2020-04-02,423.72,residential,India
1,2020-04-03,402.64,residential,India
1,2020-04-04,400.06,residential,India
1,2020-04-05,424.01,residential,India
1,2020-04-06,417.86,residential,India
1,2020-04-07,418.35,residential,India
1,2020-04-08,438.13,residential,India
1,2020-04-09,435.3,residential,India
1,2020-04-10,448.87,residential,India
1,2020-04-11,445.42,residential,India
1,2020-04-12,419.33,residential,India
1,2020-04-13,389.34,residential,India
1,2020-04-14,419.94,residential,India
1,2020-04-15,402.98,residential,India
1,2020-04-16,420.97,residential,India
1,2020-04-17,392.39,residential,India
1,2020-04-18,385.53,residential,India
1,2020-04-19,431.41,residential,India
1,2020-04-20,419.36,residential,India
1,2020-04-21,426.67,residential,India
1,2020-04-22,416.05,residential,India
1,2020-04-23,419.2,residential,India
1,2020-04-24,397.47,residential,India
1,2020-04-25,406.39,residential,India
1,2020-04-26,390.39,residential,India
1,2020-04-27,438.0,residential,India
1,2020-04-28,428.29,residential,India
1,2020-04-29,400.05,residential,India
1,2020-04-30,409.82,residential,India
1,2020-05-01,412.49,residential,India
1,2020-05-02,433.55,residential,India
1,2020-05-03,412.78,residential,India
1,2020-05-04,366.83,residential,India
1,2020-05-05,424.04,residential,India
1,2020-05-06,423.31,residential,India
1,2020-05-07,422.61,residential,India
1,2020-05-08,390.45,residential,India
1,2020-05-09,416.48,residential,India
1,2020-05-10,425.0,residential,India
1,2020-05-11,387.76,residential,India
1,2020-05-12,416.19,residential,India
1,2020-05-13,403.07,residential,India
1,2020-05-14,401.77,residential,India
1,2020-05-15,408.67,residential,India
1,2020-05-16,455.75,residential,India
1,2020-05-17,433.07,residential,India
1,2020-05-18,404.31,residential,India
1,2020-05-19,413.14,residential,India
1,2020-05-20,372.33,residential,India
1,2020-05-21,388.6,residential,India
1,2020-05-22,386.87,residential,India
1,2020-05-23,396.11,residential,India
1,2020-05-24,413.9,residential,India
1,2020-05-25,407.07,residential,India
1,2020-05-26,425.0,residential,India
1,2020-05-27,394.29,residential,India
1,2020-05-28,417.56,residential,India
1,2020-05-29,431.78,residential,India
1,2020-05-30,427.31,residential,India
1,2020-05-31,411.93,residential,India
1,2020-06-01,437.32,residential,India
1,2020-06-02,438.06,residential,India
1,2020-06-03,399.74,residential,India
1,2020-06-04,402.91,residential,India
1,2020-06-05,424.25,residential,India
1,2020-06-06,415.42,residential,India
1,2020-06-07,459.85,residential,India
1,2020-06-08,419.31,residential,India
1,2020-06-09,408.13,residential,India
1,2020-06-10,402.46,residential,India
1,2020-06-11,406.83,residential,India
1,2020-06-12,441.7,residential,India
1,2020-06-13,401.8,residential,India
1,2020-06-14,439.77,residential,India
1,2020-06-15,413.19,residential,India
1,2020-06-16,419.3,residential,India
1,2020-06-17,460.69,residential,India
1,2020-06-18,400.11,residential,India
1,2020-06-19,392.15,residential,India
1,2020-06-20,440.68,residential,India
1,2020-06-21,411.09,residential,India
1,2020-06-22,449.81,residential,India
1,2020-06-23,461.36,residential,India
1,2020-06-24,398.77,residential,India
1,2020-06-25,448.57,residential,India
1,2020-06-26,430.7,residential,India
1,2020-06-27,415.93,residential,India
1,2020-06-28,413.81,residential,India
1,2020-06-29,441.08,residential,India
1,2020-06-30,452.69,residential,India
1,2020-07-01,433.07,residential,India
1,2020-07-02,381.58,residential,India
1,2020-07-03,426.78,residential,India
1,2020-07-04,432.22,residential,India
1,2020-07-05,417.01,residential,India
1,2020-07-06,420.47,residential,India
1,2020-07-07,428.89,residential,India
1,2020-07-08,442.27,residential,India
1,2020-07-09,415.56,residential,India
1,2020-07-10,438.57,residential,India
1,2020-07-11,455.23,residential,India
1,2020-07-12,447.91,residential,India
1,2020-07-13,452.3,residential,India
1,2020-07-14,430.78,residential,India
1,2020-07-15,457.53,residential,India
1,2020-07-16,443.67,residential,India
1,2020-07-17,423.4,residential,India
1,2020-07-18,438.87,residential,India
1,2020-07-19,433.86,residential,India
1,2020-07-20,415.23,residential,India
1,2020-07-21,426.06,residential,India
1,2020-07-22,446.47,residential,India
1,2020-07-23,390.94,residential,India
1,2020-07-24,422.44,residential,India
1,2020-07-25,423.25,residential,India
1,2020-07-26,391.43,residential,India
1,2020-07-27,445.7,residential,India
1,2020-07-28,410.73,residential,India
1,2020-07-29,437.95,residential,India
1,2020-07-30,419.2,residential,India
1,2020-07-31,414.77,residential,India
1,2020-08-01,425.65,residential,India
1,2020-08-02,443.24,residential,India
1,2020-08-03,426.3,residential,India
1,2020-08-04,444.79,residential,India
1,2020-08-05,434.88,residential,India
1,2020-08-06,427.37,residential,India
1,2020-08-07,410.56,residential,India
1,2020-08-08,406.0,residential,India
1,2020-08-09,438.29,residential,India
1,2020-08-10,387.64,residential,India
1,2020-08-11,458.31,residential,India
1,2020-08-12,444.61,residential,India
1,2020-08-13,424.41,residential,India
1,2020-08-14,413.71,residential,India
1,2020-08-15,430.82,residential,India
1,2020-08-16,416.65,residential,India
1,2020-08-17,401.42,residential,India
1,2020-08-18,440.58,residential,India
1,2020-08-19,443.35,residential,India
1,2020-08-20,456.52,residential,India
1,2020-08-21,397.15,residential,India
1,2020-08-22,407.14,residential,India
1,2020-08-23,450.18,residential,India
1,2020-08-24,436.3,residential,India
1,2020-08-25,475.5,residential,India
1,2020-08-26,440.43,residential,India
1,2020-08-27,475.46,residential,India
1,2020-08-28,424.97,residential,India
1,2020-08-29,443.09,residential,India
1,2020-08-30,449.53,residential,India
1,2020-08-31,446.94,residential,India
1,2020-09-01,429.28,residential,India
1,2020-09-02,400.32,residential,India
1,2020-09-03,461.49,residential,India
1,2020-09-04,422.94,residential,India
1,2020-09-05,430.08,residential,India
1,2020-09-06,417.48,residential,India
1,2020-09-07,446.34,residential,India
1,2020-09-08,423.05,residential,India
1,2020-09-09,425.92,residential,India
1,2020-09-10,417.04,residential,India
1,2020-09-11,426.91,residential,India
1,2020-09-12,410.72,residential,India
1,2020-09-13,441.46,residential,India
1,2020-09-14,421.81,residential,India
1,2020-09-15,425.87,residential,India
1,2020-09-16,442.46,residential,India
1,2020-09-17,455.39,residential,India
1,2020-09-18,411.49,residential,India
1,2020-09-19,445.96,residential,India
1,2020-09-20,411.72,residential,India
1,2020-09-21,440.93,residential,India
1,2020-09-22,427.52,residential,India
1,2020-09-23,433.43,residential,India
1,2020-09-24,443.08,residential,India
1,2020-09-25,449.23,residential,India
1,2020-09-26,442.27,residential,India
1,2020-09-27,403.99,residential,India
1,2020-09-28,428.9,residential,India
1,2020-09-29,442.31,residential,India
1,2020-09-30,449.0,residential,India
1,2020-10-01,434.37,residential,India
1,2020-10-02,441.68,residential,India
1,2020-10-03,448.67,residential,India
1,2020-10-04,433.52,residential,India
1,2020-10-05,454.04,residential,India
1,2020-10-06,447.32,residential,India
1,2020-10-07,422.81,residential,India
1,2020-10-08,451.15,residential,India
1,2020-10-09,451.21,residential,India
1,2020-10-10,433.77,residential,India
1,2020-10-11,458.07,residential,India
1,2020-10-12,451.32,residential,India
1,2020-10-13,461.95,residential,India
1,2020-10-14,431.51,residential,India
1,2020-10-15,435.7,residential,India
1,2020-10-16,418.28,residential,India
1,2020-10-17,431.79,residential,India
1,2020-10-18,432.99,residential,India
1,2020-10-19,442.07,residential,India
1,2020-10-20,427.1,residential,India
1,2020-10-21,425.07,residential,India
1,2020-10-22,419.18,residential,India
1,2020-10-23,471.23,residential,India
1,2020-10-24,430.71,residential,India
1,2020-10-25,418.8,residential,India
1,2020-10-26,441.52,residential,India
1,2020-10-27,436.84,residential,India
1,2020-10-28,437.05,residential,India
1,2020-10-29,414.43,residential,India
1,2020-10-30,442.99,residential,India
1,2020-10-31,433.53,residential,India
1,2020-11-01,425.23,residential,India
1,2020-11-02,415.8,residential,India
1,2020-11-03,434.99,residential,India
1,2020-11-04,469.91,residential,India
1,2020-11-05,432.73,residential,India
1,2020-11-06,415.16,residential,India
1,2020-11-07,436.72,residential,India
1,2020-11-08,428.98,residential,India
1,2020-11-09,457.01,residential,India
1,2020-11-10,437.39,residential,India
1,2020-11-11,429.17,residential,India
1,2020-11-12,433.28,residential,India
1,2020-11-13,458.06,residential,India
1,2020-11-14,420.52,residential,India
1,2020-11-15,427.32,residential,India
1,2020-11-16,460.29,residential,India
1,2020-11-17,419.14,residential,India
1,2020-11-18,435.2,residential,India
1,2020-11-19,432.58,residential,India
1,2020-11-20,444.27,residential,India
1,2020-11-21,449.02,residential,India
1,2020-11-22,437.47,residential,India
1,2020-11-23,438.64,residential,India
1,2020-11-24,432.41,residential,India
1,2020-11-25,440.07,residential,India
1,2020-11-26,414.75,residential,India
1,2020-11-27,463.84,residential,India
1,2020-11-28,431.6,residential,India
1,2020-11-29,400.8,residential,India
1,2020-11-30,470.71,residential,India
1,2020-12-01,438.68,residential,India
1,2020-12-02,443.62,residential,India
1,2020-12-03,456.73,residential,India
1,2020-12-04,469.87,residential,India
1,2020-12-05,428.81,residential,India
1,2020-12-06,443.06,residential,India
1,2020-12-07,432.02,residential,India
1,2020-12-08,433.28,residential,India
1,2020-12-09,445.59,residential,India
1,2020-12-10,398.34,residential,India
1,2020-12-11,438.13,residential,India
1,2020-12-12,434.62,residential,India
1,2020-12-13,409.12,residential,India
1,2020-12-14,464.21,residential,India
1,2020-12-15,440.03,residential,India
1,2020-12-16,471.38,residential,India
1,2020-12-17,436.69,residential,India
1,2020-12-18,407.01,residential,India
1,2020-12-19,438.73,residential,India
1,2020-12-20,425.04,residential,India
1,2020-12-21,452.7,residential,India
1,2020-12-22,445.41,residential,India
1,2020-12-23,457.28,residential,India
1,2020-12-24,460.74,residential,India
1,2020-12-25,471.48,residential,India
1,2020-12-26,405.29,residential,India
1,2020-12-27,449.18,residential,India
1,2020-12-28,467.02,residential,India
1,2020-12-29,461.23,residential,India
1,2020-12-30,405.13,residential,India
1,2020-12-31,432.72,residential,India
1,2021-01-01,417.36,residential,India
1,2021-01-02,440.76,residential,India
1,2021-01-03,404.96,residential,India
1,2021-01-04,447.78,residential,India
1,2021-01-05,443.07,residential,India
1,2021-01-06,428.51,residential,India
1,2021-01-07,448.48,residential,India
1,2021-01-08,429.63,residential,India
1,2021-01-09,454.97,residential,India
1,2021-01-10,442.29,residential,India
1,2021-01-11,435.49,residential,India
1,2021-01-12,462.2,residential,India
1,2021-01-13,487.61,residential,India
1,2021-01-14,443.9,residential,India
1,2021-01-15,464.14,residential,India
1,2021-01-16,451.52,residential,India
1,2021-01-17,486.25,residential,India
1,2021-01-18,423.65,residential,India
1,2021-01-19,447.64,residential,India
1,2021-01-20,463.32,residential,India
1,2021-01-21,432.82,residential,India
1,2021-01-22,451.23,residential,India
1,2021-01-23,444.11,residential,India
1,2021-01-24,436.93,residential,India
1,2021-01-25,422.04,residential,India
1,2021-01-26,422.27,residential,India
1,2021-01-27,472.87,residential,India
1,2021-01-28,451.8,residential,India
1,2021-01-29,461.72,residential,India
1,2021-01-30,437.43,residential,India
1,2021-01-31,432.19,residential,India
1,2021-02-01,445.94,residential,India
1,2021-02-02,441.94,residential,India
1,2021-02-03,471.46,residential,India
1,2021-02-04,449.49,residential,India
1,2021-02-05,445.79,residential,India
1,2021-02-06,416.43,residential,India
1,2021-02-07,462.35,residential,India
1,2021-02-08,461.69,residential,India
1,2021-02-09,456.82,residential,India
1,2021-02-10,420.31,residential,India
1,2021-02-11,449.39,residential,India
1,2021-02-12,443.5,residential,India
1,2021-02-13,443.29,residential,India
1,2021-02-14,449.63,residential,India
1,2021-02-15,464.62,residential,India
1,2021-02-16,428.09,residential,India
1,2021-02-17,441.25,residential,India
1,2021-02-18,431.8,residential,India
1,2021-02-19,429.33,residential,India
1,2021-02-20,492.02,residential,India
1,2021-02-21,451.42,residential,India
1,2021-02-22,454.85,residential,India
1,2021-02-23,403.92,residential,India
1,2021-02-24,452.43,residential,India
1,2021-02-25,463.24,residential,India
1,2021-02-26,428.97,residential,India
1,2021-02-27,436.99,residential,India
1,2021-02-28,456.8,residential,India
1,2021-03-01,455.72,residential,India
1,2021-03-02,463.53,residential,India
1,2021-03-03,425.97,residential,India
1,2021-03-04,502.24,residential,India
1,2021-03-05,403.59,residential,India
1,2021-03-06,453.28,residential,India
1,2021-03-07,440.18,residential,India
1,2021-03-08,471.41,residential,India
1,2021-03-09,480.95,residential,India
1,2021-03-10,479.66,residential,India
1,2021-03-11,474.61,residential,India
1,2021-03-12,436.92,residential,India
1,2021-03-13,455.25,residential,India
1,2021-03-14,459.46,residential,India
1,2021-03-15,467.29,residential,India
1,2021-03-16,432.78,residential,India
1,2021-03-17,460.61,residential,India
1,2021-03-18,475.63,residential,India
1,2021-03-19,450.9,residential,India
1,2021-03-20,419.19,residential,India
1,2021-03-21,436.42,residential,India
1,2021-03-22,432.68,residential,India
1,2021-03-23,468.08,residential,India
1,2021-03-24,469.64,residential,India
1,2021-03-25,463.87,residential,India
1,2021-03-26,441.43,residential,India
1,2021-03-27,433.17,residential,India
1,2021-03-28,446.94,residential,India
1,2021-03-29,417.29,residential,India
1,2021-03-30,450.09,residential,India
1,2021-03-31,478.92,residential,India
1,2021-04-01,414.46,residential,India
1,2021-04-02,463.22,residential,India
1,2021-04-03,457.18,residential,India
1,2021-04-04,469.71,residential,India
1,2021-04-05,466.71,residential,India
1,2021-04-06,447.06,residential,India
1,2021-04-07,455.78,residential,India
1,2021-04-08,477.06,residential,India
1,2021-04-09,460.25,residential,India
1,2021-04-10,461.96,residential,India
1,2021-04-11,478.22,residential,India
1,2021-04-12,417.75,residential,India
1,2021-04-13,460.04,residential,India
1,2021-04-14,426.96,residential,India
1,2021-04-15,493.57,residential,India
1,2021-04-16,460.57,residential,India
1,2021-04-17,456.39,residential,India
1,2021-04-18,447.39,residential,India
1,2021-04-19,478.54,residential,India
1,2021-04-20,477.79,residential,India
1,2021-04-21,448.31,residential,India
1,2021-04-22,446.11,residential,India
1,2021-04-23,450.37,residential,India
1,2021-04-24,472.55,residential,India
1,2021-04-25,495.46,residential,India
1,2021-04-26,465.54,residential,India
1,2021-04-27,450.19,residential,India
1,2021-04-28,439.03,residential,India
1,2021-04-29,450.9,residential,India
1,2021-04-30,459.14,residential,India
1,2021-05-01,484.55,residential,India
1,2021-05-02,487.74,residential,India
1,2021-05-03,425.78,residential,India
1,2021-05-04,447.59,residential,India
1,2021-05-05,469.6,residential,India
1,2021-05-06,458.65,residential,India
1,2021-05-07,474.12,residential,India
1,2021-05-08,487.79,residential,India
1,2021-05-09,478.08,residential,India
1,2021-05-10,472.84,residential,India
1,2021-05-11,442.24,residential,India
1,2021-05-12,458.15,residential,India
1,2021-05-13,449.89,residential,India
1,2021-05-14,446.56,residential,India
1,2021-05-15,461.73,residential,India
1,2021-05-16,451.75,residential,India
1,2021-05-17,458.52,residential,India
1,2021-05-18,462.04,residential,India
1,2021-05-19,426.06,residential,India
1,2021-05-20,476.94,residential,India
1,2021-05-21,428.11,residential,India
1,2021-05-22,394.87,residential,India
1,2021-05-23,466.9,residential,India
1,2021-05-24,454.63,residential,India
1,2021-05-25,449.71,residential,India
1,2021-05-26,469.29,residential,India
1,2021-05-27,479.24,residential,India
1,2021-05-28,475.31,residential,India
1,2021-05-29,466.96,residential,India
1,2021-05-30,469.15,residential,India
1,2021-05-31,452.08,residential,India
1,2021-06-01,488.15,residential,India
1,2021-06-02,475.85,residential,India
1,2021-06-03,409.93,residential,India
1,2021-06-04,442.65,residential,India
1,2021-06-05,488.57,residential,India
1,2021-06-06,455.79,residential,India
1,2021-06-07,476.45,residential,India
1,2021-06-08,456.25,residential,India
1,2021-06-09,439.72,residential,India
1,2021-06-10,425.15,residential,India
1,2021-06-11,460.52,residential,India
1,2021-06-12,447.95,residential,India
1,2021-06-13,463.3,residential,India
1,2021-06-14,449.67,residential,India
1,2021-06-15,418.58,residential,India
1,2021-06-16,427.41,residential,India
1,2021-06-17,431.13,residential,India
1,2021-06-18,468.94,residential,India
1,2021-06-19,435.94,residential,India
1,2021-06-20,473.64,residential,India
1,2021-06-21,449.21,residential,India
1,2021-06-22,459.98,residential,India
1,2021-06-23,478.44,residential,India
1,2021-06-24,434.05,residential,India
1,2021-06-25,475.93,residential,India
1,2021-06-26,427.74,residential,India
1,2021-06-27,462.16,residential,India
1,2021-06-28,500.75,residential,India
1,2021-06-29,430.69,residential,India
1,2021-06-30,470.67,residential,India
1,2021-07-01,429.98,residential,India
1,2021-07-02,451.77,residential,India
1,2021-07-03,477.41,residential,India
1,2021-07-04,457.26,residential,India
1,2021-07-05,447.41,residential,India
1,2021-07-06,484.93,residential,India
1,2021-07-07,445.88,residential,India
1,2021-07-08,419.97,residential,India
1,2021-07-09,480.64,residential,India
1,2021-07-10,465.78,residential,India
1,2021-07-11,476.9,residential,India
1,2021-07-12,506.16,residential,India
1,2021-07-13,455.62,residential,India
1,2021-07-14,441.74,residential,India
1,2021-07-15,479.52,residential,India
1,2021-07-16,452.61,residential,India
1,2021-07-17,449.84,residential,India
1,2021-07-18,439.93,residential,India
1,2021-07-19,470.26,residential,India
1,2021-07-20,475.44,residential,India
1,2021-07-21,493.31,residential,India
1,2021-07-22,487.96,residential,India
1,2021-07-23,452.18,residential,India
1,2021-07-24,465.47,residential,India
1,2021-07-25,447.54,residential,India
1,2021-07-26,463.9,residential,India
1,2021-07-27,464.19,residential,India
1,2021-07-28,420.53,residential,India
1,2021-07-29,433.16,residential,India
1,2021-07-30,419.75,residential,India
1,2021-07-31,476.11,residential,India
1,2021-08-01,423.87,residential,India
1,2021-08-02,448.09,residential,India
1,2021-08-03,488.69,residential,India
1,2021-08-04,472.51,residential,India
1,2021-08-05,473.76,residential,India
1,2021-08-06,424.77,residential,India
1,2021-08-07,423.45,residential,India
1,2021-08-08,436.34,residential,India
1,2021-08-09,484.03,residential,India
1,2021-08-10,475.45,residential,India
1,2021-08-11,478.85,residential,India
1,2021-08-12,454.22,residential,India
1,2021-08-13,457.84,residential,India
1,2021-08-14,432.93,residential,India
1,2021-08-15,425.73,residential,India
1,2021-08-16,450.87,residential,India
1,2021-08-17,448.27,residential,India
1,2021-08-18,490.06,residential,India
1,2021-08-19,460.42,residential,India
1,2021-08-20,475.13,residential,India
1,2021-08-21,510.58,residential,India
1,2021-08-22,476.99,residential,India
1,2021-08-23,474.17,residential,India
1,2021-08-24,460.68,residential,India
1,2021-08-25,441.34,residential,India
1,2021-08-26,449.19,residential,India
1,2021-08-27,450.2,residential,India
1,2021-08-28,474.85,residential,India
1,2021-08-29,441.49,residential,India
1,2021-08-30,475.23,residential,India
1,2021-08-31,477.61,residential,India
1,2021-09-01,453.37,residential,India
1,2021-09-02,466.03,residential,India
1,2021-09-03,413.22,residential,India
1,2021-09-04,475.12,residential,India
1,2021-09-05,468.36,residential,India
1,2021-09-06,448.01,residential,India
1,2021-09-07,435.46,residential,India
1,2021-09-08,496.59,residential,India
1,2021-09-09,469.7,residential,India
1,2021-09-10,458.58,residential,India
1,2021-09-11,471.78,residential,India
1,2021-09-12,445.24,residential,India
1,2021-09-13,461.9,residential,India
1,2021-09-14,440.65,residential,India
1,2021-09-15,466.51,residential,India
1,2021-09-16,448.65,residential,India
1,2021-09-17,446.75,residential,India
1,2021-09-18,492.12,residential,India
1,2021-09-19,435.67,residential,India
1,2021-09-20,445.52,residential,India
1,2021-09-21,446.78,residential,India
1,2021-09-22,452.16,residential,India
1,2021-09-23,452.69,residential,India
1,2021-09-24,478.9,residential,India
1,2021-09-25,482.02,residential,India
1,2021-09-26,466.11,residential,India
1,2021-09-27,453.67,residential,India
1,2021-09-28,473.95,residential,India
1,2021-09-29,467.61,residential,India
1,2021-09-30,438.64,residential,India
1,2021-10-01,456.87,residential,India
1,2021-10-02,433.29,residential,India
1,2021-10-03,454.23,residential,India
1,2021-10-04,470.22,residential,India
1,2021-10-05,462.44,residential,India
1,2021-10-06,461.35,residential,India
1,2021-10-07,471.15,residential,India
1,2021-10-08,488.0,residential,India
1,2021-10-09,433.21,residential,India
1,2021-10-10,431.78,residential,India
1,2021-10-11,436.04,residential,India
1,2021-10-12,463.27,residential,India
1,2021-10-13,451.93,residential,India
1,2021-10-14,467.36,residential,India
1,2021-10-15,498.87,residential,India
1,2021-10-16,444.5,residential,India
1,2021-10-17,474.98,residential,India
1,2021-10-18,466.11,residential,India
1,2021-10-19,477.24,residential,India
1,2021-10-20,480.87,residential,India
1,2021-10-21,458.0,residential,India
1,2021-10-22,430.91,residential,India
1,2021-10-23,443.37,residential,India
1,2021-10-24,461.77,residential,India
1,2021-10-25,420.16,residential,India
1,2021-10-26,480.27,residential,India
1,2021-10-27,472.02,residential,India
1,2021-10-28,463.39,residential,India
1,2021-10-29,456.24,residential,India
1,2021-10-30,471.64,residential,India
1,2021-10-31,481.09,residential,India
1,2021-11-01,454.57,residential,India
1,2021-11-02,441.18,residential,India
1,2021-11-03,430.11,residential,India
1,2021-11-04,468.8,residential,India
1,2021-11-05,444.72,residential,India
1,2021-11-06,484.28,residential,India
1,2021-11-07,455.87,residential,India
1,2021-11-08,480.7,residential,India
1,2021-11-09,446.72,residential,India
1,2021-11-10,444.4,residential,India
1,2021-11-11,449.07,residential,India
1,2021-11-12,490.41,residential,India
1,2021-11-13,443.54,residential,India
1,2021-11-14,440.31,residential,India
1,2021-11-15,474.2,residential,India
1,2021-11-16,476.66,residential,India
1,2021-11-17,477.59,residential,India
1,2021-11-18,491.91,residential,India
1,2021-11-19,441.25,residential,India
1,2021-11-20,430.93,residential,India
1,2021-11-21,451.33,residential,India
1,2021-11-22,472.49,residential,India
1,2021-11-23,459.5,residential,India
1,2021-11-24,477.62,residential,India
1,2021-11-25,481.63,residential,India
1,2021-11-26,515.16,residential,India
1,2021-11-27,471.98,residential,India
1,2021-11-28,455.96,residential,India
1,2021-11-29,467.62,residential,India
1,2021-11-30,457.54,residential,India
1,2021-12-01,459.27,residential,India
1,2021-12-02,463.12,residential,India
1,2021-12-03,429.65,residential,India
1,2021-12-04,484.76,residential,India
1,2021-12-05,440.3,residential,India
1,2021-12-06,494.57,residential,India
1,2021-12-07,444.38,residential,India
1,2021-12-08,466.6,residential,India
1,2021-12-09,463.08,residential,India
1,2021-12-10,450.97,residential,India
1,2021-12-11,458.8,residential,India
1,2021-12-12,432.48,residential,India
1,2021-12-13,464.49,residential,India
1,2021-12-14,503.06,residential,India
1,2021-12-15,427.77,residential,India
1,2021-12-16,446.92,residential,India
1,2021-12-17,439.83,residential,India
1,2021-12-18,455.72,residential,India
1,2021-12-19,445.07,residential,India
1,2021-12-20,437.56,residential,India
1,2021-12-21,477.83,residential,India
1,2021-12-22,465.2,residential,India
1,2021-12-23,468.46,residential,India
1,2021-12-24,467.97,residential,India
1,2021-12-25,496.87,residential,India
1,2021-12-26,489.93,residential,India
1,2021-12-27,422.06,residential,India
1,2021-12-28,461.15,residential,India
1,2021-12-29,447.86,residential,India
1,2021-12-30,496.56,residential,India
1,2021-12-31,425.36,residential,India
1,2022-01-01,486.93,residential,India
1,2022-01-02,449.85,residential,India
1,2022-01-03,472.07,residential,India
1,2022-01-04,446.19,residential,India
1,2022-01-05,486.22,residential,India
1,2022-01-06,441.37,residential,India
1,2022-01-07,440.26,residential,India
1,2022-01-08,489.49,residential,India
1,2022-01-09,473.02,residential,India
1,2022-01-10,451.34,residential,India
1,2022-01-11,450.43,residential,India
1,2022-01-12,418.47,residential,India
1,2022-01-13,459.6,residential,India
1,2022-01-14,446.64,residential,India
1,2022-01-15,476.74,residential,India
1,2022-01-16,453.86,residential,India
1,2022-01-17,462.39,residential,India
1,2022-01-18,430.96,residential,India
1,2022-01-19,455.02,residential,India
1,2022-01-20,514.64,residential,India
1,2022-01-21,451.4,residential,India
1,2022-01-22,441.89,residential,India
1,2022-01-23,481.96,residential,India
1,2022-01-24,447.06,residential,India
1,2022-01-25,464.23,residential,India
1,2022-01-26,484.3,residential,India
1,2022-01-27,460.0,residential,India
1,2022-01-28,460.77,residential,India
1,2022-01-29,420.53,residential,India
1,2022-01-30,443.36,residential,India
1,2022-01-31,440.88,residential,India
1,2022-02-01,456.7,residential,India
1,2022-02-02,459.96,residential,India
1,2022-02-03,441.59,residential,India
1,2022-02-04,490.09,residential,India
1,2022-02-05,486.55,residential,India
1,2022-02-06,460.62,residential,India
1,2022-02-07,454.08,residential,India
1,2022-02-08,486.48,residential,India
1,2022-02-09,460.89,residential,India
1,2022-02-10,450.85,residential,India
1,2022-02-11,459.49,residential,India
1,2022-02-12,466.34,residential,India
1,2022-02-13,456.36,residential,India
1,2022-02-14,455.75,residential,India
1,2022-02-15,477.83,residential,India
1,2022-02-16,457.53,residential,India
1,2022-02-17,468.19,residential,India
1,2022-02-18,448.08,residential,India
1,2022-02-19,458.77,residential,India
1,2022-02-20,466.86,residential,India
1,2022-02-21,479.38,residential,India
1,2022-02-22,449.69,residential,India
1,2022-02-23,486.98,residential,India
1,2022-02-24,442.84,residential,India
1,2022-02-25,435.34,residential,India
1,2022-02-26,451.09,residential,India
1,2022-02-27,466.1,residential,India
1,2022-02-28,470.12,residential,India
1,2022-03-01,493.98,residential,India
1,2022-03-02,447.91,residential,India
1,2022-03-03,459.56,residential,India
1,2022-03-04,502.37,residential,India
1,2022-03-05,447.32,residential,India
1,2022-03-06,486.88,residential,India
1,2022-03-07,460.32,residential,India
1,2022-03-08,458.84,residential,India
1,2022-03-09,450.95,residential,India
1,2022-03-10,468.39,residential,India
1,2022-03-11,485.68,residential,India
1,2022-03-12,482.67,residential,India
1,2022-03-13,422.35,residential,India
1,2022-03-14,449.96,residential,India
1,2022-03-15,455.92,residential,India
1,2022-03-16,444.21,residential,India
1,2022-03-17,446.34,residential,India
1,2022-03-18,434.79,residential,India
1,2022-03-19,451.63,residential,India
1,2022-03-20,449.29,residential,India
1,2022-03-21,470.24,residential,India
1,2022-03-22,434.4,residential,India
1,2022-03-23,451.53,residential,India
1,2022-03-24,413.83,residential,India
1,2022-03-25,464.77,residential,India
1,2022-03-26,447.5,residential,India
1,2022-03-27,425.89,residential,India
1,2022-03-28,449.22,residential,India
1,2022-03-29,448.07,residential,India
1,2022-03-30,441.08,residential,India
1,2022-03-31,485.78,residential,India
1,2022-04-01,447.46,residential,India
1,2022-04-02,454.92,residential,India
1,2022-04-03,494.67,residential,India
1,2022-04-04,444.52,residential,India
1,2022-04-05,436.4,residential,India
1,2022-04-06,452.32,residential,India
1,2022-04-07,472.81,residential,India
1,2022-04-08,463.61,residential,India
1,2022-04-09,438.82,residential,India
1,2022-04-10,512.77,residential,India
1,2022-04-11,463.62,residential,India
1,2022-04-12,476.81,residential,India
1,2022-04-13,438.62,residential,India
1,2022-04-14,425.54,residential,India
1,2022-04-15,469.4,residential,India
1,2022-04-16,452.32,residential,India
1,2022-04-17,446.36,residential,India
1,2022-04-18,432.95,residential,India
1,2022-04-19,450.43,residential,India
1,2022-04-20,445.75,residential,India
1,2022-04-21,446.52,residential,India
1,2022-04-22,477.23,residential,India
1,2022-04-23,435.69,residential,India
1,2022-04-24,473.41,residential,India
1,2022-04-25,456.34,residential,India
1,2022-04-26,454.81,residential,India
1,2022-04-27,449.22,residential,India
1,2022-04-28,444.79,residential,India
1,2022-04-29,437.5,residential,India
1,2022-04-30,502.39,residential,India
1,2022-05-01,479.92,residential,India
1,2022-05-02,457.39,residential,India
1,2022-05-03,450.05,residential,India
1,2022-05-04,412.14,residential,India
1,2022-05-05,461.21,residential,India
1,2022-05-06,455.91,residential,India
1,2022-05-07,429.87,residential,India
1,2022-05-08,440.08,residential,India
1,2022-05-09,491.27,residential,India
1,2022-05-10,472.49,residential,India
1,2022-05-11,446.03,residential,India
1,2022-05-12,449.49,residential,India
1,2022-05-13,427.07,residential,India
1,2022-05-14,457.86,residential,India
1,2022-05-15,406.29,residential,India
1,2022-05-16,464.99,residential,India
1,2022-05-17,419.29,residential,India
1,2022-05-18,496.0,residential,India
1,2022-05-19,446.65,residential,India
1,2022-05-20,483.37,residential,India
1,2022-05-21,447.89,residential,India
1,2022-05-22,452.52,residential,India
1,2022-05-23,472.15,residential,India
1,2022-05-24,474.64,residential,India
1,2022-05-25,428.66,residential,India
1,2022-05-26,456.96,residential,India
1,2022-05-27,471.08,residential,India
1,2022-05-28,438.87,residential,India
1,2022-05-29,444.22,residential,India
1,2022-05-30,495.16,residential,India
1,2022-05-31,490.32,residential,India
1,2022-06-01,450.62,residential,India
1,2022-06-02,434.26,residential,India
1,2022-06-03,479.43,residential,India
1,2022-06-04,486.58,residential,India
1,2022-06-05,433.89,residential,India
1,2022-06-06,438.79,residential,India
1,2022-06-07,453.34,residential,India
1,2022-06-08,449.21,residential,India
1,2022-06-09,444.95,residential,India
1,2022-06-10,477.6,residential,India
1,2022-06-11,436.48,residential,India
1,2022-06-12,473.8,residential,India
1,2022-06-13,454.46,residential,India
1,2022-06-14,472.5,residential,India
1,2022-06-15,442.27,residential,India
1,2022-06-16,486.79,residential,India
1,2022-06-17,442.2,residential,India
1,2022-06-18,447.6,residential,India
1,2022-06-19,461.02,residential,India
1,2022-06-20,463.12,residential,India
1,2022-06-21,445.28,residential,India
1,2022-06-22,442.6,residential,India
1,2022-06-23,435.11,residential,India
1,2022-06-24,452.38,residential,India
1,2022-06-25,438.51,residential,India
1,2022-06-26,471.47,residential,India
1,2022-06-27,415.69,residential,India
1,2022-06-28,465.5,residential,India
1,2022-06-29,464.57,residential,India
1,2022-06-30,433.55,residential,India
1,2022-07-01,425.64,residential,India
1,2022-07-02,446.69,residential,India
1,2022-07-03,477.53,residential,India
1,2022-07-04,485.45,residential,India
1,2022-07-05,436.6,residential,India
1,2022-07-06,422.13,residential,India
1,2022-07-07,460.85,residential,India
1,2022-07-08,438.67,residential,India
1,2022-07-09,450.98,residential,India
1,2022-07-10,454.8,residential,India
1,2022-07-11,450.27,residential,India
1,2022-07-12,452.81,residential,India
1,2022-07-13,434.79,residential,India
1,2022-07-14,447.38,residential,India
1,2022-07-15,448.45,residential,India
1,2022-07-16,471.39,residential,India
1,2022-07-17,431.91,residential,India
1,2022-07-18,464.03,residential,India
1,2022-07-19,451.37,residential,India
1,2022-07-20,421.98,residential,India
1,2022-07-21,435.55,residential,India
1,2022-07-22,472.02,residential,India
1,2022-07-23,436.2,residential,India
1,2022-07-24,425.17,residential,India
1,2022-07-25,441.9,residential,India
1,2022-07-26,456.8,residential,India
1,2022-07-27,457.52,residential,India
1,2022-07-28,481.76,residential,India
1,2022-07-29,437.6,residential,India
1,2022-07-30,454.24,residential,India
1,2022-07-31,436.63,residential,India
1,2022-08-01,457.95,residential,India
1,2022-08-02,473.44,residential,India
1,2022-08-03,449.27,residential,India
1,2022-08-04,462.27,residential,India
1,2022-08-05,463.67,residential,India
1,2022-08-06,418.74,residential,India
1,2022-08-07,425.88,residential,India
1,2022-08-08,454.89,residential,India
1,2022-08-09,463.05,residential,India
1,2022-08-10,443.15,residential,India
1,2022-08-11,465.84,residential,India
1,2022-08-12,427.77,residential,India
1,2022-08-13,455.41,residential,India
1,2022-08-14,455.32,residential,India
1,2022-08-15,464.37,residential,India
1,2022-08-16,460.59,residential,India
1,2022-08-17,467.17,residential,India
1,2022-08-18,438.92,residential,India
1,2022-08-19,472.56,residential,India
1,2022-08-20,456.37,residential,India
1,2022-08-21,436.55,residential,India
1,2022-08-22,452.75,residential,India
1,2022-08-23,484.17,residential,India
1,2022-08-24,454.9,residential,India
1,2022-08-25,470.46,residential,India
1,2022-08-26,412.32,residential,India
1,2022-08-27,476.36,residential,India
1,2022-08-28,419.77,residential,India
1,2022-08-29,407.54,residential,India
1,2022-08-30,436.56,residential,India
1,2022-08-31,443.93,residential,India
1,2022-09-01,429.62,residential,India
1,2022-09-02,423.91,residential,India
1,2022-09-03,464.5,residential,India
1,2022-09-04,487.02,residential,India
1,2022-09-05,433.62,residential,India
1,2022-09-06,422.04,residential,India
1,2022-09-07,443.67,residential,India
1,2022-09-08,432.8,residential,India
1,2022-09-09,475.87,residential,India
1,2022-09-10,477.16,residential,India
1,2022-09-11,425.17,residential,India
1,2022-09-12,473.65,residential,India
1,2022-09-13,417.02,residential,India
1,2022-09-14,469.78,residential,India
1,2022-09-15,419.11,residential,India
1,2022-09-16,478.46,residential,India
1,2022-09-17,432.31,residential,India
1,2022-09-18,426.68,residential,India
1,2022-09-19,440.46,residential,India
1,2022-09-20,416.67,residential,India
1,2022-09-21,477.05,residential,India
1,2022-09-22,437.68,residential,India
1,2022-09-23,446.38,residential,India
1,2022-09-24,447.38,residential,India
1,2022-09-25,430.85,residential,India
1,2022-09-26,467.15,residential,India
1,2022-09-27,433.39,residential,India
1,2022-09-28,474.52,residential,India
1,2022-09-29,410.53,residential,India
1,2022-09-30,451.96,residential,India
1,2022-10-01,442.39,residential,India
1,2022-10-02,443.37,residential,India
1,2022-10-03,460.07,residential,India
1,2022-10-04,433.28,residential,India
1,2022-10-05,469.32,residential,India
1,2022-10-06,442.92,residential,India
1,2022-10-07,462.63,residential,India
1,2022-10-08,421.33,residential,India
1,2022-10-09,455.76,residential,India
1,2022-10-10,407.47,residential,India
1,2022-10-11,411.6,residential,India
1,2022-10-12,445.41,residential,India
1,2022-10-13,440.16,residential,India
1,2022-10-14,449.02,residential,India
1,2022-10-15,473.32,residential,India
1,2022-10-16,446.35,residential,India
1,2022-10-17,440.84,residential,India
1,2022-10-18,452.9,residential,India
1,2022-10-19,456.19,residential,India
1,2022-10-20,472.12,residential,India
1,2022-10-21,452.52,residential,India
1,2022-10-22,473.27,residential,India
1,2022-10-23,452.35,residential,India
1,2022-10-24,449.68,residential,India
1,2022-10-25,489.04,residential,India
1,2022-10-26,408.19,residential,India
1,2022-10-27,464.86,residential,India
1,2022-10-28,394.48,residential,India
1,2022-10-29,423.08,residential,India
1,2022-10-30,440.23,residential,India
1,2022-10-31,439.79,residential,India
1,2022-11-01,435.26,residential,India
1,2022-11-02,435.53,residential,India
1,2022-11-03,424.82,residential,India
1,2022-11-04,469.07,residential,India
1,2022-11-05,473.92,residential,India
1,2022-11-06,428.41,residential,India
1,2022-11-07,438.95,residential,India
1,2022-11-08,461.71,residential,India
1,2022-11-09,461.62,residential,India
1,2022-11-10,412.54,residential,India
1,2022-11-11,436.16,residential,India
1,2022-11-12,476.93,residential,India
1,2022-11-13,408.99,residential,India
1,2022-11-14,422.6,residential,India
1,2022-11-15,443.01,residential,India
1,2022-11-16,434.26,residential,India
1,2022-11-17,453.32,residential,India
1,2022-11-18,465.14,residential,India
1,2022-11-19,447.24,residential,India
1,2022-11-20,414.51,residential,India
1,2022-11-21,432.58,residential,India
1,2022-11-22,443.31,residential,India
1,2022-11-23,439.03,residential,India
1,2022-11-24,439.35,residential,India
1,2022-11-25,438.72,residential,India
1,2022-11-26,427.79,residential,India
1,2022-11-27,418.82,residential,India
1,2022-11-28,424.29,residential,India
1,2022-11-29,430.8,residential,India
1,2022-11-30,427.87,residential,India
1,2022-12-01,456.7,residential,India
1,2022-12-02,434.38,residential,India
1,2022-12-03,436.35,residential,India
1,2022-12-04,423.61,residential,India
1,2022-12-05,405.82,residential,India
1,2022-12-06,450.88,residential,India
1,2022-12-07,453.5,residential,India
1,2022-12-08,427.26,residential,India
1,2022-12-09,427.23,residential,India
1,2022-12-10,420.74,residential,India
1,2022-12-11,436.28,residential,India
1,2022-12-12,431.13,residential,India
1,2022-12-13,435.99,residential,India
1,2022-12-14,429.11,residential,India
1,2022-12-15,434.94,residential,India
1,2022-12-16,438.04,residential,India
1,2022-12-17,410.38,residential,India
1,2022-12-18,453.43,residential,India
1,2022-12-19,421.93,residential,India
1,2022-12-20,410.04,residential,India
1,2022-12-21,436.25,residential,India
1,2022-12-22,429.7,residential,India
1,2022-12-23,434.08,residential,India
1,2022-12-24,438.47,residential,India
1,2022-12-25,414.02,residential,India
1,2022-12-26,434.07,residential,India
1,2022-12-27,416.84,residential,India
1,2022-12-28,408.02,residential,India
1,2022-12-29,420.49,residential,India
1,2022-12-30,431.56,residential,India
1,2022-12-31,436.85,residential,India
1,2023-01-01,428.14,residential,India
1,2023-01-02,415.52,residential,India
1,2023-01-03,457.36,residential,India
1,2023-01-04,462.77,residential,India
1,2023-01-05,446.04,residential,India
1,2023-01-06,443.49,residential,India
1,2023-01-07,422.98,residential,India
1,2023-01-08,404.09,residential,India
1,2023-01-09,421.11,residential,India
1,2023-01-10,418.93,residential,India
1,2023-01-11,462.55,residential,India
1,2023-01-12,461.06,residential,India
1,2023-01-13,439.21,residential,India
1,2023-01-14,444.18,residential,India
1,2023-01-15,460.55,residential,India
1,2023-01-16,425.4,residential,India
1,2023-01-17,415.64,residential,India
1,2023-01-18,458.18,residential,India
1,2023-01-19,414.49,residential,India
1,2023-01-20,421.42,residential,India
1,2023-01-21,426.64,residential,India
1,2023-01-22,424.83,residential,India
1,2023-01-23,422.96,residential,India
1,2023-01-24,428.11,residential,India
1,2023-01-25,415.81,residential,India
1,2023-01-26,430.7,residential,India
1,2023-01-27,456.1,residential,India
1,2023-01-28,413.28,residential,India
1,2023-01-29,480.07,residential,India
1,2023-01-30,418.18,residential,India
1,2023-01-31,427.37,residential,India
1,2023-02-01,415.72,residential,India
1,2023-02-02,457.39,residential,India
1,2023-02-03,428.11,residential,India
1,2023-02-04,413.42,residential,India
1,2023-02-05,447.59,residential,India
1,2023-02-06,407.5,residential,India
1,2023-02-07,423.08,residential,India
1,2023-02-08,455.38,residential,India
1,2023-02-09,430.39,residential,India
1,2023-02-10,428.27,residential,India
1,2023-02-11,459.68,residential,India
1,2023-02-12,449.53,residential,India
1,2023-02-13,415.54,residential,India
1,2023-02-14,418.06,residential,India
1,2023-02-15,425.51,residential,India
1,2023-02-16,463.44,residential,India
1,2023-02-17,448.23,residential,India
1,2023-02-18,422.49,residential,India
1,2023-02-19,427.64,residential,India
1,2023-02-20,447.15,residential,India
1,2023-02-21,429.71,residential,India
1,2023-02-22,434.9,residential,India
1,2023-02-23,441.89,residential,India
1,2023-02-24,437.12,residential,India
1,2023-02-25,443.61,residential,India
1,2023-02-26,405.16,residential,India
1,2023-02-27,432.15,residential,India
1,2023-02-28,410.86,residential,India
1,2023-03-01,412.82,residential,India
1,2023-03-02,386.03,residential,India
1,2023-03-03,430.55,residential,India
1,2023-03-04,445.78,residential,India
1,2023-03-05,416.57,residential,India
1,2023-03-06,453.31,residential,India
1,2023-03-07,409.09,residential,India
1,2023-03-08,429.19,residential,India
1,2023-03-09,402.77,residential,India
1,2023-03-10,428.59,residential,India
1,2023-03-11,443.18,residential,India
1,2023-03-12,444.7,residential,India
1,2023-03-13,417.24,residential,India
1,2023-03-14,451.67,residential,India
1,2023-03-15,430.28,residential,India
1,2023-03-16,413.6,residential,India
1,2023-03-17,422.04,residential,India
1,2023-03-18,456.17,residential,India
1,2023-03-19,437.79,residential,India
1,2023-03-20,452.21,residential,India
1,2023-03-21,416.78,residential,India
1,2023-03-22,439.75,residential,India
1,2023-03-23,439.62,residential,India
1,2023-03-24,424.41,residential,India
1,2023-03-25,448.34,residential,India
1,2023-03-26,472.83,residential,India
1,2023-03-27,430.91,residential,India
1,2023-03-28,410.74,residential,India
1,2023-03-29,431.38,residential,India
1,2023-03-30,429.7,residential,India
1,2023-03-31,440.25,residential,India
1,2023-04-01,429.27,residential,India
1,2023-04-02,409.88,residential,India
1,2023-04-03,415.07,residential,India
1,2023-04-04,427.44,residential,India
1,2023-04-05,458.06,residential,India
1,2023-04-06,414.91,residential,India
1,2023-04-07,404.77,residential,India
1,2023-04-08,419.0,residential,India
1,2023-04-09,440.33,residential,India
1,2023-04-10,414.36,residential,India
1,2023-04-11,410.38,residential,India
1,2023-04-12,427.23,residential,India
1,2023-04-13,389.44,residential,India
1,2023-04-14,395.33,residential,India
1,2023-04-15,441.48,residential,India
1,2023-04-16,426.89,residential,India
1,2023-04-17,414.8,residential,India
1,2023-04-18,397.27,residential,India
1,2023-04-19,401.94,residential,India
1,2023-04-20,438.13,residential,India
1,2023-04-21,440.67,residential,India
1,2023-04-22,439.34,residential,India
1,2023-04-23,450.02,residential,India
1,2023-04-24,404.89,residential,India
1,2023-04-25,458.84,residential,India
1,2023-04-26,412.3,residential,India
1,2023-04-27,410.09,residential,India
1,2023-04-28,438.26,residential,India
1,2023-04-29,426.25,residential,India
1,2023-04-30,435.12,residential,India
1,2023-05-01,457.93,residential,India
1,2023-05-02,410.55,residential,India
1,2023-05-03,430.56,residential,India
1,2023-05-04,456.47,residential,India
1,2023-05-05,429.15,residential,India
1,2023-05-06,454.71,residential,India
1,2023-05-07,415.43,residential,India
1,2023-05-08,441.12,residential,India
1,2023-05-09,431.6,residential,India
1,2023-05-10,429.09,residential,India
1,2023-05-11,398.05,residential,India
1,2023-05-12,391.27,residential,India
1,2023-05-13,415.75,residential,India
1,2023-05-14,414.16,residential,India
1,2023-05-15,423.61,residential,India
1,2023-05-16,431.42,residential,India
1,2023-05-17,411.87,residential,India
1,2023-05-18,421.14,residential,India
1,2023-05-19,427.24,residential,India
1,2023-05-20,425.95,residential,India
1,2023-05-21,439.17,residential,India
1,2023-05-22,452.13,residential,India
1,2023-05-23,440.74,residential,India
1,2023-05-24,411.56,residential,India
1,2023-05-25,424.8,residential,India
1,2023-05-26,406.29,residential,India
1,2023-05-27,391.66,residential,India
1,2023-05-28,473.12,residential,India
1,2023-05-29,422.97,residential,India
1,2023-05-30,416.52,residential,India
1,2023-05-31,443.34,residential,India
1,2023-06-01,403.32,residential,India
1,2023-06-02,450.64,residential,India
1,2023-06-03,426.96,residential,India
1,2023-06-04,451.42,residential,India
1,2023-06-05,423.9,residential,India
1,2023-06-06,436.58,residential,India
1,2023-06-07,445.29,residential,India
1,2023-06-08,441.23,residential,India
1,2023-06-09,436.6,residential,India
1,2023-06-10,416.25,residential,India
1,2023-06-11,418.58,residential,India
1,2023-06-12,450.79,residential,India
1,2023-06-13,404.76,residential,India
1,2023-06-14,381.51,residential,India
1,2023-06-15,442.24,residential,India
1,2023-06-16,434.22,residential,India
1,2023-06-17,397.97,residential,India
1,2023-06-18,416.11,residential,India
1,2023-06-19,425.43,residential,India
1,2023-06-20,431.44,residential,India
1,2023-06-21,430.11,residential,India
1,2023-06-22,392.33,residential,India
1,2023-06-23,411.88,residential,India
1,2023-06-24,427.25,residential,India
1,2023-06-25,432.94,residential,India
1,2023-06-26,395.94,residential,India
1,2023-06-27,409.84,residential,India
1,2023-06-28,408.9,residential,India
1,2023-06-29,436.05,residential,India
1,2023-06-30,374.22,residential,India
1,2023-07-01,382.51,residential,India
1,2023-07-02,420.85,residential,India
1,2023-07-03,389.04,residential,India
1,2023-07-04,413.91,residential,India
1,2023-07-05,407.93,residential,India
1,2023-07-06,400.49,residential,India
1,2023-07-07,409.7,residential,India
1,2023-07-08,402.25,residential,India
1,2023-07-09,440.31,residential,India
1,2023-07-10,409.52,residential,India
1,2023-07-11,400.18,residential,India
1,2023-07-12,422.87,residential,India
1,2023-07-13,404.89,residential,India
1,2023-07-14,433.72,residential,India
1,2023-07-15,400.3,residential,India
1,2023-07-16,437.07,residential,India
1,2023-07-17,416.9,residential,India
1,2023-07-18,408.92,residential,India
1,2023-07-19,415.23,residential,India
1,2023-07-20,419.83,residential,India
1,2023-07-21,440.84,residential,India
1,2023-07-22,423.41,residential,India
1,2023-07-23,413.5,residential,India
1,2023-07-24,384.83,residential,India
1,2023-07-25,377.27,residential,India
1,2023-07-26,419.6,residential,India
1,2023-07-27,422.77,residential,India
1,2023-07-28,453.47,residential,India
1,2023-07-29,407.77,residential,India
1,2023-07-30,414.12,residential,India
1,2023-07-31,396.21,residential,India
1,2023-08-01,371.19,residential,India
1,2023-08-02,408.86,residential,India
1,2023-08-03,384.3,residential,India
1,2023-08-04,407.49,residential,India
1,2023-08-05,440.64,residential,India
1,2023-08-06,406.65,residential,India
1,2023-08-07,438.59,residential,India
1,2023-08-08,389.39,residential,India
1,2023-08-09,438.9,residential,India
1,2023-08-10,404.73,residential,India
1,2023-08-11,403.0,residential,India
1,2023-08-12,457.41,residential,India
1,2023-08-13,446.7,residential,India
1,2023-08-14,394.16,residential,India
1,2023-08-15,402.24,residential,India
1,2023-08-16,438.91,residential,India
1,2023-08-17,421.29,residential,India
1,2023-08-18,403.01,residential,India
1,2023-08-19,428.91,residential,India
1,2023-08-20,418.67,residential,India
1,2023-08-21,431.73,residential,India
1,2023-08-22,403.01,residential,India
1,2023-08-23,401.81,residential,India
1,2023-08-24,394.07,residential,India
1,2023-08-25,413.28,residential,India
1,2023-08-26,376.52,residential,India
1,2023-08-27,432.9,residential,India
1,2023-08-28,348.19,residential,India
1,2023-08-29,438.59,residential,India
1,2023-08-30,411.95,residential,India
1,2023-08-31,412.71,residential,India
1,2023-09-01,418.6,residential,India
1,2023-09-02,416.72,residential,India
1,2023-09-03,383.95,residential,India
1,2023-09-04,403.46,residential,India
1,2023-09-05,409.0,residential,India
1,2023-09-06,376.03,residential,India
1,2023-09-07,436.73,residential,India
1,2023-09-08,396.45,residential,India
1,2023-09-09,444.65,residential,India
1,2023-09-10,407.87,residential,India
1,2023-09-11,415.0,residential,India
1,2023-09-12,410.31,residential,India
1,2023-09-13,434.1,residential,India
1,2023-09-14,419.58,residential,India
1,2023-09-15,453.99,residential,India
1,2023-09-16,404.07,residential,India
1,2023-09-17,401.75,residential,India
1,2023-09-18,388.96,residential,India
1,2023-09-19,424.26,residential,India
1,2023-09-20,419.85,residential,India
1,2023-09-21,393.73,residential,India
1,2023-09-22,402.28,residential,India
1,2023-09-23,412.99,residential,India
1,2023-09-24,418.02,residential,India
1,2023-09-25,403.3,residential,India
1,2023-09-26,431.19,residential,India
1,2023-09-27,417.12,residential,India
1,2023-09-28,419.55,residential,India
1,2023-09-29,412.08,residential,India
1,2023-09-30,415.14,residential,India
1,2023-10-01,389.51,residential,India
1,2023-10-02,370.34,residential,India
1,2023-10-03,443.99,residential,India
1,2023-10-04,389.84,residential,India
1,2023-10-05,392.87,residential,India
1,2023-10-06,415.65,residential,India
1,2023-10-07,415.55,residential,India
1,2023-10-08,374.14,residential,India
1,2023-10-09,408.25,residential,India
1,2023-10-10,419.02,residential,India
1,2023-10-11,380.67,residential,India
1,2023-10-12,392.21,residential,India
1,2023-10-13,368.49,residential,India
1,2023-10-14,399.07,residential,India
1,2023-10-15,392.18,residential,India
1,2023-10-16,366.3,residential,India
1,2023-10-17,459.58,residential,India
1,2023-10-18,385.42,residential,India
1,2023-10-19,408.31,residential,India
1,2023-10-20,378.1,residential,India
1,2023-10-21,397.46,residential,India
1,2023-10-22,427.51,residential,India
1,2023-10-23,406.61,residential,India
1,2023-10-24,409.13,residential,India
1,2023-10-25,411.27,residential,India
1,2023-10-26,400.69,residential,India
1,2023-10-27,417.3,residential,India
1,2023-10-28,423.77,residential,India
1,2023-10-29,389.47,residential,India
1,2023-10-30,446.75,residential,India
1,2023-10-31,426.44,residential,India
1,2023-11-01,382.86,residential,India
1,2023-11-02,417.85,residential,India
1,2023-11-03,382.22,residential,India
1,2023-11-04,393.93,residential,India
1,2023-11-05,372.2,residential,India
1,2023-11-06,414.71,residential,India
1,2023-11-07,387.69,residential,India
1,2023-11-08,383.62,residential,India
1,2023-11-09,407.9,residential,India
1,2023-11-10,413.81,residential,India
1,2023-11-11,407.21,residential,India
1,2023-11-12,381.44,residential,India
1,2023-11-13,382.73,residential,India
1,2023-11-14,372.4,residential,India
1,2023-11-15,413.58,residential,India
1,2023-11-16,392.88,residential,India
1,2023-11-17,415.61,residential,India
1,2023-11-18,386.9,residential,India
1,2023-11-19,384.95,residential,India
1,2023-11-20,382.6,residential,India
1,2023-11-21,387.84,residential,India
1,2023-11-22,380.02,residential,India
1,2023-11-23,395.63,residential,India
1,2023-11-24,392.34,residential,India
1,2023-11-25,346.3,residential,India
1,2023-11-26,421.24,residential,India
1,2023-11-27,386.94,residential,India
1,2023-11-28,393.89,residential,India
1,2023-11-29,390.04,residential,India
1,2023-11-30,447.08,residential,India
1,2023-12-01,412.41,residential,India
1,2023-12-02,385.68,residential,India
1,2023-12-03,411.43,residential,India
1,2023-12-04,396.07,residential,India
1,2023-12-05,413.02,residential,India
1,2023-12-06,401.69,residential,India
1,2023-12-07,379.13,residential,India
1,2023-12-08,411.66,residential,India
1,2023-12-09,371.67,residential,India
1,2023-12-10,401.03,residential,India
1,2023-12-11,427.94,residential,India
1,2023-12-12,401.0,residential,India
1,2023-12-13,414.75,residential,India
1,2023-12-14,396.85,residential,India
1,2023-12-15,363.41,residential,India
1,2023-12-16,417.69,residential,India
1,2023-12-17,370.65,residential,India
1,2023-12-18,417.27,residential,India
1,2023-12-19,408.23,residential,India
1,2023-12-20,374.54,residential,India
1,2023-12-21,439.2,residential,India
1,2023-12-22,398.52,residential,India
1,2023-12-23,411.82,residential,India
1,2023-12-24,420.24,residential,India
1,2023-12-25,404.8,residential,India
1,2023-12-26,393.8,residential,India
1,2023-12-27,410.36,residential,India
1,2023-12-28,420.97,residential,India
1,2023-12-29,384.21,residential,India
1,2023-12-30,398.3,residential,India
1,2023-12-31,388.73,residential,India
1,2024-01-01,422.91,residential,India
1,2024-01-02,410.97,residential,India
1,2024-01-03,366.5,residential,India
1,2024-01-04,396.4,residential,India
1,2024-01-05,400.58,residential,India
1,2024-01-06,394.4,residential,India
1,2024-01-07,392.25,residential,India
1,2024-01-08,366.42,residential,India
1,2024-01-09,385.69,residential,India
1,2024-01-10,404.71,residential,India
1,2024-01-11,409.68,residential,India
1,2024-01-12,391.28,residential,India
1,2024-01-13,417.41,residential,India
1,2024-01-14,388.39,residential,India
1,2024-01-15,394.34,residential,India
1,2024-01-16,437.35,residential,India
1,2024-01-17,393.38,residential,India
1,2024-01-18,430.4,residential,India
1,2024-01-19,398.59,residential,India
1,2024-01-20,374.31,residential,India
1,2024-01-21,402.19,residential,India
1,2024-01-22,359.1,residential,India
1,2024-01-23,442.41,residential,India
1,2024-01-24,416.29,residential,India
1,2024-01-25,404.68,residential,India
1,2024-01-26,380.29,residential,India
1,2024-01-27,380.5,residential,India
1,2024-01-28,373.16,residential,India
1,2024-01-29,378.89,residential,India
1,2024-01-30,373.19,residential,India
1,2024-01-31,390.35,residential,India
1,2024-02-01,406.05,residential,India
1,2024-02-02,382.43,residential,India
1,2024-02-03,367.47,residential,India
1,2024-02-04,367.61,residential,India
1,2024-02-05,385.17,residential,India
1,2024-02-06,437.69,residential,India
1,2024-02-07,352.92,residential,India
1,2024-02-08,439.53,residential,India
1,2024-02-09,395.88,residential,India
1,2024-02-10,417.87,residential,India
1,2024-02-11,365.33,residential,India
1,2024-02-12,370.44,residential,India
1,2024-02-13,399.58,residential,India
1,2024-02-14,388.85,residential,India
1,2024-02-15,389.12,residential,India
1,2024-02-16,393.37,residential,India
1,2024-02-17,384.68,residential,India
1,2024-02-18,406.59,residential,India
1,2024-02-19,408.26,residential,India
1,2024-02-20,371.43,residential,India
1,2024-02-21,404.6,residential,India
1,2024-02-22,389.46,residential,India
1,2024-02-23,433.55,residential,India
1,2024-02-24,371.26,residential,India
1,2024-02-25,376.52,residential,India
1,2024-02-26,397.91,residential,India
1,2024-02-27,404.9,residential,India
1,2024-02-28,375.3,residential,India
1,2024-02-29,400.21,residential,India
1,2024-03-01,357.81,residential,India
1,2024-03-02,411.28,residential,India
1,2024-03-03,387.37,residential,India
1,2024-03-04,372.16,residential,India
1,2024-03-05,394.44,residential,India
1,2024-03-06,420.43,residential,India
1,2024-03-07,400.18,residential,India
1,2024-03-08,380.67,residential,India
1,2024-03-09,379.62,residential,India
1,2024-03-10,427.81,residential,India
1,2024-03-11,383.71,residential,India
1,2024-03-12,387.16,residential,India
1,2024-03-13,393.44,residential,India
1,2024-03-14,381.9,residential,India
1,2024-03-15,437.63,residential,India
1,2024-03-16,416.78,residential,India
1,2024-03-17,386.43,residential,India
1,2024-03-18,366.72,residential,India
1,2024-03-19,343.23,residential,India
1,2024-03-20,396.67,residential,India
1,2024-03-21,418.36,residential,India
1,2024-03-22,420.36,residential,India
1,2024-03-23,398.31,residential,India
1,2024-03-24,387.5,residential,India
1,2024-03-25,408.84,residential,India
1,2024-03-26,375.55,residential,India
1,2024-03-27,400.35,residential,India
1,2024-03-28,377.68,residential,India
1,2024-03-29,379.99,residential,India
1,2024-03-30,443.18,residential,India
1,2024-03-31,393.14,residential,India
1,2024-04-01,354.68,residential,India
1,2024-04-02,404.43,residential,India
1,2024-04-03,355.04,residential,India
1,2024-04-04,388.39,residential,India
1,2024-04-05,403.17,residential,India
1,2024-04-06,358.34,residential,India
1,2024-04-07,387.46,residential,India
1,2024-04-08,410.41,residential,India
1,2024-04-09,386.96,residential,India
1,2024-04-10,381.64,residential,India
1,2024-04-11,391.85,residential,India
1,2024-04-12,384.4,residential,India
1,2024-04-13,402.13,residential,India
1,2024-04-14,349.96,residential,India
1,2024-04-15,389.67,residential,India
1,2024-04-16,392.1,residential,India
1,2024-04-17,397.75,residential,India
1,2024-04-18,373.53,residential,India
1,2024-04-19,379.84,residential,India
1,2024-04-20,349.76,residential,India
1,2024-04-21,384.8,residential,India
1,2024-04-22,362.87,residential,India
1,2024-04-23,383.3,residential,India
1,2024-04-24,341.87,residential,India
1,2024-04-25,429.56,residential,India
1,2024-04-26,383.06,residential,India
1,2024-04-27,401.85,residential,India
1,2024-04-28,405.09,residential,India
1,2024-04-29,375.32,residential,India
1,2024-04-30,374.27,residential,India
1,2024-05-01,384.73,residential,India
1,2024-05-02,355.63,residential,India
1,2024-05-03,357.57,residential,India
1,2024-05-04,391.33,residential,India
1,2024-05-05,398.28,residential,India
1,2024-05-06,434.07,residential,India
1,2024-05-07,380.38,residential,India
1,2024-05-08,392.53,residential,India
1,2024-05-09,389.27,residential,India
1,2024-05-10,380.09,residential,India
1,2024-05-11,414.67,residential,India
1,2024-05-12,345.9,residential,India
1,2024-05-13,424.92,residential,India
1,2024-05-14,408.66,residential,India
1,2024-05-15,419.42,residential,India
1,2024-05-16,356.73,residential,India
1,2024-05-17,383.81,residential,India
1,2024-05-18,387.69,residential,India
1,2024-05-19,401.01,residential,India
1,2024-05-20,403.62,residential,India
1,2024-05-21,400.21,residential,India
1,2024-05-22,384.48,residential,India
1,2024-05-23,389.08,residential,India
1,2024-05-24,398.72,residential,India
1,2024-05-25,386.73,residential,India
1,2024-05-26,407.95,residential,India
1,2024-05-27,406.25,residential,India
1,2024-05-28,380.4,residential,India
1,2024-05-29,394.5,residential,India
1,2024-05-30,406.6,residential,India
1,2024-05-31,381.66,residential,India
1,2024-06-01,349.42,residential,India
1,2024-06-02,392.8,residential,India
1,2024-06-03,372.78,residential,India
1,2024-06-04,391.96,residential,India
1,2024-06-05,407.4,residential,India
1,2024-06-06,382.71,residential,India
1,2024-06-07,393.66,residential,India
1,2024-06-08,385.74,residential,India
1,2024-06-09,410.06,residential,India
1,2024-06-10,366.75,residential,India
1,2024-06-11,395.28,residential,India
1,2024-06-12,368.26,residential,India
1,2024-06-13,393.18,residential,India
1,2024-06-14,404.85,residential,India
1,2024-06-15,385.36,residential,India
1,2024-06-16,393.77,residential,India
1,2024-06-17,418.94,residential,India
1,2024-06-18,388.06,residential,India
1,2024-06-19,373.49,residential,India
1,2024-06-20,357.76,residential,India
1,2024-06-21,380.72,residential,India
1,2024-06-22,398.62,residential,India
1,2024-06-23,381.49,residential,India
1,2024-06-24,386.19,residential,India
1,2024-06-25,326.53,residential,India
1,2024-06-26,357.56,residential,India
1,2024-06-27,384.5,residential,India
1,2024-06-28,360.53,residential,India
1,2024-06-29,385.78,residential,India
1,2024-06-30,375.3,residential,India
1,2024-07-01,396.14,residential,India
1,2024-07-02,385.86,residential,India
1,2024-07-03,413.25,residential,India
1,2024-07-04,383.74,residential,India
1,2024-07-05,396.37,residential,India
1,2024-07-06,343.14,residential,India
1,2024-07-07,400.13,residential,India
1,2024-07-08,374.67,residential,India
1,2024-07-09,368.15,residential,India
1,2024-07-10,359.72,residential,India
1,2024-07-11,354.38,residential,India
1,2024-07-12,420.12,residential,India
1,2024-07-13,367.01,residential,India
1,2024-07-14,381.8,residential,India
1,2024-07-15,374.39,residential,India
1,2024-07-16,402.89,residential,India
1,2024-07-17,408.42,residential,India
1,2024-07-18,372.2,residential,India
1,2024-07-19,385.12,residential,India
1,2024-07-20,392.18,residential,India
1,2024-07-21,391.81,residential,India
1,2024-07-22,351.54,residential,India
1,2024-07-23,394.51,residential,India
1,2024-07-24,324.87,residential,India
1,2024-07-25,347.14,residential,India
1,2024-07-26,391.55,residential,India
1,2024-07-27,369.85,residential,India
1,2024-07-28,383.43,residential,India
1,2024-07-29,386.52,residential,India
1,2024-07-30,411.02,residential,India
1,2024-07-31,376.87,residential,India
1,2024-08-01,381.16,residential,India
1,2024-08-02,387.59,residential,India
1,2024-08-03,394.74,residential,India
1,2024-08-04,395.25,residential,India
1,2024-08-05,422.21,residential,India
1,2024-08-06,396.72,residential,India
1,2024-08-07,355.75,residential,India
1,2024-08-08,404.14,residential,India
1,2024-08-09,366.9,residential,India
1,2024-08-10,385.97,residential,India
1,2024-08-11,361.46,residential,India
1,2024-08-12,381.96,residential,India
1,2024-08-13,418.46,residential,India
1,2024-08-14,341.97,residential,India
1,2024-08-15,393.75,residential,India
1,2024-08-16,392.49,residential,India
1,2024-08-17,370.34,residential,India
1,2024-08-18,341.67,residential,India
1,2024-08-19,382.45,residential,India
1,2024-08-20,384.05,residential,India
1,2024-08-21,353.33,residential,India
1,2024-08-22,365.1,residential,India
1,2024-08-23,391.16,residential,India
1,2024-08-24,369.47,residential,India
1,2024-08-25,348.45,residential,India
1,2024-08-26,386.97,residential,India
1,2024-08-27,397.38,residential,India
1,2024-08-28,349.24,residential,India
1,2024-08-29,409.76,residential,India
1,2024-08-30,383.84,residential,India
1,2024-08-31,380.94,residential,India
1,2024-09-01,376.76,residential,India
1,2024-09-02,400.25,residential,India
1,2024-09-03,381.07,residential,India
1,2024-09-04,392.29,residential,India
1,2024-09-05,392.45,residential,India
1,2024-09-06,394.24,residential,India
1,2024-09-07,368.12,residential,India
1,2024-09-08,350.03,residential,India
1,2024-09-09,367.95,residential,India
1,2024-09-10,366.7,residential,India
1,2024-09-11,349.58,residential,India
1,2024-09-12,372.04,residential,India
1,2024-09-13,401.5,residential,India
1,2024-09-14,385.57,residential,India
1,2024-09-15,392.85,residential,India
1,2024-09-16,377.65,residential,India
1,2024-09-17,333.67,residential,India
1,2024-09-18,366.03,residential,India
1,2024-09-19,346.95,residential,India
1,2024-09-20,385.72,residential,India
1,2024-09-21,385.19,residential,India
1,2024-09-22,366.06,residential,India
1,2024-09-23,396.6,residential,India
1,2024-09-24,369.88,residential,India
1,2024-09-25,365.95,residential,India
1,2024-09-26,415.62,residential,India
1,2024-09-27,390.48,residential,India
1,2024-09-28,369.36,residential,India
1,2024-09-29,377.57,residential,India
1,2024-09-30,390.74,residential,India
1,2024-10-01,401.29,residential,India
1,2024-10-02,369.41,residential,India
1,2024-10-03,385.21,residential,India
1,2024-10-04,388.59,residential,India
1,2024-10-05,376.11,residential,India
1,2024-10-06,385.01,residential,India
1,2024-10-07,363.95,residential,India
1,2024-10-08,379.24,residential,India
1,2024-10-09,379.16,residential,India
1,2024-10-10,423.97,residential,India
1,2024-10-11,377.17,residential,India
1,2024-10-12,400.42,residential,India
1,2024-10-13,378.54,residential,India
1,2024-10-14,405.24,residential,India
1,2024-10-15,410.01,residential,India
1,2024-10-16,350.33,residential,India
1,2024-10-17,342.36,residential,India
1,2024-10-18,368.35,residential,India
1,2024-10-19,375.39,residential,India
1,2024-10-20,357.86,residential,India
1,2024-10-21,390.76,residential,India
1,2024-10-22,368.08,residential,India
1,2024-10-23,402.71,residential,India
1,2024-10-24,391.25,residential,India
1,2024-10-25,390.63,residential,India
1,2024-10-26,390.16,residential,India
1,2024-10-27,414.9,residential,India
1,2024-10-28,366.64,residential,India
1,2024-10-29,386.84,residential,India
1,2024-10-30,385.42,residential,India
1,2024-10-31,404.53,residential,India
1,2024-11-01,375.37,residential,India
1,2024-11-02,393.73,residential,India
1,2024-11-03,380.96,residential,India
1,2024-11-04,343.67,residential,India
1,2024-11-05,362.72,residential,India
1,2024-11-06,390.49,residential,India
1,2024-11-07,365.68,residential,India
1,2024-11-08,376.61,residential,India
1,2024-11-09,372.65,residential,India
1,2024-11-10,407.71,residential,India
1,2024-11-11,384.7,residential,India
1,2024-11-12,377.66,residential,India
1,2024-11-13,383.91,residential,India
1,2024-11-14,368.87,residential,India
1,2024-11-15,405.38,residential,India
1,2024-11-16,382.38,residential,India
1,2024-11-17,375.69,residential,India
1,2024-11-18,376.15,residential,India
1,2024-11-19,355.57,residential,India
1,2024-11-20,384.34,residential,India
1,2024-11-21,373.98,residential,India
1,2024-11-22,374.52,residential,India
1,2024-11-23,358.17,residential,India
1,2024-11-24,364.46,residential,India
1,2024-11-25,339.35,residential,India
1,2024-11-26,351.42,residential,India
1,2024-11-27,350.48,residential,India
1,2024-11-28,363.31,residential,India
1,2024-11-29,350.61,residential,India
1,2024-11-30,370.1,residential,India
1,2024-12-01,399.37,residential,India
1,2024-12-02,372.01,residential,India
1,2024-12-03,349.39,residential,India
1,2024-12-04,411.09,residential,India
1,2024-12-05,332.55,residential,India
1,2024-12-06,380.9,residential,India
1,2024-12-07,365.18,residential,India
1,2024-12-08,367.87,residential,India
1,2024-12-09,368.47,residential,India
1,2024-12-10,361.37,residential,India
1,2024-12-11,414.3,residential,India
1,2024-12-12,403.73,residential,India
1,2024-12-13,360.42,residential,India
1,2024-12-14,398.15,residential,India
1,2024-12-15,421.45,residential,India
1,2024-12-16,361.31,residential,India
1,2024-12-17,383.52,residential,India
1,2024-12-18,411.62,residential,India
1,2024-12-19,389.77,residential,India
1,2024-12-20,370.7,residential,India
1,2024-12-21,384.41,residential,India
1,2024-12-22,371.67,residential,India
1,2024-12-23,381.18,residential,India
1,2024-12-24,401.38,residential,India
1,2024-12-25,387.21,residential,India
1,2024-12-26,396.09,residential,India
1,2024-12-27,414.03,residential,India
1,2024-12-28,362.53,residential,India
1,2024-12-29,389.36,residential,India
1,2024-12-30,354.54,residential,India
1,2024-12-31,364.61,residential,India
1,2025-01-01,404.49,residential,India
1,2025-01-02,392.05,residential,India
1,2025-01-03,416.59,residential,India
1,2025-01-04,369.31,residential,India
1,2025-01-05,338.3,residential,India
1,2025-01-06,369.81,residential,India
1,2025-01-07,353.85,residential,India
1,2025-01-08,426.96,residential,India
1,2025-01-09,389.39,residential,India
1,2025-01-10,337.7,residential,India
1,2025-01-11,415.46,residential,India
1,2025-01-12,396.12,residential,India
1,2025-01-13,360.87,residential,India
1,2025-01-14,392.5,residential,India
1,2025-01-15,415.22,residential,India
1,2025-01-16,399.1,residential,India
1,2025-01-17,365.94,residential,India
1,2025-01-18,412.2,residential,India
1,2025-01-19,356.51,residential,India
1,2025-01-20,384.85,residential,India
1,2025-01-21,374.37,residential,India
1,2025-01-22,379.28,residential,India
1,2025-01-23,347.7,residential,India
1,2025-01-24,346.33,residential,India
1,2025-01-25,379.75,residential,India
1,2025-01-26,371.37,residential,India
1,2025-01-27,410.37,residential,India
1,2025-01-28,361.39,residential,India
1,2025-01-29,395.94,residential,India
1,2025-01-30,358.2,residential,India
1,2025-01-31,386.46,residential,India
1,2025-02-01,388.12,residential,India
1,2025-02-02,384.16,residential,India
1,2025-02-03,404.02,residential,India
1,2025-02-04,365.15,residential,India
1,2025-02-05,359.37,residential,India
1,2025-02-06,371.63,residential,India
1,2025-02-07,355.58,residential,India
1,2025-02-08,382.42,residential,India
1,2025-02-09,398.59,residential,India
1,2025-02-10,380.25,residential,India
1,2025-02-11,410.76,residential,India
1,2025-02-12,406.46,residential,India
1,2025-02-13,348.92,residential,India
1,2025-02-14,353.1,residential,India
1,2025-02-15,344.03,residential,India
1,2025-02-16,343.19,residential,India
1,2025-02-17,395.6,residential,India
1,2025-02-18,355.01,residential,India
1,2025-02-19,426.22,residential,India
1,2025-02-20,341.99,residential,India
1,2025-02-21,409.39,residential,India
1,2025-02-22,373.28,residential,India
1,2025-02-23,379.18,residential,India
1,2025-02-24,395.77,residential,India
1,2025-02-25,407.69,residential,India
1,2025-02-26,373.17,residential,India
1,2025-02-27,369.59,residential,India
1,2025-02-28,371.44,residential,India
1,2025-03-01,367.56,residential,India
1,2025-03-02,377.64,residential,India
1,2025-03-03,357.57,residential,India
1,2025-03-04,347.39,residential,India
1,2025-03-05,380.84,residential,India
1,2025-03-06,431.21,residential,India
1,2025-03-07,411.09,residential,India
1,2025-03-08,358.54,residential,India
1,2025-03-09,375.75,residential,India
1,2025-03-10,389.78,residential,India
1,2025-03-11,354.51,residential,India
1,2025-03-12,353.37,residential,India
1,2025-03-13,400.98,residential,India
1,2025-03-14,373.85,residential,India
1,2025-03-15,341.67,residential,India
1,2025-03-16,376.72,residential,India
1,2025-03-17,389.03,residential,India
1,2025-03-18,356.87,residential,India
1,2025-03-19,376.12,residential,India
1,2025-03-20,384.31,residential,India
1,2025-03-21,391.84,residential,India
1,2025-03-22,360.65,residential,India
1,2025-03-23,360.95,residential,India
1,2025-03-24,395.37,residential,India
1,2025-03-25,383.16,residential,India
1,2025-03-26,349.87,residential,India
1,2025-03-27,378.2,residential,India
1,2025-03-28,415.42,residential,India
1,2025-03-29,383.33,residential,India
1,2025-03-30,370.87,residential,India
1,2025-03-31,383.48,residential,India
1,2025-04-01,351.31,residential,India
1,2025-04-02,378.69,residential,India
1,2025-04-03,400.68,residential,India
1,2025-04-04,361.72,residential,India
1,2025-04-05,372.82,residential,India
1,2025-04-06,405.61,residential,India
1,2025-04-07,388.69,residential,India
1,2025-04-08,373.34,residential,India
1,2025-04-09,390.16,residential,India
1,2025-04-10,389.44,residential,India
1,2025-04-11,377.01,residential,India
1,2025-04-12,381.7,residential,India
1,2025-04-13,392.39,residential,India
1,2025-04-14,415.71,residential,India
1,2025-04-15,391.68,residential,India
1,2025-04-16,400.74,residential,India
1,2025-04-17,358.85,residential,India
1,2025-04-18,398.83,residential,India
1,2025-04-19,383.17,residential,India
1,2025-04-20,360.29,residential,India
1,2025-04-21,371.13,residential,India
1,2025-04-22,379.03,residential,India
1,2025-04-23,401.59,residential,India
1,2025-04-24,353.02,residential,India
1,2025-04-25,354.61,residential,India
1,2025-04-26,347.29,residential,India
1,2025-04-27,363.31,residential,India
1,2025-04-28,358.48,residential,India
1,2025-04-29,400.47,residential,India
1,2025-04-30,380.73,residential,India
1,2025-05-01,363.8,residential,India
1,2025-05-02,382.83,residential,India
1,2025-05-03,374.45,residential,India
1,2025-05-04,382.58,residential,India
1,2025-05-05,392.77,residential,India
1,2025-05-06,411.71,residential,India
1,2025-05-07,364.01,residential,India
1,2025-05-08,359.51,residential,India
1,2025-05-09,417.51,residential,India
1,2025-05-10,382.55,residential,India
1,2025-05-11,391.42,residential,India
1,2025-05-12,380.88,residential,India
1,2025-05-13,375.82,residential,India
1,2025-05-14,341.98,residential,India
1,2025-05-15,385.72,residential,India
1,2025-05-16,370.33,residential,India
1,2025-05-17,387.48,residential,India
1,2025-05-18,386.26,residential,India
1,2025-05-19,381.71,residential,India
1,2025-05-20,417.66,residential,India
1,2025-05-21,360.95,residential,India
1,2025-05-22,381.42,residential,India
1,2025-05-23,388.88,residential,India
1,2025-05-24,362.56,residential,India
1,2025-05-25,357.43,residential,India
1,2025-05-26,383.07,residential,India
1,2025-05-27,371.88,residential,India
1,2025-05-28,387.97,residential,India
1,2025-05-29,383.27,residential,India
1,2025-05-30,385.68,residential,India
1,2025-05-31,374.75,residential,India
1,2025-06-01,396.6,residential,India
1,2025-06-02,378.82,residential,India
1,2025-06-03,367.25,residential,India
1,2025-06-04,380.35,residential,India
1,2025-06-05,365.95,residential,India
1,2025-06-06,349.11,residential,India
1,2025-06-07,413.25,residential,India
1,2025-06-08,356.04,residential,India
1,2025-06-09,379.91,residential,India
1,2025-06-10,393.83,residential,India
1,2025-06-11,374.65,residential,India
1,2025-06-12,381.04,residential,India
1,2025-06-13,353.24,residential,India
1,2025-06-14,401.15,residential,India
1,2025-06-15,377.54,residential,India
1,2025-06-16,406.16,residential,India
1,2025-06-17,396.16,residential,India
1,2025-06-18,380.44,residential,India
1,2025-06-19,396.07,residential,India
1,2025-06-20,373.2,residential,India
1,2025-06-21,377.8,residential,India
1,2025-06-22,397.78,residential,India
1,2025-06-23,388.98,residential,India
1,2025-06-24,408.64,residential,India
1,2025-06-25,393.68,residential,India
1,2025-06-26,375.85,residential,India
1,2025-06-27,383.38,residential,India
1,2025-06-28,371.56,residential,India
1,2025-06-29,356.64,residential,India
1,2025-06-30,391.85,residential,India
1,2025-07-01,353.66,residential,India
1,2025-07-02,408.59,residential,India
1,2025-07-03,376.44,residential,India
1,2025-07-04,385.43,residential,India
1,2025-07-05,369.54,residential,India
1,2025-07-06,350.1,residential,India
1,2025-07-07,393.11,residential,India
1,2025-07-08,396.98,residential,India
1,2025-07-09,411.73,residential,India
1,2025-07-10,417.0,residential,India
1,2025-07-11,407.05,residential,India
1,2025-07-12,366.48,residential,India
1,2025-07-13,382.89,residential,India
1,2025-07-14,367.48,residential,India
1,2025-07-15,391.94,residential,India
1,2025-07-16,362.77,residential,India
1,2025-07-17,428.18,residential,India
1,2025-07-18,416.14,residential,India
1,2025-07-19,381.99,residential,India
1,2025-07-20,392.29,residential,India
1,2025-07-21,365.23,residential,India
1,2025-07-22,377.85,residential,India
1,2025-07-23,423.5,residential,India
1,2025-07-24,380.77,residential,India
1,2025-07-25,387.26,residential,India
1,2025-07-26,402.91,residential,India
1,2025-07-27,402.86,residential,India
1,2025-07-28,402.23,residential,India
1,2025-07-29,402.42,residential,India
1,2025-07-30,371.52,residential,India
1,2025-07-31,412.75,residential,India
1,2025-08-01,382.46,residential,India
1,2025-08-02,378.54,residential,India
1,2025-08-03,366.66,residential,India
1,2025-08-04,380.22,residential,India
1,2025-08-05,357.56,residential,India
1,2025-08-06,400.92,residential,India
1,2025-08-07,400.55,residential,India
1,2025-08-08,383.6,residential,India
1,2025-08-09,376.54,residential,India
1,2025-08-10,390.73,residential,India
1,2025-08-11,360.01,residential,India
1,2025-08-12,394.3,residential,India
1,2025-08-13,412.1,residential,India
1,2025-08-14,352.11,residential,India
1,2025-08-15,403.78,residential,India
1,2025-08-16,414.43,residential,India
1,2025-08-17,413.01,residential,India
1,2025-08-18,410.7,residential,India
1,2025-08-19,355.49,residential,India
1,2025-08-20,436.88,residential,India
1,2025-08-21,354.41,residential,India
1,2025-08-22,368.82,residential,India
1,2025-08-23,377.88,residential,India
1,2025-08-24,395.82,residential,India
1,2025-08-25,374.41,residential,India
1,2025-08-26,382.9,residential,India
1,2025-08-27,374.38,residential,India
1,2025-08-28,416.4,residential,India
1,2025-08-29,397.6,residential,India
1,2025-08-30,387.7,residential,India
1,2025-08-31,361.17,residential,India
1,2025-09-01,424.66,residential,India
1,2025-09-02,433.88,residential,India
1,2025-09-03,369.32,residential,India
1,2025-09-04,402.51,residential,India
1,2025-09-05,398.91,residential,India
1,2025-09-06,385.04,residential,India
1,2025-09-07,402.52,residential,India
1,2025-09-08,428.72,residential,India
1,2025-09-09,428.03,residential,India
1,2025-09-10,394.9,residential,India
1,2025-09-11,409.5,residential,India
1,2025-09-12,396.14,residential,India
1,2025-09-13,383.24,residential,India
1,2025-09-14,386.21,residential,India
1,2025-09-15,382.94,residential,India
1,2025-09-16,413.89,residential,India
1,2025-09-17,402.63,residential,India
1,2025-09-18,396.51,residential,India
1,2025-09-19,387.33,residential,India
1,2025-09-20,396.34,residential,India
1,2025-09-21,360.95,residential,India
1,2025-09-22,363.09,residential,India
1,2025-09-23,388.96,residential,India
1,2025-09-24,361.05,residential,India
1,2025-09-25,410.88,residential,India
1,2025-09-26,388.16,residential,India
1,2025-09-27,421.05,residential,India
1,2025-09-28,405.26,residential,India
1,2025-09-29,400.69,residential,India
1,2025-09-30,406.23,residential,India
1,2025-10-01,409.31,residential,India
1,2025-10-02,390.35,residential,India
1,2025-10-03,371.56,residential,India
1,2025-10-04,392.49,residential,India
1,2025-10-05,421.24,residential,India
1,2025-10-06,400.14,residential,India
1,2025-10-07,400.25,residential,India
1,2025-10-08,406.78,residential,India
1,2025-10-09,374.12,residential,India
1,2025-10-10,384.89,residential,India
1,2025-10-11,388.09,residential,India
1,2025-10-12,382.59,residential,India
1,2025-10-13,385.38,residential,India
1,2025-10-14,402.08,residential,India
1,2025-10-15,353.84,residential,India
1,2025-10-16,403.21,residential,India
1,2025-10-17,391.2,residential,India
1,2025-10-18,396.32,residential,India
1,2025-10-19,398.64,residential,India
1,2025-10-20,396.59,residential,India
1,2025-10-21,383.65,residential,India
1,2025-10-22,400.87,residential,India
1,2025-10-23,375.83,residential,India
1,2025-10-24,405.9,residential,India
1,2025-10-25,384.41,residential,India
1,2025-10-26,368.2,residential,India
1,2025-10-27,373.21,residential,India
1,2025-10-28,399.48,residential,India
1,2025-10-29,395.98,residential,India
1,2025-10-30,402.29,residential,India
1,2025-10-31,372.61,residential,India
1,2025-11-01,413.28,residential,India
1,2025-11-02,393.57,residential,India
1,2025-11-03,366.82,residential,India
1,2025-11-04,363.05,residential,India
1,2025-11-05,410.97,residential,India
1,2025-11-06,406.56,residential,India
1,2025-11-07,371.29,residential,India
1,2025-11-08,384.63,residential,India
1,2025-11-09,392.51,residential,India
1,2025-11-10,382.37,residential,India
1,2025-11-11,390.09,residential,India
1,2025-11-12,439.81,residential,India
1,2025-11-13,419.31,residential,India
1,2025-11-14,384.01,residential,India
1,2025-11-15,434.3,residential,India
1,2025-11-16,364.15,residential,India
1,2025-11-17,402.61,residential,India
1,2025-11-18,409.98,residential,India
1,2025-11-19,367.32,residential,India
1,2025-11-20,375.46,residential,India
1,2025-11-21,379.31,residential,India
1,2025-11-22,377.53,residential,India
1,2025-11-23,405.4,residential,India
1,2025-11-24,433.56,residential,India
1,2025-11-25,426.82,residential,India
1,2025-11-26,409.19,residential,India
1,2025-11-27,425.28,residential,India
1,2025-11-28,421.66,residential,India
1,2025-11-29,407.57,residential,India
1,2025-11-30,395.1,residential,India
1,2025-12-01,367.46,residential,India
1,2025-12-02,405.65,residential,India
1,2025-12-03,453.17,residential,India
1,2025-12-04,384.27,residential,India
1,2025-12-05,380.09,residential,India
1,2025-12-06,411.76,residential,India
1,2025-12-07,396.06,residential,India
1,2025-12-08,400.0,residential,India
1,2025-12-09,386.99,residential,India
1,2025-12-10,394.38,residential,India
1,2025-12-11,366.13,residential,India
1,2025-12-12,392.7,residential,India
1,2025-12-13,379.64,residential,India
1,2025-12-14,411.14,residential,India
1,2025-12-15,425.1,residential,India
1,2025-12-16,370.21,residential,India
1,2025-12-17,401.03,residential,India
1,2025-12-18,386.2,residential,India
1,2025-12-19,430.03,residential,India
1,2025-12-20,391.89,residential,India
1,2025-12-21,362.04,residential,India
1,2025-12-22,421.23,residential,India
1,2025-12-23,390.95,residential,India
1,2025-12-24,396.19,residential,India
1,2025-12-25,393.91,residential,India
1,2025-12-26,413.62,residential,India
1,2025-12-27,410.89,residential,India
1,2025-12-28,437.78,residential,India
1,2025-12-29,387.32,residential,India
1,2025-12-30,417.1,residential,India
1,2025-12-31,390.98,residential,India
1,2026-01-01,392.3,residential,India
1,2026-01-02,382.62,residential,India
1,2026-01-03,380.67,residential,India
1,2026-01-04,433.72,residential,India
1,2026-01-05,420.42,residential,India
1,2026-01-06,409.89,residential,India
1,2026-01-07,406.74,residential,India
1,2026-01-08,427.17,residential,India
1,2026-01-09,415.87,residential,India
1,2026-01-10,400.79,residential,India
1,2026-01-11,409.81,residential,India
1,2026-01-12,384.49,residential,India
1,2026-01-13,428.15,residential,India
1,2026-01-14,397.07,residential,India
1,2026-01-15,407.01,residential,India
1,2026-01-16,407.46,residential,India
1,2026-01-17,421.05,residential,India
1,2026-01-18,400.41,residential,India
1,2026-01-19,435.38,residential,India
1,2026-01-20,410.65,residential,India
1,2026-01-21,431.99,residential,India
1,2026-01-22,410.35,residential,India
1,2026-01-23,386.84,residential,India
1,2026-01-24,440.68,residential,India
1,2026-01-25,398.11,residential,India
1,2026-01-26,373.83,residential,India
1,2026-01-27,408.78,residential,India
1,2026-01-28,408.12,residential,India
1,2026-01-29,420.54,residential,India
1,2026-01-30,407.03,residential,India
1,2026-01-31,432.67,residential,India
1,2026-02-01,390.73,residential,India
1,2026-02-02,416.93,residential,India
1,2026-02-03,411.22,residential,India
1,2026-02-04,405.59,residential,India
1,2026-02-05,417.41,residential,India
1,2026-02-06,436.68,residential,India
1,2026-02-07,388.96,residential,India
1,2026-02-08,419.46,residential,India
1,2026-02-09,404.77,residential,India
1,2026-02-10,403.07,residential,India
1,2026-02-11,410.64,residential,India
1,2026-02-12,402.71,residential,India
1,2026-02-13,406.94,residential,India
1,2026-02-14,413.33,residential,India
1,2026-02-15,387.84,residential,India
1,2026-02-16,411.43,residential,India
1,2026-02-17,404.88,residential,India
1,2026-02-18,409.01,residential,India
1,2026-02-19,394.99,residential,India
1,2026-02-20,373.45,residential,India
1,2026-02-21,427.7,residential,India
1,2026-02-22,429.64,residential,India
1,2026-02-23,400.45,residential,India
1,2026-02-24,390.62,residential,India
1,2026-02-25,397.9,residential,India
1,2026-02-26,447.79,residential,India
1,2026-02-27,376.9,residential,India
1,2026-02-28,422.87,residential,India
1,2026-03-01,415.11,residential,India
1,2026-03-02,418.09,residential,India
1,2026-03-03,392.71,residential,India
1,2026-03-04,387.07,residential,India
1,2026-03-05,400.62,residential,India
1,2026-03-06,390.8,residential,India
1,2026-03-07,415.19,residential,India
1,2026-03-08,394.43,residential,India
1,2026-03-09,424.48,residential,India
1,2026-03-10,392.69,residential,India
1,2026-03-11,412.06,residential,India
1,2026-03-12,419.86,residential,India
1,2026-03-13,444.92,residential,India
1,2026-03-14,404.73,residential,India
1,2026-03-15,440.13,residential,India
1,2026-03-16,411.2,residential,India
1,2026-03-17,424.67,residential,India
1,2026-03-18,416.38,residential,India
1,2026-03-19,406.83,residential,India
1,2026-03-20,375.65,residential,India
1,2026-03-21,363.71,residential,India
1,2026-03-22,381.18,residential,India
1,2026-03-23,410.65,residential,India
1,2026-03-24,373.15,residential,India
1,2026-03-25,418.35,residential,India
1,2026-03-26,445.29,residential,India
1,2026-03-27,379.23,residential,India
1,2026-03-28,393.04,residential,India
1,2026-03-29,415.78,residential,India
1,2026-03-30,424.29,residential,India
1,2026-03-31,419.88,residential,India
1,2026-04-01,387.36,residential,India
1,2026-04-02,400.02,residential,India
1,2026-04-03,387.06,residential,India
1,2026-04-04,400.8,residential,India
1,2026-04-05,408.11,residential,India
1,2026-04-06,426.69,residential,India
1,2026-04-07,406.37,residential,India
1,2026-04-08,434.48,residential,India
1,2026-04-09,396.6,residential,India
1,2026-04-10,371.8,residential,India
1,2026-04-11,443.85,residential,India
1,2026-04-12,394.12,residential,India
1,2026-04-13,414.82,residential,India
1,2026-04-14,417.82,residential,India
1,2026-04-15,415.72,residential,India
1,2026-04-16,428.08,residential,India
1,2026-04-17,421.44,residential,India
1,2026-04-18,423.35,residential,India
1,2026-04-19,444.17,residential,India
1,2026-04-20,418.61,residential,India
1,2026-04-21,388.84,residential,India
1,2026-04-22,433.59,residential,India
1,2026-04-23,443.59,residential,India
1,2026-04-24,402.73,residential,India
1,2026-04-25,402.17,residential,India
1,2026-04-26,416.97,residential,India
1,2026-04-27,404.06,residential,India
1,2026-04-28,380.23,residential,India
1,2026-04-29,422.54,residential,India
1,2026-04-30,373.26,residential,India
1,2026-05-01,447.75,residential,India
1,2026-05-02,428.19,residential,India
1,2026-05-03,404.46,residential,India
1,2026-05-04,422.37,residential,India
1,2026-05-05,404.28,residential,India
1,2026-05-06,425.54,residential,India
1,2026-05-07,402.66,residential,India
1,2026-05-08,413.55,residential,India
1,2026-05-09,406.85,residential,India
1,2026-05-10,398.94,residential,India
1,2026-05-11,430.23,residential,India
1,2026-05-12,449.94,residential,India
1,2026-05-13,391.28,residential,India
1,2026-05-14,429.35,residential,India
1,2026-05-15,432.07,residential,India
1,2026-05-16,433.06,residential,India
1,2026-05-17,383.16,residential,India
1,2026-05-18,434.17,residential,India
1,2026-05-19,441.54,residential,India
1,2026-05-20,413.39,residential,India
1,2026-05-21,412.35,residential,India
1,2026-05-22,433.94,residential,India
1,2026-05-23,414.42,residential,India
1,2026-05-24,408.03,residential,India
1,2026-05-25,443.68,residential,India
1,2026-05-26,391.65,residential,India
1,2026-05-27,427.84,residential,India
1,2026-05-28,431.04,residential,India
1,2026-05-29,382.89,residential,India
1,2026-05-30,413.44,residential,India
1,2026-05-31,424.85,residential,India
1,2026-06-01,408.83,residential,India
1,2026-06-02,448.66,residential,India
1,2026-06-03,438.8,residential,India
1,2026-06-04,429.7,residential,India
1,2026-06-05,396.24,residential,India
1,2026-06-06,405.97,residential,India
1,2026-06-07,413.22,residential,India
1,2026-06-08,423.14,residential,India
1,2026-06-09,419.22,residential,India
1,2026-06-10,417.6,residential,India
1,2026-06-11,439.41,residential,India
1,2026-06-12,461.46,residential,India
1,2026-06-13,437.93,residential,India
1,2026-06-14,424.78,residential,India
1,2026-06-15,393.23,residential,India
1,2026-06-16,449.39,residential,India
1,2026-06-17,404.28,residential,India
1,2026-06-18,447.16,residential,India
1,2026-06-19,426.31,residential,India
1,2026-06-20,401.69,residential,India
1,2026-06-21,423.46,residential,India
1,2026-06-22,418.7,residential,India
1,2026-06-23,415.69,residential,India
1,2026-06-24,451.4,residential,India
1,2026-06-25,437.2,residential,India
1,2026-06-26,436.42,residential,India
1,2026-06-27,384.19,residential,India
1,2026-06-28,416.75,residential,India
1,2026-06-29,440.25,residential,India
1,2026-06-30,387.65,residential,India
1,2026-07-01,433.39,residential,India
1,2026-07-02,447.86,residential,India
1,2026-07-03,420.06,residential,India
1,2026-07-04,389.68,residential,India
1,2026-07-05,420.24,residential,India
1,2026-07-06,437.6,residential,India
1,2026-07-07,414.94,residential,India
1,2026-07-08,428.52,residential,India
1,2026-07-09,411.49,residential,India
1,2026-07-10,427.01,residential,India
1,2026-07-11,415.58,residential,India
1,2026-07-12,429.89,residential,India
1,2026-07-13,440.81,residential,India
1,2026-07-14,410.22,residential,India
1,2026-07-15,457.5,residential,India
1,2026-07-16,403.56,residential,India
1,2026-07-17,436.6,residential,India
1,2026-07-18,437.98,residential,India
1,2026-07-19,420.91,residential,India
1,2026-07-20,410.96,residential,India
1,2026-07-21,411.86,residential,India
1,2026-07-22,382.01,residential,India
1,2026-07-23,399.9,residential,India
1,2026-07-24,421.73,residential,India
1,2026-07-25,443.31,residential,India
1,2026-07-26,441.67,residential,India
1,2026-07-27,416.18,residential,India
1,2026-07-28,435.51,residential,India
1,2026-07-29,391.43,residential,India
1,2026-07-30,430.09,residential,India
1,2026-07-31,432.18,residential,India
1,2026-08-01,419.53,residential,India
1,2026-08-02,453.19,residential,India
1,2026-08-03,437.01,residential,India
1,2026-08-04,444.14,residential,India
1,2026-08-05,408.4,residential,India
1,2026-08-06,403.09,residential,India
1,2026-08-07,452.49,residential,India
1,2026-08-08,434.02,residential,India
1,2026-08-09,425.2,residential,India
1,2026-08-10,425.79,residential,India
1,2026-08-11,424.12,residential,India
1,2026-08-12,436.57,residential,India
1,2026-08-13,413.44,residential,India
1,2026-08-14,418.57,residential,India
1,2026-08-15,412.2,residential,India
1,2026-08-16,454.69,residential,India
1,2026-08-17,450.52,residential,India
1,2026-08-18,472.22,residential,India
1,2026-08-19,412.77,residential,India
1,2026-08-20,392.33,residential,India
1,2026-08-21,417.34,residential,India
1,2026-08-22,440.1,residential,India
1,2026-08-23,440.87,residential,India
1,2026-08-24,411.46,residential,India
1,2026-08-25,441.44,residential,India
1,2026-08-26,437.17,residential,India
1,2026-08-27,416.23,residential,India
1,2026-08-28,466.39,residential,India
1,2026-08-29,427.76,residential,India
1,2026-08-30,421.53,residential,India
1,2026-08-31,449.8,residential,India
1,2026-09-01,427.86,residential,India
1,2026-09-02,456.98,residential,India
1,2026-09-03,404.55,residential,India
1,2026-09-04,443.65,residential,India
1,2026-09-05,448.63,residential,India
1,2026-09-06,423.32,residential,India
1,2026-09-07,403.85,residential,India
1,2026-09-08,443.87,residential,India
1,2026-09-09,415.03,residential,India
1,2026-09-10,425.73,residential,India
1,2026-09-11,454.19,residential,India
1,2026-09-12,437.69,residential,India
1,2026-09-13,440.53,residential,India
1,2026-09-14,453.68,residential,India
1,2026-09-15,426.51,residential,India
1,2026-09-16,477.61,residential,India
1,2026-09-17,441.48,residential,India
1,2026-09-18,424.16,residential,India
1,2026-09-19,388.53,residential,India
1,2026-09-20,415.29,residential,India
1,2026-09-21,450.7,residential,India
1,2026-09-22,445.6,residential,India
1,2026-09-23,417.92,residential,India
1,2026-09-24,445.45,residential,India
1,2026-09-25,462.82,residential,India
1,2026-09-26,433.47,residential,India
1,2026-09-27,454.76,residential,India
1,2026-09-28,442.23,residential,India
1,2026-09-29,426.46,residential,India
1,2026-09-30,440.54,residential,India
1,2026-10-01,423.02,residential,India
1,2026-10-02,413.37,residential,India
1,2026-10-03,407.76,residential,India
1,2026-10-04,431.02,residential,India
1,2026-10-05,406.48,residential,India
1,2026-10-06,449.85,residential,India
1,2026-10-07,429.65,residential,India
1,2026-10-08,398.37,residential,India
1,2026-10-09,457.17,residential,India
1,2026-10-10,434.18,residential,India
1,2026-10-11,430.7,residential,India
1,2026-10-12,417.87,residential,India
1,2026-10-13,457.29,residential,India
1,2026-10-14,417.13,residential,India
1,2026-10-15,432.8,residential,India
1,2026-10-16,427.89,residential,India
1,2026-10-17,409.18,residential,India
1,2026-10-18,448.27,residential,India
1,2026-10-19,448.16,residential,India
1,2026-10-20,438.19,residential,India
1,2026-10-21,442.85,residential,India
1,2026-10-22,435.37,residential,India
1,2026-10-23,471.81,residential,India
1,2026-10-24,451.27,residential,India
1,2026-10-25,428.47,residential,India
1,2026-10-26,432.79,residential,India
1,2026-10-27,431.16,residential,India
1,2026-10-28,410.89,residential,India
1,2026-10-29,462.1,residential,India
1,2026-10-30,433.56,residential,India
1,2026-10-31,417.79,residential,India
1,2026-11-01,444.67,residential,India
1,2026-11-02,430.67,residential,India
1,2026-11-03,441.26,residential,India
1,2026-11-04,464.33,residential,India
1,2026-11-05,441.54,residential,India
1,2026-11-06,450.41,residential,India
1,2026-11-07,451.1,residential,India
1,2026-11-08,418.39,residential,India
1,2026-11-09,439.82,residential,India
1,2026-11-10,413.57,residential,India
1,2026-11-11,448.36,residential,India
1,2026-11-12,435.18,residential,India
1,2026-11-13,449.01,residential,India
1,2026-11-14,476.29,residential,India
1,2026-11-15,436.13,residential,India
1,2026-11-16,457.01,residential,India
1,2026-11-17,430.5,residential,India
1,2026-11-18,437.81,residential,India
1,2026-11-19,462.97,residential,India
1,2026-11-20,433.02,residential,India
1,2026-11-21,433.03,residential,India
1,2026-11-22,448.79,residential,India
1,2026-11-23,445.01,residential,India
1,2026-11-24,436.74,residential,India
1,2026-11-25,451.23,residential,India
1,2026-11-26,441.93,residential,India
1,2026-11-27,434.69,residential,India
1,2026-11-28,444.7,residential,India
1,2026-11-29,427.69,residential,India
1,2026-11-30,443.51,residential,India
1,2026-12-01,429.12,residential,India
1,2026-12-02,444.78,residential,India
1,2026-12-03,419.39,residential,India
1,2026-12-04,460.97,residential,India
1,2026-12-05,424.63,residential,India
1,2026-12-06,443.97,residential,India
1,2026-12-07,439.73,residential,India
1,2026-12-08,428.98,residential,India
1,2026-12-09,434.16,residential,India
1,2026-12-10,445.58,residential,India
1,2026-12-11,462.76,residential,India
1,2026-12-12,468.98,residential,India
1,2026-12-13,421.91,residential,India
1,2026-12-14,456.44,residential,India
1,2026-12-15,449.54,residential,India
1,2026-12-16,424.23,residential,India
1,2026-12-17,453.84,residential,India
1,2026-12-18,461.75,residential,India
1,2026-12-19,443.06,residential,India
1,2026-12-20,436.54,residential,India
1,2026-12-21,455.2,residential,India
1,2026-12-22,460.49,residential,India
1,2026-12-23,454.01,residential,India
1,2026-12-24,450.47,residential,India
1,2026-12-25,472.2,residential,India
1,2026-12-26,428.04,residential,India
1,2026-12-27,460.18,residential,India
1,2026-12-28,452.37,residential,India
1,2026-12-29,444.44,residential,India
1,2026-12-30,466.79,residential,India
1,2026-12-31,446.93,residential,India
1,2027-01-01,449.53,residential,India
1,2027-01-02,440.93,residential,India
1,2027-01-03,457.0,residential,India
1,2027-01-04,423.6,residential,India
1,2027-01-05,453.63,residential,India
1,2027-01-06,460.6,residential,India
1,2027-01-07,440.3,residential,India
1,2027-01-08,464.68,residential,India
1,2027-01-09,444.34,residential,India
1,2027-01-10,432.48,residential,India
1,2027-01-11,460.66,residential,India
1,2027-01-12,461.53,residential,India
1,2027-01-13,414.21,residential,India
1,2027-01-14,433.5,residential,India
1,2027-01-15,478.34,residential,India
1,2027-01-16,431.46,residential,India
1,2027-01-17,446.05,residential,India
1,2027-01-18,435.06,residential,India
1,2027-01-19,419.37,residential,India
1,2027-01-20,430.4,residential,India
1,2027-01-21,467.85,residential,India
1,2027-01-22,442.78,residential,India
1,2027-01-23,400.36,residential,India
1,2027-01-24,428.58,residential,India
1,2027-01-25,441.88,residential,India
1,2027-01-26,458.45,residential,India
1,2027-01-27,484.97,residential,India
1,2027-01-28,412.62,residential,India
1,2027-01-29,452.41,residential,India
1,2027-01-30,450.2,residential,India
1,2027-01-31,488.26,residential,India
1,2027-02-01,465.92,residential,India
1,2027-02-02,448.74,residential,India
1,2027-02-03,472.32,residential,India
1,2027-02-04,470.17,residential,India
1,2027-02-05,469.84,residential,India
1,2027-02-06,434.86,residential,India
1,2027-02-07,444.75,residential,India
1,2027-02-08,461.83,residential,India
1,2027-02-09,446.44,residential,India
1,2027-02-10,439.92,residential,India
1,2027-02-11,478.38,residential,India
1,2027-02-12,435.8,residential,India
1,2027-02-13,458.5,residential,India
1,2027-02-14,442.32,residential,India
1,2027-02-15,447.2,residential,India
1,2027-02-16,481.17,residential,India
1,2027-02-17,459.39,residential,India
1,2027-02-18,437.16,residential,India
1,2027-02-19,397.15,residential,India
1,2027-02-20,448.1,residential,India
1,2027-02-21,469.26,residential,India
1,2027-02-22,445.78,residential,India
1,2027-02-23,450.28,residential,India
1,2027-02-24,469.64,residential,India
1,2027-02-25,459.82,residential,India
1,2027-02-26,467.88,residential,India
1,2027-02-27,456.35,residential,India
1,2027-02-28,441.57,residential,India
1,2027-03-01,463.92,residential,India
1,2027-03-02,461.81,residential,India
1,2027-03-03,480.4,residential,India
1,2027-03-04,442.91,residential,India
1,2027-03-05,479.04,residential,India
1,2027-03-06,445.42,residential,India
1,2027-03-07,454.03,residential,India
1,2027-03-08,414.39,residential,India
1,2027-03-09,459.63,residential,India
1,2027-03-10,477.79,residential,India
1,2027-03-11,457.16,residential,India
1,2027-03-12,468.38,residential,India
1,2027-03-13,470.77,residential,India
1,2027-03-14,483.57,residential,India
1,2027-03-15,456.17,residential,India
1,2027-03-16,456.36,residential,India
1,2027-03-17,445.45,residential,India
1,2027-03-18,465.51,residential,India
1,2027-03-19,452.18,residential,India
1,2027-03-20,422.66,residential,India
1,2027-03-21,440.17,residential,India
1,2027-03-22,433.79,residential,India
1,2027-03-23,476.31,residential,India
1,2027-03-24,456.99,residential,India
1,2027-03-25,499.77,residential,India
1,2027-03-26,402.02,residential,India
1,2027-03-27,497.78,residential,India
1,2027-03-28,452.47,residential,India
1,2027-03-29,458.74,residential,India
1,2027-03-30,492.56,residential,India
1,2027-03-31,456.28,residential,India
1,2027-04-01,480.79,residential,India
1,2027-04-02,434.39,residential,India
1,2027-04-03,470.17,residential,India
1,2027-04-04,467.68,residential,India
1,2027-04-05,506.4,residential,India
1,2027-04-06,460.99,residential,India
1,2027-04-07,436.83,residential,India
1,2027-04-08,448.8,residential,India
1,2027-04-09,482.28,residential,India
1,2027-04-10,478.4,residential,India
1,2027-04-11,464.05,residential,India
1,2027-04-12,462.49,residential,India
1,2027-04-13,470.06,residential,India
1,2027-04-14,432.63,residential,India
1,2027-04-15,498.01,residential,India
1,2027-04-16,457.8,residential,India
1,2027-04-17,463.1,residential,India
1,2027-04-18,466.27,residential,India
1,2027-04-19,459.0,residential,India
1,2027-04-20,467.53,residential,India
1,2027-04-21,444.23,residential,India
1,2027-04-22,476.27,residential,India
1,2027-04-23,449.86,residential,India
1,2027-04-24,416.01,residential,India
1,2027-04-25,466.2,residential,India
1,2027-04-26,480.59,residential,India
1,2027-04-27,478.22,residential,India
1,2027-04-28,443.49,residential,India
1,2027-04-29,479.16,residential,India
1,2027-04-30,448.02,residential,India
1,2027-05-01,450.65,residential,India
1,2027-05-02,474.76,residential,India
1,2027-05-03,462.08,residential,India
1,2027-05-04,455.61,residential,India
1,2027-05-05,514.33,residential,India
1,2027-05-06,475.67,residential,India
1,2027-05-07,477.05,residential,India
1,2027-05-08,476.68,residential,India
1,2027-05-09,432.01,residential,India
1,2027-05-10,428.36,residential,India
1,2027-05-11,494.52,residential,India
1,2027-05-12,448.08,residential,India
1,2027-05-13,467.6,residential,India
1,2027-05-14,438.0,residential,India
1,2027-05-15,473.16,residential,India
1,2027-05-16,470.14,residential,India
1,2027-05-17,471.95,residential,India
1,2027-05-18,457.39,residential,India
1,2027-05-19,477.26,residential,India
1,2027-05-20,464.49,residential,India
1,2027-05-21,491.39,residential,India
1,2027-05-22,502.49,residential,India
1,2027-05-23,452.6,residential,India
1,2027-05-24,460.45,residential,India
1,2027-05-25,468.29,residential,India
1,2027-05-26,458.23,residential,India
1,2027-05-27,472.46,residential,India
1,2027-05-28,450.14,residential,India
1,2027-05-29,463.5,residential,India
1,2027-05-30,466.4,residential,India
1,2027-05-31,499.41,residential,India
1,2027-06-01,465.1,residential,India
1,2027-06-02,491.91,residential,India
1,2027-06-03,483.51,residential,India
1,2027-06-04,468.94,residential,India
1,2027-06-05,483.68,residential,India
1,2027-06-06,454.89,residential,India
1,2027-06-07,480.98,residential,India
1,2027-06-08,426.86,residential,India
1,2027-06-09,480.59,residential,India
1,2027-06-10,458.51,residential,India
1,2027-06-11,436.25,residential,India
1,2027-06-12,473.09,residential,India
1,2027-06-13,454.98,residential,India
1,2027-06-14,433.49,residential,India
1,2027-06-15,438.43,residential,India
1,2027-06-16,473.75,residential,India
1,2027-06-17,489.42,residential,India
1,2027-06-18,473.77,residential,India
1,2027-06-19,473.62,residential,India
1,2027-06-20,435.05,residential,India
1,2027-06-21,491.23,residential,India
1,2027-06-22,480.95,residential,India
1,2027-06-23,475.88,residential,India
1,2027-06-24,472.28,residential,India
1,2027-06-25,469.88,residential,India
1,2027-06-26,499.98,residential,India
1,2027-06-27,476.38,residential,India
1,2027-06-28,484.8,residential,India
1,2027-06-29,496.83,residential,India
1,2027-06-30,501.33,residential,India
1,2027-07-01,472.09,residential,India
1,2027-07-02,483.33,residential,India
1,2027-07-03,436.0,residential,India
1,2027-07-04,447.2,residential,India
1,2027-07-05,468.57,residential,India
1,2027-07-06,497.46,residential,India
1,2027-07-07,467.14,residential,India
1,2027-07-08,468.48,residential,India
1,2027-07-09,468.05,residential,India
1,2027-07-10,471.56,residential,India
1,2027-07-11,492.55,residential,India
1,2027-07-12,474.61,residential,India
1,2027-07-13,471.69,residential,India
1,2027-07-14,505.04,residential,India
1,2027-07-15,503.43,residential,India
1,2027-07-16,450.83,residential,India
1,2027-07-17,483.46,residential,India
1,2027-07-18,498.56,residential,India
1,2027-07-19,472.27,residential,India
1,2027-07-20,511.93,residential,India
1,2027-07-21,436.88,residential,India
1,2027-07-22,466.58,residential,India
1,2027-07-23,511.84,residential,India
1,2027-07-24,494.74,residential,India
1,2027-07-25,453.72,residential,India
1,2027-07-26,503.71,residential,India
1,2027-07-27,505.11,residential,India
1,2027-07-28,482.4,residential,India
1,2027-07-29,468.94,residential,India
1,2027-07-30,461.97,residential,India
1,2027-07-31,490.08,residential,India
1,2027-08-01,435.52,residential,India
1,2027-08-02,443.42,residential,India
1,2027-08-03,491.17,residential,India
1,2027-08-04,460.57,residential,India
1,2027-08-05,462.82,residential,India
1,2027-08-06,471.05,residential,India
1,2027-08-07,453.04,residential,India
1,2027-08-08,450.97,residential,India
1,2027-08-09,470.37,residential,India
1,2027-08-10,434.79,residential,India
1,2027-08-11,487.41,residential,India
1,2027-08-12,447.39,residential,India
1,2027-08-13,487.68,residential,India
1,2027-08-14,485.35,residential,India
1,2027-08-15,505.37,residential,India
1,2027-08-16,500.45,residential,India
1,2027-08-17,464.59,residential,India
1,2027-08-18,457.28,residential,India
1,2027-08-19,494.63,residential,India
1,2027-08-20,497.38,residential,India
1,2027-08-21,467.42,residential,India
1,2027-08-22,493.44,residential,India
1,2027-08-23,475.25,residential,India
1,2027-08-24,510.15,residential,India
1,2027-08-25,474.93,residential,India
1,2027-08-26,451.23,residential,India
1,2027-08-27,456.63,residential,India
1,2027-08-28,482.62,residential,India
1,2027-08-29,472.31,residential,India
1,2027-08-30,483.59,residential,India
1,2027-08-31,465.04,residential,India
1,2027-09-01,525.49,residential,India
1,2027-09-02,450.77,residential,India
1,2027-09-03,498.61,residential,India
1,2027-09-04,475.52,residential,India
1,2027-09-05,486.87,residential,India
1,2027-09-06,516.81,residential,India
1,2027-09-07,508.36,residential,India
1,2027-09-08,485.93,residential,India
1,2027-09-09,477.31,residential,India
1,2027-09-10,459.79,residential,India
1,2027-09-11,483.68,residential,India
1,2027-09-12,485.28,residential,India
1,2027-09-13,465.24,residential,India
1,2027-09-14,440.26,residential,India
1,2027-09-15,491.76,residential,India
1,2027-09-16,481.61,residential,India
1,2027-09-17,492.06,residential,India
1,2027-09-18,483.71,residential,India
1,2027-09-19,471.37,residential,India
1,2027-09-20,460.23,residential,India
1,2027-09-21,491.11,residential,India
1,2027-09-22,458.55,residential,India
1,2027-09-23,496.28,residential,India
1,2027-09-24,484.59,residential,India
1,2027-09-25,479.53,residential,India
1,2027-09-26,477.14,residential,India
1,2027-09-27,478.41,residential,India
1,2027-09-28,516.03,residential,India
1,2027-09-29,490.89,residential,India
1,2027-09-30,492.48,residential,India
1,2027-10-01,482.62,residential,India
1,2027-10-02,492.44,residential,India
1,2027-10-03,508.69,residential,India
1,2027-10-04,471.48,residential,India
1,2027-10-05,470.53,residential,India
1,2027-10-06,490.7,residential,India
1,2027-10-07,482.23,residential,India
1,2027-10-08,503.96,residential,India
1,2027-10-09,465.24,residential,India
1,2027-10-10,497.19,residential,India
1,2027-10-11,474.86,residential,India
1,2027-10-12,507.19,residential,India
1,2027-10-13,484.99,residential,India
1,2027-10-14,478.54,residential,India
1,2027-10-15,461.22,residential,India
1,2027-10-16,459.66,residential,India
1,2027-10-17,467.78,residential,India
1,2027-10-18,484.5,residential,India
1,2027-10-19,479.37,residential,India
1,2027-10-20,489.33,residential,India
1,2027-10-21,516.44,residential,India
1,2027-10-22,482.51,residential,India
1,2027-10-23,465.2,residential,India
1,2027-10-24,502.69,residential,India
1,2027-10-25,455.1,residential,India
1,2027-10-26,470.91,residential,India
1,2027-10-27,460.19,residential,India
1,2027-10-28,466.65,residential,India
1,2027-10-29,485.53,residential,India
1,2027-10-30,488.7,residential,India
1,2027-10-31,444.83,residential,India
1,2027-11-01,502.97,residential,India
1,2027-11-02,464.2,residential,India
1,2027-11-03,463.73,residential,India
1,2027-11-04,520.95,residential,India
1,2027-11-05,434.32,residential,India
1,2027-11-06,499.78,residential,India
1,2027-11-07,478.62,residential,India
1,2027-11-08,483.84,residential,India
1,2027-11-09,498.73,residential,India
1,2027-11-10,428.36,residential,India
1,2027-11-11,514.39,residential,India
1,2027-11-12,471.16,residential,India
1,2027-11-13,503.66,residential,India
1,2027-11-14,483.36,residential,India
1,2027-11-15,497.67,residential,India
1,2027-11-16,483.38,residential,India
1,2027-11-17,485.51,residential,India
1,2027-11-18,461.36,residential,India
1,2027-11-19,458.1,residential,India
1,2027-11-20,489.77,residential,India
1,2027-11-21,498.11,residential,India
1,2027-11-22,491.84,residential,India
1,2027-11-23,469.49,residential,India
1,2027-11-24,517.73,residential,India
1,2027-11-25,478.08,residential,India
1,2027-11-26,466.94,residential,India
1,2027-11-27,493.96,residential,India
1,2027-11-28,498.18,residential,India
1,2027-11-29,506.72,residential,India
1,2027-11-30,486.26,residential,India
1,2027-12-01,462.13,residential,India
1,2027-12-02,481.33,residential,India
1,2027-12-03,482.15,residential,India
1,2027-12-04,459.23,residential,India
1,2027-12-05,490.14,residential,India
1,2027-12-06,467.84,residential,India
1,2027-12-07,493.91,residential,India
1,2027-12-08,479.77,residential,India
1,2027-12-09,496.46,residential,India
1,2027-12-10,478.32,residential,India
1,2027-12-11,489.9,residential,India
1,2027-12-12,490.56,residential,India
1,2027-12-13,467.77,residential,India
1,2027-12-14,496.45,residential,India
1,2027-12-15,495.87,residential,India
1,2027-12-16,465.98,residential,India
1,2027-12-17,502.09,residential,India
1,2027-12-18,495.54,residential,India
1,2027-12-19,500.0,residential,India
1,2027-12-20,476.25,residential,India
1,2027-12-21,495.71,residential,India
1,2027-12-22,463.88,residential,India
1,2027-12-23,460.57,residential,India
1,2027-12-24,498.52,residential,India
1,2027-12-25,482.0,residential,India
1,2027-12-26,467.74,residential,India
1,2027-12-27,481.8,residential,India
1,2027-12-28,501.99,residential,India
1,2027-12-29,528.57,residential,India
1,2027-12-30,464.55,residential,India
1,2027-12-31,507.37,residential,India
1,2028-01-01,498.2,residential,India
1,2028-01-02,510.33,residential,India
1,2028-01-03,447.18,residential,India
1,2028-01-04,471.97,residential,India
1,2028-01-05,471.27,residential,India
1,2028-01-06,480.72,residential,India
1,2028-01-07,532.37,residential,India
1,2028-01-08,482.92,residential,India
1,2028-01-09,523.77,residential,India
1,2028-01-10,516.3,residential,India
1,2028-01-11,479.35,residential,India
1,2028-01-12,490.96,residential,India
1,2028-01-13,500.75,residential,India
1,2028-01-14,492.25,residential,India
1,2028-01-15,464.83,residential,India
1,2028-01-16,490.33,residential,India
1,2028-01-17,523.53,residential,India
1,2028-01-18,500.82,residential,India
1,2028-01-19,477.37,residential,India
1,2028-01-20,511.72,residential,India
1,2028-01-21,508.95,residential,India
1,2028-01-22,473.51,residential,India
1,2028-01-23,468.02,residential,India
1,2028-01-24,520.55,residential,India
1,2028-01-25,489.06,residential,India
1,2028-01-26,518.03,residential,India
1,2028-01-27,501.35,residential,India
1,2028-01-28,517.74,residential,India
1,2028-01-29,506.2,residential,India
1,2028-01-30,468.8,residential,India
1,2028-01-31,523.06,residential,India
1,2028-02-01,473.37,residential,India
1,2028-02-02,483.12,residential,India
1,2028-02-03,491.98,residential,India
1,2028-02-04,489.51,residential,India
1,2028-02-05,496.78,residential,India
1,2028-02-06,491.36,residential,India
1,2028-02-07,524.79,residential,India
1,2028-02-08,516.85,residential,India
1,2028-02-09,498.73,residential,India
1,2028-02-10,503.95,residential,India
1,2028-02-11,510.05,residential,India
1,2028-02-12,467.73,residential,India
1,2028-02-13,503.33,residential,India
1,2028-02-14,525.97,residential,India
1,2028-02-15,467.62,residential,India
1,2028-02-16,505.04,residential,India
1,2028-02-17,495.34,residential,India
1,2028-02-18,522.34,residential,India
1,2028-02-19,506.73,residential,India
1,2028-02-20,433.25,residential,India
1,2028-02-21,521.4,residential,India
1,2028-02-22,501.48,residential,India
1,2028-02-23,525.23,residential,India
1,2028-02-24,502.79,residential,India
1,2028-02-25,491.64,residential,India
1,2028-02-26,501.3,residential,India
1,2028-02-27,477.85,residential,India
1,2028-02-28,496.32,residential,India
1,2028-02-29,490.4,residential,India
1,2028-03-01,509.08,residential,India
1,2028-03-02,509.45,residential,India
1,2028-03-03,489.51,residential,India
1,2028-03-04,531.42,residential,India
1,2028-03-05,490.54,residential,India
1,2028-03-06,490.3,residential,India
1,2028-03-07,497.26,residential,India
1,2028-03-08,506.33,residential,India
1,2028-03-09,476.55,residential,India
1,2028-03-10,453.14,residential,India
1,2028-03-11,468.05,residential,India
1,2028-03-12,508.4,residential,India
1,2028-03-13,495.95,residential,India
1,2028-03-14,523.54,residential,India
1,2028-03-15,545.4,residential,India
1,2028-03-16,499.44,residential,India
1,2028-03-17,532.63,residential,India
1,2028-03-18,526.71,residential,India
1,2028-03-19,482.34,residential,India
1,2028-03-20,521.72,residential,India
1,2028-03-21,503.86,residential,India
1,2028-03-22,517.08,residential,India
1,2028-03-23,499.01,residential,India
1,2028-03-24,552.38,residential,India
1,2028-03-25,521.62,residential,India
1,2028-03-26,531.27,residential,India
1,2028-03-27,491.12,residential,India
1,2028-03-28,508.44,residential,India
1,2028-03-29,530.39,residential,India
1,2028-03-30,491.34,residential,India
1,2028-03-31,498.82,residential,India
1,2028-04-01,509.68,residential,India
1,2028-04-02,477.9,residential,India
1,2028-04-03,498.11,residential,India
1,2028-04-04,497.86,residential,India
1,2028-04-05,495.64,residential,India
1,2028-04-06,458.32,residential,India
1,2028-04-07,497.67,residential,India
1,2028-04-08,486.0,residential,India
1,2028-04-09,515.88,residential,India
1,2028-04-10,464.31,residential,India
1,2028-04-11,471.16,residential,India
1,2028-04-12,470.88,residential,India
1,2028-04-13,548.32,residential,India
1,2028-04-14,494.39,residential,India
1,2028-04-15,514.26,residential,India
1,2028-04-16,534.25,residential,India
1,2028-04-17,473.11,residential,India
1,2028-04-18,506.26,residential,India
1,2028-04-19,473.44,residential,India
1,2028-04-20,522.85,residential,India
1,2028-04-21,501.42,residential,India
1,2028-04-22,530.25,residential,India
1,2028-04-23,501.71,residential,India
1,2028-04-24,477.68,residential,India
1,2028-04-25,482.24,residential,India
1,2028-04-26,504.29,residential,India
1,2028-04-27,483.49,residential,India
1,2028-04-28,441.46,residential,India
1,2028-04-29,479.28,residential,India
1,2028-04-30,499.76,residential,India
1,2028-05-01,509.63,residential,India
1,2028-05-02,481.48,residential,India
1,2028-05-03,516.7,residential,India
1,2028-05-04,471.63,residential,India
1,2028-05-05,539.49,residential,India
1,2028-05-06,486.0,residential,India
1,2028-05-07,501.72,residential,India
1,2028-05-08,518.46,residential,India
1,2028-05-09,556.28,residential,India
1,2028-05-10,504.07,residential,India
1,2028-05-11,498.55,residential,India
1,2028-05-12,505.47,residential,India
1,2028-05-13,455.12,residential,India
1,2028-05-14,534.63,residential,India
1,2028-05-15,515.55,residential,India
1,2028-05-16,481.5,residential,India
1,2028-05-17,515.55,residential,India
1,2028-05-18,506.91,residential,India
1,2028-05-19,462.59,residential,India
1,2028-05-20,523.08,residential,India
1,2028-05-21,483.56,residential,India
1,2028-05-22,530.48,residential,India
1,2028-05-23,475.34,residential,India
1,2028-05-24,530.04,residential,India
1,2028-05-25,532.45,residential,India
1,2028-05-26,479.82,residential,India
1,2028-05-27,484.29,residential,India
1,2028-05-28,498.76,residential,India
1,2028-05-29,497.94,residential,India
1,2028-05-30,522.52,residential,India
1,2028-05-31,514.12,residential,India
1,2028-06-01,502.55,residential,India
1,2028-06-02,494.08,residential,India
1,2028-06-03,512.13,residential,India
1,2028-06-04,492.4,residential,India
1,2028-06-05,504.5,residential,India
1,2028-06-06,494.99,residential,India
1,2028-06-07,479.4,residential,India
1,2028-06-08,499.63,residential,India
1,2028-06-09,525.01,residential,India
1,2028-06-10,476.45,residential,India
1,2028-06-11,472.6,residential,India
1,2028-06-12,479.88,residential,India
1,2028-06-13,462.37,residential,India
1,2028-06-14,484.6,residential,India
1,2028-06-15,459.63,residential,India
1,2028-06-16,496.53,residential,India
1,2028-06-17,496.78,residential,India
1,2028-06-18,478.36,residential,India
1,2028-06-19,502.45,residential,India
1,2028-06-20,518.91,residential,India
1,2028-06-21,489.03,residential,India
1,2028-06-22,472.53,residential,India
1,2028-06-23,526.24,residential,India
1,2028-06-24,480.4,residential,India
1,2028-06-25,493.36,residential,India
1,2028-06-26,503.2,residential,India
1,2028-06-27,501.43,residential,India
1,2028-06-28,540.53,residential,India
1,2028-06-29,497.37,residential,India
1,2028-06-30,522.15,residential,India
1,2028-07-01,496.24,residential,India
1,2028-07-02,521.01,residential,India
1,2028-07-03,509.83,residential,India
1,2028-07-04,503.71,residential,India
1,2028-07-05,499.71,residential,India
1,2028-07-06,498.16,residential,India
1,2028-07-07,530.29,residential,India
1,2028-07-08,510.47,residential,India
1,2028-07-09,475.06,residential,India
1,2028-07-10,486.36,residential,India
1,2028-07-11,506.82,residential,India
1,2028-07-12,538.69,residential,India
1,2028-07-13,528.08,residential,India
1,2028-07-14,540.78,residential,India
1,2028-07-15,500.15,residential,India
1,2028-07-16,495.03,residential,India
1,2028-07-17,535.37,residential,India
1,2028-07-18,465.53,residential,India
1,2028-07-19,508.17,residential,India
1,2028-07-20,528.04,residential,India
1,2028-07-21,506.22,residential,India
1,2028-07-22,508.52,residential,India
1,2028-07-23,466.44,residential,India
1,2028-07-24,503.94,residential,India
1,2028-07-25,532.2,residential,India
1,2028-07-26,521.01,residential,India
1,2028-07-27,479.01,residential,India
1,2028-07-28,491.52,residential,India
1,2028-07-29,476.82,residential,India
1,2028-07-30,469.54,residential,India
1,2028-07-31,489.92,residential,India
1,2028-08-01,528.28,residential,India
1,2028-08-02,503.88,residential,India
1,2028-08-03,458.07,residential,India
1,2028-08-04,518.99,residential,India
1,2028-08-05,527.85,residential,India
1,2028-08-06,498.41,residential,India
1,2028-08-07,455.9,residential,India
1,2028-08-08,488.68,residential,India
1,2028-08-09,512.01,residential,India
1,2028-08-10,488.98,residential,India
1,2028-08-11,513.26,residential,India
1,2028-08-12,508.5,residential,India
1,2028-08-13,506.27,residential,India
1,2028-08-14,521.49,residential,India
1,2028-08-15,470.66,residential,India
1,2028-08-16,482.31,residential,India
1,2028-08-17,503.86,residential,India
1,2028-08-18,482.54,residential,India
1,2028-08-19,500.27,residential,India
1,2028-08-20,531.61,residential,India
1,2028-08-21,466.06,residential,India
1,2028-08-22,515.79,residential,India
1,2028-08-23,499.47,residential,India
1,2028-08-24,491.54,residential,India
1,2028-08-25,483.89,residential,India
1,2028-08-26,455.41,residential,India
1,2028-08-27,476.35,residential,India
1,2028-08-28,456.02,residential,India
1,2028-08-29,473.08,residential,India
1,2028-08-30,502.26,residential,India
1,2028-08-31,465.84,residential,India
1,2028-09-01,495.46,residential,India
1,2028-09-02,489.32,residential,India
1,2028-09-03,522.56,residential,India
1,2028-09-04,494.41,residential,India
1,2028-09-05,478.75,residential,India
1,2028-09-06,538.74,residential,India
1,2028-09-07,500.9,residential,India
1,2028-09-08,498.87,residential,India
1,2028-09-09,508.24,residential,India
1,2028-09-10,522.25,residential,India
1,2028-09-11,459.26,residential,India
1,2028-09-12,500.62,residential,India
1,2028-09-13,496.73,residential,India
1,2028-09-14,492.87,residential,India
1,2028-09-15,502.53,residential,India
1,2028-09-16,536.12,residential,India
1,2028-09-17,514.42,residential,India
1,2028-09-18,519.89,residential,India
1,2028-09-19,473.13,residential,India
1,2028-09-20,512.04,residential,India
1,2028-09-21,529.19,residential,India
1,2028-09-22,473.78,residential,India
1,2028-09-23,496.47,residential,India
1,2028-09-24,541.74,residential,India
1,2028-09-25,541.66,residential,India
1,2028-09-26,520.95,residential,India
1,2028-09-27,517.03,residential,India
1,2028-09-28,478.08,residential,India
1,2028-09-29,508.56,residential,India
1,2028-09-30,544.75,residential,India
1,2028-10-01,468.31,residential,India
1,2028-10-02,484.61,residential,India
1,2028-10-03,507.98,residential,India
1,2028-10-04,489.53,residential,India
1,2028-10-05,509.96,residential,India
1,2028-10-06,514.03,residential,India
1,2028-10-07,504.69,residential,India
1,2028-10-08,497.31,residential,India
1,2028-10-09,487.27,residential,India
1,2028-10-10,528.41,residential,India
1,2028-10-11,524.86,residential,India
1,2028-10-12,494.87,residential,India
1,2028-10-13,531.84,residential,India
1,2028-10-14,534.08,residential,India
1,2028-10-15,510.77,residential,India
1,2028-10-16,489.15,residential,India
1,2028-10-17,513.93,residential,India
1,2028-10-18,471.45,residential,India
1,2028-10-19,490.1,residential,India
1,2028-10-20,489.17,residential,India
1,2028-10-21,484.88,residential,India
1,2028-10-22,496.33,residential,India
1,2028-10-23,518.73,residential,India
1,2028-10-24,502.61,residential,India
1,2028-10-25,540.79,residential,India
1,2028-10-26,506.67,residential,India
1,2028-10-27,506.38,residential,India
1,2028-10-28,530.59,residential,India
1,2028-10-29,499.36,residential,India
1,2028-10-30,486.87,residential,India
1,2028-10-31,522.94,residential,India
1,2028-11-01,496.68,residential,India
1,2028-11-02,521.66,residential,India
1,2028-11-03,461.87,residential,India
1,2028-11-04,485.38,residential,India
1,2028-11-05,467.59,residential,India
1,2028-11-06,480.78,residential,India
1,2028-11-07,466.73,residential,India
1,2028-11-08,495.26,residential,India
1,2028-11-09,494.47,residential,India
1,2028-11-10,458.21,residential,India
1,2028-11-11,526.67,residential,India
1,2028-11-12,489.15,residential,India
1,2028-11-13,499.16,residential,India
1,2028-11-14,503.15,residential,India
1,2028-11-15,497.52,residential,India
1,2028-11-16,504.04,residential,India
1,2028-11-17,479.08,residential,India
1,2028-11-18,510.57,residential,India
1,2028-11-19,509.27,residential,India
1,2028-11-20,537.08,residential,India
1,2028-11-21,491.4,residential,India
1,2028-11-22,481.61,residential,India
1,2028-11-23,516.35,residential,India
1,2028-11-24,518.72,residential,India
1,2028-11-25,532.44,residential,India
1,2028-11-26,507.33,residential,India
1,2028-11-27,469.65,residential,India
1,2028-11-28,493.57,residential,India
1,2028-11-29,510.23,residential,India
1,2028-11-30,508.72,residential,India
1,2028-12-01,509.84,residential,India
1,2028-12-02,491.19,residential,India
1,2028-12-03,508.29,residential,India
1,2028-12-04,522.1,residential,India
1,2028-12-05,502.08,residential,India
1,2028-12-06,477.33,residential,India
1,2028-12-07,477.29,residential,India
1,2028-12-08,518.98,residential,India
1,2028-12-09,506.66,residential,India
1,2028-12-10,499.07,residential,India
1,2028-12-11,481.58,residential,India
1,2028-12-12,504.91,residential,India
1,2028-12-13,479.04,residential,India
1,2028-12-14,485.25,residential,India
1,2028-12-15,519.87,residential,India
1,2028-12-16,508.33,residential,India
1,2028-12-17,513.11,residential,India
1,2028-12-18,457.05,residential,India
1,2028-12-19,494.36,residential,India
1,2028-12-20,493.34,residential,India
1,2028-12-21,500.31,residential,India
1,2028-12-22,485.54,residential,India
1,2028-12-23,488.91,residential,India
1,2028-12-24,477.68,residential,India
1,2028-12-25,476.94,residential,India
1,2028-12-26,469.38,residential,India
1,2028-12-27,520.46,residential,India
1,2028-12-28,498.55,residential,India
1,2028-12-29,517.02,residential,India
1,2028-12-30,501.33,residential,India
1,2028-12-31,502.68,residential,India
1,2029-01-01,499.61,residential,India
1,2029-01-02,468.38,residential,India
1,2029-01-03,511.53,residential,India
1,2029-01-04,473.84,residential,India
1,2029-01-05,481.37,residential,India
1,2029-01-06,511.56,residential,India
1,2029-01-07,472.06,residential,India
1,2029-01-08,488.52,residential,India
1,2029-01-09,489.19,residential,India
1,2029-01-10,463.26,residential,India
1,2029-01-11,486.03,residential,India
1,2029-01-12,508.69,residential,India
1,2029-01-13,493.43,residential,India
1,2029-01-14,483.93,residential,India
1,2029-01-15,496.41,residential,India
1,2029-01-16,492.99,residential,India
1,2029-01-17,533.88,residential,India
1,2029-01-18,487.59,residential,India
1,2029-01-19,470.48,residential,India
1,2029-01-20,486.2,residential,India
1,2029-01-21,486.76,residential,India
1,2029-01-22,453.32,residential,India
1,2029-01-23,482.71,residential,India
1,2029-01-24,472.14,residential,India
1,2029-01-25,458.27,residential,India
1,2029-01-26,463.09,residential,India
1,2029-01-27,505.46,residential,India
1,2029-01-28,478.18,residential,India
1,2029-01-29,539.06,residential,India
1,2029-01-30,433.3,residential,India
1,2029-01-31,507.02,residential,India
1,2029-02-01,528.07,residential,India
1,2029-02-02,522.76,residential,India
1,2029-02-03,526.63,residential,India
1,2029-02-04,494.67,residential,India
1,2029-02-05,501.72,residential,India
1,2029-02-06,505.6,residential,India
1,2029-02-07,487.11,residential,India
1,2029-02-08,480.3,residential,India
1,2029-02-09,506.93,residential,India
1,2029-02-10,519.0,residential,India
1,2029-02-11,479.47,residential,India
1,2029-02-12,499.09,residential,India
1,2029-02-13,478.96,residential,India
1,2029-02-14,493.12,residential,India
1,2029-02-15,488.67,residential,India
1,2029-02-16,525.99,residential,India
1,2029-02-17,484.34,residential,India
1,2029-02-18,476.66,residential,India
1,2029-02-19,493.71,residential,India
1,2029-02-20,491.7,residential,India
1,2029-02-21,464.31,residential,India
1,2029-02-22,494.59,residential,India
1,2029-02-23,477.46,residential,India
1,2029-02-24,520.52,residential,India
1,2029-02-25,511.33,residential,India
1,2029-02-26,476.59,residential,India
1,2029-02-27,459.68,residential,India
1,2029-02-28,508.88,residential,India
1,2029-03-01,526.44,residential,India
1,2029-03-02,476.59,residential,India
1,2029-03-03,483.25,residential,India
1,2029-03-04,506.84,residential,India
1,2029-03-05,501.59,residential,India
1,2029-03-06,507.02,residential,India
1,2029-03-07,484.93,residential,India
1,2029-03-08,524.66,residential,India
1,2029-03-09,523.31,residential,India
1,2029-03-10,504.24,residential,India
1,2029-03-11,520.82,residential,India
1,2029-03-12,510.46,residential,India
1,2029-03-13,463.77,residential,India
1,2029-03-14,471.57,residential,India
1,2029-03-15,502.65,residential,India
1,2029-03-16,483.89,residential,India
1,2029-03-17,492.06,residential,India
1,2029-03-18,495.97,residential,India
1,2029-03-19,490.31,residential,India
1,2029-03-20,517.54,residential,India
1,2029-03-21,483.22,residential,India
1,2029-03-22,492.63,residential,India
1,2029-03-23,452.71,residential,India
1,2029-03-24,479.21,residential,India
1,2029-03-25,451.84,residential,India
1,2029-03-26,507.03,residential,India
1,2029-03-27,487.42,residential,India
1,2029-03-28,451.8,residential,India
1,2029-03-29,469.58,residential,India
1,2029-03-30,510.03,residential,India
1,2029-03-31,474.59,residential,India
1,2029-04-01,476.38,residential,India
1,2029-04-02,503.33,residential,India
1,2029-04-03,475.21,residential,India
1,2029-04-04,488.96,residential,India
1,2029-04-05,460.05,residential,India
1,2029-04-06,495.18,residential,India
1,2029-04-07,475.01,residential,India
1,2029-04-08,489.22,residential,India
1,2029-04-09,513.99,residential,India
1,2029-04-10,479.41,residential,India
1,2029-04-11,521.92,residential,India
1,2029-04-12,514.13,residential,India
1,2029-04-13,490.64,residential,India
1,2029-04-14,490.05,residential,India
1,2029-04-15,497.44,residential,India
1,2029-04-16,526.86,residential,India
1,2029-04-17,502.18,residential,India
1,2029-04-18,484.01,residential,India
1,2029-04-19,484.96,residential,India
1,2029-04-20,511.56,residential,India
1,2029-04-21,479.23,residential,India
1,2029-04-22,471.12,residential,India
1,2029-04-23,475.39,residential,India
1,2029-04-24,485.73,residential,India
1,2029-04-25,500.08,residential,India
1,2029-04-26,488.53,residential,India
1,2029-04-27,473.24,residential,India
1,2029-04-28,478.92,residential,India
1,2029-04-29,509.86,residential,India
1,2029-04-30,482.91,residential,India
1,2029-05-01,496.69,residential,India
1,2029-05-02,485.38,residential,India
1,2029-05-03,507.49,residential,India
1,2029-05-04,472.31,residential,India
1,2029-05-05,521.76,residential,India
1,2029-05-06,502.27,residential,India
1,2029-05-07,522.31,residential,India
1,2029-05-08,470.74,residential,India
1,2029-05-09,466.97,residential,India
1,2029-05-10,463.31,residential,India
1,2029-05-11,470.57,residential,India
1,2029-05-12,512.21,residential,India
1,2029-05-13,529.42,residential,India
1,2029-05-14,500.8,residential,India
1,2029-05-15,489.66,residential,India
1,2029-05-16,487.36,residential,India
1,2029-05-17,511.82,residential,India
1,2029-05-18,537.06,residential,India
1,2029-05-19,494.04,residential,India
1,2029-05-20,477.86,residential,India
1,2029-05-21,496.24,residential,India
1,2029-05-22,501.59,residential,India
1,2029-05-23,482.17,residential,India
1,2029-05-24,482.74,residential,India
1,2029-05-25,509.37,residential,India
1,2029-05-26,487.84,residential,India
1,2029-05-27,487.33,residential,India
1,2029-05-28,516.19,residential,India
1,2029-05-29,459.77,residential,India
1,2029-05-30,476.98,residential,India
1,2029-05-31,503.21,residential,India
1,2029-06-01,523.97,residential,India
1,2029-06-02,461.39,residential,India
1,2029-06-03,461.03,residential,India
1,2029-06-04,490.81,residential,India
1,2029-06-05,541.55,residential,India
1,2029-06-06,515.29,residential,India
1,2029-06-07,518.9,residential,India
1,2029-06-08,461.84,residential,India
1,2029-06-09,456.85,residential,India
1,2029-06-10,473.23,residential,India
1,2029-06-11,488.55,residential,India
1,2029-06-12,506.76,residential,India
1,2029-06-13,473.18,residential,India
1,2029-06-14,498.27,residential,India
1,2029-06-15,480.42,residential,India
1,2029-06-16,474.25,residential,India
1,2029-06-17,480.16,residential,India
1,2029-06-18,484.94,residential,India
1,2029-06-19,474.1,residential,India
1,2029-06-20,506.06,residential,India
1,2029-06-21,482.0,residential,India
1,2029-06-22,484.51,residential,India
1,2029-06-23,511.05,residential,India
1,2029-06-24,486.05,residential,India
1,2029-06-25,508.36,residential,India
1,2029-06-26,483.05,residential,India
1,2029-06-27,477.85,residential,India
1,2029-06-28,500.77,residential,India
1,2029-06-29,466.75,residential,India
1,2029-06-30,456.16,residential,India
1,2029-07-01,466.81,residential,India
1,2029-07-02,476.22,residential,India
1,2029-07-03,468.48,residential,India
1,2029-07-04,483.19,residential,India
1,2029-07-05,486.11,residential,India
1,2029-07-06,487.55,residential,India
1,2029-07-07,517.58,residential,India
1,2029-07-08,474.55,residential,India
1,2029-07-09,488.76,residential,India
1,2029-07-10,532.49,residential,India
1,2029-07-11,504.48,residential,India
1,2029-07-12,478.54,residential,India
1,2029-07-13,487.85,residential,India
1,2029-07-14,526.76,residential,India
1,2029-07-15,456.68,residential,India
1,2029-07-16,504.71,residential,India
1,2029-07-17,494.4,residential,India
1,2029-07-18,440.69,residential,India
1,2029-07-19,487.89,residential,India
1,2029-07-20,498.99,residential,India
1,2029-07-21,485.69,residential,India
1,2029-07-22,464.8,residential,India
1,2029-07-23,493.06,residential,India
1,2029-07-24,484.27,residential,India
1,2029-07-25,507.42,residential,India
1,2029-07-26,483.65,residential,India
1,2029-07-27,486.55,residential,India
1,2029-07-28,489.45,residential,India
1,2029-07-29,497.48,residential,India
1,2029-07-30,471.41,residential,India
1,2029-07-31,454.61,residential,India
1,2029-08-01,513.39,residential,India
1,2029-08-02,490.06,residential,India
1,2029-08-03,462.4,residential,India
1,2029-08-04,491.89,residential,India
1,2029-08-05,486.58,residential,India
1,2029-08-06,495.7,residential,India
1,2029-08-07,479.62,residential,India
1,2029-08-08,504.18,residential,India
1,2029-08-09,482.16,residential,India
1,2029-08-10,484.3,residential,India
1,2029-08-11,484.42,residential,India
1,2029-08-12,491.4,residential,India
1,2029-08-13,456.14,residential,India
1,2029-08-14,486.43,residential,India
1,2029-08-15,467.75,residential,India
1,2029-08-16,482.67,residential,India
1,2029-08-17,481.97,residential,India
1,2029-08-18,456.47,residential,India
1,2029-08-19,442.5,residential,India
1,2029-08-20,476.13,residential,India
1,2029-08-21,511.31,residential,India
1,2029-08-22,487.38,residential,India
1,2029-08-23,494.7,residential,India
1,2029-08-24,442.79,residential,India
1,2029-08-25,460.57,residential,India
1,2029-08-26,488.75,residential,India
1,2029-08-27,499.32,residential,India
1,2029-08-28,459.19,residential,India
1,2029-08-29,462.69,residential,India
1,2029-08-30,505.24,residential,India
1,2029-08-31,500.23,residential,India
1,2029-09-01,494.45,residential,India
1,2029-09-02,459.05,residential,India
1,2029-09-03,481.8,residential,India
1,2029-09-04,494.51,residential,India
1,2029-09-05,495.61,residential,India
1,2029-09-06,452.73,residential,India
1,2029-09-07,508.66,residential,India
1,2029-09-08,480.53,residential,India
1,2029-09-09,460.5,residential,India
1,2029-09-10,451.41,residential,India
1,2029-09-11,491.13,residential,India
1,2029-09-12,498.41,residential,India
1,2029-09-13,491.92,residential,India
1,2029-09-14,443.22,residential,India
1,2029-09-15,462.84,residential,India
1,2029-09-16,441.97,residential,India
1,2029-09-17,500.16,residential,India
1,2029-09-18,455.68,residential,India
1,2029-09-19,524.6,residential,India
1,2029-09-20,466.61,residential,India
1,2029-09-21,498.79,residential,India
1,2029-09-22,501.1,residential,India
1,2029-09-23,504.33,residential,India
1,2029-09-24,473.16,residential,India
1,2029-09-25,493.55,residential,India
1,2029-09-26,463.88,residential,India
1,2029-09-27,461.43,residential,India
1,2029-09-28,488.37,residential,India
1,2029-09-29,452.66,residential,India
1,2029-09-30,441.4,residential,India
1,2029-10-01,471.41,residential,India
1,2029-10-02,470.79,residential,India
1,2029-10-03,462.65,residential,India
1,2029-10-04,487.59,residential,India
1,2029-10-05,499.73,residential,India
1,2029-10-06,500.09,residential,India
1,2029-10-07,499.55,residential,India
1,2029-10-08,485.3,residential,India
1,2029-10-09,481.89,residential,India
1,2029-10-10,474.38,residential,India
1,2029-10-11,483.91,residential,India
1,2029-10-12,522.2,residential,India
1,2029-10-13,450.29,residential,India
1,2029-10-14,482.44,residential,India
1,2029-10-15,465.99,residential,India
1,2029-10-16,466.34,residential,India
1,2029-10-17,469.63,residential,India
1,2029-10-18,467.43,residential,India
1,2029-10-19,448.87,residential,India
1,2029-10-20,461.55,residential,India
1,2029-10-21,457.97,residential,India
1,2029-10-22,455.88,residential,India
1,2029-10-23,458.0,residential,India
1,2029-10-24,479.67,residential,India
1,2029-10-25,490.67,residential,India
1,2029-10-26,486.33,residential,India
1,2029-10-27,468.58,residential,India
1,2029-10-28,467.76,residential,India
1,2029-10-29,441.26,residential,India
1,2029-10-30,467.57,residential,India
1,2029-10-31,507.28,residential,India
1,2029-11-01,489.12,residential,India
1,2029-11-02,454.91,residential,India
1,2029-11-03,512.74,residential,India
1,2029-11-04,480.09,residential,India
1,2029-11-05,464.52,residential,India
1,2029-11-06,481.94,residential,India
1,2029-11-07,491.92,residential,India
1,2029-11-08,463.91,residential,India
1,2029-11-09,457.74,residential,India
1,2029-11-10,503.31,residential,India
1,2029-11-11,463.92,residential,India
1,2029-11-12,472.77,residential,India
1,2029-11-13,461.81,residential,India
1,2029-11-14,483.23,residential,India
1,2029-11-15,471.52,residential,India
1,2029-11-16,474.2,residential,India
1,2029-11-17,481.88,residential,India
1,2029-11-18,436.8,residential,India
1,2029-11-19,454.1,residential,India
1,2029-11-20,492.15,residential,India
1,2029-11-21,490.05,residential,India
1,2029-11-22,492.02,residential,India
1,2029-11-23,496.57,residential,India
1,2029-11-24,495.81,residential,India
1,2029-11-25,456.63,residential,India
1,2029-11-26,468.86,residential,India
1,2029-11-27,449.94,residential,India
1,2029-11-28,444.99,residential,India
1,2029-11-29,472.3,residential,India
1,2029-11-30,439.33,residential,India
1,2029-12-01,472.52,residential,India
1,2029-12-02,444.49,residential,India
1,2029-12-03,527.55,residential,India
1,2029-12-04,478.55,residential,India
1,2029-12-05,485.87,residential,India
1,2029-12-06,461.51,residential,India
1,2029-12-07,500.1,residential,India
1,2029-12-08,510.44,residential,India
1,2029-12-09,466.04,residential,India
1,2029-12-10,443.46,residential,India
1,2029-12-11,446.42,residential,India
1,2029-12-12,532.63,residential,India
1,2029-12-13,467.65,residential,India
1,2029-12-14,466.41,residential,India
1,2029-12-15,462.25,residential,India
1,2029-12-16,452.08,residential,India
1,2029-12-17,485.16,residential,India
1,2029-12-18,435.54,residential,India
1,2029-12-19,484.58,residential,India
1,2029-12-20,451.44,residential,India
1,2029-12-21,436.43,residential,India
1,2029-12-22,475.69,residential,India
1,2029-12-23,483.15,residential,India
1,2029-12-24,425.6,residential,India
1,2029-12-25,453.41,residential,India
1,2029-12-26,455.23,residential,India
1,2029-12-27,523.99,residential,India
1,2029-12-28,489.47,residential,India
1,2029-12-29,477.5,residential,India
1,2029-12-30,510.77,residential,India
1,2029-12-31,488.43,residential,India
1,2030-01-01,444.32,residential,India
1,2030-01-02,490.76,residential,India
1,2030-01-03,448.98,residential,India
1,2030-01-04,466.47,residential,India
1,2030-01-05,444.96,residential,India
1,2030-01-06,449.11,residential,India
1,2030-01-07,470.45,residential,India
1,2030-01-08,435.78,residential,India
1,2030-01-09,441.31,residential,India
1,2030-01-10,508.21,residential,India
1,2030-01-11,466.05,residential,India
1,2030-01-12,447.99,residential,India
1,2030-01-13,452.28,residential,India
1,2030-01-14,494.87,residential,India
1,2030-01-15,494.58,residential,India
1,2030-01-16,475.14,residential,India
1,2030-01-17,487.47,residential,India
1,2030-01-18,463.01,residential,India
1,2030-01-19,426.62,residential,India
1,2030-01-20,440.28,residential,India
1,2030-01-21,480.08,residential,India
1,2030-01-22,487.4,residential,India
1,2030-01-23,454.49,residential,India
1,2030-01-24,456.82,residential,India
1,2030-01-25,452.99,residential,India
1,2030-01-26,469.82,residential,India
1,2030-01-27,442.64,residential,India
1,2030-01-28,469.71,residential,India
1,2030-01-29,466.15,residential,India
1,2030-01-30,435.98,residential,India
1,2030-01-31,475.65,residential,India
1,2030-02-01,424.79,residential,India
1,2030-02-02,451.62,residential,India
1,2030-02-03,480.79,residential,India
1,2030-02-04,488.93,residential,India
1,2030-02-05,441.01,residential,India
1,2030-02-06,482.12,residential,India
1,2030-02-07,455.2,residential,India
1,2030-02-08,480.87,residential,India
1,2030-02-09,464.3,residential,India
1,2030-02-10,434.3,residential,India
1,2030-02-11,459.93,residential,India
1,2030-02-12,465.17,residential,India
1,2030-02-13,437.81,residential,India
1,2030-02-14,456.18,residential,India
1,2030-02-15,465.04,residential,India
1,2030-02-16,458.65,residential,India
1,2030-02-17,469.89,residential,India
1,2030-02-18,504.97,residential,India
1,2030-02-19,460.74,residential,India
1,2030-02-20,435.65,residential,India
1,2030-02-21,470.97,residential,India
1,2030-02-22,474.9,residential,India
1,2030-02-23,472.52,residential,India
1,2030-02-24,464.49,residential,India
1,2030-02-25,432.1,residential,India
1,2030-02-26,477.07,residential,India
1,2030-02-27,466.18,residential,India
1,2030-02-28,478.09,residential,India
1,2030-03-01,484.88,residential,India
1,2030-03-02,465.72,residential,India
1,2030-03-03,437.07,residential,India
1,2030-03-04,454.82,residential,India
1,2030-03-05,433.42,residential,India
1,2030-03-06,491.88,residential,India
1,2030-03-07,471.3,residential,India
1,2030-03-08,442.52,residential,India
1,2030-03-09,449.08,residential,India
1,2030-03-10,494.41,residential,India
1,2030-03-11,489.57,residential,India
1,2030-03-12,447.53,residential,India
1,2030-03-13,485.49,residential,India
1,2030-03-14,487.69,residential,India
1,2030-03-15,477.62,residential,India
1,2030-03-16,456.99,residential,India
1,2030-03-17,466.96,residential,India
1,2030-03-18,466.65,residential,India
1,2030-03-19,473.17,residential,India
1,2030-03-20,459.17,residential,India
1,2030-03-21,467.08,residential,India
1,2030-03-22,488.36,residential,India
1,2030-03-23,476.03,residential,India
1,2030-03-24,453.43,residential,India
1,2030-03-25,475.74,residential,India
1,2030-03-26,453.0,residential,India
1,2030-03-27,487.54,residential,India
1,2030-03-28,472.18,residential,India
1,2030-03-29,442.26,residential,India
1,2030-03-30,469.81,residential,India
1,2030-03-31,433.52,residential,India
1,2030-04-01,476.68,residential,India
1,2030-04-02,472.28,residential,India
1,2030-04-03,456.23,residential,India
1,2030-04-04,470.88,residential,India
1,2030-04-05,447.48,residential,India
1,2030-04-06,458.83,residential,India
1,2030-04-07,494.49,residential,India
1,2030-04-08,455.42,residential,India
1,2030-04-09,498.17,residential,India
1,2030-04-10,498.03,residential,India
1,2030-04-11,459.95,residential,India
1,2030-04-12,461.01,residential,India
1,2030-04-13,468.01,residential,India
1,2030-04-14,434.58,residential,India
1,2030-04-15,451.04,residential,India
1,2030-04-16,454.25,residential,India
1,2030-04-17,482.1,residential,India
1,2030-04-18,456.97,residential,India
1,2030-04-19,461.32,residential,India
1,2030-04-20,463.82,residential,India
1,2030-04-21,451.34,residential,India
1,2030-04-22,433.05,residential,India
1,2030-04-23,480.09,residential,India
1,2030-04-24,473.42,residential,India
1,2030-04-25,450.02,residential,India
1,2030-04-26,491.89,residential,India
1,2030-04-27,471.09,residential,India
1,2030-04-28,485.06,residential,India
1,2030-04-29,469.38,residential,India
1,2030-04-30,443.06,residential,India
1,2030-05-01,447.89,residential,India
1,2030-05-02,455.49,residential,India
1,2030-05-03,445.74,residential,India
1,2030-05-04,471.0,residential,India
1,2030-05-05,435.76,residential,India
1,2030-05-06,447.74,residential,India
1,2030-05-07,467.1,residential,India
1,2030-05-08,485.78,residential,India
1,2030-05-09,448.5,residential,India
1,2030-05-10,431.78,residential,India
1,2030-05-11,425.25,residential,India
1,2030-05-12,468.8,residential,India
1,2030-05-13,433.02,residential,India
1,2030-05-14,472.13,residential,India
1,2030-05-15,470.29,residential,India
1,2030-05-16,463.54,residential,India
1,2030-05-17,441.02,residential,India
1,2030-05-18,432.57,residential,India
1,2030-05-19,459.16,residential,India
1,2030-05-20,438.78,residential,India
1,2030-05-21,454.38,residential,India
1,2030-05-22,483.11,residential,India
1,2030-05-23,459.35,residential,India
1,2030-05-24,460.18,residential,India
1,2030-05-25,458.87,residential,India
1,2030-05-26,448.79,residential,India
1,2030-05-27,424.31,residential,India
1,2030-05-28,464.12,residential,India
1,2030-05-29,458.89,residential,India
1,2030-05-30,433.08,residential,India
1,2030-05-31,456.24,residential,India
1,2030-06-01,437.14,residential,India
1,2030-06-02,475.25,residential,India
1,2030-06-03,445.63,residential,India
1,2030-06-04,460.73,residential,India
1,2030-06-05,465.04,residential,India
1,2030-06-06,447.9,residential,India
1,2030-06-07,458.47,residential,India
1,2030-06-08,453.02,residential,India
1,2030-06-09,472.75,residential,India
1,2030-06-10,443.7,residential,India
1,2030-06-11,432.23,residential,India
1,2030-06-12,464.89,residential,India
1,2030-06-13,443.06,residential,India
1,2030-06-14,498.49,residential,India
1,2030-06-15,430.98,residential,India
1,2030-06-16,443.36,residential,India
1,2030-06-17,437.19,residential,India
1,2030-06-18,466.78,residential,India
1,2030-06-19,449.21,residential,India
1,2030-06-20,446.48,residential,India
1,2030-06-21,441.38,residential,India
1,2030-06-22,472.78,residential,India
1,2030-06-23,427.14,residential,India
1,2030-06-24,406.64,residential,India
1,2030-06-25,467.04,residential,India
1,2030-06-26,459.88,residential,India
1,2030-06-27,479.91,residential,India
1,2030-06-28,452.48,residential,India
1,2030-06-29,466.62,residential,India
1,2030-06-30,475.88,residential,India
1,2030-07-01,456.3,residential,India
1,2030-07-02,427.9,residential,India
1,2030-07-03,452.62,residential,India
1,2030-07-04,437.61,residential,India
1,2030-07-05,445.08,residential,India
1,2030-07-06,440.45,residential,India
1,2030-07-07,449.74,residential,India
1,2030-07-08,444.9,residential,India
1,2030-07-09,444.35,residential,India
1,2030-07-10,435.57,residential,India
1,2030-07-11,466.73,residential,India
1,2030-07-12,465.12,residential,India
1,2030-07-13,448.21,residential,India
1,2030-07-14,438.1,residential,India
1,2030-07-15,458.84,residential,India
1,2030-07-16,434.56,residential,India
1,2030-07-17,398.5,residential,India
1,2030-07-18,439.68,residential,India
1,2030-07-19,436.72,residential,India
1,2030-07-20,432.78,residential,India
1,2030-07-21,449.96,residential,India
1,2030-07-22,428.49,residential,India
1,2030-07-23,442.75,residential,India
1,2030-07-24,435.4,residential,India
1,2030-07-25,471.48,residential,India
1,2030-07-26,415.2,residential,India
1,2030-07-27,442.37,residential,India
1,2030-07-28,426.8,residential,India
1,2030-07-29,449.15,residential,India
1,2030-07-30,456.3,residential,India
1,2030-07-31,440.18,residential,India
1,2030-08-01,492.77,residential,India
1,2030-08-02,445.77,residential,India
1,2030-08-03,483.34,residential,India
1,2030-08-04,474.13,residential,India
1,2030-08-05,445.41,residential,India
1,2030-08-06,450.51,residential,India
1,2030-08-07,430.01,residential,India
1,2030-08-08,451.54,residential,India
1,2030-08-09,426.74,residential,India
1,2030-08-10,465.95,residential,India
1,2030-08-11,457.12,residential,India
1,2030-08-12,422.56,residential,India
1,2030-08-13,447.94,residential,India
1,2030-08-14,422.91,residential,India
1,2030-08-15,455.56,residential,India
1,2030-08-16,449.31,residential,India
1,2030-08-17,451.64,residential,India
1,2030-08-18,424.31,residential,India
1,2030-08-19,466.12,residential,India
1,2030-08-20,434.98,residential,India
1,2030-08-21,409.89,residential,India
1,2030-08-22,451.63,residential,India
1,2030-08-23,446.4,residential,India
1,2030-08-24,420.6,residential,India
1,2030-08-25,466.09,residential,India
1,2030-08-26,468.69,residential,India
1,2030-08-27,443.6,residential,India
1,2030-08-28,445.03,residential,India
1,2030-08-29,431.43,residential,India
1,2030-08-30,446.9,residential,India
1,2030-08-31,456.0,residential,India
1,2030-09-01,426.17,residential,India
1,2030-09-02,402.76,residential,India
1,2030-09-03,432.38,residential,India
1,2030-09-04,460.05,residential,India
1,2030-09-05,437.14,residential,India
1,2030-09-06,473.76,residential,India
1,2030-09-07,461.26,residential,India
1,2030-09-08,426.71,residential,India
1,2030-09-09,440.35,residential,India
1,2030-09-10,441.81,residential,India
1,2030-09-11,444.6,residential,India
1,2030-09-12,457.48,residential,India
1,2030-09-13,457.66,residential,India
1,2030-09-14,463.44,residential,India
1,2030-09-15,450.01,residential,India
1,2030-09-16,440.48,residential,India
1,2030-09-17,429.84,residential,India
1,2030-09-18,434.24,residential,India
1,2030-09-19,446.74,residential,India
1,2030-09-20,440.66,residential,India
1,2030-09-21,456.75,residential,India
1,2030-09-22,452.82,residential,India
1,2030-09-23,426.88,residential,India
1,2030-09-24,426.48,residential,India
1,2030-09-25,448.58,residential,India
1,2030-09-26,455.14,residential,India
1,2030-09-27,473.43,residential,India
1,2030-09-28,448.2,residential,India
1,2030-09-29,451.59,residential,India
1,2030-09-30,437.87,residential,India
1,2030-10-01,445.48,residential,India
1,2030-10-02,456.97,residential,India
1,2030-10-03,435.57,residential,India
1,2030-10-04,424.01,residential,India
1,2030-10-05,463.82,residential,India
1,2030-10-06,436.5,residential,India
1,2030-10-07,446.01,residential,India
1,2030-10-08,466.86,residential,India
1,2030-10-09,447.3,residential,India
1,2030-10-10,450.8,residential,India
1,2030-10-11,430.12,residential,India
1,2030-10-12,418.29,residential,India
1,2030-10-13,444.39,residential,India
1,2030-10-14,415.45,residential,India
1,2030-10-15,379.01,residential,India
1,2030-10-16,451.31,residential,India
1,2030-10-17,411.48,residential,India
1,2030-10-18,462.57,residential,India
1,2030-10-19,473.57,residential,India
1,2030-10-20,475.72,residential,India
1,2030-10-21,441.91,residential,India
1,2030-10-22,406.58,residential,India
1,2030-10-23,453.91,residential,India
1,2030-10-24,460.26,residential,India
1,2030-10-25,419.12,residential,India
1,2030-10-26,431.62,residential,India
1,2030-10-27,423.93,residential,India
1,2030-10-28,435.59,residential,India
1,2030-10-29,477.37,residential,India
1,2030-10-30,402.21,residential,India
1,2030-10-31,434.99,residential,India
1,2030-11-01,431.19,residential,India
1,2030-11-02,467.29,residential,India
1,2030-11-03,417.98,residential,India
1,2030-11-04,427.19,residential,India
1,2030-11-05,457.76,residential,India
1,2030-11-06,428.95,residential,India
1,2030-11-07,461.39,residential,India
1,2030-11-08,440.06,residential,India
1,2030-11-09,415.37,residential,India
1,2030-11-10,446.18,residential,India
1,2030-11-11,437.95,residential,India
1,2030-11-12,465.4,residential,India
1,2030-11-13,464.7,residential,India
1,2030-11-14,396.46,residential,India
1,2030-11-15,434.82,residential,India
1,2030-11-16,445.4,residential,India
1,2030-11-17,391.68,residential,India
1,2030-11-18,414.97,residential,India
1,2030-11-19,493.51,residential,India
1,2030-11-20,424.8,residential,India
1,2030-11-21,395.12,residential,India
1,2030-11-22,411.11,residential,India
1,2030-11-23,429.25,residential,India
1,2030-11-24,432.48,residential,India
1,2030-11-25,447.59,residential,India
1,2030-11-26,405.64,residential,India
1,2030-11-27,430.86,residential,India
1,2030-11-28,467.88,residential,India
1,2030-11-29,400.1,residential,India
1,2030-11-30,415.2,residential,India
1,2030-12-01,453.1,residential,India
1,2030-12-02,432.46,residential,India
1,2030-12-03,441.7,residential,India
1,2030-12-04,432.6,residential,India
1,2030-12-05,451.33,residential,India
1,2030-12-06,433.66,residential,India
1,2030-12-07,450.19,residential,India
1,2030-12-08,435.82,residential,India
1,2030-12-09,411.28,residential,India
1,2030-12-10,446.92,residential,India
1,2030-12-11,448.89,residential,India
1,2030-12-12,460.73,residential,India
1,2030-12-13,405.01,residential,India
1,2030-12-14,414.31,residential,India
1,2030-12-15,434.34,residential,India
1,2030-12-16,441.06,residential,India
1,2030-12-17,410.37,residential,India
1,2030-12-18,468.65,residential,India
1,2030-12-19,438.01,residential,India
1,2030-12-20,408.27,residential,India
1,2030-12-21,441.09,residential,India
1,2030-12-22,407.7,residential,India
1,2030-12-23,449.76,residential,India
1,2030-12-24,441.93,residential,India
1,2030-12-25,433.1,residential,India
1,2030-12-26,461.39,residential,India
1,2030-12-27,415.57,residential,India
1,2030-12-28,428.39,residential,India
1,2030-12-29,442.42,residential,India
1,2030-12-30,462.35,residential,India
1,2030-12-31,395.5,residential,India
1,2031-01-01,427.16,residential,India
1,2031-01-02,425.23,residential,India
1,2031-01-03,432.34,residential,India
1,2031-01-04,422.83,residential,India
1,2031-01-05,437.75,residential,India
1,2031-01-06,412.38,residential,India
1,2031-01-07,426.31,residential,India
1,2031-01-08,436.44,residential,India
1,2031-01-09,447.13,residential,India
1,2031-01-10,444.72,residential,India
1,2031-01-11,440.81,residential,India
1,2031-01-12,449.32,residential,India
1,2031-01-13,432.28,residential,India
1,2031-01-14,409.02,residential,India
1,2031-01-15,436.27,residential,India
1,2031-01-16,434.02,residential,India
1,2031-01-17,440.48,residential,India
1,2031-01-18,403.2,residential,India
1,2031-01-19,416.41,residential,India
1,2031-01-20,437.13,residential,India
1,2031-01-21,416.39,residential,India
1,2031-01-22,434.86,residential,India
1,2031-01-23,453.85,residential,India
1,2031-01-24,441.58,residential,India
1,2031-01-25,408.23,residential,India
1,2031-01-26,469.05,residential,India
1,2031-01-27,421.83,residential,India
1,2031-01-28,398.41,residential,India
1,2031-01-29,416.13,residential,India
1,2031-01-30,402.21,residential,India
1,2031-01-31,392.5,residential,India
1,2031-02-01,432.91,residential,India
1,2031-02-02,420.35,residential,India
1,2031-02-03,442.37,residential,India
1,2031-02-04,464.58,residential,India
1,2031-02-05,433.98,residential,India
1,2031-02-06,416.77,residential,India
1,2031-02-07,465.16,residential,India
1,2031-02-08,432.6,residential,India
1,2031-02-09,419.46,residential,India
1,2031-02-10,433.71,residential,India
1,2031-02-11,435.34,residential,India
1,2031-02-12,431.89,residential,India
1,2031-02-13,397.32,residential,India
1,2031-02-14,447.57,residential,India
1,2031-02-15,434.33,residential,India
1,2031-02-16,408.63,residential,India
1,2031-02-17,407.58,residential,India
1,2031-02-18,486.65,residential,India
1,2031-02-19,412.86,residential,India
1,2031-02-20,427.42,residential,India
1,2031-02-21,422.1,residential,India
1,2031-02-22,408.02,residential,India
1,2031-02-23,421.69,residential,India
1,2031-02-24,436.77,residential,India
1,2031-02-25,441.74,residential,India
1,2031-02-26,473.23,residential,India
1,2031-02-27,419.17,residential,India
1,2031-02-28,389.28,residential,India
1,2031-03-01,401.32,residential,India
1,2031-03-02,489.36,residential,India
1,2031-03-03,428.61,residential,India
1,2031-03-04,416.33,residential,India
1,2031-03-05,440.02,residential,India
1,2031-03-06,453.96,residential,India
1,2031-03-07,375.77,residential,India
1,2031-03-08,426.39,residential,India
1,2031-03-09,447.31,residential,India
1,2031-03-10,433.93,residential,India
1,2031-03-11,401.32,residential,India
1,2031-03-12,416.72,residential,India
1,2031-03-13,434.39,residential,India
1,2031-03-14,416.91,residential,India
1,2031-03-15,446.67,residential,India
1,2031-03-16,418.95,residential,India
1,2031-03-17,434.27,residential,India
1,2031-03-18,393.46,residential,India
1,2031-03-19,440.57,residential,India
1,2031-03-20,414.17,residential,India
1,2031-03-21,425.45,residential,India
1,2031-03-22,402.27,residential,India
1,2031-03-23,418.46,residential,India
1,2031-03-24,448.13,residential,India
1,2031-03-25,430.77,residential,India
1,2031-03-26,443.25,residential,India
1,2031-03-27,457.26,residential,India
1,2031-03-28,409.12,residential,India
1,2031-03-29,422.13,residential,India
1,2031-03-30,411.75,residential,India
1,2031-03-31,447.41,residential,India
1,2031-04-01,447.49,residential,India
1,2031-04-02,443.63,residential,India
1,2031-04-03,424.59,residential,India
1,2031-04-04,404.07,residential,India
1,2031-04-05,419.35,residential,India
1,2031-04-06,392.57,residential,India
1,2031-04-07,427.69,residential,India
1,2031-04-08,431.21,residential,India
1,2031-04-09,469.37,residential,India
1,2031-04-10,398.11,residential,India
1,2031-04-11,384.96,residential,India
1,2031-04-12,457.16,residential,India
1,2031-04-13,393.26,residential,India
1,2031-04-14,428.55,residential,India
1,2031-04-15,380.14,residential,India
1,2031-04-16,410.5,residential,India
1,2031-04-17,402.91,residential,India
1,2031-04-18,396.66,residential,India
1,2031-04-19,419.39,residential,India
1,2031-04-20,409.83,residential,India
1,2031-04-21,437.13,residential,India
1,2031-04-22,460.27,residential,India
1,2031-04-23,393.16,residential,India
1,2031-04-24,457.28,residential,India
1,2031-04-25,445.26,residential,India
1,2031-04-26,417.79,residential,India
1,2031-04-27,386.52,residential,India
1,2031-04-28,414.91,residential,India
1,2031-04-29,399.59,residential,India
1,2031-04-30,434.11,residential,India
1,2031-05-01,430.17,residential,India
1,2031-05-02,415.31,residential,India
1,2031-05-03,407.47,residential,India
1,2031-05-04,430.21,residential,India
1,2031-05-05,453.56,residential,India
1,2031-05-06,415.13,residential,India
1,2031-05-07,453.23,residential,India
1,2031-05-08,399.61,residential,India
1,2031-05-09,403.61,residential,India
1,2031-05-10,459.4,residential,India
1,2031-05-11,433.12,residential,India
1,2031-05-12,399.58,residential,India
1,2031-05-13,423.11,residential,India
1,2031-05-14,443.16,residential,India
1,2031-05-15,435.75,residential,India
1,2031-05-16,419.59,residential,India
1,2031-05-17,427.89,residential,India
1,2031-05-18,406.81,residential,India
1,2031-05-19,423.9,residential,India
1,2031-05-20,422.22,residential,India
1,2031-05-21,446.39,residential,India
1,2031-05-22,413.99,residential,India
1,2031-05-23,407.58,residential,India
1,2031-05-24,415.91,residential,India
1,2031-05-25,430.17,residential,India
1,2031-05-26,452.94,residential,India
1,2031-05-27,430.62,residential,India
1,2031-05-28,411.03,residential,India
1,2031-05-29,416.3,residential,India
1,2031-05-30,465.44,residential,India
1,2031-05-31,441.08,residential,India
1,2031-06-01,406.21,residential,India
1,2031-06-02,439.85,residential,India
1,2031-06-03,436.63,residential,India
1,2031-06-04,450.91,residential,India
1,2031-06-05,385.91,residential,India
1,2031-06-06,414.16,residential,India
1,2031-06-07,432.71,residential,India
1,2031-06-08,402.73,residential,India
1,2031-06-09,409.06,residential,India
1,2031-06-10,423.06,residential,India
1,2031-06-11,441.38,residential,India
1,2031-06-12,445.5,residential,India
1,2031-06-13,398.66,residential,India
1,2031-06-14,432.06,residential,India
1,2031-06-15,444.38,residential,India
1,2031-06-16,461.21,residential,India
1,2031-06-17,432.63,residential,India
1,2031-06-18,442.0,residential,India
1,2031-06-19,396.02,residential,India
1,2031-06-20,432.57,residential,India
1,2031-06-21,442.08,residential,India
1,2031-06-22,430.03,residential,India
1,2031-06-23,412.27,residential,India
1,2031-06-24,414.33,residential,India
1,2031-06-25,453.04,residential,India
1,2031-06-26,409.99,residential,India
1,2031-06-27,428.26,residential,India
1,2031-06-28,414.29,residential,India
1,2031-06-29,418.69,residential,India
1,2031-06-30,454.33,residential,India
1,2031-07-01,418.3,residential,India
1,2031-07-02,423.08,residential,India
1,2031-07-03,412.8,residential,India
1,2031-07-04,428.51,residential,India
1,2031-07-05,394.28,residential,India
1,2031-07-06,429.33,residential,India
1,2031-07-07,406.47,residential,India
1,2031-07-08,437.65,residential,India
1,2031-07-09,428.86,residential,India
1,2031-07-10,410.58,residential,India
1,2031-07-11,403.0,residential,India
1,2031-07-12,418.83,residential,India
1,2031-07-13,380.7,residential,India
1,2031-07-14,402.94,residential,India
1,2031-07-15,441.11,residential,India
1,2031-07-16,452.29,residential,India
1,2031-07-17,422.63,residential,India
1,2031-07-18,428.02,residential,India
1,2031-07-19,440.55,residential,India
1,2031-07-20,437.97,residential,India
1,2031-07-21,418.28,residential,India
1,2031-07-22,412.77,residential,India
1,2031-07-23,438.88,residential,India
1,2031-07-24,431.16,residential,India
1,2031-07-25,452.77,residential,India
1,2031-07-26,423.19,residential,India
1,2031-07-27,414.86,residential,India
1,2031-07-28,368.47,residential,India
1,2031-07-29,436.91,residential,India
1,2031-07-30,432.28,residential,India
1,2031-07-31,429.12,residential,India
1,2031-08-01,444.92,residential,India
1,2031-08-02,439.48,residential,India
1,2031-08-03,445.04,residential,India
1,2031-08-04,421.78,residential,India
1,2031-08-05,418.5,residential,India
1,2031-08-06,429.08,residential,India
1,2031-08-07,391.58,residential,India
1,2031-08-08,439.7,residential,India
1,2031-08-09,431.31,residential,India
1,2031-08-10,384.58,residential,India
1,2031-08-11,423.62,residential,India
1,2031-08-12,412.4,residential,India
1,2031-08-13,394.42,residential,India
1,2031-08-14,445.24,residential,India
1,2031-08-15,412.65,residential,India
1,2031-08-16,445.81,residential,India
1,2031-08-17,443.99,residential,India
1,2031-08-18,423.14,residential,India
1,2031-08-19,437.52,residential,India
1,2031-08-20,409.89,residential,India
1,2031-08-21,398.8,residential,India
1,2031-08-22,419.83,residential,India
1,2031-08-23,377.94,residential,India
1,2031-08-24,407.29,residential,India
1,2031-08-25,430.05,residential,India
1,2031-08-26,403.8,residential,India
1,2031-08-27,425.45,residential,India
1,2031-08-28,409.9,residential,India
1,2031-08-29,398.83,residential,India
1,2031-08-30,426.02,residential,India
1,2031-08-31,431.95,residential,India
1,2031-09-01,403.28,residential,India
1,2031-09-02,434.11,residential,India
1,2031-09-03,414.71,residential,India
1,2031-09-04,411.33,residential,India
1,2031-09-05,420.89,residential,India
1,2031-09-06,432.14,residential,India
1,2031-09-07,419.84,residential,India
1,2031-09-08,444.94,residential,India
1,2031-09-09,377.08,residential,India
1,2031-09-10,420.75,residential,India
1,2031-09-11,411.11,residential,India
1,2031-09-12,425.26,residential,India
1,2031-09-13,449.51,residential,India
1,2031-09-14,412.01,residential,India
1,2031-09-15,412.2,residential,India
1,2031-09-16,394.38,residential,India
1,2031-09-17,404.0,residential,India
1,2031-09-18,392.79,residential,India
1,2031-09-19,423.62,residential,India
1,2031-09-20,412.1,residential,India
1,2031-09-21,441.2,residential,India
1,2031-09-22,428.27,residential,India
1,2031-09-23,457.84,residential,India
1,2031-09-24,446.63,residential,India
1,2031-09-25,382.54,residential,India
1,2031-09-26,418.19,residential,India
1,2031-09-27,455.17,residential,India
1,2031-09-28,376.12,residential,India
1,2031-09-29,428.83,residential,India
1,2031-09-30,413.53,residential,India
1,2031-10-01,462.13,residential,India
1,2031-10-02,389.24,residential,India
1,2031-10-03,407.6,residential,India
1,2031-10-04,418.13,residential,India
1,2031-10-05,411.46,residential,India
1,2031-10-06,422.47,residential,India
1,2031-10-07,421.17,residential,India
1,2031-10-08,443.01,residential,India
1,2031-10-09,430.35,residential,India
1,2031-10-10,440.8,residential,India
1,2031-10-11,416.09,residential,India
1,2031-10-12,404.2,residential,India
1,2031-10-13,444.74,residential,India
1,2031-10-14,406.68,residential,India
1,2031-10-15,404.26,residential,India
1,2031-10-16,413.26,residential,India
1,2031-10-17,443.96,residential,India
1,2031-10-18,404.7,residential,India
1,2031-10-19,418.57,residential,India
1,2031-10-20,434.26,residential,India
1,2031-10-21,397.38,residential,India
1,2031-10-22,403.16,residential,India
1,2031-10-23,426.19,residential,India
1,2031-10-24,402.24,residential,India
1,2031-10-25,428.31,residential,India
1,2031-10-26,396.35,residential,India
1,2031-10-27,423.63,residential,India
1,2031-10-28,371.66,residential,India
1,2031-10-29,425.79,residential,India
1,2031-10-30,407.68,residential,India
1,2031-10-31,417.3,residential,India
1,2031-11-01,420.44,residential,India
1,2031-11-02,425.26,residential,India
1,2031-11-03,388.66,residential,India
1,2031-11-04,395.61,residential,India
1,2031-11-05,452.08,residential,India
1,2031-11-06,442.52,residential,India
1,2031-11-07,455.66,residential,India
1,2031-11-08,445.37,residential,India
1,2031-11-09,436.88,residential,India
1,2031-11-10,424.02,residential,India
1,2031-11-11,439.69,residential,India
1,2031-11-12,404.27,residential,India
1,2031-11-13,402.28,residential,India
1,2031-11-14,441.11,residential,India
1,2031-11-15,395.7,residential,India
1,2031-11-16,436.3,residential,India
1,2031-11-17,424.88,residential,India
1,2031-11-18,470.04,residential,India
1,2031-11-19,409.15,residential,India
1,2031-11-20,441.88,residential,India
1,2031-11-21,418.36,residential,India
1,2031-11-22,427.11,residential,India
1,2031-11-23,414.17,residential,India
1,2031-11-24,401.77,residential,India
1,2031-11-25,388.19,residential,India
1,2031-11-26,445.77,residential,India
1,2031-11-27,413.11,residential,India
1,2031-11-28,407.15,residential,India
1,2031-11-29,442.75,residential,India
1,2031-11-30,394.88,residential,India
1,2031-12-01,418.43,residential,India
1,2031-12-02,413.57,residential,India
1,2031-12-03,394.82,residential,India
1,2031-12-04,426.32,residential,India
1,2031-12-05,423.43,residential,India
1,2031-12-06,396.61,residential,India
1,2031-12-07,424.08,residential,India
1,2031-12-08,437.07,residential,India
1,2031-12-09,430.44,residential,India
1,2031-12-10,419.74,residential,India
1,2031-12-11,453.57,residential,India
1,2031-12-12,444.93,residential,India
1,2031-12-13,442.88,residential,India
1,2031-12-14,444.51,residential,India
1,2031-12-15,390.99,residential,India
1,2031-12-16,468.97,residential,India
1,2031-12-17,444.79,residential,India
1,2031-12-18,427.4,residential,India
1,2031-12-19,452.51,residential,India
1,2031-12-20,406.1,residential,India
1,2031-12-21,381.78,residential,India
1,2031-12-22,398.73,residential,India
1,2031-12-23,397.05,residential,India
1,2031-12-24,408.49,residential,India
1,2031-12-25,431.39,residential,India
1,2031-12-26,433.57,residential,India
1,2031-12-27,400.11,residential,India
1,2031-12-28,434.88,residential,India
1,2031-12-29,444.34,residential,India
1,2031-12-30,446.44,residential,India
1,2031-12-31,407.15,residential,India
1,2032-01-01,406.02,residential,India
1,2032-01-02,403.77,residential,India
1,2032-01-03,428.78,residential,India
1,2032-01-04,401.62,residential,India
1,2032-01-05,400.51,residential,India
1,2032-01-06,405.01,residential,India
1,2032-01-07,420.03,residential,India
1,2032-01-08,425.27,residential,India
1,2032-01-09,405.36,residential,India
1,2032-01-10,403.13,residential,India
1,2032-01-11,429.69,residential,India
1,2032-01-12,431.44,residential,India
1,2032-01-13,383.14,residential,India
1,2032-01-14,414.24,residential,India
1,2032-01-15,417.51,residential,India
1,2032-01-16,411.82,residential,India
1,2032-01-17,388.49,residential,India
1,2032-01-18,434.36,residential,India
1,2032-01-19,412.08,residential,India
1,2032-01-20,398.07,residential,India
1,2032-01-21,429.03,residential,India
1,2032-01-22,398.37,residential,India
1,2032-01-23,405.62,residential,India
1,2032-01-24,444.25,residential,India
1,2032-01-25,429.31,residential,India
1,2032-01-26,410.97,residential,India
1,2032-01-27,437.12,residential,India
1,2032-01-28,444.57,residential,India
1,2032-01-29,429.3,residential,India
1,2032-01-30,426.02,residential,India
1,2032-01-31,423.24,residential,India
1,2032-02-01,405.96,residential,India
1,2032-02-02,432.64,residential,India
1,2032-02-03,464.53,residential,India
1,2032-02-04,397.74,residential,India
1,2032-02-05,427.16,residential,India
1,2032-02-06,444.86,residential,India
1,2032-02-07,419.17,residential,India
1,2032-02-08,418.64,residential,India
1,2032-02-09,423.26,residential,India
1,2032-02-10,429.12,residential,India
1,2032-02-11,380.84,residential,India
1,2032-02-12,458.62,residential,India
1,2032-02-13,406.65,residential,India
1,2032-02-14,380.99,residential,India
1,2032-02-15,412.44,residential,India
1,2032-02-16,428.36,residential,India
1,2032-02-17,433.72,residential,India
1,2032-02-18,409.38,residential,India
1,2032-02-19,409.7,residential,India
1,2032-02-20,418.29,residential,India
1,2032-02-21,477.29,residential,India
1,2032-02-22,447.56,residential,India
1,2032-02-23,436.91,residential,India
1,2032-02-24,421.83,residential,India
1,2032-02-25,419.66,residential,India
1,2032-02-26,384.1,residential,India
1,2032-02-27,430.8,residential,India
1,2032-02-28,421.11,residential,India
1,2032-02-29,398.36,residential,India
1,2032-03-01,427.71,residential,India
1,2032-03-02,453.55,residential,India
1,2032-03-03,417.9,residential,India
1,2032-03-04,427.0,residential,India
1,2032-03-05,446.38,residential,India
1,2032-03-06,421.1,residential,India
1,2032-03-07,432.59,residential,India
1,2032-03-08,424.42,residential,India
1,2032-03-09,415.0,residential,India
1,2032-03-10,404.15,residential,India
1,2032-03-11,423.0,residential,India
1,2032-03-12,397.24,residential,India
1,2032-03-13,396.1,residential,India
1,2032-03-14,431.47,residential,India
1,2032-03-15,421.83,residential,India
1,2032-03-16,392.08,residential,India
1,2032-03-17,422.67,residential,India
1,2032-03-18,421.93,residential,India
1,2032-03-19,448.39,residential,India
1,2032-03-20,418.77,residential,India
1,2032-03-21,460.92,residential,India
1,2032-03-22,428.82,residential,India
1,2032-03-23,424.12,residential,India
1,2032-03-24,419.52,residential,India
1,2032-03-25,462.85,residential,India
1,2032-03-26,388.16,residential,India
1,2032-03-27,428.59,residential,India
1,2032-03-28,429.63,residential,India
1,2032-03-29,417.13,residential,India
1,2032-03-30,419.52,residential,India
1,2032-03-31,443.67,residential,India
1,2032-04-01,428.39,residential,India
1,2032-04-02,453.17,residential,India
1,2032-04-03,425.21,residential,India
1,2032-04-04,423.57,residential,India
1,2032-04-05,418.33,residential,India
1,2032-04-06,413.36,residential,India
1,2032-04-07,419.74,residential,India
1,2032-04-08,430.09,residential,India
1,2032-04-09,443.79,residential,India
1,2032-04-10,398.1,residential,India
1,2032-04-11,429.85,residential,India
1,2032-04-12,426.59,residential,India
1,2032-04-13,369.63,residential,India
1,2032-04-14,394.03,residential,India
1,2032-04-15,429.45,residential,India
1,2032-04-16,427.89,residential,India
1,2032-04-17,399.27,residential,India
1,2032-04-18,427.67,residential,India
1,2032-04-19,437.69,residential,India
1,2032-04-20,443.31,residential,India
1,2032-04-21,386.99,residential,India
1,2032-04-22,415.73,residential,India
1,2032-04-23,407.69,residential,India
1,2032-04-24,427.45,residential,India
1,2032-04-25,398.07,residential,India
1,2032-04-26,413.5,residential,India
1,2032-04-27,394.52,residential,India
1,2032-04-28,409.69,residential,India
1,2032-04-29,413.9,residential,India
1,2032-04-30,435.08,residential,India
1,2032-05-01,408.93,residential,India
1,2032-05-02,405.38,residential,India
1,2032-05-03,449.86,residential,India
1,2032-05-04,426.4,residential,India
1,2032-05-05,419.17,residential,India
1,2032-05-06,437.77,residential,India
1,2032-05-07,434.58,residential,India
1,2032-05-08,387.62,residential,India
1,2032-05-09,405.97,residential,India
1,2032-05-10,469.82,residential,India
1,2032-05-11,417.96,residential,India
1,2032-05-12,430.35,residential,India
1,2032-05-13,416.04,residential,India
1,2032-05-14,401.18,residential,India
1,2032-05-15,417.64,residential,India
1,2032-05-16,414.58,residential,India
1,2032-05-17,434.54,residential,India
1,2032-05-18,468.11,residential,India
1,2032-05-19,453.3,residential,India
1,2032-05-20,419.46,residential,India
1,2032-05-21,401.83,residential,India
1,2032-05-22,438.56,residential,India
1,2032-05-23,427.73,residential,India
1,2032-05-24,442.7,residential,India
1,2032-05-25,430.52,residential,India
1,2032-05-26,390.67,residential,India
1,2032-05-27,410.54,residential,India
1,2032-05-28,433.25,residential,India
1,2032-05-29,470.37,residential,India
1,2032-05-30,437.99,residential,India
1,2032-05-31,466.44,residential,India
1,2032-06-01,419.66,residential,India
1,2032-06-02,455.17,residential,India
1,2032-06-03,430.56,residential,India
1,2032-06-04,428.17,residential,India
1,2032-06-05,416.79,residential,India
1,2032-06-06,409.93,residential,India
1,2032-06-07,444.19,residential,India
1,2032-06-08,435.67,residential,India
1,2032-06-09,455.77,residential,India
1,2032-06-10,474.33,residential,India
1,2032-06-11,433.45,residential,India
1,2032-06-12,403.31,residential,India
1,2032-06-13,419.79,residential,India
1,2032-06-14,427.57,residential,India
1,2032-06-15,405.74,residential,India
1,2032-06-16,431.02,residential,India
1,2032-06-17,421.33,residential,India
1,2032-06-18,430.9,residential,India
1,2032-06-19,437.35,residential,India
1,2032-06-20,446.93,residential,India
1,2032-06-21,417.18,residential,India
1,2032-06-22,432.65,residential,India
1,2032-06-23,439.78,residential,India
1,2032-06-24,458.02,residential,India
1,2032-06-25,450.72,residential,India
1,2032-06-26,419.81,residential,India
1,2032-06-27,449.52,residential,India
1,2032-06-28,421.49,residential,India
1,2032-06-29,401.11,residential,India
1,2032-06-30,405.61,residential,India
1,2032-07-01,458.39,residential,India
1,2032-07-02,465.82,residential,India
1,2032-07-03,422.63,residential,India
1,2032-07-04,448.12,residential,India
1,2032-07-05,470.15,residential,India
1,2032-07-06,441.26,residential,India
1,2032-07-07,420.18,residential,India
1,2032-07-08,433.22,residential,India
1,2032-07-09,423.54,residential,India
1,2032-07-10,432.55,residential,India
1,2032-07-11,450.55,residential,India
1,2032-07-12,426.56,residential,India
1,2032-07-13,457.06,residential,India
1,2032-07-14,408.22,residential,India
1,2032-07-15,417.69,residential,India
1,2032-07-16,437.96,residential,India
1,2032-07-17,424.78,residential,India
1,2032-07-18,406.26,residential,India
1,2032-07-19,451.59,residential,India
1,2032-07-20,441.91,residential,India
1,2032-07-21,452.42,residential,India
1,2032-07-22,443.15,residential,India
1,2032-07-23,447.31,residential,India
1,2032-07-24,412.53,residential,India
1,2032-07-25,423.61,residential,India
1,2032-07-26,417.53,residential,India
1,2032-07-27,430.18,residential,India
1,2032-07-28,435.35,residential,India
1,2032-07-29,404.68,residential,India
1,2032-07-30,436.79,residential,India
1,2032-07-31,442.24,residential,India
1,2032-08-01,437.28,residential,India
1,2032-08-02,429.08,residential,India
1,2032-08-03,419.61,residential,India
1,2032-08-04,391.86,residential,India
1,2032-08-05,472.33,residential,India
1,2032-08-06,424.53,residential,India
1,2032-08-07,465.85,residential,India
1,2032-08-08,471.26,residential,India
1,2032-08-09,419.28,residential,India
1,2032-08-10,453.76,residential,India
1,2032-08-11,435.73,residential,India
1,2032-08-12,431.1,residential,India
1,2032-08-13,419.0,residential,India
1,2032-08-14,436.48,residential,India
1,2032-08-15,454.89,residential,India
1,2032-08-16,431.14,residential,India
1,2032-08-17,424.99,residential,India
1,2032-08-18,440.64,residential,India
1,2032-08-19,439.38,residential,India
1,2032-08-20,423.05,residential,India
1,2032-08-21,416.14,residential,India
1,2032-08-22,433.13,residential,India
1,2032-08-23,456.75,residential,India
1,2032-08-24,400.87,residential,India
1,2032-08-25,472.83,residential,India
1,2032-08-26,439.96,residential,India
1,2032-08-27,432.92,residential,India
1,2032-08-28,389.9,residential,India
1,2032-08-29,428.35,residential,India
1,2032-08-30,439.42,residential,India
1,2032-08-31,445.22,residential,India
1,2032-09-01,447.55,residential,India
1,2032-09-02,433.13,residential,India
1,2032-09-03,422.41,residential,India
1,2032-09-04,413.95,residential,India
1,2032-09-05,462.42,residential,India
1,2032-09-06,458.1,residential,India
1,2032-09-07,408.0,residential,India
1,2032-09-08,454.34,residential,India
1,2032-09-09,429.97,residential,India
1,2032-09-10,431.26,residential,India
1,2032-09-11,402.87,residential,India
1,2032-09-12,421.41,residential,India
1,2032-09-13,444.19,residential,India
1,2032-09-14,422.39,residential,India
1,2032-09-15,437.87,residential,India
1,2032-09-16,439.94,residential,India
1,2032-09-17,393.26,residential,India
1,2032-09-18,411.22,residential,India
1,2032-09-19,440.61,residential,India
1,2032-09-20,428.4,residential,India
1,2032-09-21,453.39,residential,India
1,2032-09-22,444.25,residential,India
1,2032-09-23,446.14,residential,India
1,2032-09-24,436.2,residential,India
1,2032-09-25,428.28,residential,India
1,2032-09-26,427.92,residential,India
1,2032-09-27,449.27,residential,India
1,2032-09-28,457.74,residential,India
1,2032-09-29,474.77,residential,India
1,2032-09-30,460.51,residential,India
1,2032-10-01,432.82,residential,India
1,2032-10-02,424.66,residential,India
1,2032-10-03,435.99,residential,India
1,2032-10-04,406.42,residential,India
1,2032-10-05,455.57,residential,India
1,2032-10-06,423.33,residential,India
1,2032-10-07,417.2,residential,India
1,2032-10-08,405.45,residential,India
1,2032-10-09,454.12,residential,India
1,2032-10-10,427.58,residential,India
1,2032-10-11,397.04,residential,India
1,2032-10-12,440.56,residential,India
1,2032-10-13,431.12,residential,India
1,2032-10-14,455.63,residential,India
1,2032-10-15,453.78,residential,India
1,2032-10-16,468.77,residential,India
1,2032-10-17,448.77,residential,India
1,2032-10-18,462.31,residential,India
1,2032-10-19,415.9,residential,India
1,2032-10-20,444.81,residential,India
1,2032-10-21,442.72,residential,India
1,2032-10-22,411.21,residential,India
1,2032-10-23,416.65,residential,India
1,2032-10-24,437.32,residential,India
1,2032-10-25,437.87,residential,India
1,2032-10-26,439.37,residential,India
1,2032-10-27,449.81,residential,India
1,2032-10-28,479.97,residential,India
1,2032-10-29,462.51,residential,India
1,2032-10-30,465.58,residential,India
1,2032-10-31,459.88,residential,India
1,2032-11-01,465.79,residential,India
1,2032-11-02,441.28,residential,India
1,2032-11-03,446.15,residential,India
1,2032-11-04,434.98,residential,India
1,2032-11-05,437.06,residential,India
1,2032-11-06,466.15,residential,India
1,2032-11-07,432.12,residential,India
1,2032-11-08,451.2,residential,India
1,2032-11-09,417.95,residential,India
1,2032-11-10,423.64,residential,India
1,2032-11-11,438.07,residential,India
1,2032-11-12,455.16,residential,India
1,2032-11-13,453.32,residential,India
1,2032-11-14,445.68,residential,India
1,2032-11-15,489.42,residential,India
1,2032-11-16,442.89,residential,India
1,2032-11-17,444.02,residential,India
1,2032-11-18,473.03,residential,India
1,2032-11-19,461.66,residential,India
1,2032-11-20,489.92,residential,India
1,2032-11-21,421.78,residential,India
1,2032-11-22,447.45,residential,India
1,2032-11-23,431.28,residential,India
1,2032-11-24,459.76,residential,India
1,2032-11-25,468.41,residential,India
1,2032-11-26,452.69,residential,India
1,2032-11-27,432.23,residential,India
1,2032-11-28,404.91,residential,India
1,2032-11-29,457.37,residential,India
1,2032-11-30,461.68,residential,India
1,2032-12-01,438.96,residential,India
1,2032-12-02,489.04,residential,India
1,2032-12-03,420.45,residential,India
1,2032-12-04,444.49,residential,India
1,2032-12-05,393.94,residential,India
1,2032-12-06,449.63,residential,India
1,2032-12-07,449.93,residential,India
1,2032-12-08,491.64,residential,India
1,2032-12-09,402.54,residential,India
1,2032-12-10,419.69,residential,India
1,2032-12-11,409.35,residential,India
1,2032-12-12,423.47,residential,India
1,2032-12-13,465.21,residential,India
1,2032-12-14,462.97,residential,India
1,2032-12-15,450.53,residential,India
1,2032-12-16,483.38,residential,India
1,2032-12-17,433.92,residential,India
1,2032-12-18,441.45,residential,India
1,2032-12-19,452.57,residential,India
1,2032-12-20,479.51,residential,India
1,2032-12-21,436.19,residential,India
1,2032-12-22,432.1,residential,India
1,2032-12-23,422.24,residential,India
1,2032-12-24,438.98,residential,India
1,2032-12-25,466.08,residential,India
1,2032-12-26,443.25,residential,India
1,2032-12-27,434.05,residential,India
1,2032-12-28,459.94,residential,India
1,2032-12-29,422.36,residential,India
1,2032-12-30,469.25,residential,India
1,2032-12-31,475.56,residential,India
1,2033-01-01,458.76,residential,India
1,2033-01-02,444.87,residential,India
1,2033-01-03,462.03,residential,India
1,2033-01-04,462.43,residential,India
1,2033-01-05,467.65,residential,India
1,2033-01-06,486.7,residential,India
1,2033-01-07,451.87,residential,India
1,2033-01-08,476.91,residential,India
1,2033-01-09,416.79,residential,India
1,2033-01-10,444.88,residential,India
1,2033-01-11,463.83,residential,India
1,2033-01-12,479.79,residential,India
1,2033-01-13,419.52,residential,India
1,2033-01-14,453.51,residential,India
1,2033-01-15,454.72,residential,India
1,2033-01-16,455.34,residential,India
1,2033-01-17,432.33,residential,India
1,2033-01-18,471.14,residential,India
1,2033-01-19,451.17,residential,India
1,2033-01-20,439.87,residential,India
1,2033-01-21,429.8,residential,India
1,2033-01-22,435.75,residential,India
1,2033-01-23,473.84,residential,India
1,2033-01-24,413.06,residential,India
1,2033-01-25,476.31,residential,India
1,2033-01-26,439.63,residential,India
1,2033-01-27,455.34,residential,India
1,2033-01-28,434.84,residential,India
1,2033-01-29,440.76,residential,India
1,2033-01-30,440.25,residential,India
1,2033-01-31,463.03,residential,India
1,2033-02-01,397.1,residential,India
1,2033-02-02,421.42,residential,India
1,2033-02-03,445.62,residential,India
1,2033-02-04,431.39,residential,India
1,2033-02-05,479.93,residential,India
1,2033-02-06,456.75,residential,India
1,2033-02-07,459.43,residential,India
1,2033-02-08,448.45,residential,India
1,2033-02-09,457.45,residential,India
1,2033-02-10,460.98,residential,India
1,2033-02-11,461.83,residential,India
1,2033-02-12,433.48,residential,India
1,2033-02-13,437.32,residential,India
1,2033-02-14,444.05,residential,India
1,2033-02-15,480.59,residential,India
1,2033-02-16,462.04,residential,India
1,2033-02-17,461.98,residential,India
1,2033-02-18,444.59,residential,India
1,2033-02-19,473.59,residential,India
1,2033-02-20,500.88,residential,India
1,2033-02-21,478.27,residential,India
1,2033-02-22,426.49,residential,India
1,2033-02-23,452.58,residential,India
1,2033-02-24,468.07,residential,India
1,2033-02-25,428.0,residential,India
1,2033-02-26,457.42,residential,India
1,2033-02-27,446.77,residential,India
1,2033-02-28,432.68,residential,India
1,2033-03-01,471.2,residential,India
1,2033-03-02,505.56,residential,India
1,2033-03-03,449.93,residential,India
1,2033-03-04,442.54,residential,India
1,2033-03-05,466.51,residential,India
1,2033-03-06,476.04,residential,India
1,2033-03-07,455.12,residential,India
1,2033-03-08,454.35,residential,India
1,2033-03-09,423.06,residential,India
1,2033-03-10,475.04,residential,India
1,2033-03-11,497.09,residential,India
1,2033-03-12,459.56,residential,India
1,2033-03-13,469.22,residential,India
1,2033-03-14,462.67,residential,India
1,2033-03-15,434.34,residential,India
1,2033-03-16,445.15,residential,India
1,2033-03-17,449.5,residential,India
1,2033-03-18,457.88,residential,India
1,2033-03-19,491.44,residential,India
1,2033-03-20,470.04,residential,India
1,2033-03-21,455.39,residential,India
1,2033-03-22,403.84,residential,India
1,2033-03-23,459.96,residential,India
1,2033-03-24,472.32,residential,India
1,2033-03-25,468.05,residential,India
1,2033-03-26,468.03,residential,India
1,2033-03-27,452.98,residential,India
1,2033-03-28,475.36,residential,India
1,2033-03-29,503.17,residential,India
1,2033-03-30,429.8,residential,India
1,2033-03-31,466.4,residential,India
1,2033-04-01,482.57,residential,India
1,2033-04-02,421.35,residential,India
1,2033-04-03,477.8,residential,India
1,2033-04-04,446.42,residential,India
1,2033-04-05,437.97,residential,India
1,2033-04-06,475.29,residential,India
1,2033-04-07,488.22,residential,India
1,2033-04-08,452.24,residential,India
1,2033-04-09,494.52,residential,India
1,2033-04-10,450.66,residential,India
1,2033-04-11,453.66,residential,India
1,2033-04-12,458.07,residential,India
1,2033-04-13,456.64,residential,India
1,2033-04-14,487.72,residential,India
1,2033-04-15,448.67,residential,India
1,2033-04-16,474.75,residential,India
1,2033-04-17,463.39,residential,India
1,2033-04-18,463.76,residential,India
1,2033-04-19,463.02,residential,India
1,2033-04-20,445.64,residential,India
1,2033-04-21,437.79,residential,India
1,2033-04-22,456.97,residential,India
1,2033-04-23,433.7,residential,India
1,2033-04-24,497.73,residential,India
1,2033-04-25,457.76,residential,India
1,2033-04-26,447.18,residential,India
1,2033-04-27,454.5,residential,India
1,2033-04-28,449.33,residential,India
1,2033-04-29,480.38,residential,India
1,2033-04-30,465.47,residential,India
1,2033-05-01,466.86,residential,India
1,2033-05-02,434.19,residential,India
1,2033-05-03,450.47,residential,India
1,2033-05-04,421.9,residential,India
1,2033-05-05,491.16,residential,India
1,2033-05-06,469.17,residential,India
1,2033-05-07,447.26,residential,India
1,2033-05-08,473.03,residential,India
1,2033-05-09,461.94,residential,India
1,2033-05-10,449.59,residential,India
1,2033-05-11,466.2,residential,India
1,2033-05-12,491.13,residential,India
1,2033-05-13,453.62,residential,India
1,2033-05-14,441.89,residential,India
1,2033-05-15,465.11,residential,India
1,2033-05-16,454.91,residential,India
1,2033-05-17,459.5,residential,India
1,2033-05-18,455.84,residential,India
1,2033-05-19,454.82,residential,India
1,2033-05-20,500.49,residential,India
1,2033-05-21,456.14,residential,India
1,2033-05-22,501.98,residential,India
1,2033-05-23,463.43,residential,India
1,2033-05-24,478.76,residential,India
1,2033-05-25,419.03,residential,India
1,2033-05-26,464.85,residential,India
1,2033-05-27,473.49,residential,India
1,2033-05-28,482.09,residential,India
1,2033-05-29,506.3,residential,India
1,2033-05-30,459.38,residential,India
1,2033-05-31,432.52,residential,India
1,2033-06-01,450.53,residential,India
1,2033-06-02,477.98,residential,India
1,2033-06-03,461.49,residential,India
1,2033-06-04,473.68,residential,India
1,2033-06-05,464.91,residential,India
1,2033-06-06,472.31,residential,India
1,2033-06-07,475.84,residential,India
1,2033-06-08,449.67,residential,India
1,2033-06-09,472.63,residential,India
1,2033-06-10,507.62,residential,India
1,2033-06-11,476.28,residential,India
1,2033-06-12,469.3,residential,India
1,2033-06-13,435.21,residential,India
1,2033-06-14,492.62,residential,India
1,2033-06-15,481.96,residential,India
1,2033-06-16,492.26,residential,India
1,2033-06-17,485.44,residential,India
1,2033-06-18,454.5,residential,India
1,2033-06-19,473.91,residential,India
1,2033-06-20,458.02,residential,India
1,2033-06-21,477.95,residential,India
1,2033-06-22,432.06,residential,India
1,2033-06-23,435.46,residential,India
1,2033-06-24,488.16,residential,India
1,2033-06-25,446.06,residential,India
1,2033-06-26,492.89,residential,India
1,2033-06-27,469.23,residential,India
1,2033-06-28,459.88,residential,India
1,2033-06-29,499.53,residential,India
1,2033-06-30,459.97,residential,India
1,2033-07-01,486.64,residential,India
1,2033-07-02,458.92,residential,India
1,2033-07-03,463.05,residential,India
1,2033-07-04,477.34,residential,India
1,2033-07-05,464.43,residential,India
1,2033-07-06,443.02,residential,India
1,2033-07-07,491.39,residential,India
1,2033-07-08,460.13,residential,India
1,2033-07-09,454.23,residential,India
1,2033-07-10,466.73,residential,India
1,2033-07-11,495.29,residential,India
1,2033-07-12,456.56,residential,India
1,2033-07-13,472.62,residential,India
1,2033-07-14,459.91,residential,India
1,2033-07-15,463.86,residential,India
1,2033-07-16,433.35,residential,India
1,2033-07-17,460.58,residential,India
1,2033-07-18,446.01,residential,India
1,2033-07-19,449.72,residential,India
1,2033-07-20,481.06,residential,India
1,2033-07-21,470.33,residential,India
1,2033-07-22,424.71,residential,India
1,2033-07-23,472.12,residential,India
1,2033-07-24,479.55,residential,India
1,2033-07-25,443.9,residential,India
1,2033-07-26,494.89,residential,India
1,2033-07-27,466.22,residential,India
1,2033-07-28,488.15,residential,India
1,2033-07-29,498.45,residential,India
1,2033-07-30,466.5,residential,India
1,2033-07-31,478.95,residential,India
1,2033-08-01,494.21,residential,India
1,2033-08-02,472.96,residential,India
1,2033-08-03,458.26,residential,India
1,2033-08-04,490.28,residential,India
1,2033-08-05,473.55,residential,India
1,2033-08-06,443.69,residential,India
1,2033-08-07,477.2,residential,India
1,2033-08-08,455.22,residential,India
1,2033-08-09,467.71,residential,India
1,2033-08-10,449.49,residential,India
1,2033-08-11,507.99,residential,India
1,2033-08-12,480.1,residential,India
1,2033-08-13,486.79,residential,India
1,2033-08-14,475.74,residential,India
1,2033-08-15,450.2,residential,India
1,2033-08-16,457.81,residential,India
1,2033-08-17,442.78,residential,India
1,2033-08-18,479.01,residential,India
1,2033-08-19,434.38,residential,India
1,2033-08-20,479.13,residential,India
1,2033-08-21,478.27,residential,India
1,2033-08-22,471.21,residential,India
1,2033-08-23,499.34,residential,India
1,2033-08-24,484.35,residential,India
1,2033-08-25,470.42,residential,India
1,2033-08-26,479.11,residential,India
1,2033-08-27,484.59,residential,India
1,2033-08-28,485.55,residential,India
1,2033-08-29,471.46,residential,India
1,2033-08-30,465.49,residential,India
1,2033-08-31,496.53,residential,India
1,2033-09-01,476.94,residential,India
1,2033-09-02,446.07,residential,India
1,2033-09-03,511.25,residential,India
1,2033-09-04,465.62,residential,India
1,2033-09-05,482.85,residential,India
1,2033-09-06,508.1,residential,India
1,2033-09-07,463.07,residential,India
1,2033-09-08,436.34,residential,India
1,2033-09-09,526.19,residential,India
1,2033-09-10,463.03,residential,India
1,2033-09-11,499.17,residential,India
1,2033-09-12,468.44,residential,India
1,2033-09-13,467.95,residential,India
1,2033-09-14,462.55,residential,India
1,2033-09-15,496.7,residential,India
1,2033-09-16,450.16,residential,India
1,2033-09-17,488.77,residential,India
1,2033-09-18,478.91,residential,India
1,2033-09-19,505.75,residential,India
1,2033-09-20,472.71,residential,India
1,2033-09-21,458.56,residential,India
1,2033-09-22,484.76,residential,India
1,2033-09-23,464.47,residential,India
1,2033-09-24,479.34,residential,India
1,2033-09-25,506.13,residential,India
1,2033-09-26,492.37,residential,India
1,2033-09-27,455.92,residential,India
1,2033-09-28,487.04,residential,India
1,2033-09-29,499.74,residential,India
1,2033-09-30,478.83,residential,India
1,2033-10-01,464.54,residential,India
1,2033-10-02,448.38,residential,India
1,2033-10-03,493.97,residential,India
1,2033-10-04,472.01,residential,India
1,2033-10-05,460.84,residential,India
1,2033-10-06,478.27,residential,India
1,2033-10-07,469.7,residential,India
1,2033-10-08,467.47,residential,India
1,2033-10-09,451.72,residential,India
1,2033-10-10,487.31,residential,India
1,2033-10-11,512.07,residential,India
1,2033-10-12,488.16,residential,India
1,2033-10-13,488.89,residential,India
1,2033-10-14,494.98,residential,India
1,2033-10-15,484.25,residential,India
1,2033-10-16,487.45,residential,India
1,2033-10-17,479.75,residential,India
1,2033-10-18,470.08,residential,India
1,2033-10-19,492.16,residential,India
1,2033-10-20,465.75,residential,India
1,2033-10-21,492.09,residential,India
1,2033-10-22,456.95,residential,India
1,2033-10-23,494.04,residential,India
1,2033-10-24,488.51,residential,India
1,2033-10-25,489.36,residential,India
1,2033-10-26,483.91,residential,India
1,2033-10-27,443.32,residential,India
1,2033-10-28,485.58,residential,India
1,2033-10-29,507.29,residential,India
1,2033-10-30,501.27,residential,India
1,2033-10-31,484.89,residential,India
1,2033-11-01,435.32,residential,India
1,2033-11-02,495.15,residential,India
1,2033-11-03,510.65,residential,India
1,2033-11-04,446.62,residential,India
1,2033-11-05,494.19,residential,India
1,2033-11-06,517.03,residential,India
1,2033-11-07,472.23,residential,India
1,2033-11-08,472.41,residential,India
1,2033-11-09,485.17,residential,India
1,2033-11-10,482.13,residential,India
1,2033-11-11,528.2,residential,India
1,2033-11-12,481.16,residential,India
1,2033-11-13,495.39,residential,India
1,2033-11-14,500.25,residential,India
1,2033-11-15,482.17,residential,India
1,2033-11-16,474.17,residential,India
1,2033-11-17,504.1,residential,India
1,2033-11-18,475.18,residential,India
1,2033-11-19,500.51,residential,India
1,2033-11-20,517.92,residential,India
1,2033-11-21,499.0,residential,India
1,2033-11-22,476.45,residential,India
1,2033-11-23,449.19,residential,India
1,2033-11-24,525.37,residential,India
1,2033-11-25,528.83,residential,India
1,2033-11-26,495.87,residential,India
1,2033-11-27,461.18,residential,India
1,2033-11-28,542.59,residential,India
1,2033-11-29,497.12,residential,India
1,2033-11-30,458.29,residential,India
1,2033-12-01,495.69,residential,India
1,2033-12-02,519.86,residential,India
1,2033-12-03,510.12,residential,India
1,2033-12-04,491.13,residential,India
1,2033-12-05,497.19,residential,India
1,2033-12-06,515.76,residential,India
1,2033-12-07,508.75,residential,India
1,2033-12-08,508.09,residential,India
1,2033-12-09,485.4,residential,India
1,2033-12-10,478.82,residential,India
1,2033-12-11,473.53,residential,India
1,2033-12-12,471.59,residential,India
1,2033-12-13,504.83,residential,India
1,2033-12-14,472.78,residential,India
1,2033-12-15,498.81,residential,India
1,2033-12-16,507.39,residential,India
1,2033-12-17,489.08,residential,India
1,2033-12-18,510.98,residential,India
1,2033-12-19,517.23,residential,India
1,2033-12-20,519.98,residential,India
1,2033-12-21,461.89,residential,India
1,2033-12-22,481.25,residential,India
1,2033-12-23,513.24,residential,India
1,2033-12-24,480.11,residential,India
1,2033-12-25,477.37,residential,India
1,2033-12-26,469.61,residential,India
1,2033-12-27,479.28,residential,India
1,2033-12-28,496.78,residential,India
1,2033-12-29,496.0,residential,India
1,2033-12-30,504.77,residential,India
1,2033-12-31,513.34,residential,India
1,2034-01-01,490.88,residential,India
1,2034-01-02,493.84,residential,India
1,2034-01-03,511.21,residential,India
1,2034-01-04,481.54,residential,India
1,2034-01-05,536.0,residential,India
1,2034-01-06,488.65,residential,India
1,2034-01-07,480.35,residential,India
1,2034-01-08,488.45,residential,India
1,2034-01-09,465.17,residential,India
1,2034-01-10,476.5,residential,India
1,2034-01-11,505.28,residential,India
1,2034-01-12,495.68,residential,India
1,2034-01-13,472.71,residential,India
1,2034-01-14,497.03,residential,India
1,2034-01-15,525.29,residential,India
1,2034-01-16,510.79,residential,India
1,2034-01-17,461.13,residential,India
1,2034-01-18,502.66,residential,India
1,2034-01-19,502.8,residential,India
1,2034-01-20,495.02,residential,India
1,2034-01-21,497.72,residential,India
1,2034-01-22,523.51,residential,India
1,2034-01-23,501.75,residential,India
1,2034-01-24,503.81,residential,India
1,2034-01-25,481.63,residential,India
1,2034-01-26,438.09,residential,India
1,2034-01-27,503.06,residential,India
1,2034-01-28,520.63,residential,India
1,2034-01-29,493.24,residential,India
1,2034-01-30,483.61,residential,India
1,2034-01-31,547.66,residential,India
1,2034-02-01,477.17,residential,India
1,2034-02-02,484.06,residential,India
1,2034-02-03,511.13,residential,India
1,2034-02-04,500.62,residential,India
1,2034-02-05,477.56,residential,India
1,2034-02-06,499.04,residential,India
1,2034-02-07,477.61,residential,India
1,2034-02-08,500.38,residential,India
1,2034-02-09,534.51,residential,India
1,2034-02-10,502.13,residential,India
1,2034-02-11,509.96,residential,India
1,2034-02-12,512.08,residential,India
1,2034-02-13,538.81,residential,India
1,2034-02-14,519.87,residential,India
1,2034-02-15,463.53,residential,India
1,2034-02-16,528.52,residential,India
1,2034-02-17,502.02,residential,India
1,2034-02-18,507.19,residential,India
1,2034-02-19,474.97,residential,India
1,2034-02-20,519.23,residential,India
1,2034-02-21,494.07,residential,India
1,2034-02-22,536.61,residential,India
1,2034-02-23,483.64,residential,India
1,2034-02-24,506.2,residential,India
1,2034-02-25,514.2,residential,India
1,2034-02-26,503.12,residential,India
1,2034-02-27,471.08,residential,India
1,2034-02-28,518.42,residential,India
1,2034-03-01,510.49,residential,India
1,2034-03-02,531.03,residential,India
1,2034-03-03,514.64,residential,India
1,2034-03-04,517.01,residential,India
1,2034-03-05,512.87,residential,India
1,2034-03-06,531.16,residential,India
1,2034-03-07,567.08,residential,India
1,2034-03-08,504.32,residential,India
1,2034-03-09,504.95,residential,India
1,2034-03-10,503.85,residential,India
1,2034-03-11,515.96,residential,India
1,2034-03-12,527.35,residential,India
1,2034-03-13,507.97,residential,India
1,2034-03-14,490.07,residential,India
1,2034-03-15,491.88,residential,India
1,2034-03-16,472.86,residential,India
1,2034-03-17,490.79,residential,India
1,2034-03-18,539.81,residential,India
1,2034-03-19,500.88,residential,India
1,2034-03-20,505.7,residential,India
1,2034-03-21,515.04,residential,India
1,2034-03-22,494.3,residential,India
1,2034-03-23,504.39,residential,India
1,2034-03-24,483.03,residential,India
1,2034-03-25,517.15,residential,India
1,2034-03-26,514.33,residential,India
1,2034-03-27,517.57,residential,India
1,2034-03-28,511.65,residential,India
1,2034-03-29,526.43,residential,India
1,2034-03-30,495.38,residential,India
1,2034-03-31,526.25,residential,India
1,2034-04-01,517.39,residential,India
1,2034-04-02,521.67,residential,India
1,2034-04-03,529.8,residential,India
1,2034-04-04,515.41,residential,India
1,2034-04-05,531.78,residential,India
1,2034-04-06,499.87,residential,India
1,2034-04-07,492.45,residential,India
1,2034-04-08,511.32,residential,India
1,2034-04-09,525.79,residential,India
1,2034-04-10,540.05,residential,India
1,2034-04-11,518.33,residential,India
1,2034-04-12,517.01,residential,India
1,2034-04-13,526.71,residential,India
1,2034-04-14,479.67,residential,India
1,2034-04-15,476.25,residential,India
1,2034-04-16,515.98,residential,India
1,2034-04-17,520.48,residential,India
1,2034-04-18,490.62,residential,India
1,2034-04-19,510.37,residential,India
1,2034-04-20,509.24,residential,India
1,2034-04-21,557.01,residential,India
1,2034-04-22,496.8,residential,India
1,2034-04-23,499.74,residential,India
1,2034-04-24,545.61,residential,India
1,2034-04-25,526.81,residential,India
1,2034-04-26,532.68,residential,India
1,2034-04-27,494.8,residential,India
1,2034-04-28,476.67,residential,India
1,2034-04-29,484.5,residential,India
1,2034-04-30,492.13,residential,India
1,2034-05-01,534.2,residential,India
1,2034-05-02,513.09,residential,India
1,2034-05-03,499.35,residential,India
1,2034-05-04,526.52,residential,India
1,2034-05-05,548.1,residential,India
1,2034-05-06,508.43,residential,India
1,2034-05-07,537.69,residential,India
1,2034-05-08,508.21,residential,India
1,2034-05-09,482.72,residential,India
1,2034-05-10,518.69,residential,India
1,2034-05-11,522.8,residential,India
1,2034-05-12,548.49,residential,India
1,2034-05-13,496.21,residential,India
1,2034-05-14,487.93,residential,India
1,2034-05-15,522.8,residential,India
1,2034-05-16,503.76,residential,India
1,2034-05-17,495.1,residential,India
1,2034-05-18,549.3,residential,India
1,2034-05-19,535.02,residential,India
1,2034-05-20,512.24,residential,India
1,2034-05-21,526.74,residential,India
1,2034-05-22,491.68,residential,India
1,2034-05-23,526.51,residential,India
1,2034-05-24,510.14,residential,India
1,2034-05-25,532.02,residential,India
1,2034-05-26,562.89,residential,India
1,2034-05-27,474.4,residential,India
1,2034-05-28,503.52,residential,India
1,2034-05-29,517.75,residential,India
1,2034-05-30,487.12,residential,India
1,2034-05-31,506.92,residential,India
1,2034-06-01,511.01,residential,India
1,2034-06-02,526.65,residential,India
1,2034-06-03,526.93,residential,India
1,2034-06-04,525.14,residential,India
1,2034-06-05,511.6,residential,India
1,2034-06-06,546.35,residential,India
1,2034-06-07,489.36,residential,India
1,2034-06-08,521.09,residential,India
1,2034-06-09,535.75,residential,India
1,2034-06-10,509.76,residential,India
1,2034-06-11,522.03,residential,India
1,2034-06-12,519.78,residential,India
1,2034-06-13,521.99,residential,India
1,2034-06-14,508.5,residential,India
1,2034-06-15,521.49,residential,India
1,2034-06-16,513.56,residential,India
1,2034-06-17,507.66,residential,India
1,2034-06-18,504.48,residential,India
1,2034-06-19,506.04,residential,India
1,2034-06-20,517.05,residential,India
1,2034-06-21,493.48,residential,India
1,2034-06-22,526.31,residential,India
1,2034-06-23,493.94,residential,India
1,2034-06-24,556.56,residential,India
1,2034-06-25,525.73,residential,India
1,2034-06-26,496.57,residential,India
1,2034-06-27,490.59,residential,India
1,2034-06-28,528.53,residential,India
1,2034-06-29,531.23,residential,India
1,2034-06-30,513.9,residential,India
1,2034-07-01,528.97,residential,India
1,2034-07-02,551.09,residential,India
1,2034-07-03,514.84,residential,India
1,2034-07-04,493.1,residential,India
1,2034-07-05,479.06,residential,India
1,2034-07-06,520.12,residential,India
1,2034-07-07,503.78,residential,India
1,2034-07-08,524.16,residential,India
1,2034-07-09,500.59,residential,India
1,2034-07-10,536.12,residential,India
1,2034-07-11,508.95,residential,India
1,2034-07-12,532.94,residential,India
1,2034-07-13,518.45,residential,India
1,2034-07-14,518.85,residential,India
1,2034-07-15,535.28,residential,India
1,2034-07-16,520.87,residential,India
1,2034-07-17,509.16,residential,India
1,2034-07-18,536.56,residential,India
1,2034-07-19,511.07,residential,India
1,2034-07-20,544.91,residential,India
1,2034-07-21,544.2,residential,India
1,2034-07-22,527.82,residential,India
1,2034-07-23,481.04,residential,India
1,2034-07-24,516.84,residential,India
1,2034-07-25,536.15,residential,India
1,2034-07-26,506.52,residential,India
1,2034-07-27,555.41,residential,India
1,2034-07-28,505.36,residential,India
1,2034-07-29,540.92,residential,India
1,2034-07-30,516.08,residential,India
1,2034-07-31,544.46,residential,India
1,2034-08-01,524.61,residential,India
1,2034-08-02,509.57,residential,India
1,2034-08-03,507.3,residential,India
1,2034-08-04,524.16,residential,India
1,2034-08-05,542.98,residential,India
1,2034-08-06,533.86,residential,India
1,2034-08-07,520.53,residential,India
1,2034-08-08,544.4,residential,India
1,2034-08-09,559.88,residential,India
1,2034-08-10,526.88,residential,India
1,2034-08-11,528.73,residential,India
1,2034-08-12,510.77,residential,India
1,2034-08-13,536.65,residential,India
1,2034-08-14,506.52,residential,India
1,2034-08-15,512.9,residential,India
1,2034-08-16,547.35,residential,India
1,2034-08-17,490.17,residential,India
1,2034-08-18,540.11,residential,India
1,2034-08-19,499.27,residential,India
1,2034-08-20,507.93,residential,India
1,2034-08-21,544.92,residential,India
1,2034-08-22,500.3,residential,India
1,2034-08-23,499.94,residential,India
1,2034-08-24,518.35,residential,India
1,2034-08-25,550.65,residential,India
1,2034-08-26,509.21,residential,India
1,2034-08-27,537.07,residential,India
1,2034-08-28,529.34,residential,India
1,2034-08-29,522.6,residential,India
1,2034-08-30,509.93,residential,India
1,2034-08-31,527.72,residential,India
1,2034-09-01,515.36,residential,India
1,2034-09-02,539.33,residential,India
1,2034-09-03,539.28,residential,India
1,2034-09-04,524.14,residential,India
1,2034-09-05,536.81,residential,India
1,2034-09-06,540.64,residential,India
1,2034-09-07,532.3,residential,India
1,2034-09-08,568.78,residential,India
1,2034-09-09,517.93,residential,India
1,2034-09-10,514.25,residential,India
1,2034-09-11,504.24,residential,India
1,2034-09-12,568.35,residential,India
1,2034-09-13,517.35,residential,India
1,2034-09-14,515.78,residential,India
1,2034-09-15,529.65,residential,India
1,2034-09-16,527.38,residential,India
1,2034-09-17,502.26,residential,India
1,2034-09-18,525.5,residential,India
1,2034-09-19,536.4,residential,India
1,2034-09-20,508.9,residential,India
1,2034-09-21,510.28,residential,India
1,2034-09-22,526.55,residential,India
1,2034-09-23,548.32,residential,India
1,2034-09-24,494.31,residential,India
1,2034-09-25,533.48,residential,India
1,2034-09-26,533.02,residential,India
1,2034-09-27,534.8,residential,India
1,2034-09-28,523.23,residential,India
1,2034-09-29,511.0,residential,India
1,2034-09-30,542.72,residential,India
1,2034-10-01,522.73,residential,India
1,2034-10-02,518.01,residential,India
1,2034-10-03,503.65,residential,India
1,2034-10-04,528.3,residential,India
1,2034-10-05,538.39,residential,India
1,2034-10-06,529.06,residential,India
1,2034-10-07,530.07,residential,India
1,2034-10-08,555.49,residential,India
1,2034-10-09,526.73,residential,India
1,2034-10-10,516.11,residential,India
1,2034-10-11,522.72,residential,India
1,2034-10-12,499.73,residential,India
1,2034-10-13,540.51,residential,India
1,2034-10-14,557.98,residential,India
1,2034-10-15,546.05,residential,India
1,2034-10-16,526.68,residential,India
1,2034-10-17,538.75,residential,India
1,2034-10-18,534.89,residential,India
1,2034-10-19,535.5,residential,India
1,2034-10-20,552.68,residential,India
1,2034-10-21,494.69,residential,India
1,2034-10-22,489.96,residential,India
1,2034-10-23,509.66,residential,India
1,2034-10-24,491.89,residential,India
1,2034-10-25,546.03,residential,India
1,2034-10-26,519.68,residential,India
1,2034-10-27,545.87,residential,India
1,2034-10-28,519.71,residential,India
1,2034-10-29,520.87,residential,India
1,2034-10-30,542.39,residential,India
1,2034-10-31,530.88,residential,India
1,2034-11-01,531.64,residential,India
1,2034-11-02,567.88,residential,India
1,2034-11-03,518.93,residential,India
1,2034-11-04,556.46,residential,India
1,2034-11-05,516.16,residential,India
1,2034-11-06,558.69,residential,India
1,2034-11-07,507.71,residential,India
1,2034-11-08,539.5,residential,India
1,2034-11-09,535.68,residential,India
1,2034-11-10,545.94,residential,India
1,2034-11-11,530.47,residential,India
1,2034-11-12,562.24,residential,India
1,2034-11-13,527.26,residential,India
1,2034-11-14,512.65,residential,India
1,2034-11-15,512.4,residential,India
1,2034-11-16,535.14,residential,India
1,2034-11-17,537.49,residential,India
1,2034-11-18,504.6,residential,India
1,2034-11-19,530.54,residential,India
1,2034-11-20,496.95,residential,India
1,2034-11-21,549.36,residential,India
1,2034-11-22,519.89,residential,India
1,2034-11-23,511.84,residential,India
1,2034-11-24,541.67,residential,India
1,2034-11-25,533.81,residential,India
1,2034-11-26,504.92,residential,India
1,2034-11-27,545.8,residential,India
1,2034-11-28,551.16,residential,India
1,2034-11-29,501.01,residential,India
1,2034-11-30,505.97,residential,India
1,2034-12-01,559.07,residential,India
1,2034-12-02,536.23,residential,India
1,2034-12-03,527.67,residential,India
1,2034-12-04,525.88,residential,India
1,2034-12-05,506.39,residential,India
1,2034-12-06,556.31,residential,India
1,2034-12-07,505.89,residential,India
1,2034-12-08,526.0,residential,India
1,2034-12-09,529.27,residential,India
1,2034-12-10,550.07,residential,India
1,2034-12-11,540.88,residential,India
1,2034-12-12,554.05,residential,India
1,2034-12-13,584.35,residential,India
1,2034-12-14,560.21,residential,India
1,2034-12-15,555.71,residential,India
1,2034-12-16,517.03,residential,India
1,2034-12-17,549.37,residential,India
1,2034-12-18,555.04,residential,India
1,2034-12-19,558.91,residential,India
1,2034-12-20,529.32,residential,India
1,2034-12-21,552.58,residential,India
1,2034-12-22,543.77,residential,India
1,2034-12-23,516.95,residential,India
1,2034-12-24,547.13,residential,India
1,2034-12-25,563.6,residential,India
1,2034-12-26,552.69,residential,India
1,2034-12-27,520.57,residential,India
1,2034-12-28,533.19,residential,India
1,2034-12-29,567.91,residential,India
1,2034-12-30,537.13,residential,India
1,2034-12-31,506.22,residential,India
1,2035-01-01,496.96,residential,India
1,2035-01-02,537.14,residential,India
1,2035-01-03,526.73,residential,India
1,2035-01-04,524.44,residential,India
1,2035-01-05,551.63,residential,India
1,2035-01-06,562.47,residential,India
1,2035-01-07,506.66,residential,India
1,2035-01-08,531.03,residential,India
1,2035-01-09,554.26,residential,India
1,2035-01-10,557.45,residential,India
1,2035-01-11,527.75,residential,India
1,2035-01-12,505.75,residential,India
1,2035-01-13,508.83,residential,India
1,2035-01-14,482.86,residential,India
1,2035-01-15,498.71,residential,India
1,2035-01-16,500.36,residential,India
1,2035-01-17,535.25,residential,India
1,2035-01-18,516.89,residential,India
1,2035-01-19,556.22,residential,India
1,2035-01-20,539.65,residential,India
1,2035-01-21,535.6,residential,India
1,2035-01-22,561.53,residential,India
1,2035-01-23,550.98,residential,India
1,2035-01-24,554.89,residential,India
1,2035-01-25,565.13,residential,India
1,2035-01-26,545.25,residential,India
1,2035-01-27,528.0,residential,India
1,2035-01-28,505.07,residential,India
1,2035-01-29,547.52,residential,India
1,2035-01-30,528.28,residential,India
1,2035-01-31,527.48,residential,India
1,2035-02-01,514.21,residential,India
1,2035-02-02,559.79,residential,India
1,2035-02-03,509.43,residential,India
1,2035-02-04,536.98,residential,India
1,2035-02-05,565.98,residential,India
1,2035-02-06,524.81,residential,India
1,2035-02-07,547.76,residential,India
1,2035-02-08,571.49,residential,India
1,2035-02-09,554.41,residential,India
1,2035-02-10,557.71,residential,India
1,2035-02-11,534.8,residential,India
1,2035-02-12,506.88,residential,India
1,2035-02-13,535.71,residential,India
1,2035-02-14,588.14,residential,India
1,2035-02-15,555.35,residential,India
1,2035-02-16,549.06,residential,India
1,2035-02-17,551.79,residential,India
1,2035-02-18,553.15,residential,India
1,2035-02-19,571.35,residential,India
1,2035-02-20,504.0,residential,India
1,2035-02-21,532.64,residential,India
1,2035-02-22,510.69,residential,India
1,2035-02-23,527.12,residential,India
1,2035-02-24,497.64,residential,India
1,2035-02-25,534.95,residential,India
1,2035-02-26,548.99,residential,India
1,2035-02-27,548.64,residential,India
1,2035-02-28,526.85,residential,India
1,2035-03-01,557.0,residential,India
1,2035-03-02,550.39,residential,India
1,2035-03-03,539.07,residential,India
1,2035-03-04,532.68,residential,India
1,2035-03-05,553.88,residential,India
1,2035-03-06,513.57,residential,India
1,2035-03-07,523.4,residential,India
1,2035-03-08,577.26,residential,India
1,2035-03-09,535.04,residential,India
1,2035-03-10,546.89,residential,India
1,2035-03-11,583.96,residential,India
1,2035-03-12,520.13,residential,India
1,2035-03-13,514.44,residential,India
1,2035-03-14,528.21,residential,India
1,2035-03-15,536.75,residential,India
1,2035-03-16,530.0,residential,India
1,2035-03-17,544.04,residential,India
1,2035-03-18,544.0,residential,India
1,2035-03-19,543.1,residential,India
1,2035-03-20,521.07,residential,India
1,2035-03-21,528.88,residential,India
1,2035-03-22,520.22,residential,India
1,2035-03-23,562.47,residential,India
1,2035-03-24,543.83,residential,India
1,2035-03-25,600.11,residential,India
1,2035-03-26,529.04,residential,India
1,2035-03-27,549.72,residential,India
1,2035-03-28,564.19,residential,India
1,2035-03-29,528.06,residential,India
1,2035-03-30,529.72,residential,India
1,2035-03-31,538.54,residential,India
1,2035-04-01,550.08,residential,India
1,2035-04-02,504.15,residential,India
1,2035-04-03,545.17,residential,India
1,2035-04-04,552.59,residential,India
1,2035-04-05,553.38,residential,India
1,2035-04-06,551.26,residential,India
1,2035-04-07,495.18,residential,India
1,2035-04-08,556.39,residential,India
1,2035-04-09,536.02,residential,India
1,2035-04-10,519.22,residential,India
1,2035-04-11,547.53,residential,India
1,2035-04-12,571.03,residential,India
1,2035-04-13,565.99,residential,India
1,2035-04-14,532.46,residential,India
1,2035-04-15,545.08,residential,India
1,2035-04-16,564.97,residential,India
1,2035-04-17,512.0,residential,India
1,2035-04-18,553.07,residential,India
1,2035-04-19,510.3,residential,India
1,2035-04-20,520.08,residential,India
1,2035-04-21,529.74,residential,India
1,2035-04-22,548.56,residential,India
1,2035-04-23,536.93,residential,India
1,2035-04-24,538.46,residential,India
1,2035-04-25,516.0,residential,India
1,2035-04-26,524.74,residential,India
1,2035-04-27,513.83,residential,India
1,2035-04-28,573.91,residential,India
1,2035-04-29,548.4,residential,India
1,2035-04-30,559.06,residential,India
1,2035-05-01,543.55,residential,India
1,2035-05-02,559.71,residential,India
1,2035-05-03,533.29,residential,India
1,2035-05-04,561.34,residential,India
1,2035-05-05,544.39,residential,India
1,2035-05-06,532.2,residential,India
1,2035-05-07,496.93,residential,India
1,2035-05-08,556.31,residential,India
1,2035-05-09,543.39,residential,India
1,2035-05-10,523.01,residential,India
1,2035-05-11,523.44,residential,India
1,2035-05-12,539.68,residential,India
1,2035-05-13,533.78,residential,India
1,2035-05-14,532.23,residential,India
1,2035-05-15,579.45,residential,India
1,2035-05-16,547.56,residential,India
1,2035-05-17,570.82,residential,India
1,2035-05-18,547.03,residential,India
1,2035-05-19,539.68,residential,India
1,2035-05-20,544.41,residential,India
1,2035-05-21,562.21,residential,India
1,2035-05-22,582.22,residential,India
1,2035-05-23,510.01,residential,India
1,2035-05-24,568.79,residential,India
1,2035-05-25,512.45,residential,India
1,2035-05-26,517.78,residential,India
1,2035-05-27,535.16,residential,India
1,2035-05-28,510.52,residential,India
1,2035-05-29,554.2,residential,India
1,2035-05-30,564.07,residential,India
1,2035-05-31,526.92,residential,India
1,2035-06-01,523.87,residential,India
1,2035-06-02,560.2,residential,India
1,2035-06-03,538.78,residential,India
1,2035-06-04,552.68,residential,India
1,2035-06-05,543.96,residential,India
1,2035-06-06,564.71,residential,India
1,2035-06-07,526.92,residential,India
1,2035-06-08,568.69,residential,India
1,2035-06-09,538.25,residential,India
1,2035-06-10,517.81,residential,India
1,2035-06-11,531.36,residential,India
1,2035-06-12,544.48,residential,India
1,2035-06-13,543.54,residential,India
1,2035-06-14,560.2,residential,India
1,2035-06-15,536.61,residential,India
1,2035-06-16,544.64,residential,India
1,2035-06-17,531.99,residential,India
1,2035-06-18,515.53,residential,India
1,2035-06-19,541.22,residential,India
1,2035-06-20,533.9,residential,India
1,2035-06-21,569.41,residential,India
1,2035-06-22,565.89,residential,India
1,2035-06-23,549.04,residential,India
1,2035-06-24,513.11,residential,India
1,2035-06-25,542.09,residential,India
1,2035-06-26,536.22,residential,India
1,2035-06-27,552.03,residential,India
1,2035-06-28,561.13,residential,India
1,2035-06-29,555.5,residential,India
1,2035-06-30,523.99,residential,India
1,2035-07-01,538.19,residential,India
1,2035-07-02,544.43,residential,India
1,2035-07-03,520.26,residential,India
1,2035-07-04,545.43,residential,India
1,2035-07-05,493.98,residential,India
1,2035-07-06,559.13,residential,India
1,2035-07-07,544.9,residential,India
1,2035-07-08,534.85,residential,India
1,2035-07-09,560.97,residential,India
1,2035-07-10,541.64,residential,India
1,2035-07-11,527.33,residential,India
1,2035-07-12,547.01,residential,India
1,2035-07-13,540.41,residential,India
1,2035-07-14,530.59,residential,India
1,2035-07-15,542.21,residential,India
1,2035-07-16,515.54,residential,India
1,2035-07-17,517.96,residential,India
1,2035-07-18,528.21,residential,India
1,2035-07-19,531.13,residential,India
1,2035-07-20,564.56,residential,India
1,2035-07-21,572.32,residential,India
1,2035-07-22,476.05,residential,India
1,2035-07-23,556.0,residential,India
1,2035-07-24,525.41,residential,India
1,2035-07-25,520.95,residential,India
1,2035-07-26,511.51,residential,India
1,2035-07-27,549.0,residential,India
1,2035-07-28,566.57,residential,India
1,2035-07-29,540.7,residential,India
1,2035-07-30,564.15,residential,India
1,2035-07-31,533.95,residential,India
1,2035-08-01,522.6,residential,India
1,2035-08-02,546.95,residential,India
1,2035-08-03,526.48,residential,India
1,2035-08-04,542.09,residential,India
1,2035-08-05,529.32,residential,India
1,2035-08-06,554.69,residential,India
1,2035-08-07,527.95,residential,India
1,2035-08-08,538.21,residential,India
1,2035-08-09,523.7,residential,India
1,2035-08-10,561.36,residential,India
1,2035-08-11,521.0,residential,India
1,2035-08-12,510.36,residential,India
1,2035-08-13,541.46,residential,India
1,2035-08-14,548.25,residential,India
1,2035-08-15,566.37,residential,India
1,2035-08-16,538.46,residential,India
1,2035-08-17,535.36,residential,India
1,2035-08-18,527.87,residential,India
1,2035-08-19,550.02,residential,India
1,2035-08-20,541.94,residential,India
1,2035-08-21,512.26,residential,India
1,2035-08-22,551.47,residential,India
1,2035-08-23,544.48,residential,India
1,2035-08-24,574.91,residential,India
1,2035-08-25,520.99,residential,India
1,2035-08-26,559.79,residential,India
1,2035-08-27,525.96,residential,India
1,2035-08-28,546.11,residential,India
1,2035-08-29,534.97,residential,India
1,2035-08-30,541.47,residential,India
1,2035-08-31,532.09,residential,India
1,2035-09-01,550.08,residential,India
1,2035-09-02,549.35,residential,India
1,2035-09-03,571.89,residential,India
1,2035-09-04,571.75,residential,India
1,2035-09-05,549.02,residential,India
1,2035-09-06,534.57,residential,India
1,2035-09-07,529.17,residential,India
1,2035-09-08,562.35,residential,India
1,2035-09-09,534.65,residential,India
1,2035-09-10,535.31,residential,India
1,2035-09-11,570.27,residential,India
1,2035-09-12,543.15,residential,India
1,2035-09-13,541.43,residential,India
1,2035-09-14,521.86,residential,India
1,2035-09-15,500.33,residential,India
1,2035-09-16,529.2,residential,India
1,2035-09-17,562.05,residential,India
1,2035-09-18,552.05,residential,India
1,2035-09-19,540.1,residential,India
1,2035-09-20,534.7,residential,India
1,2035-09-21,528.35,residential,India
1,2035-09-22,513.53,residential,India
1,2035-09-23,552.17,residential,India
1,2035-09-24,556.59,residential,India
1,2035-09-25,527.03,residential,India
1,2035-09-26,516.87,residential,India
1,2035-09-27,552.39,residential,India
1,2035-09-28,573.21,residential,India
1,2035-09-29,567.84,residential,India
1,2035-09-30,506.3,residential,India
1,2035-10-01,536.41,residential,India
1,2035-10-02,554.56,residential,India
1,2035-10-03,535.47,residential,India
1,2035-10-04,549.66,residential,India
1,2035-10-05,537.05,residential,India
1,2035-10-06,526.62,residential,India
1,2035-10-07,524.6,residential,India
1,2035-10-08,519.76,residential,India
1,2035-10-09,521.11,residential,India
1,2035-10-10,555.79,residential,India
1,2035-10-11,516.13,residential,India
1,2035-10-12,523.76,residential,India
1,2035-10-13,552.19,residential,India
1,2035-10-14,546.29,residential,India
1,2035-10-15,558.2,residential,India
1,2035-10-16,554.38,residential,India
1,2035-10-17,528.21,residential,India
1,2035-10-18,566.8,residential,India
1,2035-10-19,555.35,residential,India
1,2035-10-20,526.91,residential,India
1,2035-10-21,529.26,residential,India
1,2035-10-22,567.78,residential,India
1,2035-10-23,502.08,residential,India
1,2035-10-24,566.16,residential,India
1,2035-10-25,547.62,residential,India
1,2035-10-26,537.97,residential,India
1,2035-10-27,536.98,residential,India
1,2035-10-28,502.79,residential,India
1,2035-10-29,526.36,residential,India
1,2035-10-30,534.84,residential,India
1,2035-10-31,527.16,residential,India
1,2035-11-01,505.87,residential,India
1,2035-11-02,549.08,residential,India
1,2035-11-03,544.78,residential,India
1,2035-11-04,553.91,residential,India
1,2035-11-05,554.28,residential,India
1,2035-11-06,520.04,residential,India
1,2035-11-07,532.15,residential,India
1,2035-11-08,521.23,residential,India
1,2035-11-09,531.46,residential,India
1,2035-11-10,525.33,residential,India
1,2035-11-11,524.74,residential,India
1,2035-11-12,509.22,residential,India
1,2035-11-13,537.51,residential,India
1,2035-11-14,577.62,residential,India
1,2035-11-15,531.54,residential,India
1,2035-11-16,524.03,residential,India
1,2035-11-17,496.37,residential,India
1,2035-11-18,518.89,residential,India
1,2035-11-19,547.83,residential,India
1,2035-11-20,562.74,residential,India
1,2035-11-21,564.86,residential,India
1,2035-11-22,511.83,residential,India
1,2035-11-23,554.97,residential,India
1,2035-11-24,513.53,residential,India
1,2035-11-25,567.96,residential,India
1,2035-11-26,517.57,residential,India
1,2035-11-27,552.48,residential,India
1,2035-11-28,539.56,residential,India
1,2035-11-29,537.1,residential,India
1,2035-11-30,529.52,residential,India
1,2035-12-01,545.33,residential,India
1,2035-12-02,513.57,residential,India
1,2035-12-03,564.33,residential,India
1,2035-12-04,544.5,residential,India
1,2035-12-05,544.92,residential,India
1,2035-12-06,543.42,residential,India
1,2035-12-07,535.87,residential,India
1,2035-12-08,570.4,residential,India
1,2035-12-09,573.36,residential,India
1,2035-12-10,531.61,residential,India
1,2035-12-11,551.45,residential,India
1,2035-12-12,552.27,residential,India
1,2035-12-13,555.64,residential,India
1,2035-12-14,527.15,residential,India
1,2035-12-15,532.66,residential,India
1,2035-12-16,544.24,residential,India
1,2035-12-17,525.7,residential,India
1,2035-12-18,554.9,residential,India
1,2035-12-19,539.69,residential,India
1,2035-12-20,543.4,residential,India
1,2035-12-21,538.23,residential,India
1,2035-12-22,531.57,residential,India
1,2035-12-23,532.8,residential,India
1,2035-12-24,520.94,residential,India
1,2035-12-25,556.83,residential,India
1,2035-12-26,545.46,residential,India
1,2035-12-27,525.13,residential,India
1,2035-12-28,584.96,residential,India
1,2035-12-29,520.6,residential,India
1,2035-12-30,519.1,residential,India
1,2035-12-31,493.92,residential,India
1,2036-01-01,535.18,residential,India
1,2036-01-02,569.52,residential,India
1,2036-01-03,547.78,residential,India
1,2036-01-04,506.09,residential,India
1,2036-01-05,518.07,residential,India
1,2036-01-06,561.43,residential,India
1,2036-01-07,507.12,residential,India
1,2036-01-08,559.77,residential,India
1,2036-01-09,502.6,residential,India
1,2036-01-10,543.5,residential,India
1,2036-01-11,571.32,residential,India
1,2036-01-12,594.77,residential,India
1,2036-01-13,549.92,residential,India
1,2036-01-14,532.98,residential,India
1,2036-01-15,544.75,residential,India
1,2036-01-16,534.39,residential,India
1,2036-01-17,498.84,residential,India
1,2036-01-18,548.67,residential,India
1,2036-01-19,569.7,residential,India
1,2036-01-20,540.73,residential,India
1,2036-01-21,541.72,residential,India
1,2036-01-22,551.48,residential,India
1,2036-01-23,540.7,residential,India
1,2036-01-24,508.35,residential,India
1,2036-01-25,502.5,residential,India
1,2036-01-26,556.65,residential,India
1,2036-01-27,494.51,residential,India
1,2036-01-28,499.99,residential,India
1,2036-01-29,519.03,residential,India
1,2036-01-30,527.32,residential,India
1,2036-01-31,551.58,residential,India
1,2036-02-01,559.64,residential,India
1,2036-02-02,514.18,residential,India
1,2036-02-03,532.81,residential,India
1,2036-02-04,518.3,residential,India
1,2036-02-05,544.02,residential,India
1,2036-02-06,548.02,residential,India
1,2036-02-07,577.99,residential,India
1,2036-02-08,526.31,residential,India
1,2036-02-09,554.64,residential,India
1,2036-02-10,570.93,residential,India
1,2036-02-11,483.09,residential,India
1,2036-02-12,540.19,residential,India
1,2036-02-13,512.09,residential,India
1,2036-02-14,518.52,residential,India
1,2036-02-15,523.36,residential,India
1,2036-02-16,536.92,residential,India
1,2036-02-17,559.7,residential,India
1,2036-02-18,504.84,residential,India
1,2036-02-19,531.24,residential,India
1,2036-02-20,575.7,residential,India
1,2036-02-21,545.19,residential,India
1,2036-02-22,558.11,residential,India
1,2036-02-23,541.29,residential,India
1,2036-02-24,554.99,residential,India
1,2036-02-25,513.82,residential,India
1,2036-02-26,526.65,residential,India
1,2036-02-27,516.95,residential,India
1,2036-02-28,512.69,residential,India
1,2036-02-29,527.56,residential,India
1,2036-03-01,534.93,residential,India
1,2036-03-02,545.13,residential,India
1,2036-03-03,537.96,residential,India
1,2036-03-04,551.11,residential,India
1,2036-03-05,508.52,residential,India
1,2036-03-06,562.83,residential,India
1,2036-03-07,526.3,residential,India
1,2036-03-08,560.61,residential,India
1,2036-03-09,480.33,residential,India
1,2036-03-10,514.27,residential,India
1,2036-03-11,546.41,residential,India
1,2036-03-12,553.23,residential,India
1,2036-03-13,533.13,residential,India
1,2036-03-14,543.28,residential,India
1,2036-03-15,494.24,residential,India
1,2036-03-16,506.25,residential,India
1,2036-03-17,534.84,residential,India
1,2036-03-18,522.66,residential,India
1,2036-03-19,529.05,residential,India
1,2036-03-20,550.82,residential,India
1,2036-03-21,540.08,residential,India
1,2036-03-22,536.01,residential,India
1,2036-03-23,549.66,residential,India
1,2036-03-24,542.7,residential,India
1,2036-03-25,523.4,residential,India
1,2036-03-26,516.51,residential,India
1,2036-03-27,496.05,residential,India
1,2036-03-28,529.14,residential,India
1,2036-03-29,522.59,residential,India
1,2036-03-30,518.14,residential,India
1,2036-03-31,501.85,residential,India
1,2036-04-01,527.45,residential,India
1,2036-04-02,561.67,residential,India
1,2036-04-03,547.79,residential,India
1,2036-04-04,527.3,residential,India
1,2036-04-05,559.46,residential,India
1,2036-04-06,538.07,residential,India
1,2036-04-07,520.75,residential,India
1,2036-04-08,541.48,residential,India
1,2036-04-09,540.74,residential,India
1,2036-04-10,500.63,residential,India
1,2036-04-11,556.85,residential,India
1,2036-04-12,524.89,residential,India
1,2036-04-13,532.74,residential,India
1,2036-04-14,540.93,residential,India
1,2036-04-15,524.65,residential,India
1,2036-04-16,535.41,residential,India
1,2036-04-17,547.56,residential,India
1,2036-04-18,535.91,residential,India
1,2036-04-19,536.83,residential,India
1,2036-04-20,499.76,residential,India
1,2036-04-21,497.47,residential,India
1,2036-04-22,540.09,residential,India
1,2036-04-23,544.39,residential,India
1,2036-04-24,541.46,residential,India
1,2036-04-25,522.64,residential,India
1,2036-04-26,511.83,residential,India
1,2036-04-27,525.39,residential,India
1,2036-04-28,531.3,residential,India
1,2036-04-29,538.64,residential,India
1,2036-04-30,543.16,residential,India
1,2036-05-01,553.57,residential,India
1,2036-05-02,546.98,residential,India
1,2036-05-03,509.6,residential,India
1,2036-05-04,547.75,residential,India
1,2036-05-05,523.15,residential,India
1,2036-05-06,524.02,residential,India
1,2036-05-07,549.78,residential,India
1,2036-05-08,561.92,residential,India
1,2036-05-09,529.18,residential,India
1,2036-05-10,520.62,residential,India
1,2036-05-11,543.42,residential,India
1,2036-05-12,537.71,residential,India
1,2036-05-13,524.27,residential,India
1,2036-05-14,556.84,residential,India
1,2036-05-15,532.31,residential,India
1,2036-05-16,529.57,residential,India
1,2036-05-17,539.17,residential,India
1,2036-05-18,527.72,residential,India
1,2036-05-19,512.66,residential,India
1,2036-05-20,520.91,residential,India
1,2036-05-21,471.04,residential,India
1,2036-05-22,525.43,residential,India
1,2036-05-23,528.45,residential,India
1,2036-05-24,534.29,residential,India
1,2036-05-25,527.58,residential,India
1,2036-05-26,514.69,residential,India
1,2036-05-27,496.32,residential,India
1,2036-05-28,527.07,residential,India
1,2036-05-29,510.32,residential,India
1,2036-05-30,558.43,residential,India
1,2036-05-31,517.37,residential,India
1,2036-06-01,485.4,residential,India
1,2036-06-02,524.01,residential,India
1,2036-06-03,530.58,residential,India
1,2036-06-04,518.52,residential,India
1,2036-06-05,490.14,residential,India
1,2036-06-06,549.44,residential,India
1,2036-06-07,487.9,residential,India
1,2036-06-08,517.49,residential,India
1,2036-06-09,562.52,residential,India
1,2036-06-10,532.37,residential,India
1,2036-06-11,492.27,residential,India
1,2036-06-12,501.44,residential,India
1,2036-06-13,556.62,residential,India
1,2036-06-14,536.35,residential,India
1,2036-06-15,521.94,residential,India
1,2036-06-16,505.11,residential,India
1,2036-06-17,537.15,residential,India
1,2036-06-18,560.42,residential,India
1,2036-06-19,549.4,residential,India
1,2036-06-20,519.48,residential,India
1,2036-06-21,505.45,residential,India
1,2036-06-22,485.4,residential,India
1,2036-06-23,524.9,residential,India
1,2036-06-24,506.58,residential,India
1,2036-06-25,564.59,residential,India
1,2036-06-26,535.15,residential,India
1,2036-06-27,548.91,residential,India
1,2036-06-28,502.3,residential,India
1,2036-06-29,537.71,residential,India
1,2036-06-30,501.38,residential,India
1,2036-07-01,521.07,residential,India
1,2036-07-02,513.37,residential,India
1,2036-07-03,539.03,residential,India
1,2036-07-04,568.92,residential,India
1,2036-07-05,504.3,residential,India
1,2036-07-06,511.1,residential,India
1,2036-07-07,484.14,residential,India
1,2036-07-08,532.92,residential,India
1,2036-07-09,515.37,residential,India
1,2036-07-10,508.17,residential,India
1,2036-07-11,485.5,residential,India
1,2036-07-12,519.01,residential,India
1,2036-07-13,538.04,residential,India
1,2036-07-14,533.31,residential,India
1,2036-07-15,534.47,residential,India
1,2036-07-16,520.17,residential,India
1,2036-07-17,492.51,residential,India
1,2036-07-18,513.44,residential,India
1,2036-07-19,518.49,residential,India
1,2036-07-20,536.64,residential,India
1,2036-07-21,508.0,residential,India
1,2036-07-22,497.95,residential,India
1,2036-07-23,571.05,residential,India
1,2036-07-24,513.14,residential,India
1,2036-07-25,520.56,residential,India
1,2036-07-26,538.81,residential,India
1,2036-07-27,536.82,residential,India
1,2036-07-28,507.81,residential,India
1,2036-07-29,477.05,residential,India
1,2036-07-30,520.63,residential,India
1,2036-07-31,501.88,residential,India
1,2036-08-01,516.25,residential,India
1,2036-08-02,520.84,residential,India
1,2036-08-03,507.88,residential,India
1,2036-08-04,509.6,residential,India
1,2036-08-05,497.78,residential,India
1,2036-08-06,515.98,residential,India
1,2036-08-07,544.46,residential,India
1,2036-08-08,510.81,residential,India
1,2036-08-09,530.37,residential,India
1,2036-08-10,516.74,residential,India
1,2036-08-11,529.22,residential,India
1,2036-08-12,545.11,residential,India
1,2036-08-13,515.25,residential,India
1,2036-08-14,532.18,residential,India
1,2036-08-15,541.14,residential,India
1,2036-08-16,515.1,residential,India
1,2036-08-17,538.0,residential,India
1,2036-08-18,517.51,residential,India
1,2036-08-19,504.1,residential,India
1,2036-08-20,529.75,residential,India
1,2036-08-21,554.06,residential,India
1,2036-08-22,507.07,residential,India
1,2036-08-23,557.42,residential,India
1,2036-08-24,523.03,residential,India
1,2036-08-25,495.69,residential,India
1,2036-08-26,531.23,residential,India
1,2036-08-27,499.47,residential,India
1,2036-08-28,503.27,residential,India
1,2036-08-29,515.9,residential,India
1,2036-08-30,506.7,residential,India
1,2036-08-31,519.09,residential,India
1,2036-09-01,530.28,residential,India
1,2036-09-02,534.53,residential,India
1,2036-09-03,508.17,residential,India
1,2036-09-04,540.38,residential,India
1,2036-09-05,510.51,residential,India
1,2036-09-06,523.4,residential,India
1,2036-09-07,510.56,residential,India
1,2036-09-08,500.45,residential,India
1,2036-09-09,494.3,residential,India
1,2036-09-10,551.55,residential,India
1,2036-09-11,527.39,residential,India
1,2036-09-12,528.28,residential,India
1,2036-09-13,513.84,residential,India
1,2036-09-14,512.52,residential,India
1,2036-09-15,487.96,residential,India
1,2036-09-16,514.14,residential,India
1,2036-09-17,533.63,residential,India
1,2036-09-18,517.78,residential,India
1,2036-09-19,523.17,residential,India
1,2036-09-20,535.08,residential,India
1,2036-09-21,520.94,residential,India
1,2036-09-22,531.45,residential,India
1,2036-09-23,502.22,residential,India
1,2036-09-24,534.66,residential,India
1,2036-09-25,498.34,residential,India
1,2036-09-26,527.67,residential,India
1,2036-09-27,548.61,residential,India
1,2036-09-28,523.8,residential,India
1,2036-09-29,531.19,residential,India
1,2036-09-30,502.65,residential,India
1,2036-10-01,557.13,residential,India
1,2036-10-02,510.54,residential,India
1,2036-10-03,502.18,residential,India
1,2036-10-04,543.6,residential,India
1,2036-10-05,500.27,residential,India
1,2036-10-06,497.46,residential,India
1,2036-10-07,500.99,residential,India
1,2036-10-08,530.86,residential,India
1,2036-10-09,515.25,residential,India
1,2036-10-10,548.79,residential,India
1,2036-10-11,484.9,residential,India
1,2036-10-12,527.13,residential,India
1,2036-10-13,529.41,residential,India
1,2036-10-14,534.7,residential,India
1,2036-10-15,512.19,residential,India
1,2036-10-16,552.86,residential,India
1,2036-10-17,521.98,residential,India
1,2036-10-18,514.03,residential,India
1,2036-10-19,532.06,residential,India
1,2036-10-20,507.1,residential,India
1,2036-10-21,503.13,residential,India
1,2036-10-22,524.61,residential,India
1,2036-10-23,490.0,residential,India
1,2036-10-24,492.81,residential,India
1,2036-10-25,509.03,residential,India
1,2036-10-26,483.4,residential,India
1,2036-10-27,489.49,residential,India
1,2036-10-28,540.75,residential,India
1,2036-10-29,501.41,residential,India
1,2036-10-30,491.23,residential,India
1,2036-10-31,502.13,residential,India
1,2036-11-01,505.81,residential,India
1,2036-11-02,507.01,residential,India
1,2036-11-03,460.91,residential,India
1,2036-11-04,526.75,residential,India
1,2036-11-05,527.45,residential,India
1,2036-11-06,501.95,residential,India
1,2036-11-07,492.39,residential,India
1,2036-11-08,480.22,residential,India
1,2036-11-09,452.49,residential,India
1,2036-11-10,512.58,residential,India
1,2036-11-11,525.97,residential,India
1,2036-11-12,485.26,residential,India
1,2036-11-13,532.14,residential,India
1,2036-11-14,478.48,residential,India
1,2036-11-15,505.31,residential,India
1,2036-11-16,519.1,residential,India
1,2036-11-17,513.85,residential,India
1,2036-11-18,519.71,residential,India
1,2036-11-19,522.58,residential,India
1,2036-11-20,504.12,residential,India
1,2036-11-21,526.73,residential,India
1,2036-11-22,480.44,residential,India
1,2036-11-23,503.35,residential,India
1,2036-11-24,495.73,residential,India
1,2036-11-25,470.45,residential,India
1,2036-11-26,525.83,residential,India
1,2036-11-27,532.79,residential,India
1,2036-11-28,534.32,residential,India
1,2036-11-29,520.07,residential,India
1,2036-11-30,490.29,residential,India
1,2036-12-01,518.09,residential,India
1,2036-12-02,525.17,residential,India
1,2036-12-03,481.67,residential,India
1,2036-12-04,502.84,residential,India
1,2036-12-05,516.46,residential,India
1,2036-12-06,478.61,residential,India
1,2036-12-07,535.62,residential,India
1,2036-12-08,515.83,residential,India
1,2036-12-09,517.21,residential,India
1,2036-12-10,530.72,residential,India
1,2036-12-11,497.4,residential,India
1,2036-12-12,492.29,residential,India
1,2036-12-13,516.42,residential,India
1,2036-12-14,499.6,residential,India
1,2036-12-15,517.64,residential,India
1,2036-12-16,516.8,residential,India
1,2036-12-17,473.77,residential,India
1,2036-12-18,499.37,residential,India
1,2036-12-19,514.17,residential,India
1,2036-12-20,488.33,residential,India
1,2036-12-21,490.11,residential,India
1,2036-12-22,525.42,residential,India
1,2036-12-23,477.29,residential,India
1,2036-12-24,529.88,residential,India
1,2036-12-25,514.84,residential,India
1,2036-12-26,495.31,residential,India
1,2036-12-27,506.18,residential,India
1,2036-12-28,500.38,residential,India
1,2036-12-29,518.64,residential,India
1,2036-12-30,533.1,residential,India
1,2036-12-31,506.39,residential,India
1,2037-01-01,500.28,residential,India
1,2037-01-02,520.57,residential,India
1,2037-01-03,532.28,residential,India
1,2037-01-04,542.06,residential,India
1,2037-01-05,486.14,residential,India
1,2037-01-06,503.06,residential,India
1,2037-01-07,496.66,residential,India
1,2037-01-08,510.74,residential,India
1,2037-01-09,471.77,residential,India
1,2037-01-10,528.59,residential,India
1,2037-01-11,522.84,residential,India
1,2037-01-12,465.03,residential,India
1,2037-01-13,499.0,residential,India
1,2037-01-14,486.56,residential,India
1,2037-01-15,523.67,residential,India
1,2037-01-16,488.53,residential,India
1,2037-01-17,521.8,residential,India
1,2037-01-18,489.12,residential,India
1,2037-01-19,532.82,residential,India
1,2037-01-20,517.96,residential,India
1,2037-01-21,556.22,residential,India
1,2037-01-22,524.22,residential,India
1,2037-01-23,499.42,residential,India
1,2037-01-24,487.94,residential,India
1,2037-01-25,516.9,residential,India
1,2037-01-26,516.4,residential,India
1,2037-01-27,505.9,residential,India
1,2037-01-28,509.13,residential,India
1,2037-01-29,517.14,residential,India
1,2037-01-30,496.73,residential,India
1,2037-01-31,519.33,residential,India
1,2037-02-01,516.62,residential,India
1,2037-02-02,453.25,residential,India
1,2037-02-03,514.51,residential,India
1,2037-02-04,482.03,residential,India
1,2037-02-05,492.08,residential,India
1,2037-02-06,510.12,residential,India
1,2037-02-07,531.23,residential,India
1,2037-02-08,466.66,residential,India
1,2037-02-09,500.04,residential,India
1,2037-02-10,495.8,residential,India
1,2037-02-11,525.91,residential,India
1,2037-02-12,541.48,residential,India
1,2037-02-13,505.37,residential,India
1,2037-02-14,501.87,residential,India
1,2037-02-15,474.73,residential,India
1,2037-02-16,516.08,residential,India
1,2037-02-17,510.32,residential,India
1,2037-02-18,475.54,residential,India
1,2037-02-19,451.04,residential,India
1,2037-02-20,466.58,residential,India
1,2037-02-21,471.01,residential,India
1,2037-02-22,511.79,residential,India
1,2037-02-23,492.16,residential,India
1,2037-02-24,490.35,residential,India
1,2037-02-25,474.39,residential,India
1,2037-02-26,473.79,residential,India
1,2037-02-27,477.35,residential,India
1,2037-02-28,519.51,residential,India
1,2037-03-01,483.76,residential,India
1,2037-03-02,486.9,residential,India
1,2037-03-03,493.39,residential,India
1,2037-03-04,480.26,residential,India
1,2037-03-05,501.76,residential,India
1,2037-03-06,461.87,residential,India
1,2037-03-07,509.62,residential,India
1,2037-03-08,500.78,residential,India
1,2037-03-09,525.4,residential,India
1,2037-03-10,498.66,residential,India
1,2037-03-11,487.97,residential,India
1,2037-03-12,478.01,residential,India
1,2037-03-13,495.06,residential,India
1,2037-03-14,495.44,residential,India
1,2037-03-15,515.83,residential,India
1,2037-03-16,469.36,residential,India
1,2037-03-17,496.4,residential,India
1,2037-03-18,504.52,residential,India
1,2037-03-19,497.74,residential,India
1,2037-03-20,525.98,residential,India
1,2037-03-21,509.17,residential,India
1,2037-03-22,474.37,residential,India
1,2037-03-23,459.07,residential,India
1,2037-03-24,519.09,residential,India
1,2037-03-25,460.03,residential,India
1,2037-03-26,492.06,residential,India
1,2037-03-27,516.62,residential,India
1,2037-03-28,483.44,residential,India
1,2037-03-29,453.98,residential,India
1,2037-03-30,499.39,residential,India
1,2037-03-31,515.47,residential,India
1,2037-04-01,515.17,residential,India
1,2037-04-02,515.82,residential,India
1,2037-04-03,500.94,residential,India
1,2037-04-04,468.79,residential,India
1,2037-04-05,528.72,residential,India
1,2037-04-06,498.87,residential,India
1,2037-04-07,462.5,residential,India
1,2037-04-08,453.4,residential,India
1,2037-04-09,495.44,residential,India
1,2037-04-10,484.14,residential,India
1,2037-04-11,480.42,residential,India
1,2037-04-12,485.17,residential,India
1,2037-04-13,493.41,residential,India
1,2037-04-14,485.85,residential,India
1,2037-04-15,534.51,residential,India
1,2037-04-16,463.51,residential,India
1,2037-04-17,492.62,residential,India
1,2037-04-18,490.2,residential,India
1,2037-04-19,511.32,residential,India
1,2037-04-20,488.72,residential,India
1,2037-04-21,538.02,residential,India
1,2037-04-22,486.38,residential,India
1,2037-04-23,537.8,residential,India
1,2037-04-24,506.33,residential,India
1,2037-04-25,448.06,residential,India
1,2037-04-26,493.06,residential,India
1,2037-04-27,465.02,residential,India
1,2037-04-28,503.0,residential,India
1,2037-04-29,464.75,residential,India
1,2037-04-30,464.03,residential,India
1,2037-05-01,447.58,residential,India
1,2037-05-02,468.65,residential,India
1,2037-05-03,494.38,residential,India
1,2037-05-04,503.64,residential,India
1,2037-05-05,509.91,residential,India
1,2037-05-06,491.01,residential,India
1,2037-05-07,493.33,residential,India
1,2037-05-08,502.22,residential,India
1,2037-05-09,526.72,residential,India
1,2037-05-10,478.46,residential,India
1,2037-05-11,496.37,residential,India
1,2037-05-12,493.02,residential,India
1,2037-05-13,485.06,residential,India
1,2037-05-14,499.86,residential,India
1,2037-05-15,485.06,residential,India
1,2037-05-16,474.23,residential,India
1,2037-05-17,506.88,residential,India
1,2037-05-18,516.82,residential,India
1,2037-05-19,480.04,residential,India
1,2037-05-20,490.3,residential,India
1,2037-05-21,480.23,residential,India
1,2037-05-22,514.35,residential,India
1,2037-05-23,501.32,residential,India
1,2037-05-24,486.85,residential,India
1,2037-05-25,468.27,residential,India
1,2037-05-26,468.39,residential,India
1,2037-05-27,476.53,residential,India
1,2037-05-28,466.58,residential,India
1,2037-05-29,523.18,residential,India
1,2037-05-30,498.4,residential,India
1,2037-05-31,522.61,residential,India
1,2037-06-01,476.09,residential,India
1,2037-06-02,471.71,residential,India
1,2037-06-03,438.23,residential,India
1,2037-06-04,496.26,residential,India
1,2037-06-05,486.99,residential,India
1,2037-06-06,520.67,residential,India
1,2037-06-07,465.64,residential,India
1,2037-06-08,488.3,residential,India
1,2037-06-09,510.17,residential,India
1,2037-06-10,466.2,residential,India
1,2037-06-11,469.06,residential,India
1,2037-06-12,461.51,residential,India
1,2037-06-13,480.32,residential,India
1,2037-06-14,511.35,residential,India
1,2037-06-15,502.45,residential,India
1,2037-06-16,491.21,residential,India
1,2037-06-17,473.88,residential,India
1,2037-06-18,483.68,residential,India
1,2037-06-19,509.19,residential,India
1,2037-06-20,493.87,residential,India
1,2037-06-21,449.57,residential,India
1,2037-06-22,484.94,residential,India
1,2037-06-23,480.68,residential,India
1,2037-06-24,450.05,residential,India
1,2037-06-25,501.27,residential,India
1,2037-06-26,476.51,residential,India
1,2037-06-27,506.1,residential,India
1,2037-06-28,499.11,residential,India
1,2037-06-29,482.69,residential,India
1,2037-06-30,472.61,residential,India
1,2037-07-01,456.52,residential,India
1,2037-07-02,442.43,residential,India
1,2037-07-03,471.48,residential,India
1,2037-07-04,494.21,residential,India
1,2037-07-05,481.66,residential,India
1,2037-07-06,455.3,residential,India
1,2037-07-07,477.9,residential,India
1,2037-07-08,474.93,residential,India
1,2037-07-09,510.61,residential,India
1,2037-07-10,485.93,residential,India
1,2037-07-11,512.58,residential,India
1,2037-07-12,496.6,residential,India
1,2037-07-13,517.12,residential,India
1,2037-07-14,431.05,residential,India
1,2037-07-15,486.48,residential,India
1,2037-07-16,505.13,residential,India
1,2037-07-17,482.76,residential,India
1,2037-07-18,439.86,residential,India
1,2037-07-19,474.43,residential,India
1,2037-07-20,494.91,residential,India
1,2037-07-21,486.8,residential,India
1,2037-07-22,510.57,residential,India
1,2037-07-23,485.07,residential,India
1,2037-07-24,470.42,residential,India
1,2037-07-25,507.27,residential,India
1,2037-07-26,463.49,residential,India
1,2037-07-27,463.3,residential,India
1,2037-07-28,467.55,residential,India
1,2037-07-29,513.53,residential,India
1,2037-07-30,487.33,residential,India
1,2037-07-31,477.03,residential,India
1,2037-08-01,491.74,residential,India
1,2037-08-02,449.87,residential,India
1,2037-08-03,491.1,residential,India
1,2037-08-04,462.04,residential,India
1,2037-08-05,444.25,residential,India
1,2037-08-06,501.34,residential,India
1,2037-08-07,474.73,residential,India
1,2037-08-08,509.43,residential,India
1,2037-08-09,494.85,residential,India
1,2037-08-10,499.5,residential,India
1,2037-08-11,484.96,residential,India
1,2037-08-12,467.61,residential,India
1,2037-08-13,497.35,residential,India
1,2037-08-14,464.77,residential,India
1,2037-08-15,480.82,residential,India
1,2037-08-16,475.16,residential,India
1,2037-08-17,514.43,residential,India
1,2037-08-18,487.28,residential,India
1,2037-08-19,435.66,residential,India
1,2037-08-20,452.32,residential,India
1,2037-08-21,468.38,residential,India
1,2037-08-22,482.94,residential,India
1,2037-08-23,487.58,residential,India
1,2037-08-24,489.94,residential,India
1,2037-08-25,509.51,residential,India
1,2037-08-26,466.68,residential,India
1,2037-08-27,446.08,residential,India
1,2037-08-28,454.19,residential,India
1,2037-08-29,457.77,residential,India
1,2037-08-30,428.25,residential,India
1,2037-08-31,465.55,residential,India
1,2037-09-01,437.76,residential,India
1,2037-09-02,446.97,residential,India
1,2037-09-03,474.1,residential,India
1,2037-09-04,489.88,residential,India
1,2037-09-05,456.65,residential,India
1,2037-09-06,493.54,residential,India
1,2037-09-07,484.74,residential,India
1,2037-09-08,484.72,residential,India
1,2037-09-09,502.89,residential,India
1,2037-09-10,472.81,residential,India
1,2037-09-11,488.52,residential,India
1,2037-09-12,492.46,residential,India
1,2037-09-13,461.43,residential,India
1,2037-09-14,479.78,residential,India
1,2037-09-15,497.71,residential,India
1,2037-09-16,463.79,residential,India
1,2037-09-17,461.55,residential,India
1,2037-09-18,469.33,residential,India
1,2037-09-19,502.86,residential,India
1,2037-09-20,483.29,residential,India
1,2037-09-21,451.63,residential,India
1,2037-09-22,462.74,residential,India
1,2037-09-23,477.98,residential,India
1,2037-09-24,480.85,residential,India
1,2037-09-25,458.92,residential,India
1,2037-09-26,468.64,residential,India
1,2037-09-27,461.72,residential,India
1,2037-09-28,471.41,residential,India
1,2037-09-29,481.61,residential,India
1,2037-09-30,474.68,residential,India
1,2037-10-01,460.55,residential,India
1,2037-10-02,459.08,residential,India
1,2037-10-03,493.39,residential,India
1,2037-10-04,466.63,residential,India
1,2037-10-05,460.53,residential,India
1,2037-10-06,527.84,residential,India
1,2037-10-07,456.54,residential,India
1,2037-10-08,479.83,residential,India
1,2037-10-09,493.4,residential,India
1,2037-10-10,493.42,residential,India
1,2037-10-11,464.96,residential,India
1,2037-10-12,451.2,residential,India
1,2037-10-13,482.08,residential,India
1,2037-10-14,458.39,residential,India
1,2037-10-15,474.1,residential,India
1,2037-10-16,467.83,residential,India
1,2037-10-17,462.04,residential,India
1,2037-10-18,470.12,residential,India
1,2037-10-19,454.77,residential,India
1,2037-10-20,501.5,residential,India
1,2037-10-21,471.62,residential,India
1,2037-10-22,458.26,residential,India
1,2037-10-23,502.05,residential,India
1,2037-10-24,487.88,residential,India
1,2037-10-25,480.6,residential,India
1,2037-10-26,462.74,residential,India
1,2037-10-27,492.99,residential,India
1,2037-10-28,450.38,residential,India
1,2037-10-29,474.18,residential,India
1,2037-10-30,508.3,residential,India
1,2037-10-31,455.27,residential,India
1,2037-11-01,466.77,residential,India
1,2037-11-02,464.99,residential,India
1,2037-11-03,471.45,residential,India
1,2037-11-04,459.49,residential,India
1,2037-11-05,471.8,residential,India
1,2037-11-06,452.12,residential,India
1,2037-11-07,446.54,residential,India
1,2037-11-08,492.28,residential,India
1,2037-11-09,462.78,residential,India
1,2037-11-10,511.77,residential,India
1,2037-11-11,451.33,residential,India
1,2037-11-12,475.82,residential,India
1,2037-11-13,483.6,residential,India
1,2037-11-14,473.98,residential,India
1,2037-11-15,473.88,residential,India
1,2037-11-16,455.61,residential,India
1,2037-11-17,450.92,residential,India
1,2037-11-18,476.14,residential,India
1,2037-11-19,493.05,residential,India
1,2037-11-20,433.52,residential,India
1,2037-11-21,482.06,residential,India
1,2037-11-22,483.07,residential,India
1,2037-11-23,481.63,residential,India
1,2037-11-24,458.51,residential,India
1,2037-11-25,461.33,residential,India
1,2037-11-26,488.36,residential,India
1,2037-11-27,478.47,residential,India
1,2037-11-28,471.59,residential,India
1,2037-11-29,480.19,residential,India
1,2037-11-30,491.77,residential,India
1,2037-12-01,506.69,residential,India
1,2037-12-02,477.63,residential,India
1,2037-12-03,470.65,residential,India
1,2037-12-04,460.23,residential,India
1,2037-12-05,458.52,residential,India
1,2037-12-06,482.98,residential,India
1,2037-12-07,475.72,residential,India
1,2037-12-08,489.07,residential,India
1,2037-12-09,500.18,residential,India
1,2037-12-10,513.45,residential,India
1,2037-12-11,473.28,residential,India
1,2037-12-12,499.19,residential,India
1,2037-12-13,488.07,residential,India
1,2037-12-14,475.33,residential,India
1,2037-12-15,431.14,residential,India
1,2037-12-16,457.18,residential,India
1,2037-12-17,492.86,residential,India
1,2037-12-18,436.35,residential,India
1,2037-12-19,479.53,residential,India
1,2037-12-20,483.78,residential,India
1,2037-12-21,455.0,residential,India
1,2037-12-22,514.09,residential,India
1,2037-12-23,476.21,residential,India
1,2037-12-24,488.12,residential,India
1,2037-12-25,489.98,residential,India
1,2037-12-26,457.79,residential,India
1,2037-12-27,479.03,residential,India
1,2037-12-28,468.2,residential,India
1,2037-12-29,455.98,residential,India
1,2037-12-30,480.85,residential,India
1,2037-12-31,470.27,residential,India
1,2038-01-01,471.5,residential,India
1,2038-01-02,427.68,residential,India
1,2038-01-03,460.98,residential,India
1,2038-01-04,446.08,residential,India
1,2038-01-05,491.5,residential,India
1,2038-01-06,456.85,residential,India
1,2038-01-07,485.08,residential,India
1,2038-01-08,489.27,residential,India
1,2038-01-09,451.03,residential,India
1,2038-01-10,435.83,residential,India
1,2038-01-11,493.53,residential,India
1,2038-01-12,463.61,residential,India
1,2038-01-13,478.6,residential,India
1,2038-01-14,481.13,residential,India
1,2038-01-15,489.52,residential,India
1,2038-01-16,441.74,residential,India
1,2038-01-17,441.08,residential,India
1,2038-01-18,460.35,residential,India
1,2038-01-19,470.38,residential,India
1,2038-01-20,478.17,residential,India
1,2038-01-21,473.95,residential,India
1,2038-01-22,456.68,residential,India
1,2038-01-23,472.85,residential,India
1,2038-01-24,501.74,residential,India
1,2038-01-25,455.13,residential,India
1,2038-01-26,452.69,residential,India
1,2038-01-27,502.38,residential,India
1,2038-01-28,480.22,residential,India
1,2038-01-29,447.38,residential,India
1,2038-01-30,469.3,residential,India
1,2038-01-31,455.94,residential,India
1,2038-02-01,451.22,residential,India
1,2038-02-02,452.27,residential,India
1,2038-02-03,480.35,residential,India
1,2038-02-04,466.39,residential,India
1,2038-02-05,423.22,residential,India
1,2038-02-06,463.11,residential,India
1,2038-02-07,488.96,residential,India
1,2038-02-08,457.48,residential,India
1,2038-02-09,442.14,residential,India
1,2038-02-10,458.2,residential,India
1,2038-02-11,481.39,residential,India
1,2038-02-12,478.54,residential,India
1,2038-02-13,464.41,residential,India
1,2038-02-14,465.74,residential,India
1,2038-02-15,480.83,residential,India
1,2038-02-16,422.27,residential,India
1,2038-02-17,481.26,residential,India
1,2038-02-18,479.78,residential,India
1,2038-02-19,456.91,residential,India
1,2038-02-20,475.7,residential,India
1,2038-02-21,468.54,residential,India
1,2038-02-22,466.04,residential,India
1,2038-02-23,443.31,residential,India
1,2038-02-24,451.07,residential,India
1,2038-02-25,450.46,residential,India
1,2038-02-26,473.7,residential,India
1,2038-02-27,458.85,residential,India
1,2038-02-28,453.14,residential,India
1,2038-03-01,460.1,residential,India
1,2038-03-02,499.33,residential,India
1,2038-03-03,467.57,residential,India
1,2038-03-04,481.22,residential,India
1,2038-03-05,473.24,residential,India
1,2038-03-06,493.79,residential,India
1,2038-03-07,448.12,residential,India
1,2038-03-08,486.67,residential,India
1,2038-03-09,493.64,residential,India
1,2038-03-10,463.2,residential,India
1,2038-03-11,469.11,residential,India
1,2038-03-12,474.95,residential,India
1,2038-03-13,485.37,residential,India
1,2038-03-14,464.32,residential,India
1,2038-03-15,505.86,residential,India
1,2038-03-16,492.1,residential,India
1,2038-03-17,468.37,residential,India
1,2038-03-18,458.3,residential,India
1,2038-03-19,477.77,residential,India
1,2038-03-20,433.72,residential,India
1,2038-03-21,426.73,residential,India
1,2038-03-22,472.64,residential,India
1,2038-03-23,463.95,residential,India
1,2038-03-24,451.13,residential,India
1,2038-03-25,469.87,residential,India
1,2038-03-26,468.87,residential,India
1,2038-03-27,487.04,residential,India
1,2038-03-28,461.61,residential,India
1,2038-03-29,452.73,residential,India
1,2038-03-30,480.76,residential,India
1,2038-03-31,482.0,residential,India
1,2038-04-01,460.38,residential,India
1,2038-04-02,443.26,residential,India
1,2038-04-03,477.44,residential,India
1,2038-04-04,470.53,residential,India
1,2038-04-05,470.2,residential,India
1,2038-04-06,446.68,residential,India
1,2038-04-07,462.48,residential,India
1,2038-04-08,450.3,residential,India
1,2038-04-09,502.44,residential,India
1,2038-04-10,450.34,residential,India
1,2038-04-11,466.87,residential,India
1,2038-04-12,485.62,residential,India
1,2038-04-13,444.26,residential,India
1,2038-04-14,493.44,residential,India
1,2038-04-15,421.39,residential,India
1,2038-04-16,455.67,residential,India
1,2038-04-17,464.33,residential,India
1,2038-04-18,447.28,residential,India
1,2038-04-19,447.27,residential,India
1,2038-04-20,482.57,residential,India
1,2038-04-21,451.48,residential,India
1,2038-04-22,462.23,residential,India
1,2038-04-23,449.27,residential,India
1,2038-04-24,442.63,residential,India
1,2038-04-25,451.16,residential,India
1,2038-04-26,451.34,residential,India
1,2038-04-27,481.12,residential,India
1,2038-04-28,482.11,residential,India
1,2038-04-29,449.95,residential,India
1,2038-04-30,434.03,residential,India
1,2038-05-01,483.36,residential,India
1,2038-05-02,430.35,residential,India
1,2038-05-03,481.85,residential,India
1,2038-05-04,448.82,residential,India
1,2038-05-05,445.55,residential,India
1,2038-05-06,509.68,residential,India
1,2038-05-07,461.96,residential,India
1,2038-05-08,484.9,residential,India
1,2038-05-09,468.26,residential,India
1,2038-05-10,468.98,residential,India
1,2038-05-11,475.9,residential,India
1,2038-05-12,427.64,residential,India
1,2038-05-13,420.64,residential,India
1,2038-05-14,453.68,residential,India
1,2038-05-15,472.49,residential,India
1,2038-05-16,454.9,residential,India
1,2038-05-17,423.82,residential,India
1,2038-05-18,465.24,residential,India
1,2038-05-19,477.81,residential,India
1,2038-05-20,451.9,residential,India
1,2038-05-21,495.71,residential,India
1,2038-05-22,452.5,residential,India
1,2038-05-23,441.67,residential,India
1,2038-05-24,481.2,residential,India
1,2038-05-25,461.96,residential,India
1,2038-05-26,479.35,residential,India
1,2038-05-27,485.69,residential,India
1,2038-05-28,435.44,residential,India
1,2038-05-29,450.14,residential,India
1,2038-05-30,479.45,residential,India
1,2038-05-31,456.32,residential,India
1,2038-06-01,488.0,residential,India
1,2038-06-02,450.94,residential,India
1,2038-06-03,474.14,residential,India
1,2038-06-04,499.54,residential,India
1,2038-06-05,452.15,residential,India
1,2038-06-06,474.15,residential,India
1,2038-06-07,443.2,residential,India
1,2038-06-08,501.3,residential,India
1,2038-06-09,483.12,residential,India
1,2038-06-10,499.6,residential,India
1,2038-06-11,515.97,residential,India
1,2038-06-12,444.99,residential,India
1,2038-06-13,487.89,residential,India
1,2038-06-14,474.29,residential,India
1,2038-06-15,431.64,residential,India
1,2038-06-16,436.12,residential,India
1,2038-06-17,457.07,residential,India
1,2038-06-18,476.91,residential,India
1,2038-06-19,479.65,residential,India
1,2038-06-20,502.57,residential,India
1,2038-06-21,438.24,residential,India
1,2038-06-22,478.19,residential,India
1,2038-06-23,478.47,residential,India
1,2038-06-24,480.01,residential,India
1,2038-06-25,482.24,residential,India
1,2038-06-26,420.01,residential,India
1,2038-06-27,442.6,residential,India
1,2038-06-28,470.67,residential,India
1,2038-06-29,441.8,residential,India
1,2038-06-30,461.68,residential,India
1,2038-07-01,434.04,residential,India
1,2038-07-02,464.72,residential,India
1,2038-07-03,447.69,residential,India
1,2038-07-04,430.06,residential,India
1,2038-07-05,461.92,residential,India
1,2038-07-06,477.95,residential,India
1,2038-07-07,456.21,residential,India
1,2038-07-08,464.52,residential,India
1,2038-07-09,436.53,residential,India
1,2038-07-10,473.55,residential,India
1,2038-07-11,495.59,residential,India
1,2038-07-12,442.54,residential,India
1,2038-07-13,417.97,residential,India
1,2038-07-14,436.32,residential,India
1,2038-07-15,471.98,residential,India
1,2038-07-16,462.36,residential,India
1,2038-07-17,436.48,residential,India
1,2038-07-18,470.35,residential,India
1,2038-07-19,458.4,residential,India
1,2038-07-20,471.29,residential,India
1,2038-07-21,458.56,residential,India
1,2038-07-22,500.63,residential,India
1,2038-07-23,462.19,residential,India
1,2038-07-24,473.08,residential,India
1,2038-07-25,467.6,residential,India
1,2038-07-26,460.47,residential,India
1,2038-07-27,429.53,residential,India
1,2038-07-28,473.12,residential,India
1,2038-07-29,464.42,residential,India
1,2038-07-30,460.13,residential,India
1,2038-07-31,446.33,residential,India
1,2038-08-01,479.1,residential,India
1,2038-08-02,498.88,residential,India
1,2038-08-03,432.21,residential,India
1,2038-08-04,463.96,residential,India
1,2038-08-05,441.22,residential,India
1,2038-08-06,436.94,residential,India
1,2038-08-07,475.61,residential,India
1,2038-08-08,450.22,residential,India
1,2038-08-09,457.0,residential,India
1,2038-08-10,445.02,residential,India
1,2038-08-11,433.1,residential,India
1,2038-08-12,421.72,residential,India
1,2038-08-13,438.09,residential,India
1,2038-08-14,471.73,residential,India
1,2038-08-15,423.51,residential,India
1,2038-08-16,456.96,residential,India
1,2038-08-17,450.86,residential,India
1,2038-08-18,491.19,residential,India
1,2038-08-19,459.09,residential,India
1,2038-08-20,479.54,residential,India
1,2038-08-21,474.33,residential,India
1,2038-08-22,485.41,residential,India
1,2038-08-23,433.17,residential,India
1,2038-08-24,440.91,residential,India
1,2038-08-25,484.74,residential,India
1,2038-08-26,479.01,residential,India
1,2038-08-27,442.73,residential,India
1,2038-08-28,472.4,residential,India
1,2038-08-29,457.43,residential,India
1,2038-08-30,479.71,residential,India
1,2038-08-31,447.71,residential,India
1,2038-09-01,466.52,residential,India
1,2038-09-02,436.62,residential,India
1,2038-09-03,461.85,residential,India
1,2038-09-04,466.01,residential,India
1,2038-09-05,440.11,residential,India
1,2038-09-06,467.47,residential,India
1,2038-09-07,444.46,residential,India
1,2038-09-08,473.59,residential,India
1,2038-09-09,480.95,residential,India
1,2038-09-10,458.83,residential,India
1,2038-09-11,434.75,residential,India
1,2038-09-12,481.06,residential,India
1,2038-09-13,451.88,residential,India
1,2038-09-14,475.03,residential,India
1,2038-09-15,461.74,residential,India
1,2038-09-16,461.56,residential,India
1,2038-09-17,471.54,residential,India
1,2038-09-18,484.45,residential,India
1,2038-09-19,441.51,residential,India
1,2038-09-20,487.95,residential,India
1,2038-09-21,492.79,residential,India
1,2038-09-22,441.09,residential,India
1,2038-09-23,452.38,residential,India
1,2038-09-24,490.28,residential,India
1,2038-09-25,463.33,residential,India
1,2038-09-26,442.63,residential,India
1,2038-09-27,418.56,residential,India
1,2038-09-28,473.46,residential,India
1,2038-09-29,479.04,residential,India
1,2038-09-30,449.83,residential,India
1,2038-10-01,462.87,residential,India
1,2038-10-02,491.29,residential,India
1,2038-10-03,459.87,residential,India
1,2038-10-04,482.19,residential,India
1,2038-10-05,453.53,residential,India
1,2038-10-06,446.34,residential,India
1,2038-10-07,417.43,residential,India
1,2038-10-08,468.44,residential,India
1,2038-10-09,435.66,residential,India
1,2038-10-10,476.56,residential,India
1,2038-10-11,488.02,residential,India
1,2038-10-12,452.61,residential,India
1,2038-10-13,479.86,residential,India
1,2038-10-14,453.73,residential,India
1,2038-10-15,443.81,residential,India
1,2038-10-16,508.15,residential,India
1,2038-10-17,437.85,residential,India
1,2038-10-18,456.49,residential,India
1,2038-10-19,522.2,residential,India
1,2038-10-20,481.92,residential,India
1,2038-10-21,490.42,residential,India
1,2038-10-22,422.26,residential,India
1,2038-10-23,454.12,residential,India
1,2038-10-24,448.77,residential,India
1,2038-10-25,483.47,residential,India
1,2038-10-26,462.52,residential,India
1,2038-10-27,468.19,residential,India
1,2038-10-28,459.88,residential,India
1,2038-10-29,461.68,residential,India
1,2038-10-30,450.93,residential,India
1,2038-10-31,376.06,residential,India
1,2038-11-01,461.99,residential,India
1,2038-11-02,416.5,residential,India
1,2038-11-03,462.14,residential,India
1,2038-11-04,437.56,residential,India
1,2038-11-05,466.72,residential,India
1,2038-11-06,471.08,residential,India
1,2038-11-07,464.92,residential,India
1,2038-11-08,471.33,residential,India
1,2038-11-09,446.61,residential,India
1,2038-11-10,458.49,residential,India
1,2038-11-11,479.28,residential,India
1,2038-11-12,489.4,residential,India
1,2038-11-13,476.88,residential,India
1,2038-11-14,445.51,residential,India
1,2038-11-15,437.74,residential,India
1,2038-11-16,457.25,residential,India
1,2038-11-17,483.52,residential,India
1,2038-11-18,485.54,residential,India
1,2038-11-19,449.98,residential,India
1,2038-11-20,438.88,residential,India
1,2038-11-21,448.79,residential,India
1,2038-11-22,508.71,residential,India
1,2038-11-23,480.17,residential,India
1,2038-11-24,435.08,residential,India
1,2038-11-25,473.69,residential,India
1,2038-11-26,410.88,residential,India
1,2038-11-27,488.41,residential,India
1,2038-11-28,444.89,residential,India
1,2038-11-29,473.49,residential,India
1,2038-11-30,446.16,residential,India
1,2038-12-01,429.57,residential,India
1,2038-12-02,425.76,residential,India
1,2038-12-03,465.57,residential,India
1,2038-12-04,438.24,residential,India
1,2038-12-05,443.87,residential,India
1,2038-12-06,454.14,residential,India
1,2038-12-07,505.88,residential,India
1,2038-12-08,475.45,residential,India
1,2038-12-09,448.68,residential,India
1,2038-12-10,492.95,residential,India
1,2038-12-11,468.1,residential,India
1,2038-12-12,497.5,residential,India
1,2038-12-13,460.69,residential,India
1,2038-12-14,434.48,residential,India
1,2038-12-15,441.51,residential,India
1,2038-12-16,463.63,residential,India
1,2038-12-17,445.01,residential,India
1,2038-12-18,452.74,residential,India
1,2038-12-19,465.78,residential,India
1,2038-12-20,423.73,residential,India
1,2038-12-21,465.14,residential,India
1,2038-12-22,469.98,residential,India
1,2038-12-23,472.63,residential,India
1,2038-12-24,471.6,residential,India
1,2038-12-25,491.78,residential,India
1,2038-12-26,480.91,residential,India
1,2038-12-27,444.68,residential,India
1,2038-12-28,448.24,residential,India
1,2038-12-29,461.96,residential,India
1,2038-12-30,464.3,residential,India
1,2038-12-31,484.82,residential,India
1,2039-01-01,473.67,residential,India
1,2039-01-02,469.71,residential,India
1,2039-01-03,436.35,residential,India
1,2039-01-04,450.29,residential,India
1,2039-01-05,492.68,residential,India
1,2039-01-06,453.27,residential,India
1,2039-01-07,477.33,residential,India
1,2039-01-08,488.97,residential,India
1,2039-01-09,455.67,residential,India
1,2039-01-10,442.71,residential,India
1,2039-01-11,452.67,residential,India
1,2039-01-12,478.82,residential,India
1,2039-01-13,465.89,residential,India
1,2039-01-14,480.86,residential,India
1,2039-01-15,445.04,residential,India
1,2039-01-16,438.34,residential,India
1,2039-01-17,482.57,residential,India
1,2039-01-18,472.21,residential,India
1,2039-01-19,479.52,residential,India
1,2039-01-20,443.79,residential,India
1,2039-01-21,457.94,residential,India
1,2039-01-22,473.64,residential,India
1,2039-01-23,492.35,residential,India
1,2039-01-24,477.43,residential,India
1,2039-01-25,442.36,residential,India
1,2039-01-26,458.76,residential,India
1,2039-01-27,458.21,residential,India
1,2039-01-28,484.45,residential,India
1,2039-01-29,485.37,residential,India
1,2039-01-30,480.98,residential,India
1,2039-01-31,431.12,residential,India
1,2039-02-01,473.82,residential,India
1,2039-02-02,458.84,residential,India
1,2039-02-03,475.01,residential,India
1,2039-02-04,459.3,residential,India
1,2039-02-05,455.4,residential,India
1,2039-02-06,458.66,residential,India
1,2039-02-07,465.41,residential,India
1,2039-02-08,458.21,residential,India
1,2039-02-09,489.04,residential,India
1,2039-02-10,464.46,residential,India
1,2039-02-11,481.88,residential,India
1,2039-02-12,446.82,residential,India
1,2039-02-13,459.43,residential,India
1,2039-02-14,449.56,residential,India
1,2039-02-15,442.64,residential,India
1,2039-02-16,463.19,residential,India
1,2039-02-17,491.87,residential,India
1,2039-02-18,475.48,residential,India
1,2039-02-19,496.98,residential,India
1,2039-02-20,454.73,residential,India
1,2039-02-21,466.9,residential,India
1,2039-02-22,493.42,residential,India
1,2039-02-23,428.5,residential,India
1,2039-02-24,446.23,residential,India
1,2039-02-25,464.61,residential,India
1,2039-02-26,441.64,residential,India
1,2039-02-27,446.89,residential,India
1,2039-02-28,458.86,residential,India
1,2039-03-01,466.47,residential,India
1,2039-03-02,494.78,residential,India
1,2039-03-03,483.71,residential,India
1,2039-03-04,449.56,residential,India
1,2039-03-05,479.25,residential,India
1,2039-03-06,469.57,residential,India
1,2039-03-07,481.69,residential,India
1,2039-03-08,451.74,residential,India
1,2039-03-09,454.44,residential,India
1,2039-03-10,465.87,residential,India
1,2039-03-11,436.05,residential,India
1,2039-03-12,473.71,residential,India
1,2039-03-13,458.37,residential,India
1,2039-03-14,464.9,residential,India
1,2039-03-15,467.7,residential,India
1,2039-03-16,455.24,residential,India
1,2039-03-17,455.77,residential,India
1,2039-03-18,467.11,residential,India
1,2039-03-19,440.77,residential,India
1,2039-03-20,475.37,residential,India
1,2039-03-21,462.01,residential,India
1,2039-03-22,454.47,residential,India
1,2039-03-23,475.64,residential,India
1,2039-03-24,471.61,residential,India
1,2039-03-25,460.36,residential,India
1,2039-03-26,489.48,residential,India
1,2039-03-27,440.73,residential,India
1,2039-03-28,456.16,residential,India
1,2039-03-29,481.22,residential,India
1,2039-03-30,451.17,residential,India
1,2039-03-31,452.77,residential,India
1,2039-04-01,472.15,residential,India
1,2039-04-02,472.73,residential,India
1,2039-04-03,477.41,residential,India
1,2039-04-04,475.15,residential,India
1,2039-04-05,459.21,residential,India
1,2039-04-06,463.7,residential,India
1,2039-04-07,430.0,residential,India
1,2039-04-08,476.46,residential,India
1,2039-04-09,476.78,residential,India
1,2039-04-10,464.12,residential,India
1,2039-04-11,437.11,residential,India
1,2039-04-12,469.39,residential,India
1,2039-04-13,456.17,residential,India
1,2039-04-14,482.76,residential,India
1,2039-04-15,458.91,residential,India
1,2039-04-16,490.61,residential,India
1,2039-04-17,445.2,residential,India
1,2039-04-18,501.65,residential,India
1,2039-04-19,462.2,residential,India
1,2039-04-20,459.97,residential,India
1,2039-04-21,466.18,residential,India
1,2039-04-22,449.13,residential,India
1,2039-04-23,481.2,residential,India
1,2039-04-24,481.41,residential,India
1,2039-04-25,461.83,residential,India
1,2039-04-26,499.45,residential,India
1,2039-04-27,445.28,residential,India
1,2039-04-28,476.2,residential,India
1,2039-04-29,468.02,residential,India
1,2039-04-30,519.03,residential,India
1,2039-05-01,477.71,residential,India
1,2039-05-02,461.74,residential,India
1,2039-05-03,476.68,residential,India
1,2039-05-04,476.44,residential,India
1,2039-05-05,491.33,residential,India
1,2039-05-06,469.42,residential,India
1,2039-05-07,430.3,residential,India
1,2039-05-08,477.42,residential,India
1,2039-05-09,476.62,residential,India
1,2039-05-10,511.69,residential,India
1,2039-05-11,483.75,residential,India
1,2039-05-12,473.88,residential,India
1,2039-05-13,467.41,residential,India
1,2039-05-14,468.14,residential,India
1,2039-05-15,477.29,residential,India
1,2039-05-16,460.26,residential,India
1,2039-05-17,456.93,residential,India
1,2039-05-18,436.52,residential,India
1,2039-05-19,472.59,residential,India
1,2039-05-20,428.03,residential,India
1,2039-05-21,442.45,residential,India
1,2039-05-22,439.74,residential,India
1,2039-05-23,485.39,residential,India
1,2039-05-24,440.15,residential,India
1,2039-05-25,490.29,residential,India
1,2039-05-26,487.1,residential,India
1,2039-05-27,467.13,residential,India
1,2039-05-28,483.4,residential,India
1,2039-05-29,473.33,residential,India
1,2039-05-30,472.67,residential,India
1,2039-05-31,466.72,residential,India
1,2039-06-01,465.99,residential,India
1,2039-06-02,447.43,residential,India
1,2039-06-03,483.14,residential,India
1,2039-06-04,467.14,residential,India
1,2039-06-05,471.32,residential,India
1,2039-06-06,456.23,residential,India
1,2039-06-07,465.15,residential,India
1,2039-06-08,451.37,residential,India
1,2039-06-09,445.84,residential,India
1,2039-06-10,467.36,residential,India
1,2039-06-11,467.21,residential,India
1,2039-06-12,516.35,residential,India
1,2039-06-13,433.19,residential,India
1,2039-06-14,473.28,residential,India
1,2039-06-15,516.89,residential,India
1,2039-06-16,475.51,residential,India
1,2039-06-17,470.03,residential,India
1,2039-06-18,486.45,residential,India
1,2039-06-19,486.56,residential,India
1,2039-06-20,430.01,residential,India
1,2039-06-21,457.04,residential,India
1,2039-06-22,477.81,residential,India
1,2039-06-23,437.73,residential,India
1,2039-06-24,465.09,residential,India
1,2039-06-25,488.02,residential,India
1,2039-06-26,450.63,residential,India
1,2039-06-27,511.69,residential,India
1,2039-06-28,451.52,residential,India
1,2039-06-29,492.41,residential,India
1,2039-06-30,469.67,residential,India
1,2039-07-01,476.42,residential,India
1,2039-07-02,476.29,residential,India
1,2039-07-03,485.29,residential,India
1,2039-07-04,463.77,residential,India
1,2039-07-05,443.28,residential,India
1,2039-07-06,442.77,residential,India
1,2039-07-07,503.67,residential,India
1,2039-07-08,461.89,residential,India
1,2039-07-09,482.77,residential,India
1,2039-07-10,445.53,residential,India
1,2039-07-11,489.21,residential,India
1,2039-07-12,490.71,residential,India
1,2039-07-13,512.27,residential,India
1,2039-07-14,465.03,residential,India
1,2039-07-15,462.15,residential,India
1,2039-07-16,487.65,residential,India
1,2039-07-17,435.44,residential,India
1,2039-07-18,466.84,residential,India
1,2039-07-19,474.14,residential,India
1,2039-07-20,486.61,residential,India
1,2039-07-21,474.48,residential,India
1,2039-07-22,460.9,residential,India
1,2039-07-23,452.82,residential,India
1,2039-07-24,459.77,residential,India
1,2039-07-25,461.36,residential,India
1,2039-07-26,480.02,residential,India
1,2039-07-27,473.94,residential,India
1,2039-07-28,456.17,residential,India
1,2039-07-29,504.77,residential,India
1,2039-07-30,464.86,residential,India
1,2039-07-31,437.15,residential,India
1,2039-08-01,483.12,residential,India
1,2039-08-02,483.36,residential,India
1,2039-08-03,485.28,residential,India
1,2039-08-04,465.59,residential,India
1,2039-08-05,486.95,residential,India
1,2039-08-06,479.26,residential,India
1,2039-08-07,483.92,residential,India
1,2039-08-08,523.53,residential,India
1,2039-08-09,474.62,residential,India
1,2039-08-10,437.89,residential,India
1,2039-08-11,486.77,residential,India
1,2039-08-12,478.71,residential,India
1,2039-08-13,506.53,residential,India
1,2039-08-14,492.09,residential,India
1,2039-08-15,465.71,residential,India
1,2039-08-16,441.84,residential,India
1,2039-08-17,460.61,residential,India
1,2039-08-18,465.77,residential,India
1,2039-08-19,490.82,residential,India
1,2039-08-20,510.6,residential,India
1,2039-08-21,455.45,residential,India
1,2039-08-22,450.43,residential,India
1,2039-08-23,491.97,residential,India
1,2039-08-24,459.93,residential,India
1,2039-08-25,463.59,residential,India
1,2039-08-26,483.67,residential,India
1,2039-08-27,445.44,residential,India
1,2039-08-28,457.61,residential,India
1,2039-08-29,480.2,residential,India
1,2039-08-30,483.43,residential,India
1,2039-08-31,500.15,residential,India
1,2039-09-01,510.22,residential,India
1,2039-09-02,459.1,residential,India
1,2039-09-03,464.89,residential,India
1,2039-09-04,471.33,residential,India
1,2039-09-05,476.29,residential,India
1,2039-09-06,473.62,residential,India
1,2039-09-07,501.19,residential,India
1,2039-09-08,497.04,residential,India
1,2039-09-09,477.18,residential,India
1,2039-09-10,483.41,residential,India
1,2039-09-11,483.05,residential,India
1,2039-09-12,465.19,residential,India
1,2039-09-13,441.36,residential,India
1,2039-09-14,481.43,residential,India
1,2039-09-15,477.72,residential,India
1,2039-09-16,498.0,residential,India
1,2039-09-17,457.51,residential,India
1,2039-09-18,478.31,residential,India
1,2039-09-19,505.31,residential,India
1,2039-09-20,501.69,residential,India
1,2039-09-21,495.35,residential,India
1,2039-09-22,486.03,residential,India
1,2039-09-23,454.62,residential,India
1,2039-09-24,487.98,residential,India
1,2039-09-25,511.73,residential,India
1,2039-09-26,501.4,residential,India
1,2039-09-27,486.11,residential,India
1,2039-09-28,456.28,residential,India
1,2039-09-29,455.2,residential,India
1,2039-09-30,522.05,residential,India
1,2039-10-01,484.36,residential,India
1,2039-10-02,477.24,residential,India
1,2039-10-03,470.6,residential,India
1,2039-10-04,477.77,residential,India
1,2039-10-05,493.33,residential,India
1,2039-10-06,474.48,residential,India
1,2039-10-07,448.41,residential,India
1,2039-10-08,482.43,residential,India
1,2039-10-09,468.79,residential,India
1,2039-10-10,482.11,residential,India
1,2039-10-11,468.97,residential,India
1,2039-10-12,462.21,residential,India
1,2039-10-13,501.55,residential,India
1,2039-10-14,493.31,residential,India
1,2039-10-15,488.18,residential,India
1,2039-10-16,475.95,residential,India
1,2039-10-17,458.4,residential,India
1,2039-10-18,482.12,residential,India
1,2039-10-19,475.0,residential,India
1,2039-10-20,440.65,residential,India
1,2039-10-21,462.83,residential,India
1,2039-10-22,451.68,residential,India
1,2039-10-23,501.95,residential,India
1,2039-10-24,515.83,residential,India
1,2039-10-25,474.07,residential,India
1,2039-10-26,500.52,residential,India
1,2039-10-27,479.15,residential,India
1,2039-10-28,475.1,residential,India
1,2039-10-29,507.77,residential,India
1,2039-10-30,451.82,residential,India
1,2039-10-31,493.45,residential,India
1,2039-11-01,495.04,residential,India
1,2039-11-02,518.19,residential,India
1,2039-11-03,479.35,residential,India
1,2039-11-04,522.96,residential,India
1,2039-11-05,464.96,residential,India
1,2039-11-06,484.57,residential,India
1,2039-11-07,500.64,residential,India
1,2039-11-08,505.93,residential,India
1,2039-11-09,491.95,residential,India
1,2039-11-10,458.92,residential,India
1,2039-11-11,450.73,residential,India
1,2039-11-12,477.24,residential,India
1,2039-11-13,479.26,residential,India
1,2039-11-14,498.09,residential,India
1,2039-11-15,477.94,residential,India
1,2039-11-16,505.41,residential,India
1,2039-11-17,477.8,residential,India
1,2039-11-18,496.33,residential,India
1,2039-11-19,497.09,residential,India
1,2039-11-20,503.91,residential,India
1,2039-11-21,491.9,residential,India
1,2039-11-22,458.42,residential,India
1,2039-11-23,479.32,residential,India
1,2039-11-24,441.3,residential,India
1,2039-11-25,477.62,residential,India
1,2039-11-26,509.55,residential,India
1,2039-11-27,529.04,residential,India
1,2039-11-28,476.56,residential,India
1,2039-11-29,503.8,residential,India
1,2039-11-30,515.04,residential,India
1,2039-12-01,488.09,residential,India
1,2039-12-02,479.45,residential,India
1,2039-12-03,511.32,residential,India
1,2039-12-04,512.23,residential,India
1,2039-12-05,513.86,residential,India
1,2039-12-06,504.51,residential,India
1,2039-12-07,494.34,residential,India
1,2039-12-08,470.09,residential,India
1,2039-12-09,520.03,residential,India
1,2039-12-10,472.22,residential,India
1,2039-12-11,499.41,residential,India
1,2039-12-12,501.55,residential,India
1,2039-12-13,514.23,residential,India
1,2039-12-14,479.39,residential,India
1,2039-12-15,471.0,residential,India
1,2039-12-16,484.7,residential,India
1,2039-12-17,511.62,residential,India
1,2039-12-18,453.41,residential,India
1,2039-12-19,483.56,residential,India
1,2039-12-20,516.31,residential,India
1,2039-12-21,456.02,residential,India
1,2039-12-22,493.76,residential,India
1,2039-12-23,492.3,residential,India
1,2039-12-24,519.5,residential,India
1,2039-12-25,517.54,residential,India
1,2039-12-26,483.73,residential,India
1,2039-12-27,502.33,residential,India
1,2039-12-28,499.9,residential,India
1,2039-12-29,493.17,residential,India
1,2039-12-30,500.23,residential,India
1,2039-12-31,492.75,residential,India
1,2040-01-01,491.58,residential,India
1,2040-01-02,516.65,residential,India
1,2040-01-03,530.89,residential,India
1,2040-01-04,470.28,residential,India
1,2040-01-05,483.36,residential,India
1,2040-01-06,460.66,residential,India
1,2040-01-07,498.37,residential,India
1,2040-01-08,481.91,residential,India
1,2040-01-09,516.04,residential,India
1,2040-01-10,521.38,residential,India
1,2040-01-11,489.65,residential,India
1,2040-01-12,497.98,residential,India
1,2040-01-13,509.45,residential,India
1,2040-01-14,500.72,residential,India
1,2040-01-15,484.89,residential,India
1,2040-01-16,481.69,residential,India
1,2040-01-17,515.38,residential,India
1,2040-01-18,494.29,residential,India
1,2040-01-19,504.16,residential,India
1,2040-01-20,495.12,residential,India
1,2040-01-21,487.1,residential,India
1,2040-01-22,482.31,residential,India
1,2040-01-23,532.6,residential,India
1,2040-01-24,465.79,residential,India
1,2040-01-25,495.59,residential,India
1,2040-01-26,485.58,residential,India
1,2040-01-27,504.53,residential,India
1,2040-01-28,511.57,residential,India
1,2040-01-29,530.72,residential,India
1,2040-01-30,484.85,residential,India
1,2040-01-31,509.78,residential,India
1,2040-02-01,456.88,residential,India
1,2040-02-02,495.23,residential,India
1,2040-02-03,506.79,residential,India
1,2040-02-04,497.57,residential,India
1,2040-02-05,502.59,residential,India
1,2040-02-06,498.61,residential,India
1,2040-02-07,459.11,residential,India
1,2040-02-08,483.05,residential,India
1,2040-02-09,523.83,residential,India
1,2040-02-10,482.29,residential,India
1,2040-02-11,467.04,residential,India
1,2040-02-12,490.59,residential,India
1,2040-02-13,497.54,residential,India
1,2040-02-14,500.29,residential,India
1,2040-02-15,493.98,residential,India
1,2040-02-16,502.66,residential,India
1,2040-02-17,560.18,residential,India
1,2040-02-18,509.44,residential,India
1,2040-02-19,486.06,residential,India
1,2040-02-20,506.68,residential,India
1,2040-02-21,489.84,residential,India
1,2040-02-22,495.48,residential,India
1,2040-02-23,477.84,residential,India
1,2040-02-24,514.39,residential,India
1,2040-02-25,507.81,residential,India
1,2040-02-26,534.61,residential,India
1,2040-02-27,470.64,residential,India
1,2040-02-28,519.77,residential,India
1,2040-02-29,490.52,residential,India
1,2040-03-01,490.54,residential,India
1,2040-03-02,501.96,residential,India
1,2040-03-03,514.26,residential,India
1,2040-03-04,512.67,residential,India
1,2040-03-05,476.54,residential,India
1,2040-03-06,483.29,residential,India
1,2040-03-07,491.16,residential,India
1,2040-03-08,506.26,residential,India
1,2040-03-09,507.62,residential,India
1,2040-03-10,536.57,residential,India
1,2040-03-11,486.7,residential,India
1,2040-03-12,507.13,residential,India
1,2040-03-13,469.2,residential,India
1,2040-03-14,465.39,residential,India
1,2040-03-15,486.23,residential,India
1,2040-03-16,519.11,residential,India
1,2040-03-17,486.52,residential,India
1,2040-03-18,511.39,residential,India
1,2040-03-19,491.2,residential,India
1,2040-03-20,516.73,residential,India
1,2040-03-21,500.05,residential,India
1,2040-03-22,524.2,residential,India
1,2040-03-23,497.49,residential,India
1,2040-03-24,467.39,residential,India
1,2040-03-25,504.15,residential,India
1,2040-03-26,497.14,residential,India
1,2040-03-27,485.3,residential,India
1,2040-03-28,511.09,residential,India
1,2040-03-29,525.4,residential,India
1,2040-03-30,492.09,residential,India
1,2040-03-31,507.88,residential,India
1,2040-04-01,477.78,residential,India
1,2040-04-02,528.38,residential,India
1,2040-04-03,483.71,residential,India
1,2040-04-04,518.11,residential,India
1,2040-04-05,520.26,residential,India
1,2040-04-06,491.96,residential,India
1,2040-04-07,498.18,residential,India
1,2040-04-08,488.64,residential,India
1,2040-04-09,503.53,residential,India
1,2040-04-10,495.91,residential,India
1,2040-04-11,483.9,residential,India
1,2040-04-12,480.88,residential,India
1,2040-04-13,498.92,residential,India
1,2040-04-14,494.75,residential,India
1,2040-04-15,492.89,residential,India
1,2040-04-16,475.42,residential,India
1,2040-04-17,492.88,residential,India
1,2040-04-18,522.21,residential,India
1,2040-04-19,500.8,residential,India
1,2040-04-20,526.93,residential,India
1,2040-04-21,485.75,residential,India
1,2040-04-22,492.11,residential,India
1,2040-04-23,513.97,residential,India
1,2040-04-24,493.55,residential,India
1,2040-04-25,474.22,residential,India
1,2040-04-26,506.08,residential,India
1,2040-04-27,507.26,residential,India
1,2040-04-28,513.36,residential,India
1,2040-04-29,506.85,residential,India
1,2040-04-30,505.09,residential,India
1,2040-05-01,512.45,residential,India
1,2040-05-02,538.84,residential,India
1,2040-05-03,525.83,residential,India
1,2040-05-04,545.78,residential,India
1,2040-05-05,518.02,residential,India
1,2040-05-06,510.51,residential,India
1,2040-05-07,520.15,residential,India
1,2040-05-08,509.8,residential,India
1,2040-05-09,512.79,residential,India
1,2040-05-10,505.1,residential,India
1,2040-05-11,509.46,residential,India
1,2040-05-12,531.47,residential,India
1,2040-05-13,517.51,residential,India
1,2040-05-14,493.23,residential,India
1,2040-05-15,513.31,residential,India
1,2040-05-16,493.0,residential,India
1,2040-05-17,501.05,residential,India
1,2040-05-18,545.42,residential,India
1,2040-05-19,509.53,residential,India
1,2040-05-20,526.37,residential,India
1,2040-05-21,519.4,residential,India
1,2040-05-22,493.23,residential,India
1,2040-05-23,504.14,residential,India
1,2040-05-24,492.56,residential,India
1,2040-05-25,523.96,residential,India
1,2040-05-26,503.12,residential,India
1,2040-05-27,487.02,residential,India
1,2040-05-28,546.1,residential,India
1,2040-05-29,524.14,residential,India
1,2040-05-30,481.43,residential,India
1,2040-05-31,509.37,residential,India
1,2040-06-01,506.41,residential,India
1,2040-06-02,540.2,residential,India
1,2040-06-03,534.13,residential,India
1,2040-06-04,508.66,residential,India
1,2040-06-05,515.62,residential,India
1,2040-06-06,541.17,residential,India
1,2040-06-07,540.02,residential,India
1,2040-06-08,525.38,residential,India
1,2040-06-09,540.15,residential,India
1,2040-06-10,508.55,residential,India
1,2040-06-11,523.05,residential,India
1,2040-06-12,527.54,residential,India
1,2040-06-13,524.54,residential,India
1,2040-06-14,542.24,residential,India
1,2040-06-15,496.14,residential,India
1,2040-06-16,509.3,residential,India
1,2040-06-17,529.43,residential,India
1,2040-06-18,487.06,residential,India
1,2040-06-19,498.19,residential,India
1,2040-06-20,506.14,residential,India
1,2040-06-21,533.08,residential,India
1,2040-06-22,513.0,residential,India
1,2040-06-23,489.85,residential,India
1,2040-06-24,549.02,residential,India
1,2040-06-25,538.15,residential,India
1,2040-06-26,481.81,residential,India
1,2040-06-27,538.07,residential,India
1,2040-06-28,541.43,residential,India
1,2040-06-29,508.54,residential,India
1,2040-06-30,508.7,residential,India
1,2040-07-01,478.21,residential,India
1,2040-07-02,507.62,residential,India
1,2040-07-03,500.01,residential,India
1,2040-07-04,530.19,residential,India
1,2040-07-05,534.4,residential,India
1,2040-07-06,508.62,residential,India
1,2040-07-07,522.67,residential,India
1,2040-07-08,556.1,residential,India
1,2040-07-09,524.41,residential,India
1,2040-07-10,503.62,residential,India
1,2040-07-11,536.51,residential,India
1,2040-07-12,534.24,residential,India
1,2040-07-13,504.33,residential,India
1,2040-07-14,493.09,residential,India
1,2040-07-15,523.7,residential,India
1,2040-07-16,526.96,residential,India
1,2040-07-17,491.86,residential,India
1,2040-07-18,521.65,residential,India
1,2040-07-19,515.96,residential,India
1,2040-07-20,506.35,residential,India
1,2040-07-21,546.76,residential,India
1,2040-07-22,521.86,residential,India
1,2040-07-23,540.97,residential,India
1,2040-07-24,549.52,residential,India
1,2040-07-25,483.45,residential,India
1,2040-07-26,498.13,residential,India
1,2040-07-27,526.92,residential,India
1,2040-07-28,557.84,residential,India
1,2040-07-29,563.71,residential,India
1,2040-07-30,515.34,residential,India
1,2040-07-31,505.37,residential,India
1,2040-08-01,496.36,residential,India
1,2040-08-02,529.02,residential,India
1,2040-08-03,533.14,residential,India
1,2040-08-04,507.47,residential,India
1,2040-08-05,511.17,residential,India
1,2040-08-06,549.85,residential,India
1,2040-08-07,539.96,residential,India
1,2040-08-08,518.87,residential,India
1,2040-08-09,516.05,residential,India
1,2040-08-10,495.28,residential,India
1,2040-08-11,532.64,residential,India
1,2040-08-12,505.01,residential,India
1,2040-08-13,526.38,residential,India
1,2040-08-14,524.17,residential,India
1,2040-08-15,515.29,residential,India
1,2040-08-16,501.12,residential,India
1,2040-08-17,555.84,residential,India
1,2040-08-18,494.25,residential,India
1,2040-08-19,492.39,residential,India
1,2040-08-20,501.12,residential,India
1,2040-08-21,517.77,residential,India
1,2040-08-22,537.46,residential,India
1,2040-08-23,500.18,residential,India
1,2040-08-24,517.76,residential,India
1,2040-08-25,550.67,residential,India
1,2040-08-26,512.62,residential,India
1,2040-08-27,493.12,residential,India
1,2040-08-28,542.97,residential,India
1,2040-08-29,512.83,residential,India
1,2040-08-30,495.16,residential,India
1,2040-08-31,541.16,residential,India
1,2040-09-01,537.23,residential,India
1,2040-09-02,488.49,residential,India
1,2040-09-03,532.42,residential,India
1,2040-09-04,514.99,residential,India
1,2040-09-05,537.89,residential,India
1,2040-09-06,538.76,residential,India
1,2040-09-07,525.14,residential,India
1,2040-09-08,496.07,residential,India
1,2040-09-09,525.44,residential,India
1,2040-09-10,508.87,residential,India
1,2040-09-11,514.85,residential,India
1,2040-09-12,532.8,residential,India
1,2040-09-13,538.95,residential,India
1,2040-09-14,533.83,residential,India
1,2040-09-15,536.76,residential,India
1,2040-09-16,546.93,residential,India
1,2040-09-17,540.7,residential,India
1,2040-09-18,533.42,residential,India
1,2040-09-19,527.26,residential,India
1,2040-09-20,553.49,residential,India
1,2040-09-21,517.39,residential,India
1,2040-09-22,538.97,residential,India
1,2040-09-23,541.35,residential,India
1,2040-09-24,516.92,residential,India
1,2040-09-25,508.9,residential,India
1,2040-09-26,528.74,residential,India
1,2040-09-27,519.13,residential,India
1,2040-09-28,545.98,residential,India
1,2040-09-29,542.59,residential,India
1,2040-09-30,540.51,residential,India
1,2040-10-01,493.54,residential,India
1,2040-10-02,508.42,residential,India
1,2040-10-03,565.89,residential,India
1,2040-10-04,497.93,residential,India
1,2040-10-05,546.04,residential,India
1,2040-10-06,499.9,residential,India
1,2040-10-07,510.55,residential,India
1,2040-10-08,526.47,residential,India
1,2040-10-09,560.88,residential,India
1,2040-10-10,518.87,residential,India
1,2040-10-11,548.97,residential,India
1,2040-10-12,521.27,residential,India
1,2040-10-13,552.02,residential,India
1,2040-10-14,507.35,residential,India
1,2040-10-15,564.18,residential,India
1,2040-10-16,525.49,residential,India
1,2040-10-17,550.37,residential,India
1,2040-10-18,505.44,residential,India
1,2040-10-19,535.18,residential,India
1,2040-10-20,493.93,residential,India
1,2040-10-21,497.34,residential,India
1,2040-10-22,526.49,residential,India
1,2040-10-23,519.5,residential,India
1,2040-10-24,535.89,residential,India
1,2040-10-25,517.2,residential,India
1,2040-10-26,533.73,residential,India
1,2040-10-27,520.76,residential,India
1,2040-10-28,515.68,residential,India
1,2040-10-29,557.0,residential,India
1,2040-10-30,564.39,residential,India
1,2040-10-31,519.05,residential,India
1,2040-11-01,549.81,residential,India
1,2040-11-02,534.44,residential,India
1,2040-11-03,532.55,residential,India
1,2040-11-04,492.86,residential,India
1,2040-11-05,540.64,residential,India
1,2040-11-06,542.69,residential,India
1,2040-11-07,534.61,residential,India
1,2040-11-08,538.55,residential,India
1,2040-11-09,560.82,residential,India
1,2040-11-10,553.74,residential,India
1,2040-11-11,536.82,residential,India
1,2040-11-12,553.47,residential,India
1,2040-11-13,541.7,residential,India
1,2040-11-14,517.83,residential,India
1,2040-11-15,539.56,residential,India
1,2040-11-16,542.29,residential,India
1,2040-11-17,535.44,residential,India
1,2040-11-18,546.51,residential,India
1,2040-11-19,528.53,residential,India
1,2040-11-20,536.38,residential,India
1,2040-11-21,562.48,residential,India
1,2040-11-22,551.34,residential,India
1,2040-11-23,516.14,residential,India
1,2040-11-24,522.52,residential,India
1,2040-11-25,522.87,residential,India
1,2040-11-26,509.13,residential,India
1,2040-11-27,592.36,residential,India
1,2040-11-28,537.37,residential,India
1,2040-11-29,528.9,residential,India
1,2040-11-30,548.24,residential,India
1,2040-12-01,524.07,residential,India
1,2040-12-02,568.96,residential,India
1,2040-12-03,534.58,residential,India
1,2040-12-04,540.8,residential,India
1,2040-12-05,525.95,residential,India
1,2040-12-06,564.53,residential,India
1,2040-12-07,572.09,residential,India
1,2040-12-08,582.71,residential,India
1,2040-12-09,544.01,residential,India
1,2040-12-10,496.53,residential,India
1,2040-12-11,518.86,residential,India
1,2040-12-12,552.83,residential,India
1,2040-12-13,506.22,residential,India
1,2040-12-14,538.67,residential,India
1,2040-12-15,525.47,residential,India
1,2040-12-16,544.56,residential,India
1,2040-12-17,561.53,residential,India
1,2040-12-18,545.63,residential,India
1,2040-12-19,521.21,residential,India
1,2040-12-20,562.17,residential,India
1,2040-12-21,554.88,residential,India
1,2040-12-22,511.61,residential,India
1,2040-12-23,570.23,residential,India
1,2040-12-24,602.73,residential,India
1,2040-12-25,528.49,residential,India
1,2040-12-26,556.39,residential,India
1,2040-12-27,552.19,residential,India
1,2040-12-28,527.51,residential,India
1,2040-12-29,534.17,residential,India
1,2040-12-30,536.22,residential,India
1,2040-12-31,560.89,residential,India
1,2041-01-01,579.34,residential,India
1,2041-01-02,568.83,residential,India
1,2041-01-03,520.36,residential,India
1,2041-01-04,538.12,residential,India
1,2041-01-05,527.17,residential,India
1,2041-01-06,576.59,residential,India
1,2041-01-07,526.01,residential,India
1,2041-01-08,549.1,residential,India
1,2041-01-09,520.83,residential,India
1,2041-01-10,554.15,residential,India
1,2041-01-11,505.32,residential,India
1,2041-01-12,535.58,residential,India
1,2041-01-13,530.08,residential,India
1,2041-01-14,551.2,residential,India
1,2041-01-15,546.12,residential,India
1,2041-01-16,559.59,residential,India
1,2041-01-17,542.92,residential,India
1,2041-01-18,518.81,residential,India
1,2041-01-19,548.73,residential,India
1,2041-01-20,519.41,residential,India
1,2041-01-21,554.47,residential,India
1,2041-01-22,540.2,residential,India
1,2041-01-23,589.12,residential,India
1,2041-01-24,519.73,residential,India
1,2041-01-25,534.53,residential,India
1,2041-01-26,534.37,residential,India
1,2041-01-27,565.18,residential,India
1,2041-01-28,557.51,residential,India
1,2041-01-29,584.48,residential,India
1,2041-01-30,535.69,residential,India
1,2041-01-31,553.19,residential,India
1,2041-02-01,541.17,residential,India
1,2041-02-02,532.03,residential,India
1,2041-02-03,496.98,residential,India
1,2041-02-04,565.89,residential,India
1,2041-02-05,593.19,residential,India
1,2041-02-06,558.27,residential,India
1,2041-02-07,556.6,residential,India
1,2041-02-08,588.92,residential,India
1,2041-02-09,552.03,residential,India
1,2041-02-10,521.03,residential,India
1,2041-02-11,541.67,residential,India
1,2041-02-12,588.16,residential,India
1,2041-02-13,561.32,residential,India
1,2041-02-14,536.56,residential,India
1,2041-02-15,577.34,residential,India
1,2041-02-16,560.29,residential,India
1,2041-02-17,549.81,residential,India
1,2041-02-18,538.89,residential,India
1,2041-02-19,557.42,residential,India
1,2041-02-20,535.12,residential,India
1,2041-02-21,555.64,residential,India
1,2041-02-22,519.68,residential,India
1,2041-02-23,539.26,residential,India
1,2041-02-24,552.77,residential,India
1,2041-02-25,547.65,residential,India
1,2041-02-26,546.85,residential,India
1,2041-02-27,564.06,residential,India
1,2041-02-28,537.74,residential,India
1,2041-03-01,541.22,residential,India
1,2041-03-02,564.91,residential,India
1,2041-03-03,536.68,residential,India
1,2041-03-04,568.16,residential,India
1,2041-03-05,539.76,residential,India
1,2041-03-06,560.99,residential,India
1,2041-03-07,517.51,residential,India
1,2041-03-08,560.66,residential,India
1,2041-03-09,518.29,residential,India
1,2041-03-10,518.71,residential,India
1,2041-03-11,556.05,residential,India
1,2041-03-12,541.75,residential,India
1,2041-03-13,583.14,residential,India
1,2041-03-14,543.88,residential,India
1,2041-03-15,552.09,residential,India
1,2041-03-16,554.96,residential,India
1,2041-03-17,559.64,residential,India
1,2041-03-18,516.38,residential,India
1,2041-03-19,550.37,residential,India
1,2041-03-20,522.05,residential,India
1,2041-03-21,531.43,residential,India
1,2041-03-22,564.05,residential,India
1,2041-03-23,558.38,residential,India
1,2041-03-24,532.59,residential,India
1,2041-03-25,575.95,residential,India
1,2041-03-26,555.96,residential,India
1,2041-03-27,535.57,residential,India
1,2041-03-28,540.49,residential,India
1,2041-03-29,582.57,residential,India
1,2041-03-30,558.24,residential,India
1,2041-03-31,562.18,residential,India
1,2041-04-01,566.1,residential,India
1,2041-04-02,523.4,residential,India
1,2041-04-03,570.31,residential,India
1,2041-04-04,593.15,residential,India
1,2041-04-05,566.18,residential,India
1,2041-04-06,585.52,residential,India
1,2041-04-07,549.14,residential,India
1,2041-04-08,557.18,residential,India
1,2041-04-09,534.43,residential,India
1,2041-04-10,545.9,residential,India
1,2041-04-11,560.59,residential,India
1,2041-04-12,517.38,residential,India
1,2041-04-13,532.55,residential,India
1,2041-04-14,545.0,residential,India
1,2041-04-15,552.02,residential,India
1,2041-04-16,516.96,residential,India
1,2041-04-17,579.52,residential,India
1,2041-04-18,567.25,residential,India
1,2041-04-19,527.39,residential,India
1,2041-04-20,550.23,residential,India
1,2041-04-21,553.07,residential,India
1,2041-04-22,552.22,residential,India
1,2041-04-23,551.47,residential,India
1,2041-04-24,532.05,residential,India
1,2041-04-25,593.03,residential,India
1,2041-04-26,570.98,residential,India
1,2041-04-27,584.87,residential,India
1,2041-04-28,555.42,residential,India
1,2041-04-29,566.45,residential,India
1,2041-04-30,580.76,residential,India
1,2041-05-01,567.95,residential,India
1,2041-05-02,549.74,residential,India
1,2041-05-03,535.46,residential,India
1,2041-05-04,616.88,residential,India
1,2041-05-05,594.24,residential,India
1,2041-05-06,528.29,residential,India
1,2041-05-07,543.7,residential,India
1,2041-05-08,552.49,residential,India
1,2041-05-09,544.6,residential,India
1,2041-05-10,571.28,residential,India
1,2041-05-11,572.19,residential,India
1,2041-05-12,558.48,residential,India
1,2041-05-13,552.23,residential,India
1,2041-05-14,565.37,residential,India
1,2041-05-15,575.02,residential,India
1,2041-05-16,551.54,residential,India
1,2041-05-17,550.87,residential,India
1,2041-05-18,539.94,residential,India
1,2041-05-19,568.75,residential,India
1,2041-05-20,585.29,residential,India
1,2041-05-21,572.14,residential,India
1,2041-05-22,579.83,residential,India
1,2041-05-23,564.85,residential,India
1,2041-05-24,553.28,residential,India
1,2041-05-25,556.99,residential,India
1,2041-05-26,535.26,residential,India
1,2041-05-27,572.05,residential,India
1,2041-05-28,500.4,residential,India
1,2041-05-29,550.68,residential,India
1,2041-05-30,591.83,residential,India
1,2041-05-31,566.49,residential,India
1,2041-06-01,563.24,residential,India
1,2041-06-02,561.92,residential,India
1,2041-06-03,564.63,residential,India
1,2041-06-04,547.25,residential,India
1,2041-06-05,570.23,residential,India
1,2041-06-06,541.35,residential,India
1,2041-06-07,539.48,residential,India
1,2041-06-08,571.38,residential,India
1,2041-06-09,572.05,residential,India
1,2041-06-10,543.99,residential,India
1,2041-06-11,545.96,residential,India
1,2041-06-12,568.21,residential,India
1,2041-06-13,562.68,residential,India
1,2041-06-14,558.17,residential,India
1,2041-06-15,607.62,residential,India
1,2041-06-16,559.9,residential,India
1,2041-06-17,539.22,residential,India
1,2041-06-18,587.22,residential,India
1,2041-06-19,574.46,residential,India
1,2041-06-20,554.46,residential,India
1,2041-06-21,552.4,residential,India
1,2041-06-22,560.35,residential,India
1,2041-06-23,558.04,residential,India
1,2041-06-24,576.23,residential,India
1,2041-06-25,567.68,residential,India
1,2041-06-26,520.95,residential,India
1,2041-06-27,572.27,residential,India
1,2041-06-28,579.87,residential,India
1,2041-06-29,580.21,residential,India
1,2041-06-30,595.99,residential,India
1,2041-07-01,568.06,residential,India
1,2041-07-02,548.51,residential,India
1,2041-07-03,532.0,residential,India
1,2041-07-04,580.79,residential,India
1,2041-07-05,557.19,residential,India
1,2041-07-06,563.55,residential,India
1,2041-07-07,575.28,residential,India
1,2041-07-08,533.47,residential,India
1,2041-07-09,594.4,residential,India
1,2041-07-10,571.28,residential,India
1,2041-07-11,581.08,residential,India
1,2041-07-12,592.87,residential,India
1,2041-07-13,605.35,residential,India
1,2041-07-14,551.76,residential,India
1,2041-07-15,572.64,residential,India
1,2041-07-16,544.15,residential,India
1,2041-07-17,537.39,residential,India
1,2041-07-18,573.19,residential,India
1,2041-07-19,589.34,residential,India
1,2041-07-20,544.0,residential,India
1,2041-07-21,557.87,residential,India
1,2041-07-22,565.45,residential,India
1,2041-07-23,562.6,residential,India
1,2041-07-24,577.14,residential,India
1,2041-07-25,565.09,residential,India
1,2041-07-26,530.46,residential,India
1,2041-07-27,554.9,residential,India
1,2041-07-28,613.42,residential,India
1,2041-07-29,574.81,residential,India
1,2041-07-30,568.41,residential,India
1,2041-07-31,579.24,residential,India
1,2041-08-01,581.3,residential,India
1,2041-08-02,550.77,residential,India
1,2041-08-03,521.51,residential,India
1,2041-08-04,550.64,residential,India
1,2041-08-05,587.92,residential,India
1,2041-08-06,550.15,residential,India
1,2041-08-07,574.94,residential,India
1,2041-08-08,544.29,residential,India
1,2041-08-09,599.01,residential,India
1,2041-08-10,581.79,residential,India
1,2041-08-11,604.13,residential,India
1,2041-08-12,516.19,residential,India
1,2041-08-13,578.45,residential,India
1,2041-08-14,604.86,residential,India
1,2041-08-15,592.89,residential,India
1,2041-08-16,589.18,residential,India
1,2041-08-17,545.56,residential,India
1,2041-08-18,576.14,residential,India
1,2041-08-19,577.26,residential,India
1,2041-08-20,590.29,residential,India
1,2041-08-21,590.21,residential,India
1,2041-08-22,553.84,residential,India
1,2041-08-23,573.61,residential,India
1,2041-08-24,572.66,residential,India
1,2041-08-25,596.93,residential,India
1,2041-08-26,568.04,residential,India
1,2041-08-27,540.68,residential,India
1,2041-08-28,573.56,residential,India
1,2041-08-29,545.58,residential,India
1,2041-08-30,575.1,residential,India
1,2041-08-31,572.55,residential,India
1,2041-09-01,543.54,residential,India
1,2041-09-02,566.63,residential,India
1,2041-09-03,562.79,residential,India
1,2041-09-04,589.98,residential,India
1,2041-09-05,526.37,residential,India
1,2041-09-06,597.92,residential,India
1,2041-09-07,576.24,residential,India
1,2041-09-08,553.49,residential,India
1,2041-09-09,558.75,residential,India
1,2041-09-10,528.9,residential,India
1,2041-09-11,528.28,residential,India
1,2041-09-12,557.38,residential,India
1,2041-09-13,550.46,residential,India
1,2041-09-14,585.3,residential,India
1,2041-09-15,559.67,residential,India
1,2041-09-16,584.82,residential,India
1,2041-09-17,618.74,residential,India
1,2041-09-18,580.47,residential,India
1,2041-09-19,612.05,residential,India
1,2041-09-20,548.59,residential,India
1,2041-09-21,557.32,residential,India
1,2041-09-22,559.93,residential,India
1,2041-09-23,535.77,residential,India
1,2041-09-24,554.95,residential,India
1,2041-09-25,529.83,residential,India
1,2041-09-26,577.19,residential,India
1,2041-09-27,572.43,residential,India
1,2041-09-28,557.75,residential,India
1,2041-09-29,564.03,residential,India
1,2041-09-30,568.23,residential,India
1,2041-10-01,547.27,residential,India
1,2041-10-02,577.43,residential,India
1,2041-10-03,590.74,residential,India
1,2041-10-04,561.14,residential,India
1,2041-10-05,579.03,residential,India
1,2041-10-06,579.45,residential,India
1,2041-10-07,542.19,residential,India
1,2041-10-08,554.03,residential,India
1,2041-10-09,542.95,residential,India
1,2041-10-10,602.7,residential,India
1,2041-10-11,557.34,residential,India
1,2041-10-12,608.1,residential,India
1,2041-10-13,580.31,residential,India
1,2041-10-14,611.02,residential,India
1,2041-10-15,590.28,residential,India
1,2041-10-16,602.54,residential,India
1,2041-10-17,575.74,residential,India
1,2041-10-18,573.2,residential,India
1,2041-10-19,568.62,residential,India
1,2041-10-20,567.18,residential,India
1,2041-10-21,542.47,residential,India
1,2041-10-22,527.43,residential,India
1,2041-10-23,563.91,residential,India
1,2041-10-24,551.6,residential,India
1,2041-10-25,577.68,residential,India
1,2041-10-26,575.27,residential,India
1,2041-10-27,577.17,residential,India
1,2041-10-28,574.83,residential,India
1,2041-10-29,539.27,residential,India
1,2041-10-30,557.63,residential,India
1,2041-10-31,578.03,residential,India
1,2041-11-01,568.46,residential,India
1,2041-11-02,577.47,residential,India
1,2041-11-03,609.31,residential,India
1,2041-11-04,553.34,residential,India
1,2041-11-05,597.62,residential,India
1,2041-11-06,552.65,residential,India
1,2041-11-07,580.74,residential,India
1,2041-11-08,578.69,residential,India
1,2041-11-09,589.95,residential,India
1,2041-11-10,560.77,residential,India
1,2041-11-11,573.07,residential,India
1,2041-11-12,590.36,residential,India
1,2041-11-13,552.1,residential,India
1,2041-11-14,561.98,residential,India
1,2041-11-15,536.92,residential,India
1,2041-11-16,539.57,residential,India
1,2041-11-17,565.92,residential,India
1,2041-11-18,554.44,residential,India
1,2041-11-19,576.14,residential,India
1,2041-11-20,564.91,residential,India
1,2041-11-21,556.29,residential,India
1,2041-11-22,575.79,residential,India
1,2041-11-23,566.84,residential,India
1,2041-11-24,575.48,residential,India
1,2041-11-25,552.32,residential,India
1,2041-11-26,580.45,residential,India
1,2041-11-27,578.44,residential,India
1,2041-11-28,577.35,residential,India
1,2041-11-29,559.17,residential,India
1,2041-11-30,563.46,residential,India
1,2041-12-01,543.12,residential,India
1,2041-12-02,580.62,residential,India
1,2041-12-03,596.72,residential,India
1,2041-12-04,549.87,residential,India
1,2041-12-05,578.98,residential,India
1,2041-12-06,589.53,residential,India
1,2041-12-07,559.89,residential,India
1,2041-12-08,555.96,residential,India
1,2041-12-09,585.35,residential,India
1,2041-12-10,547.2,residential,India
1,2041-12-11,624.74,residential,India
1,2041-12-12,581.58,residential,India
1,2041-12-13,576.31,residential,India
1,2041-12-14,564.82,residential,India
1,2041-12-15,537.1,residential,India
1,2041-12-16,595.45,residential,India
1,2041-12-17,584.98,residential,India
1,2041-12-18,583.82,residential,India
1,2041-12-19,591.94,residential,India
1,2041-12-20,591.03,residential,India
1,2041-12-21,564.71,residential,India
1,2041-12-22,573.42,residential,India
1,2041-12-23,541.57,residential,India
1,2041-12-24,591.32,residential,India
1,2041-12-25,608.04,residential,India
1,2041-12-26,597.99,residential,India
1,2041-12-27,577.11,residential,India
1,2041-12-28,570.54,residential,India
1,2041-12-29,574.15,residential,India
1,2041-12-30,588.95,residential,India
1,2041-12-31,589.94,residential,India
1,2042-01-01,578.21,residential,India
1,2042-01-02,583.28,residential,India
1,2042-01-03,584.02,residential,India
1,2042-01-04,584.9,residential,India
1,2042-01-05,608.44,residential,India
1,2042-01-06,569.78,residential,India
1,2042-01-07,542.7,residential,India
1,2042-01-08,561.73,residential,India
1,2042-01-09,592.94,residential,India
1,2042-01-10,584.97,residential,India
1,2042-01-11,572.52,residential,India
1,2042-01-12,564.04,residential,India
1,2042-01-13,571.32,residential,India
1,2042-01-14,576.96,residential,India
1,2042-01-15,556.45,residential,India
1,2042-01-16,592.53,residential,India
1,2042-01-17,598.7,residential,India
1,2042-01-18,579.82,residential,India
1,2042-01-19,570.1,residential,India
1,2042-01-20,562.68,residential,India
1,2042-01-21,582.31,residential,India
1,2042-01-22,557.64,residential,India
1,2042-01-23,581.26,residential,India
1,2042-01-24,582.41,residential,India
1,2042-01-25,610.29,residential,India
1,2042-01-26,566.9,residential,India
1,2042-01-27,563.77,residential,India
1,2042-01-28,588.36,residential,India
1,2042-01-29,600.68,residential,India
1,2042-01-30,586.08,residential,India
1,2042-01-31,578.87,residential,India
1,2042-02-01,563.02,residential,India
1,2042-02-02,593.02,residential,India
1,2042-02-03,573.9,residential,India
1,2042-02-04,564.87,residential,India
1,2042-02-05,594.67,residential,India
1,2042-02-06,564.4,residential,India
1,2042-02-07,553.58,residential,India
1,2042-02-08,570.92,residential,India
1,2042-02-09,566.86,residential,India
1,2042-02-10,607.62,residential,India
1,2042-02-11,610.79,residential,India
1,2042-02-12,582.3,residential,India
1,2042-02-13,574.55,residential,India
1,2042-02-14,551.6,residential,India
1,2042-02-15,589.41,residential,India
1,2042-02-16,590.34,residential,India
1,2042-02-17,577.71,residential,India
1,2042-02-18,587.15,residential,India
1,2042-02-19,592.72,residential,India
1,2042-02-20,570.0,residential,India
1,2042-02-21,616.28,residential,India
1,2042-02-22,582.45,residential,India
1,2042-02-23,568.81,residential,India
1,2042-02-24,613.65,residential,India
1,2042-02-25,566.07,residential,India
1,2042-02-26,607.8,residential,India
1,2042-02-27,587.19,residential,India
1,2042-02-28,600.9,residential,India
1,2042-03-01,573.29,residential,India
1,2042-03-02,574.79,residential,India
1,2042-03-03,573.74,residential,India
1,2042-03-04,582.38,residential,India
1,2042-03-05,592.05,residential,India
1,2042-03-06,560.65,residential,India
1,2042-03-07,542.51,residential,India
1,2042-03-08,542.9,residential,India
1,2042-03-09,562.26,residential,India
1,2042-03-10,585.3,residential,India
1,2042-03-11,578.0,residential,India
1,2042-03-12,560.94,residential,India
1,2042-03-13,598.62,residential,India
1,2042-03-14,557.68,residential,India
1,2042-03-15,598.63,residential,India
1,2042-03-16,554.67,residential,India
1,2042-03-17,609.28,residential,India
1,2042-03-18,587.63,residential,India
1,2042-03-19,588.67,residential,India
1,2042-03-20,560.62,residential,India
1,2042-03-21,563.95,residential,India
1,2042-03-22,623.25,residential,India
1,2042-03-23,578.95,residential,India
1,2042-03-24,601.79,residential,India
1,2042-03-25,602.06,residential,India
1,2042-03-26,580.19,residential,India
1,2042-03-27,567.38,residential,India
1,2042-03-28,604.61,residential,India
1,2042-03-29,572.46,residential,India
1,2042-03-30,571.76,residential,India
1,2042-03-31,551.31,residential,India
1,2042-04-01,603.84,residential,India
1,2042-04-02,575.61,residential,India
1,2042-04-03,569.71,residential,India
1,2042-04-04,546.48,residential,India
1,2042-04-05,581.39,residential,India
1,2042-04-06,602.04,residential,India
1,2042-04-07,589.92,residential,India
1,2042-04-08,570.28,residential,India
1,2042-04-09,595.62,residential,India
1,2042-04-10,578.83,residential,India
1,2042-04-11,569.52,residential,India
1,2042-04-12,595.44,residential,India
1,2042-04-13,583.09,residential,India
1,2042-04-14,579.46,residential,India
1,2042-04-15,612.04,residential,India
1,2042-04-16,567.38,residential,India
1,2042-04-17,599.4,residential,India
1,2042-04-18,584.52,residential,India
1,2042-04-19,564.75,residential,India
1,2042-04-20,574.1,residential,India
1,2042-04-21,571.15,residential,India
1,2042-04-22,577.27,residential,India
1,2042-04-23,585.32,residential,India
1,2042-04-24,542.52,residential,India
1,2042-04-25,584.95,residential,India
1,2042-04-26,571.59,residential,India
1,2042-04-27,576.31,residential,India
1,2042-04-28,555.04,residential,India
1,2042-04-29,596.82,residential,India
1,2042-04-30,585.0,residential,India
1,2042-05-01,615.81,residential,India
1,2042-05-02,594.23,residential,India
1,2042-05-03,610.98,residential,India
1,2042-05-04,554.84,residential,India
1,2042-05-05,515.21,residential,India
1,2042-05-06,575.22,residential,India
1,2042-05-07,563.53,residential,India
1,2042-05-08,570.03,residential,India
1,2042-05-09,563.03,residential,India
1,2042-05-10,591.95,residential,India
1,2042-05-11,562.17,residential,India
1,2042-05-12,579.55,residential,India
1,2042-05-13,596.17,residential,India
1,2042-05-14,557.24,residential,India
1,2042-05-15,586.86,residential,India
1,2042-05-16,603.2,residential,India
1,2042-05-17,593.42,residential,India
1,2042-05-18,539.39,residential,India
1,2042-05-19,572.03,residential,India
1,2042-05-20,558.77,residential,India
1,2042-05-21,611.74,residential,India
1,2042-05-22,572.04,residential,India
1,2042-05-23,588.33,residential,India
1,2042-05-24,616.18,residential,India
1,2042-05-25,566.22,residential,India
1,2042-05-26,582.76,residential,India
1,2042-05-27,570.9,residential,India
1,2042-05-28,595.62,residential,India
1,2042-05-29,603.45,residential,India
1,2042-05-30,572.62,residential,India
1,2042-05-31,587.91,residential,India
1,2042-06-01,608.1,residential,India
1,2042-06-02,561.36,residential,India
1,2042-06-03,568.4,residential,India
1,2042-06-04,550.34,residential,India
1,2042-06-05,584.03,residential,India
1,2042-06-06,578.54,residential,India
1,2042-06-07,594.8,residential,India
1,2042-06-08,575.79,residential,India
1,2042-06-09,542.83,residential,India
1,2042-06-10,617.59,residential,India
1,2042-06-11,560.94,residential,India
1,2042-06-12,586.8,residential,India
1,2042-06-13,561.68,residential,India
1,2042-06-14,601.85,residential,India
1,2042-06-15,585.95,residential,India
1,2042-06-16,566.67,residential,India
1,2042-06-17,533.65,residential,India
1,2042-06-18,583.79,residential,India
1,2042-06-19,606.84,residential,India
1,2042-06-20,548.05,residential,India
1,2042-06-21,600.85,residential,India
1,2042-06-22,603.1,residential,India
1,2042-06-23,587.0,residential,India
1,2042-06-24,584.92,residential,India
1,2042-06-25,567.37,residential,India
1,2042-06-26,555.51,residential,India
1,2042-06-27,538.67,residential,India
1,2042-06-28,584.08,residential,India
1,2042-06-29,555.38,residential,India
1,2042-06-30,585.89,residential,India
1,2042-07-01,549.77,residential,India
1,2042-07-02,597.22,residential,India
1,2042-07-03,601.88,residential,India
1,2042-07-04,552.82,residential,India
1,2042-07-05,559.16,residential,India
1,2042-07-06,597.49,residential,India
1,2042-07-07,555.61,residential,India
1,2042-07-08,577.81,residential,India
1,2042-07-09,594.75,residential,India
1,2042-07-10,572.96,residential,India
1,2042-07-11,553.72,residential,India
1,2042-07-12,600.24,residential,India
1,2042-07-13,579.67,residential,India
1,2042-07-14,595.47,residential,India
1,2042-07-15,584.86,residential,India
1,2042-07-16,570.7,residential,India
1,2042-07-17,600.85,residential,India
1,2042-07-18,559.96,residential,India
1,2042-07-19,550.84,residential,India
1,2042-07-20,575.7,residential,India
1,2042-07-21,570.42,residential,India
1,2042-07-22,576.3,residential,India
1,2042-07-23,549.72,residential,India
1,2042-07-24,622.75,residential,India
1,2042-07-25,585.66,residential,India
1,2042-07-26,590.6,residential,India
1,2042-07-27,581.35,residential,India
1,2042-07-28,584.27,residential,India
1,2042-07-29,572.51,residential,India
1,2042-07-30,587.96,residential,India
1,2042-07-31,563.48,residential,India
1,2042-08-01,578.37,residential,India
1,2042-08-02,551.18,residential,India
1,2042-08-03,604.19,residential,India
1,2042-08-04,569.96,residential,India
1,2042-08-05,558.73,residential,India
1,2042-08-06,603.11,residential,India
1,2042-08-07,579.95,residential,India
1,2042-08-08,600.73,residential,India
1,2042-08-09,566.71,residential,India
1,2042-08-10,586.72,residential,India
1,2042-08-11,569.84,residential,India
1,2042-08-12,571.35,residential,India
1,2042-08-13,546.25,residential,India
1,2042-08-14,563.98,residential,India
1,2042-08-15,572.14,residential,India
1,2042-08-16,601.58,residential,India
1,2042-08-17,561.51,residential,India
1,2042-08-18,593.65,residential,India
1,2042-08-19,585.96,residential,India
1,2042-08-20,595.28,residential,India
1,2042-08-21,577.51,residential,India
1,2042-08-22,544.55,residential,India
1,2042-08-23,586.96,residential,India
1,2042-08-24,558.35,residential,India
1,2042-08-25,602.3,residential,India
1,2042-08-26,575.93,residential,India
1,2042-08-27,561.94,residential,India
1,2042-08-28,589.92,residential,India
1,2042-08-29,607.49,residential,India
1,2042-08-30,550.84,residential,India
1,2042-08-31,593.61,residential,India
1,2042-09-01,557.81,residential,India
1,2042-09-02,610.41,residential,India
1,2042-09-03,607.81,residential,India
1,2042-09-04,570.72,residential,India
1,2042-09-05,581.64,residential,India
1,2042-09-06,557.38,residential,India
1,2042-09-07,566.63,residential,India
1,2042-09-08,573.05,residential,India
1,2042-09-09,612.79,residential,India
1,2042-09-10,573.29,residential,India
1,2042-09-11,586.4,residential,India
1,2042-09-12,570.9,residential,India
1,2042-09-13,605.08,residential,India
1,2042-09-14,603.95,residential,India
1,2042-09-15,614.88,residential,India
1,2042-09-16,615.16,residential,India
1,2042-09-17,585.73,residential,India
1,2042-09-18,564.67,residential,India
1,2042-09-19,541.21,residential,India
1,2042-09-20,570.24,residential,India
1,2042-09-21,587.69,residential,India
1,2042-09-22,581.52,residential,India
1,2042-09-23,558.21,residential,India
1,2042-09-24,569.33,residential,India
1,2042-09-25,576.72,residential,India
1,2042-09-26,576.53,residential,India
1,2042-09-27,598.04,residential,India
1,2042-09-28,609.75,residential,India
1,2042-09-29,568.95,residential,India
1,2042-09-30,605.27,residential,India
1,2042-10-01,575.06,residential,India
1,2042-10-02,582.28,residential,India
1,2042-10-03,560.32,residential,India
1,2042-10-04,637.15,residential,India
1,2042-10-05,573.13,residential,India
1,2042-10-06,567.4,residential,India
1,2042-10-07,551.0,residential,India
1,2042-10-08,569.36,residential,India
1,2042-10-09,577.84,residential,India
1,2042-10-10,592.22,residential,India
1,2042-10-11,572.32,residential,India
1,2042-10-12,631.3,residential,India
1,2042-10-13,622.68,residential,India
1,2042-10-14,539.2,residential,India
1,2042-10-15,577.03,residential,India
1,2042-10-16,616.28,residential,India
1,2042-10-17,573.73,residential,India
1,2042-10-18,587.61,residential,India
1,2042-10-19,596.58,residential,India
1,2042-10-20,576.38,residential,India
1,2042-10-21,549.86,residential,India
1,2042-10-22,590.58,residential,India
1,2042-10-23,556.5,residential,India
1,2042-10-24,595.86,residential,India
1,2042-10-25,584.32,residential,India
1,2042-10-26,525.4,residential,India
1,2042-10-27,590.91,residential,India
1,2042-10-28,600.64,residential,India
1,2042-10-29,577.98,residential,India
1,2042-10-30,567.47,residential,India
1,2042-10-31,566.84,residential,India
1,2042-11-01,563.39,residential,India
1,2042-11-02,604.9,residential,India
1,2042-11-03,583.05,residential,India
1,2042-11-04,594.26,residential,India
1,2042-11-05,583.37,residential,India
1,2042-11-06,554.96,residential,India
1,2042-11-07,580.09,residential,India
1,2042-11-08,562.69,residential,India
1,2042-11-09,586.86,residential,India
1,2042-11-10,570.53,residential,India
1,2042-11-11,596.92,residential,India
1,2042-11-12,546.2,residential,India
1,2042-11-13,557.07,residential,India
1,2042-11-14,590.07,residential,India
1,2042-11-15,603.18,residential,India
1,2042-11-16,557.17,residential,India
1,2042-11-17,552.62,residential,India
1,2042-11-18,582.9,residential,India
1,2042-11-19,600.74,residential,India
1,2042-11-20,566.52,residential,India
1,2042-11-21,549.14,residential,India
1,2042-11-22,581.26,residential,India
1,2042-11-23,555.87,residential,India
1,2042-11-24,574.48,residential,India
1,2042-11-25,584.19,residential,India
1,2042-11-26,605.18,residential,India
1,2042-11-27,574.43,residential,India
1,2042-11-28,598.27,residential,India
1,2042-11-29,577.96,residential,India
1,2042-11-30,559.18,residential,India
1,2042-12-01,570.94,residential,India
1,2042-12-02,596.69,residential,India
1,2042-12-03,561.03,residential,India
1,2042-12-04,578.66,residential,India
1,2042-12-05,576.22,residential,India
1,2042-12-06,546.79,residential,India
1,2042-12-07,578.4,residential,India
1,2042-12-08,572.51,residential,India
1,2042-12-09,580.27,residential,India
1,2042-12-10,562.34,residential,India
1,2042-12-11,590.43,residential,India
1,2042-12-12,609.76,residential,India
1,2042-12-13,617.43,residential,India
1,2042-12-14,549.48,residential,India
1,2042-12-15,568.49,residential,India
1,2042-12-16,566.72,residential,India
1,2042-12-17,551.24,residential,India
1,2042-12-18,584.66,residential,India
1,2042-12-19,581.92,residential,India
1,2042-12-20,566.88,residential,India
1,2042-12-21,557.53,residential,India
1,2042-12-22,555.9,residential,India
1,2042-12-23,582.75,residential,India
1,2042-12-24,587.4,residential,India
1,2042-12-25,591.48,residential,India
1,2042-12-26,584.42,residential,India
1,2042-12-27,549.38,residential,India
1,2042-12-28,560.88,residential,India
1,2042-12-29,587.92,residential,India
1,2042-12-30,589.98,residential,India
1,2042-12-31,604.42,residential,India
1,2043-01-01,529.8,residential,India
1,2043-01-02,577.43,residential,India
1,2043-01-03,566.35,residential,India
1,2043-01-04,579.81,residential,India
1,2043-01-05,562.73,residential,India
1,2043-01-06,557.89,residential,India
1,2043-01-07,579.73,residential,India
1,2043-01-08,557.62,residential,India
1,2043-01-09,538.75,residential,India
1,2043-01-10,540.64,residential,India
1,2043-01-11,565.02,residential,India
1,2043-01-12,572.92,residential,India
1,2043-01-13,590.66,residential,India
1,2043-01-14,590.58,residential,India
1,2043-01-15,572.82,residential,India
1,2043-01-16,577.52,residential,India
1,2043-01-17,526.42,residential,India
1,2043-01-18,573.04,residential,India
1,2043-01-19,579.62,residential,India
1,2043-01-20,580.5,residential,India
1,2043-01-21,550.36,residential,India
1,2043-01-22,548.02,residential,India
1,2043-01-23,572.71,residential,India
1,2043-01-24,539.16,residential,India
1,2043-01-25,589.18,residential,India
1,2043-01-26,543.74,residential,India
1,2043-01-27,544.69,residential,India
1,2043-01-28,532.26,residential,India
1,2043-01-29,549.88,residential,India
1,2043-01-30,575.3,residential,India
1,2043-01-31,589.15,residential,India
1,2043-02-01,562.52,residential,India
1,2043-02-02,592.87,residential,India
1,2043-02-03,595.7,residential,India
1,2043-02-04,588.41,residential,India
1,2043-02-05,582.8,residential,India
1,2043-02-06,572.42,residential,India
1,2043-02-07,525.89,residential,India
1,2043-02-08,584.31,residential,India
1,2043-02-09,569.4,residential,India
1,2043-02-10,564.55,residential,India
1,2043-02-11,567.87,residential,India
1,2043-02-12,547.68,residential,India
1,2043-02-13,592.75,residential,India
1,2043-02-14,555.43,residential,India
1,2043-02-15,573.84,residential,India
1,2043-02-16,568.42,residential,India
1,2043-02-17,574.63,residential,India
1,2043-02-18,583.09,residential,India
1,2043-02-19,596.27,residential,India
1,2043-02-20,582.85,residential,India
1,2043-02-21,585.29,residential,India
1,2043-02-22,590.57,residential,India
1,2043-02-23,556.97,residential,India
1,2043-02-24,559.63,residential,India
1,2043-02-25,568.05,residential,India
1,2043-02-26,576.53,residential,India
1,2043-02-27,542.74,residential,India
1,2043-02-28,557.95,residential,India
1,2043-03-01,581.0,residential,India
1,2043-03-02,553.74,residential,India
1,2043-03-03,576.27,residential,India
1,2043-03-04,585.39,residential,India
1,2043-03-05,593.12,residential,India
1,2043-03-06,559.06,residential,India
1,2043-03-07,544.54,residential,India
1,2043-03-08,543.25,residential,India
1,2043-03-09,535.84,residential,India
1,2043-03-10,578.04,residential,India
1,2043-03-11,599.77,residential,India
1,2043-03-12,549.27,residential,India
1,2043-03-13,524.27,residential,India
1,2043-03-14,553.66,residential,India
1,2043-03-15,582.97,residential,India
1,2043-03-16,551.03,residential,India
1,2043-03-17,533.21,residential,India
1,2043-03-18,583.97,residential,India
1,2043-03-19,580.95,residential,India
1,2043-03-20,564.96,residential,India
1,2043-03-21,545.51,residential,India
1,2043-03-22,578.83,residential,India
1,2043-03-23,551.96,residential,India
1,2043-03-24,612.42,residential,India
1,2043-03-25,577.09,residential,India
1,2043-03-26,561.19,residential,India
1,2043-03-27,566.58,residential,India
1,2043-03-28,561.52,residential,India
1,2043-03-29,576.58,residential,India
1,2043-03-30,558.08,residential,India
1,2043-03-31,601.26,residential,India
1,2043-04-01,569.43,residential,India
1,2043-04-02,552.75,residential,India
1,2043-04-03,556.76,residential,India
1,2043-04-04,525.58,residential,India
1,2043-04-05,523.63,residential,India
1,2043-04-06,580.53,residential,India
1,2043-04-07,538.06,residential,India
1,2043-04-08,547.29,residential,India
1,2043-04-09,590.38,residential,India
1,2043-04-10,604.94,residential,India
1,2043-04-11,537.43,residential,India
1,2043-04-12,554.3,residential,India
1,2043-04-13,560.31,residential,India
1,2043-04-14,578.61,residential,India
1,2043-04-15,570.88,residential,India
1,2043-04-16,561.81,residential,India
1,2043-04-17,602.9,residential,India
1,2043-04-18,566.03,residential,India
1,2043-04-19,565.01,residential,India
1,2043-04-20,556.4,residential,India
1,2043-04-21,589.06,residential,India
1,2043-04-22,562.87,residential,India
1,2043-04-23,551.84,residential,India
1,2043-04-24,582.58,residential,India
1,2043-04-25,551.41,residential,India
1,2043-04-26,535.61,residential,India
1,2043-04-27,600.17,residential,India
1,2043-04-28,544.46,residential,India
1,2043-04-29,562.32,residential,India
1,2043-04-30,585.9,residential,India
1,2043-05-01,540.51,residential,India
1,2043-05-02,581.96,residential,India
1,2043-05-03,561.41,residential,India
1,2043-05-04,534.27,residential,India
1,2043-05-05,546.95,residential,India
1,2043-05-06,539.13,residential,India
1,2043-05-07,585.88,residential,India
1,2043-05-08,555.18,residential,India
1,2043-05-09,560.45,residential,India
1,2043-05-10,560.75,residential,India
1,2043-05-11,533.58,residential,India
1,2043-05-12,531.42,residential,India
1,2043-05-13,535.86,residential,India
1,2043-05-14,531.21,residential,India
1,2043-05-15,567.69,residential,India
1,2043-05-16,562.93,residential,India
1,2043-05-17,552.14,residential,India
1,2043-05-18,583.38,residential,India
1,2043-05-19,557.03,residential,India
1,2043-05-20,574.84,residential,India
1,2043-05-21,556.89,residential,India
1,2043-05-22,563.48,residential,India
1,2043-05-23,550.95,residential,India
1,2043-05-24,554.32,residential,India
1,2043-05-25,589.51,residential,India
1,2043-05-26,527.04,residential,India
1,2043-05-27,566.56,residential,India
1,2043-05-28,568.55,residential,India
1,2043-05-29,574.32,residential,India
1,2043-05-30,563.18,residential,India
1,2043-05-31,561.87,residential,India
1,2043-06-01,553.79,residential,India
1,2043-06-02,615.02,residential,India
1,2043-06-03,581.64,residential,India
1,2043-06-04,534.98,residential,India
1,2043-06-05,551.57,residential,India
1,2043-06-06,526.78,residential,India
1,2043-06-07,539.8,residential,India
1,2043-06-08,588.74,residential,India
1,2043-06-09,567.46,residential,India
1,2043-06-10,588.81,residential,India
1,2043-06-11,573.1,residential,India
1,2043-06-12,556.51,residential,India
1,2043-06-13,564.33,residential,India
1,2043-06-14,599.63,residential,India
1,2043-06-15,535.91,residential,India
1,2043-06-16,560.48,residential,India
1,2043-06-17,566.88,residential,India
1,2043-06-18,605.73,residential,India
1,2043-06-19,569.81,residential,India
1,2043-06-20,560.54,residential,India
1,2043-06-21,552.45,residential,India
1,2043-06-22,565.79,residential,India
1,2043-06-23,560.11,residential,India
1,2043-06-24,560.96,residential,India
1,2043-06-25,529.68,residential,India
1,2043-06-26,591.91,residential,India
1,2043-06-27,562.04,residential,India
1,2043-06-28,565.23,residential,India
1,2043-06-29,568.57,residential,India
1,2043-06-30,571.28,residential,India
1,2043-07-01,567.1,residential,India
1,2043-07-02,552.4,residential,India
1,2043-07-03,573.59,residential,India
1,2043-07-04,530.91,residential,India
1,2043-07-05,562.21,residential,India
1,2043-07-06,544.12,residential,India
1,2043-07-07,566.48,residential,India
1,2043-07-08,535.01,residential,India
1,2043-07-09,544.45,residential,India
1,2043-07-10,570.43,residential,India
1,2043-07-11,573.49,residential,India
1,2043-07-12,536.14,residential,India
1,2043-07-13,537.51,residential,India
1,2043-07-14,566.5,residential,India
1,2043-07-15,535.11,residential,India
1,2043-07-16,563.61,residential,India
1,2043-07-17,553.72,residential,India
1,2043-07-18,567.58,residential,India
1,2043-07-19,582.46,residential,India
1,2043-07-20,536.29,residential,India
1,2043-07-21,562.8,residential,India
1,2043-07-22,590.8,residential,India
1,2043-07-23,561.57,residential,India
1,2043-07-24,558.93,residential,India
1,2043-07-25,569.66,residential,India
1,2043-07-26,535.25,residential,India
1,2043-07-27,526.13,residential,India
1,2043-07-28,563.63,residential,India
1,2043-07-29,603.56,residential,India
1,2043-07-30,574.82,residential,India
1,2043-07-31,546.27,residential,India
1,2043-08-01,557.21,residential,India
1,2043-08-02,568.48,residential,India
1,2043-08-03,557.23,residential,India
1,2043-08-04,528.61,residential,India
1,2043-08-05,506.23,residential,India
1,2043-08-06,537.68,residential,India
1,2043-08-07,549.65,residential,India
1,2043-08-08,543.42,residential,India
1,2043-08-09,561.51,residential,India
1,2043-08-10,573.2,residential,India
1,2043-08-11,568.27,residential,India
1,2043-08-12,566.36,residential,India
1,2043-08-13,572.17,residential,India
1,2043-08-14,530.35,residential,India
1,2043-08-15,562.06,residential,India
1,2043-08-16,583.52,residential,India
1,2043-08-17,546.1,residential,India
1,2043-08-18,584.37,residential,India
1,2043-08-19,611.48,residential,India
1,2043-08-20,555.45,residential,India
1,2043-08-21,522.41,residential,India
1,2043-08-22,576.62,residential,India
1,2043-08-23,555.07,residential,India
1,2043-08-24,536.38,residential,India
1,2043-08-25,553.81,residential,India
1,2043-08-26,516.01,residential,India
1,2043-08-27,554.83,residential,India
1,2043-08-28,536.99,residential,India
1,2043-08-29,517.93,residential,India
1,2043-08-30,542.35,residential,India
1,2043-08-31,590.92,residential,India
1,2043-09-01,544.61,residential,India
1,2043-09-02,556.89,residential,India
1,2043-09-03,543.07,residential,India
1,2043-09-04,541.41,residential,India
1,2043-09-05,558.8,residential,India
1,2043-09-06,566.0,residential,India
1,2043-09-07,574.94,residential,India
1,2043-09-08,530.85,residential,India
1,2043-09-09,561.42,residential,India
1,2043-09-10,560.24,residential,India
1,2043-09-11,555.38,residential,India
1,2043-09-12,502.0,residential,India
1,2043-09-13,538.34,residential,India
1,2043-09-14,563.11,residential,India
1,2043-09-15,533.81,residential,India
1,2043-09-16,533.3,residential,India
1,2043-09-17,552.3,residential,India
1,2043-09-18,537.04,residential,India
1,2043-09-19,535.71,residential,India
1,2043-09-20,541.79,residential,India
1,2043-09-21,524.84,residential,India
1,2043-09-22,543.69,residential,India
1,2043-09-23,544.87,residential,India
1,2043-09-24,548.97,residential,India
1,2043-09-25,525.32,residential,India
1,2043-09-26,561.51,residential,India
1,2043-09-27,579.16,residential,India
1,2043-09-28,538.0,residential,India
1,2043-09-29,537.43,residential,India
1,2043-09-30,519.7,residential,India
1,2043-10-01,537.7,residential,India
1,2043-10-02,521.64,residential,India
1,2043-10-03,519.15,residential,India
1,2043-10-04,514.03,residential,India
1,2043-10-05,513.56,residential,India
1,2043-10-06,519.82,residential,India
1,2043-10-07,558.35,residential,India
1,2043-10-08,563.93,residential,India
1,2043-10-09,535.9,residential,India
1,2043-10-10,541.09,residential,India
1,2043-10-11,520.95,residential,India
1,2043-10-12,541.7,residential,India
1,2043-10-13,523.58,residential,India
1,2043-10-14,540.04,residential,India
1,2043-10-15,576.2,residential,India
1,2043-10-16,556.21,residential,India
1,2043-10-17,570.46,residential,India
1,2043-10-18,542.79,residential,India
1,2043-10-19,554.54,residential,India
1,2043-10-20,548.86,residential,India
1,2043-10-21,569.11,residential,India
1,2043-10-22,519.59,residential,India
1,2043-10-23,547.76,residential,India
1,2043-10-24,520.6,residential,India
1,2043-10-25,549.89,residential,India
1,2043-10-26,577.27,residential,India
1,2043-10-27,540.48,residential,India
1,2043-10-28,550.2,residential,India
1,2043-10-29,549.18,residential,India
1,2043-10-30,526.46,residential,India
1,2043-10-31,558.41,residential,India
1,2043-11-01,530.6,residential,India
1,2043-11-02,556.67,residential,India
1,2043-11-03,530.66,residential,India
1,2043-11-04,538.91,residential,India
1,2043-11-05,500.51,residential,India
1,2043-11-06,574.8,residential,India
1,2043-11-07,554.39,residential,India
1,2043-11-08,520.73,residential,India
1,2043-11-09,560.89,residential,India
1,2043-11-10,560.75,residential,India
1,2043-11-11,537.35,residential,India
1,2043-11-12,548.79,residential,India
1,2043-11-13,540.08,residential,India
1,2043-11-14,509.62,residential,India
1,2043-11-15,554.79,residential,India
1,2043-11-16,555.03,residential,India
1,2043-11-17,552.38,residential,India
1,2043-11-18,522.92,residential,India
1,2043-11-19,541.04,residential,India
1,2043-11-20,502.21,residential,India
1,2043-11-21,530.11,residential,India
1,2043-11-22,541.04,residential,India
1,2043-11-23,503.17,residential,India
1,2043-11-24,557.04,residential,India
1,2043-11-25,570.03,residential,India
1,2043-11-26,547.54,residential,India
1,2043-11-27,522.26,residential,India
1,2043-11-28,525.4,residential,India
1,2043-11-29,544.82,residential,India
1,2043-11-30,518.96,residential,India
1,2043-12-01,558.62,residential,India
1,2043-12-02,550.92,residential,India
1,2043-12-03,554.0,residential,India
1,2043-12-04,536.95,residential,India
1,2043-12-05,514.81,residential,India
1,2043-12-06,518.24,residential,India
1,2043-12-07,556.62,residential,India
1,2043-12-08,562.29,residential,India
1,2043-12-09,538.83,residential,India
1,2043-12-10,556.23,residential,India
1,2043-12-11,534.58,residential,India
1,2043-12-12,530.93,residential,India
1,2043-12-13,505.72,residential,India
1,2043-12-14,540.93,residential,India
1,2043-12-15,561.45,residential,India
1,2043-12-16,523.89,residential,India
1,2043-12-17,537.3,residential,India
1,2043-12-18,511.84,residential,India
1,2043-12-19,539.71,residential,India
1,2043-12-20,567.44,residential,India
1,2043-12-21,542.03,residential,India
1,2043-12-22,513.1,residential,India
1,2043-12-23,528.95,residential,India
1,2043-12-24,566.01,residential,India
1,2043-12-25,549.95,residential,India
1,2043-12-26,537.8,residential,India
1,2043-12-27,515.64,residential,India
1,2043-12-28,521.54,residential,India
1,2043-12-29,503.34,residential,India
1,2043-12-30,558.89,residential,India
1,2043-12-31,509.61,residential,India
1,2044-01-01,527.88,residential,India
1,2044-01-02,542.57,residential,India
1,2044-01-03,557.37,residential,India
1,2044-01-04,523.9,residential,India
1,2044-01-05,533.73,residential,India
1,2044-01-06,535.28,residential,India
1,2044-01-07,530.49,residential,India
1,2044-01-08,541.86,residential,India
1,2044-01-09,525.44,residential,India
1,2044-01-10,532.6,residential,India
1,2044-01-11,538.3,residential,India
1,2044-01-12,522.91,residential,India
1,2044-01-13,542.57,residential,India
1,2044-01-14,542.84,residential,India
1,2044-01-15,522.51,residential,India
1,2044-01-16,522.69,residential,India
1,2044-01-17,503.23,residential,India
1,2044-01-18,554.54,residential,India
1,2044-01-19,518.24,residential,India
1,2044-01-20,572.02,residential,India
1,2044-01-21,516.84,residential,India
1,2044-01-22,545.67,residential,India
1,2044-01-23,530.81,residential,India
1,2044-01-24,523.8,residential,India
1,2044-01-25,530.31,residential,India
1,2044-01-26,549.24,residential,India
1,2044-01-27,549.2,residential,India
1,2044-01-28,527.68,residential,India
1,2044-01-29,545.66,residential,India
1,2044-01-30,496.16,residential,India
1,2044-01-31,543.95,residential,India
1,2044-02-01,547.59,residential,India
1,2044-02-02,538.08,residential,India
1,2044-02-03,544.33,residential,India
1,2044-02-04,536.76,residential,India
1,2044-02-05,554.15,residential,India
1,2044-02-06,565.34,residential,India
1,2044-02-07,540.48,residential,India
1,2044-02-08,533.41,residential,India
1,2044-02-09,546.36,residential,India
1,2044-02-10,575.57,residential,India
1,2044-02-11,542.34,residential,India
1,2044-02-12,524.96,residential,India
1,2044-02-13,551.44,residential,India
1,2044-02-14,506.12,residential,India
1,2044-02-15,497.96,residential,India
1,2044-02-16,524.4,residential,India
1,2044-02-17,534.33,residential,India
1,2044-02-18,510.3,residential,India
1,2044-02-19,514.62,residential,India
1,2044-02-20,537.1,residential,India
1,2044-02-21,561.06,residential,India
1,2044-02-22,553.58,residential,India
1,2044-02-23,538.24,residential,India
1,2044-02-24,516.93,residential,India
1,2044-02-25,555.7,residential,India
1,2044-02-26,545.89,residential,India
1,2044-02-27,533.89,residential,India
1,2044-02-28,507.48,residential,India
1,2044-02-29,581.05,residential,India
1,2044-03-01,531.07,residential,India
1,2044-03-02,593.22,residential,India
1,2044-03-03,517.1,residential,India
1,2044-03-04,556.55,residential,India
1,2044-03-05,506.95,residential,India
1,2044-03-06,549.34,residential,India
1,2044-03-07,563.59,residential,India
1,2044-03-08,517.29,residential,India
1,2044-03-09,533.01,residential,India
1,2044-03-10,559.03,residential,India
1,2044-03-11,509.82,residential,India
1,2044-03-12,505.13,residential,India
1,2044-03-13,541.4,residential,India
1,2044-03-14,550.01,residential,India
1,2044-03-15,539.75,residential,India
1,2044-03-16,539.96,residential,India
1,2044-03-17,544.04,residential,India
1,2044-03-18,541.73,residential,India
1,2044-03-19,516.32,residential,India
1,2044-03-20,524.68,residential,India
1,2044-03-21,528.44,residential,India
1,2044-03-22,525.52,residential,India
1,2044-03-23,516.74,residential,India
1,2044-03-24,538.72,residential,India
1,2044-03-25,521.75,residential,India
1,2044-03-26,518.6,residential,India
1,2044-03-27,533.4,residential,India
1,2044-03-28,514.99,residential,India
1,2044-03-29,523.98,residential,India
1,2044-03-30,540.77,residential,India
1,2044-03-31,544.42,residential,India
1,2044-04-01,529.25,residential,India
1,2044-04-02,496.5,residential,India
1,2044-04-03,535.37,residential,India
1,2044-04-04,522.05,residential,India
1,2044-04-05,509.09,residential,India
1,2044-04-06,529.77,residential,India
1,2044-04-07,516.6,residential,India
1,2044-04-08,526.08,residential,India
1,2044-04-09,525.62,residential,India
1,2044-04-10,518.25,residential,India
1,2044-04-11,538.92,residential,India
1,2044-04-12,524.48,residential,India
1,2044-04-13,545.87,residential,India
1,2044-04-14,516.8,residential,India
1,2044-04-15,512.86,residential,India
1,2044-04-16,511.19,residential,India
1,2044-04-17,531.94,residential,India
1,2044-04-18,561.78,residential,India
1,2044-04-19,505.4,residential,India
1,2044-04-20,535.94,residential,India
1,2044-04-21,504.34,residential,India
1,2044-04-22,527.43,residential,India
1,2044-04-23,508.92,residential,India
1,2044-04-24,526.71,residential,India
1,2044-04-25,519.54,residential,India
1,2044-04-26,515.09,residential,India
1,2044-04-27,534.21,residential,India
1,2044-04-28,554.64,residential,India
1,2044-04-29,555.46,residential,India
1,2044-04-30,497.69,residential,India
1,2044-05-01,524.04,residential,India
1,2044-05-02,545.51,residential,India
1,2044-05-03,524.46,residential,India
1,2044-05-04,516.72,residential,India
1,2044-05-05,500.89,residential,India
1,2044-05-06,546.97,residential,India
1,2044-05-07,532.37,residential,India
1,2044-05-08,555.3,residential,India
1,2044-05-09,526.9,residential,India
1,2044-05-10,513.61,residential,India
1,2044-05-11,568.66,residential,India
1,2044-05-12,508.52,residential,India
1,2044-05-13,507.3,residential,India
1,2044-05-14,537.66,residential,India
1,2044-05-15,527.51,residential,India
1,2044-05-16,522.77,residential,India
1,2044-05-17,522.46,residential,India
1,2044-05-18,529.62,residential,India
1,2044-05-19,515.54,residential,India
1,2044-05-20,514.51,residential,India
1,2044-05-21,510.24,residential,India
1,2044-05-22,524.34,residential,India
1,2044-05-23,536.5,residential,India
1,2044-05-24,498.9,residential,India
1,2044-05-25,536.73,residential,India
1,2044-05-26,512.9,residential,India
1,2044-05-27,519.73,residential,India
1,2044-05-28,529.78,residential,India
1,2044-05-29,537.67,residential,India
1,2044-05-30,529.36,residential,India
1,2044-05-31,510.95,residential,India
1,2044-06-01,543.2,residential,India
1,2044-06-02,505.08,residential,India
1,2044-06-03,510.56,residential,India
1,2044-06-04,487.11,residential,India
1,2044-06-05,486.12,residential,India
1,2044-06-06,540.82,residential,India
1,2044-06-07,534.56,residential,India
1,2044-06-08,545.13,residential,India
1,2044-06-09,505.06,residential,India
1,2044-06-10,519.23,residential,India
1,2044-06-11,510.55,residential,India
1,2044-06-12,480.53,residential,India
1,2044-06-13,530.51,residential,India
1,2044-06-14,501.78,residential,India
1,2044-06-15,499.96,residential,India
1,2044-06-16,560.9,residential,India
1,2044-06-17,509.2,residential,India
1,2044-06-18,484.28,residential,India
1,2044-06-19,516.93,residential,India
1,2044-06-20,508.27,residential,India
1,2044-06-21,509.49,residential,India
1,2044-06-22,524.17,residential,India
1,2044-06-23,517.37,residential,India
1,2044-06-24,524.28,residential,India
1,2044-06-25,523.16,residential,India
1,2044-06-26,527.91,residential,India
1,2044-06-27,549.96,residential,India
1,2044-06-28,514.91,residential,India
1,2044-06-29,523.96,residential,India
1,2044-06-30,538.95,residential,India
1,2044-07-01,561.85,residential,India
1,2044-07-02,528.67,residential,India
1,2044-07-03,510.01,residential,India
1,2044-07-04,463.47,residential,India
1,2044-07-05,535.73,residential,India
1,2044-07-06,507.82,residential,India
1,2044-07-07,489.02,residential,India
1,2044-07-08,523.46,residential,India
1,2044-07-09,521.96,residential,India
1,2044-07-10,524.66,residential,India
1,2044-07-11,540.31,residential,India
1,2044-07-12,501.96,residential,India
1,2044-07-13,504.32,residential,India
1,2044-07-14,530.6,residential,India
1,2044-07-15,530.27,residential,India
1,2044-07-16,557.38,residential,India
1,2044-07-17,497.11,residential,India
1,2044-07-18,508.91,residential,India
1,2044-07-19,516.24,residential,India
1,2044-07-20,544.51,residential,India
1,2044-07-21,537.58,residential,India
1,2044-07-22,482.74,residential,India
1,2044-07-23,559.23,residential,India
1,2044-07-24,508.22,residential,India
1,2044-07-25,492.89,residential,India
1,2044-07-26,528.97,residential,India
1,2044-07-27,531.13,residential,India
1,2044-07-28,512.62,residential,India
1,2044-07-29,553.19,residential,India
1,2044-07-30,546.6,residential,India
1,2044-07-31,497.31,residential,India
1,2044-08-01,520.29,residential,India
1,2044-08-02,499.2,residential,India
1,2044-08-03,508.79,residential,India
1,2044-08-04,500.99,residential,India
1,2044-08-05,510.19,residential,India
1,2044-08-06,541.28,residential,India
1,2044-08-07,551.26,residential,India
1,2044-08-08,495.25,residential,India
1,2044-08-09,512.58,residential,India
1,2044-08-10,499.87,residential,India
1,2044-08-11,518.66,residential,India
1,2044-08-12,512.0,residential,India
1,2044-08-13,557.02,residential,India
1,2044-08-14,515.44,residential,India
1,2044-08-15,503.6,residential,India
1,2044-08-16,509.32,residential,India
1,2044-08-17,511.74,residential,India
1,2044-08-18,547.52,residential,India
1,2044-08-19,517.16,residential,India
1,2044-08-20,513.53,residential,India
1,2044-08-21,520.54,residential,India
1,2044-08-22,509.01,residential,India
1,2044-08-23,489.9,residential,India
1,2044-08-24,539.68,residential,India
1,2044-08-25,541.11,residential,India
1,2044-08-26,496.67,residential,India
1,2044-08-27,521.96,residential,India
1,2044-08-28,546.55,residential,India
1,2044-08-29,507.54,residential,India
1,2044-08-30,511.67,residential,India
1,2044-08-31,487.79,residential,India
1,2044-09-01,491.24,residential,India
1,2044-09-02,533.33,residential,India
1,2044-09-03,490.18,residential,India
1,2044-09-04,501.32,residential,India
1,2044-09-05,505.95,residential,India
1,2044-09-06,540.89,residential,India
1,2044-09-07,541.07,residential,India
1,2044-09-08,513.36,residential,India
1,2044-09-09,566.22,residential,India
1,2044-09-10,527.17,residential,India
1,2044-09-11,495.94,residential,India
1,2044-09-12,494.91,residential,India
1,2044-09-13,513.06,residential,India
1,2044-09-14,508.16,residential,India
1,2044-09-15,493.51,residential,India
1,2044-09-16,515.03,residential,India
1,2044-09-17,483.84,residential,India
1,2044-09-18,515.78,residential,India
1,2044-09-19,512.91,residential,India
1,2044-09-20,521.59,residential,India
1,2044-09-21,531.83,residential,India
1,2044-09-22,509.27,residential,India
1,2044-09-23,515.23,residential,India
1,2044-09-24,524.79,residential,India
1,2044-09-25,506.51,residential,India
1,2044-09-26,525.77,residential,India
1,2044-09-27,515.69,residential,India
1,2044-09-28,473.16,residential,India
1,2044-09-29,528.96,residential,India
1,2044-09-30,461.48,residential,India
1,2044-10-01,509.15,residential,India
1,2044-10-02,490.87,residential,India
1,2044-10-03,500.28,residential,India
1,2044-10-04,509.39,residential,India
1,2044-10-05,524.93,residential,India
1,2044-10-06,538.52,residential,India
1,2044-10-07,528.77,residential,India
1,2044-10-08,492.29,residential,India
1,2044-10-09,478.08,residential,India
1,2044-10-10,466.18,residential,India
1,2044-10-11,513.68,residential,India
1,2044-10-12,530.64,residential,India
1,2044-10-13,496.08,residential,India
1,2044-10-14,495.85,residential,India
1,2044-10-15,495.13,residential,India
1,2044-10-16,539.1,residential,India
1,2044-10-17,511.68,residential,India
1,2044-10-18,524.01,residential,India
1,2044-10-19,526.13,residential,India
1,2044-10-20,497.69,residential,India
1,2044-10-21,528.52,residential,India
1,2044-10-22,540.93,residential,India
1,2044-10-23,484.3,residential,India
1,2044-10-24,518.44,residential,India
1,2044-10-25,508.51,residential,India
1,2044-10-26,492.31,residential,India
1,2044-10-27,519.98,residential,India
1,2044-10-28,515.24,residential,India
1,2044-10-29,516.96,residential,India
1,2044-10-30,504.44,residential,India
1,2044-10-31,475.8,residential,India
1,2044-11-01,543.5,residential,India
1,2044-11-02,523.31,residential,India
1,2044-11-03,504.3,residential,India
1,2044-11-04,485.18,residential,India
1,2044-11-05,512.28,residential,India
1,2044-11-06,511.75,residential,India
1,2044-11-07,510.47,residential,India
1,2044-11-08,522.74,residential,India
1,2044-11-09,506.86,residential,India
1,2044-11-10,491.82,residential,India
1,2044-11-11,490.7,residential,India
1,2044-11-12,512.29,residential,India
1,2044-11-13,502.23,residential,India
1,2044-11-14,495.22,residential,India
1,2044-11-15,511.67,residential,India
1,2044-11-16,471.74,residential,India
1,2044-11-17,516.19,residential,India
1,2044-11-18,488.18,residential,India
1,2044-11-19,551.15,residential,India
1,2044-11-20,530.63,residential,India
1,2044-11-21,509.09,residential,India
1,2044-11-22,505.49,residential,India
1,2044-11-23,503.81,residential,India
1,2044-11-24,521.49,residential,India
1,2044-11-25,496.6,residential,India
1,2044-11-26,514.08,residential,India
1,2044-11-27,520.72,residential,India
1,2044-11-28,534.6,residential,India
1,2044-11-29,506.92,residential,India
1,2044-11-30,501.13,residential,India
1,2044-12-01,526.88,residential,India
1,2044-12-02,495.99,residential,India
1,2044-12-03,513.89,residential,India
1,2044-12-04,524.48,residential,India
1,2044-12-05,494.07,residential,India
1,2044-12-06,478.8,residential,India
1,2044-12-07,503.78,residential,India
1,2044-12-08,529.32,residential,India
1,2044-12-09,528.61,residential,India
1,2044-12-10,563.5,residential,India
1,2044-12-11,494.93,residential,India
1,2044-12-12,514.27,residential,India
1,2044-12-13,470.29,residential,India
1,2044-12-14,518.68,residential,India
1,2044-12-15,518.31,residential,India
1,2044-12-16,500.06,residential,India
1,2044-12-17,552.12,residential,India
1,2044-12-18,488.27,residential,India
1,2044-12-19,497.25,residential,India
1,2044-12-20,511.02,residential,India
1,2044-12-21,520.68,residential,India
1,2044-12-22,521.41,residential,India
1,2044-12-23,550.44,residential,India
1,2044-12-24,545.53,residential,India
1,2044-12-25,535.14,residential,India
1,2044-12-26,529.45,residential,India
1,2044-12-27,487.19,residential,India
1,2044-12-28,497.48,residential,India
1,2044-12-29,517.24,residential,India
1,2044-12-30,528.43,residential,India
1,2044-12-31,530.34,residential,India
1,2045-01-01,499.73,residential,India
1,2045-01-02,495.27,residential,India
1,2045-01-03,514.7,residential,India
1,2045-01-04,512.89,residential,India
1,2045-01-05,551.89,residential,India
1,2045-01-06,472.94,residential,India
1,2045-01-07,498.78,residential,India
1,2045-01-08,509.29,residential,India
1,2045-01-09,513.52,residential,India
1,2045-01-10,542.86,residential,India
1,2045-01-11,475.35,residential,India
1,2045-01-12,513.71,residential,India
1,2045-01-13,520.64,residential,India
1,2045-01-14,496.95,residential,India
1,2045-01-15,533.42,residential,India
1,2045-01-16,463.86,residential,India
1,2045-01-17,472.42,residential,India
1,2045-01-18,530.64,residential,India
1,2045-01-19,510.27,residential,India
1,2045-01-20,487.26,residential,India
1,2045-01-21,493.03,residential,India
1,2045-01-22,483.62,residential,India
1,2045-01-23,494.84,residential,India
1,2045-01-24,489.02,residential,India
1,2045-01-25,492.02,residential,India
1,2045-01-26,515.13,residential,India
1,2045-01-27,501.67,residential,India
1,2045-01-28,531.47,residential,India
1,2045-01-29,476.03,residential,India
1,2045-01-30,486.46,residential,India
1,2045-01-31,492.37,residential,India
1,2045-02-01,504.03,residential,India
1,2045-02-02,443.5,residential,India
1,2045-02-03,508.09,residential,India
1,2045-02-04,503.7,residential,India
1,2045-02-05,490.61,residential,India
1,2045-02-06,524.3,residential,India
1,2045-02-07,491.06,residential,India
1,2045-02-08,443.95,residential,India
1,2045-02-09,492.67,residential,India
1,2045-02-10,490.62,residential,India
1,2045-02-11,458.39,residential,India
1,2045-02-12,536.58,residential,India
1,2045-02-13,481.25,residential,India
1,2045-02-14,515.4,residential,India
1,2045-02-15,485.95,residential,India
1,2045-02-16,489.48,residential,India
1,2045-02-17,484.69,residential,India
1,2045-02-18,492.74,residential,India
1,2045-02-19,507.72,residential,India
1,2045-02-20,511.21,residential,India
1,2045-02-21,509.58,residential,India
1,2045-02-22,526.82,residential,India
1,2045-02-23,511.34,residential,India
1,2045-02-24,543.31,residential,India
1,2045-02-25,485.12,residential,India
1,2045-02-26,524.29,residential,India
1,2045-02-27,483.1,residential,India
1,2045-02-28,511.34,residential,India
1,2045-03-01,471.12,residential,India
1,2045-03-02,515.27,residential,India
1,2045-03-03,545.32,residential,India
1,2045-03-04,520.24,residential,India
1,2045-03-05,480.69,residential,India
1,2045-03-06,516.38,residential,India
1,2045-03-07,499.76,residential,India
1,2045-03-08,508.44,residential,India
1,2045-03-09,526.9,residential,India
1,2045-03-10,485.68,residential,India
1,2045-03-11,501.43,residential,India
1,2045-03-12,537.08,residential,India
1,2045-03-13,488.82,residential,India
1,2045-03-14,459.84,residential,India
1,2045-03-15,538.29,residential,India
1,2045-03-16,516.21,residential,India
1,2045-03-17,469.75,residential,India
1,2045-03-18,501.08,residential,India
1,2045-03-19,519.46,residential,India
1,2045-03-20,506.07,residential,India
1,2045-03-21,512.86,residential,India
1,2045-03-22,537.68,residential,India
1,2045-03-23,488.25,residential,India
1,2045-03-24,539.23,residential,India
1,2045-03-25,493.21,residential,India
1,2045-03-26,503.63,residential,India
1,2045-03-27,548.87,residential,India
1,2045-03-28,497.19,residential,India
1,2045-03-29,496.96,residential,India
1,2045-03-30,482.1,residential,India
1,2045-03-31,473.13,residential,India
1,2045-04-01,511.18,residential,India
1,2045-04-02,529.93,residential,India
1,2045-04-03,473.59,residential,India
1,2045-04-04,506.18,residential,India
1,2045-04-05,493.99,residential,India
1,2045-04-06,513.3,residential,India
1,2045-04-07,497.54,residential,India
1,2045-04-08,499.38,residential,India
1,2045-04-09,493.35,residential,India
1,2045-04-10,518.7,residential,India
1,2045-04-11,530.7,residential,India
1,2045-04-12,528.79,residential,India
1,2045-04-13,503.72,residential,India
1,2045-04-14,488.35,residential,India
1,2045-04-15,490.34,residential,India
1,2045-04-16,520.96,residential,India
1,2045-04-17,459.4,residential,India
1,2045-04-18,500.38,residential,India
1,2045-04-19,503.39,residential,India
1,2045-04-20,500.07,residential,India
1,2045-04-21,510.12,residential,India
1,2045-04-22,490.15,residential,India
1,2045-04-23,513.62,residential,India
1,2045-04-24,518.74,residential,India
1,2045-04-25,498.77,residential,India
1,2045-04-26,522.81,residential,India
1,2045-04-27,460.34,residential,India
1,2045-04-28,506.49,residential,India
1,2045-04-29,524.64,residential,India
1,2045-04-30,499.07,residential,India
1,2045-05-01,520.9,residential,India
1,2045-05-02,488.45,residential,India
1,2045-05-03,530.42,residential,India
1,2045-05-04,492.12,residential,India
1,2045-05-05,454.77,residential,India
1,2045-05-06,491.04,residential,India
1,2045-05-07,483.07,residential,India
1,2045-05-08,490.0,residential,India
1,2045-05-09,517.43,residential,India
1,2045-05-10,484.4,residential,India
1,2045-05-11,488.98,residential,India
1,2045-05-12,510.28,residential,India
1,2045-05-13,508.82,residential,India
1,2045-05-14,511.93,residential,India
1,2045-05-15,491.28,residential,India
1,2045-05-16,494.44,residential,India
1,2045-05-17,478.84,residential,India
1,2045-05-18,510.75,residential,India
1,2045-05-19,475.68,residential,India
1,2045-05-20,510.92,residential,India
1,2045-05-21,446.81,residential,India
1,2045-05-22,487.07,residential,India
1,2045-05-23,487.17,residential,India
1,2045-05-24,494.38,residential,India
1,2045-05-25,541.19,residential,India
1,2045-05-26,473.42,residential,India
1,2045-05-27,478.86,residential,India
1,2045-05-28,489.59,residential,India
1,2045-05-29,498.44,residential,India
1,2045-05-30,493.43,residential,India
1,2045-05-31,505.54,residential,India
1,2045-06-01,504.55,residential,India
1,2045-06-02,492.01,residential,India
1,2045-06-03,499.06,residential,India
1,2045-06-04,497.63,residential,India
1,2045-06-05,536.08,residential,India
1,2045-06-06,488.88,residential,India
1,2045-06-07,495.13,residential,India
1,2045-06-08,485.08,residential,India
1,2045-06-09,490.4,residential,India
1,2045-06-10,523.62,residential,India
1,2045-06-11,489.56,residential,India
1,2045-06-12,493.06,residential,India
1,2045-06-13,473.41,residential,India
1,2045-06-14,506.35,residential,India
1,2045-06-15,491.43,residential,India
1,2045-06-16,488.94,residential,India
1,2045-06-17,479.9,residential,India
1,2045-06-18,493.52,residential,India
1,2045-06-19,535.34,residential,India
1,2045-06-20,495.27,residential,India
1,2045-06-21,496.69,residential,India
1,2045-06-22,499.77,residential,India
1,2045-06-23,499.75,residential,India
1,2045-06-24,507.71,residential,India
1,2045-06-25,512.36,residential,India
1,2045-06-26,525.49,residential,India
1,2045-06-27,506.55,residential,India
1,2045-06-28,488.39,residential,India
1,2045-06-29,491.42,residential,India
1,2045-06-30,551.75,residential,India
1,2045-07-01,529.46,residential,India
1,2045-07-02,505.71,residential,India
1,2045-07-03,487.6,residential,India
1,2045-07-04,501.18,residential,India
1,2045-07-05,495.01,residential,India
1,2045-07-06,469.5,residential,India
1,2045-07-07,510.33,residential,India
1,2045-07-08,503.34,residential,India
1,2045-07-09,511.21,residential,India
1,2045-07-10,526.34,residential,India
1,2045-07-11,486.69,residential,India
1,2045-07-12,524.55,residential,India
1,2045-07-13,514.58,residential,India
1,2045-07-14,491.42,residential,India
1,2045-07-15,500.86,residential,India
1,2045-07-16,529.78,residential,India
1,2045-07-17,510.87,residential,India
1,2045-07-18,528.6,residential,India
1,2045-07-19,503.61,residential,India
1,2045-07-20,495.7,residential,India
1,2045-07-21,500.58,residential,India
1,2045-07-22,499.97,residential,India
1,2045-07-23,486.71,residential,India
1,2045-07-24,516.87,residential,India
1,2045-07-25,498.12,residential,India
1,2045-07-26,491.17,residential,India
1,2045-07-27,500.81,residential,India
1,2045-07-28,520.08,residential,India
1,2045-07-29,501.46,residential,India
1,2045-07-30,523.66,residential,India
1,2045-07-31,473.49,residential,India
1,2045-08-01,493.37,residential,India
1,2045-08-02,512.09,residential,India
1,2045-08-03,511.49,residential,India
1,2045-08-04,492.75,residential,India
1,2045-08-05,502.48,residential,India
1,2045-08-06,498.39,residential,India
1,2045-08-07,518.1,residential,India
1,2045-08-08,484.4,residential,India
1,2045-08-09,478.66,residential,India
1,2045-08-10,481.22,residential,India
1,2045-08-11,493.35,residential,India
1,2045-08-12,476.86,residential,India
1,2045-08-13,445.8,residential,India
1,2045-08-14,528.32,residential,India
1,2045-08-15,515.93,residential,India
1,2045-08-16,504.46,residential,India
1,2045-08-17,501.38,residential,India
1,2045-08-18,525.06,residential,India
1,2045-08-19,497.96,residential,India
1,2045-08-20,486.13,residential,India
1,2045-08-21,459.63,residential,India
1,2045-08-22,514.26,residential,India
1,2045-08-23,508.95,residential,India
1,2045-08-24,498.4,residential,India
1,2045-08-25,496.32,residential,India
1,2045-08-26,459.16,residential,India
1,2045-08-27,498.11,residential,India
1,2045-08-28,517.14,residential,India
1,2045-08-29,497.47,residential,India
1,2045-08-30,490.43,residential,India
1,2045-08-31,485.58,residential,India
1,2045-09-01,507.85,residential,India
1,2045-09-02,486.0,residential,India
1,2045-09-03,492.56,residential,India
1,2045-09-04,492.9,residential,India
1,2045-09-05,476.79,residential,India
1,2045-09-06,471.53,residential,India
1,2045-09-07,548.46,residential,India
1,2045-09-08,429.0,residential,India
1,2045-09-09,453.95,residential,India
1,2045-09-10,461.1,residential,India
1,2045-09-11,488.91,residential,India
1,2045-09-12,501.78,residential,India
1,2045-09-13,506.73,residential,India
1,2045-09-14,521.12,residential,India
1,2045-09-15,504.81,residential,India
1,2045-09-16,495.1,residential,India
1,2045-09-17,540.7,residential,India
1,2045-09-18,482.76,residential,India
1,2045-09-19,481.47,residential,India
1,2045-09-20,468.87,residential,India
1,2045-09-21,515.05,residential,India
1,2045-09-22,502.61,residential,India
1,2045-09-23,500.48,residential,India
1,2045-09-24,514.09,residential,India
1,2045-09-25,509.62,residential,India
1,2045-09-26,484.66,residential,India
1,2045-09-27,478.87,residential,India
1,2045-09-28,513.72,residential,India
1,2045-09-29,477.52,residential,India
1,2045-09-30,502.21,residential,India
1,2045-10-01,489.91,residential,India
1,2045-10-02,501.23,residential,India
1,2045-10-03,483.68,residential,India
1,2045-10-04,521.84,residential,India
1,2045-10-05,545.33,residential,India
1,2045-10-06,509.44,residential,India
1,2045-10-07,532.91,residential,India
1,2045-10-08,463.97,residential,India
1,2045-10-09,512.3,residential,India
1,2045-10-10,504.37,residential,India
1,2045-10-11,467.39,residential,India
1,2045-10-12,456.91,residential,India
1,2045-10-13,497.92,residential,India
1,2045-10-14,515.33,residential,India
1,2045-10-15,498.1,residential,India
1,2045-10-16,522.41,residential,India
1,2045-10-17,494.59,residential,India
1,2045-10-18,493.12,residential,India
1,2045-10-19,476.08,residential,India
1,2045-10-20,503.81,residential,India
1,2045-10-21,494.71,residential,India
1,2045-10-22,488.15,residential,India
1,2045-10-23,518.22,residential,India
1,2045-10-24,521.87,residential,India
1,2045-10-25,468.79,residential,India
1,2045-10-26,523.34,residential,India
1,2045-10-27,498.22,residential,India
1,2045-10-28,537.06,residential,India
1,2045-10-29,488.34,residential,India
1,2045-10-30,515.83,residential,India
1,2045-10-31,508.71,residential,India
1,2045-11-01,543.66,residential,India
1,2045-11-02,472.54,residential,India
1,2045-11-03,500.39,residential,India
1,2045-11-04,501.24,residential,India
1,2045-11-05,498.4,residential,India
1,2045-11-06,498.35,residential,India
1,2045-11-07,487.41,residential,India
1,2045-11-08,509.29,residential,India
1,2045-11-09,541.77,residential,India
1,2045-11-10,539.57,residential,India
1,2045-11-11,540.95,residential,India
1,2045-11-12,507.42,residential,India
1,2045-11-13,545.67,residential,India
1,2045-11-14,497.39,residential,India
1,2045-11-15,475.44,residential,India
1,2045-11-16,531.41,residential,India
1,2045-11-17,525.29,residential,India
1,2045-11-18,529.28,residential,India
1,2045-11-19,520.59,residential,India
1,2045-11-20,488.23,residential,India
1,2045-11-21,523.88,residential,India
1,2045-11-22,536.54,residential,India
1,2045-11-23,478.22,residential,India
1,2045-11-24,486.48,residential,India
1,2045-11-25,519.54,residential,India
1,2045-11-26,471.95,residential,India
1,2045-11-27,511.39,residential,India
1,2045-11-28,492.24,residential,India
1,2045-11-29,504.04,residential,India
1,2045-11-30,485.98,residential,India
1,2045-12-01,511.01,residential,India
1,2045-12-02,536.78,residential,India
1,2045-12-03,516.72,residential,India
1,2045-12-04,494.2,residential,India
1,2045-12-05,517.47,residential,India
1,2045-12-06,509.98,residential,India
1,2045-12-07,487.31,residential,India
1,2045-12-08,476.31,residential,India
1,2045-12-09,494.95,residential,India
1,2045-12-10,485.36,residential,India
1,2045-12-11,516.62,residential,India
1,2045-12-12,513.0,residential,India
1,2045-12-13,523.87,residential,India
1,2045-12-14,498.91,residential,India
1,2045-12-15,516.51,residential,India
1,2045-12-16,511.46,residential,India
1,2045-12-17,513.14,residential,India
1,2045-12-18,518.71,residential,India
1,2045-12-19,477.0,residential,India
1,2045-12-20,506.96,residential,India
1,2045-12-21,539.08,residential,India
1,2045-12-22,526.28,residential,India
1,2045-12-23,510.14,residential,India
1,2045-12-24,523.36,residential,India
1,2045-12-25,494.48,residential,India
1,2045-12-26,506.77,residential,India
1,2045-12-27,528.91,residential,India
1,2045-12-28,521.69,residential,India
1,2045-12-29,497.25,residential,India
1,2045-12-30,522.28,residential,India
1,2045-12-31,522.46,residential,India
1,2046-01-01,500.68,residential,India
1,2046-01-02,510.68,residential,India
1,2046-01-03,516.04,residential,India
1,2046-01-04,522.35,residential,India
1,2046-01-05,515.95,residential,India
1,2046-01-06,519.41,residential,India
1,2046-01-07,503.28,residential,India
1,2046-01-08,530.92,residential,India
1,2046-01-09,495.46,residential,India
1,2046-01-10,498.21,residential,India
1,2046-01-11,520.16,residential,India
1,2046-01-12,488.5,residential,India
1,2046-01-13,500.76,residential,India
1,2046-01-14,499.01,residential,India
1,2046-01-15,519.53,residential,India
1,2046-01-16,481.72,residential,India
1,2046-01-17,549.19,residential,India
1,2046-01-18,490.14,residential,India
1,2046-01-19,478.93,residential,India
1,2046-01-20,541.86,residential,India
1,2046-01-21,529.07,residential,India
1,2046-01-22,486.63,residential,India
1,2046-01-23,510.92,residential,India
1,2046-01-24,509.07,residential,India
1,2046-01-25,504.53,residential,India
1,2046-01-26,531.4,residential,India
1,2046-01-27,495.56,residential,India
1,2046-01-28,475.81,residential,India
1,2046-01-29,509.82,residential,India
1,2046-01-30,525.57,residential,India
1,2046-01-31,491.38,residential,India
1,2046-02-01,471.18,residential,India
1,2046-02-02,524.32,residential,India
1,2046-02-03,487.72,residential,India
1,2046-02-04,526.95,residential,India
1,2046-02-05,537.52,residential,India
1,2046-02-06,499.92,residential,India
1,2046-02-07,511.91,residential,India
1,2046-02-08,537.07,residential,India
1,2046-02-09,509.72,residential,India
1,2046-02-10,476.25,residential,India
1,2046-02-11,506.18,residential,India
1,2046-02-12,503.49,residential,India
1,2046-02-13,521.92,residential,India
1,2046-02-14,514.24,residential,India
1,2046-02-15,477.65,residential,India
1,2046-02-16,515.39,residential,India
1,2046-02-17,527.43,residential,India
1,2046-02-18,536.48,residential,India
1,2046-02-19,518.24,residential,India
1,2046-02-20,507.89,residential,India
1,2046-02-21,522.88,residential,India
1,2046-02-22,490.75,residential,India
1,2046-02-23,530.91,residential,India
1,2046-02-24,480.55,residential,India
1,2046-02-25,530.34,residential,India
1,2046-02-26,529.85,residential,India
1,2046-02-27,496.6,residential,India
1,2046-02-28,518.22,residential,India
1,2046-03-01,516.93,residential,India
1,2046-03-02,484.1,residential,India
1,2046-03-03,516.36,residential,India
1,2046-03-04,506.66,residential,India
1,2046-03-05,517.62,residential,India
1,2046-03-06,487.45,residential,India
1,2046-03-07,461.33,residential,India
1,2046-03-08,512.06,residential,India
1,2046-03-09,463.68,residential,India
1,2046-03-10,509.29,residential,India
1,2046-03-11,510.83,residential,India
1,2046-03-12,524.77,residential,India
1,2046-03-13,482.09,residential,India
1,2046-03-14,503.13,residential,India
1,2046-03-15,489.44,residential,India
1,2046-03-16,481.02,residential,India
1,2046-03-17,494.4,residential,India
1,2046-03-18,506.96,residential,India
1,2046-03-19,538.12,residential,India
1,2046-03-20,524.47,residential,India
1,2046-03-21,517.1,residential,India
1,2046-03-22,521.77,residential,India
1,2046-03-23,507.89,residential,India
1,2046-03-24,484.11,residential,India
1,2046-03-25,487.47,residential,India
1,2046-03-26,523.86,residential,India
1,2046-03-27,455.19,residential,India
1,2046-03-28,491.44,residential,India
1,2046-03-29,513.16,residential,India
1,2046-03-30,490.3,residential,India
1,2046-03-31,508.08,residential,India
1,2046-04-01,500.97,residential,India
1,2046-04-02,499.93,residential,India
1,2046-04-03,520.09,residential,India
1,2046-04-04,506.44,residential,India
1,2046-04-05,519.09,residential,India
1,2046-04-06,531.2,residential,India
1,2046-04-07,498.93,residential,India
1,2046-04-08,539.7,residential,India
1,2046-04-09,491.36,residential,India
1,2046-04-10,496.09,residential,India
1,2046-04-11,513.71,residential,India
1,2046-04-12,516.76,residential,India
1,2046-04-13,490.68,residential,India
1,2046-04-14,552.07,residential,India
1,2046-04-15,531.45,residential,India
1,2046-04-16,500.24,residential,India
1,2046-04-17,459.83,residential,India
1,2046-04-18,519.98,residential,India
1,2046-04-19,552.01,residential,India
1,2046-04-20,522.49,residential,India
1,2046-04-21,486.67,residential,India
1,2046-04-22,538.2,residential,India
1,2046-04-23,491.34,residential,India
1,2046-04-24,524.41,residential,India
1,2046-04-25,498.76,residential,India
1,2046-04-26,473.92,residential,India
1,2046-04-27,533.78,residential,India
1,2046-04-28,523.09,residential,India
1,2046-04-29,514.64,residential,India
1,2046-04-30,504.47,residential,India
1,2046-05-01,489.81,residential,India
1,2046-05-02,530.25,residential,India
1,2046-05-03,502.94,residential,India
1,2046-05-04,517.32,residential,India
1,2046-05-05,524.25,residential,India
1,2046-05-06,487.55,residential,India
1,2046-05-07,499.5,residential,India
1,2046-05-08,551.8,residential,India
1,2046-05-09,497.38,residential,India
1,2046-05-10,472.98,residential,India
1,2046-05-11,521.47,residential,India
1,2046-05-12,511.2,residential,India
1,2046-05-13,532.45,residential,India
1,2046-05-14,527.04,residential,India
1,2046-05-15,508.76,residential,India
1,2046-05-16,483.21,residential,India
1,2046-05-17,517.86,residential,India
1,2046-05-18,492.8,residential,India
1,2046-05-19,500.76,residential,India
1,2046-05-20,531.28,residential,India
1,2046-05-21,573.99,residential,India
1,2046-05-22,532.62,residential,India
1,2046-05-23,516.07,residential,India
1,2046-05-24,508.98,residential,India
1,2046-05-25,551.49,residential,India
1,2046-05-26,490.52,residential,India
1,2046-05-27,494.09,residential,India
1,2046-05-28,523.57,residential,India
1,2046-05-29,491.02,residential,India
1,2046-05-30,511.92,residential,India
1,2046-05-31,524.7,residential,India
1,2046-06-01,507.88,residential,India
1,2046-06-02,494.94,residential,India
1,2046-06-03,498.76,residential,India
1,2046-06-04,522.22,residential,India
1,2046-06-05,521.88,residential,India
1,2046-06-06,495.42,residential,India
1,2046-06-07,492.33,residential,India
1,2046-06-08,519.5,residential,India
1,2046-06-09,509.53,residential,India
1,2046-06-10,482.32,residential,India
1,2046-06-11,518.19,residential,India
1,2046-06-12,535.71,residential,India
1,2046-06-13,518.44,residential,India
1,2046-06-14,527.8,residential,India
1,2046-06-15,520.4,residential,India
1,2046-06-16,503.27,residential,India
1,2046-06-17,511.46,residential,India
1,2046-06-18,506.48,residential,India
1,2046-06-19,534.06,residential,India
1,2046-06-20,503.64,residential,India
1,2046-06-21,531.69,residential,India
1,2046-06-22,569.78,residential,India
1,2046-06-23,520.31,residential,India
1,2046-06-24,510.51,residential,India
1,2046-06-25,525.15,residential,India
1,2046-06-26,535.57,residential,India
1,2046-06-27,535.75,residential,India
1,2046-06-28,503.42,residential,India
1,2046-06-29,527.75,residential,India
1,2046-06-30,522.2,residential,India
1,2046-07-01,556.37,residential,India
1,2046-07-02,521.81,residential,India
1,2046-07-03,510.5,residential,India
1,2046-07-04,527.28,residential,India
1,2046-07-05,535.99,residential,India
1,2046-07-06,537.27,residential,India
1,2046-07-07,500.93,residential,India
1,2046-07-08,505.3,residential,India
1,2046-07-09,514.03,residential,India
1,2046-07-10,518.4,residential,India
1,2046-07-11,532.15,residential,India
1,2046-07-12,501.87,residential,India
1,2046-07-13,529.88,residential,India
1,2046-07-14,490.35,residential,India
1,2046-07-15,528.96,residential,India
1,2046-07-16,526.93,residential,India
1,2046-07-17,533.52,residential,India
1,2046-07-18,520.71,residential,India
1,2046-07-19,503.36,residential,India
1,2046-07-20,501.27,residential,India
1,2046-07-21,508.64,residential,India
1,2046-07-22,524.73,residential,India
1,2046-07-23,536.33,residential,India
1,2046-07-24,506.66,residential,India
1,2046-07-25,517.86,residential,India
1,2046-07-26,536.96,residential,India
1,2046-07-27,503.89,residential,India
1,2046-07-28,501.95,residential,India
1,2046-07-29,518.18,residential,India
1,2046-07-30,546.61,residential,India
1,2046-07-31,516.79,residential,India
1,2046-08-01,501.01,residential,India
1,2046-08-02,517.37,residential,India
1,2046-08-03,506.58,residential,India
1,2046-08-04,520.71,residential,India
1,2046-08-05,535.8,residential,India
1,2046-08-06,562.29,residential,India
1,2046-08-07,523.9,residential,India
1,2046-08-08,543.23,residential,India
1,2046-08-09,525.02,residential,India
1,2046-08-10,509.84,residential,India
1,2046-08-11,495.81,residential,India
1,2046-08-12,525.4,residential,India
1,2046-08-13,503.5,residential,India
1,2046-08-14,523.01,residential,India
1,2046-08-15,532.22,residential,India
1,2046-08-16,492.5,residential,India
1,2046-08-17,531.06,residential,India
1,2046-08-18,505.74,residential,India
1,2046-08-19,548.99,residential,India
1,2046-08-20,486.67,residential,India
1,2046-08-21,508.01,residential,India
1,2046-08-22,520.12,residential,India
1,2046-08-23,519.79,residential,India
1,2046-08-24,501.87,residential,India
1,2046-08-25,510.91,residential,India
1,2046-08-26,517.21,residential,India
1,2046-08-27,531.06,residential,India
1,2046-08-28,531.19,residential,India
1,2046-08-29,515.59,residential,India
1,2046-08-30,525.54,residential,India
1,2046-08-31,525.71,residential,India
1,2046-09-01,534.84,residential,India
1,2046-09-02,546.04,residential,India
1,2046-09-03,516.14,residential,India
1,2046-09-04,526.75,residential,India
1,2046-09-05,495.78,residential,India
1,2046-09-06,543.38,residential,India
1,2046-09-07,515.25,residential,India
1,2046-09-08,492.44,residential,India
1,2046-09-09,508.52,residential,India
1,2046-09-10,541.08,residential,India
1,2046-09-11,514.53,residential,India
1,2046-09-12,511.98,residential,India
1,2046-09-13,501.18,residential,India
1,2046-09-14,543.49,residential,India
1,2046-09-15,517.81,residential,India
1,2046-09-16,496.12,residential,India
1,2046-09-17,552.08,residential,India
1,2046-09-18,514.01,residential,India
1,2046-09-19,539.65,residential,India
1,2046-09-20,520.04,residential,India
1,2046-09-21,538.31,residential,India
1,2046-09-22,510.04,residential,India
1,2046-09-23,524.54,residential,India
1,2046-09-24,510.95,residential,India
1,2046-09-25,546.74,residential,India
1,2046-09-26,530.87,residential,India
1,2046-09-27,534.34,residential,India
1,2046-09-28,559.58,residential,India
1,2046-09-29,543.03,residential,India
1,2046-09-30,526.84,residential,India
1,2046-10-01,502.13,residential,India
1,2046-10-02,519.14,residential,India
1,2046-10-03,545.33,residential,India
1,2046-10-04,525.82,residential,India
1,2046-10-05,507.69,residential,India
1,2046-10-06,536.28,residential,India
1,2046-10-07,563.47,residential,India
1,2046-10-08,540.04,residential,India
1,2046-10-09,562.12,residential,India
1,2046-10-10,477.88,residential,India
1,2046-10-11,523.49,residential,India
1,2046-10-12,551.72,residential,India
1,2046-10-13,520.56,residential,India
1,2046-10-14,514.65,residential,India
1,2046-10-15,523.12,residential,India
1,2046-10-16,557.35,residential,India
1,2046-10-17,559.67,residential,India
1,2046-10-18,522.18,residential,India
1,2046-10-19,568.53,residential,India
1,2046-10-20,514.86,residential,India
1,2046-10-21,531.26,residential,India
1,2046-10-22,528.48,residential,India
1,2046-10-23,513.9,residential,India
1,2046-10-24,543.16,residential,India
1,2046-10-25,520.56,residential,India
1,2046-10-26,519.16,residential,India
1,2046-10-27,504.85,residential,India
1,2046-10-28,537.17,residential,India
1,2046-10-29,531.47,residential,India
1,2046-10-30,549.08,residential,India
1,2046-10-31,553.41,residential,India
1,2046-11-01,560.07,residential,India
1,2046-11-02,549.41,residential,India
1,2046-11-03,543.98,residential,India
1,2046-11-04,544.14,residential,India
1,2046-11-05,550.9,residential,India
1,2046-11-06,532.56,residential,India
1,2046-11-07,560.68,residential,India
1,2046-11-08,525.66,residential,India
1,2046-11-09,519.97,residential,India
1,2046-11-10,517.35,residential,India
1,2046-11-11,521.72,residential,India
1,2046-11-12,494.98,residential,India
1,2046-11-13,563.43,residential,India
1,2046-11-14,509.17,residential,India
1,2046-11-15,502.14,residential,India
1,2046-11-16,586.44,residential,India
1,2046-11-17,556.42,residential,India
1,2046-11-18,556.8,residential,India
1,2046-11-19,517.25,residential,India
1,2046-11-20,553.05,residential,India
1,2046-11-21,552.22,residential,India
1,2046-11-22,523.88,residential,India
1,2046-11-23,531.27,residential,India
1,2046-11-24,552.13,residential,India
1,2046-11-25,553.89,residential,India
1,2046-11-26,547.07,residential,India
1,2046-11-27,575.68,residential,India
1,2046-11-28,516.03,residential,India
1,2046-11-29,548.22,residential,India
1,2046-11-30,532.38,residential,India
1,2046-12-01,552.5,residential,India
1,2046-12-02,560.79,residential,India
1,2046-12-03,552.9,residential,India
1,2046-12-04,509.72,residential,India
1,2046-12-05,568.87,residential,India
1,2046-12-06,534.13,residential,India
1,2046-12-07,525.65,residential,India
1,2046-12-08,562.02,residential,India
1,2046-12-09,543.2,residential,India
1,2046-12-10,514.72,residential,India
1,2046-12-11,539.63,residential,India
1,2046-12-12,531.73,residential,India
1,2046-12-13,550.76,residential,India
1,2046-12-14,561.93,residential,India
1,2046-12-15,526.94,residential,India
1,2046-12-16,563.67,residential,India
1,2046-12-17,554.29,residential,India
1,2046-12-18,554.86,residential,India
1,2046-12-19,545.43,residential,India
1,2046-12-20,529.84,residential,India
1,2046-12-21,542.19,residential,India
1,2046-12-22,521.84,residential,India
1,2046-12-23,528.23,residential,India
1,2046-12-24,511.95,residential,India
1,2046-12-25,547.07,residential,India
1,2046-12-26,501.44,residential,India
1,2046-12-27,555.99,residential,India
1,2046-12-28,557.59,residential,India
1,2046-12-29,596.06,residential,India
1,2046-12-30,530.67,residential,India
1,2046-12-31,569.5,residential,India
1,2047-01-01,522.35,residential,India
1,2047-01-02,542.17,residential,India
1,2047-01-03,555.32,residential,India
1,2047-01-04,544.74,residential,India
1,2047-01-05,512.68,residential,India
1,2047-01-06,528.95,residential,India
1,2047-01-07,554.32,residential,India
1,2047-01-08,534.37,residential,India
1,2047-01-09,529.43,residential,India
1,2047-01-10,528.79,residential,India
1,2047-01-11,554.38,residential,India
1,2047-01-12,533.78,residential,India
1,2047-01-13,539.19,residential,India
1,2047-01-14,530.12,residential,India
1,2047-01-15,584.96,residential,India
1,2047-01-16,534.88,residential,India
1,2047-01-17,503.04,residential,India
1,2047-01-18,548.27,residential,India
1,2047-01-19,507.84,residential,India
1,2047-01-20,537.06,residential,India
1,2047-01-21,585.17,residential,India
1,2047-01-22,568.62,residential,India
1,2047-01-23,550.56,residential,India
1,2047-01-24,545.35,residential,India
1,2047-01-25,485.74,residential,India
1,2047-01-26,572.63,residential,India
1,2047-01-27,562.65,residential,India
1,2047-01-28,544.38,residential,India
1,2047-01-29,549.05,residential,India
1,2047-01-30,521.94,residential,India
1,2047-01-31,549.7,residential,India
1,2047-02-01,525.41,residential,India
1,2047-02-02,592.51,residential,India
1,2047-02-03,528.8,residential,India
1,2047-02-04,554.14,residential,India
1,2047-02-05,546.35,residential,India
1,2047-02-06,585.0,residential,India
1,2047-02-07,548.29,residential,India
1,2047-02-08,550.91,residential,India
1,2047-02-09,577.06,residential,India
1,2047-02-10,519.66,residential,India
1,2047-02-11,568.96,residential,India
1,2047-02-12,548.87,residential,India
1,2047-02-13,514.43,residential,India
1,2047-02-14,553.15,residential,India
1,2047-02-15,577.85,residential,India
1,2047-02-16,538.06,residential,India
1,2047-02-17,553.69,residential,India
1,2047-02-18,542.79,residential,India
1,2047-02-19,535.61,residential,India
1,2047-02-20,582.56,residential,India
1,2047-02-21,551.77,residential,India
1,2047-02-22,538.2,residential,India
1,2047-02-23,564.61,residential,India
1,2047-02-24,543.56,residential,India
1,2047-02-25,543.08,residential,India
1,2047-02-26,558.23,residential,India
1,2047-02-27,543.99,residential,India
1,2047-02-28,543.01,residential,India
1,2047-03-01,519.67,residential,India
1,2047-03-02,573.39,residential,India
1,2047-03-03,538.73,residential,India
1,2047-03-04,538.42,residential,India
1,2047-03-05,523.25,residential,India
1,2047-03-06,543.21,residential,India
1,2047-03-07,553.29,residential,India
1,2047-03-08,553.1,residential,India
1,2047-03-09,543.36,residential,India
1,2047-03-10,558.08,residential,India
1,2047-03-11,562.55,residential,India
1,2047-03-12,520.84,residential,India
1,2047-03-13,534.51,residential,India
1,2047-03-14,591.56,residential,India
1,2047-03-15,535.03,residential,India
1,2047-03-16,546.81,residential,India
1,2047-03-17,526.19,residential,India
1,2047-03-18,555.59,residential,India
1,2047-03-19,532.1,residential,India
1,2047-03-20,573.75,residential,India
1,2047-03-21,533.39,residential,India
1,2047-03-22,587.01,residential,India
1,2047-03-23,572.07,residential,India
1,2047-03-24,564.61,residential,India
1,2047-03-25,557.58,residential,India
1,2047-03-26,513.12,residential,India
1,2047-03-27,601.57,residential,India
1,2047-03-28,528.18,residential,India
1,2047-03-29,539.55,residential,India
1,2047-03-30,542.87,residential,India
1,2047-03-31,548.8,residential,India
1,2047-04-01,578.16,residential,India
1,2047-04-02,545.62,residential,India
1,2047-04-03,529.75,residential,India
1,2047-04-04,543.62,residential,India
1,2047-04-05,539.39,residential,India
1,2047-04-06,581.96,residential,India
1,2047-04-07,590.73,residential,India
1,2047-04-08,550.2,residential,India
1,2047-04-09,535.13,residential,India
1,2047-04-10,551.85,residential,India
1,2047-04-11,577.16,residential,India
1,2047-04-12,557.04,residential,India
1,2047-04-13,613.3,residential,India
1,2047-04-14,564.44,residential,India
1,2047-04-15,549.79,residential,India
1,2047-04-16,536.94,residential,India
1,2047-04-17,553.04,residential,India
1,2047-04-18,538.82,residential,India
1,2047-04-19,564.04,residential,India
1,2047-04-20,551.84,residential,India
1,2047-04-21,560.77,residential,India
1,2047-04-22,575.93,residential,India
1,2047-04-23,581.32,residential,India
1,2047-04-24,573.02,residential,India
1,2047-04-25,542.78,residential,India
1,2047-04-26,548.45,residential,India
1,2047-04-27,559.69,residential,India
1,2047-04-28,553.4,residential,India
1,2047-04-29,612.62,residential,India
1,2047-04-30,582.89,residential,India
1,2047-05-01,553.6,residential,India
1,2047-05-02,529.59,residential,India
1,2047-05-03,571.38,residential,India
1,2047-05-04,605.31,residential,India
1,2047-05-05,529.11,residential,India
1,2047-05-06,537.69,residential,India
1,2047-05-07,571.01,residential,India
1,2047-05-08,592.3,residential,India
1,2047-05-09,605.57,residential,India
1,2047-05-10,557.36,residential,India
1,2047-05-11,558.06,residential,India
1,2047-05-12,577.16,residential,India
1,2047-05-13,573.66,residential,India
1,2047-05-14,549.26,residential,India
1,2047-05-15,587.04,residential,India
1,2047-05-16,571.2,residential,India
1,2047-05-17,547.76,residential,India
1,2047-05-18,583.63,residential,India
1,2047-05-19,539.44,residential,India
1,2047-05-20,537.17,residential,India
1,2047-05-21,587.13,residential,India
1,2047-05-22,557.47,residential,India
1,2047-05-23,559.92,residential,India
1,2047-05-24,566.51,residential,India
1,2047-05-25,575.0,residential,India
1,2047-05-26,540.47,residential,India
1,2047-05-27,614.31,residential,India
1,2047-05-28,548.4,residential,India
1,2047-05-29,590.53,residential,India
1,2047-05-30,525.62,residential,India
1,2047-05-31,565.03,residential,India
1,2047-06-01,587.9,residential,India
1,2047-06-02,548.03,residential,India
1,2047-06-03,585.54,residential,India
1,2047-06-04,550.76,residential,India
1,2047-06-05,546.02,residential,India
1,2047-06-06,594.13,residential,India
1,2047-06-07,564.52,residential,India
1,2047-06-08,553.85,residential,India
1,2047-06-09,587.73,residential,India
1,2047-06-10,567.84,residential,India
1,2047-06-11,570.98,residential,India
1,2047-06-12,594.31,residential,India
1,2047-06-13,569.75,residential,India
1,2047-06-14,571.08,residential,India
1,2047-06-15,557.9,residential,India
1,2047-06-16,566.81,residential,India
1,2047-06-17,559.03,residential,India
1,2047-06-18,611.42,residential,India
1,2047-06-19,566.84,residential,India
1,2047-06-20,509.63,residential,India
1,2047-06-21,541.94,residential,India
1,2047-06-22,574.78,residential,India
1,2047-06-23,553.6,residential,India
1,2047-06-24,566.72,residential,India
1,2047-06-25,548.29,residential,India
1,2047-06-26,555.2,residential,India
1,2047-06-27,549.6,residential,India
1,2047-06-28,578.74,residential,India
1,2047-06-29,568.46,residential,India
1,2047-06-30,574.57,residential,India
1,2047-07-01,554.48,residential,India
1,2047-07-02,562.53,residential,India
1,2047-07-03,550.53,residential,India
1,2047-07-04,579.05,residential,India
1,2047-07-05,549.98,residential,India
1,2047-07-06,580.62,residential,India
1,2047-07-07,577.27,residential,India
1,2047-07-08,555.41,residential,India
1,2047-07-09,577.97,residential,India
1,2047-07-10,538.01,residential,India
1,2047-07-11,578.03,residential,India
1,2047-07-12,592.05,residential,India
1,2047-07-13,569.35,residential,India
1,2047-07-14,569.82,residential,India
1,2047-07-15,583.71,residential,India
1,2047-07-16,570.18,residential,India
1,2047-07-17,560.83,residential,India
1,2047-07-18,539.09,residential,India
1,2047-07-19,581.7,residential,India
1,2047-07-20,572.89,residential,India
1,2047-07-21,542.89,residential,India
1,2047-07-22,546.66,residential,India
1,2047-07-23,539.27,residential,India
1,2047-07-24,560.92,residential,India
1,2047-07-25,534.37,residential,India
1,2047-07-26,550.42,residential,India
1,2047-07-27,595.29,residential,India
1,2047-07-28,558.62,residential,India
1,2047-07-29,546.97,residential,India
1,2047-07-30,592.25,residential,India
1,2047-07-31,580.84,residential,India
1,2047-08-01,594.83,residential,India
1,2047-08-02,582.43,residential,India
1,2047-08-03,561.14,residential,India
1,2047-08-04,569.21,residential,India
1,2047-08-05,606.37,residential,India
1,2047-08-06,601.29,residential,India
1,2047-08-07,589.8,residential,India
1,2047-08-08,570.75,residential,India
1,2047-08-09,576.42,residential,India
1,2047-08-10,552.33,residential,India
1,2047-08-11,603.51,residential,India
1,2047-08-12,580.05,residential,India
1,2047-08-13,557.03,residential,India
1,2047-08-14,545.33,residential,India
1,2047-08-15,575.47,residential,India
1,2047-08-16,565.53,residential,India
1,2047-08-17,559.44,residential,India
1,2047-08-18,584.85,residential,India
1,2047-08-19,584.62,residential,India
1,2047-08-20,599.83,residential,India
1,2047-08-21,587.83,residential,India
1,2047-08-22,613.1,residential,India
1,2047-08-23,543.89,residential,India
1,2047-08-24,629.51,residential,India
1,2047-08-25,596.29,residential,India
1,2047-08-26,596.15,residential,India
1,2047-08-27,603.86,residential,India
1,2047-08-28,559.93,residential,India
1,2047-08-29,551.07,residential,India
1,2047-08-30,579.3,residential,India
1,2047-08-31,572.88,residential,India
1,2047-09-01,545.0,residential,India
1,2047-09-02,552.52,residential,India
1,2047-09-03,561.96,residential,India
1,2047-09-04,568.36,residential,India
1,2047-09-05,564.43,residential,India
1,2047-09-06,584.02,residential,India
1,2047-09-07,544.22,residential,India
1,2047-09-08,608.92,residential,India
1,2047-09-09,553.5,residential,India
1,2047-09-10,563.64,residential,India
1,2047-09-11,546.26,residential,India
1,2047-09-12,595.04,residential,India
1,2047-09-13,573.12,residential,India
1,2047-09-14,577.39,residential,India
1,2047-09-15,618.32,residential,India
1,2047-09-16,619.87,residential,India
1,2047-09-17,571.85,residential,India
1,2047-09-18,597.14,residential,India
1,2047-09-19,575.11,residential,India
1,2047-09-20,554.03,residential,India
1,2047-09-21,579.26,residential,India
1,2047-09-22,564.03,residential,India
1,2047-09-23,558.28,residential,India
1,2047-09-24,614.95,residential,India
1,2047-09-25,569.57,residential,India
1,2047-09-26,565.91,residential,India
1,2047-09-27,590.53,residential,India
1,2047-09-28,580.33,residential,India
1,2047-09-29,598.52,residential,India
1,2047-09-30,589.7,residential,India
1,2047-10-01,587.85,residential,India
1,2047-10-02,575.71,residential,India
1,2047-10-03,600.9,residential,India
1,2047-10-04,582.97,residential,India
1,2047-10-05,570.83,residential,India
1,2047-10-06,612.44,residential,India
1,2047-10-07,565.42,residential,India
1,2047-10-08,566.47,residential,India
1,2047-10-09,588.79,residential,India
1,2047-10-10,564.91,residential,India
1,2047-10-11,565.53,residential,India
1,2047-10-12,616.35,residential,India
1,2047-10-13,528.92,residential,India
1,2047-10-14,587.57,residential,India
1,2047-10-15,598.69,residential,India
1,2047-10-16,597.23,residential,India
1,2047-10-17,584.56,residential,India
1,2047-10-18,584.67,residential,India
1,2047-10-19,568.26,residential,India
1,2047-10-20,560.56,residential,India
1,2047-10-21,593.21,residential,India
1,2047-10-22,595.98,residential,India
1,2047-10-23,579.87,residential,India
1,2047-10-24,553.47,residential,India
1,2047-10-25,571.08,residential,India
1,2047-10-26,575.22,residential,India
1,2047-10-27,547.02,residential,India
1,2047-10-28,589.0,residential,India
1,2047-10-29,619.14,residential,India
1,2047-10-30,596.03,residential,India
1,2047-10-31,597.05,residential,India
1,2047-11-01,608.6,residential,India
1,2047-11-02,580.18,residential,India
1,2047-11-03,569.09,residential,India
1,2047-11-04,577.78,residential,India
1,2047-11-05,575.7,residential,India
1,2047-11-06,591.44,residential,India
1,2047-11-07,583.97,residential,India
1,2047-11-08,581.5,residential,India
1,2047-11-09,584.64,residential,India
1,2047-11-10,573.46,residential,India
1,2047-11-11,607.87,residential,India
1,2047-11-12,563.73,residential,India
1,2047-11-13,582.15,residential,India
1,2047-11-14,592.13,residential,India
1,2047-11-15,587.8,residential,India
1,2047-11-16,584.26,residential,India
1,2047-11-17,554.22,residential,India
1,2047-11-18,613.98,residential,India
1,2047-11-19,624.05,residential,India
1,2047-11-20,593.76,residential,India
1,2047-11-21,597.06,residential,India
1,2047-11-22,594.8,residential,India
1,2047-11-23,604.73,residential,India
1,2047-11-24,568.18,residential,India
1,2047-11-25,547.56,residential,India
1,2047-11-26,585.18,residential,India
1,2047-11-27,585.22,residential,India
1,2047-11-28,583.59,residential,India
1,2047-11-29,571.86,residential,India
1,2047-11-30,589.75,residential,India
1,2047-12-01,573.01,residential,India
1,2047-12-02,575.34,residential,India
1,2047-12-03,615.39,residential,India
1,2047-12-04,585.99,residential,India
1,2047-12-05,590.55,residential,India
1,2047-12-06,591.6,residential,India
1,2047-12-07,589.8,residential,India
1,2047-12-08,583.2,residential,India
1,2047-12-09,587.94,residential,India
1,2047-12-10,606.51,residential,India
1,2047-12-11,597.12,residential,India
1,2047-12-12,606.29,residential,India
1,2047-12-13,603.53,residential,India
1,2047-12-14,576.41,residential,India
1,2047-12-15,601.48,residential,India
1,2047-12-16,577.65,residential,India
1,2047-12-17,560.99,residential,India
1,2047-12-18,601.68,residential,India
1,2047-12-19,570.55,residential,India
1,2047-12-20,596.08,residential,India
1,2047-12-21,588.56,residential,India
1,2047-12-22,588.69,residential,India
1,2047-12-23,609.14,residential,India
1,2047-12-24,591.62,residential,India
1,2047-12-25,570.77,residential,India
1,2047-12-26,554.36,residential,India
1,2047-12-27,599.16,residential,India
1,2047-12-28,593.91,residential,India
1,2047-12-29,616.08,residential,India
1,2047-12-30,565.77,residential,India
1,2047-12-31,593.54,residential,India
1,2048-01-01,605.75,residential,India
1,2048-01-02,596.46,residential,India
1,2048-01-03,593.82,residential,India
1,2048-01-04,638.25,residential,India
1,2048-01-05,604.9,residential,India
1,2048-01-06,596.48,residential,India
1,2048-01-07,585.26,residential,India
1,2048-01-08,584.06,residential,India
1,2048-01-09,591.49,residential,India
1,2048-01-10,576.63,residential,India
1,2048-01-11,584.17,residential,India
1,2048-01-12,583.41,residential,India
1,2048-01-13,615.97,residential,India
1,2048-01-14,625.57,residential,India
1,2048-01-15,603.99,residential,India
1,2048-01-16,579.52,residential,India
1,2048-01-17,600.94,residential,India
1,2048-01-18,603.81,residential,India
1,2048-01-19,577.26,residential,India
1,2048-01-20,595.5,residential,India
1,2048-01-21,598.23,residential,India
1,2048-01-22,604.48,residential,India
1,2048-01-23,568.93,residential,India
1,2048-01-24,549.9,residential,India
1,2048-01-25,592.87,residential,India
1,2048-01-26,579.53,residential,India
1,2048-01-27,582.82,residential,India
1,2048-01-28,598.51,residential,India
1,2048-01-29,588.99,residential,India
1,2048-01-30,607.28,residential,India
1,2048-01-31,609.44,residential,India
1,2048-02-01,586.57,residential,India
1,2048-02-02,595.35,residential,India
1,2048-02-03,602.08,residential,India
1,2048-02-04,624.61,residential,India
1,2048-02-05,588.49,residential,India
1,2048-02-06,568.85,residential,India
1,2048-02-07,616.47,residential,India
1,2048-02-08,595.89,residential,India
1,2048-02-09,598.9,residential,India
1,2048-02-10,551.61,residential,India
1,2048-02-11,586.33,residential,India
1,2048-02-12,585.82,residential,India
1,2048-02-13,579.23,residential,India
1,2048-02-14,618.4,residential,India
1,2048-02-15,623.42,residential,India
1,2048-02-16,577.2,residential,India
1,2048-02-17,597.15,residential,India
1,2048-02-18,598.32,residential,India
1,2048-02-19,596.31,residential,India
1,2048-02-20,619.47,residential,India
1,2048-02-21,626.38,residential,India
1,2048-02-22,586.98,residential,India
1,2048-02-23,572.99,residential,India
1,2048-02-24,588.5,residential,India
1,2048-02-25,582.34,residential,India
1,2048-02-26,593.73,residential,India
1,2048-02-27,625.34,residential,India
1,2048-02-28,606.66,residential,India
1,2048-02-29,606.13,residential,India
1,2048-03-01,620.81,residential,India
1,2048-03-02,641.13,residential,India
1,2048-03-03,606.77,residential,India
1,2048-03-04,600.7,residential,India
1,2048-03-05,598.14,residential,India
1,2048-03-06,578.76,residential,India
1,2048-03-07,588.95,residential,India
1,2048-03-08,622.5,residential,India
1,2048-03-09,572.76,residential,India
1,2048-03-10,603.21,residential,India
1,2048-03-11,627.96,residential,India
1,2048-03-12,593.16,residential,India
1,2048-03-13,560.85,residential,India
1,2048-03-14,600.19,residential,India
1,2048-03-15,622.44,residential,India
1,2048-03-16,590.33,residential,India
1,2048-03-17,625.14,residential,India
1,2048-03-18,578.75,residential,India
1,2048-03-19,592.2,residential,India
1,2048-03-20,580.43,residential,India
1,2048-03-21,625.93,residential,India
1,2048-03-22,600.9,residential,India
1,2048-03-23,574.06,residential,India
1,2048-03-24,584.28,residential,India
1,2048-03-25,619.95,residential,India
1,2048-03-26,571.91,residential,India
1,2048-03-27,627.07,residential,India
1,2048-03-28,604.87,residential,India
1,2048-03-29,600.02,residential,India
1,2048-03-30,568.94,residential,India
1,2048-03-31,583.26,residential,India
1,2048-04-01,595.01,residential,India
1,2048-04-02,609.1,residential,India
1,2048-04-03,571.07,residential,India
1,2048-04-04,589.37,residential,India
1,2048-04-05,614.38,residential,India
1,2048-04-06,566.75,residential,India
1,2048-04-07,606.41,residential,India
1,2048-04-08,623.07,residential,India
1,2048-04-09,601.9,residential,India
1,2048-04-10,591.47,residential,India
1,2048-04-11,609.75,residential,India
1,2048-04-12,609.1,residential,India
1,2048-04-13,567.75,residential,India
1,2048-04-14,559.24,residential,India
1,2048-04-15,608.19,residential,India
1,2048-04-16,634.7,residential,India
1,2048-04-17,596.26,residential,India
1,2048-04-18,604.92,residential,India
1,2048-04-19,573.99,residential,India
1,2048-04-20,603.06,residential,India
1,2048-04-21,632.64,residential,India
1,2048-04-22,572.62,residential,India
1,2048-04-23,634.33,residential,India
1,2048-04-24,624.29,residential,India
1,2048-04-25,611.71,residential,India
1,2048-04-26,648.8,residential,India
1,2048-04-27,595.46,residential,India
1,2048-04-28,606.47,residential,India
1,2048-04-29,623.23,residential,India
1,2048-04-30,609.11,residential,India
1,2048-05-01,607.63,residential,India
1,2048-05-02,611.35,residential,India
1,2048-05-03,594.02,residential,India
1,2048-05-04,565.54,residential,India
1,2048-05-05,595.06,residential,India
1,2048-05-06,611.56,residential,India
1,2048-05-07,615.35,residential,India
1,2048-05-08,587.86,residential,India
1,2048-05-09,576.09,residential,India
1,2048-05-10,597.58,residential,India
1,2048-05-11,592.89,residential,India
1,2048-05-12,623.47,residential,India
1,2048-05-13,635.18,residential,India
1,2048-05-14,601.96,residential,India
1,2048-05-15,599.85,residential,India
1,2048-05-16,595.13,residential,India
1,2048-05-17,633.34,residential,India
1,2048-05-18,589.23,residential,India
1,2048-05-19,632.21,residential,India
1,2048-05-20,649.31,residential,India
1,2048-05-21,591.52,residential,India
1,2048-05-22,602.86,residential,India
1,2048-05-23,621.7,residential,India
1,2048-05-24,592.79,residential,India
1,2048-05-25,576.91,residential,India
1,2048-05-26,614.09,residential,India
1,2048-05-27,594.96,residential,India
1,2048-05-28,604.11,residential,India
1,2048-05-29,579.23,residential,India
1,2048-05-30,601.07,residential,India
1,2048-05-31,597.56,residential,India
1,2048-06-01,615.27,residential,India
1,2048-06-02,608.28,residential,India
1,2048-06-03,605.55,residential,India
1,2048-06-04,605.19,residential,India
1,2048-06-05,602.36,residential,India
1,2048-06-06,608.03,residential,India
1,2048-06-07,643.4,residential,India
1,2048-06-08,597.22,residential,India
1,2048-06-09,619.3,residential,India
1,2048-06-10,613.99,residential,India
1,2048-06-11,579.52,residential,India
1,2048-06-12,594.5,residential,India
1,2048-06-13,610.57,residential,India
1,2048-06-14,632.23,residential,India
1,2048-06-15,629.82,residential,India
1,2048-06-16,606.5,residential,India
1,2048-06-17,617.75,residential,India
1,2048-06-18,587.58,residential,India
1,2048-06-19,612.09,residential,India
1,2048-06-20,593.59,residential,India
1,2048-06-21,620.48,residential,India
1,2048-06-22,623.81,residential,India
1,2048-06-23,614.4,residential,India
1,2048-06-24,588.73,residential,India
1,2048-06-25,601.52,residential,India
1,2048-06-26,602.47,residential,India
1,2048-06-27,609.78,residential,India
1,2048-06-28,605.89,residential,India
1,2048-06-29,581.96,residential,India
1,2048-06-30,622.12,residential,India
1,2048-07-01,646.62,residential,India
1,2048-07-02,595.92,residential,India
1,2048-07-03,602.12,residential,India
1,2048-07-04,603.22,residential,India
1,2048-07-05,564.08,residential,India
1,2048-07-06,599.87,residential,India
1,2048-07-07,615.28,residential,India
1,2048-07-08,608.56,residential,India
1,2048-07-09,613.45,residential,India
1,2048-07-10,607.82,residential,India
1,2048-07-11,591.87,residential,India
1,2048-07-12,616.1,residential,India
1,2048-07-13,607.43,residential,India
1,2048-07-14,615.02,residential,India
1,2048-07-15,622.69,residential,India
1,2048-07-16,600.43,residential,India
1,2048-07-17,624.64,residential,India
1,2048-07-18,599.02,residential,India
1,2048-07-19,599.68,residential,India
1,2048-07-20,612.87,residential,India
1,2048-07-21,612.54,residential,India
1,2048-07-22,621.09,residential,India
1,2048-07-23,629.25,residential,India
1,2048-07-24,645.81,residential,India
1,2048-07-25,625.94,residential,India
1,2048-07-26,599.63,residential,India
1,2048-07-27,620.8,residential,India
1,2048-07-28,642.62,residential,India
1,2048-07-29,610.9,residential,India
1,2048-07-30,599.95,residential,India
1,2048-07-31,622.87,residential,India
1,2048-08-01,636.3,residential,India
1,2048-08-02,665.87,residential,India
1,2048-08-03,634.24,residential,India
1,2048-08-04,605.35,residential,India
1,2048-08-05,608.53,residential,India
1,2048-08-06,616.6,residential,India
1,2048-08-07,624.02,residential,India
1,2048-08-08,612.96,residential,India
1,2048-08-09,591.34,residential,India
1,2048-08-10,621.19,residential,India
1,2048-08-11,595.99,residential,India
1,2048-08-12,635.71,residential,India
1,2048-08-13,595.77,residential,India
1,2048-08-14,615.97,residential,India
1,2048-08-15,589.01,residential,India
1,2048-08-16,594.67,residential,India
1,2048-08-17,599.47,residential,India
1,2048-08-18,599.73,residential,India
1,2048-08-19,607.63,residential,India
1,2048-08-20,584.16,residential,India
1,2048-08-21,633.1,residential,India
1,2048-08-22,598.56,residential,India
1,2048-08-23,599.98,residential,India
1,2048-08-24,601.93,residential,India
1,2048-08-25,647.49,residential,India
1,2048-08-26,625.95,residential,India
1,2048-08-27,633.71,residential,India
1,2048-08-28,608.94,residential,India
1,2048-08-29,621.83,residential,India
1,2048-08-30,635.53,residential,India
1,2048-08-31,623.36,residential,India
1,2048-09-01,630.54,residential,India
1,2048-09-02,602.32,residential,India
1,2048-09-03,593.0,residential,India
1,2048-09-04,600.14,residential,India
1,2048-09-05,598.26,residential,India
1,2048-09-06,598.57,residential,India
1,2048-09-07,615.28,residential,India
1,2048-09-08,605.41,residential,India
1,2048-09-09,623.49,residential,India
1,2048-09-10,614.85,residential,India
1,2048-09-11,589.81,residential,India
1,2048-09-12,605.17,residential,India
1,2048-09-13,596.91,residential,India
1,2048-09-14,593.02,residential,India
1,2048-09-15,642.4,residential,India
1,2048-09-16,628.64,residential,India
1,2048-09-17,617.52,residential,India
1,2048-09-18,609.01,residential,India
1,2048-09-19,621.4,residential,India
1,2048-09-20,599.91,residential,India
1,2048-09-21,608.97,residential,India
1,2048-09-22,565.2,residential,India
1,2048-09-23,588.51,residential,India
1,2048-09-24,585.13,residential,India
1,2048-09-25,625.41,residential,India
1,2048-09-26,579.7,residential,India
1,2048-09-27,587.35,residential,India
1,2048-09-28,637.72,residential,India
1,2048-09-29,601.31,residential,India
1,2048-09-30,624.73,residential,India
1,2048-10-01,561.18,residential,India
1,2048-10-02,589.34,residential,India
1,2048-10-03,623.67,residential,India
1,2048-10-04,593.46,residential,India
1,2048-10-05,583.19,residential,India
1,2048-10-06,596.57,residential,India
1,2048-10-07,601.18,residential,India
1,2048-10-08,637.38,residential,India
1,2048-10-09,629.12,residential,India
1,2048-10-10,582.91,residential,India
1,2048-10-11,636.6,residential,India
1,2048-10-12,635.92,residential,India
1,2048-10-13,641.93,residential,India
1,2048-10-14,596.09,residential,India
1,2048-10-15,590.75,residential,India
1,2048-10-16,631.86,residential,India
1,2048-10-17,606.25,residential,India
1,2048-10-18,623.9,residential,India
1,2048-10-19,637.34,residential,India
1,2048-10-20,629.86,residential,India
1,2048-10-21,625.52,residential,India
1,2048-10-22,622.81,residential,India
1,2048-10-23,595.9,residential,India
1,2048-10-24,630.83,residential,India
1,2048-10-25,651.39,residential,India
1,2048-10-26,610.61,residential,India
1,2048-10-27,619.7,residential,India
1,2048-10-28,605.98,residential,India
1,2048-10-29,606.42,residential,India
1,2048-10-30,623.03,residential,India
1,2048-10-31,572.55,residential,India
1,2048-11-01,624.16,residential,India
1,2048-11-02,653.41,residential,India
1,2048-11-03,581.68,residential,India
1,2048-11-04,587.33,residential,India
1,2048-11-05,645.58,residential,India
1,2048-11-06,628.87,residential,India
1,2048-11-07,614.35,residential,India
1,2048-11-08,668.79,residential,India
1,2048-11-09,620.32,residential,India
1,2048-11-10,609.13,residential,India
1,2048-11-11,631.07,residential,India
1,2048-11-12,590.58,residential,India
1,2048-11-13,646.4,residential,India
1,2048-11-14,594.52,residential,India
1,2048-11-15,644.28,residential,India
1,2048-11-16,619.25,residential,India
1,2048-11-17,610.86,residential,India
1,2048-11-18,646.22,residential,India
1,2048-11-19,664.79,residential,India
1,2048-11-20,624.07,residential,India
1,2048-11-21,606.02,residential,India
1,2048-11-22,608.76,residential,India
1,2048-11-23,633.44,residential,India
1,2048-11-24,593.96,residential,India
1,2048-11-25,591.99,residential,India
1,2048-11-26,615.58,residential,India
1,2048-11-27,621.64,residential,India
1,2048-11-28,619.19,residential,India
1,2048-11-29,638.75,residential,India
1,2048-11-30,574.68,residential,India
1,2048-12-01,636.49,residential,India
1,2048-12-02,623.08,residential,India
1,2048-12-03,594.06,residential,India
1,2048-12-04,607.62,residential,India
1,2048-12-05,596.79,residential,India
1,2048-12-06,584.73,residential,India
1,2048-12-07,619.53,residential,India
1,2048-12-08,580.09,residential,India
1,2048-12-09,619.18,residential,India
1,2048-12-10,617.12,residential,India
1,2048-12-11,671.52,residential,India
1,2048-12-12,633.25,residential,India
1,2048-12-13,608.8,residential,India
1,2048-12-14,622.92,residential,India
1,2048-12-15,611.83,residential,India
1,2048-12-16,651.09,residential,India
1,2048-12-17,624.5,residential,India
1,2048-12-18,605.93,residential,India
1,2048-12-19,606.18,residential,India
1,2048-12-20,603.69,residential,India
1,2048-12-21,624.65,residential,India
1,2048-12-22,621.75,residential,India
1,2048-12-23,643.09,residential,India
1,2048-12-24,644.6,residential,India
1,2048-12-25,621.86,residential,India
1,2048-12-26,602.13,residential,India
1,2048-12-27,630.37,residential,India
1,2048-12-28,608.83,residential,India
1,2048-12-29,636.55,residential,India
1,2048-12-30,634.04,residential,India
1,2048-12-31,658.91,residential,India
1,2049-01-01,588.54,residential,India
1,2049-01-02,630.55,residential,India
1,2049-01-03,640.12,residential,India
1,2049-01-04,613.31,residential,India
1,2049-01-05,622.46,residential,India
1,2049-01-06,631.1,residential,India
1,2049-01-07,581.65,residential,India
1,2049-01-08,623.8,residential,India
1,2049-01-09,629.7,residential,India
1,2049-01-10,645.94,residential,India
1,2049-01-11,599.36,residential,India
1,2049-01-12,627.05,residential,India
1,2049-01-13,631.77,residential,India
1,2049-01-14,649.75,residential,India
1,2049-01-15,599.91,residential,India
1,2049-01-16,634.41,residential,India
1,2049-01-17,588.92,residential,India
1,2049-01-18,623.62,residential,India
1,2049-01-19,607.94,residential,India
1,2049-01-20,601.43,residential,India
1,2049-01-21,641.21,residential,India
1,2049-01-22,608.29,residential,India
1,2049-01-23,606.9,residential,India
1,2049-01-24,651.43,residential,India
1,2049-01-25,628.63,residential,India
1,2049-01-26,587.11,residential,India
1,2049-01-27,624.38,residential,India
1,2049-01-28,649.19,residential,India
1,2049-01-29,607.02,residential,India
1,2049-01-30,653.42,residential,India
1,2049-01-31,640.72,residential,India
1,2049-02-01,613.85,residential,India
1,2049-02-02,605.99,residential,India
1,2049-02-03,637.19,residential,India
1,2049-02-04,606.62,residential,India
1,2049-02-05,614.61,residential,India
1,2049-02-06,627.46,residential,India
1,2049-02-07,638.71,residential,India
1,2049-02-08,626.54,residential,India
1,2049-02-09,611.72,residential,India
1,2049-02-10,637.96,residential,India
1,2049-02-11,622.33,residential,India
1,2049-02-12,603.51,residential,India
1,2049-02-13,594.68,residential,India
1,2049-02-14,608.3,residential,India
1,2049-02-15,631.65,residential,India
1,2049-02-16,649.54,residential,India
1,2049-02-17,645.42,residential,India
1,2049-02-18,629.04,residential,India
1,2049-02-19,587.65,residential,India
1,2049-02-20,606.34,residential,India
1,2049-02-21,586.62,residential,India
1,2049-02-22,610.58,residential,India
1,2049-02-23,650.86,residential,India
1,2049-02-24,668.92,residential,India
1,2049-02-25,608.33,residential,India
1,2049-02-26,612.65,residential,India
1,2049-02-27,591.65,residential,India
1,2049-02-28,612.57,residential,India
1,2049-03-01,655.92,residential,India
1,2049-03-02,598.28,residential,India
1,2049-03-03,582.64,residential,India
1,2049-03-04,626.9,residential,India
1,2049-03-05,643.45,residential,India
1,2049-03-06,612.95,residential,India
1,2049-03-07,625.25,residential,India
1,2049-03-08,619.3,residential,India
1,2049-03-09,651.6,residential,India
1,2049-03-10,641.31,residential,India
1,2049-03-11,639.67,residential,India
1,2049-03-12,614.87,residential,India
1,2049-03-13,630.41,residential,India
1,2049-03-14,589.14,residential,India
1,2049-03-15,590.12,residential,India
1,2049-03-16,659.99,residential,India
1,2049-03-17,611.33,residential,India
1,2049-03-18,617.68,residential,India
1,2049-03-19,634.16,residential,India
1,2049-03-20,615.72,residential,India
1,2049-03-21,639.87,residential,India
1,2049-03-22,627.05,residential,India
1,2049-03-23,602.18,residential,India
1,2049-03-24,650.5,residential,India
1,2049-03-25,620.55,residential,India
1,2049-03-26,607.18,residential,India
1,2049-03-27,649.39,residential,India
1,2049-03-28,606.29,residential,India
1,2049-03-29,630.32,residential,India
1,2049-03-30,637.14,residential,India
1,2049-03-31,621.27,residential,India
1,2049-04-01,622.08,residential,India
1,2049-04-02,624.1,residential,India
1,2049-04-03,619.39,residential,India
1,2049-04-04,639.84,residential,India
1,2049-04-05,584.38,residential,India
1,2049-04-06,634.56,residential,India
1,2049-04-07,610.71,residential,India
1,2049-04-08,620.0,residential,India
1,2049-04-09,633.75,residential,India
1,2049-04-10,609.35,residential,India
1,2049-04-11,633.45,residential,India
1,2049-04-12,584.39,residential,India
1,2049-04-13,600.26,residential,India
1,2049-04-14,623.8,residential,India
1,2049-04-15,637.07,residential,India
1,2049-04-16,658.38,residential,India
1,2049-04-17,620.9,residential,India
1,2049-04-18,641.88,residential,India
1,2049-04-19,596.65,residential,India
1,2049-04-20,619.07,residential,India
1,2049-04-21,632.03,residential,India
1,2049-04-22,605.98,residential,India
1,2049-04-23,605.16,residential,India
1,2049-04-24,586.63,residential,India
1,2049-04-25,603.02,residential,India
1,2049-04-26,589.29,residential,India
1,2049-04-27,628.32,residential,India
1,2049-04-28,625.04,residential,India
1,2049-04-29,593.39,residential,India
1,2049-04-30,612.77,residential,India
1,2049-05-01,666.26,residential,India
1,2049-05-02,640.83,residential,India
1,2049-05-03,599.65,residential,India
1,2049-05-04,606.38,residential,India
1,2049-05-05,597.63,residential,India
1,2049-05-06,623.17,residential,India
1,2049-05-07,607.38,residential,India
1,2049-05-08,628.21,residential,India
1,2049-05-09,636.46,residential,India
1,2049-05-10,612.0,residential,India
1,2049-05-11,650.86,residential,India
1,2049-05-12,615.01,residential,India
1,2049-05-13,615.1,residential,India
1,2049-05-14,582.09,residential,India
1,2049-05-15,622.7,residential,India
1,2049-05-16,631.6,residential,India
1,2049-05-17,606.98,residential,India
1,2049-05-18,613.68,residential,India
1,2049-05-19,588.35,residential,India
1,2049-05-20,609.64,residential,India
1,2049-05-21,615.59,residential,India
1,2049-05-22,606.4,residential,India
1,2049-05-23,628.68,residential,India
1,2049-05-24,627.57,residential,India
1,2049-05-25,595.36,residential,India
1,2049-05-26,620.87,residential,India
1,2049-05-27,608.54,residential,India
1,2049-05-28,604.44,residential,India
1,2049-05-29,653.79,residential,India
1,2049-05-30,642.73,residential,India
1,2049-05-31,627.06,residential,India
1,2049-06-01,659.1,residential,India
1,2049-06-02,661.47,residential,India
1,2049-06-03,637.09,residential,India
1,2049-06-04,630.75,residential,India
1,2049-06-05,614.75,residential,India
1,2049-06-06,644.91,residential,India
1,2049-06-07,630.6,residential,India
1,2049-06-08,608.24,residential,India
1,2049-06-09,628.22,residential,India
1,2049-06-10,617.38,residential,India
1,2049-06-11,621.77,residential,India
1,2049-06-12,611.94,residential,India
1,2049-06-13,596.75,residential,India
1,2049-06-14,620.29,residential,India
1,2049-06-15,610.99,residential,India
1,2049-06-16,623.18,residential,India
1,2049-06-17,617.67,residential,India
1,2049-06-18,615.2,residential,India
1,2049-06-19,595.0,residential,India
1,2049-06-20,622.41,residential,India
1,2049-06-21,607.93,residential,India
1,2049-06-22,586.77,residential,India
1,2049-06-23,613.17,residential,India
1,2049-06-24,601.3,residential,India
1,2049-06-25,618.82,residential,India
1,2049-06-26,585.21,residential,India
1,2049-06-27,615.71,residential,India
1,2049-06-28,616.53,residential,India
1,2049-06-29,626.59,residential,India
1,2049-06-30,630.7,residential,India
1,2049-07-01,630.97,residential,India
1,2049-07-02,654.19,residential,India
1,2049-07-03,618.4,residential,India
1,2049-07-04,640.85,residential,India
1,2049-07-05,605.68,residential,India
1,2049-07-06,654.22,residential,India
1,2049-07-07,600.64,residential,India
1,2049-07-08,624.7,residential,India
1,2049-07-09,627.04,residential,India
1,2049-07-10,632.8,residential,India
1,2049-07-11,588.94,residential,India
1,2049-07-12,622.74,residential,India
1,2049-07-13,605.36,residential,India
1,2049-07-14,571.44,residential,India
1,2049-07-15,603.95,residential,India
1,2049-07-16,596.23,residential,India
1,2049-07-17,602.58,residential,India
1,2049-07-18,563.84,residential,India
1,2049-07-19,571.76,residential,India
1,2049-07-20,603.16,residential,India
1,2049-07-21,605.86,residential,India
1,2049-07-22,634.28,residential,India
1,2049-07-23,622.19,residential,India
1,2049-07-24,641.66,residential,India
1,2049-07-25,611.08,residential,India
1,2049-07-26,614.79,residential,India
1,2049-07-27,616.35,residential,India
1,2049-07-28,623.04,residential,India
1,2049-07-29,658.13,residential,India
1,2049-07-30,660.18,residential,India
1,2049-07-31,641.11,residential,India
1,2049-08-01,602.84,residential,India
1,2049-08-02,606.27,residential,India
1,2049-08-03,588.76,residential,India
1,2049-08-04,640.29,residential,India
1,2049-08-05,619.63,residential,India
1,2049-08-06,647.49,residential,India
1,2049-08-07,605.36,residential,India
1,2049-08-08,609.74,residential,India
1,2049-08-09,617.76,residential,India
1,2049-08-10,637.98,residential,India
1,2049-08-11,611.0,residential,India
1,2049-08-12,626.58,residential,India
1,2049-08-13,654.18,residential,India
1,2049-08-14,599.15,residential,India
1,2049-08-15,670.78,residential,India
1,2049-08-16,572.92,residential,India
1,2049-08-17,628.15,residential,India
1,2049-08-18,584.78,residential,India
1,2049-08-19,559.38,residential,India
1,2049-08-20,623.12,residential,India
1,2049-08-21,585.94,residential,India
1,2049-08-22,603.45,residential,India
1,2049-08-23,636.86,residential,India
1,2049-08-24,627.41,residential,India
1,2049-08-25,625.44,residential,India
1,2049-08-26,609.29,residential,India
1,2049-08-27,614.6,residential,India
1,2049-08-28,602.96,residential,India
1,2049-08-29,586.84,residential,India
1,2049-08-30,663.95,residential,India
1,2049-08-31,596.77,residential,India
1,2049-09-01,623.01,residential,India
1,2049-09-02,626.0,residential,India
1,2049-09-03,649.48,residential,India
1,2049-09-04,631.73,residential,India
1,2049-09-05,614.47,residential,India
1,2049-09-06,615.18,residential,India
1,2049-09-07,644.44,residential,India
1,2049-09-08,664.03,residential,India
1,2049-09-09,583.63,residential,India
1,2049-09-10,608.25,residential,India
1,2049-09-11,595.3,residential,India
1,2049-09-12,595.07,residential,India
1,2049-09-13,627.71,residential,India
1,2049-09-14,613.73,residential,India
1,2049-09-15,574.36,residential,India
1,2049-09-16,613.86,residential,India
1,2049-09-17,637.36,residential,India
1,2049-09-18,599.36,residential,India
1,2049-09-19,600.81,residential,India
1,2049-09-20,616.91,residential,India
1,2049-09-21,616.17,residential,India
1,2049-09-22,640.42,residential,India
1,2049-09-23,606.93,residential,India
1,2049-09-24,614.06,residential,India
1,2049-09-25,602.89,residential,India
1,2049-09-26,599.79,residential,India
1,2049-09-27,635.24,residential,India
1,2049-09-28,592.6,residential,India
1,2049-09-29,612.46,residential,India
1,2049-09-30,625.91,residential,India
1,2049-10-01,656.31,residential,India
1,2049-10-02,570.53,residential,India
1,2049-10-03,613.36,residential,India
1,2049-10-04,622.24,residential,India
1,2049-10-05,633.59,residential,India
1,2049-10-06,615.6,residential,India
1,2049-10-07,642.83,residential,India
1,2049-10-08,647.35,residential,India
1,2049-10-09,638.79,residential,India
1,2049-10-10,605.61,residential,India
1,2049-10-11,625.12,residential,India
1,2049-10-12,637.47,residential,India
1,2049-10-13,585.29,residential,India
1,2049-10-14,598.18,residential,India
1,2049-10-15,600.3,residential,India
1,2049-10-16,626.13,residential,India
1,2049-10-17,608.48,residential,India
1,2049-10-18,600.69,residential,India
1,2049-10-19,586.4,residential,India
1,2049-10-20,613.57,residential,India
1,2049-10-21,588.02,residential,India
1,2049-10-22,639.9,residential,India
1,2049-10-23,619.14,residential,India
1,2049-10-24,605.09,residential,India
1,2049-10-25,615.91,residential,India
1,2049-10-26,607.89,residential,India
1,2049-10-27,609.48,residential,India
1,2049-10-28,639.82,residential,India
1,2049-10-29,595.39,residential,India
1,2049-10-30,626.09,residential,India
1,2049-10-31,590.0,residential,India
1,2049-11-01,604.3,residential,India
1,2049-11-02,605.59,residential,India
1,2049-11-03,624.63,residential,India
1,2049-11-04,612.25,residential,India
1,2049-11-05,639.99,residential,India
1,2049-11-06,623.99,residential,India
1,2049-11-07,616.29,residential,India
1,2049-11-08,613.67,residential,India
1,2049-11-09,583.4,residential,India
1,2049-11-10,606.54,residential,India
1,2049-11-11,624.45,residential,India
1,2049-11-12,599.45,residential,India
1,2049-11-13,597.79,residential,India
1,2049-11-14,597.56,residential,India
1,2049-11-15,579.17,residential,India
1,2049-11-16,640.78,residential,India
1,2049-11-17,620.07,residential,India
1,2049-11-18,650.77,residential,India
1,2049-11-19,597.98,residential,India
1,2049-11-20,613.96,residential,India
1,2049-11-21,573.78,residential,India
1,2049-11-22,611.45,residential,India
1,2049-11-23,631.57,residential,India
1,2049-11-24,617.79,residential,India
1,2049-11-25,617.97,residential,India
1,2049-11-26,610.0,residential,India
1,2049-11-27,634.26,residential,India
1,2049-11-28,598.53,residential,India
1,2049-11-29,567.23,residential,India
1,2049-11-30,633.42,residential,India
1,2049-12-01,622.96,residential,India
1,2049-12-02,625.36,residential,India
1,2049-12-03,620.12,residential,India
1,2049-12-04,570.88,residential,India
1,2049-12-05,601.01,residential,India
1,2049-12-06,623.57,residential,India
1,2049-12-07,593.32,residential,India
1,2049-12-08,614.93,residential,India
1,2049-12-09,602.15,residential,India
1,2049-12-10,581.2,residential,India
1,2049-12-11,611.05,residential,India
1,2049-12-12,600.71,residential,India
1,2049-12-13,625.43,residential,India
1,2049-12-14,596.85,residential,India
1,2049-12-15,600.07,residential,India
1,2049-12-16,587.71,residential,India
1,2049-12-17,630.72,residential,India
1,2049-12-18,638.68,residential,India
1,2049-12-19,651.24,residential,India
1,2049-12-20,633.97,residential,India
1,2049-12-21,605.09,residential,India
1,2049-12-22,651.89,residential,India
1,2049-12-23,657.93,residential,India
1,2049-12-24,634.11,residential,India
1,2049-12-25,594.19,residential,India
1,2049-12-26,603.75,residential,India
1,2049-12-27,636.81,residential,India
1,2049-12-28,605.44,residential,India
1,2049-12-29,549.33,residential,India
1,2049-12-30,624.84,residential,India
1,2049-12-31,585.05,residential,India
1,2050-01-01,624.93,residential,India
1,2050-01-02,604.26,residential,India
1,2050-01-03,628.09,residential,India
1,2050-01-04,631.77,residential,India
1,2050-01-05,610.65,residential,India
1,2050-01-06,598.41,residential,India
1,2050-01-07,568.0,residential,India
1,2050-01-08,581.09,residential,India
1,2050-01-09,585.01,residential,India
1,2050-01-10,610.68,residential,India
1,2050-01-11,602.9,residential,India
1,2050-01-12,594.03,residential,India
1,2050-01-13,602.99,residential,India
1,2050-01-14,598.25,residential,India
1,2050-01-15,567.05,residential,India
1,2050-01-16,593.09,residential,India
1,2050-01-17,586.53,residential,India
1,2050-01-18,592.15,residential,India
1,2050-01-19,617.79,residential,India
1,2050-01-20,627.97,residential,India
1,2050-01-21,622.22,residential,India
1,2050-01-22,621.24,residential,India
1,2050-01-23,599.18,residential,India
1,2050-01-24,606.46,residential,India
1,2050-01-25,603.21,residential,India
1,2050-01-26,600.74,residential,India
1,2050-01-27,636.1,residential,India
1,2050-01-28,594.84,residential,India
1,2050-01-29,603.17,residential,India
1,2050-01-30,577.87,residential,India
1,2050-01-31,609.68,residential,India
1,2050-02-01,591.77,residential,India
1,2050-02-02,597.76,residential,India
1,2050-02-03,602.68,residential,India
1,2050-02-04,594.52,residential,India
1,2050-02-05,614.48,residential,India
1,2050-02-06,590.43,residential,India
1,2050-02-07,631.98,residential,India
1,2050-02-08,604.3,residential,India
1,2050-02-09,555.91,residential,India
1,2050-02-10,577.83,residential,India
1,2050-02-11,629.75,residential,India
1,2050-02-12,595.65,residential,India
1,2050-02-13,581.12,residential,India
1,2050-02-14,614.39,residential,India
1,2050-02-15,612.98,residential,India
1,2050-02-16,628.32,residential,India
1,2050-02-17,576.93,residential,India
1,2050-02-18,609.41,residential,India
1,2050-02-19,600.96,residential,India
1,2050-02-20,609.78,residential,India
1,2050-02-21,618.36,residential,India
1,2050-02-22,596.9,residential,India
1,2050-02-23,605.06,residential,India
1,2050-02-24,575.05,residential,India
1,2050-02-25,591.68,residential,India
1,2050-02-26,625.6,residential,India
1,2050-02-27,548.87,residential,India
1,2050-02-28,614.03,residential,India
1,2050-03-01,631.57,residential,India
1,2050-03-02,601.87,residential,India
1,2050-03-03,575.51,residential,India
1,2050-03-04,599.76,residential,India
1,2050-03-05,594.18,residential,India
1,2050-03-06,614.62,residential,India
1,2050-03-07,583.62,residential,India
1,2050-03-08,608.55,residential,India
1,2050-03-09,629.64,residential,India
1,2050-03-10,590.8,residential,India
1,2050-03-11,623.34,residential,India
1,2050-03-12,602.81,residential,India
1,2050-03-13,601.59,residential,India
1,2050-03-14,606.64,residential,India
1,2050-03-15,639.26,residential,India
1,2050-03-16,677.04,residential,India
1,2050-03-17,573.23,residential,India
1,2050-03-18,608.95,residential,India
1,2050-03-19,602.89,residential,India
1,2050-03-20,576.6,residential,India
1,2050-03-21,626.17,residential,India
1,2050-03-22,610.54,residential,India
1,2050-03-23,619.82,residential,India
1,2050-03-24,612.73,residential,India
1,2050-03-25,563.77,residential,India
1,2050-03-26,603.49,residential,India
1,2050-03-27,627.48,residential,India
1,2050-03-28,593.05,residential,India
1,2050-03-29,607.87,residential,India
1,2050-03-30,628.83,residential,India
1,2050-03-31,599.29,residential,India
1,2050-04-01,605.94,residential,India
1,2050-04-02,603.66,residential,India
1,2050-04-03,617.55,residential,India
1,2050-04-04,579.56,residential,India
1,2050-04-05,603.64,residential,India
1,2050-04-06,612.03,residential,India
1,2050-04-07,590.8,residential,India
1,2050-04-08,604.61,residential,India
1,2050-04-09,600.88,residential,India
1,2050-04-10,573.67,residential,India
1,2050-04-11,568.04,residential,India
1,2050-04-12,615.59,residential,India
1,2050-04-13,629.4,residential,India
1,2050-04-14,600.81,residential,India
1,2050-04-15,631.23,residential,India
1,2050-04-16,604.57,residential,India
1,2050-04-17,590.19,residential,India
1,2050-04-18,608.33,residential,India
1,2050-04-19,599.04,residential,India
1,2050-04-20,576.15,residential,India
1,2050-04-21,623.8,residential,India
1,2050-04-22,590.88,residential,India
1,2050-04-23,586.29,residential,India
1,2050-04-24,577.84,residential,India
1,2050-04-25,587.9,residential,India
1,2050-04-26,599.01,residential,India
1,2050-04-27,623.97,residential,India
1,2050-04-28,595.55,residential,India
1,2050-04-29,626.34,residential,India
1,2050-04-30,613.16,residential,India
1,2050-05-01,597.33,residential,India
1,2050-05-02,608.25,residential,India
1,2050-05-03,601.43,residential,India
1,2050-05-04,570.51,residential,India
1,2050-05-05,600.42,residential,India
1,2050-05-06,649.7,residential,India
1,2050-05-07,590.65,residential,India
1,2050-05-08,595.1,residential,India
1,2050-05-09,607.86,residential,India
1,2050-05-10,581.12,residential,India
1,2050-05-11,593.47,residential,India
1,2050-05-12,620.56,residential,India
1,2050-05-13,629.22,residential,India
1,2050-05-14,634.91,residential,India
1,2050-05-15,592.6,residential,India
1,2050-05-16,571.1,residential,India
1,2050-05-17,609.52,residential,India
1,2050-05-18,598.03,residential,India
1,2050-05-19,592.31,residential,India
1,2050-05-20,626.72,residential,India
1,2050-05-21,604.57,residential,India
1,2050-05-22,590.29,residential,India
1,2050-05-23,596.8,residential,India
1,2050-05-24,601.18,residential,India
1,2050-05-25,631.23,residential,India
1,2050-05-26,620.78,residential,India
1,2050-05-27,604.67,residential,India
1,2050-05-28,601.7,residential,India
1,2050-05-29,626.15,residential,India
1,2050-05-30,582.85,residential,India
1,2050-05-31,604.26,residential,India
1,2050-06-01,601.55,residential,India
1,2050-06-02,533.2,residential,India
1,2050-06-03,570.53,residential,India
1,2050-06-04,650.07,residential,India
1,2050-06-05,615.39,residential,India
1,2050-06-06,592.02,residential,India
1,2050-06-07,536.49,residential,India
1,2050-06-08,598.68,residential,India
1,2050-06-09,608.73,residential,India
1,2050-06-10,633.47,residential,India
1,2050-06-11,571.62,residential,India
1,2050-06-12,595.4,residential,India
1,2050-06-13,624.16,residential,India
1,2050-06-14,565.49,residential,India
1,2050-06-15,614.38,residential,India
1,2050-06-16,560.37,residential,India
1,2050-06-17,602.55,residential,India
1,2050-06-18,574.54,residential,India
1,2050-06-19,595.66,residential,India
1,2050-06-20,587.77,residential,India
1,2050-06-21,598.87,residential,India
1,2050-06-22,609.57,residential,India
1,2050-06-23,596.97,residential,India
1,2050-06-24,595.9,residential,India
1,2050-06-25,595.95,residential,India
1,2050-06-26,610.97,residential,India
1,2050-06-27,585.08,residential,India
1,2050-06-28,582.91,residential,India
1,2050-06-29,572.2,residential,India
1,2050-06-30,606.91,residential,India
1,2050-07-01,595.19,residential,India
1,2050-07-02,598.04,residential,India
1,2050-07-03,596.17,residential,India
1,2050-07-04,609.04,residential,India
1,2050-07-05,565.21,residential,India
1,2050-07-06,618.51,residential,India
1,2050-07-07,561.62,residential,India
1,2050-07-08,573.23,residential,India
1,2050-07-09,587.71,residential,India
1,2050-07-10,608.58,residential,India
1,2050-07-11,601.83,residential,India
1,2050-07-12,578.59,residential,India
1,2050-07-13,586.68,residential,India
1,2050-07-14,608.34,residential,India
1,2050-07-15,614.7,residential,India
1,2050-07-16,609.52,residential,India
1,2050-07-17,613.1,residential,India
1,2050-07-18,591.88,residential,India
1,2050-07-19,566.08,residential,India
1,2050-07-20,548.0,residential,India
1,2050-07-21,582.73,residential,India
1,2050-07-22,589.98,residential,India
1,2050-07-23,595.54,residential,India
1,2050-07-24,619.57,residential,India
1,2050-07-25,595.9,residential,India
1,2050-07-26,542.1,residential,India
1,2050-07-27,619.18,residential,India
1,2050-07-28,579.2,residential,India
1,2050-07-29,581.91,residential,India
1,2050-07-30,564.69,residential,India
1,2050-07-31,578.89,residential,India
1,2050-08-01,573.9,residential,India
1,2050-08-02,581.4,residential,India
1,2050-08-03,585.03,residential,India
1,2050-08-04,636.22,residential,India
1,2050-08-05,581.98,residential,India
1,2050-08-06,565.55,residential,India
1,2050-08-07,604.13,residential,India
1,2050-08-08,584.77,residential,India
1,2050-08-09,623.32,residential,India
1,2050-08-10,578.65,residential,India
1,2050-08-11,577.25,residential,India
1,2050-08-12,587.84,residential,India
1,2050-08-13,558.93,residential,India
1,2050-08-14,602.24,residential,India
1,2050-08-15,619.84,residential,India
1,2050-08-16,606.49,residential,India
1,2050-08-17,573.11,residential,India
1,2050-08-18,586.32,residential,India
1,2050-08-19,569.27,residential,India
1,2050-08-20,588.06,residential,India
1,2050-08-21,580.72,residential,India
1,2050-08-22,556.47,residential,India
1,2050-08-23,566.99,residential,India
1,2050-08-24,586.27,residential,India
1,2050-08-25,564.0,residential,India
1,2050-08-26,587.42,residential,India
1,2050-08-27,584.11,residential,India
1,2050-08-28,582.4,residential,India
1,2050-08-29,565.02,residential,India
1,2050-08-30,556.8,residential,India
1,2050-08-31,605.83,residential,India
1,2050-09-01,585.15,residential,India
1,2050-09-02,576.8,residential,India
1,2050-09-03,539.69,residential,India
1,2050-09-04,588.63,residential,India
1,2050-09-05,571.32,residential,India
1,2050-09-06,582.44,residential,India
1,2050-09-07,559.01,residential,India
1,2050-09-08,597.06,residential,India
1,2050-09-09,626.88,residential,India
1,2050-09-10,551.85,residential,India
1,2050-09-11,582.38,residential,India
1,2050-09-12,587.69,residential,India
1,2050-09-13,565.41,residential,India
1,2050-09-14,603.99,residential,India
1,2050-09-15,621.18,residential,India
1,2050-09-16,577.07,residential,India
1,2050-09-17,609.49,residential,India
1,2050-09-18,538.28,residential,India
1,2050-09-19,629.65,residential,India
1,2050-09-20,567.03,residential,India
1,2050-09-21,529.27,residential,India
1,2050-09-22,631.77,residential,India
1,2050-09-23,538.56,residential,India
1,2050-09-24,550.08,residential,India
1,2050-09-25,595.39,residential,India
1,2050-09-26,587.85,residential,India
1,2050-09-27,592.02,residential,India
1,2050-09-28,565.11,residential,India
1,2050-09-29,585.89,residential,India
1,2050-09-30,594.85,residential,India
1,2050-10-01,547.16,residential,India
1,2050-10-02,604.62,residential,India
1,2050-10-03,571.56,residential,India
1,2050-10-04,592.15,residential,India
1,2050-10-05,548.85,residential,India
1,2050-10-06,581.31,residential,India
1,2050-10-07,596.61,residential,India
1,2050-10-08,610.66,residential,India
1,2050-10-09,581.15,residential,India
1,2050-10-10,594.71,residential,India
1,2050-10-11,548.87,residential,India
1,2050-10-12,584.12,residential,India
1,2050-10-13,587.24,residential,India
1,2050-10-14,585.0,residential,India
1,2050-10-15,610.53,residential,India
1,2050-10-16,607.22,residential,India
1,2050-10-17,587.2,residential,India
1,2050-10-18,601.15,residential,India
1,2050-10-19,577.56,residential,India
1,2050-10-20,580.93,residential,India
1,2050-10-21,577.39,residential,India
1,2050-10-22,615.04,residential,India
1,2050-10-23,549.06,residential,India
1,2050-10-24,510.37,residential,India
1,2050-10-25,581.38,residential,India
1,2050-10-26,602.32,residential,India
1,2050-10-27,577.49,residential,India
1,2050-10-28,568.48,residential,India
1,2050-10-29,564.61,residential,India
1,2050-10-30,575.96,residential,India
1,2050-10-31,586.58,residential,India
1,2050-11-01,593.52,residential,India
1,2050-11-02,582.28,residential,India
1,2050-11-03,580.56,residential,India
1,2050-11-04,584.42,residential,India
1,2050-11-05,602.91,residential,India
1,2050-11-06,590.73,residential,India
1,2050-11-07,580.93,residential,India
1,2050-11-08,582.33,residential,India
1,2050-11-09,565.84,residential,India
1,2050-11-10,597.6,residential,India
1,2050-11-11,552.95,residential,India
1,2050-11-12,592.12,residential,India
1,2050-11-13,579.65,residential,India
1,2050-11-14,596.61,residential,India
1,2050-11-15,593.94,residential,India
1,2050-11-16,586.27,residential,India
1,2050-11-17,585.89,residential,India
1,2050-11-18,577.94,residential,India
1,2050-11-19,575.15,residential,India
1,2050-11-20,538.29,residential,India
1,2050-11-21,576.2,residential,India
1,2050-11-22,604.59,residential,India
1,2050-11-23,593.93,residential,India
1,2050-11-24,590.77,residential,India
1,2050-11-25,585.52,residential,India
1,2050-11-26,581.35,residential,India
1,2050-11-27,590.63,residential,India
1,2050-11-28,585.14,residential,India
1,2050-11-29,574.87,residential,India
1,2050-11-30,577.38,residential,India
1,2050-12-01,551.38,residential,India
1,2050-12-02,582.73,residential,India
1,2050-12-03,559.81,residential,India
1,2050-12-04,593.16,residential,India
1,2050-12-05,595.21,residential,India
1,2050-12-06,582.16,residential,India
1,2050-12-07,582.23,residential,India
1,2050-12-08,598.42,residential,India
1,2050-12-09,574.84,residential,India
1,2050-12-10,511.52,residential,India
1,2050-12-11,565.39,residential,India
1,2050-12-12,610.75,residential,India
1,2050-12-13,533.71,residential,India
1,2050-12-14,575.65,residential,India
1,2050-12-15,579.46,residential,India
1,2050-12-16,596.18,residential,India
1,2050-12-17,555.3,residential,India
1,2050-12-18,560.01,residential,India
1,2050-12-19,603.54,residential,India
1,2050-12-20,540.83,residential,India
1,2050-12-21,606.51,residential,India
1,2050-12-22,559.86,residential,India
1,2050-12-23,564.85,residential,India
1,2050-12-24,615.96,residential,India
1,2050-12-25,555.7,residential,India
1,2050-12-26,581.71,residential,India
1,2050-12-27,563.94,residential,India
1,2050-12-28,544.22,residential,India
1,2050-12-29,566.62,residential,India
1,2050-12-30,576.33,residential,India
1,2050-12-31,560.48,residential,India
1,2051-01-01,587.9,residential,India
1,2051-01-02,542.92,residential,India
1,2051-01-03,541.28,residential,India
1,2051-01-04,599.1,residential,India
1,2051-01-05,583.58,residential,India
1,2051-01-06,587.78,residential,India
1,2051-01-07,618.06,residential,India
1,2051-01-08,599.63,residential,India
1,2051-01-09,572.41,residential,India
1,2051-01-10,572.73,residential,India
1,2051-01-11,602.03,residential,India
1,2051-01-12,568.68,residential,India
1,2051-01-13,601.29,residential,India
1,2051-01-14,600.74,residential,India
1,2051-01-15,581.41,residential,India
1,2051-01-16,566.65,residential,India
1,2051-01-17,576.22,residential,India
1,2051-01-18,564.1,residential,India
1,2051-01-19,569.32,residential,India
1,2051-01-20,531.68,residential,India
1,2051-01-21,586.39,residential,India
1,2051-01-22,559.95,residential,India
1,2051-01-23,566.57,residential,India
1,2051-01-24,589.4,residential,India
1,2051-01-25,550.9,residential,India
1,2051-01-26,533.61,residential,India
1,2051-01-27,592.74,residential,India
1,2051-01-28,565.76,residential,India
1,2051-01-29,536.87,residential,India
1,2051-01-30,574.19,residential,India
1,2051-01-31,568.96,residential,India
1,2051-02-01,558.24,residential,India
1,2051-02-02,546.17,residential,India
1,2051-02-03,575.28,residential,India
1,2051-02-04,548.72,residential,India
1,2051-02-05,566.57,residential,India
1,2051-02-06,526.8,residential,India
1,2051-02-07,550.12,residential,India
1,2051-02-08,595.9,residential,India
1,2051-02-09,562.49,residential,India
1,2051-02-10,548.18,residential,India
1,2051-02-11,531.94,residential,India
1,2051-02-12,566.19,residential,India
1,2051-02-13,575.13,residential,India
1,2051-02-14,551.08,residential,India
1,2051-02-15,586.83,residential,India
1,2051-02-16,581.06,residential,India
1,2051-02-17,566.41,residential,India
1,2051-02-18,570.32,residential,India
1,2051-02-19,521.13,residential,India
1,2051-02-20,573.42,residential,India
1,2051-02-21,592.78,residential,India
1,2051-02-22,564.81,residential,India
1,2051-02-23,567.04,residential,India
1,2051-02-24,570.95,residential,India
1,2051-02-25,549.4,residential,India
1,2051-02-26,552.28,residential,India
1,2051-02-27,559.92,residential,India
1,2051-02-28,565.3,residential,India
1,2051-03-01,567.94,residential,India
1,2051-03-02,573.64,residential,India
1,2051-03-03,571.31,residential,India
1,2051-03-04,602.71,residential,India
1,2051-03-05,554.33,residential,India
1,2051-03-06,578.63,residential,India
1,2051-03-07,557.7,residential,India
1,2051-03-08,595.36,residential,India
1,2051-03-09,570.06,residential,India
1,2051-03-10,602.1,residential,India
1,2051-03-11,626.09,residential,India
1,2051-03-12,572.77,residential,India
1,2051-03-13,586.05,residential,India
1,2051-03-14,539.58,residential,India
1,2051-03-15,537.0,residential,India
1,2051-03-16,583.88,residential,India
1,2051-03-17,562.04,residential,India
1,2051-03-18,576.39,residential,India
1,2051-03-19,536.24,residential,India
1,2051-03-20,562.09,residential,India
1,2051-03-21,550.41,residential,India
1,2051-03-22,551.92,residential,India
1,2051-03-23,558.66,residential,India
1,2051-03-24,593.7,residential,India
1,2051-03-25,566.3,residential,India
1,2051-03-26,561.31,residential,India
1,2051-03-27,593.15,residential,India
1,2051-03-28,540.99,residential,India
1,2051-03-29,561.6,residential,India
1,2051-03-30,557.65,residential,India
1,2051-03-31,571.65,residential,India
1,2051-04-01,534.58,residential,India
1,2051-04-02,545.68,residential,India
1,2051-04-03,576.52,residential,India
1,2051-04-04,587.39,residential,India
1,2051-04-05,561.99,residential,India
1,2051-04-06,562.0,residential,India
1,2051-04-07,552.78,residential,India
1,2051-04-08,539.1,residential,India
1,2051-04-09,528.92,residential,India
1,2051-04-10,577.55,residential,India
1,2051-04-11,548.05,residential,India
1,2051-04-12,558.44,residential,India
1,2051-04-13,573.68,residential,India
1,2051-04-14,615.45,residential,India
1,2051-04-15,555.66,residential,India
1,2051-04-16,532.55,residential,India
1,2051-04-17,555.93,residential,India
1,2051-04-18,546.21,residential,India
1,2051-04-19,574.95,residential,India
1,2051-04-20,567.8,residential,India
1,2051-04-21,564.62,residential,India
1,2051-04-22,546.55,residential,India
1,2051-04-23,552.97,residential,India
1,2051-04-24,544.38,residential,India
1,2051-04-25,541.36,residential,India
1,2051-04-26,543.46,residential,India
1,2051-04-27,551.81,residential,India
1,2051-04-28,578.86,residential,India
1,2051-04-29,541.67,residential,India
1,2051-04-30,553.07,residential,India
1,2051-05-01,565.05,residential,India
1,2051-05-02,587.36,residential,India
1,2051-05-03,561.28,residential,India
1,2051-05-04,549.44,residential,India
1,2051-05-05,545.11,residential,India
1,2051-05-06,576.03,residential,India
1,2051-05-07,556.45,residential,India
1,2051-05-08,552.21,residential,India
1,2051-05-09,547.07,residential,India
1,2051-05-10,565.23,residential,India
1,2051-05-11,581.84,residential,India
1,2051-05-12,578.13,residential,India
1,2051-05-13,586.18,residential,India
1,2051-05-14,556.74,residential,India
1,2051-05-15,533.85,residential,India
1,2051-05-16,583.14,residential,India
1,2051-05-17,532.89,residential,India
1,2051-05-18,547.11,residential,India
1,2051-05-19,555.91,residential,India
1,2051-05-20,535.39,residential,India
1,2051-05-21,564.04,residential,India
1,2051-05-22,580.05,residential,India
1,2051-05-23,511.96,residential,India
1,2051-05-24,524.87,residential,India
1,2051-05-25,559.09,residential,India
1,2051-05-26,564.95,residential,India
1,2051-05-27,553.32,residential,India
1,2051-05-28,539.53,residential,India
1,2051-05-29,537.01,residential,India
1,2051-05-30,542.01,residential,India
1,2051-05-31,575.62,residential,India
1,2051-06-01,549.16,residential,India
1,2051-06-02,550.79,residential,India
1,2051-06-03,559.71,residential,India
1,2051-06-04,565.3,residential,India
1,2051-06-05,561.29,residential,India
1,2051-06-06,587.97,residential,India
1,2051-06-07,487.82,residential,India
1,2051-06-08,545.75,residential,India
1,2051-06-09,550.29,residential,India
1,2051-06-10,534.22,residential,India
1,2051-06-11,576.84,residential,India
1,2051-06-12,589.2,residential,India
1,2051-06-13,560.29,residential,India
1,2051-06-14,548.67,residential,India
1,2051-06-15,559.33,residential,India
1,2051-06-16,537.9,residential,India
1,2051-06-17,549.74,residential,India
1,2051-06-18,559.52,residential,India
1,2051-06-19,524.72,residential,India
1,2051-06-20,568.4,residential,India
1,2051-06-21,523.94,residential,India
1,2051-06-22,570.68,residential,India
1,2051-06-23,584.05,residential,India
1,2051-06-24,558.48,residential,India
1,2051-06-25,552.44,residential,India
1,2051-06-26,554.12,residential,India
1,2051-06-27,550.54,residential,India
1,2051-06-28,549.22,residential,India
1,2051-06-29,568.26,residential,India
1,2051-06-30,587.65,residential,India
1,2051-07-01,543.77,residential,India
1,2051-07-02,557.44,residential,India
1,2051-07-03,541.29,residential,India
1,2051-07-04,572.63,residential,India
1,2051-07-05,581.41,residential,India
1,2051-07-06,538.18,residential,India
1,2051-07-07,573.77,residential,India
1,2051-07-08,580.07,residential,India
1,2051-07-09,549.48,residential,India
1,2051-07-10,564.09,residential,India
1,2051-07-11,581.92,residential,India
1,2051-07-12,568.66,residential,India
1,2051-07-13,550.55,residential,India
1,2051-07-14,556.94,residential,India
1,2051-07-15,556.6,residential,India
1,2051-07-16,569.54,residential,India
1,2051-07-17,566.72,residential,India
1,2051-07-18,527.16,residential,India
1,2051-07-19,569.37,residential,India
1,2051-07-20,550.23,residential,India
1,2051-07-21,542.8,residential,India
1,2051-07-22,559.29,residential,India
1,2051-07-23,537.28,residential,India
1,2051-07-24,568.31,residential,India
1,2051-07-25,541.34,residential,India
1,2051-07-26,513.67,residential,India
1,2051-07-27,558.28,residential,India
1,2051-07-28,509.48,residential,India
1,2051-07-29,527.17,residential,India
1,2051-07-30,525.9,residential,India
1,2051-07-31,539.74,residential,India
1,2051-08-01,514.25,residential,India
1,2051-08-02,538.95,residential,India
1,2051-08-03,528.7,residential,India
1,2051-08-04,543.62,residential,India
1,2051-08-05,533.07,residential,India
1,2051-08-06,541.23,residential,India
1,2051-08-07,550.55,residential,India
1,2051-08-08,568.36,residential,India
1,2051-08-09,521.83,residential,India
1,2051-08-10,563.9,residential,India
1,2051-08-11,579.95,residential,India
1,2051-08-12,531.84,residential,India
1,2051-08-13,546.57,residential,India
1,2051-08-14,584.29,residential,India
1,2051-08-15,559.64,residential,India
1,2051-08-16,554.76,residential,India
1,2051-08-17,597.68,residential,India
1,2051-08-18,562.4,residential,India
1,2051-08-19,553.93,residential,India
1,2051-08-20,556.21,residential,India
1,2051-08-21,560.23,residential,India
1,2051-08-22,554.95,residential,India
1,2051-08-23,575.1,residential,India
1,2051-08-24,566.41,residential,India
1,2051-08-25,545.89,residential,India
1,2051-08-26,542.36,residential,India
1,2051-08-27,564.07,residential,India
1,2051-08-28,519.72,residential,India
1,2051-08-29,550.82,residential,India
1,2051-08-30,522.49,residential,India
1,2051-08-31,550.75,residential,India
1,2051-09-01,543.03,residential,India
1,2051-09-02,548.97,residential,India
1,2051-09-03,564.77,residential,India
1,2051-09-04,556.22,residential,India
1,2051-09-05,535.63,residential,India
1,2051-09-06,520.85,residential,India
1,2051-09-07,586.91,residential,India
1,2051-09-08,551.37,residential,India
1,2051-09-09,552.07,residential,India
1,2051-09-10,561.25,residential,India
1,2051-09-11,531.54,residential,India
1,2051-09-12,518.54,residential,India
1,2051-09-13,542.3,residential,India
1,2051-09-14,549.56,residential,India
1,2051-09-15,563.02,residential,India
1,2051-09-16,551.52,residential,India
1,2051-09-17,573.99,residential,India
1,2051-09-18,528.67,residential,India
1,2051-09-19,568.36,residential,India
1,2051-09-20,552.88,residential,India
1,2051-09-21,561.24,residential,India
1,2051-09-22,537.64,residential,India
1,2051-09-23,557.71,residential,India
1,2051-09-24,578.84,residential,India
1,2051-09-25,537.09,residential,India
1,2051-09-26,524.54,residential,India
1,2051-09-27,578.22,residential,India
1,2051-09-28,522.84,residential,India
1,2051-09-29,571.83,residential,India
1,2051-09-30,571.87,residential,India
1,2051-10-01,546.3,residential,India
1,2051-10-02,534.8,residential,India
1,2051-10-03,563.72,residential,India
1,2051-10-04,556.82,residential,India
1,2051-10-05,560.16,residential,India
1,2051-10-06,563.89,residential,India
1,2051-10-07,560.17,residential,India
1,2051-10-08,543.4,residential,India
1,2051-10-09,545.57,residential,India
1,2051-10-10,536.18,residential,India
1,2051-10-11,493.37,residential,India
1,2051-10-12,566.95,residential,India
1,2051-10-13,580.5,residential,India
1,2051-10-14,539.44,residential,India
1,2051-10-15,520.09,residential,India
1,2051-10-16,576.23,residential,India
1,2051-10-17,539.33,residential,India
1,2051-10-18,542.36,residential,India
1,2051-10-19,522.99,residential,India
1,2051-10-20,520.15,residential,India
1,2051-10-21,531.32,residential,India
1,2051-10-22,538.62,residential,India
1,2051-10-23,543.65,residential,India
1,2051-10-24,557.97,residential,India
1,2051-10-25,563.58,residential,India
1,2051-10-26,554.48,residential,India
1,2051-10-27,552.59,residential,India
1,2051-10-28,543.63,residential,India
1,2051-10-29,513.27,residential,India
1,2051-10-30,520.12,residential,India
1,2051-10-31,542.33,residential,India
1,2051-11-01,558.0,residential,India
1,2051-11-02,563.83,residential,India
1,2051-11-03,534.1,residential,India
1,2051-11-04,534.24,residential,India
1,2051-11-05,568.52,residential,India
1,2051-11-06,547.83,residential,India
1,2051-11-07,543.16,residential,India
1,2051-11-08,548.91,residential,India
1,2051-11-09,533.26,residential,India
1,2051-11-10,512.22,residential,India
1,2051-11-11,544.76,residential,India
1,2051-11-12,591.9,residential,India
1,2051-11-13,552.91,residential,India
1,2051-11-14,513.05,residential,India
1,2051-11-15,519.42,residential,India
1,2051-11-16,542.03,residential,India
1,2051-11-17,552.69,residential,India
1,2051-11-18,544.23,residential,India
1,2051-11-19,538.24,residential,India
1,2051-11-20,538.51,residential,India
1,2051-11-21,544.29,residential,India
1,2051-11-22,534.29,residential,India
1,2051-11-23,520.49,residential,India
1,2051-11-24,515.87,residential,India
1,2051-11-25,527.92,residential,India
1,2051-11-26,543.96,residential,India
1,2051-11-27,563.2,residential,India
1,2051-11-28,572.72,residential,India
1,2051-11-29,588.92,residential,India
1,2051-11-30,536.19,residential,India
1,2051-12-01,533.8,residential,India
1,2051-12-02,512.85,residential,India
1,2051-12-03,536.25,residential,India
1,2051-12-04,553.06,residential,India
1,2051-12-05,559.52,residential,India
1,2051-12-06,577.8,residential,India
1,2051-12-07,545.54,residential,India
1,2051-12-08,544.44,residential,India
1,2051-12-09,506.62,residential,India
1,2051-12-10,546.41,residential,India
1,2051-12-11,535.33,residential,India
1,2051-12-12,515.57,residential,India
1,2051-12-13,577.8,residential,India
1,2051-12-14,559.61,residential,India
1,2051-12-15,494.78,residential,India
1,2051-12-16,526.89,residential,India
1,2051-12-17,559.76,residential,India
1,2051-12-18,576.93,residential,India
1,2051-12-19,526.16,residential,India
1,2051-12-20,548.93,residential,India
1,2051-12-21,543.87,residential,India
1,2051-12-22,521.44,residential,India
1,2051-12-23,575.14,residential,India
1,2051-12-24,517.39,residential,India
1,2051-12-25,543.36,residential,India
1,2051-12-26,568.9,residential,India
1,2051-12-27,549.27,residential,India
1,2051-12-28,565.52,residential,India
1,2051-12-29,553.52,residential,India
1,2051-12-30,540.21,residential,India
1,2051-12-31,524.59,residential,India
1,2052-01-01,519.88,residential,India
1,2052-01-02,546.48,residential,India
1,2052-01-03,566.32,residential,India
1,2052-01-04,516.31,residential,India
1,2052-01-05,571.12,residential,India
1,2052-01-06,505.13,residential,India
1,2052-01-07,537.73,residential,India
1,2052-01-08,517.48,residential,India
1,2052-01-09,533.12,residential,India
1,2052-01-10,542.7,residential,India
1,2052-01-11,554.77,residential,India
1,2052-01-12,589.83,residential,India
1,2052-01-13,523.02,residential,India
1,2052-01-14,570.2,residential,India
1,2052-01-15,519.13,residential,India
1,2052-01-16,515.45,residential,India
1,2052-01-17,496.02,residential,India
1,2052-01-18,548.38,residential,India
1,2052-01-19,518.66,residential,India
1,2052-01-20,564.43,residential,India
1,2052-01-21,535.44,residential,India
1,2052-01-22,539.96,residential,India
1,2052-01-23,561.75,residential,India
1,2052-01-24,514.89,residential,India
1,2052-01-25,544.3,residential,India
1,2052-01-26,555.68,residential,India
1,2052-01-27,534.8,residential,India
1,2052-01-28,551.04,residential,India
1,2052-01-29,531.41,residential,India
1,2052-01-30,543.22,residential,India
1,2052-01-31,568.18,residential,India
1,2052-02-01,544.1,residential,India
1,2052-02-02,534.37,residential,India
1,2052-02-03,532.34,residential,India
1,2052-02-04,546.66,residential,India
1,2052-02-05,532.07,residential,India
1,2052-02-06,528.03,residential,India
1,2052-02-07,538.36,residential,India
1,2052-02-08,549.94,residential,India
1,2052-02-09,586.51,residential,India
1,2052-02-10,562.49,residential,India
1,2052-02-11,528.81,residential,India
1,2052-02-12,556.26,residential,India
1,2052-02-13,544.98,residential,India
1,2052-02-14,523.04,residential,India
1,2052-02-15,523.48,residential,India
1,2052-02-16,532.21,residential,India
1,2052-02-17,552.24,residential,India
1,2052-02-18,553.25,residential,India
1,2052-02-19,524.55,residential,India
1,2052-02-20,505.76,residential,India
1,2052-02-21,569.43,residential,India
1,2052-02-22,547.37,residential,India
1,2052-02-23,543.15,residential,India
1,2052-02-24,521.44,residential,India
1,2052-02-25,562.34,residential,India
1,2052-02-26,513.44,residential,India
1,2052-02-27,530.0,residential,India
1,2052-02-28,521.6,residential,India
1,2052-02-29,539.71,residential,India
1,2052-03-01,556.24,residential,India
1,2052-03-02,541.56,residential,India
1,2052-03-03,539.39,residential,India
1,2052-03-04,571.73,residential,India
1,2052-03-05,563.51,residential,India
1,2052-03-06,553.98,residential,India
1,2052-03-07,542.11,residential,India
1,2052-03-08,569.5,residential,India
1,2052-03-09,559.6,residential,India
1,2052-03-10,534.55,residential,India
1,2052-03-11,534.34,residential,India
1,2052-03-12,554.98,residential,India
1,2052-03-13,526.99,residential,India
1,2052-03-14,521.28,residential,India
1,2052-03-15,533.32,residential,India
1,2052-03-16,548.61,residential,India
1,2052-03-17,550.13,residential,India
1,2052-03-18,524.69,residential,India
1,2052-03-19,518.48,residential,India
1,2052-03-20,532.3,residential,India
1,2052-03-21,545.38,residential,India
1,2052-03-22,557.14,residential,India
1,2052-03-23,566.64,residential,India
1,2052-03-24,549.9,residential,India
1,2052-03-25,564.19,residential,India
1,2052-03-26,542.78,residential,India
1,2052-03-27,548.95,residential,India
1,2052-03-28,528.04,residential,India
1,2052-03-29,541.22,residential,India
1,2052-03-30,560.04,residential,India
1,2052-03-31,548.29,residential,India
1,2052-04-01,574.62,residential,India
1,2052-04-02,565.23,residential,India
1,2052-04-03,537.68,residential,India
1,2052-04-04,531.32,residential,India
1,2052-04-05,536.35,residential,India
1,2052-04-06,571.54,residential,India
1,2052-04-07,539.56,residential,India
1,2052-04-08,533.12,residential,India
1,2052-04-09,492.97,residential,India
1,2052-04-10,514.51,residential,India
1,2052-04-11,544.48,residential,India
1,2052-04-12,541.32,residential,India
1,2052-04-13,561.82,residential,India
1,2052-04-14,525.71,residential,India
1,2052-04-15,525.09,residential,India
1,2052-04-16,551.67,residential,India
1,2052-04-17,580.9,residential,India
1,2052-04-18,525.6,residential,India
1,2052-04-19,544.66,residential,India
1,2052-04-20,561.88,residential,India
1,2052-04-21,564.68,residential,India
1,2052-04-22,545.88,residential,India
1,2052-04-23,546.84,residential,India
1,2052-04-24,517.49,residential,India
1,2052-04-25,555.78,residential,India
1,2052-04-26,521.78,residential,India
1,2052-04-27,550.27,residential,India
1,2052-04-28,541.68,residential,India
1,2052-04-29,545.19,residential,India
1,2052-04-30,555.57,residential,India
1,2052-05-01,547.17,residential,India
1,2052-05-02,519.89,residential,India
1,2052-05-03,541.05,residential,India
1,2052-05-04,584.04,residential,India
1,2052-05-05,550.75,residential,India
1,2052-05-06,572.38,residential,India
1,2052-05-07,522.03,residential,India
1,2052-05-08,545.08,residential,India
1,2052-05-09,520.27,residential,India
1,2052-05-10,557.76,residential,India
1,2052-05-11,547.27,residential,India
1,2052-05-12,552.12,residential,India
1,2052-05-13,539.47,residential,India
1,2052-05-14,529.78,residential,India
1,2052-05-15,534.7,residential,India
1,2052-05-16,588.01,residential,India
1,2052-05-17,537.86,residential,India
1,2052-05-18,513.55,residential,India
1,2052-05-19,548.64,residential,India
1,2052-05-20,519.38,residential,India
1,2052-05-21,541.31,residential,India
1,2052-05-22,557.54,residential,India
1,2052-05-23,562.16,residential,India
1,2052-05-24,555.65,residential,India
1,2052-05-25,541.19,residential,India
1,2052-05-26,536.36,residential,India
1,2052-05-27,553.0,residential,India
1,2052-05-28,507.13,residential,India
1,2052-05-29,578.23,residential,India
1,2052-05-30,551.12,residential,India
1,2052-05-31,571.84,residential,India
1,2052-06-01,560.07,residential,India
1,2052-06-02,549.46,residential,India
1,2052-06-03,548.52,residential,India
1,2052-06-04,528.79,residential,India
1,2052-06-05,531.09,residential,India
1,2052-06-06,524.24,residential,India
1,2052-06-07,542.35,residential,India
1,2052-06-08,568.61,residential,India
1,2052-06-09,545.03,residential,India
1,2052-06-10,555.69,residential,India
1,2052-06-11,554.27,residential,India
1,2052-06-12,540.4,residential,India
1,2052-06-13,565.63,residential,India
1,2052-06-14,475.39,residential,India
1,2052-06-15,538.1,residential,India
1,2052-06-16,507.61,residential,India
1,2052-06-17,574.37,residential,India
1,2052-06-18,565.53,residential,India
1,2052-06-19,539.35,residential,India
1,2052-06-20,521.56,residential,India
1,2052-06-21,545.44,residential,India
1,2052-06-22,530.77,residential,India
1,2052-06-23,528.53,residential,India
1,2052-06-24,548.69,residential,India
1,2052-06-25,585.81,residential,India
1,2052-06-26,533.1,residential,India
1,2052-06-27,519.79,residential,India
1,2052-06-28,520.26,residential,India
1,2052-06-29,534.21,residential,India
1,2052-06-30,554.84,residential,India
1,2052-07-01,528.35,residential,India
1,2052-07-02,560.17,residential,India
1,2052-07-03,554.35,residential,India
1,2052-07-04,547.99,residential,India
1,2052-07-05,550.68,residential,India
1,2052-07-06,535.13,residential,India
1,2052-07-07,541.63,residential,India
1,2052-07-08,528.39,residential,India
1,2052-07-09,543.57,residential,India
1,2052-07-10,545.98,residential,India
1,2052-07-11,540.08,residential,India
1,2052-07-12,548.31,residential,India
1,2052-07-13,536.33,residential,India
1,2052-07-14,562.25,residential,India
1,2052-07-15,524.32,residential,India
1,2052-07-16,530.69,residential,India
1,2052-07-17,527.24,residential,India
1,2052-07-18,518.17,residential,India
1,2052-07-19,540.03,residential,India
1,2052-07-20,546.36,residential,India
1,2052-07-21,571.61,residential,India
1,2052-07-22,567.94,residential,India
1,2052-07-23,504.39,residential,India
1,2052-07-24,524.82,residential,India
1,2052-07-25,496.89,residential,India
1,2052-07-26,563.56,residential,India
1,2052-07-27,518.6,residential,India
1,2052-07-28,549.28,residential,India
1,2052-07-29,561.99,residential,India
1,2052-07-30,546.13,residential,India
1,2052-07-31,540.9,residential,India
1,2052-08-01,561.2,residential,India
1,2052-08-02,531.08,residential,India
1,2052-08-03,524.48,residential,India
1,2052-08-04,550.11,residential,India
1,2052-08-05,543.62,residential,India
1,2052-08-06,547.84,residential,India
1,2052-08-07,538.43,residential,India
1,2052-08-08,562.58,residential,India
1,2052-08-09,533.68,residential,India
1,2052-08-10,553.06,residential,India
1,2052-08-11,522.59,residential,India
1,2052-08-12,547.35,residential,India
1,2052-08-13,529.82,residential,India
1,2052-08-14,537.0,residential,India
1,2052-08-15,546.93,residential,India
1,2052-08-16,549.67,residential,India
1,2052-08-17,545.67,residential,India
1,2052-08-18,548.37,residential,India
1,2052-08-19,527.38,residential,India
1,2052-08-20,542.99,residential,India
1,2052-08-21,553.83,residential,India
1,2052-08-22,543.2,residential,India
1,2052-08-23,569.89,residential,India
1,2052-08-24,545.45,residential,India
1,2052-08-25,563.14,residential,India
1,2052-08-26,514.11,residential,India
1,2052-08-27,521.54,residential,India
1,2052-08-28,544.39,residential,India
1,2052-08-29,561.82,residential,India
1,2052-08-30,564.16,residential,India
1,2052-08-31,568.37,residential,India
1,2052-09-01,530.31,residential,India
1,2052-09-02,506.06,residential,India
1,2052-09-03,543.99,residential,India
1,2052-09-04,584.14,residential,India
1,2052-09-05,555.32,residential,India
1,2052-09-06,544.17,residential,India
1,2052-09-07,537.56,residential,India
1,2052-09-08,526.73,residential,India
1,2052-09-09,539.65,residential,India
1,2052-09-10,560.31,residential,India
1,2052-09-11,532.37,residential,India
1,2052-09-12,544.54,residential,India
1,2052-09-13,568.63,residential,India
1,2052-09-14,567.33,residential,India
1,2052-09-15,556.33,residential,India
1,2052-09-16,569.78,residential,India
1,2052-09-17,564.1,residential,India
1,2052-09-18,524.51,residential,India
1,2052-09-19,536.17,residential,India
1,2052-09-20,578.9,residential,India
1,2052-09-21,579.31,residential,India
1,2052-09-22,532.82,residential,India
1,2052-09-23,493.72,residential,India
1,2052-09-24,563.48,residential,India
1,2052-09-25,557.36,residential,India
1,2052-09-26,530.66,residential,India
1,2052-09-27,577.8,residential,India
1,2052-09-28,548.73,residential,India
1,2052-09-29,560.5,residential,India
1,2052-09-30,590.54,residential,India
1,2052-10-01,548.8,residential,India
1,2052-10-02,581.05,residential,India
1,2052-10-03,520.45,residential,India
1,2052-10-04,549.2,residential,India
1,2052-10-05,573.01,residential,India
1,2052-10-06,545.99,residential,India
1,2052-10-07,531.95,residential,India
1,2052-10-08,526.16,residential,India
1,2052-10-09,527.94,residential,India
1,2052-10-10,562.4,residential,India
1,2052-10-11,516.19,residential,India
1,2052-10-12,567.12,residential,India
1,2052-10-13,536.23,residential,India
1,2052-10-14,527.44,residential,India
1,2052-10-15,545.6,residential,India
1,2052-10-16,553.81,residential,India
1,2052-10-17,538.21,residential,India
1,2052-10-18,499.99,residential,India
1,2052-10-19,549.58,residential,India
1,2052-10-20,577.47,residential,India
1,2052-10-21,550.94,residential,India
1,2052-10-22,549.18,residential,India
1,2052-10-23,532.53,residential,India
1,2052-10-24,561.77,residential,India
1,2052-10-25,574.31,residential,India
1,2052-10-26,530.82,residential,India
1,2052-10-27,519.63,residential,India
1,2052-10-28,514.47,residential,India
1,2052-10-29,513.88,residential,India
1,2052-10-30,519.14,residential,India
1,2052-10-31,546.17,residential,India
1,2052-11-01,569.54,residential,India
1,2052-11-02,550.92,residential,India
1,2052-11-03,505.68,residential,India
1,2052-11-04,539.27,residential,India
1,2052-11-05,570.8,residential,India
1,2052-11-06,524.38,residential,India
1,2052-11-07,537.92,residential,India
1,2052-11-08,568.12,residential,India
1,2052-11-09,559.63,residential,India
1,2052-11-10,505.3,residential,India
1,2052-11-11,535.12,residential,India
1,2052-11-12,524.02,residential,India
1,2052-11-13,550.01,residential,India
1,2052-11-14,541.44,residential,India
1,2052-11-15,562.71,residential,India
1,2052-11-16,522.77,residential,India
1,2052-11-17,519.17,residential,India
1,2052-11-18,563.12,residential,India
1,2052-11-19,564.12,residential,India
1,2052-11-20,516.85,residential,India
1,2052-11-21,553.31,residential,India
1,2052-11-22,559.24,residential,India
1,2052-11-23,548.54,residential,India
1,2052-11-24,542.49,residential,India
1,2052-11-25,538.62,residential,India
1,2052-11-26,543.84,residential,India
1,2052-11-27,535.08,residential,India
1,2052-11-28,562.02,residential,India
1,2052-11-29,550.47,residential,India
1,2052-11-30,509.17,residential,India
1,2052-12-01,577.35,residential,India
1,2052-12-02,535.75,residential,India
1,2052-12-03,553.86,residential,India
1,2052-12-04,564.8,residential,India
1,2052-12-05,550.02,residential,India
1,2052-12-06,558.07,residential,India
1,2052-12-07,573.53,residential,India
1,2052-12-08,562.13,residential,India
1,2052-12-09,543.19,residential,India
1,2052-12-10,559.43,residential,India
1,2052-12-11,583.26,residential,India
1,2052-12-12,533.99,residential,India
1,2052-12-13,539.27,residential,India
1,2052-12-14,514.0,residential,India
1,2052-12-15,560.17,residential,India
1,2052-12-16,518.81,residential,India
1,2052-12-17,563.26,residential,India
1,2052-12-18,566.71,residential,India
1,2052-12-19,547.18,residential,India
1,2052-12-20,542.4,residential,India
1,2052-12-21,564.95,residential,India
1,2052-12-22,522.64,residential,India
1,2052-12-23,547.56,residential,India
1,2052-12-24,543.35,residential,India
1,2052-12-25,541.28,residential,India
1,2052-12-26,565.62,residential,India
1,2052-12-27,554.68,residential,India
1,2052-12-28,546.01,residential,India
1,2052-12-29,578.95,residential,India
1,2052-12-30,537.37,residential,India
1,2052-12-31,552.78,residential,India
1,2053-01-01,561.9,residential,India
1,2053-01-02,571.2,residential,India
1,2053-01-03,558.59,residential,India
1,2053-01-04,505.92,residential,India
1,2053-01-05,568.11,residential,India
1,2053-01-06,560.42,residential,India
1,2053-01-07,511.08,residential,India
1,2053-01-08,528.32,residential,India
1,2053-01-09,573.07,residential,India
1,2053-01-10,561.16,residential,India
1,2053-01-11,553.89,residential,India
1,2053-01-12,499.16,residential,India
1,2053-01-13,564.57,residential,India
1,2053-01-14,537.63,residential,India
1,2053-01-15,526.8,residential,India
1,2053-01-16,541.01,residential,India
1,2053-01-17,577.43,residential,India
1,2053-01-18,553.87,residential,India
1,2053-01-19,529.51,residential,India
1,2053-01-20,539.29,residential,India
1,2053-01-21,527.16,residential,India
1,2053-01-22,506.11,residential,India
1,2053-01-23,566.44,residential,India
1,2053-01-24,562.93,residential,India
1,2053-01-25,565.1,residential,India
1,2053-01-26,541.71,residential,India
1,2053-01-27,564.68,residential,India
1,2053-01-28,525.8,residential,India
1,2053-01-29,542.08,residential,India
1,2053-01-30,538.55,residential,India
1,2053-01-31,528.31,residential,India
1,2053-02-01,526.72,residential,India
1,2053-02-02,549.46,residential,India
1,2053-02-03,575.03,residential,India
1,2053-02-04,529.62,residential,India
1,2053-02-05,551.3,residential,India
1,2053-02-06,526.8,residential,India
1,2053-02-07,517.04,residential,India
1,2053-02-08,545.76,residential,India
1,2053-02-09,549.95,residential,India
1,2053-02-10,556.63,residential,India
1,2053-02-11,564.03,residential,India
1,2053-02-12,553.36,residential,India
1,2053-02-13,547.97,residential,India
1,2053-02-14,521.89,residential,India
1,2053-02-15,566.55,residential,India
1,2053-02-16,576.58,residential,India
1,2053-02-17,558.56,residential,India
1,2053-02-18,522.08,residential,India
1,2053-02-19,568.8,residential,India
1,2053-02-20,528.48,residential,India
1,2053-02-21,545.91,residential,India
1,2053-02-22,556.99,residential,India
1,2053-02-23,540.91,residential,India
1,2053-02-24,556.37,residential,India
1,2053-02-25,527.33,residential,India
1,2053-02-26,528.55,residential,India
1,2053-02-27,559.02,residential,India
1,2053-02-28,550.59,residential,India
1,2053-03-01,529.23,residential,India
1,2053-03-02,546.6,residential,India
1,2053-03-03,498.52,residential,India
1,2053-03-04,533.78,residential,India
1,2053-03-05,526.81,residential,India
1,2053-03-06,575.91,residential,India
1,2053-03-07,575.2,residential,India
1,2053-03-08,560.4,residential,India
1,2053-03-09,544.6,residential,India
1,2053-03-10,549.31,residential,India
1,2053-03-11,532.51,residential,India
1,2053-03-12,587.83,residential,India
1,2053-03-13,519.18,residential,India
1,2053-03-14,545.77,residential,India
1,2053-03-15,591.89,residential,India
1,2053-03-16,539.07,residential,India
1,2053-03-17,549.89,residential,India
1,2053-03-18,563.48,residential,India
1,2053-03-19,562.66,residential,India
1,2053-03-20,543.66,residential,India
1,2053-03-21,554.4,residential,India
1,2053-03-22,581.61,residential,India
1,2053-03-23,530.41,residential,India
1,2053-03-24,548.84,residential,India
1,2053-03-25,556.53,residential,India
1,2053-03-26,598.28,residential,India
1,2053-03-27,543.43,residential,India
1,2053-03-28,574.45,residential,India
1,2053-03-29,533.7,residential,India
1,2053-03-30,544.96,residential,India
1,2053-03-31,581.12,residential,India
1,2053-04-01,549.0,residential,India
1,2053-04-02,545.36,residential,India
1,2053-04-03,547.43,residential,India
1,2053-04-04,519.95,residential,India
1,2053-04-05,580.21,residential,India
1,2053-04-06,529.32,residential,India
1,2053-04-07,541.6,residential,India
1,2053-04-08,561.25,residential,India
1,2053-04-09,551.57,residential,India
1,2053-04-10,569.13,residential,India
1,2053-04-11,580.74,residential,India
1,2053-04-12,561.68,residential,India
1,2053-04-13,566.22,residential,India
1,2053-04-14,574.86,residential,India
1,2053-04-15,565.6,residential,India
1,2053-04-16,564.97,residential,India
1,2053-04-17,531.5,residential,India
1,2053-04-18,579.45,residential,India
1,2053-04-19,579.52,residential,India
1,2053-04-20,546.98,residential,India
1,2053-04-21,580.46,residential,India
1,2053-04-22,552.24,residential,India
1,2053-04-23,562.45,residential,India
1,2053-04-24,560.68,residential,India
1,2053-04-25,524.44,residential,India
1,2053-04-26,517.73,residential,India
1,2053-04-27,535.33,residential,India
1,2053-04-28,550.74,residential,India
1,2053-04-29,569.25,residential,India
1,2053-04-30,566.39,residential,India
1,2053-05-01,563.65,residential,India
1,2053-05-02,578.11,residential,India
1,2053-05-03,578.22,residential,India
1,2053-05-04,558.17,residential,India
1,2053-05-05,576.29,residential,India
1,2053-05-06,526.28,residential,India
1,2053-05-07,581.25,residential,India
1,2053-05-08,569.77,residential,India
1,2053-05-09,544.72,residential,India
1,2053-05-10,564.8,residential,India
1,2053-05-11,594.64,residential,India
1,2053-05-12,562.43,residential,India
1,2053-05-13,557.47,residential,India
1,2053-05-14,559.7,residential,India
1,2053-05-15,537.46,residential,India
1,2053-05-16,544.63,residential,India
1,2053-05-17,535.67,residential,India
1,2053-05-18,546.69,residential,India
1,2053-05-19,510.28,residential,India
1,2053-05-20,566.13,residential,India
1,2053-05-21,572.01,residential,India
1,2053-05-22,588.7,residential,India
1,2053-05-23,557.89,residential,India
1,2053-05-24,585.34,residential,India
1,2053-05-25,551.83,residential,India
1,2053-05-26,558.08,residential,India
1,2053-05-27,565.41,residential,India
1,2053-05-28,517.35,residential,India
1,2053-05-29,566.06,residential,India
1,2053-05-30,588.82,residential,India
1,2053-05-31,577.96,residential,India
1,2053-06-01,560.01,residential,India
1,2053-06-02,524.18,residential,India
1,2053-06-03,567.83,residential,India
1,2053-06-04,566.66,residential,India
1,2053-06-05,593.59,residential,India
1,2053-06-06,528.21,residential,India
1,2053-06-07,526.82,residential,India
1,2053-06-08,540.19,residential,India
1,2053-06-09,603.44,residential,India
1,2053-06-10,568.57,residential,India
1,2053-06-11,556.08,residential,India
1,2053-06-12,554.53,residential,India
1,2053-06-13,582.33,residential,India
1,2053-06-14,576.22,residential,India
1,2053-06-15,559.12,residential,India
1,2053-06-16,594.73,residential,India
1,2053-06-17,571.4,residential,India
1,2053-06-18,548.39,residential,India
1,2053-06-19,543.72,residential,India
1,2053-06-20,556.69,residential,India
1,2053-06-21,579.0,residential,India
1,2053-06-22,559.81,residential,India
1,2053-06-23,532.67,residential,India
1,2053-06-24,546.44,residential,India
1,2053-06-25,575.68,residential,India
1,2053-06-26,572.27,residential,India
1,2053-06-27,590.2,residential,India
1,2053-06-28,585.55,residential,India
1,2053-06-29,550.02,residential,India
1,2053-06-30,531.18,residential,India
1,2053-07-01,585.98,residential,India
1,2053-07-02,586.92,residential,India
1,2053-07-03,591.44,residential,India
1,2053-07-04,573.32,residential,India
1,2053-07-05,576.38,residential,India
1,2053-07-06,590.12,residential,India
1,2053-07-07,565.11,residential,India
1,2053-07-08,596.58,residential,India
1,2053-07-09,557.81,residential,India
1,2053-07-10,556.26,residential,India
1,2053-07-11,542.93,residential,India
1,2053-07-12,581.47,residential,India
1,2053-07-13,542.03,residential,India
1,2053-07-14,509.03,residential,India
1,2053-07-15,587.63,residential,India
1,2053-07-16,561.95,residential,India
1,2053-07-17,575.08,residential,India
1,2053-07-18,557.56,residential,India
1,2053-07-19,595.04,residential,India
1,2053-07-20,548.13,residential,India
1,2053-07-21,572.4,residential,India
1,2053-07-22,581.1,residential,India
1,2053-07-23,557.57,residential,India
1,2053-07-24,546.03,residential,India
1,2053-07-25,576.88,residential,India
1,2053-07-26,550.22,residential,India
1,2053-07-27,619.89,residential,India
1,2053-07-28,578.35,residential,India
1,2053-07-29,597.24,residential,India
1,2053-07-30,565.41,residential,India
1,2053-07-31,598.32,residential,India
1,2053-08-01,528.56,residential,India
1,2053-08-02,554.5,residential,India
1,2053-08-03,561.53,residential,India
1,2053-08-04,549.64,residential,India
1,2053-08-05,552.14,residential,India
1,2053-08-06,568.81,residential,India
1,2053-08-07,578.71,residential,India
1,2053-08-08,571.49,residential,India
1,2053-08-09,543.43,residential,India
1,2053-08-10,579.63,residential,India
1,2053-08-11,585.83,residential,India
1,2053-08-12,574.37,residential,India
1,2053-08-13,535.02,residential,India
1,2053-08-14,575.46,residential,India
1,2053-08-15,583.41,residential,India
1,2053-08-16,596.99,residential,India
1,2053-08-17,547.56,residential,India
1,2053-08-18,576.69,residential,India
1,2053-08-19,571.07,residential,India
1,2053-08-20,562.24,residential,India
1,2053-08-21,602.28,residential,India
1,2053-08-22,566.34,residential,India
1,2053-08-23,571.0,residential,India
1,2053-08-24,602.22,residential,India
1,2053-08-25,583.34,residential,India
1,2053-08-26,578.21,residential,India
1,2053-08-27,569.26,residential,India
1,2053-08-28,536.29,residential,India
1,2053-08-29,606.9,residential,India
1,2053-08-30,591.84,residential,India
1,2053-08-31,579.63,residential,India
1,2053-09-01,626.26,residential,India
1,2053-09-02,606.82,residential,India
1,2053-09-03,594.09,residential,India
1,2053-09-04,583.85,residential,India
1,2053-09-05,558.94,residential,India
1,2053-09-06,566.47,residential,India
1,2053-09-07,568.99,residential,India
1,2053-09-08,610.97,residential,India
1,2053-09-09,613.87,residential,India
1,2053-09-10,555.74,residential,India
1,2053-09-11,571.53,residential,India
1,2053-09-12,564.68,residential,India
1,2053-09-13,558.28,residential,India
1,2053-09-14,592.71,residential,India
1,2053-09-15,572.4,residential,India
1,2053-09-16,568.22,residential,India
1,2053-09-17,573.14,residential,India
1,2053-09-18,553.87,residential,India
1,2053-09-19,557.44,residential,India
1,2053-09-20,580.5,residential,India
1,2053-09-21,551.42,residential,India
1,2053-09-22,534.66,residential,India
1,2053-09-23,584.62,residential,India
1,2053-09-24,599.28,residential,India
1,2053-09-25,607.91,residential,India
1,2053-09-26,549.43,residential,India
1,2053-09-27,575.63,residential,India
1,2053-09-28,543.13,residential,India
1,2053-09-29,587.62,residential,India
1,2053-09-30,587.86,residential,India
1,2053-10-01,582.35,residential,India
1,2053-10-02,576.46,residential,India
1,2053-10-03,610.99,residential,India
1,2053-10-04,541.79,residential,India
1,2053-10-05,623.47,residential,India
1,2053-10-06,596.04,residential,India
1,2053-10-07,580.86,residential,India
1,2053-10-08,544.52,residential,India
1,2053-10-09,592.95,residential,India
1,2053-10-10,576.24,residential,India
1,2053-10-11,568.73,residential,India
1,2053-10-12,568.74,residential,India
1,2053-10-13,587.73,residential,India
1,2053-10-14,601.29,residential,India
1,2053-10-15,585.52,residential,India
1,2053-10-16,542.39,residential,India
1,2053-10-17,593.63,residential,India
1,2053-10-18,598.39,residential,India
1,2053-10-19,576.91,residential,India
1,2053-10-20,581.02,residential,India
1,2053-10-21,588.17,residential,India
1,2053-10-22,565.65,residential,India
1,2053-10-23,578.44,residential,India
1,2053-10-24,600.3,residential,India
1,2053-10-25,553.03,residential,India
1,2053-10-26,629.62,residential,India
1,2053-10-27,609.95,residential,India
1,2053-10-28,586.7,residential,India
1,2053-10-29,606.98,residential,India
1,2053-10-30,547.49,residential,India
1,2053-10-31,568.33,residential,India
1,2053-11-01,582.34,residential,India
1,2053-11-02,588.71,residential,India
1,2053-11-03,587.71,residential,India
1,2053-11-04,613.38,residential,India
1,2053-11-05,593.55,residential,India
1,2053-11-06,577.78,residential,India
1,2053-11-07,574.93,residential,India
1,2053-11-08,555.61,residential,India
1,2053-11-09,585.91,residential,India
1,2053-11-10,565.53,residential,India
1,2053-11-11,611.42,residential,India
1,2053-11-12,599.22,residential,India
1,2053-11-13,575.0,residential,India
1,2053-11-14,540.36,residential,India
1,2053-11-15,589.29,residential,India
1,2053-11-16,586.09,residential,India
1,2053-11-17,607.43,residential,India
1,2053-11-18,572.37,residential,India
1,2053-11-19,558.38,residential,India
1,2053-11-20,622.28,residential,India
1,2053-11-21,552.57,residential,India
1,2053-11-22,598.08,residential,India
1,2053-11-23,576.78,residential,India
1,2053-11-24,593.77,residential,India
1,2053-11-25,586.94,residential,India
1,2053-11-26,584.97,residential,India
1,2053-11-27,620.49,residential,India
1,2053-11-28,627.29,residential,India
1,2053-11-29,571.93,residential,India
1,2053-11-30,591.29,residential,India
1,2053-12-01,595.61,residential,India
1,2053-12-02,573.11,residential,India
1,2053-12-03,582.14,residential,India
1,2053-12-04,590.05,residential,India
1,2053-12-05,533.95,residential,India
1,2053-12-06,562.87,residential,India
1,2053-12-07,580.05,residential,India
1,2053-12-08,542.98,residential,India
1,2053-12-09,554.55,residential,India
1,2053-12-10,564.67,residential,India
1,2053-12-11,609.54,residential,India
1,2053-12-12,542.79,residential,India
1,2053-12-13,617.53,residential,India
1,2053-12-14,585.05,residential,India
1,2053-12-15,581.18,residential,India
1,2053-12-16,588.9,residential,India
1,2053-12-17,590.52,residential,India
1,2053-12-18,588.19,residential,India
1,2053-12-19,599.42,residential,India
1,2053-12-20,551.31,residential,India
1,2053-12-21,580.57,residential,India
1,2053-12-22,604.33,residential,India
1,2053-12-23,578.84,residential,India
1,2053-12-24,616.7,residential,India
1,2053-12-25,587.48,residential,India
1,2053-12-26,545.46,residential,India
1,2053-12-27,622.12,residential,India
1,2053-12-28,590.92,residential,India
1,2053-12-29,582.72,residential,India
1,2053-12-30,593.09,residential,India
1,2053-12-31,614.74,residential,India
1,2054-01-01,608.53,residential,India
1,2054-01-02,624.64,residential,India
1,2054-01-03,591.31,residential,India
1,2054-01-04,643.58,residential,India
1,2054-01-05,584.66,residential,India
1,2054-01-06,613.95,residential,India
1,2054-01-07,569.3,residential,India
1,2054-01-08,575.19,residential,India
1,2054-01-09,571.38,residential,India
1,2054-01-10,567.29,residential,India
1,2054-01-11,595.52,residential,India
1,2054-01-12,590.08,residential,India
1,2054-01-13,597.77,residential,India
1,2054-01-14,565.4,residential,India
1,2054-01-15,611.64,residential,India
1,2054-01-16,607.71,residential,India
1,2054-01-17,619.7,residential,India
1,2054-01-18,583.66,residential,India
1,2054-01-19,593.23,residential,India
1,2054-01-20,604.42,residential,India
1,2054-01-21,579.82,residential,India
1,2054-01-22,583.99,residential,India
1,2054-01-23,577.19,residential,India
1,2054-01-24,608.92,residential,India
1,2054-01-25,617.55,residential,India
1,2054-01-26,588.86,residential,India
1,2054-01-27,569.97,residential,India
1,2054-01-28,546.15,residential,India
1,2054-01-29,588.23,residential,India
1,2054-01-30,575.05,residential,India
1,2054-01-31,607.74,residential,India
1,2054-02-01,584.11,residential,India
1,2054-02-02,591.2,residential,India
1,2054-02-03,616.78,residential,India
1,2054-02-04,546.99,residential,India
1,2054-02-05,622.44,residential,India
1,2054-02-06,565.32,residential,India
1,2054-02-07,593.46,residential,India
1,2054-02-08,577.26,residential,India
1,2054-02-09,585.74,residential,India
1,2054-02-10,578.68,residential,India
1,2054-02-11,596.61,residential,India
1,2054-02-12,622.66,residential,India
1,2054-02-13,561.61,residential,India
1,2054-02-14,606.72,residential,India
1,2054-02-15,603.38,residential,India
1,2054-02-16,602.43,residential,India
1,2054-02-17,602.61,residential,India
1,2054-02-18,612.28,residential,India
1,2054-02-19,586.06,residential,India
1,2054-02-20,632.34,residential,India
1,2054-02-21,582.43,residential,India
1,2054-02-22,549.68,residential,India
1,2054-02-23,595.15,residential,India
1,2054-02-24,620.17,residential,India
1,2054-02-25,561.09,residential,India
1,2054-02-26,610.72,residential,India
1,2054-02-27,580.24,residential,India
1,2054-02-28,612.18,residential,India
1,2054-03-01,595.2,residential,India
1,2054-03-02,593.16,residential,India
1,2054-03-03,604.46,residential,India
1,2054-03-04,583.26,residential,India
1,2054-03-05,586.42,residential,India
1,2054-03-06,616.66,residential,India
1,2054-03-07,587.52,residential,India
1,2054-03-08,607.58,residential,India
1,2054-03-09,608.54,residential,India
1,2054-03-10,600.88,residential,India
1,2054-03-11,627.65,residential,India
1,2054-03-12,606.15,residential,India
1,2054-03-13,558.33,residential,India
1,2054-03-14,591.85,residential,India
1,2054-03-15,574.28,residential,India
1,2054-03-16,628.26,residential,India
1,2054-03-17,570.33,residential,India
1,2054-03-18,599.03,residential,India
1,2054-03-19,547.32,residential,India
1,2054-03-20,583.74,residential,India
1,2054-03-21,645.1,residential,India
1,2054-03-22,610.87,residential,India
1,2054-03-23,578.72,residential,India
1,2054-03-24,566.81,residential,India
1,2054-03-25,574.08,residential,India
1,2054-03-26,557.01,residential,India
1,2054-03-27,612.49,residential,India
1,2054-03-28,608.51,residential,India
1,2054-03-29,616.53,residential,India
1,2054-03-30,614.18,residential,India
1,2054-03-31,603.99,residential,India
1,2054-04-01,644.82,residential,India
1,2054-04-02,611.82,residential,India
1,2054-04-03,595.94,residential,India
1,2054-04-04,618.58,residential,India
1,2054-04-05,608.48,residential,India
1,2054-04-06,615.98,residential,India
1,2054-04-07,597.35,residential,India
1,2054-04-08,580.76,residential,India
1,2054-04-09,592.82,residential,India
1,2054-04-10,565.58,residential,India
1,2054-04-11,584.17,residential,India
1,2054-04-12,620.47,residential,India
1,2054-04-13,600.01,residential,India
1,2054-04-14,592.76,residential,India
1,2054-04-15,610.54,residential,India
1,2054-04-16,603.05,residential,India
1,2054-04-17,629.31,residential,India
1,2054-04-18,624.37,residential,India
1,2054-04-19,593.1,residential,India
1,2054-04-20,640.93,residential,India
1,2054-04-21,629.25,residential,India
1,2054-04-22,639.03,residential,India
1,2054-04-23,564.18,residential,India
1,2054-04-24,619.26,residential,India
1,2054-04-25,620.21,residential,India
1,2054-04-26,586.22,residential,India
1,2054-04-27,581.2,residential,India
1,2054-04-28,602.28,residential,India
1,2054-04-29,616.54,residential,India
1,2054-04-30,618.94,residential,India
1,2054-05-01,600.38,residential,India
1,2054-05-02,572.61,residential,India
1,2054-05-03,622.33,residential,India
1,2054-05-04,627.94,residential,India
1,2054-05-05,604.89,residential,India
1,2054-05-06,591.08,residential,India
1,2054-05-07,623.21,residential,India
1,2054-05-08,657.15,residential,India
1,2054-05-09,604.37,residential,India
1,2054-05-10,628.53,residential,India
1,2054-05-11,579.3,residential,India
1,2054-05-12,577.6,residential,India
1,2054-05-13,586.84,residential,India
1,2054-05-14,622.34,residential,India
1,2054-05-15,609.0,residential,India
1,2054-05-16,625.49,residential,India
1,2054-05-17,621.25,residential,India
1,2054-05-18,591.71,residential,India
1,2054-05-19,605.74,residential,India
1,2054-05-20,592.85,residential,India
1,2054-05-21,599.65,residential,India
1,2054-05-22,605.76,residential,India
1,2054-05-23,633.85,residential,India
1,2054-05-24,587.74,residential,India
1,2054-05-25,595.03,residential,India
1,2054-05-26,619.39,residential,India
1,2054-05-27,617.57,residential,India
1,2054-05-28,599.38,residential,India
1,2054-05-29,646.23,residential,India
1,2054-05-30,618.48,residential,India
1,2054-05-31,631.06,residential,India
1,2054-06-01,613.42,residential,India
1,2054-06-02,622.31,residential,India
1,2054-06-03,622.17,residential,India
1,2054-06-04,618.21,residential,India
1,2054-06-05,563.75,residential,India
1,2054-06-06,620.27,residential,India
1,2054-06-07,628.82,residential,India
1,2054-06-08,614.29,residential,India
1,2054-06-09,614.57,residential,India
1,2054-06-10,607.3,residential,India
1,2054-06-11,606.63,residential,India
1,2054-06-12,617.67,residential,India
1,2054-06-13,621.34,residential,India
1,2054-06-14,642.88,residential,India
1,2054-06-15,607.54,residential,India
1,2054-06-16,616.0,residential,India
1,2054-06-17,614.22,residential,India
1,2054-06-18,636.09,residential,India
1,2054-06-19,606.79,residential,India
1,2054-06-20,596.2,residential,India
1,2054-06-21,606.43,residential,India
1,2054-06-22,661.88,residential,India
1,2054-06-23,627.09,residential,India
1,2054-06-24,614.73,residential,India
1,2054-06-25,601.77,residential,India
1,2054-06-26,631.07,residential,India
1,2054-06-27,612.51,residential,India
1,2054-06-28,647.51,residential,India
1,2054-06-29,611.74,residential,India
1,2054-06-30,608.87,residential,India
1,2054-07-01,610.2,residential,India
1,2054-07-02,622.64,residential,India
1,2054-07-03,639.27,residential,India
1,2054-07-04,617.36,residential,India
1,2054-07-05,619.84,residential,India
1,2054-07-06,634.19,residential,India
1,2054-07-07,602.33,residential,India
1,2054-07-08,600.07,residential,India
1,2054-07-09,614.6,residential,India
1,2054-07-10,623.74,residential,India
1,2054-07-11,616.66,residential,India
1,2054-07-12,613.46,residential,India
1,2054-07-13,620.65,residential,India
1,2054-07-14,641.13,residential,India
1,2054-07-15,613.2,residential,India
1,2054-07-16,601.39,residential,India
1,2054-07-17,640.07,residential,India
1,2054-07-18,624.96,residential,India
1,2054-07-19,616.78,residential,India
1,2054-07-20,609.04,residential,India
1,2054-07-21,597.5,residential,India
1,2054-07-22,607.2,residential,India
1,2054-07-23,609.1,residential,India
1,2054-07-24,600.61,residential,India
1,2054-07-25,627.89,residential,India
1,2054-07-26,643.79,residential,India
1,2054-07-27,642.18,residential,India
1,2054-07-28,620.39,residential,India
1,2054-07-29,590.81,residential,India
1,2054-07-30,629.41,residential,India
1,2054-07-31,617.05,residential,India
1,2054-08-01,637.2,residential,India
1,2054-08-02,640.2,residential,India
1,2054-08-03,656.24,residential,India
1,2054-08-04,610.27,residential,India
1,2054-08-05,618.58,residential,India
1,2054-08-06,619.79,residential,India
1,2054-08-07,629.07,residential,India
1,2054-08-08,644.81,residential,India
1,2054-08-09,631.56,residential,India
1,2054-08-10,638.44,residential,India
1,2054-08-11,630.85,residential,India
1,2054-08-12,604.03,residential,India
1,2054-08-13,609.55,residential,India
1,2054-08-14,623.19,residential,India
1,2054-08-15,637.02,residential,India
1,2054-08-16,596.55,residential,India
1,2054-08-17,602.74,residential,India
1,2054-08-18,587.86,residential,India
1,2054-08-19,617.69,residential,India
1,2054-08-20,620.22,residential,India
1,2054-08-21,609.0,residential,India
1,2054-08-22,603.93,residential,India
1,2054-08-23,645.1,residential,India
1,2054-08-24,627.31,residential,India
1,2054-08-25,600.25,residential,India
1,2054-08-26,621.77,residential,India
1,2054-08-27,621.18,residential,India
1,2054-08-28,629.67,residential,India
1,2054-08-29,615.7,residential,India
1,2054-08-30,633.53,residential,India
1,2054-08-31,628.4,residential,India
1,2054-09-01,650.65,residential,India
1,2054-09-02,637.59,residential,India
1,2054-09-03,599.42,residential,India
1,2054-09-04,626.76,residential,India
1,2054-09-05,620.48,residential,India
1,2054-09-06,579.45,residential,India
1,2054-09-07,574.1,residential,India
1,2054-09-08,634.46,residential,India
1,2054-09-09,617.01,residential,India
1,2054-09-10,608.63,residential,India
1,2054-09-11,616.9,residential,India
1,2054-09-12,628.66,residential,India
1,2054-09-13,649.36,residential,India
1,2054-09-14,640.33,residential,India
1,2054-09-15,625.22,residential,India
1,2054-09-16,631.18,residential,India
1,2054-09-17,605.88,residential,India
1,2054-09-18,632.48,residential,India
1,2054-09-19,638.46,residential,India
1,2054-09-20,657.0,residential,India
1,2054-09-21,609.63,residential,India
1,2054-09-22,625.07,residential,India
1,2054-09-23,640.81,residential,India
1,2054-09-24,613.02,residential,India
1,2054-09-25,633.84,residential,India
1,2054-09-26,641.54,residential,India
1,2054-09-27,627.64,residential,India
1,2054-09-28,617.47,residential,India
1,2054-09-29,636.78,residential,India
1,2054-09-30,649.26,residential,India
1,2054-10-01,640.54,residential,India
1,2054-10-02,632.28,residential,India
1,2054-10-03,615.23,residential,India
1,2054-10-04,644.86,residential,India
1,2054-10-05,617.21,residential,India
1,2054-10-06,628.93,residential,India
1,2054-10-07,613.33,residential,India
1,2054-10-08,637.55,residential,India
1,2054-10-09,633.74,residential,India
1,2054-10-10,656.18,residential,India
1,2054-10-11,605.99,residential,India
1,2054-10-12,638.23,residential,India
1,2054-10-13,662.71,residential,India
1,2054-10-14,632.26,residential,India
1,2054-10-15,627.05,residential,India
1,2054-10-16,614.13,residential,India
1,2054-10-17,631.21,residential,India
1,2054-10-18,622.56,residential,India
1,2054-10-19,608.26,residential,India
1,2054-10-20,609.74,residential,India
1,2054-10-21,655.57,residential,India
1,2054-10-22,615.64,residential,India
1,2054-10-23,622.48,residential,India
1,2054-10-24,621.77,residential,India
1,2054-10-25,623.89,residential,India
1,2054-10-26,633.71,residential,India
1,2054-10-27,633.77,residential,India
1,2054-10-28,633.93,residential,India
1,2054-10-29,625.75,residential,India
1,2054-10-30,629.0,residential,India
1,2054-10-31,634.38,residential,India
1,2054-11-01,650.47,residential,India
1,2054-11-02,630.48,residential,India
1,2054-11-03,644.72,residential,India
1,2054-11-04,655.0,residential,India
1,2054-11-05,653.56,residential,India
1,2054-11-06,614.39,residential,India
1,2054-11-07,598.09,residential,India
1,2054-11-08,607.29,residential,India
1,2054-11-09,623.72,residential,India
1,2054-11-10,638.58,residential,India
1,2054-11-11,616.85,residential,India
1,2054-11-12,641.44,residential,India
1,2054-11-13,568.08,residential,India
1,2054-11-14,653.29,residential,India
1,2054-11-15,622.63,residential,India
1,2054-11-16,649.27,residential,India
1,2054-11-17,613.12,residential,India
1,2054-11-18,648.83,residential,India
1,2054-11-19,624.42,residential,India
1,2054-11-20,669.9,residential,India
1,2054-11-21,621.28,residential,India
1,2054-11-22,653.08,residential,India
1,2054-11-23,637.03,residential,India
1,2054-11-24,632.16,residential,India
1,2054-11-25,599.13,residential,India
1,2054-11-26,610.72,residential,India
1,2054-11-27,624.1,residential,India
1,2054-11-28,623.8,residential,India
1,2054-11-29,639.16,residential,India
1,2054-11-30,629.09,residential,India
1,2054-12-01,634.83,residential,India
1,2054-12-02,651.63,residential,India
1,2054-12-03,631.76,residential,India
1,2054-12-04,664.5,residential,India
1,2054-12-05,596.29,residential,India
1,2054-12-06,626.35,residential,India
1,2054-12-07,624.72,residential,India
1,2054-12-08,611.46,residential,India
1,2054-12-09,648.29,residential,India
1,2054-12-10,605.38,residential,India
1,2054-12-11,606.32,residential,India
1,2054-12-12,630.44,residential,India
1,2054-12-13,627.96,residential,India
1,2054-12-14,649.11,residential,India
1,2054-12-15,637.22,residential,India
1,2054-12-16,618.44,residential,India
1,2054-12-17,614.66,residential,India
1,2054-12-18,613.03,residential,India
1,2054-12-19,634.13,residential,India
1,2054-12-20,620.05,residential,India
1,2054-12-21,650.74,residential,India
1,2054-12-22,618.44,residential,India
1,2054-12-23,642.66,residential,India
1,2054-12-24,589.84,residential,India
1,2054-12-25,633.5,residential,India
1,2054-12-26,598.25,residential,India
1,2054-12-27,629.81,residential,India
1,2054-12-28,602.51,residential,India
1,2054-12-29,616.51,residential,India
1,2054-12-30,635.5,residential,India
1,2054-12-31,647.7,residential,India
1,2055-01-01,632.92,residential,India
1,2055-01-02,649.3,residential,India
1,2055-01-03,612.64,residential,India
1,2055-01-04,666.94,residential,India
1,2055-01-05,645.16,residential,India
1,2055-01-06,627.12,residential,India
1,2055-01-07,632.48,residential,India
1,2055-01-08,610.23,residential,India
1,2055-01-09,631.02,residential,India
1,2055-01-10,660.38,residential,India
1,2055-01-11,640.37,residential,India
1,2055-01-12,676.11,residential,India
1,2055-01-13,626.09,residential,India
1,2055-01-14,655.64,residential,India
1,2055-01-15,641.63,residential,India
1,2055-01-16,614.38,residential,India
1,2055-01-17,657.88,residential,India
1,2055-01-18,644.01,residential,India
1,2055-01-19,631.38,residential,India
1,2055-01-20,607.2,residential,India
1,2055-01-21,623.01,residential,India
1,2055-01-22,671.64,residential,India
1,2055-01-23,646.91,residential,India
1,2055-01-24,680.72,residential,India
1,2055-01-25,662.3,residential,India
1,2055-01-26,595.24,residential,India
1,2055-01-27,658.4,residential,India
1,2055-01-28,645.2,residential,India
1,2055-01-29,619.82,residential,India
1,2055-01-30,643.23,residential,India
1,2055-01-31,643.43,residential,India
1,2055-02-01,626.79,residential,India
1,2055-02-02,650.69,residential,India
1,2055-02-03,650.34,residential,India
1,2055-02-04,636.66,residential,India
1,2055-02-05,655.34,residential,India
1,2055-02-06,665.92,residential,India
1,2055-02-07,655.31,residential,India
1,2055-02-08,639.8,residential,India
1,2055-02-09,622.79,residential,India
1,2055-02-10,626.75,residential,India
1,2055-02-11,618.0,residential,India
1,2055-02-12,610.54,residential,India
1,2055-02-13,662.99,residential,India
1,2055-02-14,633.05,residential,India
1,2055-02-15,651.83,residential,India
1,2055-02-16,622.72,residential,India
1,2055-02-17,666.73,residential,India
1,2055-02-18,620.78,residential,India
1,2055-02-19,645.21,residential,India
1,2055-02-20,669.47,residential,India
1,2055-02-21,639.83,residential,India
1,2055-02-22,627.91,residential,India
1,2055-02-23,683.19,residential,India
1,2055-02-24,615.19,residential,India
1,2055-02-25,676.95,residential,India
1,2055-02-26,638.5,residential,India
1,2055-02-27,654.25,residential,India
1,2055-02-28,649.94,residential,India
1,2055-03-01,612.69,residential,India
1,2055-03-02,657.45,residential,India
1,2055-03-03,654.06,residential,India
1,2055-03-04,652.75,residential,India
1,2055-03-05,644.0,residential,India
1,2055-03-06,638.8,residential,India
1,2055-03-07,650.05,residential,India
1,2055-03-08,638.32,residential,India
1,2055-03-09,645.89,residential,India
1,2055-03-10,681.09,residential,India
1,2055-03-11,660.35,residential,India
1,2055-03-12,639.7,residential,India
1,2055-03-13,664.35,residential,India
1,2055-03-14,633.06,residential,India
1,2055-03-15,671.76,residential,India
1,2055-03-16,637.48,residential,India
1,2055-03-17,635.84,residential,India
1,2055-03-18,696.81,residential,India
1,2055-03-19,632.2,residential,India
1,2055-03-20,656.1,residential,India
1,2055-03-21,676.54,residential,India
1,2055-03-22,633.44,residential,India
1,2055-03-23,642.01,residential,India
1,2055-03-24,633.73,residential,India
1,2055-03-25,625.13,residential,India
1,2055-03-26,648.83,residential,India
1,2055-03-27,623.73,residential,India
1,2055-03-28,631.13,residential,India
1,2055-03-29,669.77,residential,India
1,2055-03-30,677.98,residential,India
1,2055-03-31,646.92,residential,India
1,2055-04-01,610.55,residential,India
1,2055-04-02,622.31,residential,India
1,2055-04-03,656.79,residential,India
1,2055-04-04,637.04,residential,India
1,2055-04-05,640.71,residential,India
1,2055-04-06,637.16,residential,India
1,2055-04-07,654.13,residential,India
1,2055-04-08,634.51,residential,India
1,2055-04-09,646.97,residential,India
1,2055-04-10,637.31,residential,India
1,2055-04-11,629.18,residential,India
1,2055-04-12,673.88,residential,India
1,2055-04-13,646.93,residential,India
1,2055-04-14,646.27,residential,India
1,2055-04-15,652.63,residential,India
1,2055-04-16,634.78,residential,India
1,2055-04-17,655.93,residential,India
1,2055-04-18,657.42,residential,India
1,2055-04-19,661.49,residential,India
1,2055-04-20,649.32,residential,India
1,2055-04-21,672.28,residential,India
1,2055-04-22,645.99,residential,India
1,2055-04-23,633.09,residential,India
1,2055-04-24,611.44,residential,India
1,2055-04-25,662.94,residential,India
1,2055-04-26,625.04,residential,India
1,2055-04-27,642.18,residential,India
1,2055-04-28,660.34,residential,India
1,2055-04-29,629.02,residential,India
1,2055-04-30,664.79,residential,India
1,2055-05-01,653.48,residential,India
1,2055-05-02,676.63,residential,India
1,2055-05-03,645.25,residential,India
1,2055-05-04,633.87,residential,India
1,2055-05-05,656.45,residential,India
1,2055-05-06,650.69,residential,India
1,2055-05-07,637.19,residential,India
1,2055-05-08,638.0,residential,India
1,2055-05-09,663.26,residential,India
1,2055-05-10,678.07,residential,India
1,2055-05-11,704.08,residential,India
1,2055-05-12,687.13,residential,India
1,2055-05-13,639.75,residential,India
1,2055-05-14,639.66,residential,India
1,2055-05-15,647.38,residential,India
1,2055-05-16,611.53,residential,India
1,2055-05-17,648.61,residential,India
1,2055-05-18,636.27,residential,India
1,2055-05-19,653.27,residential,India
1,2055-05-20,658.73,residential,India
1,2055-05-21,637.73,residential,India
1,2055-05-22,642.11,residential,India
1,2055-05-23,641.59,residential,India
1,2055-05-24,662.63,residential,India
1,2055-05-25,630.5,residential,India
1,2055-05-26,649.49,residential,India
1,2055-05-27,657.36,residential,India
1,2055-05-28,686.88,residential,India
1,2055-05-29,635.5,residential,India
1,2055-05-30,679.25,residential,India
1,2055-05-31,633.35,residential,India
1,2055-06-01,665.83,residential,India
1,2055-06-02,592.36,residential,India
1,2055-06-03,637.92,residential,India
1,2055-06-04,671.6,residential,India
1,2055-06-05,631.31,residential,India
1,2055-06-06,640.45,residential,India
1,2055-06-07,670.35,residential,India
1,2055-06-08,644.71,residential,India
1,2055-06-09,667.19,residential,India
1,2055-06-10,665.0,residential,India
1,2055-06-11,661.36,residential,India
1,2055-06-12,676.3,residential,India
1,2055-06-13,683.66,residential,India
1,2055-06-14,648.33,residential,India
1,2055-06-15,636.29,residential,India
1,2055-06-16,659.61,residential,India
1,2055-06-17,675.09,residential,India
1,2055-06-18,657.56,residential,India
1,2055-06-19,643.58,residential,India
1,2055-06-20,653.21,residential,India
1,2055-06-21,661.85,residential,India
1,2055-06-22,636.3,residential,India
1,2055-06-23,651.65,residential,India
1,2055-06-24,660.16,residential,India
1,2055-06-25,659.55,residential,India
1,2055-06-26,639.19,residential,India
1,2055-06-27,671.46,residential,India
1,2055-06-28,645.34,residential,India
1,2055-06-29,655.64,residential,India
1,2055-06-30,634.69,residential,India
1,2055-07-01,657.35,residential,India
1,2055-07-02,622.7,residential,India
1,2055-07-03,662.29,residential,India
1,2055-07-04,634.86,residential,India
1,2055-07-05,638.22,residential,India
1,2055-07-06,634.37,residential,India
1,2055-07-07,641.06,residential,India
1,2055-07-08,619.61,residential,India
1,2055-07-09,650.79,residential,India
1,2055-07-10,664.32,residential,India
1,2055-07-11,643.23,residential,India
1,2055-07-12,651.86,residential,India
1,2055-07-13,636.48,residential,India
1,2055-07-14,655.24,residential,India
1,2055-07-15,642.52,residential,India
1,2055-07-16,634.1,residential,India
1,2055-07-17,642.09,residential,India
1,2055-07-18,671.3,residential,India
1,2055-07-19,636.89,residential,India
1,2055-07-20,658.59,residential,India
1,2055-07-21,660.89,residential,India
1,2055-07-22,652.91,residential,India
1,2055-07-23,681.88,residential,India
1,2055-07-24,678.38,residential,India
1,2055-07-25,657.63,residential,India
1,2055-07-26,625.4,residential,India
1,2055-07-27,677.29,residential,India
1,2055-07-28,658.94,residential,India
1,2055-07-29,690.25,residential,India
1,2055-07-30,640.57,residential,India
1,2055-07-31,637.29,residential,India
1,2055-08-01,650.42,residential,India
1,2055-08-02,650.03,residential,India
1,2055-08-03,622.48,residential,India
1,2055-08-04,680.91,residential,India
1,2055-08-05,678.56,residential,India
1,2055-08-06,669.79,residential,India
1,2055-08-07,633.15,residential,India
1,2055-08-08,649.31,residential,India
1,2055-08-09,687.74,residential,India
1,2055-08-10,611.22,residential,India
1,2055-08-11,684.68,residential,India
1,2055-08-12,682.55,residential,India
1,2055-08-13,621.18,residential,India
1,2055-08-14,663.25,residential,India
1,2055-08-15,655.43,residential,India
1,2055-08-16,667.34,residential,India
1,2055-08-17,639.45,residential,India
1,2055-08-18,652.81,residential,India
1,2055-08-19,647.37,residential,India
1,2055-08-20,641.8,residential,India
1,2055-08-21,651.82,residential,India
1,2055-08-22,690.3,residential,India
1,2055-08-23,666.27,residential,India
1,2055-08-24,660.57,residential,India
1,2055-08-25,633.53,residential,India
1,2055-08-26,649.83,residential,India
1,2055-08-27,594.23,residential,India
1,2055-08-28,666.33,residential,India
1,2055-08-29,684.69,residential,India
1,2055-08-30,661.53,residential,India
1,2055-08-31,661.37,residential,India
1,2055-09-01,665.08,residential,India
1,2055-09-02,654.65,residential,India
1,2055-09-03,620.2,residential,India
1,2055-09-04,636.68,residential,India
1,2055-09-05,701.19,residential,India
1,2055-09-06,616.38,residential,India
1,2055-09-07,672.82,residential,India
1,2055-09-08,638.89,residential,India
1,2055-09-09,652.46,residential,India
1,2055-09-10,648.07,residential,India
1,2055-09-11,650.15,residential,India
1,2055-09-12,643.29,residential,India
1,2055-09-13,683.63,residential,India
1,2055-09-14,638.36,residential,India
1,2055-09-15,645.82,residential,India
1,2055-09-16,656.46,residential,India
1,2055-09-17,687.16,residential,India
1,2055-09-18,621.25,residential,India
1,2055-09-19,671.41,residential,India
1,2055-09-20,669.38,residential,India
1,2055-09-21,682.03,residential,India
1,2055-09-22,639.77,residential,India
1,2055-09-23,654.86,residential,India
1,2055-09-24,652.87,residential,India
1,2055-09-25,705.94,residential,India
1,2055-09-26,674.19,residential,India
1,2055-09-27,619.18,residential,India
1,2055-09-28,655.37,residential,India
1,2055-09-29,640.35,residential,India
1,2055-09-30,660.71,residential,India
1,2055-10-01,707.9,residential,India
1,2055-10-02,667.14,residential,India
1,2055-10-03,642.47,residential,India
1,2055-10-04,653.88,residential,India
1,2055-10-05,634.44,residential,India
1,2055-10-06,640.77,residential,India
1,2055-10-07,669.46,residential,India
1,2055-10-08,660.46,residential,India
1,2055-10-09,699.01,residential,India
1,2055-10-10,648.25,residential,India
1,2055-10-11,636.86,residential,India
1,2055-10-12,666.04,residential,India
1,2055-10-13,699.61,residential,India
1,2055-10-14,666.11,residential,India
1,2055-10-15,655.77,residential,India
1,2055-10-16,656.06,residential,India
1,2055-10-17,656.9,residential,India
1,2055-10-18,615.63,residential,India
1,2055-10-19,644.51,residential,India
1,2055-10-20,666.22,residential,India
1,2055-10-21,628.78,residential,India
1,2055-10-22,644.94,residential,India
1,2055-10-23,622.84,residential,India
1,2055-10-24,645.2,residential,India
1,2055-10-25,654.8,residential,India
1,2055-10-26,699.42,residential,India
1,2055-10-27,637.38,residential,India
1,2055-10-28,651.93,residential,India
1,2055-10-29,692.11,residential,India
1,2055-10-30,663.57,residential,India
1,2055-10-31,647.91,residential,India
1,2055-11-01,672.48,residential,India
1,2055-11-02,655.78,residential,India
1,2055-11-03,660.45,residential,India
1,2055-11-04,629.68,residential,India
1,2055-11-05,622.07,residential,India
1,2055-11-06,695.16,residential,India
1,2055-11-07,690.25,residential,India
1,2055-11-08,671.22,residential,India
1,2055-11-09,655.27,residential,India
1,2055-11-10,642.15,residential,India
1,2055-11-11,686.48,residential,India
1,2055-11-12,665.24,residential,India
1,2055-11-13,676.98,residential,India
1,2055-11-14,645.22,residential,India
1,2055-11-15,673.82,residential,India
1,2055-11-16,650.73,residential,India
1,2055-11-17,653.75,residential,India
1,2055-11-18,639.53,residential,India
1,2055-11-19,640.99,residential,India
1,2055-11-20,677.02,residential,India
1,2055-11-21,663.23,residential,India
1,2055-11-22,677.22,residential,India
1,2055-11-23,634.45,residential,India
1,2055-11-24,651.58,residential,India
1,2055-11-25,633.9,residential,India
1,2055-11-26,657.33,residential,India
1,2055-11-27,651.6,residential,India
1,2055-11-28,666.84,residential,India
1,2055-11-29,657.38,residential,India
1,2055-11-30,673.08,residential,India
1,2055-12-01,697.8,residential,India
1,2055-12-02,644.13,residential,India
1,2055-12-03,654.02,residential,India
1,2055-12-04,653.23,residential,India
1,2055-12-05,646.6,residential,India
1,2055-12-06,661.24,residential,India
1,2055-12-07,633.9,residential,India
1,2055-12-08,653.31,residential,India
1,2055-12-09,663.36,residential,India
1,2055-12-10,678.99,residential,India
1,2055-12-11,648.07,residential,India
1,2055-12-12,655.67,residential,India
1,2055-12-13,683.01,residential,India
1,2055-12-14,667.69,residential,India
1,2055-12-15,660.48,residential,India
1,2055-12-16,619.61,residential,India
1,2055-12-17,694.19,residential,India
1,2055-12-18,651.81,residential,India
1,2055-12-19,679.24,residential,India
1,2055-12-20,636.15,residential,India
1,2055-12-21,681.25,residential,India
1,2055-12-22,653.09,residential,India
1,2055-12-23,667.07,residential,India
1,2055-12-24,642.29,residential,India
1,2055-12-25,690.45,residential,India
1,2055-12-26,644.28,residential,India
1,2055-12-27,670.86,residential,India
1,2055-12-28,633.34,residential,India
1,2055-12-29,675.5,residential,India
1,2055-12-30,656.83,residential,India
1,2055-12-31,713.15,residential,India
1,2056-01-01,651.81,residential,India
1,2056-01-02,649.41,residential,India
1,2056-01-03,667.99,residential,India
1,2056-01-04,612.23,residential,India
1,2056-01-05,620.26,residential,India
1,2056-01-06,657.27,residential,India
1,2056-01-07,687.58,residential,India
1,2056-01-08,641.03,residential,India
1,2056-01-09,600.58,residential,India
1,2056-01-10,683.51,residential,India
1,2056-01-11,689.16,residential,India
1,2056-01-12,654.79,residential,India
1,2056-01-13,661.73,residential,India
1,2056-01-14,646.98,residential,India
1,2056-01-15,658.35,residential,India
1,2056-01-16,671.09,residential,India
1,2056-01-17,665.29,residential,India
1,2056-01-18,659.57,residential,India
1,2056-01-19,689.49,residential,India
1,2056-01-20,699.28,residential,India
1,2056-01-21,619.8,residential,India
1,2056-01-22,658.01,residential,India
1,2056-01-23,679.13,residential,India
1,2056-01-24,666.53,residential,India
1,2056-01-25,660.24,residential,India
1,2056-01-26,704.87,residential,India
1,2056-01-27,678.53,residential,India
1,2056-01-28,654.82,residential,India
1,2056-01-29,679.58,residential,India
1,2056-01-30,687.88,residential,India
1,2056-01-31,672.4,residential,India
1,2056-02-01,673.85,residential,India
1,2056-02-02,617.74,residential,India
1,2056-02-03,678.29,residential,India
1,2056-02-04,652.3,residential,India
1,2056-02-05,691.89,residential,India
1,2056-02-06,691.08,residential,India
1,2056-02-07,627.22,residential,India
1,2056-02-08,673.02,residential,India
1,2056-02-09,678.1,residential,India
1,2056-02-10,664.31,residential,India
1,2056-02-11,653.22,residential,India
1,2056-02-12,686.7,residential,India
1,2056-02-13,655.1,residential,India
1,2056-02-14,679.46,residential,India
1,2056-02-15,657.88,residential,India
1,2056-02-16,632.42,residential,India
1,2056-02-17,659.09,residential,India
1,2056-02-18,658.76,residential,India
1,2056-02-19,652.6,residential,India
1,2056-02-20,644.68,residential,India
1,2056-02-21,673.62,residential,India
1,2056-02-22,659.83,residential,India
1,2056-02-23,646.07,residential,India
1,2056-02-24,669.44,residential,India
1,2056-02-25,639.93,residential,India
1,2056-02-26,673.77,residential,India
1,2056-02-27,661.26,residential,India
1,2056-02-28,674.56,residential,India
1,2056-02-29,664.14,residential,India
1,2056-03-01,640.4,residential,India
1,2056-03-02,650.61,residential,India
1,2056-03-03,652.33,residential,India
1,2056-03-04,655.92,residential,India
1,2056-03-05,699.81,residential,India
1,2056-03-06,650.8,residential,India
1,2056-03-07,692.63,residential,India
1,2056-03-08,673.89,residential,India
1,2056-03-09,672.22,residential,India
1,2056-03-10,651.53,residential,India
1,2056-03-11,651.85,residential,India
1,2056-03-12,681.62,residential,India
1,2056-03-13,661.08,residential,India
1,2056-03-14,660.07,residential,India
1,2056-03-15,676.36,residential,India
1,2056-03-16,678.77,residential,India
1,2056-03-17,654.91,residential,India
1,2056-03-18,630.76,residential,India
1,2056-03-19,650.83,residential,India
1,2056-03-20,631.08,residential,India
1,2056-03-21,701.71,residential,India
1,2056-03-22,670.87,residential,India
1,2056-03-23,652.48,residential,India
1,2056-03-24,656.92,residential,India
1,2056-03-25,641.78,residential,India
1,2056-03-26,680.42,residential,India
1,2056-03-27,671.11,residential,India
1,2056-03-28,687.79,residential,India
1,2056-03-29,636.17,residential,India
1,2056-03-30,669.48,residential,India
1,2056-03-31,647.01,residential,India
1,2056-04-01,665.45,residential,India
1,2056-04-02,671.74,residential,India
1,2056-04-03,664.94,residential,India
1,2056-04-04,686.91,residential,India
1,2056-04-05,656.1,residential,India
1,2056-04-06,649.78,residential,India
1,2056-04-07,645.79,residential,India
1,2056-04-08,639.74,residential,India
1,2056-04-09,676.57,residential,India
1,2056-04-10,656.78,residential,India
1,2056-04-11,681.78,residential,India
1,2056-04-12,647.85,residential,India
1,2056-04-13,682.06,residential,India
1,2056-04-14,661.75,residential,India
1,2056-04-15,654.14,residential,India
1,2056-04-16,668.88,residential,India
1,2056-04-17,647.88,residential,India
1,2056-04-18,680.74,residential,India
1,2056-04-19,665.49,residential,India
1,2056-04-20,690.96,residential,India
1,2056-04-21,664.49,residential,India
1,2056-04-22,658.86,residential,India
1,2056-04-23,687.11,residential,India
1,2056-04-24,649.02,residential,India
1,2056-04-25,652.76,residential,India
1,2056-04-26,665.38,residential,India
1,2056-04-27,669.49,residential,India
1,2056-04-28,656.12,residential,India
1,2056-04-29,619.38,residential,India
1,2056-04-30,659.12,residential,India
1,2056-05-01,633.31,residential,India
1,2056-05-02,660.01,residential,India
1,2056-05-03,662.93,residential,India
1,2056-05-04,656.96,residential,India
1,2056-05-05,631.4,residential,India
1,2056-05-06,646.59,residential,India
1,2056-05-07,660.39,residential,India
1,2056-05-08,653.51,residential,India
1,2056-05-09,645.67,residential,India
1,2056-05-10,664.83,residential,India
1,2056-05-11,656.5,residential,India
1,2056-05-12,658.12,residential,India
1,2056-05-13,629.61,residential,India
1,2056-05-14,648.28,residential,India
1,2056-05-15,638.46,residential,India
1,2056-05-16,666.52,residential,India
1,2056-05-17,677.66,residential,India
1,2056-05-18,644.33,residential,India
1,2056-05-19,625.79,residential,India
1,2056-05-20,643.72,residential,India
1,2056-05-21,664.84,residential,India
1,2056-05-22,670.22,residential,India
1,2056-05-23,686.98,residential,India
1,2056-05-24,659.19,residential,India
1,2056-05-25,632.68,residential,India
1,2056-05-26,664.15,residential,India
1,2056-05-27,661.95,residential,India
1,2056-05-28,606.05,residential,India
1,2056-05-29,631.99,residential,India
1,2056-05-30,677.65,residential,India
1,2056-05-31,654.62,residential,India
1,2056-06-01,662.51,residential,India
1,2056-06-02,678.91,residential,India
1,2056-06-03,667.29,residential,India
1,2056-06-04,622.84,residential,India
1,2056-06-05,626.79,residential,India
1,2056-06-06,650.01,residential,India
1,2056-06-07,653.94,residential,India
1,2056-06-08,646.77,residential,India
1,2056-06-09,696.2,residential,India
1,2056-06-10,708.28,residential,India
1,2056-06-11,697.61,residential,India
1,2056-06-12,696.79,residential,India
1,2056-06-13,653.38,residential,India
1,2056-06-14,655.5,residential,India
1,2056-06-15,646.81,residential,India
1,2056-06-16,658.37,residential,India
1,2056-06-17,661.28,residential,India
1,2056-06-18,672.93,residential,India
1,2056-06-19,668.21,residential,India
1,2056-06-20,670.39,residential,India
1,2056-06-21,664.05,residential,India
1,2056-06-22,654.53,residential,India
1,2056-06-23,694.39,residential,India
1,2056-06-24,671.6,residential,India
1,2056-06-25,653.73,residential,India
1,2056-06-26,610.82,residential,India
1,2056-06-27,692.46,residential,India
1,2056-06-28,651.25,residential,India
1,2056-06-29,692.82,residential,India
1,2056-06-30,646.98,residential,India
1,2056-07-01,643.42,residential,India
1,2056-07-02,691.06,residential,India
1,2056-07-03,663.52,residential,India
1,2056-07-04,665.3,residential,India
1,2056-07-05,662.99,residential,India
1,2056-07-06,651.72,residential,India
1,2056-07-07,681.99,residential,India
1,2056-07-08,654.07,residential,India
1,2056-07-09,612.4,residential,India
1,2056-07-10,645.34,residential,India
1,2056-07-11,678.63,residential,India
1,2056-07-12,657.74,residential,India
1,2056-07-13,677.6,residential,India
1,2056-07-14,608.83,residential,India
1,2056-07-15,648.13,residential,India
1,2056-07-16,676.97,residential,India
1,2056-07-17,646.64,residential,India
1,2056-07-18,661.31,residential,India
1,2056-07-19,630.45,residential,India
1,2056-07-20,646.7,residential,India
1,2056-07-21,670.47,residential,India
1,2056-07-22,687.54,residential,India
1,2056-07-23,632.47,residential,India
1,2056-07-24,683.83,residential,India
1,2056-07-25,639.05,residential,India
1,2056-07-26,659.37,residential,India
1,2056-07-27,651.9,residential,India
1,2056-07-28,647.46,residential,India
1,2056-07-29,642.14,residential,India
1,2056-07-30,688.41,residential,India
1,2056-07-31,659.49,residential,India
1,2056-08-01,633.2,residential,India
1,2056-08-02,673.41,residential,India
1,2056-08-03,631.65,residential,India
1,2056-08-04,664.05,residential,India
1,2056-08-05,647.91,residential,India
1,2056-08-06,660.22,residential,India
1,2056-08-07,662.61,residential,India
1,2056-08-08,668.48,residential,India
1,2056-08-09,641.94,residential,India
1,2056-08-10,664.35,residential,India
1,2056-08-11,668.2,residential,India
1,2056-08-12,673.64,residential,India
1,2056-08-13,627.11,residential,India
1,2056-08-14,688.99,residential,India
1,2056-08-15,650.91,residential,India
1,2056-08-16,647.08,residential,India
1,2056-08-17,630.58,residential,India
1,2056-08-18,640.14,residential,India
1,2056-08-19,675.27,residential,India
1,2056-08-20,648.66,residential,India
1,2056-08-21,664.22,residential,India
1,2056-08-22,670.17,residential,India
1,2056-08-23,654.97,residential,India
1,2056-08-24,662.13,residential,India
1,2056-08-25,670.38,residential,India
1,2056-08-26,653.57,residential,India
1,2056-08-27,641.93,residential,India
1,2056-08-28,654.34,residential,India
1,2056-08-29,616.36,residential,India
1,2056-08-30,680.87,residential,India
1,2056-08-31,654.99,residential,India
1,2056-09-01,652.21,residential,India
1,2056-09-02,665.31,residential,India
1,2056-09-03,694.28,residential,India
1,2056-09-04,673.9,residential,India
1,2056-09-05,671.86,residential,India
1,2056-09-06,650.02,residential,India
1,2056-09-07,647.85,residential,India
1,2056-09-08,642.25,residential,India
1,2056-09-09,668.8,residential,India
1,2056-09-10,671.92,residential,India
1,2056-09-11,630.99,residential,India
1,2056-09-12,639.59,residential,India
1,2056-09-13,689.24,residential,India
1,2056-09-14,635.53,residential,India
1,2056-09-15,641.78,residential,India
1,2056-09-16,632.01,residential,India
1,2056-09-17,655.45,residential,India
1,2056-09-18,641.21,residential,India
1,2056-09-19,651.62,residential,India
1,2056-09-20,666.01,residential,India
1,2056-09-21,649.22,residential,India
1,2056-09-22,626.01,residential,India
1,2056-09-23,669.2,residential,India
1,2056-09-24,663.87,residential,India
1,2056-09-25,649.07,residential,India
1,2056-09-26,664.87,residential,India
1,2056-09-27,607.41,residential,India
1,2056-09-28,618.36,residential,India
1,2056-09-29,652.31,residential,India
1,2056-09-30,675.24,residential,India
1,2056-10-01,670.94,residential,India
1,2056-10-02,648.99,residential,India
1,2056-10-03,682.44,residential,India
1,2056-10-04,622.99,residential,India
1,2056-10-05,638.89,residential,India
1,2056-10-06,625.02,residential,India
1,2056-10-07,671.33,residential,India
1,2056-10-08,659.64,residential,India
1,2056-10-09,691.88,residential,India
1,2056-10-10,627.38,residential,India
1,2056-10-11,662.06,residential,India
1,2056-10-12,641.1,residential,India
1,2056-10-13,689.78,residential,India
1,2056-10-14,641.56,residential,India
1,2056-10-15,667.53,residential,India
1,2056-10-16,657.11,residential,India
1,2056-10-17,643.21,residential,India
1,2056-10-18,665.67,residential,India
1,2056-10-19,637.57,residential,India
1,2056-10-20,661.61,residential,India
1,2056-10-21,684.06,residential,India
1,2056-10-22,648.52,residential,India
1,2056-10-23,688.53,residential,India
1,2056-10-24,658.3,residential,India
1,2056-10-25,653.76,residential,India
1,2056-10-26,676.43,residential,India
1,2056-10-27,662.72,residential,India
1,2056-10-28,664.29,residential,India
1,2056-10-29,656.37,residential,India
1,2056-10-30,659.83,residential,India
1,2056-10-31,664.98,residential,India
1,2056-11-01,623.98,residential,India
1,2056-11-02,655.61,residential,India
1,2056-11-03,668.45,residential,India
1,2056-11-04,617.24,residential,India
1,2056-11-05,628.68,residential,India
1,2056-11-06,643.82,residential,India
1,2056-11-07,653.63,residential,India
1,2056-11-08,675.18,residential,India
1,2056-11-09,634.32,residential,India
1,2056-11-10,625.04,residential,India
1,2056-11-11,645.19,residential,India
1,2056-11-12,626.39,residential,India
1,2056-11-13,657.85,residential,India
1,2056-11-14,664.87,residential,India
1,2056-11-15,665.49,residential,India
1,2056-11-16,640.66,residential,India
1,2056-11-17,615.35,residential,India
1,2056-11-18,660.34,residential,India
1,2056-11-19,609.83,residential,India
1,2056-11-20,636.21,residential,India
1,2056-11-21,650.31,residential,India
1,2056-11-22,607.57,residential,India
1,2056-11-23,650.0,residential,India
1,2056-11-24,656.64,residential,India
1,2056-11-25,622.35,residential,India
1,2056-11-26,656.5,residential,India
1,2056-11-27,647.25,residential,India
1,2056-11-28,603.14,residential,India
1,2056-11-29,635.01,residential,India
1,2056-11-30,641.2,residential,India
1,2056-12-01,639.82,residential,India
1,2056-12-02,638.84,residential,India
1,2056-12-03,625.09,residential,India
1,2056-12-04,638.89,residential,India
1,2056-12-05,646.63,residential,India
1,2056-12-06,684.37,residential,India
1,2056-12-07,660.15,residential,India
1,2056-12-08,689.66,residential,India
1,2056-12-09,638.01,residential,India
1,2056-12-10,637.03,residential,India
1,2056-12-11,632.95,residential,India
1,2056-12-12,666.26,residential,India
1,2056-12-13,671.96,residential,India
1,2056-12-14,638.08,residential,India
1,2056-12-15,661.81,residential,India
1,2056-12-16,666.15,residential,India
1,2056-12-17,646.16,residential,India
1,2056-12-18,632.99,residential,India
1,2056-12-19,676.36,residential,India
1,2056-12-20,658.13,residential,India
1,2056-12-21,607.45,residential,India
1,2056-12-22,623.15,residential,India
1,2056-12-23,667.11,residential,India
1,2056-12-24,664.17,residential,India
1,2056-12-25,649.12,residential,India
1,2056-12-26,645.31,residential,India
1,2056-12-27,654.46,residential,India
1,2056-12-28,631.28,residential,India
1,2056-12-29,618.99,residential,India
1,2056-12-30,615.82,residential,India
1,2056-12-31,657.1,residential,India
1,2057-01-01,605.41,residential,India
1,2057-01-02,630.76,residential,India
1,2057-01-03,668.42,residential,India
1,2057-01-04,639.51,residential,India
1,2057-01-05,628.16,residential,India
1,2057-01-06,638.98,residential,India
1,2057-01-07,632.75,residential,India
1,2057-01-08,652.83,residential,India
1,2057-01-09,653.67,residential,India
1,2057-01-10,666.22,residential,India
1,2057-01-11,646.39,residential,India
1,2057-01-12,630.75,residential,India
1,2057-01-13,653.44,residential,India
1,2057-01-14,640.53,residential,India
1,2057-01-15,668.72,residential,India
1,2057-01-16,639.0,residential,India
1,2057-01-17,622.14,residential,India
1,2057-01-18,653.46,residential,India
1,2057-01-19,636.24,residential,India
1,2057-01-20,644.01,residential,India
1,2057-01-21,685.46,residential,India
1,2057-01-22,657.08,residential,India
1,2057-01-23,658.14,residential,India
1,2057-01-24,644.56,residential,India
1,2057-01-25,617.24,residential,India
1,2057-01-26,636.2,residential,India
1,2057-01-27,637.85,residential,India
1,2057-01-28,649.36,residential,India
1,2057-01-29,621.34,residential,India
1,2057-01-30,687.41,residential,India
1,2057-01-31,656.31,residential,India
1,2057-02-01,650.32,residential,India
1,2057-02-02,639.95,residential,India
1,2057-02-03,650.56,residential,India
1,2057-02-04,654.79,residential,India
1,2057-02-05,660.77,residential,India
1,2057-02-06,647.51,residential,India
1,2057-02-07,629.74,residential,India
1,2057-02-08,649.23,residential,India
1,2057-02-09,642.49,residential,India
1,2057-02-10,651.84,residential,India
1,2057-02-11,618.08,residential,India
1,2057-02-12,604.61,residential,India
1,2057-02-13,652.95,residential,India
1,2057-02-14,597.14,residential,India
1,2057-02-15,652.96,residential,India
1,2057-02-16,656.61,residential,India
1,2057-02-17,628.97,residential,India
1,2057-02-18,628.78,residential,India
1,2057-02-19,636.03,residential,India
1,2057-02-20,653.28,residential,India
1,2057-02-21,622.7,residential,India
1,2057-02-22,634.91,residential,India
1,2057-02-23,625.34,residential,India
1,2057-02-24,629.85,residential,India
1,2057-02-25,672.83,residential,India
1,2057-02-26,617.84,residential,India
1,2057-02-27,624.14,residential,India
1,2057-02-28,651.16,residential,India
1,2057-03-01,654.96,residential,India
1,2057-03-02,613.58,residential,India
1,2057-03-03,652.78,residential,India
1,2057-03-04,635.73,residential,India
1,2057-03-05,651.33,residential,India
1,2057-03-06,647.22,residential,India
1,2057-03-07,658.75,residential,India
1,2057-03-08,613.84,residential,India
1,2057-03-09,639.28,residential,India
1,2057-03-10,627.72,residential,India
1,2057-03-11,649.69,residential,India
1,2057-03-12,634.04,residential,India
1,2057-03-13,631.58,residential,India
1,2057-03-14,658.35,residential,India
1,2057-03-15,644.59,residential,India
1,2057-03-16,624.47,residential,India
1,2057-03-17,643.3,residential,India
1,2057-03-18,626.43,residential,India
1,2057-03-19,633.17,residential,India
1,2057-03-20,671.31,residential,India
1,2057-03-21,595.72,residential,India
1,2057-03-22,624.72,residential,India
1,2057-03-23,661.56,residential,India
1,2057-03-24,675.74,residential,India
1,2057-03-25,644.29,residential,India
1,2057-03-26,612.59,residential,India
1,2057-03-27,595.23,residential,India
1,2057-03-28,644.6,residential,India
1,2057-03-29,652.98,residential,India
1,2057-03-30,651.65,residential,India
1,2057-03-31,663.08,residential,India
1,2057-04-01,626.44,residential,India
1,2057-04-02,640.57,residential,India
1,2057-04-03,667.69,residential,India
1,2057-04-04,600.39,residential,India
1,2057-04-05,624.4,residential,India
1,2057-04-06,650.34,residential,India
1,2057-04-07,622.49,residential,India
1,2057-04-08,622.52,residential,India
1,2057-04-09,643.52,residential,India
1,2057-04-10,687.29,residential,India
1,2057-04-11,650.61,residential,India
1,2057-04-12,662.31,residential,India
1,2057-04-13,603.72,residential,India
1,2057-04-14,611.85,residential,India
1,2057-04-15,614.88,residential,India
1,2057-04-16,637.01,residential,India
1,2057-04-17,622.96,residential,India
1,2057-04-18,651.74,residential,India
1,2057-04-19,625.91,residential,India
1,2057-04-20,653.1,residential,India
1,2057-04-21,663.07,residential,India
1,2057-04-22,598.06,residential,India
1,2057-04-23,634.95,residential,India
1,2057-04-24,628.95,residential,India
1,2057-04-25,623.32,residential,India
1,2057-04-26,660.36,residential,India
1,2057-04-27,640.04,residential,India
1,2057-04-28,628.49,residential,India
1,2057-04-29,649.43,residential,India
1,2057-04-30,639.1,residential,India
1,2057-05-01,621.17,residential,India
1,2057-05-02,606.81,residential,India
1,2057-05-03,601.21,residential,India
1,2057-05-04,624.56,residential,India
1,2057-05-05,654.5,residential,India
1,2057-05-06,614.61,residential,India
1,2057-05-07,669.39,residential,India
1,2057-05-08,646.25,residential,India
1,2057-05-09,617.59,residential,India
1,2057-05-10,651.75,residential,India
1,2057-05-11,636.72,residential,India
1,2057-05-12,638.18,residential,India
1,2057-05-13,660.79,residential,India
1,2057-05-14,625.29,residential,India
1,2057-05-15,650.56,residential,India
1,2057-05-16,608.07,residential,India
1,2057-05-17,595.69,residential,India
1,2057-05-18,631.97,residential,India
1,2057-05-19,654.44,residential,India
1,2057-05-20,626.99,residential,India
1,2057-05-21,656.38,residential,India
1,2057-05-22,684.27,residential,India
1,2057-05-23,619.85,residential,India
1,2057-05-24,670.13,residential,India
1,2057-05-25,635.68,residential,India
1,2057-05-26,658.61,residential,India
1,2057-05-27,610.79,residential,India
1,2057-05-28,601.11,residential,India
1,2057-05-29,600.97,residential,India
1,2057-05-30,621.6,residential,India
1,2057-05-31,663.54,residential,India
1,2057-06-01,657.7,residential,India
1,2057-06-02,624.93,residential,India
1,2057-06-03,617.57,residential,India
1,2057-06-04,645.5,residential,India
1,2057-06-05,653.17,residential,India
1,2057-06-06,655.57,residential,India
1,2057-06-07,661.69,residential,India
1,2057-06-08,634.86,residential,India
1,2057-06-09,589.57,residential,India
1,2057-06-10,641.43,residential,India
1,2057-06-11,646.38,residential,India
1,2057-06-12,604.89,residential,India
1,2057-06-13,616.56,residential,India
1,2057-06-14,632.46,residential,India
1,2057-06-15,650.21,residential,India
1,2057-06-16,634.94,residential,India
1,2057-06-17,635.18,residential,India
1,2057-06-18,632.11,residential,India
1,2057-06-19,622.63,residential,India
1,2057-06-20,633.62,residential,India
1,2057-06-21,603.65,residential,India
1,2057-06-22,640.83,residential,India
1,2057-06-23,602.89,residential,India
1,2057-06-24,600.64,residential,India
1,2057-06-25,606.9,residential,India
1,2057-06-26,645.21,residential,India
1,2057-06-27,593.06,residential,India
1,2057-06-28,610.93,residential,India
1,2057-06-29,651.11,residential,India
1,2057-06-30,614.5,residential,India
1,2057-07-01,640.9,residential,India
1,2057-07-02,620.43,residential,India
1,2057-07-03,620.66,residential,India
1,2057-07-04,619.86,residential,India
1,2057-07-05,586.81,residential,India
1,2057-07-06,617.55,residential,India
1,2057-07-07,637.5,residential,India
1,2057-07-08,613.4,residential,India
1,2057-07-09,603.99,residential,India
1,2057-07-10,669.26,residential,India
1,2057-07-11,621.19,residential,India
1,2057-07-12,569.66,residential,India
1,2057-07-13,636.31,residential,India
1,2057-07-14,651.98,residential,India
1,2057-07-15,609.12,residential,India
1,2057-07-16,635.23,residential,India
1,2057-07-17,626.28,residential,India
1,2057-07-18,638.52,residential,India
1,2057-07-19,587.47,residential,India
1,2057-07-20,606.11,residential,India
1,2057-07-21,659.77,residential,India
1,2057-07-22,628.58,residential,India
1,2057-07-23,619.05,residential,India
1,2057-07-24,602.95,residential,India
1,2057-07-25,620.84,residential,India
1,2057-07-26,614.17,residential,India
1,2057-07-27,617.69,residential,India
1,2057-07-28,621.78,residential,India
1,2057-07-29,580.86,residential,India
1,2057-07-30,605.35,residential,India
1,2057-07-31,589.66,residential,India
1,2057-08-01,627.61,residential,India
1,2057-08-02,626.46,residential,India
1,2057-08-03,616.87,residential,India
1,2057-08-04,638.24,residential,India
1,2057-08-05,601.5,residential,India
1,2057-08-06,612.53,residential,India
1,2057-08-07,660.59,residential,India
1,2057-08-08,620.26,residential,India
1,2057-08-09,605.79,residential,India
1,2057-08-10,605.76,residential,India
1,2057-08-11,638.62,residential,India
1,2057-08-12,593.42,residential,India
1,2057-08-13,625.85,residential,India
1,2057-08-14,650.32,residential,India
1,2057-08-15,632.93,residential,India
1,2057-08-16,648.48,residential,India
1,2057-08-17,631.55,residential,India
1,2057-08-18,606.49,residential,India
1,2057-08-19,628.73,residential,India
1,2057-08-20,632.46,residential,India
1,2057-08-21,618.82,residential,India
1,2057-08-22,582.46,residential,India
1,2057-08-23,588.34,residential,India
1,2057-08-24,652.7,residential,India
1,2057-08-25,605.68,residential,India
1,2057-08-26,635.11,residential,India
1,2057-08-27,604.42,residential,India
1,2057-08-28,636.65,residential,India
1,2057-08-29,632.09,residential,India
1,2057-08-30,584.14,residential,India
1,2057-08-31,643.04,residential,India
1,2057-09-01,594.78,residential,India
1,2057-09-02,631.14,residential,India
1,2057-09-03,654.0,residential,India
1,2057-09-04,592.07,residential,India
1,2057-09-05,620.3,residential,India
1,2057-09-06,652.16,residential,India
1,2057-09-07,633.29,residential,India
1,2057-09-08,647.66,residential,India
1,2057-09-09,622.1,residential,India
1,2057-09-10,650.92,residential,India
1,2057-09-11,633.75,residential,India
1,2057-09-12,622.67,residential,India
1,2057-09-13,607.7,residential,India
1,2057-09-14,649.78,residential,India
1,2057-09-15,621.71,residential,India
1,2057-09-16,606.01,residential,India
1,2057-09-17,607.81,residential,India
1,2057-09-18,612.76,residential,India
1,2057-09-19,599.41,residential,India
1,2057-09-20,648.31,residential,India
1,2057-09-21,599.35,residential,India
1,2057-09-22,602.89,residential,India
1,2057-09-23,603.8,residential,India
1,2057-09-24,624.03,residential,India
1,2057-09-25,595.07,residential,India
1,2057-09-26,612.03,residential,India
1,2057-09-27,631.34,residential,India
1,2057-09-28,625.59,residential,India
1,2057-09-29,615.23,residential,India
1,2057-09-30,614.25,residential,India
1,2057-10-01,612.81,residential,India
1,2057-10-02,634.66,residential,India
1,2057-10-03,608.59,residential,India
1,2057-10-04,609.18,residential,India
1,2057-10-05,597.27,residential,India
1,2057-10-06,605.46,residential,India
1,2057-10-07,653.18,residential,India
1,2057-10-08,595.45,residential,India
1,2057-10-09,643.28,residential,India
1,2057-10-10,620.26,residential,India
1,2057-10-11,614.38,residential,India
1,2057-10-12,600.47,residential,India
1,2057-10-13,624.35,residential,India
1,2057-10-14,601.11,residential,India
1,2057-10-15,623.29,residential,India
1,2057-10-16,607.14,residential,India
1,2057-10-17,634.65,residential,India
1,2057-10-18,632.85,residential,India
1,2057-10-19,622.48,residential,India
1,2057-10-20,595.57,residential,India
1,2057-10-21,595.53,residential,India
1,2057-10-22,603.46,residential,India
1,2057-10-23,616.93,residential,India
1,2057-10-24,647.28,residential,India
1,2057-10-25,614.22,residential,India
1,2057-10-26,628.81,residential,India
1,2057-10-27,612.57,residential,India
1,2057-10-28,600.62,residential,India
1,2057-10-29,629.62,residential,India
1,2057-10-30,602.67,residential,India
1,2057-10-31,571.33,residential,India
1,2057-11-01,621.46,residential,India
1,2057-11-02,617.79,residential,India
1,2057-11-03,611.4,residential,India
1,2057-11-04,597.05,residential,India
1,2057-11-05,629.64,residential,India
1,2057-11-06,636.34,residential,India
1,2057-11-07,610.81,residential,India
1,2057-11-08,603.61,residential,India
1,2057-11-09,636.14,residential,India
1,2057-11-10,629.34,residential,India
1,2057-11-11,620.96,residential,India
1,2057-11-12,591.42,residential,India
1,2057-11-13,611.3,residential,India
1,2057-11-14,638.44,residential,India
1,2057-11-15,597.76,residential,India
1,2057-11-16,602.7,residential,India
1,2057-11-17,588.79,residential,India
1,2057-11-18,627.34,residential,India
1,2057-11-19,579.25,residential,India
1,2057-11-20,604.66,residential,India
1,2057-11-21,625.18,residential,India
1,2057-11-22,616.61,residential,India
1,2057-11-23,578.51,residential,India
1,2057-11-24,639.21,residential,India
1,2057-11-25,633.89,residential,India
1,2057-11-26,614.11,residential,India
1,2057-11-27,625.57,residential,India
1,2057-11-28,612.53,residential,India
1,2057-11-29,637.08,residential,India
1,2057-11-30,636.83,residential,India
1,2057-12-01,593.44,residential,India
1,2057-12-02,567.58,residential,India
1,2057-12-03,649.82,residential,India
1,2057-12-04,623.24,residential,India
1,2057-12-05,601.21,residential,India
1,2057-12-06,613.37,residential,India
1,2057-12-07,611.57,residential,India
1,2057-12-08,590.4,residential,India
1,2057-12-09,606.48,residential,India
1,2057-12-10,595.42,residential,India
1,2057-12-11,618.8,residential,India
1,2057-12-12,616.17,residential,India
1,2057-12-13,615.03,residential,India
1,2057-12-14,623.63,residential,India
1,2057-12-15,612.13,residential,India
1,2057-12-16,610.99,residential,India
1,2057-12-17,621.21,residential,India
1,2057-12-18,613.39,residential,India
1,2057-12-19,585.41,residential,India
1,2057-12-20,620.28,residential,India
1,2057-12-21,623.94,residential,India
1,2057-12-22,624.32,residential,India
1,2057-12-23,595.77,residential,India
1,2057-12-24,613.9,residential,India
1,2057-12-25,598.32,residential,India
1,2057-12-26,631.45,residential,India
1,2057-12-27,583.49,residential,India
1,2057-12-28,621.92,residential,India
1,2057-12-29,600.15,residential,India
1,2057-12-30,639.1,residential,India
1,2057-12-31,621.07,residential,India
1,2058-01-01,611.35,residential,India
1,2058-01-02,610.75,residential,India
1,2058-01-03,602.73,residential,India
1,2058-01-04,619.58,residential,India
1,2058-01-05,618.4,residential,India
1,2058-01-06,583.11,residential,India
1,2058-01-07,617.23,residential,India
1,2058-01-08,595.9,residential,India
1,2058-01-09,606.94,residential,India
1,2058-01-10,597.96,residential,India
1,2058-01-11,586.35,residential,India
1,2058-01-12,620.24,residential,India
1,2058-01-13,601.95,residential,India
1,2058-01-14,609.83,residential,India
1,2058-01-15,637.71,residential,India
1,2058-01-16,596.58,residential,India
1,2058-01-17,592.82,residential,India
1,2058-01-18,619.49,residential,India
1,2058-01-19,621.26,residential,India
1,2058-01-20,622.41,residential,India
1,2058-01-21,576.55,residential,India
1,2058-01-22,663.1,residential,India
1,2058-01-23,619.98,residential,India
1,2058-01-24,570.56,residential,India
1,2058-01-25,575.74,residential,India
1,2058-01-26,621.14,residential,India
1,2058-01-27,609.59,residential,India
1,2058-01-28,614.87,residential,India
1,2058-01-29,623.19,residential,India
1,2058-01-30,659.62,residential,India
1,2058-01-31,584.54,residential,India
1,2058-02-01,577.56,residential,India
1,2058-02-02,591.7,residential,India
1,2058-02-03,600.96,residential,India
1,2058-02-04,588.43,residential,India
1,2058-02-05,615.95,residential,India
1,2058-02-06,627.81,residential,India
1,2058-02-07,623.56,residential,India
1,2058-02-08,573.07,residential,India
1,2058-02-09,540.77,residential,India
1,2058-02-10,584.11,residential,India
1,2058-02-11,620.55,residential,India
1,2058-02-12,599.17,residential,India
1,2058-02-13,585.01,residential,India
1,2058-02-14,626.33,residential,India
1,2058-02-15,639.88,residential,India
1,2058-02-16,576.05,residential,India
1,2058-02-17,596.45,residential,India
1,2058-02-18,599.75,residential,India
1,2058-02-19,582.2,residential,India
1,2058-02-20,627.29,residential,India
1,2058-02-21,659.87,residential,India
1,2058-02-22,593.79,residential,India
1,2058-02-23,592.82,residential,India
1,2058-02-24,597.38,residential,India
1,2058-02-25,628.85,residential,India
1,2058-02-26,601.53,residential,India
1,2058-02-27,634.26,residential,India
1,2058-02-28,613.48,residential,India
1,2058-03-01,634.47,residential,India
1,2058-03-02,587.15,residential,India
1,2058-03-03,575.81,residential,India
1,2058-03-04,622.46,residential,India
1,2058-03-05,624.14,residential,India
1,2058-03-06,605.37,residential,India
1,2058-03-07,573.47,residential,India
1,2058-03-08,628.11,residential,India
1,2058-03-09,570.02,residential,India
1,2058-03-10,591.75,residential,India
1,2058-03-11,612.31,residential,India
1,2058-03-12,591.88,residential,India
1,2058-03-13,573.34,residential,India
1,2058-03-14,585.85,residential,India
1,2058-03-15,615.2,residential,India
1,2058-03-16,630.3,residential,India
1,2058-03-17,594.09,residential,India
1,2058-03-18,596.15,residential,India
1,2058-03-19,608.75,residential,India
1,2058-03-20,588.14,residential,India
1,2058-03-21,608.16,residential,India
1,2058-03-22,592.19,residential,India
1,2058-03-23,620.26,residential,India
1,2058-03-24,577.71,residential,India
1,2058-03-25,585.99,residential,India
1,2058-03-26,569.95,residential,India
1,2058-03-27,592.53,residential,India
1,2058-03-28,602.41,residential,India
1,2058-03-29,595.71,residential,India
1,2058-03-30,603.87,residential,India
1,2058-03-31,592.77,residential,India
1,2058-04-01,576.24,residential,India
1,2058-04-02,643.81,residential,India
1,2058-04-03,586.71,residential,India
1,2058-04-04,577.61,residential,India
1,2058-04-05,596.66,residential,India
1,2058-04-06,598.1,residential,India
1,2058-04-07,625.27,residential,India
1,2058-04-08,618.48,residential,India
1,2058-04-09,604.18,residential,India
1,2058-04-10,623.65,residential,India
1,2058-04-11,593.9,residential,India
1,2058-04-12,562.24,residential,India
1,2058-04-13,574.61,residential,India
1,2058-04-14,570.24,residential,India
1,2058-04-15,609.27,residential,India
1,2058-04-16,586.48,residential,India
1,2058-04-17,617.6,residential,India
1,2058-04-18,605.91,residential,India
1,2058-04-19,602.94,residential,India
1,2058-04-20,582.84,residential,India
1,2058-04-21,587.63,residential,India
1,2058-04-22,616.42,residential,India
1,2058-04-23,596.41,residential,India
1,2058-04-24,561.65,residential,India
1,2058-04-25,581.22,residential,India
1,2058-04-26,589.56,residential,India
1,2058-04-27,571.55,residential,India
1,2058-04-28,604.02,residential,India
1,2058-04-29,595.01,residential,India
1,2058-04-30,612.19,residential,India
1,2058-05-01,596.9,residential,India
1,2058-05-02,618.71,residential,India
1,2058-05-03,575.18,residential,India
1,2058-05-04,584.6,residential,India
1,2058-05-05,601.69,residential,India
1,2058-05-06,581.59,residential,India
1,2058-05-07,634.81,residential,India
1,2058-05-08,599.51,residential,India
1,2058-05-09,608.41,residential,India
1,2058-05-10,605.39,residential,India
1,2058-05-11,583.75,residential,India
1,2058-05-12,607.36,residential,India
1,2058-05-13,617.74,residential,India
1,2058-05-14,567.79,residential,India
1,2058-05-15,535.9,residential,India
1,2058-05-16,583.88,residential,India
1,2058-05-17,590.25,residential,India
1,2058-05-18,610.18,residential,India
1,2058-05-19,607.84,residential,India
1,2058-05-20,616.55,residential,India
1,2058-05-21,610.21,residential,India
1,2058-05-22,612.58,residential,India
1,2058-05-23,603.92,residential,India
1,2058-05-24,590.18,residential,India
1,2058-05-25,575.96,residential,India
1,2058-05-26,604.71,residential,India
1,2058-05-27,586.58,residential,India
1,2058-05-28,606.15,residential,India
1,2058-05-29,617.78,residential,India
1,2058-05-30,609.46,residential,India
1,2058-05-31,565.68,residential,India
1,2058-06-01,551.53,residential,India
1,2058-06-02,607.0,residential,India
1,2058-06-03,583.33,residential,India
1,2058-06-04,576.48,residential,India
1,2058-06-05,581.12,residential,India
1,2058-06-06,620.84,residential,India
1,2058-06-07,591.99,residential,India
1,2058-06-08,603.23,residential,India
1,2058-06-09,597.38,residential,India
1,2058-06-10,568.15,residential,India
1,2058-06-11,592.1,residential,India
1,2058-06-12,580.16,residential,India
1,2058-06-13,587.38,residential,India
1,2058-06-14,596.84,residential,India
1,2058-06-15,587.39,residential,India
1,2058-06-16,605.92,residential,India
1,2058-06-17,588.49,residential,India
1,2058-06-18,594.74,residential,India
1,2058-06-19,563.75,residential,India
1,2058-06-20,568.52,residential,India
1,2058-06-21,587.13,residential,India
1,2058-06-22,568.18,residential,India
1,2058-06-23,599.9,residential,India
1,2058-06-24,578.66,residential,India
1,2058-06-25,556.62,residential,India
1,2058-06-26,611.28,residential,India
1,2058-06-27,593.03,residential,India
1,2058-06-28,634.7,residential,India
1,2058-06-29,624.34,residential,India
1,2058-06-30,631.13,residential,India
1,2058-07-01,596.62,residential,India
1,2058-07-02,611.68,residential,India
1,2058-07-03,571.82,residential,India
1,2058-07-04,589.65,residential,India
1,2058-07-05,607.54,residential,India
1,2058-07-06,579.54,residential,India
1,2058-07-07,608.3,residential,India
1,2058-07-08,601.96,residential,India
1,2058-07-09,592.81,residential,India
1,2058-07-10,600.62,residential,India
1,2058-07-11,561.52,residential,India
1,2058-07-12,574.08,residential,India
1,2058-07-13,559.94,residential,India
1,2058-07-14,595.23,residential,India
1,2058-07-15,566.08,residential,India
1,2058-07-16,560.84,residential,India
1,2058-07-17,609.48,residential,India
1,2058-07-18,616.14,residential,India
1,2058-07-19,603.5,residential,India
1,2058-07-20,599.55,residential,India
1,2058-07-21,597.21,residential,India
1,2058-07-22,611.77,residential,India
1,2058-07-23,575.32,residential,India
1,2058-07-24,598.91,residential,India
1,2058-07-25,564.99,residential,India
1,2058-07-26,612.37,residential,India
1,2058-07-27,604.93,residential,India
1,2058-07-28,590.85,residential,India
1,2058-07-29,553.75,residential,India
1,2058-07-30,558.2,residential,India
1,2058-07-31,587.75,residential,India
1,2058-08-01,568.59,residential,India
1,2058-08-02,572.37,residential,India
1,2058-08-03,590.56,residential,India
1,2058-08-04,586.37,residential,India
1,2058-08-05,606.83,residential,India
1,2058-08-06,606.34,residential,India
1,2058-08-07,606.07,residential,India
1,2058-08-08,563.46,residential,India
1,2058-08-09,581.74,residential,India
1,2058-08-10,551.41,residential,India
1,2058-08-11,574.58,residential,India
1,2058-08-12,563.97,residential,India
1,2058-08-13,583.77,residential,India
1,2058-08-14,582.7,residential,India
1,2058-08-15,606.82,residential,India
1,2058-08-16,602.49,residential,India
1,2058-08-17,599.6,residential,India
1,2058-08-18,611.12,residential,India
1,2058-08-19,584.33,residential,India
1,2058-08-20,593.71,residential,India
1,2058-08-21,595.07,residential,India
1,2058-08-22,599.15,residential,India
1,2058-08-23,568.55,residential,India
1,2058-08-24,594.51,residential,India
1,2058-08-25,605.76,residential,India
1,2058-08-26,597.14,residential,India
1,2058-08-27,593.19,residential,India
1,2058-08-28,592.65,residential,India
1,2058-08-29,598.36,residential,India
1,2058-08-30,565.03,residential,India
1,2058-08-31,574.86,residential,India
1,2058-09-01,594.64,residential,India
1,2058-09-02,586.94,residential,India
1,2058-09-03,560.73,residential,India
1,2058-09-04,586.65,residential,India
1,2058-09-05,606.33,residential,India
1,2058-09-06,559.08,residential,India
1,2058-09-07,564.02,residential,India
1,2058-09-08,584.57,residential,India
1,2058-09-09,625.9,residential,India
1,2058-09-10,587.76,residential,India
1,2058-09-11,581.57,residential,India
1,2058-09-12,588.24,residential,India
1,2058-09-13,637.99,residential,India
1,2058-09-14,575.44,residential,India
1,2058-09-15,566.93,residential,India
1,2058-09-16,594.24,residential,India
1,2058-09-17,600.53,residential,India
1,2058-09-18,605.68,residential,India
1,2058-09-19,592.65,residential,India
1,2058-09-20,624.1,residential,India
1,2058-09-21,613.75,residential,India
1,2058-09-22,572.56,residential,India
1,2058-09-23,582.02,residential,India
1,2058-09-24,555.84,residential,India
1,2058-09-25,576.05,residential,India
1,2058-09-26,573.07,residential,India
1,2058-09-27,570.39,residential,India
1,2058-09-28,581.65,residential,India
1,2058-09-29,578.32,residential,India
1,2058-09-30,584.28,residential,India
1,2058-10-01,570.2,residential,India
1,2058-10-02,608.2,residential,India
1,2058-10-03,554.49,residential,India
1,2058-10-04,600.53,residential,India
1,2058-10-05,588.81,residential,India
1,2058-10-06,586.26,residential,India
1,2058-10-07,595.38,residential,India
1,2058-10-08,566.46,residential,India
1,2058-10-09,590.13,residential,India
1,2058-10-10,596.82,residential,India
1,2058-10-11,591.19,residential,India
1,2058-10-12,576.62,residential,India
1,2058-10-13,575.47,residential,India
1,2058-10-14,607.1,residential,India
1,2058-10-15,582.87,residential,India
1,2058-10-16,589.46,residential,India
1,2058-10-17,588.12,residential,India
1,2058-10-18,564.26,residential,India
1,2058-10-19,580.44,residential,India
1,2058-10-20,590.66,residential,India
1,2058-10-21,572.17,residential,India
1,2058-10-22,537.72,residential,India
1,2058-10-23,593.57,residential,India
1,2058-10-24,583.34,residential,India
1,2058-10-25,581.79,residential,India
1,2058-10-26,613.15,residential,India
1,2058-10-27,563.29,residential,India
1,2058-10-28,593.69,residential,India
1,2058-10-29,574.14,residential,India
1,2058-10-30,535.45,residential,India
1,2058-10-31,573.03,residential,India
1,2058-11-01,542.57,residential,India
1,2058-11-02,595.88,residential,India
1,2058-11-03,550.79,residential,India
1,2058-11-04,594.2,residential,India
1,2058-11-05,584.88,residential,India
1,2058-11-06,591.55,residential,India
1,2058-11-07,559.31,residential,India
1,2058-11-08,567.42,residential,India
1,2058-11-09,573.53,residential,India
1,2058-11-10,608.57,residential,India
1,2058-11-11,547.88,residential,India
1,2058-11-12,581.74,residential,India
1,2058-11-13,547.42,residential,India
1,2058-11-14,585.24,residential,India
1,2058-11-15,603.81,residential,India
1,2058-11-16,573.09,residential,India
1,2058-11-17,574.5,residential,India
1,2058-11-18,561.17,residential,India
1,2058-11-19,557.06,residential,India
1,2058-11-20,595.76,residential,India
1,2058-11-21,615.5,residential,India
1,2058-11-22,542.51,residential,India
1,2058-11-23,571.14,residential,India
1,2058-11-24,596.81,residential,India
1,2058-11-25,581.76,residential,India
1,2058-11-26,545.92,residential,India
1,2058-11-27,558.32,residential,India
1,2058-11-28,623.63,residential,India
1,2058-11-29,596.53,residential,India
1,2058-11-30,573.29,residential,India
1,2058-12-01,590.64,residential,India
1,2058-12-02,622.49,residential,India
1,2058-12-03,564.44,residential,India
1,2058-12-04,571.1,residential,India
1,2058-12-05,580.99,residential,India
1,2058-12-06,573.36,residential,India
1,2058-12-07,558.46,residential,India
1,2058-12-08,563.13,residential,India
1,2058-12-09,592.49,residential,India
1,2058-12-10,573.89,residential,India
1,2058-12-11,616.57,residential,India
1,2058-12-12,574.06,residential,India
1,2058-12-13,549.27,residential,India
1,2058-12-14,590.97,residential,India
1,2058-12-15,569.92,residential,India
1,2058-12-16,575.98,residential,India
1,2058-12-17,566.29,residential,India
1,2058-12-18,589.99,residential,India
1,2058-12-19,578.24,residential,India
1,2058-12-20,569.9,residential,India
1,2058-12-21,571.03,residential,India
1,2058-12-22,566.86,residential,India
1,2058-12-23,577.74,residential,India
1,2058-12-24,594.88,residential,India
1,2058-12-25,578.5,residential,India
1,2058-12-26,551.28,residential,India
1,2058-12-27,579.46,residential,India
1,2058-12-28,565.92,residential,India
1,2058-12-29,602.26,residential,India
1,2058-12-30,580.94,residential,India
1,2058-12-31,595.34,residential,India
1,2059-01-01,562.3,residential,India
1,2059-01-02,546.93,residential,India
1,2059-01-03,605.16,residential,India
1,2059-01-04,543.94,residential,India
1,2059-01-05,555.81,residential,India
1,2059-01-06,616.94,residential,India
1,2059-01-07,553.32,residential,India
1,2059-01-08,548.96,residential,India
1,2059-01-09,577.74,residential,India
1,2059-01-10,600.37,residential,India
1,2059-01-11,546.57,residential,India
1,2059-01-12,523.47,residential,India
1,2059-01-13,578.3,residential,India
1,2059-01-14,601.12,residential,India
1,2059-01-15,606.17,residential,India
1,2059-01-16,569.84,residential,India
1,2059-01-17,557.26,residential,India
1,2059-01-18,585.26,residential,India
1,2059-01-19,575.08,residential,India
1,2059-01-20,589.43,residential,India
1,2059-01-21,559.02,residential,India
1,2059-01-22,573.16,residential,India
1,2059-01-23,597.49,residential,India
1,2059-01-24,584.36,residential,India
1,2059-01-25,587.94,residential,India
1,2059-01-26,586.06,residential,India
1,2059-01-27,567.14,residential,India
1,2059-01-28,589.73,residential,India
1,2059-01-29,571.01,residential,India
1,2059-01-30,585.61,residential,India
1,2059-01-31,593.6,residential,India
1,2059-02-01,580.08,residential,India
1,2059-02-02,583.75,residential,India
1,2059-02-03,602.03,residential,India
1,2059-02-04,554.35,residential,India
1,2059-02-05,552.53,residential,India
1,2059-02-06,560.68,residential,India
1,2059-02-07,580.63,residential,India
1,2059-02-08,582.87,residential,India
1,2059-02-09,578.0,residential,India
1,2059-02-10,566.54,residential,India
1,2059-02-11,577.81,residential,India
1,2059-02-12,589.69,residential,India
1,2059-02-13,541.12,residential,India
1,2059-02-14,603.28,residential,India
1,2059-02-15,571.88,residential,India
1,2059-02-16,580.72,residential,India
1,2059-02-17,571.13,residential,India
1,2059-02-18,538.95,residential,India
1,2059-02-19,558.97,residential,India
1,2059-02-20,609.48,residential,India
1,2059-02-21,624.92,residential,India
1,2059-02-22,571.76,residential,India
1,2059-02-23,577.7,residential,India
1,2059-02-24,615.23,residential,India
1,2059-02-25,579.87,residential,India
1,2059-02-26,600.24,residential,India
1,2059-02-27,595.41,residential,India
1,2059-02-28,552.37,residential,India
1,2059-03-01,586.36,residential,India
1,2059-03-02,616.15,residential,India
1,2059-03-03,613.28,residential,India
1,2059-03-04,580.61,residential,India
1,2059-03-05,597.22,residential,India
1,2059-03-06,596.11,residential,India
1,2059-03-07,577.46,residential,India
1,2059-03-08,599.52,residential,India
1,2059-03-09,578.1,residential,India
1,2059-03-10,586.43,residential,India
1,2059-03-11,597.12,residential,India
1,2059-03-12,584.45,residential,India
1,2059-03-13,620.64,residential,India
1,2059-03-14,561.28,residential,India
1,2059-03-15,566.3,residential,India
1,2059-03-16,606.74,residential,India
1,2059-03-17,582.54,residential,India
1,2059-03-18,593.92,residential,India
1,2059-03-19,549.65,residential,India
1,2059-03-20,571.39,residential,India
1,2059-03-21,571.17,residential,India
1,2059-03-22,615.87,residential,India
1,2059-03-23,555.53,residential,India
1,2059-03-24,607.42,residential,India
1,2059-03-25,543.88,residential,India
1,2059-03-26,606.22,residential,India
1,2059-03-27,576.15,residential,India
1,2059-03-28,565.61,residential,India
1,2059-03-29,551.04,residential,India
1,2059-03-30,621.13,residential,India
1,2059-03-31,586.42,residential,India
1,2059-04-01,588.3,residential,India
1,2059-04-02,582.54,residential,India
1,2059-04-03,585.9,residential,India
1,2059-04-04,572.82,residential,India
1,2059-04-05,596.5,residential,India
1,2059-04-06,588.88,residential,India
1,2059-04-07,579.22,residential,India
1,2059-04-08,610.65,residential,India
1,2059-04-09,572.69,residential,India
1,2059-04-10,543.05,residential,India
1,2059-04-11,561.42,residential,India
1,2059-04-12,569.49,residential,India
1,2059-04-13,560.06,residential,India
1,2059-04-14,559.9,residential,India
1,2059-04-15,578.55,residential,India
1,2059-04-16,591.96,residential,India
1,2059-04-17,563.12,residential,India
1,2059-04-18,540.28,residential,India
1,2059-04-19,615.42,residential,India
1,2059-04-20,560.99,residential,India
1,2059-04-21,557.98,residential,India
1,2059-04-22,588.05,residential,India
1,2059-04-23,603.96,residential,India
1,2059-04-24,554.09,residential,India
1,2059-04-25,589.85,residential,India
1,2059-04-26,559.6,residential,India
1,2059-04-27,586.85,residential,India
1,2059-04-28,575.33,residential,India
1,2059-04-29,566.71,residential,India
1,2059-04-30,590.29,residential,India
1,2059-05-01,590.97,residential,India
1,2059-05-02,574.07,residential,India
1,2059-05-03,570.91,residential,India
1,2059-05-04,566.86,residential,India
1,2059-05-05,579.04,residential,India
1,2059-05-06,562.3,residential,India
1,2059-05-07,548.47,residential,India
1,2059-05-08,590.2,residential,India
1,2059-05-09,581.52,residential,India
1,2059-05-10,562.63,residential,India
1,2059-05-11,559.3,residential,India
1,2059-05-12,559.88,residential,India
1,2059-05-13,606.45,residential,India
1,2059-05-14,605.31,residential,India
1,2059-05-15,567.54,residential,India
1,2059-05-16,627.72,residential,India
1,2059-05-17,588.35,residential,India
1,2059-05-18,580.45,residential,India
1,2059-05-19,562.1,residential,India
1,2059-05-20,568.7,residential,India
1,2059-05-21,584.42,residential,India
1,2059-05-22,557.43,residential,India
1,2059-05-23,582.07,residential,India
1,2059-05-24,607.76,residential,India
1,2059-05-25,599.79,residential,India
1,2059-05-26,593.74,residential,India
1,2059-05-27,571.93,residential,India
1,2059-05-28,560.38,residential,India
1,2059-05-29,596.34,residential,India
1,2059-05-30,589.99,residential,India
1,2059-05-31,609.33,residential,India
1,2059-06-01,570.23,residential,India
1,2059-06-02,598.38,residential,India
1,2059-06-03,580.93,residential,India
1,2059-06-04,552.53,residential,India
1,2059-06-05,579.82,residential,India
1,2059-06-06,579.88,residential,India
1,2059-06-07,585.34,residential,India
1,2059-06-08,557.54,residential,India
1,2059-06-09,614.55,residential,India
1,2059-06-10,548.77,residential,India
1,2059-06-11,586.52,residential,India
1,2059-06-12,604.18,residential,India
1,2059-06-13,592.1,residential,India
1,2059-06-14,542.55,residential,India
1,2059-06-15,556.0,residential,India
1,2059-06-16,577.8,residential,India
1,2059-06-17,616.54,residential,India
1,2059-06-18,553.67,residential,India
1,2059-06-19,578.18,residential,India
1,2059-06-20,574.67,residential,India
1,2059-06-21,577.46,residential,India
1,2059-06-22,627.34,residential,India
1,2059-06-23,562.91,residential,India
1,2059-06-24,572.49,residential,India
1,2059-06-25,622.26,residential,India
1,2059-06-26,568.8,residential,India
1,2059-06-27,586.29,residential,India
1,2059-06-28,608.91,residential,India
1,2059-06-29,560.02,residential,India
1,2059-06-30,609.85,residential,India
1,2059-07-01,562.13,residential,India
1,2059-07-02,566.39,residential,India
1,2059-07-03,610.21,residential,India
1,2059-07-04,582.56,residential,India
1,2059-07-05,591.69,residential,India
1,2059-07-06,605.34,residential,India
1,2059-07-07,580.21,residential,India
1,2059-07-08,594.3,residential,India
1,2059-07-09,540.31,residential,India
1,2059-07-10,579.54,residential,India
1,2059-07-11,581.64,residential,India
1,2059-07-12,594.18,residential,India
1,2059-07-13,572.06,residential,India
1,2059-07-14,603.78,residential,India
1,2059-07-15,574.21,residential,India
1,2059-07-16,567.49,residential,India
1,2059-07-17,601.41,residential,India
1,2059-07-18,595.83,residential,India
1,2059-07-19,558.18,residential,India
1,2059-07-20,584.03,residential,India
1,2059-07-21,574.02,residential,India
1,2059-07-22,558.5,residential,India
1,2059-07-23,585.44,residential,India
1,2059-07-24,590.96,residential,India
1,2059-07-25,556.39,residential,India
1,2059-07-26,588.46,residential,India
1,2059-07-27,625.86,residential,India
1,2059-07-28,559.8,residential,India
1,2059-07-29,577.68,residential,India
1,2059-07-30,556.7,residential,India
1,2059-07-31,601.49,residential,India
1,2059-08-01,598.74,residential,India
1,2059-08-02,540.18,residential,India
1,2059-08-03,584.08,residential,India
1,2059-08-04,595.05,residential,India
1,2059-08-05,571.98,residential,India
1,2059-08-06,550.96,residential,India
1,2059-08-07,572.04,residential,India
1,2059-08-08,576.5,residential,India
1,2059-08-09,603.1,residential,India
1,2059-08-10,594.52,residential,India
1,2059-08-11,592.38,residential,India
1,2059-08-12,584.49,residential,India
1,2059-08-13,601.61,residential,India
1,2059-08-14,619.07,residential,India
1,2059-08-15,571.3,residential,India
1,2059-08-16,579.69,residential,India
1,2059-08-17,575.14,residential,India
1,2059-08-18,578.72,residential,India
1,2059-08-19,550.94,residential,India
1,2059-08-20,562.48,residential,India
1,2059-08-21,612.95,residential,India
1,2059-08-22,587.75,residential,India
1,2059-08-23,618.37,residential,India
1,2059-08-24,607.73,residential,India
1,2059-08-25,590.47,residential,India
1,2059-08-26,583.49,residential,India
1,2059-08-27,607.64,residential,India
1,2059-08-28,611.23,residential,India
1,2059-08-29,556.6,residential,India
1,2059-08-30,569.36,residential,India
1,2059-08-31,606.72,residential,India
1,2059-09-01,572.18,residential,India
1,2059-09-02,552.1,residential,India
1,2059-09-03,573.73,residential,India
1,2059-09-04,600.86,residential,India
1,2059-09-05,599.6,residential,India
1,2059-09-06,547.72,residential,India
1,2059-09-07,572.83,residential,India
1,2059-09-08,564.81,residential,India
1,2059-09-09,586.53,residential,India
1,2059-09-10,572.32,residential,India
1,2059-09-11,558.91,residential,India
1,2059-09-12,567.42,residential,India
1,2059-09-13,596.21,residential,India
1,2059-09-14,525.02,residential,India
1,2059-09-15,553.37,residential,India
1,2059-09-16,615.31,residential,India
1,2059-09-17,596.34,residential,India
1,2059-09-18,605.06,residential,India
1,2059-09-19,587.71,residential,India
1,2059-09-20,607.91,residential,India
1,2059-09-21,562.63,residential,India
1,2059-09-22,591.16,residential,India
1,2059-09-23,626.64,residential,India
1,2059-09-24,572.69,residential,India
1,2059-09-25,582.69,residential,India
1,2059-09-26,586.22,residential,India
1,2059-09-27,616.38,residential,India
1,2059-09-28,574.54,residential,India
1,2059-09-29,582.64,residential,India
1,2059-09-30,570.83,residential,India
1,2059-10-01,558.33,residential,India
1,2059-10-02,597.54,residential,India
1,2059-10-03,635.43,residential,India
1,2059-10-04,620.83,residential,India
1,2059-10-05,553.7,residential,India
1,2059-10-06,574.48,residential,India
1,2059-10-07,603.69,residential,India
1,2059-10-08,566.88,residential,India
1,2059-10-09,584.69,residential,India
1,2059-10-10,576.07,residential,India
1,2059-10-11,584.33,residential,India
1,2059-10-12,577.95,residential,India
1,2059-10-13,593.16,residential,India
1,2059-10-14,555.62,residential,India
1,2059-10-15,605.35,residential,India
1,2059-10-16,600.26,residential,India
1,2059-10-17,612.98,residential,India
1,2059-10-18,580.31,residential,India
1,2059-10-19,588.33,residential,India
1,2059-10-20,575.41,residential,India
1,2059-10-21,584.97,residential,India
1,2059-10-22,595.87,residential,India
1,2059-10-23,587.49,residential,India
1,2059-10-24,596.41,residential,India
1,2059-10-25,597.7,residential,India
1,2059-10-26,566.78,residential,India
1,2059-10-27,591.81,residential,India
1,2059-10-28,614.09,residential,India
1,2059-10-29,590.5,residential,India
1,2059-10-30,619.26,residential,India
1,2059-10-31,619.97,residential,India
1,2059-11-01,597.85,residential,India
1,2059-11-02,625.15,residential,India
1,2059-11-03,563.9,residential,India
1,2059-11-04,594.85,residential,India
1,2059-11-05,589.62,residential,India
1,2059-11-06,552.23,residential,India
1,2059-11-07,565.7,residential,India
1,2059-11-08,591.78,residential,India
1,2059-11-09,607.16,residential,India
1,2059-11-10,579.16,residential,India
1,2059-11-11,588.55,residential,India
1,2059-11-12,588.21,residential,India
1,2059-11-13,588.2,residential,India
1,2059-11-14,572.45,residential,India
1,2059-11-15,566.16,residential,India
1,2059-11-16,602.36,residential,India
1,2059-11-17,583.8,residential,India
1,2059-11-18,614.41,residential,India
1,2059-11-19,555.25,residential,India
1,2059-11-20,588.02,residential,India
1,2059-11-21,586.62,residential,India
1,2059-11-22,590.85,residential,India
1,2059-11-23,550.73,residential,India
1,2059-11-24,619.86,residential,India
1,2059-11-25,563.91,residential,India
1,2059-11-26,590.6,residential,India
1,2059-11-27,573.13,residential,India
1,2059-11-28,577.93,residential,India
1,2059-11-29,561.48,residential,India
1,2059-11-30,609.54,residential,India
1,2059-12-01,582.25,residential,India
1,2059-12-02,573.64,residential,India
1,2059-12-03,617.98,residential,India
1,2059-12-04,610.37,residential,India
1,2059-12-05,580.38,residential,India
1,2059-12-06,590.03,residential,India
1,2059-12-07,569.47,residential,India
1,2059-12-08,560.66,residential,India
1,2059-12-09,593.1,residential,India
1,2059-12-10,597.07,residential,India
1,2059-12-11,604.02,residential,India
1,2059-12-12,599.84,residential,India
1,2059-12-13,619.61,residential,India
1,2059-12-14,574.78,residential,India
1,2059-12-15,588.24,residential,India
1,2059-12-16,602.19,residential,India
1,2059-12-17,561.38,residential,India
1,2059-12-18,594.78,residential,India
1,2059-12-19,611.42,residential,India
1,2059-12-20,572.12,residential,India
1,2059-12-21,591.66,residential,India
1,2059-12-22,600.31,residential,India
1,2059-12-23,579.5,residential,India
1,2059-12-24,572.98,residential,India
1,2059-12-25,585.7,residential,India
1,2059-12-26,613.99,residential,India
1,2059-12-27,588.61,residential,India
1,2059-12-28,573.24,residential,India
1,2059-12-29,603.44,residential,India
1,2059-12-30,621.57,residential,India
1,2059-12-31,598.14,residential,India
1,2060-01-01,571.22,residential,India
1,2060-01-02,600.01,residential,India
1,2060-01-03,570.75,residential,India
1,2060-01-04,592.53,residential,India
1,2060-01-05,567.75,residential,India
1,2060-01-06,594.29,residential,India
1,2060-01-07,585.16,residential,India
1,2060-01-08,579.27,residential,India
1,2060-01-09,593.47,residential,India
1,2060-01-10,565.2,residential,India
1,2060-01-11,578.09,residential,India
1,2060-01-12,598.81,residential,India
1,2060-01-13,561.71,residential,India
1,2060-01-14,604.39,residential,India
1,2060-01-15,554.8,residential,India
1,2060-01-16,589.73,residential,India
1,2060-01-17,596.18,residential,India
1,2060-01-18,628.92,residential,India
1,2060-01-19,606.02,residential,India
1,2060-01-20,560.93,residential,India
1,2060-01-21,547.58,residential,India
1,2060-01-22,629.59,residential,India
1,2060-01-23,633.93,residential,India
1,2060-01-24,587.77,residential,India
1,2060-01-25,535.09,residential,India
1,2060-01-26,588.79,residential,India
1,2060-01-27,591.5,residential,India
1,2060-01-28,637.53,residential,India
1,2060-01-29,590.78,residential,India
1,2060-01-30,590.41,residential,India
1,2060-01-31,551.12,residential,India
1,2060-02-01,599.96,residential,India
1,2060-02-02,590.86,residential,India
1,2060-02-03,575.05,residential,India
1,2060-02-04,609.77,residential,India
1,2060-02-05,615.48,residential,India
1,2060-02-06,608.68,residential,India
1,2060-02-07,609.05,residential,India
1,2060-02-08,598.45,residential,India
1,2060-02-09,572.5,residential,India
1,2060-02-10,628.47,residential,India
1,2060-02-11,583.3,residential,India
1,2060-02-12,613.02,residential,India
1,2060-02-13,571.41,residential,India
1,2060-02-14,578.03,residential,India
1,2060-02-15,600.49,residential,India
1,2060-02-16,587.91,residential,India
1,2060-02-17,628.26,residential,India
1,2060-02-18,614.44,residential,India
1,2060-02-19,586.55,residential,India
1,2060-02-20,605.67,residential,India
1,2060-02-21,577.75,residential,India
1,2060-02-22,574.46,residential,India
1,2060-02-23,619.63,residential,India
1,2060-02-24,604.44,residential,India
1,2060-02-25,588.73,residential,India
1,2060-02-26,652.18,residential,India
1,2060-02-27,598.63,residential,India
1,2060-02-28,584.71,residential,India
1,2060-02-29,612.59,residential,India
1,2060-03-01,600.93,residential,India
1,2060-03-02,601.62,residential,India
1,2060-03-03,575.31,residential,India
1,2060-03-04,607.45,residential,India
1,2060-03-05,606.99,residential,India
1,2060-03-06,596.14,residential,India
1,2060-03-07,577.93,residential,India
1,2060-03-08,600.98,residential,India
1,2060-03-09,606.1,residential,India
1,2060-03-10,594.35,residential,India
1,2060-03-11,608.46,residential,India
1,2060-03-12,600.82,residential,India
1,2060-03-13,633.21,residential,India
1,2060-03-14,571.5,residential,India
1,2060-03-15,630.44,residential,India
1,2060-03-16,606.33,residential,India
1,2060-03-17,588.12,residential,India
1,2060-03-18,587.97,residential,India
1,2060-03-19,581.15,residential,India
1,2060-03-20,572.56,residential,India
1,2060-03-21,613.32,residential,India
1,2060-03-22,611.52,residential,India
1,2060-03-23,617.54,residential,India
1,2060-03-24,578.88,residential,India
1,2060-03-25,580.59,residential,India
1,2060-03-26,594.92,residential,India
1,2060-03-27,582.55,residential,India
1,2060-03-28,609.35,residential,India
1,2060-03-29,593.6,residential,India
1,2060-03-30,559.15,residential,India
1,2060-03-31,594.64,residential,India
1,2060-04-01,616.78,residential,India
1,2060-04-02,610.16,residential,India
1,2060-04-03,618.68,residential,India
1,2060-04-04,591.55,residential,India
1,2060-04-05,596.26,residential,India
1,2060-04-06,585.12,residential,India
1,2060-04-07,594.42,residential,India
1,2060-04-08,611.6,residential,India
1,2060-04-09,621.28,residential,India
1,2060-04-10,616.79,residential,India
1,2060-04-11,593.02,residential,India
1,2060-04-12,615.66,residential,India
1,2060-04-13,634.73,residential,India
1,2060-04-14,621.27,residential,India
1,2060-04-15,591.07,residential,India
1,2060-04-16,627.39,residential,India
1,2060-04-17,598.73,residential,India
1,2060-04-18,587.47,residential,India
1,2060-04-19,589.57,residential,India
1,2060-04-20,585.76,residential,India
1,2060-04-21,600.54,residential,India
1,2060-04-22,612.79,residential,India
1,2060-04-23,584.56,residential,India
1,2060-04-24,590.64,residential,India
1,2060-04-25,588.32,residential,India
1,2060-04-26,619.88,residential,India
1,2060-04-27,623.59,residential,India
1,2060-04-28,589.95,residential,India
1,2060-04-29,614.7,residential,India
1,2060-04-30,620.69,residential,India
1,2060-05-01,595.82,residential,India
1,2060-05-02,629.73,residential,India
1,2060-05-03,599.96,residential,India
1,2060-05-04,624.65,residential,India
1,2060-05-05,607.94,residential,India
1,2060-05-06,631.66,residential,India
1,2060-05-07,614.29,residential,India
1,2060-05-08,623.89,residential,India
1,2060-05-09,603.58,residential,India
1,2060-05-10,648.39,residential,India
1,2060-05-11,602.96,residential,India
1,2060-05-12,621.42,residential,India
1,2060-05-13,604.81,residential,India
1,2060-05-14,628.15,residential,India
1,2060-05-15,630.64,residential,India
1,2060-05-16,588.39,residential,India
1,2060-05-17,640.14,residential,India
1,2060-05-18,598.69,residential,India
1,2060-05-19,599.04,residential,India
1,2060-05-20,590.22,residential,India
1,2060-05-21,599.67,residential,India
1,2060-05-22,603.7,residential,India
1,2060-05-23,582.41,residential,India
1,2060-05-24,614.9,residential,India
1,2060-05-25,634.73,residential,India
1,2060-05-26,613.43,residential,India
1,2060-05-27,609.07,residential,India
1,2060-05-28,610.5,residential,India
1,2060-05-29,643.35,residential,India
1,2060-05-30,573.27,residential,India
1,2060-05-31,595.46,residential,India
1,2060-06-01,612.9,residential,India
1,2060-06-02,590.22,residential,India
1,2060-06-03,593.02,residential,India
1,2060-06-04,573.89,residential,India
1,2060-06-05,604.51,residential,India
1,2060-06-06,590.49,residential,India
1,2060-06-07,605.28,residential,India
1,2060-06-08,603.61,residential,India
1,2060-06-09,615.56,residential,India
1,2060-06-10,647.15,residential,India
1,2060-06-11,623.8,residential,India
1,2060-06-12,595.61,residential,India
1,2060-06-13,654.89,residential,India
1,2060-06-14,593.0,residential,India
1,2060-06-15,614.26,residential,India
1,2060-06-16,597.64,residential,India
1,2060-06-17,619.45,residential,India
1,2060-06-18,610.32,residential,India
1,2060-06-19,630.62,residential,India
1,2060-06-20,617.93,residential,India
1,2060-06-21,604.12,residential,India
1,2060-06-22,630.33,residential,India
1,2060-06-23,570.99,residential,India
1,2060-06-24,598.28,residential,India
1,2060-06-25,609.61,residential,India
1,2060-06-26,611.83,residential,India
1,2060-06-27,614.05,residential,India
1,2060-06-28,625.59,residential,India
1,2060-06-29,639.67,residential,India
1,2060-06-30,611.09,residential,India
1,2060-07-01,599.54,residential,India
1,2060-07-02,627.73,residential,India
1,2060-07-03,604.42,residential,India
1,2060-07-04,630.48,residential,India
1,2060-07-05,635.94,residential,India
1,2060-07-06,557.49,residential,India
1,2060-07-07,647.27,residential,India
1,2060-07-08,609.99,residential,India
1,2060-07-09,626.15,residential,India
1,2060-07-10,623.38,residential,India
1,2060-07-11,587.55,residential,India
1,2060-07-12,619.86,residential,India
1,2060-07-13,599.58,residential,India
1,2060-07-14,607.71,residential,India
1,2060-07-15,646.97,residential,India
1,2060-07-16,643.17,residential,India
1,2060-07-17,584.86,residential,India
1,2060-07-18,600.29,residential,India
1,2060-07-19,611.87,residential,India
1,2060-07-20,605.79,residential,India
1,2060-07-21,599.11,residential,India
1,2060-07-22,618.14,residential,India
1,2060-07-23,629.99,residential,India
1,2060-07-24,579.41,residential,India
1,2060-07-25,617.54,residential,India
1,2060-07-26,610.17,residential,India
1,2060-07-27,619.12,residential,India
1,2060-07-28,615.76,residential,India
1,2060-07-29,629.86,residential,India
1,2060-07-30,628.58,residential,India
1,2060-07-31,617.09,residential,India
1,2060-08-01,593.5,residential,India
1,2060-08-02,584.86,residential,India
1,2060-08-03,641.84,residential,India
1,2060-08-04,607.77,residential,India
1,2060-08-05,610.54,residential,India
1,2060-08-06,638.89,residential,India
1,2060-08-07,621.56,residential,India
1,2060-08-08,631.76,residential,India
1,2060-08-09,603.93,residential,India
1,2060-08-10,636.36,residential,India
1,2060-08-11,596.53,residential,India
1,2060-08-12,608.95,residential,India
1,2060-08-13,647.71,residential,India
1,2060-08-14,660.4,residential,India
1,2060-08-15,640.86,residential,India
1,2060-08-16,613.96,residential,India
1,2060-08-17,614.95,residential,India
1,2060-08-18,646.68,residential,India
1,2060-08-19,655.73,residential,India
1,2060-08-20,593.89,residential,India
1,2060-08-21,612.71,residential,India
1,2060-08-22,645.16,residential,India
1,2060-08-23,629.5,residential,India
1,2060-08-24,629.93,residential,India
1,2060-08-25,620.34,residential,India
1,2060-08-26,620.66,residential,India
1,2060-08-27,614.57,residential,India
1,2060-08-28,629.7,residential,India
1,2060-08-29,617.06,residential,India
1,2060-08-30,596.93,residential,India
1,2060-08-31,622.95,residential,India
1,2060-09-01,640.93,residential,India
1,2060-09-02,620.72,residential,India
1,2060-09-03,640.1,residential,India
1,2060-09-04,599.63,residential,India
1,2060-09-05,642.24,residential,India
1,2060-09-06,632.71,residential,India
1,2060-09-07,649.86,residential,India
1,2060-09-08,617.61,residential,India
1,2060-09-09,623.59,residential,India
1,2060-09-10,592.96,residential,India
1,2060-09-11,610.32,residential,India
1,2060-09-12,665.21,residential,India
1,2060-09-13,609.34,residential,India
1,2060-09-14,637.63,residential,India
1,2060-09-15,585.96,residential,India
1,2060-09-16,632.57,residential,India
1,2060-09-17,609.24,residential,India
1,2060-09-18,619.75,residential,India
1,2060-09-19,615.97,residential,India
1,2060-09-20,625.02,residential,India
1,2060-09-21,630.23,residential,India
1,2060-09-22,599.4,residential,India
1,2060-09-23,623.54,residential,India
1,2060-09-24,639.83,residential,India
1,2060-09-25,637.43,residential,India
1,2060-09-26,602.18,residential,India
1,2060-09-27,622.62,residential,India
1,2060-09-28,623.64,residential,India
1,2060-09-29,607.07,residential,India
1,2060-09-30,619.37,residential,India
1,2060-10-01,640.53,residential,India
1,2060-10-02,587.56,residential,India
1,2060-10-03,616.86,residential,India
1,2060-10-04,612.3,residential,India
1,2060-10-05,619.5,residential,India
1,2060-10-06,630.42,residential,India
1,2060-10-07,613.02,residential,India
1,2060-10-08,632.32,residential,India
1,2060-10-09,627.85,residential,India
1,2060-10-10,663.89,residential,India
1,2060-10-11,645.68,residential,India
1,2060-10-12,613.58,residential,India
1,2060-10-13,605.8,residential,India
1,2060-10-14,628.99,residential,India
1,2060-10-15,611.8,residential,India
1,2060-10-16,641.62,residential,India
1,2060-10-17,654.13,residential,India
1,2060-10-18,655.97,residential,India
1,2060-10-19,629.88,residential,India
1,2060-10-20,629.73,residential,India
1,2060-10-21,613.06,residential,India
1,2060-10-22,661.03,residential,India
1,2060-10-23,621.28,residential,India
1,2060-10-24,607.72,residential,India
1,2060-10-25,639.65,residential,India
1,2060-10-26,662.32,residential,India
1,2060-10-27,624.55,residential,India
1,2060-10-28,648.19,residential,India
1,2060-10-29,590.32,residential,India
1,2060-10-30,652.38,residential,India
1,2060-10-31,607.01,residential,India
1,2060-11-01,618.9,residential,India
1,2060-11-02,659.32,residential,India
1,2060-11-03,615.01,residential,India
1,2060-11-04,620.27,residential,India
1,2060-11-05,619.08,residential,India
1,2060-11-06,600.15,residential,India
1,2060-11-07,638.56,residential,India
1,2060-11-08,620.49,residential,India
1,2060-11-09,610.48,residential,India
1,2060-11-10,642.31,residential,India
1,2060-11-11,634.74,residential,India
1,2060-11-12,622.63,residential,India
1,2060-11-13,626.7,residential,India
1,2060-11-14,641.8,residential,India
1,2060-11-15,611.46,residential,India
1,2060-11-16,639.35,residential,India
1,2060-11-17,635.32,residential,India
1,2060-11-18,649.62,residential,India
1,2060-11-19,630.82,residential,India
1,2060-11-20,641.99,residential,India
1,2060-11-21,656.14,residential,India
1,2060-11-22,624.93,residential,India
1,2060-11-23,618.9,residential,India
1,2060-11-24,621.89,residential,India
1,2060-11-25,637.63,residential,India
1,2060-11-26,658.21,residential,India
1,2060-11-27,646.39,residential,India
1,2060-11-28,607.36,residential,India
1,2060-11-29,645.02,residential,India
1,2060-11-30,623.32,residential,India
1,2060-12-01,617.91,residential,India
1,2060-12-02,659.22,residential,India
1,2060-12-03,667.21,residential,India
1,2060-12-04,614.82,residential,India
1,2060-12-05,634.65,residential,India
1,2060-12-06,593.94,residential,India
1,2060-12-07,623.12,residential,India
1,2060-12-08,686.12,residential,India
1,2060-12-09,640.03,residential,India
1,2060-12-10,633.94,residential,India
1,2060-12-11,639.37,residential,India
1,2060-12-12,681.56,residential,India
1,2060-12-13,644.03,residential,India
1,2060-12-14,605.91,residential,India
1,2060-12-15,644.02,residential,India
1,2060-12-16,621.85,residential,India
1,2060-12-17,605.67,residential,India
1,2060-12-18,631.1,residential,India
1,2060-12-19,651.78,residential,India
1,2060-12-20,644.18,residential,India
1,2060-12-21,668.21,residential,India
1,2060-12-22,634.91,residential,India
1,2060-12-23,623.43,residential,India
1,2060-12-24,581.99,residential,India
1,2060-12-25,632.44,residential,India
1,2060-12-26,633.0,residential,India
1,2060-12-27,631.21,residential,India
1,2060-12-28,621.69,residential,India
1,2060-12-29,645.97,residential,India
1,2060-12-30,671.82,residential,India
1,2060-12-31,647.48,residential,India
1,2061-01-01,644.0,residential,India
1,2061-01-02,649.34,residential,India
1,2061-01-03,623.45,residential,India
1,2061-01-04,653.04,residential,India
1,2061-01-05,650.76,residential,India
1,2061-01-06,628.51,residential,India
1,2061-01-07,674.25,residential,India
1,2061-01-08,611.39,residential,India
1,2061-01-09,626.44,residential,India
1,2061-01-10,639.46,residential,India
1,2061-01-11,613.54,residential,India
1,2061-01-12,633.69,residential,India
1,2061-01-13,627.56,residential,India
1,2061-01-14,654.98,residential,India
1,2061-01-15,661.19,residential,India
1,2061-01-16,617.78,residential,India
1,2061-01-17,620.02,residential,India
1,2061-01-18,667.03,residential,India
1,2061-01-19,635.73,residential,India
1,2061-01-20,651.04,residential,India
1,2061-01-21,673.5,residential,India
1,2061-01-22,618.35,residential,India
1,2061-01-23,639.78,residential,India
1,2061-01-24,636.97,residential,India
1,2061-01-25,636.19,residential,India
1,2061-01-26,646.87,residential,India
1,2061-01-27,639.27,residential,India
1,2061-01-28,669.92,residential,India
1,2061-01-29,614.8,residential,India
1,2061-01-30,619.55,residential,India
1,2061-01-31,632.23,residential,India
1,2061-02-01,652.07,residential,India
1,2061-02-02,656.64,residential,India
1,2061-02-03,642.96,residential,India
1,2061-02-04,667.7,residential,India
1,2061-02-05,631.46,residential,India
1,2061-02-06,645.16,residential,India
1,2061-02-07,662.54,residential,India
1,2061-02-08,604.89,residential,India
1,2061-02-09,658.84,residential,India
1,2061-02-10,648.75,residential,India
1,2061-02-11,635.46,residential,India
1,2061-02-12,626.54,residential,India
1,2061-02-13,680.95,residential,India
1,2061-02-14,663.9,residential,India
1,2061-02-15,675.05,residential,India
1,2061-02-16,649.65,residential,India
1,2061-02-17,662.38,residential,India
1,2061-02-18,648.49,residential,India
1,2061-02-19,611.03,residential,India
1,2061-02-20,656.09,residential,India
1,2061-02-21,632.52,residential,India
1,2061-02-22,660.77,residential,India
1,2061-02-23,626.19,residential,India
1,2061-02-24,610.46,residential,India
1,2061-02-25,663.53,residential,India
1,2061-02-26,661.33,residential,India
1,2061-02-27,616.1,residential,India
1,2061-02-28,661.66,residential,India
1,2061-03-01,659.18,residential,India
1,2061-03-02,641.33,residential,India
1,2061-03-03,640.42,residential,India
1,2061-03-04,653.32,residential,India
1,2061-03-05,628.72,residential,India
1,2061-03-06,655.64,residential,India
1,2061-03-07,672.6,residential,India
1,2061-03-08,643.37,residential,India
1,2061-03-09,660.42,residential,India
1,2061-03-10,654.19,residential,India
1,2061-03-11,643.86,residential,India
1,2061-03-12,673.26,residential,India
1,2061-03-13,651.38,residential,India
1,2061-03-14,673.56,residential,India
1,2061-03-15,613.32,residential,India
1,2061-03-16,641.0,residential,India
1,2061-03-17,658.88,residential,India
1,2061-03-18,683.75,residential,India
1,2061-03-19,661.94,residential,India
1,2061-03-20,667.51,residential,India
1,2061-03-21,664.65,residential,India
1,2061-03-22,655.26,residential,India
1,2061-03-23,651.66,residential,India
1,2061-03-24,672.91,residential,India
1,2061-03-25,636.8,residential,India
1,2061-03-26,651.7,residential,India
1,2061-03-27,658.97,residential,India
1,2061-03-28,632.64,residential,India
1,2061-03-29,661.8,residential,India
1,2061-03-30,660.27,residential,India
1,2061-03-31,596.39,residential,India
1,2061-04-01,670.04,residential,India
1,2061-04-02,614.81,residential,India
1,2061-04-03,665.39,residential,India
1,2061-04-04,631.17,residential,India
1,2061-04-05,659.79,residential,India
1,2061-04-06,616.53,residential,India
1,2061-04-07,649.65,residential,India
1,2061-04-08,673.17,residential,India
1,2061-04-09,653.75,residential,India
1,2061-04-10,607.0,residential,India
1,2061-04-11,625.02,residential,India
1,2061-04-12,658.2,residential,India
1,2061-04-13,687.17,residential,India
1,2061-04-14,619.69,residential,India
1,2061-04-15,647.38,residential,India
1,2061-04-16,697.58,residential,India
1,2061-04-17,672.22,residential,India
1,2061-04-18,632.95,residential,India
1,2061-04-19,647.97,residential,India
1,2061-04-20,660.12,residential,India
1,2061-04-21,659.5,residential,India
1,2061-04-22,645.1,residential,India
1,2061-04-23,667.39,residential,India
1,2061-04-24,640.78,residential,India
1,2061-04-25,639.84,residential,India
1,2061-04-26,661.5,residential,India
1,2061-04-27,644.71,residential,India
1,2061-04-28,635.59,residential,India
1,2061-04-29,639.27,residential,India
1,2061-04-30,665.69,residential,India
1,2061-05-01,632.45,residential,India
1,2061-05-02,619.48,residential,India
1,2061-05-03,692.21,residential,India
1,2061-05-04,661.72,residential,India
1,2061-05-05,686.61,residential,India
1,2061-05-06,615.38,residential,India
1,2061-05-07,666.09,residential,India
1,2061-05-08,650.81,residential,India
1,2061-05-09,625.62,residential,India
1,2061-05-10,675.38,residential,India
1,2061-05-11,644.61,residential,India
1,2061-05-12,696.86,residential,India
1,2061-05-13,645.76,residential,India
1,2061-05-14,632.18,residential,India
1,2061-05-15,683.28,residential,India
1,2061-05-16,636.53,residential,India
1,2061-05-17,642.02,residential,India
1,2061-05-18,670.34,residential,India
1,2061-05-19,646.21,residential,India
1,2061-05-20,674.31,residential,India
1,2061-05-21,637.23,residential,India
1,2061-05-22,666.45,residential,India
1,2061-05-23,675.35,residential,India
1,2061-05-24,651.57,residential,India
1,2061-05-25,643.39,residential,India
1,2061-05-26,643.99,residential,India
1,2061-05-27,657.5,residential,India
1,2061-05-28,619.09,residential,India
1,2061-05-29,659.01,residential,India
1,2061-05-30,605.15,residential,India
1,2061-05-31,655.62,residential,India
1,2061-06-01,654.46,residential,India
1,2061-06-02,664.45,residential,India
1,2061-06-03,665.33,residential,India
1,2061-06-04,675.26,residential,India
1,2061-06-05,651.56,residential,India
1,2061-06-06,673.02,residential,India
1,2061-06-07,687.15,residential,India
1,2061-06-08,642.91,residential,India
1,2061-06-09,676.52,residential,India
1,2061-06-10,656.29,residential,India
1,2061-06-11,642.55,residential,India
1,2061-06-12,663.17,residential,India
1,2061-06-13,639.14,residential,India
1,2061-06-14,626.52,residential,India
1,2061-06-15,637.94,residential,India
1,2061-06-16,675.23,residential,India
1,2061-06-17,653.19,residential,India
1,2061-06-18,659.88,residential,India
1,2061-06-19,671.54,residential,India
1,2061-06-20,667.34,residential,India
1,2061-06-21,659.11,residential,India
1,2061-06-22,680.2,residential,India
1,2061-06-23,684.93,residential,India
1,2061-06-24,676.86,residential,India
1,2061-06-25,669.77,residential,India
1,2061-06-26,658.01,residential,India
1,2061-06-27,684.93,residential,India
1,2061-06-28,602.47,residential,India
1,2061-06-29,633.38,residential,India
1,2061-06-30,637.21,residential,India
1,2061-07-01,666.82,residential,India
1,2061-07-02,669.91,residential,India
1,2061-07-03,650.56,residential,India
1,2061-07-04,686.7,residential,India
1,2061-07-05,677.75,residential,India
1,2061-07-06,652.64,residential,India
1,2061-07-07,654.43,residential,India
1,2061-07-08,668.43,residential,India
1,2061-07-09,686.95,residential,India
1,2061-07-10,635.47,residential,India
1,2061-07-11,671.28,residential,India
1,2061-07-12,691.58,residential,India
1,2061-07-13,689.46,residential,India
1,2061-07-14,657.89,residential,India
1,2061-07-15,668.79,residential,India
1,2061-07-16,649.06,residential,India
1,2061-07-17,692.54,residential,India
1,2061-07-18,646.15,residential,India
1,2061-07-19,647.38,residential,India
1,2061-07-20,677.0,residential,India
1,2061-07-21,665.42,residential,India
1,2061-07-22,659.54,residential,India
1,2061-07-23,668.88,residential,India
1,2061-07-24,686.5,residential,India
1,2061-07-25,688.27,residential,India
1,2061-07-26,661.46,residential,India
1,2061-07-27,662.69,residential,India
1,2061-07-28,688.3,residential,India
1,2061-07-29,697.32,residential,India
1,2061-07-30,642.55,residential,India
1,2061-07-31,666.69,residential,India
1,2061-08-01,665.58,residential,India
1,2061-08-02,674.35,residential,India
1,2061-08-03,665.62,residential,India
1,2061-08-04,702.36,residential,India
1,2061-08-05,691.59,residential,India
1,2061-08-06,677.97,residential,India
1,2061-08-07,627.25,residential,India
1,2061-08-08,669.01,residential,India
1,2061-08-09,677.35,residential,India
1,2061-08-10,655.72,residential,India
1,2061-08-11,666.65,residential,India
1,2061-08-12,619.11,residential,India
1,2061-08-13,690.98,residential,India
1,2061-08-14,668.65,residential,India
1,2061-08-15,686.87,residential,India
1,2061-08-16,690.37,residential,India
1,2061-08-17,661.22,residential,India
1,2061-08-18,672.54,residential,India
1,2061-08-19,671.8,residential,India
1,2061-08-20,661.8,residential,India
1,2061-08-21,683.24,residential,India
1,2061-08-22,668.97,residential,India
1,2061-08-23,687.09,residential,India
1,2061-08-24,681.0,residential,India
1,2061-08-25,683.18,residential,India
1,2061-08-26,669.74,residential,India
1,2061-08-27,647.75,residential,India
1,2061-08-28,675.65,residential,India
1,2061-08-29,700.15,residential,India
1,2061-08-30,627.25,residential,India
1,2061-08-31,677.96,residential,India
1,2061-09-01,652.42,residential,India
1,2061-09-02,663.97,residential,India
1,2061-09-03,650.94,residential,India
1,2061-09-04,667.43,residential,India
1,2061-09-05,692.15,residential,India
1,2061-09-06,704.38,residential,India
1,2061-09-07,662.51,residential,India
1,2061-09-08,663.77,residential,India
1,2061-09-09,673.72,residential,India
1,2061-09-10,694.61,residential,India
1,2061-09-11,668.94,residential,India
1,2061-09-12,654.31,residential,India
1,2061-09-13,632.77,residential,India
1,2061-09-14,663.65,residential,India
1,2061-09-15,695.21,residential,India
1,2061-09-16,689.27,residential,India
1,2061-09-17,617.49,residential,India
1,2061-09-18,669.26,residential,India
1,2061-09-19,686.44,residential,India
1,2061-09-20,655.98,residential,India
1,2061-09-21,719.25,residential,India
1,2061-09-22,704.95,residential,India
1,2061-09-23,666.64,residential,India
1,2061-09-24,675.1,residential,India
1,2061-09-25,677.17,residential,India
1,2061-09-26,654.19,residential,India
1,2061-09-27,702.1,residential,India
1,2061-09-28,679.17,residential,India
1,2061-09-29,658.43,residential,India
1,2061-09-30,666.62,residential,India
1,2061-10-01,673.54,residential,India
1,2061-10-02,676.87,residential,India
1,2061-10-03,677.94,residential,India
1,2061-10-04,715.13,residential,India
1,2061-10-05,668.36,residential,India
1,2061-10-06,686.4,residential,India
1,2061-10-07,620.01,residential,India
1,2061-10-08,647.61,residential,India
1,2061-10-09,654.51,residential,India
1,2061-10-10,655.37,residential,India
1,2061-10-11,669.55,residential,India
1,2061-10-12,672.87,residential,India
1,2061-10-13,654.82,residential,India
1,2061-10-14,702.53,residential,India
1,2061-10-15,705.06,residential,India
1,2061-10-16,692.31,residential,India
1,2061-10-17,704.43,residential,India
1,2061-10-18,659.41,residential,India
1,2061-10-19,671.14,residential,India
1,2061-10-20,681.31,residential,India
1,2061-10-21,713.68,residential,India
1,2061-10-22,653.39,residential,India
1,2061-10-23,630.05,residential,India
1,2061-10-24,687.54,residential,India
1,2061-10-25,677.54,residential,India
1,2061-10-26,702.66,residential,India
1,2061-10-27,673.93,residential,India
1,2061-10-28,676.62,residential,India
1,2061-10-29,758.29,residential,India
1,2061-10-30,649.1,residential,India
1,2061-10-31,696.62,residential,India
1,2061-11-01,672.65,residential,India
1,2061-11-02,704.22,residential,India
1,2061-11-03,655.91,residential,India
1,2061-11-04,658.18,residential,India
1,2061-11-05,656.38,residential,India
1,2061-11-06,674.93,residential,India
1,2061-11-07,692.28,residential,India
1,2061-11-08,686.99,residential,India
1,2061-11-09,704.17,residential,India
1,2061-11-10,707.97,residential,India
1,2061-11-11,701.11,residential,India
1,2061-11-12,728.73,residential,India
1,2061-11-13,666.11,residential,India
1,2061-11-14,675.38,residential,India
1,2061-11-15,663.29,residential,India
1,2061-11-16,643.41,residential,India
1,2061-11-17,673.25,residential,India
1,2061-11-18,669.98,residential,India
1,2061-11-19,676.58,residential,India
1,2061-11-20,665.56,residential,India
1,2061-11-21,670.48,residential,India
1,2061-11-22,712.19,residential,India
1,2061-11-23,679.32,residential,India
1,2061-11-24,685.96,residential,India
1,2061-11-25,681.77,residential,India
1,2061-11-26,682.04,residential,India
1,2061-11-27,660.44,residential,India
1,2061-11-28,704.95,residential,India
1,2061-11-29,692.51,residential,India
1,2061-11-30,655.2,residential,India
1,2061-12-01,674.76,residential,India
1,2061-12-02,654.06,residential,India
1,2061-12-03,711.74,residential,India
1,2061-12-04,697.85,residential,India
1,2061-12-05,692.08,residential,India
1,2061-12-06,694.04,residential,India
1,2061-12-07,718.68,residential,India
1,2061-12-08,654.65,residential,India
1,2061-12-09,677.66,residential,India
1,2061-12-10,661.43,residential,India
1,2061-12-11,697.89,residential,India
1,2061-12-12,688.18,residential,India
1,2061-12-13,710.77,residential,India
1,2061-12-14,667.28,residential,India
1,2061-12-15,660.96,residential,India
1,2061-12-16,717.59,residential,India
1,2061-12-17,676.05,residential,India
1,2061-12-18,655.32,residential,India
1,2061-12-19,672.38,residential,India
1,2061-12-20,674.22,residential,India
1,2061-12-21,674.02,residential,India
1,2061-12-22,716.57,residential,India
1,2061-12-23,702.27,residential,India
1,2061-12-24,647.15,residential,India
1,2061-12-25,654.91,residential,India
1,2061-12-26,710.12,residential,India
1,2061-12-27,706.12,residential,India
1,2061-12-28,644.57,residential,India
1,2061-12-29,668.83,residential,India
1,2061-12-30,665.21,residential,India
1,2061-12-31,703.46,residential,India
1,2062-01-01,693.56,residential,India
1,2062-01-02,677.74,residential,India
1,2062-01-03,703.01,residential,India
1,2062-01-04,646.55,residential,India
1,2062-01-05,678.41,residential,India
1,2062-01-06,680.39,residential,India
1,2062-01-07,715.34,residential,India
1,2062-01-08,713.25,residential,India
1,2062-01-09,668.54,residential,India
1,2062-01-10,643.23,residential,India
1,2062-01-11,725.58,residential,India
1,2062-01-12,688.49,residential,India
1,2062-01-13,717.07,residential,India
1,2062-01-14,710.03,residential,India
1,2062-01-15,684.34,residential,India
1,2062-01-16,701.14,residential,India
1,2062-01-17,675.43,residential,India
1,2062-01-18,697.21,residential,India
1,2062-01-19,665.95,residential,India
1,2062-01-20,671.96,residential,India
1,2062-01-21,681.24,residential,India
1,2062-01-22,679.36,residential,India
1,2062-01-23,685.77,residential,India
1,2062-01-24,680.86,residential,India
1,2062-01-25,694.67,residential,India
1,2062-01-26,672.48,residential,India
1,2062-01-27,683.94,residential,India
1,2062-01-28,686.51,residential,India
1,2062-01-29,669.82,residential,India
1,2062-01-30,650.52,residential,India
1,2062-01-31,687.21,residential,India
1,2062-02-01,694.93,residential,India
1,2062-02-02,712.21,residential,India
1,2062-02-03,662.77,residential,India
1,2062-02-04,666.29,residential,India
1,2062-02-05,692.11,residential,India
1,2062-02-06,691.24,residential,India
1,2062-02-07,665.35,residential,India
1,2062-02-08,674.66,residential,India
1,2062-02-09,713.92,residential,India
1,2062-02-10,693.94,residential,India
1,2062-02-11,691.37,residential,India
1,2062-02-12,659.84,residential,India
1,2062-02-13,689.55,residential,India
1,2062-02-14,668.04,residential,India
1,2062-02-15,681.98,residential,India
1,2062-02-16,647.13,residential,India
1,2062-02-17,694.63,residential,India
1,2062-02-18,724.19,residential,India
1,2062-02-19,703.48,residential,India
1,2062-02-20,662.94,residential,India
1,2062-02-21,665.36,residential,India
1,2062-02-22,672.24,residential,India
1,2062-02-23,707.52,residential,India
1,2062-02-24,668.68,residential,India
1,2062-02-25,720.01,residential,India
1,2062-02-26,698.33,residential,India
1,2062-02-27,678.98,residential,India
1,2062-02-28,694.14,residential,India
1,2062-03-01,674.37,residential,India
1,2062-03-02,644.56,residential,India
1,2062-03-03,733.95,residential,India
1,2062-03-04,695.9,residential,India
1,2062-03-05,701.24,residential,India
1,2062-03-06,662.19,residential,India
1,2062-03-07,711.89,residential,India
1,2062-03-08,654.2,residential,India
1,2062-03-09,673.61,residential,India
1,2062-03-10,684.02,residential,India
1,2062-03-11,703.52,residential,India
1,2062-03-12,707.71,residential,India
1,2062-03-13,685.89,residential,India
1,2062-03-14,672.14,residential,India
1,2062-03-15,703.14,residential,India
1,2062-03-16,686.46,residential,India
1,2062-03-17,681.0,residential,India
1,2062-03-18,678.48,residential,India
1,2062-03-19,697.83,residential,India
1,2062-03-20,745.37,residential,India
1,2062-03-21,701.18,residential,India
1,2062-03-22,657.56,residential,India
1,2062-03-23,713.29,residential,India
1,2062-03-24,715.59,residential,India
1,2062-03-25,668.05,residential,India
1,2062-03-26,705.79,residential,India
1,2062-03-27,687.17,residential,India
1,2062-03-28,685.8,residential,India
1,2062-03-29,682.88,residential,India
1,2062-03-30,686.49,residential,India
1,2062-03-31,735.15,residential,India
1,2062-04-01,704.31,residential,India
1,2062-04-02,690.17,residential,India
1,2062-04-03,703.73,residential,India
1,2062-04-04,666.49,residential,India
1,2062-04-05,706.43,residential,India
1,2062-04-06,680.66,residential,India
1,2062-04-07,681.77,residential,India
1,2062-04-08,721.9,residential,India
1,2062-04-09,728.2,residential,India
1,2062-04-10,738.24,residential,India
1,2062-04-11,653.09,residential,India
1,2062-04-12,659.47,residential,India
1,2062-04-13,723.93,residential,India
1,2062-04-14,692.0,residential,India
1,2062-04-15,721.03,residential,India
1,2062-04-16,712.54,residential,India
1,2062-04-17,679.73,residential,India
1,2062-04-18,678.87,residential,India
1,2062-04-19,693.18,residential,India
1,2062-04-20,717.39,residential,India
1,2062-04-21,672.97,residential,India
1,2062-04-22,725.49,residential,India
1,2062-04-23,672.78,residential,India
1,2062-04-24,683.48,residential,India
1,2062-04-25,691.54,residential,India
1,2062-04-26,672.51,residential,India
1,2062-04-27,701.12,residential,India
1,2062-04-28,719.07,residential,India
1,2062-04-29,692.38,residential,India
1,2062-04-30,689.55,residential,India
1,2062-05-01,726.69,residential,India
1,2062-05-02,716.07,residential,India
1,2062-05-03,730.96,residential,India
1,2062-05-04,722.8,residential,India
1,2062-05-05,727.41,residential,India
1,2062-05-06,708.92,residential,India
1,2062-05-07,695.0,residential,India
1,2062-05-08,664.31,residential,India
1,2062-05-09,715.91,residential,India
1,2062-05-10,695.85,residential,India
1,2062-05-11,711.86,residential,India
1,2062-05-12,668.18,residential,India
1,2062-05-13,703.36,residential,India
1,2062-05-14,671.69,residential,India
1,2062-05-15,673.43,residential,India
1,2062-05-16,676.13,residential,India
1,2062-05-17,696.6,residential,India
1,2062-05-18,709.87,residential,India
1,2062-05-19,700.03,residential,India
1,2062-05-20,677.41,residential,India
1,2062-05-21,709.82,residential,India
1,2062-05-22,706.26,residential,India
1,2062-05-23,732.25,residential,India
1,2062-05-24,672.07,residential,India
1,2062-05-25,688.41,residential,India
1,2062-05-26,716.41,residential,India
1,2062-05-27,726.52,residential,India
1,2062-05-28,685.0,residential,India
1,2062-05-29,759.24,residential,India
1,2062-05-30,661.26,residential,India
1,2062-05-31,683.66,residential,India
1,2062-06-01,676.98,residential,India
1,2062-06-02,665.79,residential,India
1,2062-06-03,654.32,residential,India
1,2062-06-04,696.18,residential,India
1,2062-06-05,701.93,residential,India
1,2062-06-06,718.58,residential,India
1,2062-06-07,696.41,residential,India
1,2062-06-08,686.68,residential,India
1,2062-06-09,668.59,residential,India
1,2062-06-10,670.12,residential,India
1,2062-06-11,710.28,residential,India
1,2062-06-12,676.65,residential,India
1,2062-06-13,711.34,residential,India
1,2062-06-14,703.13,residential,India
1,2062-06-15,691.44,residential,India
1,2062-06-16,679.69,residential,India
1,2062-06-17,688.85,residential,India
1,2062-06-18,690.84,residential,India
1,2062-06-19,700.66,residential,India
1,2062-06-20,690.74,residential,India
1,2062-06-21,670.33,residential,India
1,2062-06-22,705.08,residential,India
1,2062-06-23,699.47,residential,India
1,2062-06-24,676.16,residential,India
1,2062-06-25,642.78,residential,India
1,2062-06-26,711.03,residential,India
1,2062-06-27,649.47,residential,India
1,2062-06-28,691.18,residential,India
1,2062-06-29,702.17,residential,India
1,2062-06-30,685.39,residential,India
1,2062-07-01,691.95,residential,India
1,2062-07-02,687.37,residential,India
1,2062-07-03,676.93,residential,India
1,2062-07-04,701.84,residential,India
1,2062-07-05,678.2,residential,India
1,2062-07-06,679.7,residential,India
1,2062-07-07,706.48,residential,India
1,2062-07-08,694.63,residential,India
1,2062-07-09,683.42,residential,India
1,2062-07-10,699.77,residential,India
1,2062-07-11,728.37,residential,India
1,2062-07-12,706.91,residential,India
1,2062-07-13,712.7,residential,India
1,2062-07-14,674.97,residential,India
1,2062-07-15,702.91,residential,India
1,2062-07-16,663.48,residential,India
1,2062-07-17,707.73,residential,India
1,2062-07-18,724.18,residential,India
1,2062-07-19,704.88,residential,India
1,2062-07-20,703.42,residential,India
1,2062-07-21,686.36,residential,India
1,2062-07-22,659.8,residential,India
1,2062-07-23,669.61,residential,India
1,2062-07-24,703.34,residential,India
1,2062-07-25,691.78,residential,India
1,2062-07-26,724.51,residential,India
1,2062-07-27,657.07,residential,India
1,2062-07-28,701.3,residential,India
1,2062-07-29,715.25,residential,India
1,2062-07-30,699.9,residential,India
1,2062-07-31,695.76,residential,India
1,2062-08-01,674.2,residential,India
1,2062-08-02,721.16,residential,India
1,2062-08-03,710.21,residential,India
1,2062-08-04,725.13,residential,India
1,2062-08-05,724.24,residential,India
1,2062-08-06,736.01,residential,India
1,2062-08-07,671.45,residential,India
1,2062-08-08,669.95,residential,India
1,2062-08-09,694.11,residential,India
1,2062-08-10,700.04,residential,India
1,2062-08-11,680.29,residential,India
1,2062-08-12,710.61,residential,India
1,2062-08-13,688.06,residential,India
1,2062-08-14,702.25,residential,India
1,2062-08-15,690.53,residential,India
1,2062-08-16,706.55,residential,India
1,2062-08-17,667.43,residential,India
1,2062-08-18,708.62,residential,India
1,2062-08-19,662.24,residential,India
1,2062-08-20,686.52,residential,India
1,2062-08-21,708.95,residential,India
1,2062-08-22,701.26,residential,India
1,2062-08-23,698.31,residential,India
1,2062-08-24,695.69,residential,India
1,2062-08-25,708.6,residential,India
1,2062-08-26,704.43,residential,India
1,2062-08-27,692.2,residential,India
1,2062-08-28,674.82,residential,India
1,2062-08-29,707.1,residential,India
1,2062-08-30,681.27,residential,India
1,2062-08-31,692.43,residential,India
1,2062-09-01,678.93,residential,India
1,2062-09-02,733.57,residential,India
1,2062-09-03,680.64,residential,India
1,2062-09-04,722.44,residential,India
1,2062-09-05,730.59,residential,India
1,2062-09-06,685.46,residential,India
1,2062-09-07,710.29,residential,India
1,2062-09-08,681.86,residential,India
1,2062-09-09,711.4,residential,India
1,2062-09-10,710.11,residential,India
1,2062-09-11,672.57,residential,India
1,2062-09-12,698.45,residential,India
1,2062-09-13,683.21,residential,India
1,2062-09-14,701.65,residential,India
1,2062-09-15,706.42,residential,India
1,2062-09-16,692.86,residential,India
1,2062-09-17,735.46,residential,India
1,2062-09-18,686.25,residential,India
1,2062-09-19,693.52,residential,India
1,2062-09-20,699.11,residential,India
1,2062-09-21,723.47,residential,India
1,2062-09-22,702.0,residential,India
1,2062-09-23,724.98,residential,India
1,2062-09-24,696.53,residential,India
1,2062-09-25,725.99,residential,India
1,2062-09-26,703.1,residential,India
1,2062-09-27,702.91,residential,India
1,2062-09-28,701.85,residential,India
1,2062-09-29,670.98,residential,India
1,2062-09-30,684.19,residential,India
1,2062-10-01,665.69,residential,India
1,2062-10-02,692.88,residential,India
1,2062-10-03,673.42,residential,India
1,2062-10-04,723.7,residential,India
1,2062-10-05,706.57,residential,India
1,2062-10-06,664.61,residential,India
1,2062-10-07,697.67,residential,India
1,2062-10-08,671.13,residential,India
1,2062-10-09,679.83,residential,India
1,2062-10-10,698.2,residential,India
1,2062-10-11,688.3,residential,India
1,2062-10-12,696.35,residential,India
1,2062-10-13,716.15,residential,India
1,2062-10-14,696.11,residential,India
1,2062-10-15,723.01,residential,India
1,2062-10-16,718.13,residential,India
1,2062-10-17,683.73,residential,India
1,2062-10-18,694.73,residential,India
1,2062-10-19,699.39,residential,India
1,2062-10-20,699.92,residential,India
1,2062-10-21,684.1,residential,India
1,2062-10-22,677.5,residential,India
1,2062-10-23,722.67,residential,India
1,2062-10-24,712.4,residential,India
1,2062-10-25,673.18,residential,India
1,2062-10-26,686.64,residential,India
1,2062-10-27,687.34,residential,India
1,2062-10-28,718.58,residential,India
1,2062-10-29,692.59,residential,India
1,2062-10-30,706.26,residential,India
1,2062-10-31,725.02,residential,India
1,2062-11-01,689.36,residential,India
1,2062-11-02,751.61,residential,India
1,2062-11-03,687.13,residential,India
1,2062-11-04,687.66,residential,India
1,2062-11-05,717.39,residential,India
1,2062-11-06,693.64,residential,India
1,2062-11-07,722.54,residential,India
1,2062-11-08,674.61,residential,India
1,2062-11-09,725.42,residential,India
1,2062-11-10,696.45,residential,India
1,2062-11-11,670.5,residential,India
1,2062-11-12,671.41,residential,India
1,2062-11-13,731.3,residential,India
1,2062-11-14,705.66,residential,India
1,2062-11-15,699.92,residential,India
1,2062-11-16,717.69,residential,India
1,2062-11-17,677.7,residential,India
1,2062-11-18,663.36,residential,India
1,2062-11-19,703.48,residential,India
1,2062-11-20,700.6,residential,India
1,2062-11-21,703.49,residential,India
1,2062-11-22,682.12,residential,India
1,2062-11-23,721.01,residential,India
1,2062-11-24,669.67,residential,India
1,2062-11-25,715.85,residential,India
1,2062-11-26,699.35,residential,India
1,2062-11-27,709.97,residential,India
1,2062-11-28,714.94,residential,India
1,2062-11-29,722.25,residential,India
1,2062-11-30,699.1,residential,India
1,2062-12-01,717.83,residential,India
1,2062-12-02,671.37,residential,India
1,2062-12-03,680.11,residential,India
1,2062-12-04,669.05,residential,India
1,2062-12-05,674.32,residential,India
1,2062-12-06,692.99,residential,India
1,2062-12-07,699.98,residential,India
1,2062-12-08,722.33,residential,India
1,2062-12-09,698.23,residential,India
1,2062-12-10,727.17,residential,India
1,2062-12-11,737.62,residential,India
1,2062-12-12,716.24,residential,India
1,2062-12-13,705.08,residential,India
1,2062-12-14,718.56,residential,India
1,2062-12-15,698.11,residential,India
1,2062-12-16,714.05,residential,India
1,2062-12-17,712.76,residential,India
1,2062-12-18,698.16,residential,India
1,2062-12-19,683.62,residential,India
1,2062-12-20,735.02,residential,India
1,2062-12-21,745.0,residential,India
1,2062-12-22,714.92,residential,India
1,2062-12-23,674.01,residential,India
1,2062-12-24,698.65,residential,India
1,2062-12-25,689.8,residential,India
1,2062-12-26,672.92,residential,India
1,2062-12-27,686.92,residential,India
1,2062-12-28,667.15,residential,India
1,2062-12-29,718.19,residential,India
1,2062-12-30,693.89,residential,India
1,2062-12-31,705.22,residential,India
1,2063-01-01,683.76,residential,India
1,2063-01-02,702.02,residential,India
1,2063-01-03,724.25,residential,India
1,2063-01-04,686.65,residential,India
1,2063-01-05,725.34,residential,India
1,2063-01-06,699.9,residential,India
1,2063-01-07,690.47,residential,India
1,2063-01-08,720.68,residential,India
1,2063-01-09,737.62,residential,India
1,2063-01-10,725.86,residential,India
1,2063-01-11,710.46,residential,India
1,2063-01-12,708.24,residential,India
1,2063-01-13,715.4,residential,India
1,2063-01-14,706.65,residential,India
1,2063-01-15,699.49,residential,India
1,2063-01-16,761.41,residential,India
1,2063-01-17,697.89,residential,India
1,2063-01-18,713.3,residential,India
1,2063-01-19,696.22,residential,India
1,2063-01-20,698.56,residential,India
1,2063-01-21,721.6,residential,India
1,2063-01-22,694.66,residential,India
1,2063-01-23,697.98,residential,India
1,2063-01-24,687.97,residential,India
1,2063-01-25,705.91,residential,India
1,2063-01-26,741.35,residential,India
1,2063-01-27,715.5,residential,India
1,2063-01-28,666.08,residential,India
1,2063-01-29,706.12,residential,India
1,2063-01-30,651.25,residential,India
1,2063-01-31,710.22,residential,India
1,2063-02-01,707.39,residential,India
1,2063-02-02,667.46,residential,India
1,2063-02-03,723.08,residential,India
1,2063-02-04,700.83,residential,India
1,2063-02-05,701.92,residential,India
1,2063-02-06,709.07,residential,India
1,2063-02-07,709.61,residential,India
1,2063-02-08,701.48,residential,India
1,2063-02-09,690.14,residential,India
1,2063-02-10,707.95,residential,India
1,2063-02-11,724.08,residential,India
1,2063-02-12,689.85,residential,India
1,2063-02-13,711.87,residential,India
1,2063-02-14,723.52,residential,India
1,2063-02-15,699.09,residential,India
1,2063-02-16,695.87,residential,India
1,2063-02-17,692.81,residential,India
1,2063-02-18,710.54,residential,India
1,2063-02-19,705.45,residential,India
1,2063-02-20,688.78,residential,India
1,2063-02-21,700.31,residential,India
1,2063-02-22,686.4,residential,India
1,2063-02-23,713.56,residential,India
1,2063-02-24,732.8,residential,India
1,2063-02-25,680.58,residential,India
1,2063-02-26,734.25,residential,India
1,2063-02-27,654.55,residential,India
1,2063-02-28,705.85,residential,India
1,2063-03-01,697.75,residential,India
1,2063-03-02,711.34,residential,India
1,2063-03-03,717.04,residential,India
1,2063-03-04,717.8,residential,India
1,2063-03-05,705.45,residential,India
1,2063-03-06,708.49,residential,India
1,2063-03-07,703.54,residential,India
1,2063-03-08,681.71,residential,India
1,2063-03-09,719.72,residential,India
1,2063-03-10,692.4,residential,India
1,2063-03-11,676.99,residential,India
1,2063-03-12,667.73,residential,India
1,2063-03-13,687.28,residential,India
1,2063-03-14,708.12,residential,India
1,2063-03-15,709.16,residential,India
1,2063-03-16,674.35,residential,India
1,2063-03-17,689.96,residential,India
1,2063-03-18,691.11,residential,India
1,2063-03-19,722.7,residential,India
1,2063-03-20,696.72,residential,India
1,2063-03-21,695.54,residential,India
1,2063-03-22,713.78,residential,India
1,2063-03-23,710.46,residential,India
1,2063-03-24,707.42,residential,India
1,2063-03-25,683.71,residential,India
1,2063-03-26,662.66,residential,India
1,2063-03-27,686.93,residential,India
1,2063-03-28,722.95,residential,India
1,2063-03-29,681.16,residential,India
1,2063-03-30,689.59,residential,India
1,2063-03-31,693.49,residential,India
1,2063-04-01,694.12,residential,India
1,2063-04-02,686.68,residential,India
1,2063-04-03,710.19,residential,India
1,2063-04-04,709.36,residential,India
1,2063-04-05,697.45,residential,India
1,2063-04-06,738.59,residential,India
1,2063-04-07,731.36,residential,India
1,2063-04-08,724.99,residential,India
1,2063-04-09,669.56,residential,India
1,2063-04-10,689.07,residential,India
1,2063-04-11,700.14,residential,India
1,2063-04-12,703.55,residential,India
1,2063-04-13,661.24,residential,India
1,2063-04-14,672.04,residential,India
1,2063-04-15,672.69,residential,India
1,2063-04-16,680.96,residential,India
1,2063-04-17,715.31,residential,India
1,2063-04-18,727.3,residential,India
1,2063-04-19,683.9,residential,India
1,2063-04-20,697.36,residential,India
1,2063-04-21,696.09,residential,India
1,2063-04-22,675.77,residential,India
1,2063-04-23,730.39,residential,India
1,2063-04-24,686.47,residential,India
1,2063-04-25,674.64,residential,India
1,2063-04-26,687.39,residential,India
1,2063-04-27,698.91,residential,India
1,2063-04-28,687.41,residential,India
1,2063-04-29,682.48,residential,India
1,2063-04-30,691.92,residential,India
1,2063-05-01,670.45,residential,India
1,2063-05-02,687.19,residential,India
1,2063-05-03,687.92,residential,India
1,2063-05-04,695.52,residential,India
1,2063-05-05,658.56,residential,India
1,2063-05-06,686.08,residential,India
1,2063-05-07,688.42,residential,India
1,2063-05-08,704.07,residential,India
1,2063-05-09,682.16,residential,India
1,2063-05-10,694.53,residential,India
1,2063-05-11,714.53,residential,India
1,2063-05-12,718.68,residential,India
1,2063-05-13,688.82,residential,India
1,2063-05-14,666.3,residential,India
1,2063-05-15,693.89,residential,India
1,2063-05-16,703.68,residential,India
1,2063-05-17,718.42,residential,India
1,2063-05-18,684.08,residential,India
1,2063-05-19,714.01,residential,India
1,2063-05-20,677.44,residential,India
1,2063-05-21,707.26,residential,India
1,2063-05-22,736.8,residential,India
1,2063-05-23,710.59,residential,India
1,2063-05-24,695.9,residential,India
1,2063-05-25,725.12,residential,India
1,2063-05-26,717.48,residential,India
1,2063-05-27,690.62,residential,India
1,2063-05-28,692.4,residential,India
1,2063-05-29,719.42,residential,India
1,2063-05-30,689.44,residential,India
1,2063-05-31,667.61,residential,India
1,2063-06-01,679.6,residential,India
1,2063-06-02,659.78,residential,India
1,2063-06-03,686.57,residential,India
1,2063-06-04,702.04,residential,India
1,2063-06-05,695.44,residential,India
1,2063-06-06,706.68,residential,India
1,2063-06-07,682.62,residential,India
1,2063-06-08,686.07,residential,India
1,2063-06-09,698.28,residential,India
1,2063-06-10,693.98,residential,India
1,2063-06-11,685.75,residential,India
1,2063-06-12,706.01,residential,India
1,2063-06-13,674.71,residential,India
1,2063-06-14,669.0,residential,India
1,2063-06-15,705.1,residential,India
1,2063-06-16,672.98,residential,India
1,2063-06-17,710.24,residential,India
1,2063-06-18,735.92,residential,India
1,2063-06-19,704.59,residential,India
1,2063-06-20,690.65,residential,India
1,2063-06-21,703.23,residential,India
1,2063-06-22,716.59,residential,India
1,2063-06-23,682.49,residential,India
1,2063-06-24,739.54,residential,India
1,2063-06-25,700.14,residential,India
1,2063-06-26,660.21,residential,India
1,2063-06-27,702.9,residential,India
1,2063-06-28,684.39,residential,India
1,2063-06-29,695.98,residential,India
1,2063-06-30,702.58,residential,India
1,2063-07-01,694.13,residential,India
1,2063-07-02,704.75,residential,India
1,2063-07-03,636.26,residential,India
1,2063-07-04,704.15,residential,India
1,2063-07-05,661.44,residential,India
1,2063-07-06,669.04,residential,India
1,2063-07-07,697.72,residential,India
1,2063-07-08,684.17,residential,India
1,2063-07-09,695.72,residential,India
1,2063-07-10,729.25,residential,India
1,2063-07-11,689.49,residential,India
1,2063-07-12,683.86,residential,India
1,2063-07-13,709.21,residential,India
1,2063-07-14,683.59,residential,India
1,2063-07-15,660.03,residential,India
1,2063-07-16,697.68,residential,India
1,2063-07-17,709.05,residential,India
1,2063-07-18,654.81,residential,India
1,2063-07-19,682.62,residential,India
1,2063-07-20,689.12,residential,India
1,2063-07-21,654.02,residential,India
1,2063-07-22,728.69,residential,India
1,2063-07-23,699.07,residential,India
1,2063-07-24,705.14,residential,India
1,2063-07-25,638.46,residential,India
1,2063-07-26,708.67,residential,India
1,2063-07-27,706.43,residential,India
1,2063-07-28,649.69,residential,India
1,2063-07-29,718.55,residential,India
1,2063-07-30,690.59,residential,India
1,2063-07-31,683.9,residential,India
1,2063-08-01,646.25,residential,India
1,2063-08-02,682.99,residential,India
1,2063-08-03,656.61,residential,India
1,2063-08-04,664.05,residential,India
1,2063-08-05,693.2,residential,India
1,2063-08-06,698.75,residential,India
1,2063-08-07,719.83,residential,India
1,2063-08-08,684.02,residential,India
1,2063-08-09,664.28,residential,India
1,2063-08-10,716.87,residential,India
1,2063-08-11,687.21,residential,India
1,2063-08-12,664.0,residential,India
1,2063-08-13,664.92,residential,India
1,2063-08-14,681.02,residential,India
1,2063-08-15,710.47,residential,India
1,2063-08-16,714.82,residential,India
1,2063-08-17,673.39,residential,India
1,2063-08-18,674.72,residential,India
1,2063-08-19,714.18,residential,India
1,2063-08-20,686.95,residential,India
1,2063-08-21,692.18,residential,India
1,2063-08-22,722.58,residential,India
1,2063-08-23,670.8,residential,India
1,2063-08-24,689.88,residential,India
1,2063-08-25,698.62,residential,India
1,2063-08-26,697.56,residential,India
1,2063-08-27,706.88,residential,India
1,2063-08-28,677.78,residential,India
1,2063-08-29,686.18,residential,India
1,2063-08-30,680.62,residential,India
1,2063-08-31,678.04,residential,India
1,2063-09-01,703.11,residential,India
1,2063-09-02,700.77,residential,India
1,2063-09-03,680.09,residential,India
1,2063-09-04,670.73,residential,India
1,2063-09-05,668.57,residential,India
1,2063-09-06,672.54,residential,India
1,2063-09-07,701.56,residential,India
1,2063-09-08,636.35,residential,India
1,2063-09-09,641.59,residential,India
1,2063-09-10,719.83,residential,India
1,2063-09-11,682.51,residential,India
1,2063-09-12,691.33,residential,India
1,2063-09-13,699.07,residential,India
1,2063-09-14,678.42,residential,India
1,2063-09-15,707.69,residential,India
1,2063-09-16,680.79,residential,India
1,2063-09-17,730.92,residential,India
1,2063-09-18,717.56,residential,India
1,2063-09-19,713.28,residential,India
1,2063-09-20,683.26,residential,India
1,2063-09-21,670.35,residential,India
1,2063-09-22,724.92,residential,India
1,2063-09-23,706.52,residential,India
1,2063-09-24,681.28,residential,India
1,2063-09-25,691.4,residential,India
1,2063-09-26,701.32,residential,India
1,2063-09-27,698.94,residential,India
1,2063-09-28,685.43,residential,India
1,2063-09-29,677.74,residential,India
1,2063-09-30,679.25,residential,India
1,2063-10-01,678.85,residential,India
1,2063-10-02,711.89,residential,India
1,2063-10-03,668.47,residential,India
1,2063-10-04,696.82,residential,India
1,2063-10-05,676.12,residential,India
1,2063-10-06,651.6,residential,India
1,2063-10-07,704.55,residential,India
1,2063-10-08,673.15,residential,India
1,2063-10-09,695.41,residential,India
1,2063-10-10,659.98,residential,India
1,2063-10-11,664.79,residential,India
1,2063-10-12,722.13,residential,India
1,2063-10-13,650.84,residential,India
1,2063-10-14,674.32,residential,India
1,2063-10-15,678.77,residential,India
1,2063-10-16,693.4,residential,India
1,2063-10-17,692.68,residential,India
1,2063-10-18,663.37,residential,India
1,2063-10-19,700.77,residential,India
1,2063-10-20,715.43,residential,India
1,2063-10-21,706.97,residential,India
1,2063-10-22,688.78,residential,India
1,2063-10-23,660.38,residential,India
1,2063-10-24,688.65,residential,India
1,2063-10-25,657.77,residential,India
1,2063-10-26,683.84,residential,India
1,2063-10-27,699.95,residential,India
1,2063-10-28,653.35,residential,India
1,2063-10-29,706.3,residential,India
1,2063-10-30,667.5,residential,India
1,2063-10-31,697.86,residential,India
1,2063-11-01,715.93,residential,India
1,2063-11-02,700.7,residential,India
1,2063-11-03,660.39,residential,India
1,2063-11-04,708.7,residential,India
1,2063-11-05,698.06,residential,India
1,2063-11-06,718.54,residential,India
1,2063-11-07,698.22,residential,India
1,2063-11-08,673.68,residential,India
1,2063-11-09,675.52,residential,India
1,2063-11-10,666.49,residential,India
1,2063-11-11,673.55,residential,India
1,2063-11-12,674.69,residential,India
1,2063-11-13,647.88,residential,India
1,2063-11-14,652.3,residential,India
1,2063-11-15,727.63,residential,India
1,2063-11-16,670.83,residential,India
1,2063-11-17,696.98,residential,India
1,2063-11-18,660.5,residential,India
1,2063-11-19,708.52,residential,India
1,2063-11-20,661.9,residential,India
1,2063-11-21,696.56,residential,India
1,2063-11-22,689.14,residential,India
1,2063-11-23,696.52,residential,India
1,2063-11-24,643.86,residential,India
1,2063-11-25,675.34,residential,India
1,2063-11-26,653.54,residential,India
1,2063-11-27,696.55,residential,India
1,2063-11-28,691.11,residential,India
1,2063-11-29,688.27,residential,India
1,2063-11-30,680.52,residential,India
1,2063-12-01,672.53,residential,India
1,2063-12-02,645.71,residential,India
1,2063-12-03,654.88,residential,India
1,2063-12-04,667.77,residential,India
1,2063-12-05,661.35,residential,India
1,2063-12-06,684.67,residential,India
1,2063-12-07,691.92,residential,India
1,2063-12-08,686.57,residential,India
1,2063-12-09,682.13,residential,India
1,2063-12-10,682.41,residential,India
1,2063-12-11,679.4,residential,India
1,2063-12-12,675.51,residential,India
1,2063-12-13,714.34,residential,India
1,2063-12-14,668.67,residential,India
1,2063-12-15,685.9,residential,India
1,2063-12-16,684.26,residential,India
1,2063-12-17,675.52,residential,India
1,2063-12-18,659.11,residential,India
1,2063-12-19,702.34,residential,India
1,2063-12-20,670.28,residential,India
1,2063-12-21,711.46,residential,India
1,2063-12-22,616.14,residential,India
1,2063-12-23,666.93,residential,India
1,2063-12-24,696.49,residential,India
1,2063-12-25,688.62,residential,India
1,2063-12-26,625.97,residential,India
1,2063-12-27,683.71,residential,India
1,2063-12-28,672.08,residential,India
1,2063-12-29,718.03,residential,India
1,2063-12-30,686.02,residential,India
1,2063-12-31,679.34,residential,India
1,2064-01-01,689.53,residential,India
1,2064-01-02,670.57,residential,India
1,2064-01-03,686.35,residential,India
1,2064-01-04,682.19,residential,India
1,2064-01-05,645.99,residential,India
1,2064-01-06,668.44,residential,India
1,2064-01-07,693.14,residential,India
1,2064-01-08,675.85,residential,India
1,2064-01-09,672.83,residential,India
1,2064-01-10,703.96,residential,India
1,2064-01-11,650.07,residential,India
1,2064-01-12,689.65,residential,India
1,2064-01-13,707.27,residential,India
1,2064-01-14,693.27,residential,India
1,2064-01-15,672.57,residential,India
1,2064-01-16,687.09,residential,India
1,2064-01-17,696.3,residential,India
1,2064-01-18,679.13,residential,India
1,2064-01-19,694.55,residential,India
1,2064-01-20,681.82,residential,India
1,2064-01-21,653.27,residential,India
1,2064-01-22,675.54,residential,India
1,2064-01-23,648.59,residential,India
1,2064-01-24,702.79,residential,India
1,2064-01-25,655.39,residential,India
1,2064-01-26,688.66,residential,India
1,2064-01-27,670.23,residential,India
1,2064-01-28,653.68,residential,India
1,2064-01-29,662.63,residential,India
1,2064-01-30,691.9,residential,India
1,2064-01-31,625.82,residential,India
1,2064-02-01,660.61,residential,India
1,2064-02-02,680.88,residential,India
1,2064-02-03,666.96,residential,India
1,2064-02-04,695.14,residential,India
1,2064-02-05,662.14,residential,India
1,2064-02-06,669.76,residential,India
1,2064-02-07,666.01,residential,India
1,2064-02-08,682.45,residential,India
1,2064-02-09,665.07,residential,India
1,2064-02-10,647.35,residential,India
1,2064-02-11,671.9,residential,India
1,2064-02-12,680.69,residential,India
1,2064-02-13,659.07,residential,India
1,2064-02-14,670.21,residential,India
1,2064-02-15,671.13,residential,India
1,2064-02-16,682.17,residential,India
1,2064-02-17,671.93,residential,India
1,2064-02-18,664.72,residential,India
1,2064-02-19,674.81,residential,India
1,2064-02-20,696.0,residential,India
1,2064-02-21,666.08,residential,India
1,2064-02-22,681.91,residential,India
1,2064-02-23,677.54,residential,India
1,2064-02-24,688.16,residential,India
1,2064-02-25,683.81,residential,India
1,2064-02-26,665.52,residential,India
1,2064-02-27,667.63,residential,India
1,2064-02-28,611.01,residential,India
1,2064-02-29,650.55,residential,India
1,2064-03-01,679.78,residential,India
1,2064-03-02,652.24,residential,India
1,2064-03-03,672.1,residential,India
1,2064-03-04,689.13,residential,India
1,2064-03-05,664.17,residential,India
1,2064-03-06,680.45,residential,India
1,2064-03-07,682.87,residential,India
1,2064-03-08,674.82,residential,India
1,2064-03-09,640.66,residential,India
1,2064-03-10,685.8,residential,India
1,2064-03-11,633.9,residential,India
1,2064-03-12,677.91,residential,India
1,2064-03-13,682.76,residential,India
1,2064-03-14,664.37,residential,India
1,2064-03-15,682.47,residential,India
1,2064-03-16,669.33,residential,India
1,2064-03-17,680.51,residential,India
1,2064-03-18,651.87,residential,India
1,2064-03-19,644.74,residential,India
1,2064-03-20,630.44,residential,India
1,2064-03-21,693.7,residential,India
1,2064-03-22,709.34,residential,India
1,2064-03-23,685.82,residential,India
1,2064-03-24,664.94,residential,India
1,2064-03-25,681.98,residential,India
1,2064-03-26,664.28,residential,India
1,2064-03-27,679.72,residential,India
1,2064-03-28,686.68,residential,India
1,2064-03-29,672.27,residential,India
1,2064-03-30,681.38,residential,India
1,2064-03-31,659.05,residential,India
1,2064-04-01,679.66,residential,India
1,2064-04-02,676.56,residential,India
1,2064-04-03,673.64,residential,India
1,2064-04-04,657.08,residential,India
1,2064-04-05,708.59,residential,India
1,2064-04-06,673.55,residential,India
1,2064-04-07,672.37,residential,India
1,2064-04-08,653.57,residential,India
1,2064-04-09,677.27,residential,India
1,2064-04-10,685.34,residential,India
1,2064-04-11,681.72,residential,India
1,2064-04-12,663.3,residential,India
1,2064-04-13,689.22,residential,India
1,2064-04-14,659.25,residential,India
1,2064-04-15,674.94,residential,India
1,2064-04-16,661.77,residential,India
1,2064-04-17,643.03,residential,India
1,2064-04-18,679.07,residential,India
1,2064-04-19,665.38,residential,India
1,2064-04-20,639.54,residential,India
1,2064-04-21,662.92,residential,India
1,2064-04-22,662.51,residential,India
1,2064-04-23,653.38,residential,India
1,2064-04-24,639.7,residential,India
1,2064-04-25,650.79,residential,India
1,2064-04-26,662.73,residential,India
1,2064-04-27,637.29,residential,India
1,2064-04-28,672.09,residential,India
1,2064-04-29,664.84,residential,India
1,2064-04-30,676.33,residential,India
1,2064-05-01,632.77,residential,India
1,2064-05-02,667.29,residential,India
1,2064-05-03,646.5,residential,India
1,2064-05-04,662.2,residential,India
1,2064-05-05,646.65,residential,India
1,2064-05-06,688.59,residential,India
1,2064-05-07,673.91,residential,India
1,2064-05-08,645.58,residential,India
1,2064-05-09,635.69,residential,India
1,2064-05-10,661.79,residential,India
1,2064-05-11,654.54,residential,India
1,2064-05-12,658.29,residential,India
1,2064-05-13,649.83,residential,India
1,2064-05-14,658.07,residential,India
1,2064-05-15,654.28,residential,India
1,2064-05-16,656.84,residential,India
1,2064-05-17,702.48,residential,India
1,2064-05-18,667.4,residential,India
1,2064-05-19,656.32,residential,India
1,2064-05-20,639.86,residential,India
1,2064-05-21,710.14,residential,India
1,2064-05-22,654.11,residential,India
1,2064-05-23,663.34,residential,India
1,2064-05-24,694.91,residential,India
1,2064-05-25,694.89,residential,India
1,2064-05-26,658.79,residential,India
1,2064-05-27,632.0,residential,India
1,2064-05-28,652.81,residential,India
1,2064-05-29,645.62,residential,India
1,2064-05-30,675.11,residential,India
1,2064-05-31,676.64,residential,India
1,2064-06-01,658.08,residential,India
1,2064-06-02,657.91,residential,India
1,2064-06-03,654.25,residential,India
1,2064-06-04,664.17,residential,India
1,2064-06-05,709.5,residential,India
1,2064-06-06,647.66,residential,India
1,2064-06-07,690.26,residential,India
1,2064-06-08,667.01,residential,India
1,2064-06-09,683.12,residential,India
1,2064-06-10,668.83,residential,India
1,2064-06-11,675.86,residential,India
1,2064-06-12,679.13,residential,India
1,2064-06-13,696.66,residential,India
1,2064-06-14,655.43,residential,India
1,2064-06-15,671.05,residential,India
1,2064-06-16,668.55,residential,India
1,2064-06-17,663.06,residential,India
1,2064-06-18,682.27,residential,India
1,2064-06-19,681.73,residential,India
1,2064-06-20,673.59,residential,India
1,2064-06-21,704.47,residential,India
1,2064-06-22,646.91,residential,India
1,2064-06-23,671.97,residential,India
1,2064-06-24,679.66,residential,India
1,2064-06-25,685.42,residential,India
1,2064-06-26,679.79,residential,India
1,2064-06-27,682.64,residential,India
1,2064-06-28,687.35,residential,India
1,2064-06-29,665.4,residential,India
1,2064-06-30,667.41,residential,India
1,2064-07-01,664.27,residential,India
1,2064-07-02,625.88,residential,India
1,2064-07-03,658.8,residential,India
1,2064-07-04,655.33,residential,India
1,2064-07-05,701.73,residential,India
1,2064-07-06,673.42,residential,India
1,2064-07-07,659.25,residential,India
1,2064-07-08,654.29,residential,India
1,2064-07-09,635.95,residential,India
1,2064-07-10,645.62,residential,India
1,2064-07-11,637.84,residential,India
1,2064-07-12,635.6,residential,India
1,2064-07-13,627.77,residential,India
1,2064-07-14,652.91,residential,India
1,2064-07-15,673.52,residential,India
1,2064-07-16,645.42,residential,India
1,2064-07-17,619.78,residential,India
1,2064-07-18,657.78,residential,India
1,2064-07-19,623.5,residential,India
1,2064-07-20,674.79,residential,India
1,2064-07-21,649.11,residential,India
1,2064-07-22,639.9,residential,India
1,2064-07-23,662.17,residential,India
1,2064-07-24,650.21,residential,India
1,2064-07-25,640.28,residential,India
1,2064-07-26,648.18,residential,India
1,2064-07-27,654.87,residential,India
1,2064-07-28,674.08,residential,India
1,2064-07-29,624.99,residential,India
1,2064-07-30,635.27,residential,India
1,2064-07-31,646.59,residential,India
1,2064-08-01,670.39,residential,India
1,2064-08-02,647.86,residential,India
1,2064-08-03,635.2,residential,India
1,2064-08-04,692.43,residential,India
1,2064-08-05,619.68,residential,India
1,2064-08-06,660.96,residential,India
1,2064-08-07,632.07,residential,India
1,2064-08-08,669.86,residential,India
1,2064-08-09,643.76,residential,India
1,2064-08-10,642.1,residential,India
1,2064-08-11,637.23,residential,India
1,2064-08-12,635.08,residential,India
1,2064-08-13,632.5,residential,India
1,2064-08-14,638.93,residential,India
1,2064-08-15,633.66,residential,India
1,2064-08-16,644.21,residential,India
1,2064-08-17,676.88,residential,India
1,2064-08-18,635.16,residential,India
1,2064-08-19,616.83,residential,India
1,2064-08-20,692.53,residential,India
1,2064-08-21,674.32,residential,India
1,2064-08-22,663.02,residential,India
1,2064-08-23,655.52,residential,India
1,2064-08-24,646.62,residential,India
1,2064-08-25,632.68,residential,India
1,2064-08-26,662.66,residential,India
1,2064-08-27,636.53,residential,India
1,2064-08-28,670.26,residential,India
1,2064-08-29,638.63,residential,India
1,2064-08-30,646.01,residential,India
1,2064-08-31,640.74,residential,India
1,2064-09-01,652.87,residential,India
1,2064-09-02,673.65,residential,India
1,2064-09-03,659.88,residential,India
1,2064-09-04,636.58,residential,India
1,2064-09-05,648.8,residential,India
1,2064-09-06,686.71,residential,India
1,2064-09-07,654.19,residential,India
1,2064-09-08,681.36,residential,India
1,2064-09-09,675.67,residential,India
1,2064-09-10,661.18,residential,India
1,2064-09-11,674.07,residential,India
1,2064-09-12,661.25,residential,India
1,2064-09-13,644.9,residential,India
1,2064-09-14,655.0,residential,India
1,2064-09-15,639.15,residential,India
1,2064-09-16,643.86,residential,India
1,2064-09-17,666.78,residential,India
1,2064-09-18,677.23,residential,India
1,2064-09-19,658.75,residential,India
1,2064-09-20,657.55,residential,India
1,2064-09-21,652.83,residential,India
1,2064-09-22,624.28,residential,India
1,2064-09-23,628.17,residential,India
1,2064-09-24,655.69,residential,India
1,2064-09-25,638.53,residential,India
1,2064-09-26,623.6,residential,India
1,2064-09-27,654.31,residential,India
1,2064-09-28,654.17,residential,India
1,2064-09-29,642.55,residential,India
1,2064-09-30,630.98,residential,India
1,2064-10-01,623.86,residential,India
1,2064-10-02,649.61,residential,India
1,2064-10-03,659.0,residential,India
1,2064-10-04,647.62,residential,India
1,2064-10-05,667.3,residential,India
1,2064-10-06,658.8,residential,India
1,2064-10-07,665.44,residential,India
1,2064-10-08,666.39,residential,India
1,2064-10-09,681.47,residential,India
1,2064-10-10,652.12,residential,India
1,2064-10-11,644.99,residential,India
1,2064-10-12,671.78,residential,India
1,2064-10-13,641.77,residential,India
1,2064-10-14,699.21,residential,India
1,2064-10-15,654.92,residential,India
1,2064-10-16,629.23,residential,India
1,2064-10-17,625.75,residential,India
1,2064-10-18,638.4,residential,India
1,2064-10-19,623.7,residential,India
1,2064-10-20,637.24,residential,India
1,2064-10-21,693.3,residential,India
1,2064-10-22,628.38,residential,India
1,2064-10-23,680.67,residential,India
1,2064-10-24,680.26,residential,India
1,2064-10-25,621.56,residential,India
1,2064-10-26,645.71,residential,India
1,2064-10-27,668.07,residential,India
1,2064-10-28,668.33,residential,India
1,2064-10-29,644.4,residential,India
1,2064-10-30,645.74,residential,India
1,2064-10-31,659.13,residential,India
1,2064-11-01,671.27,residential,India
1,2064-11-02,617.57,residential,India
1,2064-11-03,642.32,residential,India
1,2064-11-04,672.51,residential,India
1,2064-11-05,657.93,residential,India
1,2064-11-06,640.15,residential,India
1,2064-11-07,652.46,residential,India
1,2064-11-08,616.48,residential,India
1,2064-11-09,642.76,residential,India
1,2064-11-10,659.84,residential,India
1,2064-11-11,643.0,residential,India
1,2064-11-12,660.05,residential,India
1,2064-11-13,652.85,residential,India
1,2064-11-14,663.35,residential,India
1,2064-11-15,610.13,residential,India
1,2064-11-16,667.84,residential,India
1,2064-11-17,644.01,residential,India
1,2064-11-18,650.27,residential,India
1,2064-11-19,635.97,residential,India
1,2064-11-20,648.32,residential,India
1,2064-11-21,656.03,residential,India
1,2064-11-22,655.98,residential,India
1,2064-11-23,643.97,residential,India
1,2064-11-24,634.01,residential,India
1,2064-11-25,639.71,residential,India
1,2064-11-26,687.75,residential,India
1,2064-11-27,642.26,residential,India
1,2064-11-28,635.43,residential,India
1,2064-11-29,643.46,residential,India
1,2064-11-30,642.87,residential,India
1,2064-12-01,644.77,residential,India
1,2064-12-02,643.57,residential,India
1,2064-12-03,637.16,residential,India
1,2064-12-04,677.89,residential,India
1,2064-12-05,602.76,residential,India
1,2064-12-06,664.68,residential,India
1,2064-12-07,660.84,residential,India
1,2064-12-08,643.99,residential,India
1,2064-12-09,684.11,residential,India
1,2064-12-10,612.36,residential,India
1,2064-12-11,664.99,residential,India
1,2064-12-12,649.83,residential,India
1,2064-12-13,638.85,residential,India
1,2064-12-14,642.08,residential,India
1,2064-12-15,582.83,residential,India
1,2064-12-16,654.57,residential,India
1,2064-12-17,662.86,residential,India
1,2064-12-18,640.72,residential,India
1,2064-12-19,616.39,residential,India
1,2064-12-20,630.35,residential,India
1,2064-12-21,648.07,residential,India
1,2064-12-22,661.45,residential,India
1,2064-12-23,630.33,residential,India
1,2064-12-24,637.21,residential,India
1,2064-12-25,686.46,residential,India
1,2064-12-26,637.58,residential,India
1,2064-12-27,667.21,residential,India
1,2064-12-28,617.47,residential,India
1,2064-12-29,637.3,residential,India
1,2064-12-30,595.87,residential,India
1,2064-12-31,690.08,residential,India
1,2065-01-01,650.81,residential,India
1,2065-01-02,639.45,residential,India
1,2065-01-03,638.28,residential,India
1,2065-01-04,645.45,residential,India
1,2065-01-05,617.25,residential,India
1,2065-01-06,659.04,residential,India
1,2065-01-07,606.43,residential,India
1,2065-01-08,651.66,residential,India
1,2065-01-09,619.46,residential,India
1,2065-01-10,633.02,residential,India
1,2065-01-11,621.4,residential,India
1,2065-01-12,641.87,residential,India
1,2065-01-13,615.54,residential,India
1,2065-01-14,659.78,residential,India
1,2065-01-15,640.49,residential,India
1,2065-01-16,636.36,residential,India
1,2065-01-17,602.43,residential,India
1,2065-01-18,626.66,residential,India
1,2065-01-19,632.67,residential,India
1,2065-01-20,639.56,residential,India
1,2065-01-21,628.5,residential,India
1,2065-01-22,672.35,residential,India
1,2065-01-23,597.47,residential,India
1,2065-01-24,610.8,residential,India
1,2065-01-25,619.77,residential,India
1,2065-01-26,636.77,residential,India
1,2065-01-27,637.75,residential,India
1,2065-01-28,624.91,residential,India
1,2065-01-29,603.86,residential,India
1,2065-01-30,626.26,residential,India
1,2065-01-31,646.39,residential,India
1,2065-02-01,613.39,residential,India
1,2065-02-02,653.32,residential,India
1,2065-02-03,658.22,residential,India
1,2065-02-04,614.95,residential,India
1,2065-02-05,668.71,residential,India
1,2065-02-06,653.6,residential,India
1,2065-02-07,656.53,residential,India
1,2065-02-08,606.21,residential,India
1,2065-02-09,674.94,residential,India
1,2065-02-10,645.67,residential,India
1,2065-02-11,612.54,residential,India
1,2065-02-12,590.48,residential,India
1,2065-02-13,625.1,residential,India
1,2065-02-14,642.24,residential,India
1,2065-02-15,633.55,residential,India
1,2065-02-16,649.71,residential,India
1,2065-02-17,644.3,residential,India
1,2065-02-18,608.06,residential,India
1,2065-02-19,611.63,residential,India
1,2065-02-20,611.96,residential,India
1,2065-02-21,650.02,residential,India
1,2065-02-22,615.66,residential,India
1,2065-02-23,617.15,residential,India
1,2065-02-24,645.81,residential,India
1,2065-02-25,659.3,residential,India
1,2065-02-26,646.77,residential,India
1,2065-02-27,616.8,residential,India
1,2065-02-28,622.23,residential,India
1,2065-03-01,652.22,residential,India
1,2065-03-02,648.11,residential,India
1,2065-03-03,668.03,residential,India
1,2065-03-04,614.84,residential,India
1,2065-03-05,632.85,residential,India
1,2065-03-06,652.96,residential,India
1,2065-03-07,615.01,residential,India
1,2065-03-08,674.88,residential,India
1,2065-03-09,606.51,residential,India
1,2065-03-10,628.11,residential,India
1,2065-03-11,639.4,residential,India
1,2065-03-12,657.81,residential,India
1,2065-03-13,621.16,residential,India
1,2065-03-14,631.18,residential,India
1,2065-03-15,602.11,residential,India
1,2065-03-16,614.92,residential,India
1,2065-03-17,627.69,residential,India
1,2065-03-18,628.73,residential,India
1,2065-03-19,640.38,residential,India
1,2065-03-20,628.0,residential,India
1,2065-03-21,651.38,residential,India
1,2065-03-22,649.68,residential,India
1,2065-03-23,653.96,residential,India
1,2065-03-24,603.42,residential,India
1,2065-03-25,639.26,residential,India
1,2065-03-26,680.71,residential,India
1,2065-03-27,631.56,residential,India
1,2065-03-28,639.04,residential,India
1,2065-03-29,630.81,residential,India
1,2065-03-30,651.81,residential,India
1,2065-03-31,619.17,residential,India
1,2065-04-01,638.37,residential,India
1,2065-04-02,603.97,residential,India
1,2065-04-03,645.3,residential,India
1,2065-04-04,656.18,residential,India
1,2065-04-05,656.67,residential,India
1,2065-04-06,608.39,residential,India
1,2065-04-07,645.66,residential,India
1,2065-04-08,621.57,residential,India
1,2065-04-09,606.92,residential,India
1,2065-04-10,615.82,residential,India
1,2065-04-11,609.79,residential,India
1,2065-04-12,628.08,residential,India
1,2065-04-13,671.2,residential,India
1,2065-04-14,592.81,residential,India
1,2065-04-15,612.45,residential,India
1,2065-04-16,635.55,residential,India
1,2065-04-17,619.12,residential,India
1,2065-04-18,640.94,residential,India
1,2065-04-19,619.44,residential,India
1,2065-04-20,653.08,residential,India
1,2065-04-21,622.93,residential,India
1,2065-04-22,666.34,residential,India
1,2065-04-23,658.98,residential,India
1,2065-04-24,646.33,residential,India
1,2065-04-25,623.09,residential,India
1,2065-04-26,642.46,residential,India
1,2065-04-27,619.11,residential,India
1,2065-04-28,660.71,residential,India
1,2065-04-29,592.76,residential,India
1,2065-04-30,663.76,residential,India
1,2065-05-01,647.34,residential,India
1,2065-05-02,636.0,residential,India
1,2065-05-03,631.88,residential,India
1,2065-05-04,612.16,residential,India
1,2065-05-05,636.09,residential,India
1,2065-05-06,653.65,residential,India
1,2065-05-07,640.57,residential,India
1,2065-05-08,572.14,residential,India
1,2065-05-09,633.38,residential,India
1,2065-05-10,621.68,residential,India
1,2065-05-11,664.62,residential,India
1,2065-05-12,625.24,residential,India
1,2065-05-13,615.8,residential,India
1,2065-05-14,611.99,residential,India
1,2065-05-15,617.61,residential,India
1,2065-05-16,648.58,residential,India
1,2065-05-17,643.3,residential,India
1,2065-05-18,632.69,residential,India
1,2065-05-19,599.57,residential,India
1,2065-05-20,592.66,residential,India
1,2065-05-21,604.69,residential,India
1,2065-05-22,607.86,residential,India
1,2065-05-23,640.48,residential,India
1,2065-05-24,619.98,residential,India
1,2065-05-25,616.28,residential,India
1,2065-05-26,636.06,residential,India
1,2065-05-27,649.25,residential,India
1,2065-05-28,638.58,residential,India
1,2065-05-29,643.82,residential,India
1,2065-05-30,630.61,residential,India
1,2065-05-31,598.3,residential,India
1,2065-06-01,616.56,residential,India
1,2065-06-02,593.35,residential,India
1,2065-06-03,648.48,residential,India
1,2065-06-04,580.09,residential,India
1,2065-06-05,636.61,residential,India
1,2065-06-06,627.4,residential,India
1,2065-06-07,651.81,residential,India
1,2065-06-08,613.37,residential,India
1,2065-06-09,619.31,residential,India
1,2065-06-10,598.11,residential,India
1,2065-06-11,600.89,residential,India
1,2065-06-12,633.05,residential,India
1,2065-06-13,649.55,residential,India
1,2065-06-14,629.72,residential,India
1,2065-06-15,667.26,residential,India
1,2065-06-16,604.1,residential,India
1,2065-06-17,615.58,residential,India
1,2065-06-18,663.56,residential,India
1,2065-06-19,646.08,residential,India
1,2065-06-20,639.21,residential,India
1,2065-06-21,616.33,residential,India
1,2065-06-22,643.55,residential,India
1,2065-06-23,617.13,residential,India
1,2065-06-24,604.62,residential,India
1,2065-06-25,620.33,residential,India
1,2065-06-26,593.97,residential,India
1,2065-06-27,628.97,residential,India
1,2065-06-28,646.95,residential,India
1,2065-06-29,647.6,residential,India
1,2065-06-30,616.35,residential,India
1,2065-07-01,594.93,residential,India
1,2065-07-02,616.72,residential,India
1,2065-07-03,592.32,residential,India
1,2065-07-04,604.21,residential,India
1,2065-07-05,582.38,residential,India
1,2065-07-06,627.87,residential,India
1,2065-07-07,624.36,residential,India
1,2065-07-08,619.39,residential,India
1,2065-07-09,611.93,residential,India
1,2065-07-10,626.85,residential,India
1,2065-07-11,605.74,residential,India
1,2065-07-12,601.53,residential,India
1,2065-07-13,621.48,residential,India
1,2065-07-14,637.35,residential,India
1,2065-07-15,609.46,residential,India
1,2065-07-16,642.36,residential,India
1,2065-07-17,650.18,residential,India
1,2065-07-18,613.09,residential,India
1,2065-07-19,651.25,residential,India
1,2065-07-20,634.1,residential,India
1,2065-07-21,664.19,residential,India
1,2065-07-22,651.45,residential,India
1,2065-07-23,648.12,residential,India
1,2065-07-24,593.81,residential,India
1,2065-07-25,576.26,residential,India
1,2065-07-26,610.02,residential,India
1,2065-07-27,633.4,residential,India
1,2065-07-28,652.67,residential,India
1,2065-07-29,626.04,residential,India
1,2065-07-30,619.05,residential,India
1,2065-07-31,599.96,residential,India
1,2065-08-01,639.8,residential,India
1,2065-08-02,643.25,residential,India
1,2065-08-03,621.48,residential,India
1,2065-08-04,630.7,residential,India
1,2065-08-05,625.31,residential,India
1,2065-08-06,617.55,residential,India
1,2065-08-07,659.97,residential,India
1,2065-08-08,655.53,residential,India
1,2065-08-09,599.92,residential,India
1,2065-08-10,658.83,residential,India
1,2065-08-11,620.12,residential,India
1,2065-08-12,639.02,residential,India
1,2065-08-13,613.31,residential,India
1,2065-08-14,603.73,residential,India
1,2065-08-15,602.83,residential,India
1,2065-08-16,623.36,residential,India
1,2065-08-17,638.36,residential,India
1,2065-08-18,588.88,residential,India
1,2065-08-19,664.87,residential,India
1,2065-08-20,617.24,residential,India
1,2065-08-21,607.53,residential,India
1,2065-08-22,631.59,residential,India
1,2065-08-23,615.64,residential,India
1,2065-08-24,609.38,residential,India
1,2065-08-25,604.46,residential,India
1,2065-08-26,635.37,residential,India
1,2065-08-27,649.25,residential,India
1,2065-08-28,627.79,residential,India
1,2065-08-29,596.76,residential,India
1,2065-08-30,626.35,residential,India
1,2065-08-31,635.24,residential,India
1,2065-09-01,611.45,residential,India
1,2065-09-02,614.61,residential,India
1,2065-09-03,612.91,residential,India
1,2065-09-04,649.72,residential,India
1,2065-09-05,632.94,residential,India
1,2065-09-06,657.75,residential,India
1,2065-09-07,636.54,residential,India
1,2065-09-08,578.11,residential,India
1,2065-09-09,606.29,residential,India
1,2065-09-10,648.9,residential,India
1,2065-09-11,619.6,residential,India
1,2065-09-12,601.68,residential,India
1,2065-09-13,644.22,residential,India
1,2065-09-14,628.0,residential,India
1,2065-09-15,639.23,residential,India
1,2065-09-16,589.65,residential,India
1,2065-09-17,595.57,residential,India
1,2065-09-18,631.14,residential,India
1,2065-09-19,604.38,residential,India
1,2065-09-20,644.24,residential,India
1,2065-09-21,607.02,residential,India
1,2065-09-22,604.53,residential,India
1,2065-09-23,596.11,residential,India
1,2065-09-24,635.42,residential,India
1,2065-09-25,647.35,residential,India
1,2065-09-26,635.71,residential,India
1,2065-09-27,615.92,residential,India
1,2065-09-28,621.65,residential,India
1,2065-09-29,636.36,residential,India
1,2065-09-30,594.01,residential,India
1,2065-10-01,607.93,residential,India
1,2065-10-02,584.43,residential,India
1,2065-10-03,612.41,residential,India
1,2065-10-04,656.77,residential,India
1,2065-10-05,567.93,residential,India
1,2065-10-06,617.68,residential,India
1,2065-10-07,604.28,residential,India
1,2065-10-08,637.67,residential,India
1,2065-10-09,617.26,residential,India
1,2065-10-10,625.87,residential,India
1,2065-10-11,657.57,residential,India
1,2065-10-12,627.97,residential,India
1,2065-10-13,653.22,residential,India
1,2065-10-14,661.22,residential,India
1,2065-10-15,652.5,residential,India
1,2065-10-16,646.14,residential,India
1,2065-10-17,641.03,residential,India
1,2065-10-18,625.25,residential,India
1,2065-10-19,613.95,residential,India
1,2065-10-20,600.87,residential,India
1,2065-10-21,641.17,residential,India
1,2065-10-22,601.77,residential,India
1,2065-10-23,601.94,residential,India
1,2065-10-24,611.25,residential,India
1,2065-10-25,617.67,residential,India
1,2065-10-26,587.61,residential,India
1,2065-10-27,641.02,residential,India
1,2065-10-28,634.64,residential,India
1,2065-10-29,613.9,residential,India
1,2065-10-30,592.08,residential,India
1,2065-10-31,620.91,residential,India
1,2065-11-01,613.31,residential,India
1,2065-11-02,608.67,residential,India
1,2065-11-03,613.01,residential,India
1,2065-11-04,603.03,residential,India
1,2065-11-05,624.58,residential,India
1,2065-11-06,596.08,residential,India
1,2065-11-07,652.65,residential,India
1,2065-11-08,632.28,residential,India
1,2065-11-09,598.19,residential,India
1,2065-11-10,647.94,residential,India
1,2065-11-11,606.76,residential,India
1,2065-11-12,630.06,residential,India
1,2065-11-13,640.72,residential,India
1,2065-11-14,637.29,residential,India
1,2065-11-15,596.15,residential,India
1,2065-11-16,617.16,residential,India
1,2065-11-17,646.93,residential,India
1,2065-11-18,637.65,residential,India
1,2065-11-19,624.66,residential,India
1,2065-11-20,625.7,residential,India
1,2065-11-21,606.41,residential,India
1,2065-11-22,629.25,residential,India
1,2065-11-23,603.09,residential,India
1,2065-11-24,613.59,residential,India
1,2065-11-25,598.22,residential,India
1,2065-11-26,619.57,residential,India
1,2065-11-27,636.42,residential,India
1,2065-11-28,631.26,residential,India
1,2065-11-29,626.51,residential,India
1,2065-11-30,617.81,residential,India
1,2065-12-01,632.95,residential,India
1,2065-12-02,600.94,residential,India
1,2065-12-03,649.62,residential,India
1,2065-12-04,611.83,residential,India
1,2065-12-05,632.85,residential,India
1,2065-12-06,619.58,residential,India
1,2065-12-07,596.49,residential,India
1,2065-12-08,642.8,residential,India
1,2065-12-09,632.5,residential,India
1,2065-12-10,601.07,residential,India
1,2065-12-11,650.94,residential,India
1,2065-12-12,591.17,residential,India
1,2065-12-13,609.46,residential,India
1,2065-12-14,633.36,residential,India
1,2065-12-15,616.72,residential,India
1,2065-12-16,589.51,residential,India
1,2065-12-17,625.62,residential,India
1,2065-12-18,619.43,residential,India
1,2065-12-19,616.01,residential,India
1,2065-12-20,602.68,residential,India
1,2065-12-21,618.19,residential,India
1,2065-12-22,596.34,residential,India
1,2065-12-23,570.76,residential,India
1,2065-12-24,620.08,residential,India
1,2065-12-25,575.94,residential,India
1,2065-12-26,613.81,residential,India
1,2065-12-27,625.65,residential,India
1,2065-12-28,593.39,residential,India
1,2065-12-29,655.24,residential,India
1,2065-12-30,621.75,residential,India
1,2065-12-31,596.79,residential,India
1,2066-01-01,614.39,residential,India
1,2066-01-02,627.27,residential,India
1,2066-01-03,584.61,residential,India
1,2066-01-04,589.37,residential,India
1,2066-01-05,644.54,residential,India
1,2066-01-06,672.42,residential,India
1,2066-01-07,634.15,residential,India
1,2066-01-08,581.85,residential,India
1,2066-01-09,610.75,residential,India
1,2066-01-10,594.6,residential,India
1,2066-01-11,647.16,residential,India
1,2066-01-12,621.75,residential,India
1,2066-01-13,622.53,residential,India
1,2066-01-14,614.21,residential,India
1,2066-01-15,615.71,residential,India
1,2066-01-16,613.2,residential,India
1,2066-01-17,645.32,residential,India
1,2066-01-18,636.66,residential,India
1,2066-01-19,594.39,residential,India
1,2066-01-20,655.75,residential,India
1,2066-01-21,595.96,residential,India
1,2066-01-22,620.13,residential,India
1,2066-01-23,617.88,residential,India
1,2066-01-24,615.36,residential,India
1,2066-01-25,619.72,residential,India
1,2066-01-26,622.89,residential,India
1,2066-01-27,608.32,residential,India
1,2066-01-28,634.57,residential,India
1,2066-01-29,625.74,residential,India
1,2066-01-30,662.23,residential,India
1,2066-01-31,597.74,residential,India
1,2066-02-01,613.43,residential,India
1,2066-02-02,622.24,residential,India
1,2066-02-03,615.89,residential,India
1,2066-02-04,623.98,residential,India
1,2066-02-05,659.25,residential,India
1,2066-02-06,608.65,residential,India
1,2066-02-07,608.56,residential,India
1,2066-02-08,605.12,residential,India
1,2066-02-09,625.54,residential,India
1,2066-02-10,661.05,residential,India
1,2066-02-11,648.1,residential,India
1,2066-02-12,629.56,residential,India
1,2066-02-13,597.52,residential,India
1,2066-02-14,611.87,residential,India
1,2066-02-15,590.31,residential,India
1,2066-02-16,614.84,residential,India
1,2066-02-17,596.13,residential,India
1,2066-02-18,640.33,residential,India
1,2066-02-19,603.51,residential,India
1,2066-02-20,610.33,residential,India
1,2066-02-21,616.59,residential,India
1,2066-02-22,605.6,residential,India
1,2066-02-23,656.0,residential,India
1,2066-02-24,606.2,residential,India
1,2066-02-25,628.76,residential,India
1,2066-02-26,662.54,residential,India
1,2066-02-27,584.63,residential,India
1,2066-02-28,579.89,residential,India
1,2066-03-01,620.12,residential,India
1,2066-03-02,590.52,residential,India
1,2066-03-03,623.11,residential,India
1,2066-03-04,628.54,residential,India
1,2066-03-05,634.68,residential,India
1,2066-03-06,661.05,residential,India
1,2066-03-07,641.28,residential,India
1,2066-03-08,608.42,residential,India
1,2066-03-09,605.79,residential,India
1,2066-03-10,632.12,residential,India
1,2066-03-11,634.02,residential,India
1,2066-03-12,608.35,residential,India
1,2066-03-13,619.82,residential,India
1,2066-03-14,628.46,residential,India
1,2066-03-15,620.79,residential,India
1,2066-03-16,612.34,residential,India
1,2066-03-17,594.33,residential,India
1,2066-03-18,630.33,residential,India
1,2066-03-19,645.55,residential,India
1,2066-03-20,612.74,residential,India
1,2066-03-21,631.69,residential,India
1,2066-03-22,611.2,residential,India
1,2066-03-23,613.83,residential,India
1,2066-03-24,606.46,residential,India
1,2066-03-25,644.88,residential,India
1,2066-03-26,623.36,residential,India
1,2066-03-27,634.49,residential,India
1,2066-03-28,615.64,residential,India
1,2066-03-29,618.9,residential,India
1,2066-03-30,591.93,residential,India
1,2066-03-31,619.33,residential,India
1,2066-04-01,618.03,residential,India
1,2066-04-02,613.44,residential,India
1,2066-04-03,597.93,residential,India
1,2066-04-04,597.94,residential,India
1,2066-04-05,650.97,residential,India
1,2066-04-06,584.36,residential,India
1,2066-04-07,626.5,residential,India
1,2066-04-08,644.42,residential,India
1,2066-04-09,617.38,residential,India
1,2066-04-10,642.68,residential,India
1,2066-04-11,603.1,residential,India
1,2066-04-12,634.21,residential,India
1,2066-04-13,612.68,residential,India
1,2066-04-14,637.82,residential,India
1,2066-04-15,630.95,residential,India
1,2066-04-16,603.81,residential,India
1,2066-04-17,625.14,residential,India
1,2066-04-18,647.71,residential,India
1,2066-04-19,634.14,residential,India
1,2066-04-20,577.57,residential,India
1,2066-04-21,653.32,residential,India
1,2066-04-22,616.65,residential,India
1,2066-04-23,598.9,residential,India
1,2066-04-24,603.1,residential,India
1,2066-04-25,612.91,residential,India
1,2066-04-26,630.44,residential,India
1,2066-04-27,601.86,residential,India
1,2066-04-28,621.99,residential,India
1,2066-04-29,600.47,residential,India
1,2066-04-30,630.64,residential,India
1,2066-05-01,614.37,residential,India
1,2066-05-02,601.64,residential,India
1,2066-05-03,628.22,residential,India
1,2066-05-04,612.07,residential,India
1,2066-05-05,606.89,residential,India
1,2066-05-06,616.72,residential,India
1,2066-05-07,627.23,residential,India
1,2066-05-08,654.04,residential,India
1,2066-05-09,619.09,residential,India
1,2066-05-10,628.04,residential,India
1,2066-05-11,622.96,residential,India
1,2066-05-12,648.12,residential,India
1,2066-05-13,621.38,residential,India
1,2066-05-14,604.61,residential,India
1,2066-05-15,614.97,residential,India
1,2066-05-16,627.78,residential,India
1,2066-05-17,627.47,residential,India
1,2066-05-18,640.68,residential,India
1,2066-05-19,643.03,residential,India
1,2066-05-20,662.58,residential,India
1,2066-05-21,642.71,residential,India
1,2066-05-22,613.19,residential,India
1,2066-05-23,631.41,residential,India
1,2066-05-24,605.78,residential,India
1,2066-05-25,645.63,residential,India
1,2066-05-26,599.83,residential,India
1,2066-05-27,597.44,residential,India
1,2066-05-28,606.69,residential,India
1,2066-05-29,592.99,residential,India
1,2066-05-30,621.11,residential,India
1,2066-05-31,619.39,residential,India
1,2066-06-01,646.82,residential,India
1,2066-06-02,620.9,residential,India
1,2066-06-03,655.36,residential,India
1,2066-06-04,648.92,residential,India
1,2066-06-05,632.07,residential,India
1,2066-06-06,624.27,residential,India
1,2066-06-07,645.02,residential,India
1,2066-06-08,600.73,residential,India
1,2066-06-09,628.85,residential,India
1,2066-06-10,620.47,residential,India
1,2066-06-11,656.84,residential,India
1,2066-06-12,665.86,residential,India
1,2066-06-13,629.93,residential,India
1,2066-06-14,643.59,residential,India
1,2066-06-15,607.36,residential,India
1,2066-06-16,604.38,residential,India
1,2066-06-17,645.58,residential,India
1,2066-06-18,611.11,residential,India
1,2066-06-19,634.07,residential,India
1,2066-06-20,634.94,residential,India
1,2066-06-21,613.89,residential,India
1,2066-06-22,601.84,residential,India
1,2066-06-23,641.75,residential,India
1,2066-06-24,646.2,residential,India
1,2066-06-25,624.66,residential,India
1,2066-06-26,631.64,residential,India
1,2066-06-27,629.74,residential,India
1,2066-06-28,595.89,residential,India
1,2066-06-29,612.83,residential,India
1,2066-06-30,594.17,residential,India
1,2066-07-01,608.32,residential,India
1,2066-07-02,610.8,residential,India
1,2066-07-03,618.41,residential,India
1,2066-07-04,634.19,residential,India
1,2066-07-05,628.81,residential,India
1,2066-07-06,614.99,residential,India
1,2066-07-07,617.37,residential,India
1,2066-07-08,600.7,residential,India
1,2066-07-09,607.02,residential,India
1,2066-07-10,601.47,residential,India
1,2066-07-11,609.27,residential,India
1,2066-07-12,627.28,residential,India
1,2066-07-13,655.6,residential,India
1,2066-07-14,615.08,residential,India
1,2066-07-15,631.78,residential,India
1,2066-07-16,637.57,residential,India
1,2066-07-17,643.54,residential,India
1,2066-07-18,620.36,residential,India
1,2066-07-19,601.79,residential,India
1,2066-07-20,656.93,residential,India
1,2066-07-21,633.12,residential,India
1,2066-07-22,645.5,residential,India
1,2066-07-23,629.33,residential,India
1,2066-07-24,641.66,residential,India
1,2066-07-25,610.24,residential,India
1,2066-07-26,627.28,residential,India
1,2066-07-27,616.11,residential,India
1,2066-07-28,641.46,residential,India
1,2066-07-29,662.98,residential,India
1,2066-07-30,607.23,residential,India
1,2066-07-31,673.19,residential,India
1,2066-08-01,643.12,residential,India
1,2066-08-02,650.79,residential,India
1,2066-08-03,611.37,residential,India
1,2066-08-04,644.24,residential,India
1,2066-08-05,633.62,residential,India
1,2066-08-06,616.68,residential,India
1,2066-08-07,614.15,residential,India
1,2066-08-08,617.61,residential,India
1,2066-08-09,637.64,residential,India
1,2066-08-10,618.3,residential,India
1,2066-08-11,583.72,residential,India
1,2066-08-12,641.87,residential,India
1,2066-08-13,614.44,residential,India
1,2066-08-14,618.02,residential,India
1,2066-08-15,623.98,residential,India
1,2066-08-16,600.81,residential,India
1,2066-08-17,635.37,residential,India
1,2066-08-18,629.15,residential,India
1,2066-08-19,631.29,residential,India
1,2066-08-20,640.23,residential,India
1,2066-08-21,630.63,residential,India
1,2066-08-22,639.03,residential,India
1,2066-08-23,622.15,residential,India
1,2066-08-24,653.0,residential,India
1,2066-08-25,636.23,residential,India
1,2066-08-26,659.71,residential,India
1,2066-08-27,615.86,residential,India
1,2066-08-28,598.6,residential,India
1,2066-08-29,633.48,residential,India
1,2066-08-30,614.32,residential,India
1,2066-08-31,651.25,residential,India
1,2066-09-01,642.78,residential,India
1,2066-09-02,606.47,residential,India
1,2066-09-03,637.87,residential,India
1,2066-09-04,650.99,residential,India
1,2066-09-05,654.7,residential,India
1,2066-09-06,646.96,residential,India
1,2066-09-07,635.86,residential,India
1,2066-09-08,613.51,residential,India
1,2066-09-09,613.14,residential,India
1,2066-09-10,618.55,residential,India
1,2066-09-11,626.63,residential,India
1,2066-09-12,633.35,residential,India
1,2066-09-13,598.94,residential,India
1,2066-09-14,608.85,residential,India
1,2066-09-15,654.91,residential,India
1,2066-09-16,640.45,residential,India
1,2066-09-17,612.13,residential,India
1,2066-09-18,613.9,residential,India
1,2066-09-19,628.11,residential,India
1,2066-09-20,653.23,residential,India
1,2066-09-21,631.0,residential,India
1,2066-09-22,657.77,residential,India
1,2066-09-23,643.26,residential,India
1,2066-09-24,637.76,residential,India
1,2066-09-25,635.16,residential,India
1,2066-09-26,628.26,residential,India
1,2066-09-27,603.88,residential,India
1,2066-09-28,628.22,residential,India
1,2066-09-29,620.83,residential,India
1,2066-09-30,650.9,residential,India
1,2066-10-01,653.04,residential,India
1,2066-10-02,641.04,residential,India
1,2066-10-03,621.15,residential,India
1,2066-10-04,666.46,residential,India
1,2066-10-05,645.32,residential,India
1,2066-10-06,655.04,residential,India
1,2066-10-07,610.71,residential,India
1,2066-10-08,646.67,residential,India
1,2066-10-09,609.74,residential,India
1,2066-10-10,660.85,residential,India
1,2066-10-11,615.08,residential,India
1,2066-10-12,628.82,residential,India
1,2066-10-13,667.47,residential,India
1,2066-10-14,638.06,residential,India
1,2066-10-15,643.37,residential,India
1,2066-10-16,607.44,residential,India
1,2066-10-17,622.44,residential,India
1,2066-10-18,653.55,residential,India
1,2066-10-19,682.29,residential,India
1,2066-10-20,665.15,residential,India
1,2066-10-21,633.79,residential,India
1,2066-10-22,625.61,residential,India
1,2066-10-23,597.09,residential,India
1,2066-10-24,624.93,residential,India
1,2066-10-25,630.42,residential,India
1,2066-10-26,589.54,residential,India
1,2066-10-27,636.02,residential,India
1,2066-10-28,637.91,residential,India
1,2066-10-29,627.71,residential,India
1,2066-10-30,576.75,residential,India
1,2066-10-31,623.51,residential,India
1,2066-11-01,599.68,residential,India
1,2066-11-02,679.2,residential,India
1,2066-11-03,672.17,residential,India
1,2066-11-04,623.27,residential,India
1,2066-11-05,658.09,residential,India
1,2066-11-06,606.82,residential,India
1,2066-11-07,674.7,residential,India
1,2066-11-08,620.49,residential,India
1,2066-11-09,633.03,residential,India
1,2066-11-10,616.88,residential,India
1,2066-11-11,649.9,residential,India
1,2066-11-12,614.27,residential,India
1,2066-11-13,604.44,residential,India
1,2066-11-14,628.71,residential,India
1,2066-11-15,641.29,residential,India
1,2066-11-16,651.0,residential,India
1,2066-11-17,659.65,residential,India
1,2066-11-18,664.63,residential,India
1,2066-11-19,627.18,residential,India
1,2066-11-20,638.88,residential,India
1,2066-11-21,626.56,residential,India
1,2066-11-22,624.9,residential,India
1,2066-11-23,604.41,residential,India
1,2066-11-24,625.59,residential,India
1,2066-11-25,608.98,residential,India
1,2066-11-26,626.74,residential,India
1,2066-11-27,646.52,residential,India
1,2066-11-28,672.64,residential,India
1,2066-11-29,594.93,residential,India
1,2066-11-30,614.83,residential,India
1,2066-12-01,654.6,residential,India
1,2066-12-02,609.02,residential,India
1,2066-12-03,642.96,residential,India
1,2066-12-04,649.1,residential,India
1,2066-12-05,620.62,residential,India
1,2066-12-06,603.63,residential,India
1,2066-12-07,654.12,residential,India
1,2066-12-08,622.7,residential,India
1,2066-12-09,667.25,residential,India
1,2066-12-10,630.53,residential,India
1,2066-12-11,638.84,residential,India
1,2066-12-12,622.99,residential,India
1,2066-12-13,640.49,residential,India
1,2066-12-14,643.31,residential,India
1,2066-12-15,633.62,residential,India
1,2066-12-16,637.99,residential,India
1,2066-12-17,635.63,residential,India
1,2066-12-18,621.61,residential,India
1,2066-12-19,648.89,residential,India
1,2066-12-20,616.49,residential,India
1,2066-12-21,612.6,residential,India
1,2066-12-22,650.11,residential,India
1,2066-12-23,654.16,residential,India
1,2066-12-24,618.08,residential,India
1,2066-12-25,634.61,residential,India
1,2066-12-26,640.52,residential,India
1,2066-12-27,655.89,residential,India
1,2066-12-28,608.25,residential,India
1,2066-12-29,629.61,residential,India
1,2066-12-30,619.87,residential,India
1,2066-12-31,644.88,residential,India
1,2067-01-01,642.68,residential,India
1,2067-01-02,619.07,residential,India
1,2067-01-03,618.56,residential,India
1,2067-01-04,640.24,residential,India
1,2067-01-05,637.65,residential,India
1,2067-01-06,667.62,residential,India
1,2067-01-07,682.5,residential,India
1,2067-01-08,619.59,residential,India
1,2067-01-09,644.05,residential,India
1,2067-01-10,617.0,residential,India
1,2067-01-11,679.8,residential,India
1,2067-01-12,650.44,residential,India
1,2067-01-13,657.93,residential,India
1,2067-01-14,619.01,residential,India
1,2067-01-15,596.84,residential,India
1,2067-01-16,630.56,residential,India
1,2067-01-17,646.38,residential,India
1,2067-01-18,650.98,residential,India
1,2067-01-19,625.8,residential,India
1,2067-01-20,682.69,residential,India
1,2067-01-21,650.79,residential,India
1,2067-01-22,662.1,residential,India
1,2067-01-23,632.9,residential,India
1,2067-01-24,687.88,residential,India
1,2067-01-25,656.15,residential,India
1,2067-01-26,616.39,residential,India
1,2067-01-27,633.89,residential,India
1,2067-01-28,607.35,residential,India
1,2067-01-29,618.11,residential,India
1,2067-01-30,655.48,residential,India
1,2067-01-31,675.33,residential,India
1,2067-02-01,601.79,residential,India
1,2067-02-02,650.16,residential,India
1,2067-02-03,627.72,residential,India
1,2067-02-04,602.98,residential,India
1,2067-02-05,651.18,residential,India
1,2067-02-06,629.05,residential,India
1,2067-02-07,649.17,residential,India
1,2067-02-08,616.55,residential,India
1,2067-02-09,644.41,residential,India
1,2067-02-10,628.78,residential,India
1,2067-02-11,685.34,residential,India
1,2067-02-12,647.32,residential,India
1,2067-02-13,648.41,residential,India
1,2067-02-14,649.14,residential,India
1,2067-02-15,664.02,residential,India
1,2067-02-16,615.02,residential,India
1,2067-02-17,647.62,residential,India
1,2067-02-18,655.63,residential,India
1,2067-02-19,620.95,residential,India
1,2067-02-20,650.34,residential,India
1,2067-02-21,657.46,residential,India
1,2067-02-22,660.69,residential,India
1,2067-02-23,639.16,residential,India
1,2067-02-24,655.72,residential,India
1,2067-02-25,645.18,residential,India
1,2067-02-26,644.75,residential,India
1,2067-02-27,655.53,residential,India
1,2067-02-28,631.97,residential,India
1,2067-03-01,626.07,residential,India
1,2067-03-02,636.55,residential,India
1,2067-03-03,644.76,residential,India
1,2067-03-04,641.26,residential,India
1,2067-03-05,629.28,residential,India
1,2067-03-06,655.43,residential,India
1,2067-03-07,620.44,residential,India
1,2067-03-08,643.33,residential,India
1,2067-03-09,642.67,residential,India
1,2067-03-10,639.59,residential,India
1,2067-03-11,646.99,residential,India
1,2067-03-12,660.0,residential,India
1,2067-03-13,654.16,residential,India
1,2067-03-14,649.87,residential,India
1,2067-03-15,641.19,residential,India
1,2067-03-16,650.93,residential,India
1,2067-03-17,597.65,residential,India
1,2067-03-18,688.11,residential,India
1,2067-03-19,657.12,residential,India
1,2067-03-20,604.71,residential,India
1,2067-03-21,628.73,residential,India
1,2067-03-22,679.04,residential,India
1,2067-03-23,669.59,residential,India
1,2067-03-24,650.06,residential,India
1,2067-03-25,624.45,residential,India
1,2067-03-26,625.44,residential,India
1,2067-03-27,655.18,residential,India
1,2067-03-28,672.06,residential,India
1,2067-03-29,617.58,residential,India
1,2067-03-30,637.38,residential,India
1,2067-03-31,628.86,residential,India
1,2067-04-01,658.98,residential,India
1,2067-04-02,658.45,residential,India
1,2067-04-03,663.75,residential,India
1,2067-04-04,659.42,residential,India
1,2067-04-05,630.9,residential,India
1,2067-04-06,681.03,residential,India
1,2067-04-07,650.75,residential,India
1,2067-04-08,631.36,residential,India
1,2067-04-09,656.76,residential,India
1,2067-04-10,667.53,residential,India
1,2067-04-11,679.46,residential,India
1,2067-04-12,675.77,residential,India
1,2067-04-13,646.19,residential,India
1,2067-04-14,651.63,residential,India
1,2067-04-15,609.18,residential,India
1,2067-04-16,694.87,residential,India
1,2067-04-17,671.91,residential,India
1,2067-04-18,663.58,residential,India
1,2067-04-19,672.3,residential,India
1,2067-04-20,644.28,residential,India
1,2067-04-21,632.2,residential,India
1,2067-04-22,648.18,residential,India
1,2067-04-23,620.86,residential,India
1,2067-04-24,643.05,residential,India
1,2067-04-25,633.07,residential,India
1,2067-04-26,660.95,residential,India
1,2067-04-27,669.17,residential,India
1,2067-04-28,643.7,residential,India
1,2067-04-29,630.99,residential,India
1,2067-04-30,655.44,residential,India
1,2067-05-01,669.41,residential,India
1,2067-05-02,640.45,residential,India
1,2067-05-03,658.63,residential,India
1,2067-05-04,661.3,residential,India
1,2067-05-05,653.56,residential,India
1,2067-05-06,652.4,residential,India
1,2067-05-07,629.51,residential,India
1,2067-05-08,655.17,residential,India
1,2067-05-09,663.03,residential,India
1,2067-05-10,652.02,residential,India
1,2067-05-11,626.7,residential,India
1,2067-05-12,676.11,residential,India
1,2067-05-13,633.72,residential,India
1,2067-05-14,667.69,residential,India
1,2067-05-15,644.45,residential,India
1,2067-05-16,636.21,residential,India
1,2067-05-17,662.97,residential,India
1,2067-05-18,626.27,residential,India
1,2067-05-19,645.82,residential,India
1,2067-05-20,672.57,residential,India
1,2067-05-21,659.56,residential,India
1,2067-05-22,676.3,residential,India
1,2067-05-23,680.17,residential,India
1,2067-05-24,687.91,residential,India
1,2067-05-25,645.57,residential,India
1,2067-05-26,644.58,residential,India
1,2067-05-27,625.82,residential,India
1,2067-05-28,661.13,residential,India
1,2067-05-29,670.48,residential,India
1,2067-05-30,671.11,residential,India
1,2067-05-31,621.16,residential,India
1,2067-06-01,676.42,residential,India
1,2067-06-02,659.65,residential,India
1,2067-06-03,672.77,residential,India
1,2067-06-04,659.33,residential,India
1,2067-06-05,640.97,residential,India
1,2067-06-06,657.55,residential,India
1,2067-06-07,650.97,residential,India
1,2067-06-08,660.93,residential,India
1,2067-06-09,698.29,residential,India
1,2067-06-10,686.63,residential,India
1,2067-06-11,624.25,residential,India
1,2067-06-12,689.93,residential,India
1,2067-06-13,672.33,residential,India
1,2067-06-14,681.79,residential,India
1,2067-06-15,626.95,residential,India
1,2067-06-16,610.79,residential,India
1,2067-06-17,647.5,residential,India
1,2067-06-18,673.47,residential,India
1,2067-06-19,637.32,residential,India
1,2067-06-20,664.71,residential,India
1,2067-06-21,646.43,residential,India
1,2067-06-22,654.03,residential,India
1,2067-06-23,677.39,residential,India
1,2067-06-24,633.09,residential,India
1,2067-06-25,665.6,residential,India
1,2067-06-26,690.86,residential,India
1,2067-06-27,661.39,residential,India
1,2067-06-28,605.16,residential,India
1,2067-06-29,652.73,residential,India
1,2067-06-30,648.71,residential,India
1,2067-07-01,695.21,residential,India
1,2067-07-02,654.41,residential,India
1,2067-07-03,655.93,residential,India
1,2067-07-04,641.46,residential,India
1,2067-07-05,673.69,residential,India
1,2067-07-06,655.79,residential,India
1,2067-07-07,645.18,residential,India
1,2067-07-08,647.16,residential,India
1,2067-07-09,641.74,residential,India
1,2067-07-10,651.42,residential,India
1,2067-07-11,697.96,residential,India
1,2067-07-12,617.89,residential,India
1,2067-07-13,668.07,residential,India
1,2067-07-14,711.29,residential,India
1,2067-07-15,643.09,residential,India
1,2067-07-16,689.94,residential,India
1,2067-07-17,673.2,residential,India
1,2067-07-18,677.63,residential,India
1,2067-07-19,641.7,residential,India
1,2067-07-20,653.2,residential,India
1,2067-07-21,667.5,residential,India
1,2067-07-22,650.95,residential,India
1,2067-07-23,659.79,residential,India
1,2067-07-24,680.88,residential,India
1,2067-07-25,694.97,residential,India
1,2067-07-26,648.25,residential,India
1,2067-07-27,654.86,residential,India
1,2067-07-28,675.9,residential,India
1,2067-07-29,637.71,residential,India
1,2067-07-30,703.51,residential,India
1,2067-07-31,654.48,residential,India
1,2067-08-01,692.01,residential,India
1,2067-08-02,649.28,residential,India
1,2067-08-03,661.67,residential,India
1,2067-08-04,629.83,residential,India
1,2067-08-05,706.4,residential,India
1,2067-08-06,651.79,residential,India
1,2067-08-07,706.35,residential,India
1,2067-08-08,650.67,residential,India
1,2067-08-09,650.78,residential,India
1,2067-08-10,671.66,residential,India
1,2067-08-11,622.93,residential,India
1,2067-08-12,649.54,residential,India
1,2067-08-13,656.82,residential,India
1,2067-08-14,639.48,residential,India
1,2067-08-15,643.35,residential,India
1,2067-08-16,650.01,residential,India
1,2067-08-17,633.59,residential,India
1,2067-08-18,655.12,residential,India
1,2067-08-19,654.63,residential,India
1,2067-08-20,657.34,residential,India
1,2067-08-21,684.96,residential,India
1,2067-08-22,653.13,residential,India
1,2067-08-23,613.53,residential,India
1,2067-08-24,652.17,residential,India
1,2067-08-25,649.7,residential,India
1,2067-08-26,680.54,residential,India
1,2067-08-27,636.07,residential,India
1,2067-08-28,678.8,residential,India
1,2067-08-29,658.59,residential,India
1,2067-08-30,651.87,residential,India
1,2067-08-31,691.8,residential,India
1,2067-09-01,660.57,residential,India
1,2067-09-02,662.41,residential,India
1,2067-09-03,631.02,residential,India
1,2067-09-04,676.31,residential,India
1,2067-09-05,666.69,residential,India
1,2067-09-06,662.62,residential,India
1,2067-09-07,648.89,residential,India
1,2067-09-08,650.56,residential,India
1,2067-09-09,650.63,residential,India
1,2067-09-10,661.38,residential,India
1,2067-09-11,718.75,residential,India
1,2067-09-12,678.83,residential,India
1,2067-09-13,692.51,residential,India
1,2067-09-14,699.61,residential,India
1,2067-09-15,701.26,residential,India
1,2067-09-16,671.5,residential,India
1,2067-09-17,668.56,residential,India
1,2067-09-18,665.98,residential,India
1,2067-09-19,668.28,residential,India
1,2067-09-20,649.88,residential,India
1,2067-09-21,714.37,residential,India
1,2067-09-22,696.95,residential,India
1,2067-09-23,644.24,residential,India
1,2067-09-24,662.57,residential,India
1,2067-09-25,654.84,residential,India
1,2067-09-26,693.22,residential,India
1,2067-09-27,698.7,residential,India
1,2067-09-28,681.08,residential,India
1,2067-09-29,633.48,residential,India
1,2067-09-30,651.01,residential,India
1,2067-10-01,655.33,residential,India
1,2067-10-02,638.59,residential,India
1,2067-10-03,676.06,residential,India
1,2067-10-04,655.68,residential,India
1,2067-10-05,682.29,residential,India
1,2067-10-06,672.01,residential,India
1,2067-10-07,650.58,residential,India
1,2067-10-08,698.18,residential,India
1,2067-10-09,679.6,residential,India
1,2067-10-10,683.75,residential,India
1,2067-10-11,665.93,residential,India
1,2067-10-12,665.33,residential,India
1,2067-10-13,677.4,residential,India
1,2067-10-14,684.68,residential,India
1,2067-10-15,691.17,residential,India
1,2067-10-16,663.02,residential,India
1,2067-10-17,667.9,residential,India
1,2067-10-18,664.63,residential,India
1,2067-10-19,685.81,residential,India
1,2067-10-20,689.41,residential,India
1,2067-10-21,667.77,residential,India
1,2067-10-22,685.41,residential,India
1,2067-10-23,686.28,residential,India
1,2067-10-24,677.58,residential,India
1,2067-10-25,676.79,residential,India
1,2067-10-26,657.13,residential,India
1,2067-10-27,662.23,residential,India
1,2067-10-28,691.96,residential,India
1,2067-10-29,683.82,residential,India
1,2067-10-30,706.78,residential,India
1,2067-10-31,668.1,residential,India
1,2067-11-01,711.3,residential,India
1,2067-11-02,668.94,residential,India
1,2067-11-03,688.68,residential,India
1,2067-11-04,675.85,residential,India
1,2067-11-05,655.99,residential,India
1,2067-11-06,629.85,residential,India
1,2067-11-07,677.8,residential,India
1,2067-11-08,683.74,residential,India
1,2067-11-09,661.92,residential,India
1,2067-11-10,644.41,residential,India
1,2067-11-11,672.58,residential,India
1,2067-11-12,661.61,residential,India
1,2067-11-13,679.81,residential,India
1,2067-11-14,639.92,residential,India
1,2067-11-15,712.8,residential,India
1,2067-11-16,665.57,residential,India
1,2067-11-17,695.12,residential,India
1,2067-11-18,701.73,residential,India
1,2067-11-19,686.86,residential,India
1,2067-11-20,638.11,residential,India
1,2067-11-21,670.38,residential,India
1,2067-11-22,691.71,residential,India
1,2067-11-23,680.41,residential,India
1,2067-11-24,679.5,residential,India
1,2067-11-25,677.23,residential,India
1,2067-11-26,677.75,residential,India
1,2067-11-27,682.69,residential,India
1,2067-11-28,709.68,residential,India
1,2067-11-29,685.82,residential,India
1,2067-11-30,701.41,residential,India
1,2067-12-01,701.82,residential,India
1,2067-12-02,688.45,residential,India
1,2067-12-03,686.91,residential,India
1,2067-12-04,725.68,residential,India
1,2067-12-05,667.66,residential,India
1,2067-12-06,684.01,residential,India
1,2067-12-07,704.15,residential,India
1,2067-12-08,683.87,residential,India
1,2067-12-09,689.25,residential,India
1,2067-12-10,672.6,residential,India
1,2067-12-11,722.55,residential,India
1,2067-12-12,662.99,residential,India
1,2067-12-13,675.78,residential,India
1,2067-12-14,716.06,residential,India
1,2067-12-15,707.99,residential,India
1,2067-12-16,666.37,residential,India
1,2067-12-17,697.61,residential,India
1,2067-12-18,724.79,residential,India
1,2067-12-19,694.4,residential,India
1,2067-12-20,675.08,residential,India
1,2067-12-21,749.61,residential,India
1,2067-12-22,668.54,residential,India
1,2067-12-23,674.49,residential,India
1,2067-12-24,690.54,residential,India
1,2067-12-25,686.15,residential,India
1,2067-12-26,708.64,residential,India
1,2067-12-27,669.15,residential,India
1,2067-12-28,691.13,residential,India
1,2067-12-29,672.0,residential,India
1,2067-12-30,689.71,residential,India
1,2067-12-31,681.32,residential,India
1,2068-01-01,670.71,residential,India
1,2068-01-02,669.43,residential,India
1,2068-01-03,696.56,residential,India
1,2068-01-04,655.71,residential,India
1,2068-01-05,702.47,residential,India
1,2068-01-06,676.08,residential,India
1,2068-01-07,689.24,residential,India
1,2068-01-08,684.52,residential,India
1,2068-01-09,648.32,residential,India
1,2068-01-10,667.77,residential,India
1,2068-01-11,674.76,residential,India
1,2068-01-12,728.45,residential,India
1,2068-01-13,692.37,residential,India
1,2068-01-14,714.32,residential,India
1,2068-01-15,673.77,residential,India
1,2068-01-16,675.26,residential,India
1,2068-01-17,679.37,residential,India
1,2068-01-18,724.31,residential,India
1,2068-01-19,680.74,residential,India
1,2068-01-20,690.26,residential,India
1,2068-01-21,706.27,residential,India
1,2068-01-22,712.25,residential,India
1,2068-01-23,718.33,residential,India
1,2068-01-24,682.86,residential,India
1,2068-01-25,726.51,residential,India
1,2068-01-26,697.09,residential,India
1,2068-01-27,694.4,residential,India
1,2068-01-28,705.41,residential,India
1,2068-01-29,665.37,residential,India
1,2068-01-30,670.55,residential,India
1,2068-01-31,685.69,residential,India
1,2068-02-01,673.17,residential,India
1,2068-02-02,728.82,residential,India
1,2068-02-03,713.12,residential,India
1,2068-02-04,698.42,residential,India
1,2068-02-05,714.52,residential,India
1,2068-02-06,710.27,residential,India
1,2068-02-07,679.47,residential,India
1,2068-02-08,686.8,residential,India
1,2068-02-09,660.56,residential,India
1,2068-02-10,681.84,residential,India
1,2068-02-11,720.74,residential,India
1,2068-02-12,676.95,residential,India
1,2068-02-13,683.03,residential,India
1,2068-02-14,702.14,residential,India
1,2068-02-15,677.85,residential,India
1,2068-02-16,699.0,residential,India
1,2068-02-17,694.26,residential,India
1,2068-02-18,685.19,residential,India
1,2068-02-19,713.03,residential,India
1,2068-02-20,677.61,residential,India
1,2068-02-21,671.72,residential,India
1,2068-02-22,714.58,residential,India
1,2068-02-23,716.82,residential,India
1,2068-02-24,683.3,residential,India
1,2068-02-25,723.27,residential,India
1,2068-02-26,706.17,residential,India
1,2068-02-27,669.08,residential,India
1,2068-02-28,648.55,residential,India
1,2068-02-29,663.37,residential,India
1,2068-03-01,692.77,residential,India
1,2068-03-02,688.42,residential,India
1,2068-03-03,702.32,residential,India
1,2068-03-04,693.44,residential,India
1,2068-03-05,725.92,residential,India
1,2068-03-06,690.53,residential,India
1,2068-03-07,727.29,residential,India
1,2068-03-08,697.17,residential,India
1,2068-03-09,701.17,residential,India
1,2068-03-10,705.87,residential,India
1,2068-03-11,684.97,residential,India
1,2068-03-12,710.55,residential,India
1,2068-03-13,703.37,residential,India
1,2068-03-14,657.02,residential,India
1,2068-03-15,743.37,residential,India
1,2068-03-16,702.72,residential,India
1,2068-03-17,701.01,residential,India
1,2068-03-18,700.32,residential,India
1,2068-03-19,688.07,residential,India
1,2068-03-20,700.09,residential,India
1,2068-03-21,676.14,residential,India
1,2068-03-22,681.61,residential,India
1,2068-03-23,699.36,residential,India
1,2068-03-24,687.17,residential,India
1,2068-03-25,654.14,residential,India
1,2068-03-26,673.83,residential,India
1,2068-03-27,653.01,residential,India
1,2068-03-28,690.84,residential,India
1,2068-03-29,697.25,residential,India
1,2068-03-30,671.96,residential,India
1,2068-03-31,678.53,residential,India
1,2068-04-01,695.23,residential,India
1,2068-04-02,690.3,residential,India
1,2068-04-03,683.47,residential,India
1,2068-04-04,697.4,residential,India
1,2068-04-05,725.06,residential,India
1,2068-04-06,693.48,residential,India
1,2068-04-07,689.1,residential,India
1,2068-04-08,723.25,residential,India
1,2068-04-09,680.9,residential,India
1,2068-04-10,705.07,residential,India
1,2068-04-11,672.71,residential,India
1,2068-04-12,690.23,residential,India
1,2068-04-13,677.68,residential,India
1,2068-04-14,693.62,residential,India
1,2068-04-15,709.97,residential,India
1,2068-04-16,693.57,residential,India
1,2068-04-17,708.35,residential,India
1,2068-04-18,686.47,residential,India
1,2068-04-19,665.89,residential,India
1,2068-04-20,691.34,residential,India
1,2068-04-21,735.79,residential,India
1,2068-04-22,698.4,residential,India
1,2068-04-23,703.22,residential,India
1,2068-04-24,734.95,residential,India
1,2068-04-25,682.72,residential,India
1,2068-04-26,658.17,residential,India
1,2068-04-27,665.14,residential,India
1,2068-04-28,719.4,residential,India
1,2068-04-29,695.09,residential,India
1,2068-04-30,708.4,residential,India
1,2068-05-01,705.19,residential,India
1,2068-05-02,691.57,residential,India
1,2068-05-03,681.2,residential,India
1,2068-05-04,682.2,residential,India
1,2068-05-05,678.02,residential,India
1,2068-05-06,724.25,residential,India
1,2068-05-07,708.86,residential,India
1,2068-05-08,707.8,residential,India
1,2068-05-09,679.54,residential,India
1,2068-05-10,670.27,residential,India
1,2068-05-11,721.67,residential,India
1,2068-05-12,686.65,residential,India
1,2068-05-13,705.23,residential,India
1,2068-05-14,710.4,residential,India
1,2068-05-15,720.69,residential,India
1,2068-05-16,714.64,residential,India
1,2068-05-17,737.28,residential,India
1,2068-05-18,705.27,residential,India
1,2068-05-19,725.82,residential,India
1,2068-05-20,691.89,residential,India
1,2068-05-21,691.53,residential,India
1,2068-05-22,705.98,residential,India
1,2068-05-23,700.71,residential,India
1,2068-05-24,694.76,residential,India
1,2068-05-25,698.0,residential,India
1,2068-05-26,674.54,residential,India
1,2068-05-27,721.15,residential,India
1,2068-05-28,729.62,residential,India
1,2068-05-29,731.39,residential,India
1,2068-05-30,705.23,residential,India
1,2068-05-31,685.45,residential,India
1,2068-06-01,711.12,residential,India
1,2068-06-02,720.89,residential,India
1,2068-06-03,711.8,residential,India
1,2068-06-04,711.57,residential,India
1,2068-06-05,683.62,residential,India
1,2068-06-06,701.29,residential,India
1,2068-06-07,703.25,residential,India
1,2068-06-08,723.63,residential,India
1,2068-06-09,690.94,residential,India
1,2068-06-10,701.83,residential,India
1,2068-06-11,663.73,residential,India
1,2068-06-12,719.16,residential,India
1,2068-06-13,721.45,residential,India
1,2068-06-14,691.97,residential,India
1,2068-06-15,674.6,residential,India
1,2068-06-16,690.63,residential,India
1,2068-06-17,690.41,residential,India
1,2068-06-18,704.28,residential,India
1,2068-06-19,721.25,residential,India
1,2068-06-20,692.53,residential,India
1,2068-06-21,710.68,residential,India
1,2068-06-22,697.12,residential,India
1,2068-06-23,723.81,residential,India
1,2068-06-24,695.7,residential,India
1,2068-06-25,717.53,residential,India
1,2068-06-26,747.89,residential,India
1,2068-06-27,705.68,residential,India
1,2068-06-28,685.48,residential,India
1,2068-06-29,716.54,residential,India
1,2068-06-30,725.53,residential,India
1,2068-07-01,733.36,residential,India
1,2068-07-02,713.9,residential,India
1,2068-07-03,708.45,residential,India
1,2068-07-04,699.52,residential,India
1,2068-07-05,693.13,residential,India
1,2068-07-06,737.65,residential,India
1,2068-07-07,715.5,residential,India
1,2068-07-08,706.41,residential,India
1,2068-07-09,740.65,residential,India
1,2068-07-10,713.3,residential,India
1,2068-07-11,692.28,residential,India
1,2068-07-12,705.73,residential,India
1,2068-07-13,742.35,residential,India
1,2068-07-14,716.6,residential,India
1,2068-07-15,717.68,residential,India
1,2068-07-16,685.46,residential,India
1,2068-07-17,695.74,residential,India
1,2068-07-18,745.42,residential,India
1,2068-07-19,670.46,residential,India
1,2068-07-20,736.37,residential,India
1,2068-07-21,719.62,residential,India
1,2068-07-22,707.85,residential,India
1,2068-07-23,734.59,residential,India
1,2068-07-24,717.51,residential,India
1,2068-07-25,711.09,residential,India
1,2068-07-26,694.57,residential,India
1,2068-07-27,703.77,residential,India
1,2068-07-28,717.9,residential,India
1,2068-07-29,748.87,residential,India
1,2068-07-30,690.67,residential,India
1,2068-07-31,726.44,residential,India
1,2068-08-01,738.77,residential,India
1,2068-08-02,724.33,residential,India
1,2068-08-03,697.02,residential,India
1,2068-08-04,686.55,residential,India
1,2068-08-05,724.5,residential,India
1,2068-08-06,686.36,residential,India
1,2068-08-07,697.03,residential,India
1,2068-08-08,730.1,residential,India
1,2068-08-09,734.01,residential,India
1,2068-08-10,671.43,residential,India
1,2068-08-11,677.55,residential,India
1,2068-08-12,698.01,residential,India
1,2068-08-13,722.93,residential,India
1,2068-08-14,738.39,residential,India
1,2068-08-15,696.96,residential,India
1,2068-08-16,733.9,residential,India
1,2068-08-17,696.3,residential,India
1,2068-08-18,737.01,residential,India
1,2068-08-19,685.76,residential,India
1,2068-08-20,705.23,residential,India
1,2068-08-21,723.85,residential,India
1,2068-08-22,703.0,residential,India
1,2068-08-23,707.8,residential,India
1,2068-08-24,716.52,residential,India
1,2068-08-25,695.42,residential,India
1,2068-08-26,719.59,residential,India
1,2068-08-27,724.57,residential,India
1,2068-08-28,736.71,residential,India
1,2068-08-29,743.29,residential,India
1,2068-08-30,708.94,residential,India
1,2068-08-31,723.45,residential,India
1,2068-09-01,715.0,residential,India
1,2068-09-02,718.31,residential,India
1,2068-09-03,693.94,residential,India
1,2068-09-04,750.82,residential,India
1,2068-09-05,707.44,residential,India
1,2068-09-06,708.0,residential,India
1,2068-09-07,722.98,residential,India
1,2068-09-08,692.97,residential,India
1,2068-09-09,720.2,residential,India
1,2068-09-10,721.47,residential,India
1,2068-09-11,721.23,residential,India
1,2068-09-12,717.54,residential,India
1,2068-09-13,729.08,residential,India
1,2068-09-14,696.78,residential,India
1,2068-09-15,726.28,residential,India
1,2068-09-16,694.54,residential,India
1,2068-09-17,727.26,residential,India
1,2068-09-18,744.51,residential,India
1,2068-09-19,727.48,residential,India
1,2068-09-20,715.97,residential,India
1,2068-09-21,744.16,residential,India
1,2068-09-22,704.36,residential,India
1,2068-09-23,748.25,residential,India
1,2068-09-24,691.15,residential,India
1,2068-09-25,725.54,residential,India
1,2068-09-26,686.56,residential,India
1,2068-09-27,717.61,residential,India
1,2068-09-28,680.06,residential,India
1,2068-09-29,728.24,residential,India
1,2068-09-30,700.55,residential,India
1,2068-10-01,721.73,residential,India
1,2068-10-02,700.83,residential,India
1,2068-10-03,740.68,residential,India
1,2068-10-04,733.59,residential,India
1,2068-10-05,713.46,residential,India
1,2068-10-06,715.06,residential,India
1,2068-10-07,704.94,residential,India
1,2068-10-08,704.09,residential,India
1,2068-10-09,733.16,residential,India
1,2068-10-10,723.0,residential,India
1,2068-10-11,708.23,residential,India
1,2068-10-12,747.94,residential,India
1,2068-10-13,738.2,residential,India
1,2068-10-14,715.24,residential,India
1,2068-10-15,729.93,residential,India
1,2068-10-16,714.7,residential,India
1,2068-10-17,711.98,residential,India
1,2068-10-18,715.04,residential,India
1,2068-10-19,773.03,residential,India
1,2068-10-20,725.24,residential,India
1,2068-10-21,709.49,residential,India
1,2068-10-22,709.89,residential,India
1,2068-10-23,675.27,residential,India
1,2068-10-24,733.84,residential,India
1,2068-10-25,723.9,residential,India
1,2068-10-26,744.34,residential,India
1,2068-10-27,712.94,residential,India
1,2068-10-28,683.96,residential,India
1,2068-10-29,746.68,residential,India
1,2068-10-30,709.4,residential,India
1,2068-10-31,766.46,residential,India
1,2068-11-01,761.32,residential,India
1,2068-11-02,727.91,residential,India
1,2068-11-03,732.51,residential,India
1,2068-11-04,722.17,residential,India
1,2068-11-05,737.45,residential,India
1,2068-11-06,708.51,residential,India
1,2068-11-07,734.29,residential,India
1,2068-11-08,711.3,residential,India
1,2068-11-09,743.44,residential,India
1,2068-11-10,728.61,residential,India
1,2068-11-11,722.33,residential,India
1,2068-11-12,747.49,residential,India
1,2068-11-13,731.07,residential,India
1,2068-11-14,732.61,residential,India
1,2068-11-15,728.33,residential,India
1,2068-11-16,740.46,residential,India
1,2068-11-17,726.44,residential,India
1,2068-11-18,754.57,residential,India
1,2068-11-19,727.54,residential,India
1,2068-11-20,757.19,residential,India
1,2068-11-21,750.78,residential,India
1,2068-11-22,721.43,residential,India
1,2068-11-23,706.16,residential,India
1,2068-11-24,765.61,residential,India
1,2068-11-25,749.74,residential,India
1,2068-11-26,714.02,residential,India
1,2068-11-27,761.15,residential,India
1,2068-11-28,695.4,residential,India
1,2068-11-29,711.65,residential,India
1,2068-11-30,706.79,residential,India
1,2068-12-01,717.61,residential,India
1,2068-12-02,739.09,residential,India
1,2068-12-03,746.95,residential,India
1,2068-12-04,704.38,residential,India
1,2068-12-05,718.85,residential,India
1,2068-12-06,712.81,residential,India
1,2068-12-07,739.51,residential,India
1,2068-12-08,712.85,residential,India
1,2068-12-09,735.97,residential,India
1,2068-12-10,741.37,residential,India
1,2068-12-11,743.55,residential,India
1,2068-12-12,711.52,residential,India
1,2068-12-13,726.48,residential,India
1,2068-12-14,715.22,residential,India
1,2068-12-15,761.07,residential,India
1,2068-12-16,743.76,residential,India
1,2068-12-17,718.89,residential,India
1,2068-12-18,707.75,residential,India
1,2068-12-19,725.71,residential,India
1,2068-12-20,737.39,residential,India
1,2068-12-21,728.21,residential,India
1,2068-12-22,731.77,residential,India
1,2068-12-23,716.37,residential,India
1,2068-12-24,716.09,residential,India
1,2068-12-25,719.8,residential,India
1,2068-12-26,725.8,residential,India
1,2068-12-27,700.1,residential,India
1,2068-12-28,738.21,residential,India
1,2068-12-29,730.2,residential,India
1,2068-12-30,720.92,residential,India
1,2068-12-31,739.06,residential,India
1,2069-01-01,709.1,residential,India
1,2069-01-02,727.68,residential,India
1,2069-01-03,714.15,residential,India
1,2069-01-04,748.5,residential,India
1,2069-01-05,719.58,residential,India
1,2069-01-06,752.7,residential,India
1,2069-01-07,769.04,residential,India
1,2069-01-08,761.96,residential,India
1,2069-01-09,721.01,residential,India
1,2069-01-10,711.47,residential,India
1,2069-01-11,740.07,residential,India
1,2069-01-12,732.03,residential,India
1,2069-01-13,742.21,residential,India
1,2069-01-14,729.58,residential,India
1,2069-01-15,797.2,residential,India
1,2069-01-16,753.89,residential,India
1,2069-01-17,727.65,residential,India
1,2069-01-18,720.19,residential,India
1,2069-01-19,711.88,residential,India
1,2069-01-20,706.16,residential,India
1,2069-01-21,771.32,residential,India
1,2069-01-22,703.19,residential,India
1,2069-01-23,751.16,residential,India
1,2069-01-24,729.13,residential,India
1,2069-01-25,716.9,residential,India
1,2069-01-26,724.39,residential,India
1,2069-01-27,725.59,residential,India
1,2069-01-28,690.69,residential,India
1,2069-01-29,720.45,residential,India
1,2069-01-30,729.77,residential,India
1,2069-01-31,709.8,residential,India
1,2069-02-01,716.95,residential,India
1,2069-02-02,708.26,residential,India
1,2069-02-03,724.18,residential,India
1,2069-02-04,739.41,residential,India
1,2069-02-05,769.29,residential,India
1,2069-02-06,713.44,residential,India
1,2069-02-07,723.2,residential,India
1,2069-02-08,722.64,residential,India
1,2069-02-09,741.8,residential,India
1,2069-02-10,736.12,residential,India
1,2069-02-11,721.43,residential,India
1,2069-02-12,716.9,residential,India
1,2069-02-13,744.12,residential,India
1,2069-02-14,747.03,residential,India
1,2069-02-15,712.23,residential,India
1,2069-02-16,717.64,residential,India
1,2069-02-17,777.81,residential,India
1,2069-02-18,726.53,residential,India
1,2069-02-19,713.63,residential,India
1,2069-02-20,719.54,residential,India
1,2069-02-21,751.46,residential,India
1,2069-02-22,730.15,residential,India
1,2069-02-23,730.3,residential,India
1,2069-02-24,732.81,residential,India
1,2069-02-25,734.78,residential,India
1,2069-02-26,752.56,residential,India
1,2069-02-27,735.05,residential,India
1,2069-02-28,746.23,residential,India
1,2069-03-01,730.12,residential,India
1,2069-03-02,753.53,residential,India
1,2069-03-03,743.31,residential,India
1,2069-03-04,677.0,residential,India
1,2069-03-05,770.83,residential,India
1,2069-03-06,691.53,residential,India
1,2069-03-07,732.87,residential,India
1,2069-03-08,717.46,residential,India
1,2069-03-09,721.72,residential,India
1,2069-03-10,757.5,residential,India
1,2069-03-11,758.5,residential,India
1,2069-03-12,697.28,residential,India
1,2069-03-13,722.83,residential,India
1,2069-03-14,735.58,residential,India
1,2069-03-15,720.06,residential,India
1,2069-03-16,721.05,residential,India
1,2069-03-17,727.22,residential,India
1,2069-03-18,681.39,residential,India
1,2069-03-19,748.23,residential,India
1,2069-03-20,771.55,residential,India
1,2069-03-21,730.99,residential,India
1,2069-03-22,752.69,residential,India
1,2069-03-23,724.96,residential,India
1,2069-03-24,719.89,residential,India
1,2069-03-25,682.15,residential,India
1,2069-03-26,745.84,residential,India
1,2069-03-27,760.09,residential,India
1,2069-03-28,727.55,residential,India
1,2069-03-29,731.98,residential,India
1,2069-03-30,714.81,residential,India
1,2069-03-31,699.25,residential,India
1,2069-04-01,732.98,residential,India
1,2069-04-02,747.17,residential,India
1,2069-04-03,752.65,residential,India
1,2069-04-04,711.78,residential,India
1,2069-04-05,730.1,residential,India
1,2069-04-06,736.39,residential,India
1,2069-04-07,762.72,residential,India
1,2069-04-08,737.67,residential,India
1,2069-04-09,730.29,residential,India
1,2069-04-10,765.01,residential,India
1,2069-04-11,764.27,residential,India
1,2069-04-12,749.52,residential,India
1,2069-04-13,718.62,residential,India
1,2069-04-14,719.94,residential,India
1,2069-04-15,731.94,residential,India
1,2069-04-16,744.66,residential,India
1,2069-04-17,743.76,residential,India
1,2069-04-18,760.45,residential,India
1,2069-04-19,746.31,residential,India
1,2069-04-20,703.88,residential,India
1,2069-04-21,727.75,residential,India
1,2069-04-22,703.09,residential,India
1,2069-04-23,773.86,residential,India
1,2069-04-24,691.13,residential,India
1,2069-04-25,728.52,residential,India
1,2069-04-26,717.45,residential,India
1,2069-04-27,725.84,residential,India
1,2069-04-28,752.58,residential,India
1,2069-04-29,732.38,residential,India
1,2069-04-30,738.88,residential,India
1,2069-05-01,732.08,residential,India
1,2069-05-02,742.83,residential,India
1,2069-05-03,714.3,residential,India
1,2069-05-04,744.18,residential,India
1,2069-05-05,757.31,residential,India
1,2069-05-06,745.2,residential,India
1,2069-05-07,719.1,residential,India
1,2069-05-08,728.35,residential,India
1,2069-05-09,760.21,residential,India
1,2069-05-10,709.3,residential,India
1,2069-05-11,734.43,residential,India
1,2069-05-12,716.4,residential,India
1,2069-05-13,724.32,residential,India
1,2069-05-14,725.5,residential,India
1,2069-05-15,739.63,residential,India
1,2069-05-16,771.81,residential,India
1,2069-05-17,735.41,residential,India
1,2069-05-18,744.37,residential,India
1,2069-05-19,721.76,residential,India
1,2069-05-20,719.61,residential,India
1,2069-05-21,726.59,residential,India
1,2069-05-22,740.07,residential,India
1,2069-05-23,756.49,residential,India
1,2069-05-24,765.77,residential,India
1,2069-05-25,767.86,residential,India
1,2069-05-26,725.69,residential,India
1,2069-05-27,741.36,residential,India
1,2069-05-28,707.86,residential,India
1,2069-05-29,725.71,residential,India
1,2069-05-30,737.6,residential,India
1,2069-05-31,776.61,residential,India
1,2069-06-01,747.6,residential,India
1,2069-06-02,732.66,residential,India
1,2069-06-03,764.6,residential,India
1,2069-06-04,731.47,residential,India
1,2069-06-05,751.45,residential,India
1,2069-06-06,733.65,residential,India
1,2069-06-07,736.26,residential,India
1,2069-06-08,744.13,residential,India
1,2069-06-09,743.38,residential,India
1,2069-06-10,721.86,residential,India
1,2069-06-11,745.7,residential,India
1,2069-06-12,735.11,residential,India
1,2069-06-13,739.32,residential,India
1,2069-06-14,774.68,residential,India
1,2069-06-15,745.29,residential,India
1,2069-06-16,731.38,residential,India
1,2069-06-17,725.87,residential,India
1,2069-06-18,740.45,residential,India
1,2069-06-19,738.62,residential,India
1,2069-06-20,730.7,residential,India
1,2069-06-21,743.84,residential,India
1,2069-06-22,773.27,residential,India
1,2069-06-23,724.61,residential,India
1,2069-06-24,726.92,residential,India
1,2069-06-25,727.34,residential,India
1,2069-06-26,726.33,residential,India
1,2069-06-27,703.23,residential,India
1,2069-06-28,720.34,residential,India
1,2069-06-29,748.4,residential,India
1,2069-06-30,736.74,residential,India
1,2069-07-01,727.44,residential,India
1,2069-07-02,722.26,residential,India
1,2069-07-03,756.97,residential,India
1,2069-07-04,702.96,residential,India
1,2069-07-05,708.97,residential,India
1,2069-07-06,693.16,residential,India
1,2069-07-07,742.14,residential,India
1,2069-07-08,769.09,residential,India
1,2069-07-09,725.61,residential,India
1,2069-07-10,734.72,residential,India
1,2069-07-11,748.22,residential,India
1,2069-07-12,719.95,residential,India
1,2069-07-13,731.54,residential,India
1,2069-07-14,709.44,residential,India
1,2069-07-15,736.98,residential,India
1,2069-07-16,741.96,residential,India
1,2069-07-17,767.8,residential,India
1,2069-07-18,752.41,residential,India
1,2069-07-19,715.12,residential,India
1,2069-07-20,773.68,residential,India
1,2069-07-21,742.08,residential,India
1,2069-07-22,777.43,residential,India
1,2069-07-23,753.94,residential,India
1,2069-07-24,764.96,residential,India
1,2069-07-25,731.19,residential,India
1,2069-07-26,755.58,residential,India
1,2069-07-27,744.5,residential,India
1,2069-07-28,756.32,residential,India
1,2069-07-29,749.81,residential,India
1,2069-07-30,762.39,residential,India
1,2069-07-31,752.49,residential,India
1,2069-08-01,731.63,residential,India
1,2069-08-02,750.55,residential,India
1,2069-08-03,726.09,residential,India
1,2069-08-04,731.91,residential,India
1,2069-08-05,764.25,residential,India
1,2069-08-06,787.21,residential,India
1,2069-08-07,709.58,residential,India
1,2069-08-08,736.36,residential,India
1,2069-08-09,761.76,residential,India
1,2069-08-10,748.06,residential,India
1,2069-08-11,722.27,residential,India
1,2069-08-12,754.05,residential,India
1,2069-08-13,742.24,residential,India
1,2069-08-14,738.24,residential,India
1,2069-08-15,723.45,residential,India
1,2069-08-16,722.28,residential,India
1,2069-08-17,728.68,residential,India
1,2069-08-18,689.32,residential,India
1,2069-08-19,743.89,residential,India
1,2069-08-20,789.84,residential,India
1,2069-08-21,726.72,residential,India
1,2069-08-22,732.13,residential,India
1,2069-08-23,730.98,residential,India
1,2069-08-24,758.85,residential,India
1,2069-08-25,720.87,residential,India
1,2069-08-26,766.88,residential,India
1,2069-08-27,730.6,residential,India
1,2069-08-28,753.12,residential,India
1,2069-08-29,761.6,residential,India
1,2069-08-30,771.41,residential,India
1,2069-08-31,706.6,residential,India
1,2069-09-01,762.93,residential,India
1,2069-09-02,742.86,residential,India
1,2069-09-03,726.45,residential,India
1,2069-09-04,700.66,residential,India
1,2069-09-05,769.77,residential,India
1,2069-09-06,739.79,residential,India
1,2069-09-07,703.99,residential,India
1,2069-09-08,770.51,residential,India
1,2069-09-09,748.3,residential,India
1,2069-09-10,773.07,residential,India
1,2069-09-11,731.96,residential,India
1,2069-09-12,721.73,residential,India
1,2069-09-13,764.98,residential,India
1,2069-09-14,753.29,residential,India
1,2069-09-15,771.64,residential,India
1,2069-09-16,730.49,residential,India
1,2069-09-17,714.0,residential,India
1,2069-09-18,769.45,residential,India
1,2069-09-19,757.91,residential,India
1,2069-09-20,717.86,residential,India
1,2069-09-21,742.5,residential,India
1,2069-09-22,741.73,residential,India
1,2069-09-23,707.18,residential,India
1,2069-09-24,714.82,residential,India
1,2069-09-25,719.47,residential,India
1,2069-09-26,720.54,residential,India
1,2069-09-27,722.74,residential,India
1,2069-09-28,742.47,residential,India
1,2069-09-29,736.64,residential,India
1,2069-09-30,711.5,residential,India
1,2069-10-01,735.29,residential,India
1,2069-10-02,771.2,residential,India
1,2069-10-03,721.23,residential,India
1,2069-10-04,789.83,residential,India
1,2069-10-05,734.89,residential,India
1,2069-10-06,774.64,residential,India
1,2069-10-07,739.74,residential,India
1,2069-10-08,743.98,residential,India
1,2069-10-09,780.29,residential,India
1,2069-10-10,729.2,residential,India
1,2069-10-11,728.09,residential,India
1,2069-10-12,750.55,residential,India
1,2069-10-13,760.55,residential,India
1,2069-10-14,728.89,residential,India
1,2069-10-15,731.2,residential,India
1,2069-10-16,746.62,residential,India
1,2069-10-17,759.9,residential,India
1,2069-10-18,745.31,residential,India
1,2069-10-19,704.85,residential,India
1,2069-10-20,771.19,residential,India
1,2069-10-21,746.76,residential,India
1,2069-10-22,754.6,residential,India
1,2069-10-23,741.27,residential,India
1,2069-10-24,734.44,residential,India
1,2069-10-25,755.58,residential,India
1,2069-10-26,730.05,residential,India
1,2069-10-27,706.14,residential,India
1,2069-10-28,758.11,residential,India
1,2069-10-29,753.64,residential,India
1,2069-10-30,741.92,residential,India
1,2069-10-31,775.39,residential,India
1,2069-11-01,729.31,residential,India
1,2069-11-02,736.19,residential,India
1,2069-11-03,758.03,residential,India
1,2069-11-04,729.79,residential,India
1,2069-11-05,772.44,residential,India
1,2069-11-06,746.99,residential,India
1,2069-11-07,745.36,residential,India
1,2069-11-08,748.04,residential,India
1,2069-11-09,757.78,residential,India
1,2069-11-10,734.01,residential,India
1,2069-11-11,774.88,residential,India
1,2069-11-12,753.14,residential,India
1,2069-11-13,723.58,residential,India
1,2069-11-14,772.66,residential,India
1,2069-11-15,750.29,residential,India
1,2069-11-16,711.73,residential,India
1,2069-11-17,741.15,residential,India
1,2069-11-18,730.85,residential,India
1,2069-11-19,744.95,residential,India
1,2069-11-20,770.09,residential,India
1,2069-11-21,761.83,residential,India
1,2069-11-22,715.98,residential,India
1,2069-11-23,761.23,residential,India
1,2069-11-24,743.33,residential,India
1,2069-11-25,780.89,residential,India
1,2069-11-26,725.82,residential,India
1,2069-11-27,785.04,residential,India
1,2069-11-28,735.78,residential,India
1,2069-11-29,747.27,residential,India
1,2069-11-30,702.56,residential,India
1,2069-12-01,743.42,residential,India
1,2069-12-02,774.44,residential,India
1,2069-12-03,740.6,residential,India
1,2069-12-04,708.11,residential,India
1,2069-12-05,701.73,residential,India
1,2069-12-06,728.91,residential,India
1,2069-12-07,706.43,residential,India
1,2069-12-08,732.14,residential,India
1,2069-12-09,727.65,residential,India
1,2069-12-10,750.15,residential,India
1,2069-12-11,711.67,residential,India
1,2069-12-12,704.39,residential,India
1,2069-12-13,743.48,residential,India
1,2069-12-14,721.57,residential,India
1,2069-12-15,774.94,residential,India
1,2069-12-16,742.4,residential,India
1,2069-12-17,748.81,residential,India
1,2069-12-18,715.32,residential,India
1,2069-12-19,732.19,residential,India
1,2069-12-20,717.53,residential,India
1,2069-12-21,761.56,residential,India
1,2069-12-22,707.18,residential,India
1,2069-12-23,749.1,residential,India
1,2069-12-24,741.09,residential,India
1,2069-12-25,739.58,residential,India
1,2069-12-26,732.38,residential,India
1,2069-12-27,732.34,residential,India
1,2069-12-28,732.74,residential,India
1,2069-12-29,743.12,residential,India
1,2069-12-30,729.6,residential,India
1,2069-12-31,718.86,residential,India
1,2070-01-01,726.46,residential,India
1,2070-01-02,695.14,residential,India
1,2070-01-03,732.68,residential,India
1,2070-01-04,716.93,residential,India
1,2070-01-05,724.37,residential,India
1,2070-01-06,763.74,residential,India
1,2070-01-07,763.7,residential,India
1,2070-01-08,762.18,residential,India
1,2070-01-09,743.98,residential,India
1,2070-01-10,719.72,residential,India
1,2070-01-11,757.76,residential,India
1,2070-01-12,727.41,residential,India
1,2070-01-13,768.63,residential,India
1,2070-01-14,722.46,residential,India
1,2070-01-15,733.74,residential,India
1,2070-01-16,709.0,residential,India
1,2070-01-17,718.3,residential,India
1,2070-01-18,759.2,residential,India
1,2070-01-19,754.53,residential,India
1,2070-01-20,731.36,residential,India
1,2070-01-21,762.76,residential,India
1,2070-01-22,735.92,residential,India
1,2070-01-23,752.37,residential,India
1,2070-01-24,725.92,residential,India
1,2070-01-25,719.44,residential,India
1,2070-01-26,744.29,residential,India
1,2070-01-27,758.52,residential,India
1,2070-01-28,753.76,residential,India
1,2070-01-29,756.58,residential,India
1,2070-01-30,769.89,residential,India
1,2070-01-31,712.17,residential,India
1,2070-02-01,740.02,residential,India
1,2070-02-02,743.88,residential,India
1,2070-02-03,753.2,residential,India
1,2070-02-04,729.77,residential,India
1,2070-02-05,753.21,residential,India
1,2070-02-06,786.77,residential,India
1,2070-02-07,702.67,residential,India
1,2070-02-08,728.04,residential,India
1,2070-02-09,731.6,residential,India
1,2070-02-10,699.94,residential,India
1,2070-02-11,753.6,residential,India
1,2070-02-12,736.36,residential,India
1,2070-02-13,723.63,residential,India
1,2070-02-14,746.82,residential,India
1,2070-02-15,714.83,residential,India
1,2070-02-16,701.41,residential,India
1,2070-02-17,735.35,residential,India
1,2070-02-18,742.16,residential,India
1,2070-02-19,717.73,residential,India
1,2070-02-20,737.33,residential,India
1,2070-02-21,725.68,residential,India
1,2070-02-22,731.03,residential,India
1,2070-02-23,709.0,residential,India
1,2070-02-24,751.92,residential,India
1,2070-02-25,802.13,residential,India
1,2070-02-26,727.56,residential,India
1,2070-02-27,739.35,residential,India
1,2070-02-28,732.7,residential,India
1,2070-03-01,754.33,residential,India
1,2070-03-02,703.76,residential,India
1,2070-03-03,773.01,residential,India
1,2070-03-04,734.63,residential,India
1,2070-03-05,736.91,residential,India
1,2070-03-06,700.63,residential,India
1,2070-03-07,744.53,residential,India
1,2070-03-08,720.76,residential,India
1,2070-03-09,729.57,residential,India
1,2070-03-10,741.05,residential,India
1,2070-03-11,736.38,residential,India
1,2070-03-12,730.79,residential,India
1,2070-03-13,719.89,residential,India
1,2070-03-14,681.5,residential,India
1,2070-03-15,740.07,residential,India
1,2070-03-16,733.87,residential,India
1,2070-03-17,728.04,residential,India
1,2070-03-18,714.24,residential,India
1,2070-03-19,734.91,residential,India
1,2070-03-20,778.38,residential,India
1,2070-03-21,728.64,residential,India
1,2070-03-22,742.71,residential,India
1,2070-03-23,723.08,residential,India
1,2070-03-24,738.52,residential,India
1,2070-03-25,739.79,residential,India
1,2070-03-26,739.61,residential,India
1,2070-03-27,714.93,residential,India
1,2070-03-28,737.65,residential,India
1,2070-03-29,727.04,residential,India
1,2070-03-30,720.98,residential,India
1,2070-03-31,711.92,residential,India
1,2070-04-01,707.87,residential,India
1,2070-04-02,750.61,residential,India
1,2070-04-03,702.42,residential,India
1,2070-04-04,755.57,residential,India
1,2070-04-05,742.9,residential,India
1,2070-04-06,735.39,residential,India
1,2070-04-07,700.99,residential,India
1,2070-04-08,739.04,residential,India
1,2070-04-09,728.31,residential,India
1,2070-04-10,770.42,residential,India
1,2070-04-11,685.87,residential,India
1,2070-04-12,737.71,residential,India
1,2070-04-13,734.18,residential,India
1,2070-04-14,735.47,residential,India
1,2070-04-15,741.25,residential,India
1,2070-04-16,729.6,residential,India
1,2070-04-17,790.16,residential,India
1,2070-04-18,697.23,residential,India
1,2070-04-19,725.9,residential,India
1,2070-04-20,763.56,residential,India
1,2070-04-21,733.32,residential,India
1,2070-04-22,734.47,residential,India
1,2070-04-23,768.93,residential,India
1,2070-04-24,741.61,residential,India
1,2070-04-25,730.23,residential,India
1,2070-04-26,716.32,residential,India
1,2070-04-27,722.31,residential,India
1,2070-04-28,732.16,residential,India
1,2070-04-29,730.18,residential,India
1,2070-04-30,716.78,residential,India
1,2070-05-01,688.47,residential,India
1,2070-05-02,752.05,residential,India
1,2070-05-03,762.12,residential,India
1,2070-05-04,738.69,residential,India
1,2070-05-05,751.4,residential,India
1,2070-05-06,749.44,residential,India
1,2070-05-07,671.83,residential,India
1,2070-05-08,721.45,residential,India
1,2070-05-09,729.29,residential,India
1,2070-05-10,707.22,residential,India
1,2070-05-11,718.21,residential,India
1,2070-05-12,722.49,residential,India
1,2070-05-13,727.09,residential,India
1,2070-05-14,706.07,residential,India
1,2070-05-15,698.47,residential,India
1,2070-05-16,735.38,residential,India
1,2070-05-17,748.23,residential,India
1,2070-05-18,737.36,residential,India
1,2070-05-19,750.57,residential,India
1,2070-05-20,716.46,residential,India
1,2070-05-21,740.4,residential,India
1,2070-05-22,755.91,residential,India
1,2070-05-23,718.15,residential,India
1,2070-05-24,729.02,residential,India
1,2070-05-25,728.06,residential,India
1,2070-05-26,716.83,residential,India
1,2070-05-27,723.07,residential,India
1,2070-05-28,737.85,residential,India
1,2070-05-29,713.36,residential,India
1,2070-05-30,762.58,residential,India
1,2070-05-31,736.23,residential,India
1,2070-06-01,746.08,residential,India
1,2070-06-02,761.4,residential,India
1,2070-06-03,714.4,residential,India
1,2070-06-04,749.06,residential,India
1,2070-06-05,713.66,residential,India
1,2070-06-06,687.09,residential,India
1,2070-06-07,734.72,residential,India
1,2070-06-08,718.82,residential,India
1,2070-06-09,746.94,residential,India
1,2070-06-10,702.5,residential,India
1,2070-06-11,724.89,residential,India
1,2070-06-12,698.91,residential,India
1,2070-06-13,701.99,residential,India
1,2070-06-14,702.67,residential,India
1,2070-06-15,701.22,residential,India
1,2070-06-16,739.9,residential,India
1,2070-06-17,758.58,residential,India
1,2070-06-18,751.77,residential,India
1,2070-06-19,739.7,residential,India
1,2070-06-20,678.44,residential,India
1,2070-06-21,768.93,residential,India
1,2070-06-22,720.16,residential,India
1,2070-06-23,729.56,residential,India
1,2070-06-24,741.42,residential,India
1,2070-06-25,726.67,residential,India
1,2070-06-26,694.84,residential,India
1,2070-06-27,728.94,residential,India
1,2070-06-28,710.9,residential,India
1,2070-06-29,731.29,residential,India
1,2070-06-30,746.16,residential,India
1,2070-07-01,730.44,residential,India
1,2070-07-02,709.81,residential,India
1,2070-07-03,729.88,residential,India
1,2070-07-04,784.64,residential,India
1,2070-07-05,763.55,residential,India
1,2070-07-06,723.88,residential,India
1,2070-07-07,743.11,residential,India
1,2070-07-08,740.55,residential,India
1,2070-07-09,754.55,residential,India
1,2070-07-10,718.49,residential,India
1,2070-07-11,735.79,residential,India
1,2070-07-12,763.87,residential,India
1,2070-07-13,729.21,residential,India
1,2070-07-14,729.4,residential,India
1,2070-07-15,747.26,residential,India
1,2070-07-16,757.74,residential,India
1,2070-07-17,710.12,residential,India
1,2070-07-18,763.51,residential,India
1,2070-07-19,700.09,residential,India
1,2070-07-20,723.97,residential,India
1,2070-07-21,711.86,residential,India
1,2070-07-22,747.76,residential,India
1,2070-07-23,716.55,residential,India
1,2070-07-24,728.33,residential,India
1,2070-07-25,720.53,residential,India
1,2070-07-26,724.67,residential,India
1,2070-07-27,755.78,residential,India
1,2070-07-28,741.79,residential,India
1,2070-07-29,720.2,residential,India
1,2070-07-30,696.85,residential,India
1,2070-07-31,761.88,residential,India
1,2070-08-01,745.98,residential,India
1,2070-08-02,677.55,residential,India
1,2070-08-03,743.18,residential,India
1,2070-08-04,687.27,residential,India
1,2070-08-05,708.08,residential,India
1,2070-08-06,704.16,residential,India
1,2070-08-07,748.04,residential,India
1,2070-08-08,734.08,residential,India
1,2070-08-09,738.58,residential,India
1,2070-08-10,708.09,residential,India
1,2070-08-11,720.18,residential,India
1,2070-08-12,701.29,residential,India
1,2070-08-13,713.89,residential,India
1,2070-08-14,709.98,residential,India
1,2070-08-15,728.93,residential,India
1,2070-08-16,706.23,residential,India
1,2070-08-17,683.29,residential,India
1,2070-08-18,707.02,residential,India
1,2070-08-19,722.9,residential,India
1,2070-08-20,723.75,residential,India
1,2070-08-21,706.24,residential,India
1,2070-08-22,705.34,residential,India
1,2070-08-23,724.59,residential,India
1,2070-08-24,731.38,residential,India
1,2070-08-25,720.44,residential,India
1,2070-08-26,739.17,residential,India
1,2070-08-27,757.36,residential,India
1,2070-08-28,716.65,residential,India
1,2070-08-29,709.82,residential,India
1,2070-08-30,714.07,residential,India
1,2070-08-31,740.36,residential,India
1,2070-09-01,680.41,residential,India
1,2070-09-02,697.72,residential,India
1,2070-09-03,760.95,residential,India
1,2070-09-04,736.39,residential,India
1,2070-09-05,702.57,residential,India
1,2070-09-06,708.16,residential,India
1,2070-09-07,737.74,residential,India
1,2070-09-08,711.97,residential,India
1,2070-09-09,711.83,residential,India
1,2070-09-10,729.77,residential,India
1,2070-09-11,704.64,residential,India
1,2070-09-12,708.43,residential,India
1,2070-09-13,735.94,residential,India
1,2070-09-14,761.12,residential,India
1,2070-09-15,684.26,residential,India
1,2070-09-16,745.05,residential,India
1,2070-09-17,766.39,residential,India
1,2070-09-18,736.6,residential,India
1,2070-09-19,735.93,residential,India
1,2070-09-20,725.59,residential,India
1,2070-09-21,735.37,residential,India
1,2070-09-22,738.96,residential,India
1,2070-09-23,740.01,residential,India
1,2070-09-24,709.78,residential,India
1,2070-09-25,712.23,residential,India
1,2070-09-26,741.62,residential,India
1,2070-09-27,718.18,residential,India
1,2070-09-28,709.53,residential,India
1,2070-09-29,757.0,residential,India
1,2070-09-30,734.2,residential,India
1,2070-10-01,691.56,residential,India
1,2070-10-02,742.72,residential,India
1,2070-10-03,686.29,residential,India
1,2070-10-04,716.32,residential,India
1,2070-10-05,741.2,residential,India
1,2070-10-06,743.4,residential,India
1,2070-10-07,712.32,residential,India
1,2070-10-08,744.48,residential,India
1,2070-10-09,721.87,residential,India
1,2070-10-10,701.43,residential,India
1,2070-10-11,690.14,residential,India
1,2070-10-12,740.84,residential,India
1,2070-10-13,712.89,residential,India
1,2070-10-14,723.13,residential,India
1,2070-10-15,717.68,residential,India
1,2070-10-16,715.31,residential,India
1,2070-10-17,765.8,residential,India
1,2070-10-18,715.99,residential,India
1,2070-10-19,717.86,residential,India
1,2070-10-20,734.07,residential,India
1,2070-10-21,698.78,residential,India
1,2070-10-22,685.44,residential,India
1,2070-10-23,733.01,residential,India
1,2070-10-24,718.23,residential,India
1,2070-10-25,750.95,residential,India
1,2070-10-26,691.78,residential,India
1,2070-10-27,736.91,residential,India
1,2070-10-28,710.59,residential,India
1,2070-10-29,727.6,residential,India
1,2070-10-30,682.15,residential,India
1,2070-10-31,757.41,residential,India
1,2070-11-01,717.22,residential,India
1,2070-11-02,687.34,residential,India
1,2070-11-03,704.11,residential,India
1,2070-11-04,735.43,residential,India
1,2070-11-05,705.2,residential,India
1,2070-11-06,708.43,residential,India
1,2070-11-07,696.96,residential,India
1,2070-11-08,702.33,residential,India
1,2070-11-09,740.1,residential,India
1,2070-11-10,707.24,residential,India
1,2070-11-11,691.6,residential,India
1,2070-11-12,736.71,residential,India
1,2070-11-13,709.64,residential,India
1,2070-11-14,703.46,residential,India
1,2070-11-15,735.71,residential,India
1,2070-11-16,721.02,residential,India
1,2070-11-17,740.98,residential,India
1,2070-11-18,712.24,residential,India
1,2070-11-19,721.77,residential,India
1,2070-11-20,726.86,residential,India
1,2070-11-21,741.0,residential,India
1,2070-11-22,683.18,residential,India
1,2070-11-23,730.67,residential,India
1,2070-11-24,729.79,residential,India
1,2070-11-25,675.65,residential,India
1,2070-11-26,693.47,residential,India
1,2070-11-27,715.64,residential,India
1,2070-11-28,735.87,residential,India
1,2070-11-29,723.86,residential,India
1,2070-11-30,704.72,residential,India
1,2070-12-01,714.88,residential,India
1,2070-12-02,687.28,residential,India
1,2070-12-03,711.83,residential,India
1,2070-12-04,685.66,residential,India
1,2070-12-05,716.0,residential,India
1,2070-12-06,720.23,residential,India
1,2070-12-07,732.0,residential,India
1,2070-12-08,681.65,residential,India
1,2070-12-09,712.7,residential,India
1,2070-12-10,727.3,residential,India
1,2070-12-11,724.05,residential,India
1,2070-12-12,732.95,residential,India
1,2070-12-13,714.59,residential,India
1,2070-12-14,707.6,residential,India
1,2070-12-15,683.21,residential,India
1,2070-12-16,725.26,residential,India
1,2070-12-17,736.2,residential,India
1,2070-12-18,741.67,residential,India
1,2070-12-19,719.38,residential,India
1,2070-12-20,712.71,residential,India
1,2070-12-21,685.27,residential,India
1,2070-12-22,718.8,residential,India
1,2070-12-23,663.78,residential,India
1,2070-12-24,711.94,residential,India
1,2070-12-25,745.35,residential,India
1,2070-12-26,716.29,residential,India
1,2070-12-27,691.46,residential,India
1,2070-12-28,695.64,residential,India
1,2070-12-29,706.87,residential,India
1,2070-12-30,699.01,residential,India
1,2070-12-31,706.13,residential,India
1,2071-01-01,682.18,residential,India
1,2071-01-02,719.5,residential,India
1,2071-01-03,693.36,residential,India
1,2071-01-04,750.29,residential,India
1,2071-01-05,697.1,residential,India
1,2071-01-06,747.5,residential,India
1,2071-01-07,685.42,residential,India
1,2071-01-08,681.0,residential,India
1,2071-01-09,706.82,residential,India
1,2071-01-10,731.35,residential,India
1,2071-01-11,717.84,residential,India
1,2071-01-12,700.22,residential,India
1,2071-01-13,674.47,residential,India
1,2071-01-14,732.65,residential,India
1,2071-01-15,749.08,residential,India
1,2071-01-16,669.26,residential,India
1,2071-01-17,716.46,residential,India
1,2071-01-18,721.35,residential,India
1,2071-01-19,707.7,residential,India
1,2071-01-20,682.2,residential,India
1,2071-01-21,696.89,residential,India
1,2071-01-22,701.31,residential,India
1,2071-01-23,728.86,residential,India
1,2071-01-24,720.96,residential,India
1,2071-01-25,733.23,residential,India
1,2071-01-26,711.49,residential,India
1,2071-01-27,704.84,residential,India
1,2071-01-28,725.59,residential,India
1,2071-01-29,720.08,residential,India
1,2071-01-30,707.78,residential,India
1,2071-01-31,717.63,residential,India
1,2071-02-01,723.33,residential,India
1,2071-02-02,656.47,residential,India
1,2071-02-03,724.07,residential,India
1,2071-02-04,726.34,residential,India
1,2071-02-05,730.27,residential,India
1,2071-02-06,716.6,residential,India
1,2071-02-07,696.93,residential,India
1,2071-02-08,715.34,residential,India
1,2071-02-09,734.03,residential,India
1,2071-02-10,722.43,residential,India
1,2071-02-11,722.34,residential,India
1,2071-02-12,723.9,residential,India
1,2071-02-13,733.95,residential,India
1,2071-02-14,692.92,residential,India
1,2071-02-15,706.17,residential,India
1,2071-02-16,746.12,residential,India
1,2071-02-17,684.98,residential,India
1,2071-02-18,716.9,residential,India
1,2071-02-19,691.82,residential,India
1,2071-02-20,718.03,residential,India
1,2071-02-21,709.56,residential,India
1,2071-02-22,707.55,residential,India
1,2071-02-23,718.31,residential,India
1,2071-02-24,696.14,residential,India
1,2071-02-25,708.93,residential,India
1,2071-02-26,683.03,residential,India
1,2071-02-27,695.76,residential,India
1,2071-02-28,708.29,residential,India
1,2071-03-01,697.97,residential,India
1,2071-03-02,720.47,residential,India
1,2071-03-03,743.44,residential,India
1,2071-03-04,724.95,residential,India
1,2071-03-05,736.58,residential,India
1,2071-03-06,708.1,residential,India
1,2071-03-07,705.76,residential,India
1,2071-03-08,690.75,residential,India
1,2071-03-09,710.32,residential,India
1,2071-03-10,724.65,residential,India
1,2071-03-11,745.92,residential,India
1,2071-03-12,726.11,residential,India
1,2071-03-13,725.89,residential,India
1,2071-03-14,669.37,residential,India
1,2071-03-15,708.5,residential,India
1,2071-03-16,718.67,residential,India
1,2071-03-17,725.8,residential,India
1,2071-03-18,719.16,residential,India
1,2071-03-19,721.14,residential,India
1,2071-03-20,696.73,residential,India
1,2071-03-21,669.6,residential,India
1,2071-03-22,690.88,residential,India
1,2071-03-23,720.26,residential,India
1,2071-03-24,722.26,residential,India
1,2071-03-25,731.52,residential,India
1,2071-03-26,691.6,residential,India
1,2071-03-27,725.68,residential,India
1,2071-03-28,704.19,residential,India
1,2071-03-29,660.61,residential,India
1,2071-03-30,689.72,residential,India
1,2071-03-31,668.2,residential,India
1,2071-04-01,675.3,residential,India
1,2071-04-02,729.49,residential,India
1,2071-04-03,671.79,residential,India
1,2071-04-04,711.44,residential,India
1,2071-04-05,689.11,residential,India
1,2071-04-06,692.76,residential,India
1,2071-04-07,703.29,residential,India
1,2071-04-08,724.06,residential,India
1,2071-04-09,683.45,residential,India
1,2071-04-10,724.43,residential,India
1,2071-04-11,681.4,residential,India
1,2071-04-12,733.71,residential,India
1,2071-04-13,714.03,residential,India
1,2071-04-14,700.95,residential,India
1,2071-04-15,732.16,residential,India
1,2071-04-16,694.67,residential,India
1,2071-04-17,714.44,residential,India
1,2071-04-18,692.53,residential,India
1,2071-04-19,712.63,residential,India
1,2071-04-20,722.61,residential,India
1,2071-04-21,678.66,residential,India
1,2071-04-22,735.29,residential,India
1,2071-04-23,739.31,residential,India
1,2071-04-24,704.59,residential,India
1,2071-04-25,680.49,residential,India
1,2071-04-26,714.49,residential,India
1,2071-04-27,695.74,residential,India
1,2071-04-28,689.83,residential,India
1,2071-04-29,702.42,residential,India
1,2071-04-30,690.5,residential,India
1,2071-05-01,695.2,residential,India
1,2071-05-02,688.08,residential,India
1,2071-05-03,660.08,residential,India
1,2071-05-04,686.35,residential,India
1,2071-05-05,712.76,residential,India
1,2071-05-06,682.86,residential,India
1,2071-05-07,676.49,residential,India
1,2071-05-08,709.1,residential,India
1,2071-05-09,717.22,residential,India
1,2071-05-10,708.54,residential,India
1,2071-05-11,700.57,residential,India
1,2071-05-12,694.54,residential,India
1,2071-05-13,692.56,residential,India
1,2071-05-14,703.75,residential,India
1,2071-05-15,678.06,residential,India
1,2071-05-16,688.2,residential,India
1,2071-05-17,690.57,residential,India
1,2071-05-18,685.57,residential,India
1,2071-05-19,715.29,residential,India
1,2071-05-20,712.24,residential,India
1,2071-05-21,744.11,residential,India
1,2071-05-22,709.16,residential,India
1,2071-05-23,701.97,residential,India
1,2071-05-24,698.77,residential,India
1,2071-05-25,699.74,residential,India
1,2071-05-26,700.36,residential,India
1,2071-05-27,731.52,residential,India
1,2071-05-28,672.93,residential,India
1,2071-05-29,698.44,residential,India
1,2071-05-30,717.74,residential,India
1,2071-05-31,683.96,residential,India
1,2071-06-01,724.47,residential,India
1,2071-06-02,705.22,residential,India
1,2071-06-03,707.42,residential,India
1,2071-06-04,705.89,residential,India
1,2071-06-05,698.32,residential,India
1,2071-06-06,684.87,residential,India
1,2071-06-07,671.4,residential,India
1,2071-06-08,694.43,residential,India
1,2071-06-09,707.0,residential,India
1,2071-06-10,694.98,residential,India
1,2071-06-11,712.69,residential,India
1,2071-06-12,691.12,residential,India
1,2071-06-13,699.71,residential,India
1,2071-06-14,685.84,residential,India
1,2071-06-15,664.18,residential,India
1,2071-06-16,724.99,residential,India
1,2071-06-17,679.64,residential,India
1,2071-06-18,714.0,residential,India
1,2071-06-19,693.36,residential,India
1,2071-06-20,706.98,residential,India
1,2071-06-21,713.75,residential,India
1,2071-06-22,724.71,residential,India
1,2071-06-23,681.58,residential,India
1,2071-06-24,716.42,residential,India
1,2071-06-25,708.34,residential,India
1,2071-06-26,687.46,residential,India
1,2071-06-27,691.57,residential,India
1,2071-06-28,650.13,residential,India
1,2071-06-29,687.41,residential,India
1,2071-06-30,660.78,residential,India
1,2071-07-01,670.1,residential,India
1,2071-07-02,714.07,residential,India
1,2071-07-03,703.76,residential,India
1,2071-07-04,685.43,residential,India
1,2071-07-05,712.69,residential,India
1,2071-07-06,699.91,residential,India
1,2071-07-07,700.05,residential,India
1,2071-07-08,724.55,residential,India
1,2071-07-09,689.54,residential,India
1,2071-07-10,717.62,residential,India
1,2071-07-11,705.75,residential,India
1,2071-07-12,659.15,residential,India
1,2071-07-13,684.08,residential,India
1,2071-07-14,683.62,residential,India
1,2071-07-15,710.38,residential,India
1,2071-07-16,669.64,residential,India
1,2071-07-17,705.61,residential,India
1,2071-07-18,689.12,residential,India
1,2071-07-19,686.92,residential,India
1,2071-07-20,703.34,residential,India
1,2071-07-21,709.08,residential,India
1,2071-07-22,671.36,residential,India
1,2071-07-23,689.09,residential,India
1,2071-07-24,695.12,residential,India
1,2071-07-25,675.87,residential,India
1,2071-07-26,713.09,residential,India
1,2071-07-27,672.2,residential,India
1,2071-07-28,657.65,residential,India
1,2071-07-29,724.08,residential,India
1,2071-07-30,691.5,residential,India
1,2071-07-31,688.01,residential,India
1,2071-08-01,680.15,residential,India
1,2071-08-02,693.9,residential,India
1,2071-08-03,692.48,residential,India
1,2071-08-04,705.41,residential,India
1,2071-08-05,664.85,residential,India
1,2071-08-06,689.77,residential,India
1,2071-08-07,669.65,residential,India
1,2071-08-08,730.62,residential,India
1,2071-08-09,647.46,residential,India
1,2071-08-10,706.69,residential,India
1,2071-08-11,689.55,residential,India
1,2071-08-12,693.7,residential,India
1,2071-08-13,698.83,residential,India
1,2071-08-14,647.66,residential,India
1,2071-08-15,700.64,residential,India
1,2071-08-16,682.3,residential,India
1,2071-08-17,695.95,residential,India
1,2071-08-18,695.71,residential,India
1,2071-08-19,724.7,residential,India
1,2071-08-20,701.93,residential,India
1,2071-08-21,720.86,residential,India
1,2071-08-22,673.38,residential,India
1,2071-08-23,680.42,residential,India
1,2071-08-24,688.36,residential,India
1,2071-08-25,686.47,residential,India
1,2071-08-26,695.83,residential,India
1,2071-08-27,667.93,residential,India
1,2071-08-28,696.8,residential,India
1,2071-08-29,671.04,residential,India
1,2071-08-30,710.95,residential,India
1,2071-08-31,702.98,residential,India
1,2071-09-01,687.51,residential,India
1,2071-09-02,687.78,residential,India
1,2071-09-03,697.81,residential,India
1,2071-09-04,659.19,residential,India
1,2071-09-05,667.58,residential,India
1,2071-09-06,685.36,residential,India
1,2071-09-07,688.72,residential,India
1,2071-09-08,646.66,residential,India
1,2071-09-09,695.41,residential,India
1,2071-09-10,716.22,residential,India
1,2071-09-11,664.38,residential,India
1,2071-09-12,700.81,residential,India
1,2071-09-13,695.58,residential,India
1,2071-09-14,706.35,residential,India
1,2071-09-15,649.7,residential,India
1,2071-09-16,708.22,residential,India
1,2071-09-17,692.79,residential,India
1,2071-09-18,670.6,residential,India
1,2071-09-19,699.77,residential,India
1,2071-09-20,677.67,residential,India
1,2071-09-21,703.66,residential,India
1,2071-09-22,678.65,residential,India
1,2071-09-23,718.47,residential,India
1,2071-09-24,692.26,residential,India
1,2071-09-25,672.32,residential,India
1,2071-09-26,671.7,residential,India
1,2071-09-27,700.73,residential,India
1,2071-09-28,700.9,residential,India
1,2071-09-29,725.02,residential,India
1,2071-09-30,695.1,residential,India
1,2071-10-01,684.52,residential,India
1,2071-10-02,676.25,residential,India
1,2071-10-03,691.68,residential,India
1,2071-10-04,712.78,residential,India
1,2071-10-05,691.38,residential,India
1,2071-10-06,689.41,residential,India
1,2071-10-07,683.74,residential,India
1,2071-10-08,661.74,residential,India
1,2071-10-09,678.99,residential,India
1,2071-10-10,694.77,residential,India
1,2071-10-11,717.52,residential,India
1,2071-10-12,670.76,residential,India
1,2071-10-13,690.1,residential,India
1,2071-10-14,698.36,residential,India
1,2071-10-15,669.11,residential,India
1,2071-10-16,691.79,residential,India
1,2071-10-17,692.57,residential,India
1,2071-10-18,667.78,residential,India
1,2071-10-19,689.37,residential,India
1,2071-10-20,673.39,residential,India
1,2071-10-21,662.32,residential,India
1,2071-10-22,679.11,residential,India
1,2071-10-23,648.22,residential,India
1,2071-10-24,679.27,residential,India
1,2071-10-25,675.36,residential,India
1,2071-10-26,659.85,residential,India
1,2071-10-27,696.02,residential,India
1,2071-10-28,626.44,residential,India
1,2071-10-29,646.46,residential,India
1,2071-10-30,680.94,residential,India
1,2071-10-31,691.19,residential,India
1,2071-11-01,675.82,residential,India
1,2071-11-02,687.17,residential,India
1,2071-11-03,676.21,residential,India
1,2071-11-04,692.86,residential,India
1,2071-11-05,703.7,residential,India
1,2071-11-06,660.64,residential,India
1,2071-11-07,641.82,residential,India
1,2071-11-08,666.63,residential,India
1,2071-11-09,710.58,residential,India
1,2071-11-10,660.19,residential,India
1,2071-11-11,663.89,residential,India
1,2071-11-12,667.93,residential,India
1,2071-11-13,651.27,residential,India
1,2071-11-14,695.02,residential,India
1,2071-11-15,660.88,residential,India
1,2071-11-16,710.03,residential,India
1,2071-11-17,703.04,residential,India
1,2071-11-18,695.54,residential,India
1,2071-11-19,684.06,residential,India
1,2071-11-20,693.86,residential,India
1,2071-11-21,703.56,residential,India
1,2071-11-22,663.58,residential,India
1,2071-11-23,692.23,residential,India
1,2071-11-24,671.06,residential,India
1,2071-11-25,692.0,residential,India
1,2071-11-26,653.41,residential,India
1,2071-11-27,652.28,residential,India
1,2071-11-28,671.47,residential,India
1,2071-11-29,668.22,residential,India
1,2071-11-30,682.01,residential,India
1,2071-12-01,717.23,residential,India
1,2071-12-02,671.83,residential,India
1,2071-12-03,689.86,residential,India
1,2071-12-04,688.66,residential,India
1,2071-12-05,723.67,residential,India
1,2071-12-06,656.21,residential,India
1,2071-12-07,638.2,residential,India
1,2071-12-08,658.06,residential,India
1,2071-12-09,667.74,residential,India
1,2071-12-10,691.7,residential,India
1,2071-12-11,705.23,residential,India
1,2071-12-12,733.55,residential,India
1,2071-12-13,695.02,residential,India
1,2071-12-14,685.16,residential,India
1,2071-12-15,666.53,residential,India
1,2071-12-16,679.05,residential,India
1,2071-12-17,673.65,residential,India
1,2071-12-18,690.14,residential,India
1,2071-12-19,660.61,residential,India
1,2071-12-20,627.78,residential,India
1,2071-12-21,645.96,residential,India
1,2071-12-22,700.87,residential,India
1,2071-12-23,675.2,residential,India
1,2071-12-24,675.6,residential,India
1,2071-12-25,663.9,residential,India
1,2071-12-26,646.42,residential,India
1,2071-12-27,677.89,residential,India
1,2071-12-28,673.57,residential,India
1,2071-12-29,681.6,residential,India
1,2071-12-30,636.19,residential,India
1,2071-12-31,691.59,residential,India
1,2072-01-01,683.82,residential,India
1,2072-01-02,665.3,residential,India
1,2072-01-03,688.28,residential,India
1,2072-01-04,696.67,residential,India
1,2072-01-05,681.69,residential,India
1,2072-01-06,695.97,residential,India
1,2072-01-07,679.5,residential,India
1,2072-01-08,696.63,residential,India
1,2072-01-09,688.98,residential,India
1,2072-01-10,656.33,residential,India
1,2072-01-11,656.01,residential,India
1,2072-01-12,661.72,residential,India
1,2072-01-13,672.45,residential,India
1,2072-01-14,671.35,residential,India
1,2072-01-15,684.17,residential,India
1,2072-01-16,646.43,residential,India
1,2072-01-17,677.84,residential,India
1,2072-01-18,728.44,residential,India
1,2072-01-19,678.05,residential,India
1,2072-01-20,669.97,residential,India
1,2072-01-21,662.88,residential,India
1,2072-01-22,699.81,residential,India
1,2072-01-23,707.86,residential,India
1,2072-01-24,694.92,residential,India
1,2072-01-25,716.87,residential,India
1,2072-01-26,663.22,residential,India
1,2072-01-27,660.3,residential,India
1,2072-01-28,663.51,residential,India
1,2072-01-29,712.15,residential,India
1,2072-01-30,698.11,residential,India
1,2072-01-31,680.22,residential,India
1,2072-02-01,676.09,residential,India
1,2072-02-02,668.76,residential,India
1,2072-02-03,675.48,residential,India
1,2072-02-04,677.96,residential,India
1,2072-02-05,675.33,residential,India
1,2072-02-06,671.72,residential,India
1,2072-02-07,643.24,residential,India
1,2072-02-08,684.58,residential,India
1,2072-02-09,667.83,residential,India
1,2072-02-10,680.05,residential,India
1,2072-02-11,679.47,residential,India
1,2072-02-12,645.73,residential,India
1,2072-02-13,700.61,residential,India
1,2072-02-14,671.14,residential,India
1,2072-02-15,680.98,residential,India
1,2072-02-16,665.46,residential,India
1,2072-02-17,674.52,residential,India
1,2072-02-18,650.73,residential,India
1,2072-02-19,631.25,residential,India
1,2072-02-20,652.23,residential,India
1,2072-02-21,667.93,residential,India
1,2072-02-22,671.18,residential,India
1,2072-02-23,717.97,residential,India
1,2072-02-24,670.67,residential,India
1,2072-02-25,670.31,residential,India
1,2072-02-26,687.56,residential,India
1,2072-02-27,670.05,residential,India
1,2072-02-28,671.69,residential,India
1,2072-02-29,666.48,residential,India
1,2072-03-01,657.61,residential,India
1,2072-03-02,676.59,residential,India
1,2072-03-03,696.62,residential,India
1,2072-03-04,630.1,residential,India
1,2072-03-05,657.45,residential,India
1,2072-03-06,696.4,residential,India
1,2072-03-07,693.49,residential,India
1,2072-03-08,669.1,residential,India
1,2072-03-09,691.0,residential,India
1,2072-03-10,680.53,residential,India
1,2072-03-11,664.4,residential,India
1,2072-03-12,669.21,residential,India
1,2072-03-13,669.41,residential,India
1,2072-03-14,698.56,residential,India
1,2072-03-15,723.11,residential,India
1,2072-03-16,673.61,residential,India
1,2072-03-17,681.29,residential,India
1,2072-03-18,676.73,residential,India
1,2072-03-19,656.83,residential,India
1,2072-03-20,637.91,residential,India
1,2072-03-21,694.18,residential,India
1,2072-03-22,661.07,residential,India
1,2072-03-23,634.54,residential,India
1,2072-03-24,658.27,residential,India
1,2072-03-25,655.31,residential,India
1,2072-03-26,689.94,residential,India
1,2072-03-27,678.0,residential,India
1,2072-03-28,647.52,residential,India
1,2072-03-29,659.97,residential,India
1,2072-03-30,659.81,residential,India
1,2072-03-31,643.17,residential,India
1,2072-04-01,659.48,residential,India
1,2072-04-02,669.03,residential,India
1,2072-04-03,706.17,residential,India
1,2072-04-04,655.23,residential,India
1,2072-04-05,666.27,residential,India
1,2072-04-06,649.8,residential,India
1,2072-04-07,667.32,residential,India
1,2072-04-08,671.27,residential,India
1,2072-04-09,690.51,residential,India
1,2072-04-10,683.69,residential,India
1,2072-04-11,643.71,residential,India
1,2072-04-12,671.76,residential,India
1,2072-04-13,695.95,residential,India
1,2072-04-14,630.96,residential,India
1,2072-04-15,652.78,residential,India
1,2072-04-16,668.34,residential,India
1,2072-04-17,674.54,residential,India
1,2072-04-18,681.0,residential,India
1,2072-04-19,665.42,residential,India
1,2072-04-20,661.55,residential,India
1,2072-04-21,678.36,residential,India
1,2072-04-22,705.42,residential,India
1,2072-04-23,683.16,residential,India
1,2072-04-24,669.98,residential,India
1,2072-04-25,695.75,residential,India
1,2072-04-26,674.12,residential,India
1,2072-04-27,661.19,residential,India
1,2072-04-28,657.91,residential,India
1,2072-04-29,670.33,residential,India
1,2072-04-30,648.14,residential,India
1,2072-05-01,677.56,residential,India
1,2072-05-02,705.68,residential,India
1,2072-05-03,652.36,residential,India
1,2072-05-04,672.36,residential,India
1,2072-05-05,640.03,residential,India
1,2072-05-06,695.11,residential,India
1,2072-05-07,667.39,residential,India
1,2072-05-08,706.23,residential,India
1,2072-05-09,681.39,residential,India
1,2072-05-10,643.37,residential,India
1,2072-05-11,665.26,residential,India
1,2072-05-12,639.76,residential,India
1,2072-05-13,640.5,residential,India
1,2072-05-14,681.73,residential,India
1,2072-05-15,694.39,residential,India
1,2072-05-16,659.72,residential,India
1,2072-05-17,669.48,residential,India
1,2072-05-18,639.77,residential,India
1,2072-05-19,689.67,residential,India
1,2072-05-20,646.91,residential,India
1,2072-05-21,674.81,residential,India
1,2072-05-22,642.29,residential,India
1,2072-05-23,655.75,residential,India
1,2072-05-24,649.65,residential,India
1,2072-05-25,686.08,residential,India
1,2072-05-26,666.39,residential,India
1,2072-05-27,661.32,residential,India
1,2072-05-28,677.93,residential,India
1,2072-05-29,654.31,residential,India
1,2072-05-30,643.53,residential,India
1,2072-05-31,646.09,residential,India
1,2072-06-01,654.39,residential,India
1,2072-06-02,683.81,residential,India
1,2072-06-03,676.14,residential,India
1,2072-06-04,645.86,residential,India
1,2072-06-05,664.88,residential,India
1,2072-06-06,666.63,residential,India
1,2072-06-07,673.77,residential,India
1,2072-06-08,680.45,residential,India
1,2072-06-09,640.55,residential,India
1,2072-06-10,635.4,residential,India
1,2072-06-11,695.81,residential,India
1,2072-06-12,661.26,residential,India
1,2072-06-13,668.19,residential,India
1,2072-06-14,681.79,residential,India
1,2072-06-15,696.45,residential,India
1,2072-06-16,665.12,residential,India
1,2072-06-17,640.98,residential,India
1,2072-06-18,658.11,residential,India
1,2072-06-19,676.36,residential,India
1,2072-06-20,647.93,residential,India
1,2072-06-21,681.69,residential,India
1,2072-06-22,691.74,residential,India
1,2072-06-23,698.98,residential,India
1,2072-06-24,614.71,residential,India
1,2072-06-25,654.12,residential,India
1,2072-06-26,649.74,residential,India
1,2072-06-27,682.41,residential,India
1,2072-06-28,654.31,residential,India
1,2072-06-29,656.23,residential,India
1,2072-06-30,705.36,residential,India
1,2072-07-01,679.64,residential,India
1,2072-07-02,675.76,residential,India
1,2072-07-03,673.83,residential,India
1,2072-07-04,650.38,residential,India
1,2072-07-05,661.19,residential,India
1,2072-07-06,659.49,residential,India
1,2072-07-07,677.91,residential,India
1,2072-07-08,677.88,residential,India
1,2072-07-09,679.89,residential,India
1,2072-07-10,693.29,residential,India
1,2072-07-11,632.68,residential,India
1,2072-07-12,660.96,residential,India
1,2072-07-13,650.09,residential,India
1,2072-07-14,638.49,residential,India
1,2072-07-15,678.99,residential,India
1,2072-07-16,655.57,residential,India
1,2072-07-17,640.11,residential,India
1,2072-07-18,678.88,residential,India
1,2072-07-19,631.58,residential,India
1,2072-07-20,662.6,residential,India
1,2072-07-21,654.73,residential,India
1,2072-07-22,624.17,residential,India
1,2072-07-23,690.35,residential,India
1,2072-07-24,665.14,residential,India
1,2072-07-25,649.36,residential,India
1,2072-07-26,640.48,residential,India
1,2072-07-27,654.24,residential,India
1,2072-07-28,665.4,residential,India
1,2072-07-29,670.5,residential,India
1,2072-07-30,669.81,residential,India
1,2072-07-31,624.91,residential,India
1,2072-08-01,640.36,residential,India
1,2072-08-02,659.16,residential,India
1,2072-08-03,673.14,residential,India
1,2072-08-04,638.39,residential,India
1,2072-08-05,671.62,residential,India
1,2072-08-06,695.88,residential,India
1,2072-08-07,653.31,residential,India
1,2072-08-08,652.39,residential,India
1,2072-08-09,674.86,residential,India
1,2072-08-10,633.36,residential,India
1,2072-08-11,684.47,residential,India
1,2072-08-12,618.96,residential,India
1,2072-08-13,659.21,residential,India
1,2072-08-14,673.23,residential,India
1,2072-08-15,663.41,residential,India
1,2072-08-16,678.52,residential,India
1,2072-08-17,660.76,residential,India
1,2072-08-18,671.95,residential,India
1,2072-08-19,659.64,residential,India
1,2072-08-20,688.22,residential,India
1,2072-08-21,683.23,residential,India
1,2072-08-22,671.21,residential,India
1,2072-08-23,668.55,residential,India
1,2072-08-24,636.99,residential,India
1,2072-08-25,682.92,residential,India
1,2072-08-26,646.72,residential,India
1,2072-08-27,693.13,residential,India
1,2072-08-28,682.74,residential,India
1,2072-08-29,673.6,residential,India
1,2072-08-30,657.89,residential,India
1,2072-08-31,652.65,residential,India
1,2072-09-01,656.61,residential,India
1,2072-09-02,667.86,residential,India
1,2072-09-03,659.87,residential,India
1,2072-09-04,638.08,residential,India
1,2072-09-05,640.31,residential,India
1,2072-09-06,642.0,residential,India
1,2072-09-07,676.7,residential,India
1,2072-09-08,656.05,residential,India
1,2072-09-09,646.19,residential,India
1,2072-09-10,659.73,residential,India
1,2072-09-11,629.58,residential,India
1,2072-09-12,696.87,residential,India
1,2072-09-13,671.75,residential,India
1,2072-09-14,661.4,residential,India
1,2072-09-15,620.87,residential,India
1,2072-09-16,642.34,residential,India
1,2072-09-17,672.65,residential,India
1,2072-09-18,667.46,residential,India
1,2072-09-19,601.41,residential,India
1,2072-09-20,652.1,residential,India
1,2072-09-21,663.23,residential,India
1,2072-09-22,670.29,residential,India
1,2072-09-23,703.43,residential,India
1,2072-09-24,655.35,residential,India
1,2072-09-25,683.8,residential,India
1,2072-09-26,653.5,residential,India
1,2072-09-27,643.06,residential,India
1,2072-09-28,677.11,residential,India
1,2072-09-29,670.92,residential,India
1,2072-09-30,639.38,residential,India
1,2072-10-01,636.34,residential,India
1,2072-10-02,648.45,residential,India
1,2072-10-03,628.42,residential,India
1,2072-10-04,680.46,residential,India
1,2072-10-05,675.86,residential,India
1,2072-10-06,680.09,residential,India
1,2072-10-07,666.0,residential,India
1,2072-10-08,644.5,residential,India
1,2072-10-09,630.41,residential,India
1,2072-10-10,662.28,residential,India
1,2072-10-11,642.4,residential,India
1,2072-10-12,655.81,residential,India
1,2072-10-13,665.58,residential,India
1,2072-10-14,658.5,residential,India
1,2072-10-15,684.66,residential,India
1,2072-10-16,667.55,residential,India
1,2072-10-17,654.57,residential,India
1,2072-10-18,661.77,residential,India
1,2072-10-19,674.38,residential,India
1,2072-10-20,659.49,residential,India
1,2072-10-21,656.25,residential,India
1,2072-10-22,654.26,residential,India
1,2072-10-23,661.78,residential,India
1,2072-10-24,620.28,residential,India
1,2072-10-25,687.62,residential,India
1,2072-10-26,661.2,residential,India
1,2072-10-27,640.16,residential,India
1,2072-10-28,673.29,residential,India
1,2072-10-29,652.67,residential,India
1,2072-10-30,621.6,residential,India
1,2072-10-31,674.37,residential,India
1,2072-11-01,638.54,residential,India
1,2072-11-02,628.32,residential,India
1,2072-11-03,631.45,residential,India
1,2072-11-04,670.82,residential,India
1,2072-11-05,669.74,residential,India
1,2072-11-06,621.13,residential,India
1,2072-11-07,668.2,residential,India
1,2072-11-08,675.98,residential,India
1,2072-11-09,656.02,residential,India
1,2072-11-10,670.11,residential,India
1,2072-11-11,671.14,residential,India
1,2072-11-12,666.07,residential,India
1,2072-11-13,642.02,residential,India
1,2072-11-14,652.21,residential,India
1,2072-11-15,704.25,residential,India
1,2072-11-16,629.72,residential,India
1,2072-11-17,668.46,residential,India
1,2072-11-18,649.48,residential,India
1,2072-11-19,639.43,residential,India
1,2072-11-20,682.54,residential,India
1,2072-11-21,660.92,residential,India
1,2072-11-22,677.06,residential,India
1,2072-11-23,675.43,residential,India
1,2072-11-24,674.8,residential,India
1,2072-11-25,639.36,residential,India
1,2072-11-26,664.62,residential,India
1,2072-11-27,683.68,residential,India
1,2072-11-28,670.1,residential,India
1,2072-11-29,633.34,residential,India
1,2072-11-30,677.2,residential,India
1,2072-12-01,691.41,residential,India
1,2072-12-02,633.36,residential,India
1,2072-12-03,664.66,residential,India
1,2072-12-04,672.73,residential,India
1,2072-12-05,610.05,residential,India
1,2072-12-06,686.79,residential,India
1,2072-12-07,642.03,residential,India
1,2072-12-08,666.13,residential,India
1,2072-12-09,667.83,residential,India
1,2072-12-10,667.27,residential,India
1,2072-12-11,651.91,residential,India
1,2072-12-12,675.66,residential,India
1,2072-12-13,611.33,residential,India
1,2072-12-14,666.59,residential,India
1,2072-12-15,651.58,residential,India
1,2072-12-16,662.99,residential,India
1,2072-12-17,669.19,residential,India
1,2072-12-18,681.59,residential,India
1,2072-12-19,652.44,residential,India
1,2072-12-20,661.53,residential,India
1,2072-12-21,693.16,residential,India
1,2072-12-22,669.19,residential,India
1,2072-12-23,689.34,residential,India
1,2072-12-24,671.7,residential,India
1,2072-12-25,661.5,residential,India
1,2072-12-26,636.49,residential,India
1,2072-12-27,676.52,residential,India
1,2072-12-28,672.5,residential,India
1,2072-12-29,674.3,residential,India
1,2072-12-30,680.95,residential,India
1,2072-12-31,660.86,residential,India
1,2073-01-01,643.48,residential,India
1,2073-01-02,629.48,residential,India
1,2073-01-03,655.54,residential,India
1,2073-01-04,668.97,residential,India
1,2073-01-05,698.04,residential,India
1,2073-01-06,670.65,residential,India
1,2073-01-07,648.23,residential,India
1,2073-01-08,661.11,residential,India
1,2073-01-09,634.99,residential,India
1,2073-01-10,682.06,residential,India
1,2073-01-11,676.32,residential,India
1,2073-01-12,616.13,residential,India
1,2073-01-13,664.17,residential,India
1,2073-01-14,666.7,residential,India
1,2073-01-15,680.23,residential,India
1,2073-01-16,662.7,residential,India
1,2073-01-17,690.81,residential,India
1,2073-01-18,650.97,residential,India
1,2073-01-19,662.5,residential,India
1,2073-01-20,705.59,residential,India
1,2073-01-21,643.47,residential,India
1,2073-01-22,637.22,residential,India
1,2073-01-23,655.86,residential,India
1,2073-01-24,631.79,residential,India
1,2073-01-25,693.21,residential,India
1,2073-01-26,669.0,residential,India
1,2073-01-27,684.29,residential,India
1,2073-01-28,686.77,residential,India
1,2073-01-29,651.78,residential,India
1,2073-01-30,687.91,residential,India
1,2073-01-31,667.7,residential,India
1,2073-02-01,652.59,residential,India
1,2073-02-02,680.39,residential,India
1,2073-02-03,660.15,residential,India
1,2073-02-04,635.62,residential,India
1,2073-02-05,635.46,residential,India
1,2073-02-06,647.29,residential,India
1,2073-02-07,683.21,residential,India
1,2073-02-08,684.08,residential,India
1,2073-02-09,645.72,residential,India
1,2073-02-10,682.0,residential,India
1,2073-02-11,659.17,residential,India
1,2073-02-12,663.26,residential,India
1,2073-02-13,667.18,residential,India
1,2073-02-14,678.36,residential,India
1,2073-02-15,677.23,residential,India
1,2073-02-16,621.38,residential,India
1,2073-02-17,707.8,residential,India
1,2073-02-18,647.43,residential,India
1,2073-02-19,643.76,residential,India
1,2073-02-20,634.1,residential,India
1,2073-02-21,657.01,residential,India
1,2073-02-22,657.6,residential,India
1,2073-02-23,643.14,residential,India
1,2073-02-24,666.8,residential,India
1,2073-02-25,628.19,residential,India
1,2073-02-26,647.36,residential,India
1,2073-02-27,668.96,residential,India
1,2073-02-28,623.72,residential,India
1,2073-03-01,675.18,residential,India
1,2073-03-02,648.09,residential,India
1,2073-03-03,671.51,residential,India
1,2073-03-04,621.68,residential,India
1,2073-03-05,660.98,residential,India
1,2073-03-06,634.93,residential,India
1,2073-03-07,650.04,residential,India
1,2073-03-08,657.92,residential,India
1,2073-03-09,652.65,residential,India
1,2073-03-10,674.38,residential,India
1,2073-03-11,628.85,residential,India
1,2073-03-12,670.32,residential,India
1,2073-03-13,646.32,residential,India
1,2073-03-14,631.46,residential,India
1,2073-03-15,659.8,residential,India
1,2073-03-16,653.46,residential,India
1,2073-03-17,669.2,residential,India
1,2073-03-18,712.49,residential,India
1,2073-03-19,663.11,residential,India
1,2073-03-20,636.82,residential,India
1,2073-03-21,683.0,residential,India
1,2073-03-22,645.75,residential,India
1,2073-03-23,684.52,residential,India
1,2073-03-24,685.83,residential,India
1,2073-03-25,664.74,residential,India
1,2073-03-26,640.04,residential,India
1,2073-03-27,679.51,residential,India
1,2073-03-28,681.81,residential,India
1,2073-03-29,678.0,residential,India
1,2073-03-30,670.43,residential,India
1,2073-03-31,670.61,residential,India
1,2073-04-01,611.22,residential,India
1,2073-04-02,686.83,residential,India
1,2073-04-03,664.74,residential,India
1,2073-04-04,671.42,residential,India
1,2073-04-05,652.38,residential,India
1,2073-04-06,623.12,residential,India
1,2073-04-07,659.53,residential,India
1,2073-04-08,645.61,residential,India
1,2073-04-09,672.7,residential,India
1,2073-04-10,662.54,residential,India
1,2073-04-11,655.66,residential,India
1,2073-04-12,657.23,residential,India
1,2073-04-13,668.4,residential,India
1,2073-04-14,621.69,residential,India
1,2073-04-15,657.92,residential,India
1,2073-04-16,683.64,residential,India
1,2073-04-17,661.49,residential,India
1,2073-04-18,612.23,residential,India
1,2073-04-19,654.45,residential,India
1,2073-04-20,656.81,residential,India
1,2073-04-21,680.68,residential,India
1,2073-04-22,676.02,residential,India
1,2073-04-23,681.17,residential,India
1,2073-04-24,693.02,residential,India
1,2073-04-25,675.45,residential,India
1,2073-04-26,633.07,residential,India
1,2073-04-27,671.33,residential,India
1,2073-04-28,685.64,residential,India
1,2073-04-29,685.2,residential,India
1,2073-04-30,656.2,residential,India
1,2073-05-01,668.93,residential,India
1,2073-05-02,640.2,residential,India
1,2073-05-03,691.89,residential,India
1,2073-05-04,652.13,residential,India
1,2073-05-05,656.0,residential,India
1,2073-05-06,661.09,residential,India
1,2073-05-07,679.82,residential,India
1,2073-05-08,672.16,residential,India
1,2073-05-09,658.83,residential,India
1,2073-05-10,668.3,residential,India
1,2073-05-11,669.0,residential,India
1,2073-05-12,660.25,residential,India
1,2073-05-13,652.98,residential,India
1,2073-05-14,640.26,residential,India
1,2073-05-15,679.77,residential,India
1,2073-05-16,675.31,residential,India
1,2073-05-17,685.21,residential,India
1,2073-05-18,691.24,residential,India
1,2073-05-19,670.71,residential,India
1,2073-05-20,663.65,residential,India
1,2073-05-21,660.43,residential,India
1,2073-05-22,678.7,residential,India
1,2073-05-23,707.92,residential,India
1,2073-05-24,685.36,residential,India
1,2073-05-25,687.89,residential,India
1,2073-05-26,662.51,residential,India
1,2073-05-27,618.88,residential,India
1,2073-05-28,650.19,residential,India
1,2073-05-29,660.47,residential,India
1,2073-05-30,638.58,residential,India
1,2073-05-31,677.26,residential,India
1,2073-06-01,690.56,residential,India
1,2073-06-02,679.25,residential,India
1,2073-06-03,652.62,residential,India
1,2073-06-04,680.69,residential,India
1,2073-06-05,669.25,residential,India
1,2073-06-06,655.29,residential,India
1,2073-06-07,631.68,residential,India
1,2073-06-08,673.01,residential,India
1,2073-06-09,660.02,residential,India
1,2073-06-10,673.49,residential,India
1,2073-06-11,685.25,residential,India
1,2073-06-12,629.91,residential,India
1,2073-06-13,654.87,residential,India
1,2073-06-14,671.85,residential,India
1,2073-06-15,646.67,residential,India
1,2073-06-16,675.19,residential,India
1,2073-06-17,673.72,residential,India
1,2073-06-18,674.93,residential,India
1,2073-06-19,666.64,residential,India
1,2073-06-20,677.97,residential,India
1,2073-06-21,664.48,residential,India
1,2073-06-22,682.97,residential,India
1,2073-06-23,674.82,residential,India
1,2073-06-24,669.82,residential,India
1,2073-06-25,661.46,residential,India
1,2073-06-26,666.96,residential,India
1,2073-06-27,670.28,residential,India
1,2073-06-28,697.45,residential,India
1,2073-06-29,664.72,residential,India
1,2073-06-30,654.82,residential,India
1,2073-07-01,638.34,residential,India
1,2073-07-02,664.61,residential,India
1,2073-07-03,657.77,residential,India
1,2073-07-04,662.35,residential,India
1,2073-07-05,696.19,residential,India
1,2073-07-06,657.57,residential,India
1,2073-07-07,642.92,residential,India
1,2073-07-08,657.65,residential,India
1,2073-07-09,683.82,residential,India
1,2073-07-10,674.12,residential,India
1,2073-07-11,674.2,residential,India
1,2073-07-12,647.14,residential,India
1,2073-07-13,640.24,residential,India
1,2073-07-14,652.0,residential,India
1,2073-07-15,680.19,residential,India
1,2073-07-16,670.71,residential,India
1,2073-07-17,672.11,residential,India
1,2073-07-18,673.66,residential,India
1,2073-07-19,705.47,residential,India
1,2073-07-20,688.33,residential,India
1,2073-07-21,661.23,residential,India
1,2073-07-22,650.04,residential,India
1,2073-07-23,642.88,residential,India
1,2073-07-24,656.68,residential,India
1,2073-07-25,639.4,residential,India
1,2073-07-26,657.73,residential,India
1,2073-07-27,699.05,residential,India
1,2073-07-28,660.99,residential,India
1,2073-07-29,657.94,residential,India
1,2073-07-30,665.92,residential,India
1,2073-07-31,675.73,residential,India
1,2073-08-01,694.74,residential,India
1,2073-08-02,663.19,residential,India
1,2073-08-03,706.06,residential,India
1,2073-08-04,677.03,residential,India
1,2073-08-05,668.78,residential,India
1,2073-08-06,664.47,residential,India
1,2073-08-07,623.69,residential,India
1,2073-08-08,640.47,residential,India
1,2073-08-09,670.18,residential,India
1,2073-08-10,643.92,residential,India
1,2073-08-11,673.43,residential,India
1,2073-08-12,702.35,residential,India
1,2073-08-13,678.0,residential,India
1,2073-08-14,654.84,residential,India
1,2073-08-15,656.16,residential,India
1,2073-08-16,675.94,residential,India
1,2073-08-17,681.43,residential,India
1,2073-08-18,680.58,residential,India
1,2073-08-19,656.49,residential,India
1,2073-08-20,697.79,residential,India
1,2073-08-21,664.73,residential,India
1,2073-08-22,697.25,residential,India
1,2073-08-23,672.01,residential,India
1,2073-08-24,637.88,residential,India
1,2073-08-25,661.43,residential,India
1,2073-08-26,684.59,residential,India
1,2073-08-27,667.55,residential,India
1,2073-08-28,683.19,residential,India
1,2073-08-29,688.49,residential,India
1,2073-08-30,682.27,residential,India
1,2073-08-31,687.93,residential,India
1,2073-09-01,684.34,residential,India
1,2073-09-02,685.76,residential,India
1,2073-09-03,658.95,residential,India
1,2073-09-04,680.47,residential,India
1,2073-09-05,660.9,residential,India
1,2073-09-06,651.96,residential,India
1,2073-09-07,699.08,residential,India
1,2073-09-08,705.67,residential,India
1,2073-09-09,700.03,residential,India
1,2073-09-10,666.79,residential,India
1,2073-09-11,666.47,residential,India
1,2073-09-12,641.31,residential,India
1,2073-09-13,687.1,residential,India
1,2073-09-14,688.96,residential,India
1,2073-09-15,644.6,residential,India
1,2073-09-16,664.31,residential,India
1,2073-09-17,663.02,residential,India
1,2073-09-18,670.52,residential,India
1,2073-09-19,683.08,residential,India
1,2073-09-20,651.7,residential,India
1,2073-09-21,660.62,residential,India
1,2073-09-22,657.0,residential,India
1,2073-09-23,680.23,residential,India
1,2073-09-24,645.8,residential,India
1,2073-09-25,692.72,residential,India
1,2073-09-26,695.65,residential,India
1,2073-09-27,661.63,residential,India
1,2073-09-28,674.5,residential,India
1,2073-09-29,670.55,residential,India
1,2073-09-30,681.64,residential,India
1,2073-10-01,672.97,residential,India
1,2073-10-02,671.45,residential,India
1,2073-10-03,685.59,residential,India
1,2073-10-04,671.6,residential,India
1,2073-10-05,642.96,residential,India
1,2073-10-06,707.67,residential,India
1,2073-10-07,681.1,residential,India
1,2073-10-08,715.18,residential,India
1,2073-10-09,646.25,residential,India
1,2073-10-10,661.96,residential,India
1,2073-10-11,658.33,residential,India
1,2073-10-12,672.43,residential,India
1,2073-10-13,697.78,residential,India
1,2073-10-14,668.84,residential,India
1,2073-10-15,688.78,residential,India
1,2073-10-16,656.92,residential,India
1,2073-10-17,657.53,residential,India
1,2073-10-18,671.67,residential,India
1,2073-10-19,685.51,residential,India
1,2073-10-20,707.75,residential,India
1,2073-10-21,674.35,residential,India
1,2073-10-22,685.14,residential,India
1,2073-10-23,666.42,residential,India
1,2073-10-24,693.8,residential,India
1,2073-10-25,722.64,residential,India
1,2073-10-26,648.65,residential,India
1,2073-10-27,697.06,residential,India
1,2073-10-28,697.16,residential,India
1,2073-10-29,718.26,residential,India
1,2073-10-30,684.98,residential,India
1,2073-10-31,670.38,residential,India
1,2073-11-01,683.61,residential,India
1,2073-11-02,712.46,residential,India
1,2073-11-03,656.41,residential,India
1,2073-11-04,707.27,residential,India
1,2073-11-05,682.37,residential,India
1,2073-11-06,696.76,residential,India
1,2073-11-07,673.37,residential,India
1,2073-11-08,696.03,residential,India
1,2073-11-09,688.83,residential,India
1,2073-11-10,697.62,residential,India
1,2073-11-11,688.65,residential,India
1,2073-11-12,687.41,residential,India
1,2073-11-13,676.38,residential,India
1,2073-11-14,671.74,residential,India
1,2073-11-15,702.51,residential,India
1,2073-11-16,698.32,residential,India
1,2073-11-17,644.34,residential,India
1,2073-11-18,678.62,residential,India
1,2073-11-19,689.23,residential,India
1,2073-11-20,702.46,residential,India
1,2073-11-21,690.15,residential,India
1,2073-11-22,696.16,residential,India
1,2073-11-23,684.48,residential,India
1,2073-11-24,686.19,residential,India
1,2073-11-25,682.04,residential,India
1,2073-11-26,677.35,residential,India
1,2073-11-27,709.96,residential,India
1,2073-11-28,681.91,residential,India
1,2073-11-29,726.13,residential,India
1,2073-11-30,715.15,residential,India
1,2073-12-01,688.89,residential,India
1,2073-12-02,704.23,residential,India
1,2073-12-03,673.49,residential,India
1,2073-12-04,683.17,residential,India
1,2073-12-05,653.21,residential,India
1,2073-12-06,709.07,residential,India
1,2073-12-07,674.17,residential,India
1,2073-12-08,663.91,residential,India
1,2073-12-09,689.04,residential,India
1,2073-12-10,675.1,residential,India
1,2073-12-11,674.34,residential,India
1,2073-12-12,678.76,residential,India
1,2073-12-13,678.07,residential,India
1,2073-12-14,671.62,residential,India
1,2073-12-15,690.85,residential,India
1,2073-12-16,695.86,residential,India
1,2073-12-17,653.61,residential,India
1,2073-12-18,623.86,residential,India
1,2073-12-19,685.68,residential,India
1,2073-12-20,651.41,residential,India
1,2073-12-21,700.84,residential,India
1,2073-12-22,671.37,residential,India
1,2073-12-23,661.57,residential,India
1,2073-12-24,686.97,residential,India
1,2073-12-25,693.7,residential,India
1,2073-12-26,688.95,residential,India
1,2073-12-27,635.32,residential,India
1,2073-12-28,685.52,residential,India
1,2073-12-29,679.38,residential,India
1,2073-12-30,678.19,residential,India
1,2073-12-31,711.09,residential,India
1,2074-01-01,683.53,residential,India
1,2074-01-02,661.27,residential,India
1,2074-01-03,676.26,residential,India
1,2074-01-04,667.08,residential,India
1,2074-01-05,704.67,residential,India
1,2074-01-06,710.14,residential,India
1,2074-01-07,678.96,residential,India
1,2074-01-08,714.07,residential,India
1,2074-01-09,693.49,residential,India
1,2074-01-10,648.76,residential,India
1,2074-01-11,707.48,residential,India
1,2074-01-12,715.99,residential,India
1,2074-01-13,690.85,residential,India
1,2074-01-14,697.6,residential,India
1,2074-01-15,680.4,residential,India
1,2074-01-16,683.27,residential,India
1,2074-01-17,672.54,residential,India
1,2074-01-18,686.81,residential,India
1,2074-01-19,687.59,residential,India
1,2074-01-20,682.68,residential,India
1,2074-01-21,672.2,residential,India
1,2074-01-22,698.81,residential,India
1,2074-01-23,717.56,residential,India
1,2074-01-24,685.62,residential,India
1,2074-01-25,723.05,residential,India
1,2074-01-26,713.26,residential,India
1,2074-01-27,683.69,residential,India
1,2074-01-28,667.0,residential,India
1,2074-01-29,664.86,residential,India
1,2074-01-30,702.92,residential,India
1,2074-01-31,704.57,residential,India
1,2074-02-01,704.38,residential,India
1,2074-02-02,679.02,residential,India
1,2074-02-03,709.75,residential,India
1,2074-02-04,726.37,residential,India
1,2074-02-05,686.53,residential,India
1,2074-02-06,694.29,residential,India
1,2074-02-07,687.55,residential,India
1,2074-02-08,705.19,residential,India
1,2074-02-09,724.92,residential,India
1,2074-02-10,690.48,residential,India
1,2074-02-11,705.63,residential,India
1,2074-02-12,680.18,residential,India
1,2074-02-13,675.88,residential,India
1,2074-02-14,693.46,residential,India
1,2074-02-15,718.35,residential,India
1,2074-02-16,692.9,residential,India
1,2074-02-17,686.47,residential,India
1,2074-02-18,680.88,residential,India
1,2074-02-19,702.24,residential,India
1,2074-02-20,694.09,residential,India
1,2074-02-21,719.01,residential,India
1,2074-02-22,677.46,residential,India
1,2074-02-23,675.21,residential,India
1,2074-02-24,696.93,residential,India
1,2074-02-25,699.92,residential,India
1,2074-02-26,710.54,residential,India
1,2074-02-27,655.93,residential,India
1,2074-02-28,698.9,residential,India
1,2074-03-01,721.84,residential,India
1,2074-03-02,690.68,residential,India
1,2074-03-03,695.53,residential,India
1,2074-03-04,652.45,residential,India
1,2074-03-05,702.17,residential,India
1,2074-03-06,682.06,residential,India
1,2074-03-07,698.64,residential,India
1,2074-03-08,707.44,residential,India
1,2074-03-09,698.27,residential,India
1,2074-03-10,696.61,residential,India
1,2074-03-11,715.14,residential,India
1,2074-03-12,649.97,residential,India
1,2074-03-13,678.35,residential,India
1,2074-03-14,689.12,residential,India
1,2074-03-15,700.28,residential,India
1,2074-03-16,664.56,residential,India
1,2074-03-17,717.84,residential,India
1,2074-03-18,712.55,residential,India
1,2074-03-19,675.45,residential,India
1,2074-03-20,740.95,residential,India
1,2074-03-21,692.34,residential,India
1,2074-03-22,699.57,residential,India
1,2074-03-23,705.43,residential,India
1,2074-03-24,718.53,residential,India
1,2074-03-25,695.32,residential,India
1,2074-03-26,710.26,residential,India
1,2074-03-27,675.57,residential,India
1,2074-03-28,681.44,residential,India
1,2074-03-29,707.08,residential,India
1,2074-03-30,691.08,residential,India
1,2074-03-31,707.36,residential,India
1,2074-04-01,651.65,residential,India
1,2074-04-02,698.68,residential,India
1,2074-04-03,745.51,residential,India
1,2074-04-04,667.21,residential,India
1,2074-04-05,675.92,residential,India
1,2074-04-06,722.47,residential,India
1,2074-04-07,685.95,residential,India
1,2074-04-08,667.78,residential,India
1,2074-04-09,690.0,residential,India
1,2074-04-10,664.17,residential,India
1,2074-04-11,670.9,residential,India
1,2074-04-12,673.48,residential,India
1,2074-04-13,698.81,residential,India
1,2074-04-14,691.34,residential,India
1,2074-04-15,701.77,residential,India
1,2074-04-16,685.02,residential,India
1,2074-04-17,703.02,residential,India
1,2074-04-18,702.32,residential,India
1,2074-04-19,684.78,residential,India
1,2074-04-20,715.62,residential,India
1,2074-04-21,673.68,residential,India
1,2074-04-22,694.02,residential,India
1,2074-04-23,717.87,residential,India
1,2074-04-24,724.67,residential,India
1,2074-04-25,677.91,residential,India
1,2074-04-26,687.27,residential,India
1,2074-04-27,726.48,residential,India
1,2074-04-28,687.39,residential,India
1,2074-04-29,676.47,residential,India
1,2074-04-30,699.34,residential,India
1,2074-05-01,691.68,residential,India
1,2074-05-02,713.58,residential,India
1,2074-05-03,714.61,residential,India
1,2074-05-04,690.97,residential,India
1,2074-05-05,707.26,residential,India
1,2074-05-06,744.62,residential,India
1,2074-05-07,723.11,residential,India
1,2074-05-08,684.49,residential,India
1,2074-05-09,728.52,residential,India
1,2074-05-10,680.13,residential,India
1,2074-05-11,713.91,residential,India
1,2074-05-12,701.93,residential,India
1,2074-05-13,703.48,residential,India
1,2074-05-14,678.45,residential,India
1,2074-05-15,704.8,residential,India
1,2074-05-16,698.57,residential,India
1,2074-05-17,681.79,residential,India
1,2074-05-18,743.49,residential,India
1,2074-05-19,682.54,residential,India
1,2074-05-20,702.95,residential,India
1,2074-05-21,704.94,residential,India
1,2074-05-22,702.19,residential,India
1,2074-05-23,710.75,residential,India
1,2074-05-24,707.64,residential,India
1,2074-05-25,693.96,residential,India
1,2074-05-26,734.5,residential,India
1,2074-05-27,719.31,residential,India
1,2074-05-28,741.87,residential,India
1,2074-05-29,728.55,residential,India
1,2074-05-30,679.24,residential,India
1,2074-05-31,708.04,residential,India
1,2074-06-01,652.86,residential,India
1,2074-06-02,680.18,residential,India
1,2074-06-03,703.04,residential,India
1,2074-06-04,697.51,residential,India
1,2074-06-05,688.92,residential,India
1,2074-06-06,707.66,residential,India
1,2074-06-07,718.92,residential,India
1,2074-06-08,707.29,residential,India
1,2074-06-09,704.02,residential,India
1,2074-06-10,692.52,residential,India
1,2074-06-11,727.73,residential,India
1,2074-06-12,683.17,residential,India
1,2074-06-13,710.17,residential,India
1,2074-06-14,732.62,residential,India
1,2074-06-15,714.98,residential,India
1,2074-06-16,722.31,residential,India
1,2074-06-17,729.16,residential,India
1,2074-06-18,683.23,residential,India
1,2074-06-19,697.16,residential,India
1,2074-06-20,686.53,residential,India
1,2074-06-21,706.43,residential,India
1,2074-06-22,713.83,residential,India
1,2074-06-23,720.49,residential,India
1,2074-06-24,718.99,residential,India
1,2074-06-25,709.86,residential,India
1,2074-06-26,713.87,residential,India
1,2074-06-27,720.04,residential,India
1,2074-06-28,698.26,residential,India
1,2074-06-29,694.07,residential,India
1,2074-06-30,712.78,residential,India
1,2074-07-01,673.35,residential,India
1,2074-07-02,682.54,residential,India
1,2074-07-03,686.84,residential,India
1,2074-07-04,703.69,residential,India
1,2074-07-05,751.67,residential,India
1,2074-07-06,670.41,residential,India
1,2074-07-07,693.9,residential,India
1,2074-07-08,709.07,residential,India
1,2074-07-09,690.25,residential,India
1,2074-07-10,705.22,residential,India
1,2074-07-11,698.37,residential,India
1,2074-07-12,716.22,residential,India
1,2074-07-13,701.08,residential,India
1,2074-07-14,702.27,residential,India
1,2074-07-15,731.58,residential,India
1,2074-07-16,694.58,residential,India
1,2074-07-17,729.95,residential,India
1,2074-07-18,716.58,residential,India
1,2074-07-19,709.93,residential,India
1,2074-07-20,728.92,residential,India
1,2074-07-21,718.24,residential,India
1,2074-07-22,698.85,residential,India
1,2074-07-23,741.6,residential,India
1,2074-07-24,730.6,residential,India
1,2074-07-25,710.63,residential,India
1,2074-07-26,699.67,residential,India
1,2074-07-27,716.75,residential,India
1,2074-07-28,692.69,residential,India
1,2074-07-29,717.84,residential,India
1,2074-07-30,698.46,residential,India
1,2074-07-31,702.17,residential,India
1,2074-08-01,706.91,residential,India
1,2074-08-02,707.33,residential,India
1,2074-08-03,751.31,residential,India
1,2074-08-04,698.02,residential,India
1,2074-08-05,693.02,residential,India
1,2074-08-06,708.01,residential,India
1,2074-08-07,698.17,residential,India
1,2074-08-08,709.97,residential,India
1,2074-08-09,732.47,residential,India
1,2074-08-10,709.23,residential,India
1,2074-08-11,713.84,residential,India
1,2074-08-12,728.19,residential,India
1,2074-08-13,727.31,residential,India
1,2074-08-14,700.87,residential,India
1,2074-08-15,726.09,residential,India
1,2074-08-16,711.76,residential,India
1,2074-08-17,703.23,residential,India
1,2074-08-18,718.28,residential,India
1,2074-08-19,686.64,residential,India
1,2074-08-20,716.56,residential,India
1,2074-08-21,743.37,residential,India
1,2074-08-22,730.49,residential,India
1,2074-08-23,699.92,residential,India
1,2074-08-24,747.88,residential,India
1,2074-08-25,715.64,residential,India
1,2074-08-26,707.5,residential,India
1,2074-08-27,724.49,residential,India
1,2074-08-28,728.13,residential,India
1,2074-08-29,712.7,residential,India
1,2074-08-30,725.34,residential,India
1,2074-08-31,716.47,residential,India
1,2074-09-01,681.05,residential,India
1,2074-09-02,740.02,residential,India
1,2074-09-03,747.16,residential,India
1,2074-09-04,699.48,residential,India
1,2074-09-05,724.98,residential,India
1,2074-09-06,672.38,residential,India
1,2074-09-07,702.28,residential,India
1,2074-09-08,736.99,residential,India
1,2074-09-09,743.05,residential,India
1,2074-09-10,715.17,residential,India
1,2074-09-11,762.28,residential,India
1,2074-09-12,716.6,residential,India
1,2074-09-13,752.29,residential,India
1,2074-09-14,707.45,residential,India
1,2074-09-15,710.91,residential,India
1,2074-09-16,692.62,residential,India
1,2074-09-17,727.87,residential,India
1,2074-09-18,703.13,residential,India
1,2074-09-19,759.66,residential,India
1,2074-09-20,724.97,residential,India
1,2074-09-21,720.66,residential,India
1,2074-09-22,726.2,residential,India
1,2074-09-23,724.36,residential,India
1,2074-09-24,703.29,residential,India
1,2074-09-25,724.03,residential,India
1,2074-09-26,749.2,residential,India
1,2074-09-27,748.72,residential,India
1,2074-09-28,732.44,residential,India
1,2074-09-29,718.38,residential,India
1,2074-09-30,712.24,residential,India
1,2074-10-01,750.74,residential,India
1,2074-10-02,706.45,residential,India
1,2074-10-03,725.35,residential,India
1,2074-10-04,727.86,residential,India
1,2074-10-05,708.4,residential,India
1,2074-10-06,705.63,residential,India
1,2074-10-07,741.79,residential,India
1,2074-10-08,742.04,residential,India
1,2074-10-09,701.12,residential,India
1,2074-10-10,707.15,residential,India
1,2074-10-11,742.23,residential,India
1,2074-10-12,712.38,residential,India
1,2074-10-13,736.39,residential,India
1,2074-10-14,746.63,residential,India
1,2074-10-15,740.13,residential,India
1,2074-10-16,747.81,residential,India
1,2074-10-17,701.36,residential,India
1,2074-10-18,682.08,residential,India
1,2074-10-19,698.0,residential,India
1,2074-10-20,730.51,residential,India
1,2074-10-21,728.41,residential,India
1,2074-10-22,711.17,residential,India
1,2074-10-23,724.08,residential,India
1,2074-10-24,754.0,residential,India
1,2074-10-25,706.6,residential,India
1,2074-10-26,767.28,residential,India
1,2074-10-27,702.92,residential,India
1,2074-10-28,730.05,residential,India
1,2074-10-29,732.18,residential,India
1,2074-10-30,729.38,residential,India
1,2074-10-31,739.96,residential,India
1,2074-11-01,730.1,residential,India
1,2074-11-02,703.29,residential,India
1,2074-11-03,740.54,residential,India
1,2074-11-04,759.09,residential,India
1,2074-11-05,710.72,residential,India
1,2074-11-06,720.79,residential,India
1,2074-11-07,698.44,residential,India
1,2074-11-08,713.08,residential,India
1,2074-11-09,743.52,residential,India
1,2074-11-10,722.9,residential,India
1,2074-11-11,751.4,residential,India
1,2074-11-12,741.47,residential,India
1,2074-11-13,733.96,residential,India
1,2074-11-14,737.47,residential,India
1,2074-11-15,709.38,residential,India
1,2074-11-16,744.73,residential,India
1,2074-11-17,761.59,residential,India
1,2074-11-18,744.34,residential,India
1,2074-11-19,721.6,residential,India
1,2074-11-20,719.1,residential,India
1,2074-11-21,725.84,residential,India
1,2074-11-22,698.58,residential,India
1,2074-11-23,737.27,residential,India
1,2074-11-24,715.75,residential,India
1,2074-11-25,705.1,residential,India
1,2074-11-26,717.39,residential,India
1,2074-11-27,742.94,residential,India
1,2074-11-28,712.75,residential,India
1,2074-11-29,699.22,residential,India
1,2074-11-30,750.4,residential,India
1,2074-12-01,753.36,residential,India
1,2074-12-02,749.73,residential,India
1,2074-12-03,705.62,residential,India
1,2074-12-04,693.22,residential,India
1,2074-12-05,721.38,residential,India
1,2074-12-06,715.58,residential,India
1,2074-12-07,726.51,residential,India
1,2074-12-08,773.6,residential,India
1,2074-12-09,750.05,residential,India
1,2074-12-10,701.45,residential,India
1,2074-12-11,729.27,residential,India
1,2074-12-12,722.67,residential,India
1,2074-12-13,769.1,residential,India
1,2074-12-14,679.32,residential,India
1,2074-12-15,723.19,residential,India
1,2074-12-16,722.76,residential,India
1,2074-12-17,722.85,residential,India
1,2074-12-18,698.39,residential,India
1,2074-12-19,702.12,residential,India
1,2074-12-20,720.22,residential,India
1,2074-12-21,738.16,residential,India
1,2074-12-22,720.02,residential,India
1,2074-12-23,716.92,residential,India
1,2074-12-24,772.19,residential,India
1,2074-12-25,723.66,residential,India
1,2074-12-26,732.18,residential,India
1,2074-12-27,731.25,residential,India
1,2074-12-28,723.07,residential,India
1,2074-12-29,735.47,residential,India
1,2074-12-30,756.62,residential,India
1,2074-12-31,734.86,residential,India
1,2075-01-01,742.86,residential,India
1,2075-01-02,712.35,residential,India
1,2075-01-03,740.2,residential,India
1,2075-01-04,742.98,residential,India
1,2075-01-05,725.01,residential,India
1,2075-01-06,732.38,residential,India
1,2075-01-07,719.53,residential,India
1,2075-01-08,763.07,residential,India
1,2075-01-09,740.19,residential,India
1,2075-01-10,700.95,residential,India
1,2075-01-11,738.57,residential,India
1,2075-01-12,730.44,residential,India
1,2075-01-13,742.37,residential,India
1,2075-01-14,726.25,residential,India
1,2075-01-15,752.29,residential,India
1,2075-01-16,714.73,residential,India
1,2075-01-17,704.07,residential,India
1,2075-01-18,730.64,residential,India
1,2075-01-19,723.51,residential,India
1,2075-01-20,721.87,residential,India
1,2075-01-21,703.61,residential,India
1,2075-01-22,730.37,residential,India
1,2075-01-23,723.79,residential,India
1,2075-01-24,743.92,residential,India
1,2075-01-25,729.83,residential,India
1,2075-01-26,781.03,residential,India
1,2075-01-27,715.68,residential,India
1,2075-01-28,749.44,residential,India
1,2075-01-29,737.97,residential,India
1,2075-01-30,704.01,residential,India
1,2075-01-31,786.21,residential,India
1,2075-02-01,723.59,residential,India
1,2075-02-02,783.8,residential,India
1,2075-02-03,709.38,residential,India
1,2075-02-04,737.81,residential,India
1,2075-02-05,718.05,residential,India
1,2075-02-06,725.74,residential,India
1,2075-02-07,754.56,residential,India
1,2075-02-08,714.48,residential,India
1,2075-02-09,748.83,residential,India
1,2075-02-10,720.24,residential,India
1,2075-02-11,777.27,residential,India
1,2075-02-12,741.66,residential,India
1,2075-02-13,717.45,residential,India
1,2075-02-14,723.18,residential,India
1,2075-02-15,738.32,residential,India
1,2075-02-16,732.3,residential,India
1,2075-02-17,759.3,residential,India
1,2075-02-18,761.57,residential,India
1,2075-02-19,734.82,residential,India
1,2075-02-20,783.05,residential,India
1,2075-02-21,716.15,residential,India
1,2075-02-22,738.35,residential,India
1,2075-02-23,736.55,residential,India
1,2075-02-24,748.22,residential,India
1,2075-02-25,718.19,residential,India
1,2075-02-26,734.04,residential,India
1,2075-02-27,759.18,residential,India
1,2075-02-28,718.4,residential,India
1,2075-03-01,735.07,residential,India
1,2075-03-02,769.26,residential,India
1,2075-03-03,750.4,residential,India
1,2075-03-04,749.87,residential,India
1,2075-03-05,742.97,residential,India
1,2075-03-06,718.98,residential,India
1,2075-03-07,755.41,residential,India
1,2075-03-08,752.56,residential,India
1,2075-03-09,744.21,residential,India
1,2075-03-10,741.89,residential,India
1,2075-03-11,712.03,residential,India
1,2075-03-12,746.37,residential,India
1,2075-03-13,727.39,residential,India
1,2075-03-14,726.49,residential,India
1,2075-03-15,766.43,residential,India
1,2075-03-16,737.2,residential,India
1,2075-03-17,732.95,residential,India
1,2075-03-18,784.05,residential,India
1,2075-03-19,733.63,residential,India
1,2075-03-20,748.04,residential,India
1,2075-03-21,749.09,residential,India
1,2075-03-22,720.05,residential,India
1,2075-03-23,741.94,residential,India
1,2075-03-24,740.78,residential,India
1,2075-03-25,745.88,residential,India
1,2075-03-26,773.88,residential,India
1,2075-03-27,731.9,residential,India
1,2075-03-28,763.38,residential,India
1,2075-03-29,776.75,residential,India
1,2075-03-30,709.69,residential,India
1,2075-03-31,740.17,residential,India
1,2075-04-01,740.96,residential,India
1,2075-04-02,733.08,residential,India
1,2075-04-03,765.44,residential,India
1,2075-04-04,695.9,residential,India
1,2075-04-05,723.89,residential,India
1,2075-04-06,719.15,residential,India
1,2075-04-07,758.41,residential,India
1,2075-04-08,758.46,residential,India
1,2075-04-09,735.15,residential,India
1,2075-04-10,761.7,residential,India
1,2075-04-11,758.2,residential,India
1,2075-04-12,748.2,residential,India
1,2075-04-13,722.58,residential,India
1,2075-04-14,767.7,residential,India
1,2075-04-15,734.6,residential,India
1,2075-04-16,706.41,residential,India
1,2075-04-17,749.87,residential,India
1,2075-04-18,743.71,residential,India
1,2075-04-19,804.22,residential,India
1,2075-04-20,734.59,residential,India
1,2075-04-21,752.89,residential,India
1,2075-04-22,746.81,residential,India
1,2075-04-23,732.9,residential,India
1,2075-04-24,737.7,residential,India
1,2075-04-25,723.89,residential,India
1,2075-04-26,743.63,residential,India
1,2075-04-27,779.32,residential,India
1,2075-04-28,771.34,residential,India
1,2075-04-29,746.85,residential,India
1,2075-04-30,737.39,residential,India
1,2075-05-01,764.1,residential,India
1,2075-05-02,780.52,residential,India
1,2075-05-03,694.41,residential,India
1,2075-05-04,727.5,residential,India
1,2075-05-05,738.65,residential,India
1,2075-05-06,752.98,residential,India
1,2075-05-07,729.0,residential,India
1,2075-05-08,784.15,residential,India
1,2075-05-09,748.06,residential,India
1,2075-05-10,741.47,residential,India
1,2075-05-11,774.35,residential,India
1,2075-05-12,697.97,residential,India
1,2075-05-13,717.79,residential,India
1,2075-05-14,738.84,residential,India
1,2075-05-15,758.48,residential,India
1,2075-05-16,746.86,residential,India
1,2075-05-17,755.89,residential,India
1,2075-05-18,764.03,residential,India
1,2075-05-19,761.98,residential,India
1,2075-05-20,742.19,residential,India
1,2075-05-21,773.53,residential,India
1,2075-05-22,751.7,residential,India
1,2075-05-23,717.74,residential,India
1,2075-05-24,769.11,residential,India
1,2075-05-25,750.35,residential,India
1,2075-05-26,747.48,residential,India
1,2075-05-27,771.43,residential,India
1,2075-05-28,754.5,residential,India
1,2075-05-29,783.21,residential,India
1,2075-05-30,727.43,residential,India
1,2075-05-31,753.71,residential,India
1,2075-06-01,726.17,residential,India
1,2075-06-02,746.54,residential,India
1,2075-06-03,731.52,residential,India
1,2075-06-04,754.83,residential,India
1,2075-06-05,759.0,residential,India
1,2075-06-06,722.18,residential,India
1,2075-06-07,770.83,residential,India
1,2075-06-08,730.74,residential,India
1,2075-06-09,745.45,residential,India
1,2075-06-10,737.49,residential,India
1,2075-06-11,740.01,residential,India
1,2075-06-12,764.79,residential,India
1,2075-06-13,765.51,residential,India
1,2075-06-14,733.18,residential,India
1,2075-06-15,771.81,residential,India
1,2075-06-16,762.12,residential,India
1,2075-06-17,743.13,residential,India
1,2075-06-18,759.33,residential,India
1,2075-06-19,749.54,residential,India
1,2075-06-20,760.11,residential,India
1,2075-06-21,762.17,residential,India
1,2075-06-22,747.09,residential,India
1,2075-06-23,753.58,residential,India
1,2075-06-24,788.98,residential,India
1,2075-06-25,784.06,residential,India
1,2075-06-26,767.63,residential,India
1,2075-06-27,745.3,residential,India
1,2075-06-28,739.93,residential,India
1,2075-06-29,712.77,residential,India
1,2075-06-30,771.41,residential,India
1,2075-07-01,752.76,residential,India
1,2075-07-02,760.06,residential,India
1,2075-07-03,781.74,residential,India
1,2075-07-04,722.31,residential,India
1,2075-07-05,776.19,residential,India
1,2075-07-06,765.18,residential,India
1,2075-07-07,749.66,residential,India
1,2075-07-08,751.32,residential,India
1,2075-07-09,738.73,residential,India
1,2075-07-10,745.67,residential,India
1,2075-07-11,734.1,residential,India
1,2075-07-12,774.48,residential,India
1,2075-07-13,757.18,residential,India
1,2075-07-14,723.31,residential,India
1,2075-07-15,759.46,residential,India
1,2075-07-16,761.48,residential,India
1,2075-07-17,747.05,residential,India
1,2075-07-18,743.43,residential,India
1,2075-07-19,714.39,residential,India
1,2075-07-20,761.07,residential,India
1,2075-07-21,751.08,residential,India
1,2075-07-22,746.8,residential,India
1,2075-07-23,761.53,residential,India
1,2075-07-24,756.95,residential,India
1,2075-07-25,783.16,residential,India
1,2075-07-26,743.06,residential,India
1,2075-07-27,744.08,residential,India
1,2075-07-28,780.22,residential,India
1,2075-07-29,791.98,residential,India
1,2075-07-30,748.2,residential,India
1,2075-07-31,761.02,residential,India
1,2075-08-01,748.76,residential,India
1,2075-08-02,760.55,residential,India
1,2075-08-03,753.83,residential,India
1,2075-08-04,762.13,residential,India
1,2075-08-05,805.0,residential,India
1,2075-08-06,776.75,residential,India
1,2075-08-07,786.02,residential,India
1,2075-08-08,768.28,residential,India
1,2075-08-09,760.09,residential,India
1,2075-08-10,781.78,residential,India
1,2075-08-11,761.64,residential,India
1,2075-08-12,745.83,residential,India
1,2075-08-13,753.89,residential,India
1,2075-08-14,754.21,residential,India
1,2075-08-15,745.86,residential,India
1,2075-08-16,750.33,residential,India
1,2075-08-17,724.35,residential,India
1,2075-08-18,777.8,residential,India
1,2075-08-19,761.35,residential,India
1,2075-08-20,741.93,residential,India
1,2075-08-21,740.62,residential,India
1,2075-08-22,787.3,residential,India
1,2075-08-23,717.97,residential,India
1,2075-08-24,799.88,residential,India
1,2075-08-25,756.45,residential,India
1,2075-08-26,743.11,residential,India
1,2075-08-27,750.18,residential,India
1,2075-08-28,764.93,residential,India
1,2075-08-29,755.62,residential,India
1,2075-08-30,785.0,residential,India
1,2075-08-31,737.14,residential,India
1,2075-09-01,771.06,residential,India
1,2075-09-02,761.27,residential,India
1,2075-09-03,757.49,residential,India
1,2075-09-04,753.04,residential,India
1,2075-09-05,767.48,residential,India
1,2075-09-06,729.68,residential,India
1,2075-09-07,751.36,residential,India
1,2075-09-08,752.26,residential,India
1,2075-09-09,795.01,residential,India
1,2075-09-10,768.03,residential,India
1,2075-09-11,784.28,residential,India
1,2075-09-12,765.03,residential,India
1,2075-09-13,770.01,residential,India
1,2075-09-14,776.38,residential,India
1,2075-09-15,780.6,residential,India
1,2075-09-16,775.84,residential,India
1,2075-09-17,772.22,residential,India
1,2075-09-18,786.51,residential,India
1,2075-09-19,782.56,residential,India
1,2075-09-20,758.57,residential,India
1,2075-09-21,785.18,residential,India
1,2075-09-22,763.15,residential,India
1,2075-09-23,769.6,residential,India
1,2075-09-24,764.38,residential,India
1,2075-09-25,759.65,residential,India
1,2075-09-26,761.7,residential,India
1,2075-09-27,761.25,residential,India
1,2075-09-28,769.92,residential,India
1,2075-09-29,742.1,residential,India
1,2075-09-30,778.75,residential,India
1,2075-10-01,786.46,residential,India
1,2075-10-02,795.76,residential,India
1,2075-10-03,761.62,residential,India
1,2075-10-04,767.01,residential,India
1,2075-10-05,780.35,residential,India
1,2075-10-06,768.0,residential,India
1,2075-10-07,745.24,residential,India
1,2075-10-08,721.7,residential,India
1,2075-10-09,755.72,residential,India
1,2075-10-10,787.27,residential,India
1,2075-10-11,773.99,residential,India
1,2075-10-12,785.04,residential,India
1,2075-10-13,736.32,residential,India
1,2075-10-14,755.91,residential,India
1,2075-10-15,764.52,residential,India
1,2075-10-16,792.82,residential,India
1,2075-10-17,778.91,residential,India
1,2075-10-18,744.22,residential,India
1,2075-10-19,793.74,residential,India
1,2075-10-20,756.07,residential,India
1,2075-10-21,767.06,residential,India
1,2075-10-22,796.08,residential,India
1,2075-10-23,740.0,residential,India
1,2075-10-24,725.52,residential,India
1,2075-10-25,759.18,residential,India
1,2075-10-26,779.52,residential,India
1,2075-10-27,752.44,residential,India
1,2075-10-28,755.55,residential,India
1,2075-10-29,793.68,residential,India
1,2075-10-30,769.7,residential,India
1,2075-10-31,764.24,residential,India
1,2075-11-01,753.82,residential,India
1,2075-11-02,762.23,residential,India
1,2075-11-03,768.78,residential,India
1,2075-11-04,776.2,residential,India
1,2075-11-05,814.19,residential,India
1,2075-11-06,771.88,residential,India
1,2075-11-07,771.75,residential,India
1,2075-11-08,767.06,residential,India
1,2075-11-09,739.83,residential,India
1,2075-11-10,768.61,residential,India
1,2075-11-11,763.65,residential,India
1,2075-11-12,747.58,residential,India
1,2075-11-13,779.59,residential,India
1,2075-11-14,790.79,residential,India
1,2075-11-15,761.48,residential,India
1,2075-11-16,758.96,residential,India
1,2075-11-17,742.82,residential,India
1,2075-11-18,753.7,residential,India
1,2075-11-19,774.61,residential,India
1,2075-11-20,765.03,residential,India
1,2075-11-21,779.15,residential,India
1,2075-11-22,787.99,residential,India
1,2075-11-23,743.03,residential,India
1,2075-11-24,774.73,residential,India
1,2075-11-25,785.52,residential,India
1,2075-11-26,777.0,residential,India
1,2075-11-27,770.7,residential,India
1,2075-11-28,780.73,residential,India
1,2075-11-29,805.2,residential,India
1,2075-11-30,747.9,residential,India
1,2075-12-01,789.43,residential,India
1,2075-12-02,751.37,residential,India
1,2075-12-03,753.26,residential,India
1,2075-12-04,798.43,residential,India
1,2075-12-05,773.72,residential,India
1,2075-12-06,747.98,residential,India
1,2075-12-07,799.87,residential,India
1,2075-12-08,813.58,residential,India
1,2075-12-09,793.95,residential,India
1,2075-12-10,774.49,residential,India
1,2075-12-11,767.26,residential,India
1,2075-12-12,795.78,residential,India
1,2075-12-13,796.48,residential,India
1,2075-12-14,792.77,residential,India
1,2075-12-15,759.43,residential,India
1,2075-12-16,765.77,residential,India
1,2075-12-17,748.17,residential,India
1,2075-12-18,749.13,residential,India
1,2075-12-19,797.63,residential,India
1,2075-12-20,750.37,residential,India
1,2075-12-21,817.9,residential,India
1,2075-12-22,758.65,residential,India
1,2075-12-23,737.53,residential,India
1,2075-12-24,777.44,residential,India
1,2075-12-25,760.61,residential,India
1,2075-12-26,780.05,residential,India
1,2075-12-27,773.95,residential,India
1,2075-12-28,750.51,residential,India
1,2075-12-29,790.35,residential,India
1,2075-12-30,756.59,residential,India
1,2075-12-31,761.01,residential,India
1,2076-01-01,763.84,residential,India
1,2076-01-02,819.06,residential,India
1,2076-01-03,750.17,residential,India
1,2076-01-04,771.04,residential,India
1,2076-01-05,773.11,residential,India
1,2076-01-06,777.56,residential,India
1,2076-01-07,722.18,residential,India
1,2076-01-08,779.03,residential,India
1,2076-01-09,797.01,residential,India
1,2076-01-10,765.06,residential,India
1,2076-01-11,799.69,residential,India
1,2076-01-12,756.15,residential,India
1,2076-01-13,765.05,residential,India
1,2076-01-14,782.34,residential,India
1,2076-01-15,751.08,residential,India
1,2076-01-16,774.71,residential,India
1,2076-01-17,750.9,residential,India
1,2076-01-18,768.75,residential,India
1,2076-01-19,786.2,residential,India
1,2076-01-20,755.37,residential,India
1,2076-01-21,741.21,residential,India
1,2076-01-22,770.43,residential,India
1,2076-01-23,751.1,residential,India
1,2076-01-24,782.28,residential,India
1,2076-01-25,783.34,residential,India
1,2076-01-26,766.09,residential,India
1,2076-01-27,769.4,residential,India
1,2076-01-28,746.93,residential,India
1,2076-01-29,749.58,residential,India
1,2076-01-30,750.12,residential,India
1,2076-01-31,768.02,residential,India
1,2076-02-01,772.47,residential,India
1,2076-02-02,782.49,residential,India
1,2076-02-03,763.95,residential,India
1,2076-02-04,780.27,residential,India
1,2076-02-05,754.76,residential,India
1,2076-02-06,776.36,residential,India
1,2076-02-07,785.52,residential,India
1,2076-02-08,789.59,residential,India
1,2076-02-09,782.75,residential,India
1,2076-02-10,784.9,residential,India
1,2076-02-11,779.05,residential,India
1,2076-02-12,782.27,residential,India
1,2076-02-13,735.32,residential,India
1,2076-02-14,775.52,residential,India
1,2076-02-15,793.82,residential,India
1,2076-02-16,758.21,residential,India
1,2076-02-17,741.03,residential,India
1,2076-02-18,774.65,residential,India
1,2076-02-19,759.96,residential,India
1,2076-02-20,767.45,residential,India
1,2076-02-21,749.99,residential,India
1,2076-02-22,756.91,residential,India
1,2076-02-23,749.0,residential,India
1,2076-02-24,765.54,residential,India
1,2076-02-25,767.18,residential,India
1,2076-02-26,745.65,residential,India
1,2076-02-27,751.37,residential,India
1,2076-02-28,775.25,residential,India
1,2076-02-29,784.4,residential,India
1,2076-03-01,722.04,residential,India
1,2076-03-02,788.63,residential,India
1,2076-03-03,771.8,residential,India
1,2076-03-04,813.27,residential,India
1,2076-03-05,742.07,residential,India
1,2076-03-06,775.38,residential,India
1,2076-03-07,793.78,residential,India
1,2076-03-08,795.53,residential,India
1,2076-03-09,739.32,residential,India
1,2076-03-10,768.36,residential,India
1,2076-03-11,817.47,residential,India
1,2076-03-12,765.41,residential,India
1,2076-03-13,809.0,residential,India
1,2076-03-14,769.01,residential,India
1,2076-03-15,762.14,residential,India
1,2076-03-16,747.24,residential,India
1,2076-03-17,762.43,residential,India
1,2076-03-18,796.75,residential,India
1,2076-03-19,769.72,residential,India
1,2076-03-20,773.83,residential,India
1,2076-03-21,793.12,residential,India
1,2076-03-22,764.53,residential,India
1,2076-03-23,734.3,residential,India
1,2076-03-24,756.65,residential,India
1,2076-03-25,736.65,residential,India
1,2076-03-26,738.51,residential,India
1,2076-03-27,784.87,residential,India
1,2076-03-28,768.07,residential,India
1,2076-03-29,795.82,residential,India
1,2076-03-30,748.85,residential,India
1,2076-03-31,781.8,residential,India
1,2076-04-01,777.2,residential,India
1,2076-04-02,770.88,residential,India
1,2076-04-03,791.12,residential,India
1,2076-04-04,754.96,residential,India
1,2076-04-05,769.93,residential,India
1,2076-04-06,783.16,residential,India
1,2076-04-07,764.55,residential,India
1,2076-04-08,771.41,residential,India
1,2076-04-09,758.21,residential,India
1,2076-04-10,756.03,residential,India
1,2076-04-11,775.29,residential,India
1,2076-04-12,770.53,residential,India
1,2076-04-13,793.54,residential,India
1,2076-04-14,787.64,residential,India
1,2076-04-15,763.56,residential,India
1,2076-04-16,745.41,residential,India
1,2076-04-17,810.42,residential,India
1,2076-04-18,778.64,residential,India
1,2076-04-19,728.03,residential,India
1,2076-04-20,762.78,residential,India
1,2076-04-21,797.22,residential,India
1,2076-04-22,746.55,residential,India
1,2076-04-23,797.5,residential,India
1,2076-04-24,774.01,residential,India
1,2076-04-25,777.76,residential,India
1,2076-04-26,768.24,residential,India
1,2076-04-27,759.23,residential,India
1,2076-04-28,790.24,residential,India
1,2076-04-29,766.4,residential,India
1,2076-04-30,771.09,residential,India
1,2076-05-01,793.68,residential,India
1,2076-05-02,766.34,residential,India
1,2076-05-03,750.34,residential,India
1,2076-05-04,766.87,residential,India
1,2076-05-05,791.79,residential,India
1,2076-05-06,761.71,residential,India
1,2076-05-07,798.78,residential,India
1,2076-05-08,757.55,residential,India
1,2076-05-09,773.06,residential,India
1,2076-05-10,767.89,residential,India
1,2076-05-11,780.86,residential,India
1,2076-05-12,805.85,residential,India
1,2076-05-13,763.5,residential,India
1,2076-05-14,791.95,residential,India
1,2076-05-15,745.81,residential,India
1,2076-05-16,797.76,residential,India
1,2076-05-17,775.62,residential,India
1,2076-05-18,770.06,residential,India
1,2076-05-19,755.61,residential,India
1,2076-05-20,776.44,residential,India
1,2076-05-21,738.16,residential,India
1,2076-05-22,761.06,residential,India
1,2076-05-23,745.39,residential,India
1,2076-05-24,792.6,residential,India
1,2076-05-25,825.37,residential,India
1,2076-05-26,755.32,residential,India
1,2076-05-27,756.62,residential,India
1,2076-05-28,788.4,residential,India
1,2076-05-29,774.35,residential,India
1,2076-05-30,769.19,residential,India
1,2076-05-31,794.48,residential,India
1,2076-06-01,764.87,residential,India
1,2076-06-02,755.77,residential,India
1,2076-06-03,797.14,residential,India
1,2076-06-04,784.99,residential,India
1,2076-06-05,781.76,residential,India
1,2076-06-06,780.61,residential,India
1,2076-06-07,766.41,residential,India
1,2076-06-08,760.71,residential,India
1,2076-06-09,788.25,residential,India
1,2076-06-10,743.59,residential,India
1,2076-06-11,745.49,residential,India
1,2076-06-12,760.47,residential,India
1,2076-06-13,784.31,residential,India
1,2076-06-14,761.1,residential,India
1,2076-06-15,802.79,residential,India
1,2076-06-16,780.07,residential,India
1,2076-06-17,776.8,residential,India
1,2076-06-18,783.61,residential,India
1,2076-06-19,795.76,residential,India
1,2076-06-20,779.66,residential,India
1,2076-06-21,747.91,residential,India
1,2076-06-22,785.45,residential,India
1,2076-06-23,808.55,residential,India
1,2076-06-24,791.9,residential,India
1,2076-06-25,747.53,residential,India
1,2076-06-26,787.32,residential,India
1,2076-06-27,791.54,residential,India
1,2076-06-28,774.47,residential,India
1,2076-06-29,805.8,residential,India
1,2076-06-30,776.7,residential,India
1,2076-07-01,771.8,residential,India
1,2076-07-02,774.57,residential,India
1,2076-07-03,799.16,residential,India
1,2076-07-04,804.91,residential,India
1,2076-07-05,752.18,residential,India
1,2076-07-06,810.19,residential,India
1,2076-07-07,774.78,residential,India
1,2076-07-08,807.64,residential,India
1,2076-07-09,773.6,residential,India
1,2076-07-10,795.05,residential,India
1,2076-07-11,738.23,residential,India
1,2076-07-12,782.89,residential,India
1,2076-07-13,789.92,residential,India
1,2076-07-14,757.42,residential,India
1,2076-07-15,801.74,residential,India
1,2076-07-16,786.78,residential,India
1,2076-07-17,760.05,residential,India
1,2076-07-18,817.11,residential,India
1,2076-07-19,820.16,residential,India
1,2076-07-20,761.63,residential,India
1,2076-07-21,767.76,residential,India
1,2076-07-22,767.66,residential,India
1,2076-07-23,768.73,residential,India
1,2076-07-24,791.77,residential,India
1,2076-07-25,760.45,residential,India
1,2076-07-26,798.83,residential,India
1,2076-07-27,757.29,residential,India
1,2076-07-28,789.45,residential,India
1,2076-07-29,779.49,residential,India
1,2076-07-30,787.86,residential,India
1,2076-07-31,818.97,residential,India
1,2076-08-01,793.51,residential,India
1,2076-08-02,769.85,residential,India
1,2076-08-03,744.05,residential,India
1,2076-08-04,767.87,residential,India
1,2076-08-05,753.42,residential,India
1,2076-08-06,750.17,residential,India
1,2076-08-07,792.88,residential,India
1,2076-08-08,744.49,residential,India
1,2076-08-09,765.15,residential,India
1,2076-08-10,789.83,residential,India
1,2076-08-11,784.71,residential,India
1,2076-08-12,778.17,residential,India
1,2076-08-13,788.85,residential,India
1,2076-08-14,791.96,residential,India
1,2076-08-15,761.45,residential,India
1,2076-08-16,792.06,residential,India
1,2076-08-17,777.73,residential,India
1,2076-08-18,792.03,residential,India
1,2076-08-19,811.51,residential,India
1,2076-08-20,772.34,residential,India
1,2076-08-21,747.16,residential,India
1,2076-08-22,796.37,residential,India
1,2076-08-23,785.38,residential,India
1,2076-08-24,824.11,residential,India
1,2076-08-25,819.24,residential,India
1,2076-08-26,743.89,residential,India
1,2076-08-27,797.44,residential,India
1,2076-08-28,787.94,residential,India
1,2076-08-29,780.07,residential,India
1,2076-08-30,796.24,residential,India
1,2076-08-31,782.86,residential,India
1,2076-09-01,794.62,residential,India
1,2076-09-02,789.8,residential,India
1,2076-09-03,800.14,residential,India
1,2076-09-04,775.45,residential,India
1,2076-09-05,808.68,residential,India
1,2076-09-06,771.72,residential,India
1,2076-09-07,775.24,residential,India
1,2076-09-08,775.85,residential,India
1,2076-09-09,767.73,residential,India
1,2076-09-10,751.58,residential,India
1,2076-09-11,761.85,residential,India
1,2076-09-12,801.24,residential,India
1,2076-09-13,777.77,residential,India
1,2076-09-14,797.39,residential,India
1,2076-09-15,783.81,residential,India
1,2076-09-16,801.74,residential,India
1,2076-09-17,775.4,residential,India
1,2076-09-18,808.8,residential,India
1,2076-09-19,743.33,residential,India
1,2076-09-20,787.91,residential,India
1,2076-09-21,757.07,residential,India
1,2076-09-22,788.69,residential,India
1,2076-09-23,786.88,residential,India
1,2076-09-24,799.61,residential,India
1,2076-09-25,808.86,residential,India
1,2076-09-26,790.16,residential,India
1,2076-09-27,790.01,residential,India
1,2076-09-28,799.25,residential,India
1,2076-09-29,781.75,residential,India
1,2076-09-30,799.5,residential,India
1,2076-10-01,772.16,residential,India
1,2076-10-02,772.25,residential,India
1,2076-10-03,739.78,residential,India
1,2076-10-04,734.67,residential,India
1,2076-10-05,768.61,residential,India
1,2076-10-06,752.26,residential,India
1,2076-10-07,802.4,residential,India
1,2076-10-08,751.75,residential,India
1,2076-10-09,788.13,residential,India
1,2076-10-10,779.38,residential,India
1,2076-10-11,754.58,residential,India
1,2076-10-12,788.41,residential,India
1,2076-10-13,778.4,residential,India
1,2076-10-14,794.48,residential,India
1,2076-10-15,811.3,residential,India
1,2076-10-16,769.09,residential,India
1,2076-10-17,790.42,residential,India
1,2076-10-18,791.51,residential,India
1,2076-10-19,788.1,residential,India
1,2076-10-20,784.95,residential,India
1,2076-10-21,740.02,residential,India
1,2076-10-22,779.83,residential,India
1,2076-10-23,791.67,residential,India
1,2076-10-24,770.19,residential,India
1,2076-10-25,774.1,residential,India
1,2076-10-26,759.42,residential,India
1,2076-10-27,798.93,residential,India
1,2076-10-28,809.7,residential,India
1,2076-10-29,801.06,residential,India
1,2076-10-30,793.21,residential,India
1,2076-10-31,773.01,residential,India
1,2076-11-01,763.44,residential,India
1,2076-11-02,799.06,residential,India
1,2076-11-03,778.62,residential,India
1,2076-11-04,777.79,residential,India
1,2076-11-05,785.03,residential,India
1,2076-11-06,792.68,residential,India
1,2076-11-07,769.66,residential,India
1,2076-11-08,799.56,residential,India
1,2076-11-09,788.13,residential,India
1,2076-11-10,761.84,residential,India
1,2076-11-11,799.38,residential,India
1,2076-11-12,816.09,residential,India
1,2076-11-13,798.59,residential,India
1,2076-11-14,803.54,residential,India
1,2076-11-15,795.58,residential,India
1,2076-11-16,805.14,residential,India
1,2076-11-17,776.26,residential,India
1,2076-11-18,780.82,residential,India
1,2076-11-19,840.35,residential,India
1,2076-11-20,794.16,residential,India
1,2076-11-21,791.01,residential,India
1,2076-11-22,779.77,residential,India
1,2076-11-23,761.57,residential,India
1,2076-11-24,819.81,residential,India
1,2076-11-25,763.42,residential,India
1,2076-11-26,767.04,residential,India
1,2076-11-27,764.64,residential,India
1,2076-11-28,766.6,residential,India
1,2076-11-29,756.31,residential,India
1,2076-11-30,767.1,residential,India
1,2076-12-01,782.29,residential,India
1,2076-12-02,757.42,residential,India
1,2076-12-03,741.45,residential,India
1,2076-12-04,779.51,residential,India
1,2076-12-05,763.15,residential,India
1,2076-12-06,774.06,residential,India
1,2076-12-07,757.51,residential,India
1,2076-12-08,780.39,residential,India
1,2076-12-09,797.39,residential,India
1,2076-12-10,770.01,residential,India
1,2076-12-11,779.92,residential,India
1,2076-12-12,771.99,residential,India
1,2076-12-13,783.77,residential,India
1,2076-12-14,766.91,residential,India
1,2076-12-15,807.82,residential,India
1,2076-12-16,777.51,residential,India
1,2076-12-17,774.02,residential,India
1,2076-12-18,796.33,residential,India
1,2076-12-19,794.0,residential,India
1,2076-12-20,742.06,residential,India
1,2076-12-21,750.92,residential,India
1,2076-12-22,774.14,residential,India
1,2076-12-23,778.75,residential,India
1,2076-12-24,771.29,residential,India
1,2076-12-25,774.78,residential,India
1,2076-12-26,769.65,residential,India
1,2076-12-27,764.2,residential,India
1,2076-12-28,773.9,residential,India
1,2076-12-29,734.41,residential,India
1,2076-12-30,770.48,residential,India
1,2076-12-31,793.3,residential,India
1,2077-01-01,785.08,residential,India
1,2077-01-02,770.65,residential,India
1,2077-01-03,793.76,residential,India
1,2077-01-04,746.02,residential,India
1,2077-01-05,801.23,residential,India
1,2077-01-06,762.92,residential,India
1,2077-01-07,796.88,residential,India
1,2077-01-08,769.94,residential,India
1,2077-01-09,793.46,residential,India
1,2077-01-10,786.68,residential,India
1,2077-01-11,810.95,residential,India
1,2077-01-12,748.83,residential,India
1,2077-01-13,763.93,residential,India
1,2077-01-14,808.95,residential,India
1,2077-01-15,756.94,residential,India
1,2077-01-16,773.43,residential,India
1,2077-01-17,769.24,residential,India
1,2077-01-18,744.05,residential,India
1,2077-01-19,769.22,residential,India
1,2077-01-20,815.53,residential,India
1,2077-01-21,784.86,residential,India
1,2077-01-22,761.77,residential,India
1,2077-01-23,759.59,residential,India
1,2077-01-24,778.12,residential,India
1,2077-01-25,776.78,residential,India
1,2077-01-26,762.65,residential,India
1,2077-01-27,777.76,residential,India
1,2077-01-28,763.56,residential,India
1,2077-01-29,788.43,residential,India
1,2077-01-30,737.43,residential,India
1,2077-01-31,775.24,residential,India
1,2077-02-01,747.84,residential,India
1,2077-02-02,784.29,residential,India
1,2077-02-03,746.61,residential,India
1,2077-02-04,765.34,residential,India
1,2077-02-05,802.9,residential,India
1,2077-02-06,784.94,residential,India
1,2077-02-07,757.88,residential,India
1,2077-02-08,773.43,residential,India
1,2077-02-09,798.65,residential,India
1,2077-02-10,787.43,residential,India
1,2077-02-11,761.6,residential,India
1,2077-02-12,767.49,residential,India
1,2077-02-13,799.29,residential,India
1,2077-02-14,785.55,residential,India
1,2077-02-15,798.38,residential,India
1,2077-02-16,776.91,residential,India
1,2077-02-17,797.48,residential,India
1,2077-02-18,798.41,residential,India
1,2077-02-19,762.27,residential,India
1,2077-02-20,781.42,residential,India
1,2077-02-21,767.58,residential,India
1,2077-02-22,784.64,residential,India
1,2077-02-23,757.67,residential,India
1,2077-02-24,805.3,residential,India
1,2077-02-25,763.04,residential,India
1,2077-02-26,801.06,residential,India
1,2077-02-27,802.29,residential,India
1,2077-02-28,767.69,residential,India
1,2077-03-01,765.31,residential,India
1,2077-03-02,755.36,residential,India
1,2077-03-03,779.4,residential,India
1,2077-03-04,756.15,residential,India
1,2077-03-05,768.95,residential,India
1,2077-03-06,791.1,residential,India
1,2077-03-07,721.92,residential,India
1,2077-03-08,774.66,residential,India
1,2077-03-09,753.13,residential,India
1,2077-03-10,763.93,residential,India
1,2077-03-11,824.42,residential,India
1,2077-03-12,780.43,residential,India
1,2077-03-13,762.11,residential,India
1,2077-03-14,795.86,residential,India
1,2077-03-15,767.36,residential,India
1,2077-03-16,782.32,residential,India
1,2077-03-17,748.39,residential,India
1,2077-03-18,746.71,residential,India
1,2077-03-19,773.07,residential,India
1,2077-03-20,759.74,residential,India
1,2077-03-21,795.35,residential,India
1,2077-03-22,737.61,residential,India
1,2077-03-23,785.7,residential,India
1,2077-03-24,769.88,residential,India
1,2077-03-25,791.4,residential,India
1,2077-03-26,738.7,residential,India
1,2077-03-27,791.11,residential,India
1,2077-03-28,784.02,residential,India
1,2077-03-29,766.89,residential,India
1,2077-03-30,784.79,residential,India
1,2077-03-31,782.42,residential,India
1,2077-04-01,756.81,residential,India
1,2077-04-02,770.22,residential,India
1,2077-04-03,790.22,residential,India
1,2077-04-04,728.74,residential,India
1,2077-04-05,757.24,residential,India
1,2077-04-06,787.1,residential,India
1,2077-04-07,785.71,residential,India
1,2077-04-08,757.84,residential,India
1,2077-04-09,773.07,residential,India
1,2077-04-10,757.13,residential,India
1,2077-04-11,749.89,residential,India
1,2077-04-12,799.35,residential,India
1,2077-04-13,742.27,residential,India
1,2077-04-14,759.48,residential,India
1,2077-04-15,764.76,residential,India
1,2077-04-16,758.72,residential,India
1,2077-04-17,744.86,residential,India
1,2077-04-18,754.08,residential,India
1,2077-04-19,772.46,residential,India
1,2077-04-20,772.51,residential,India
1,2077-04-21,749.33,residential,India
1,2077-04-22,777.02,residential,India
1,2077-04-23,755.92,residential,India
1,2077-04-24,782.38,residential,India
1,2077-04-25,780.29,residential,India
1,2077-04-26,774.6,residential,India
1,2077-04-27,762.75,residential,India
1,2077-04-28,780.26,residential,India
1,2077-04-29,784.14,residential,India
1,2077-04-30,782.16,residential,India
1,2077-05-01,759.61,residential,India
1,2077-05-02,733.56,residential,India
1,2077-05-03,794.3,residential,India
1,2077-05-04,763.11,residential,India
1,2077-05-05,754.9,residential,India
1,2077-05-06,768.1,residential,India
1,2077-05-07,772.39,residential,India
1,2077-05-08,773.23,residential,India
1,2077-05-09,768.92,residential,India
1,2077-05-10,753.36,residential,India
1,2077-05-11,787.22,residential,India
1,2077-05-12,769.34,residential,India
1,2077-05-13,771.94,residential,India
1,2077-05-14,775.45,residential,India
1,2077-05-15,802.09,residential,India
1,2077-05-16,768.33,residential,India
1,2077-05-17,774.1,residential,India
1,2077-05-18,771.46,residential,India
1,2077-05-19,774.36,residential,India
1,2077-05-20,784.12,residential,India
1,2077-05-21,784.05,residential,India
1,2077-05-22,772.82,residential,India
1,2077-05-23,725.95,residential,India
1,2077-05-24,768.52,residential,India
1,2077-05-25,758.76,residential,India
1,2077-05-26,787.67,residential,India
1,2077-05-27,801.02,residential,India
1,2077-05-28,810.66,residential,India
1,2077-05-29,791.24,residential,India
1,2077-05-30,777.54,residential,India
1,2077-05-31,774.1,residential,India
1,2077-06-01,769.48,residential,India
1,2077-06-02,781.7,residential,India
1,2077-06-03,777.87,residential,India
1,2077-06-04,794.97,residential,India
1,2077-06-05,740.48,residential,India
1,2077-06-06,743.87,residential,India
1,2077-06-07,775.66,residential,India
1,2077-06-08,756.41,residential,India
1,2077-06-09,736.52,residential,India
1,2077-06-10,743.13,residential,India
1,2077-06-11,766.05,residential,India
1,2077-06-12,753.2,residential,India
1,2077-06-13,772.98,residential,India
1,2077-06-14,761.23,residential,India
1,2077-06-15,762.2,residential,India
1,2077-06-16,765.51,residential,India
1,2077-06-17,784.99,residential,India
1,2077-06-18,782.38,residential,India
1,2077-06-19,784.8,residential,India
1,2077-06-20,775.62,residential,India
1,2077-06-21,800.95,residential,India
1,2077-06-22,787.06,residential,India
1,2077-06-23,739.36,residential,India
1,2077-06-24,728.62,residential,India
1,2077-06-25,791.0,residential,India
1,2077-06-26,759.13,residential,India
1,2077-06-27,758.09,residential,India
1,2077-06-28,729.03,residential,India
1,2077-06-29,752.82,residential,India
1,2077-06-30,814.02,residential,India
1,2077-07-01,754.31,residential,India
1,2077-07-02,730.27,residential,India
1,2077-07-03,813.25,residential,India
1,2077-07-04,731.19,residential,India
1,2077-07-05,764.1,residential,India
1,2077-07-06,769.05,residential,India
1,2077-07-07,749.25,residential,India
1,2077-07-08,732.52,residential,India
1,2077-07-09,753.07,residential,India
1,2077-07-10,757.95,residential,India
1,2077-07-11,738.97,residential,India
1,2077-07-12,766.2,residential,India
1,2077-07-13,757.39,residential,India
1,2077-07-14,753.06,residential,India
1,2077-07-15,759.16,residential,India
1,2077-07-16,743.83,residential,India
1,2077-07-17,750.53,residential,India
1,2077-07-18,773.2,residential,India
1,2077-07-19,770.41,residential,India
1,2077-07-20,758.36,residential,India
1,2077-07-21,741.45,residential,India
1,2077-07-22,760.02,residential,India
1,2077-07-23,742.93,residential,India
1,2077-07-24,750.98,residential,India
1,2077-07-25,772.66,residential,India
1,2077-07-26,763.71,residential,India
1,2077-07-27,758.96,residential,India
1,2077-07-28,768.56,residential,India
1,2077-07-29,746.33,residential,India
1,2077-07-30,734.23,residential,India
1,2077-07-31,735.45,residential,India
1,2077-08-01,769.64,residential,India
1,2077-08-02,738.15,residential,India
1,2077-08-03,744.55,residential,India
1,2077-08-04,774.37,residential,India
1,2077-08-05,783.59,residential,India
1,2077-08-06,749.63,residential,India
1,2077-08-07,751.16,residential,India
1,2077-08-08,761.09,residential,India
1,2077-08-09,744.12,residential,India
1,2077-08-10,782.37,residential,India
1,2077-08-11,770.92,residential,India
1,2077-08-12,784.66,residential,India
1,2077-08-13,721.21,residential,India
1,2077-08-14,756.59,residential,India
1,2077-08-15,782.12,residential,India
1,2077-08-16,754.29,residential,India
1,2077-08-17,780.26,residential,India
1,2077-08-18,788.51,residential,India
1,2077-08-19,758.12,residential,India
1,2077-08-20,773.32,residential,India
1,2077-08-21,788.29,residential,India
1,2077-08-22,720.5,residential,India
1,2077-08-23,741.33,residential,India
1,2077-08-24,739.17,residential,India
1,2077-08-25,756.7,residential,India
1,2077-08-26,748.7,residential,India
1,2077-08-27,752.62,residential,India
1,2077-08-28,747.23,residential,India
1,2077-08-29,753.84,residential,India
1,2077-08-30,771.1,residential,India
1,2077-08-31,738.98,residential,India
1,2077-09-01,749.03,residential,India
1,2077-09-02,721.74,residential,India
1,2077-09-03,797.86,residential,India
1,2077-09-04,748.07,residential,India
1,2077-09-05,759.05,residential,India
1,2077-09-06,774.07,residential,India
1,2077-09-07,772.6,residential,India
1,2077-09-08,757.72,residential,India
1,2077-09-09,730.45,residential,India
1,2077-09-10,754.15,residential,India
1,2077-09-11,760.24,residential,India
1,2077-09-12,756.29,residential,India
1,2077-09-13,757.86,residential,India
1,2077-09-14,759.57,residential,India
1,2077-09-15,756.12,residential,India
1,2077-09-16,784.03,residential,India
1,2077-09-17,788.66,residential,India
1,2077-09-18,774.66,residential,India
1,2077-09-19,780.44,residential,India
1,2077-09-20,773.88,residential,India
1,2077-09-21,735.54,residential,India
1,2077-09-22,769.38,residential,India
1,2077-09-23,735.67,residential,India
1,2077-09-24,754.3,residential,India
1,2077-09-25,755.75,residential,India
1,2077-09-26,714.74,residential,India
1,2077-09-27,762.08,residential,India
1,2077-09-28,792.65,residential,India
1,2077-09-29,752.07,residential,India
1,2077-09-30,750.78,residential,India
1,2077-10-01,750.41,residential,India
1,2077-10-02,756.52,residential,India
1,2077-10-03,764.38,residential,India
1,2077-10-04,757.56,residential,India
1,2077-10-05,749.37,residential,India
1,2077-10-06,752.93,residential,India
1,2077-10-07,762.99,residential,India
1,2077-10-08,723.95,residential,India
1,2077-10-09,767.91,residential,India
1,2077-10-10,732.68,residential,India
1,2077-10-11,756.58,residential,India
1,2077-10-12,752.33,residential,India
1,2077-10-13,740.97,residential,India
1,2077-10-14,752.77,residential,India
1,2077-10-15,767.53,residential,India
1,2077-10-16,768.96,residential,India
1,2077-10-17,744.81,residential,India
1,2077-10-18,775.09,residential,India
1,2077-10-19,772.3,residential,India
1,2077-10-20,768.99,residential,India
1,2077-10-21,721.21,residential,India
1,2077-10-22,720.61,residential,India
1,2077-10-23,771.87,residential,India
1,2077-10-24,709.89,residential,India
1,2077-10-25,743.92,residential,India
1,2077-10-26,764.29,residential,India
1,2077-10-27,727.62,residential,India
1,2077-10-28,765.73,residential,India
1,2077-10-29,734.54,residential,India
1,2077-10-30,761.97,residential,India
1,2077-10-31,762.95,residential,India
1,2077-11-01,751.59,residential,India
1,2077-11-02,748.37,residential,India
1,2077-11-03,743.06,residential,India
1,2077-11-04,765.84,residential,India
1,2077-11-05,731.12,residential,India
1,2077-11-06,759.01,residential,India
1,2077-11-07,743.65,residential,India
1,2077-11-08,738.51,residential,India
1,2077-11-09,774.73,residential,India
1,2077-11-10,790.19,residential,India
1,2077-11-11,743.2,residential,India
1,2077-11-12,783.43,residential,India
1,2077-11-13,753.27,residential,India
1,2077-11-14,741.85,residential,India
1,2077-11-15,732.47,residential,India
1,2077-11-16,746.56,residential,India
1,2077-11-17,735.34,residential,India
1,2077-11-18,760.83,residential,India
1,2077-11-19,778.67,residential,India
1,2077-11-20,746.76,residential,India
1,2077-11-21,754.12,residential,India
1,2077-11-22,732.21,residential,India
1,2077-11-23,747.19,residential,India
1,2077-11-24,739.05,residential,India
1,2077-11-25,798.75,residential,India
1,2077-11-26,786.96,residential,India
1,2077-11-27,755.49,residential,India
1,2077-11-28,784.2,residential,India
1,2077-11-29,744.12,residential,India
1,2077-11-30,722.7,residential,India
1,2077-12-01,745.82,residential,India
1,2077-12-02,711.5,residential,India
1,2077-12-03,764.84,residential,India
1,2077-12-04,776.98,residential,India
1,2077-12-05,766.49,residential,India
1,2077-12-06,732.0,residential,India
1,2077-12-07,744.78,residential,India
1,2077-12-08,789.61,residential,India
1,2077-12-09,760.39,residential,India
1,2077-12-10,748.86,residential,India
1,2077-12-11,751.38,residential,India
1,2077-12-12,746.17,residential,India
1,2077-12-13,725.33,residential,India
1,2077-12-14,773.28,residential,India
1,2077-12-15,783.54,residential,India
1,2077-12-16,720.93,residential,India
1,2077-12-17,744.8,residential,India
1,2077-12-18,752.38,residential,India
1,2077-12-19,767.07,residential,India
1,2077-12-20,768.04,residential,India
1,2077-12-21,756.2,residential,India
1,2077-12-22,733.96,residential,India
1,2077-12-23,714.78,residential,India
1,2077-12-24,752.69,residential,India
1,2077-12-25,751.2,residential,India
1,2077-12-26,740.73,residential,India
1,2077-12-27,765.04,residential,India
1,2077-12-28,738.72,residential,India
1,2077-12-29,741.75,residential,India
1,2077-12-30,775.92,residential,India
1,2077-12-31,766.54,residential,India
1,2078-01-01,765.78,residential,India
1,2078-01-02,767.24,residential,India
1,2078-01-03,776.35,residential,India
1,2078-01-04,731.94,residential,India
1,2078-01-05,742.08,residential,India
1,2078-01-06,737.65,residential,India
1,2078-01-07,741.53,residential,India
1,2078-01-08,771.73,residential,India
1,2078-01-09,743.52,residential,India
1,2078-01-10,708.16,residential,India
1,2078-01-11,757.6,residential,India
1,2078-01-12,733.09,residential,India
1,2078-01-13,738.63,residential,India
1,2078-01-14,748.86,residential,India
1,2078-01-15,734.24,residential,India
1,2078-01-16,767.35,residential,India
1,2078-01-17,760.07,residential,India
1,2078-01-18,784.36,residential,India
1,2078-01-19,753.03,residential,India
1,2078-01-20,746.09,residential,India
1,2078-01-21,755.24,residential,India
1,2078-01-22,745.48,residential,India
1,2078-01-23,720.3,residential,India
1,2078-01-24,712.61,residential,India
1,2078-01-25,748.99,residential,India
1,2078-01-26,765.11,residential,India
1,2078-01-27,711.55,residential,India
1,2078-01-28,762.01,residential,India
1,2078-01-29,782.0,residential,India
1,2078-01-30,715.04,residential,India
1,2078-01-31,739.16,residential,India
1,2078-02-01,746.97,residential,India
1,2078-02-02,727.2,residential,India
1,2078-02-03,763.8,residential,India
1,2078-02-04,784.06,residential,India
1,2078-02-05,748.15,residential,India
1,2078-02-06,720.24,residential,India
1,2078-02-07,801.89,residential,India
1,2078-02-08,747.79,residential,India
1,2078-02-09,736.59,residential,India
1,2078-02-10,742.84,residential,India
1,2078-02-11,766.88,residential,India
1,2078-02-12,752.62,residential,India
1,2078-02-13,753.37,residential,India
1,2078-02-14,739.1,residential,India
1,2078-02-15,745.35,residential,India
1,2078-02-16,747.91,residential,India
1,2078-02-17,726.29,residential,India
1,2078-02-18,747.56,residential,India
1,2078-02-19,765.42,residential,India
1,2078-02-20,772.64,residential,India
1,2078-02-21,740.32,residential,India
1,2078-02-22,766.71,residential,India
1,2078-02-23,743.53,residential,India
1,2078-02-24,783.24,residential,India
1,2078-02-25,756.11,residential,India
1,2078-02-26,737.03,residential,India
1,2078-02-27,741.83,residential,India
1,2078-02-28,757.39,residential,India
1,2078-03-01,733.43,residential,India
1,2078-03-02,729.96,residential,India
1,2078-03-03,763.76,residential,India
1,2078-03-04,739.96,residential,India
1,2078-03-05,702.64,residential,India
1,2078-03-06,738.72,residential,India
1,2078-03-07,706.0,residential,India
1,2078-03-08,728.53,residential,India
1,2078-03-09,757.05,residential,India
1,2078-03-10,735.24,residential,India
1,2078-03-11,730.13,residential,India
1,2078-03-12,740.92,residential,India
1,2078-03-13,764.42,residential,India
1,2078-03-14,721.24,residential,India
1,2078-03-15,755.22,residential,India
1,2078-03-16,713.5,residential,India
1,2078-03-17,735.68,residential,India
1,2078-03-18,732.79,residential,India
1,2078-03-19,750.02,residential,India
1,2078-03-20,767.54,residential,India
1,2078-03-21,762.21,residential,India
1,2078-03-22,763.21,residential,India
1,2078-03-23,767.72,residential,India
1,2078-03-24,723.49,residential,India
1,2078-03-25,742.54,residential,India
1,2078-03-26,747.33,residential,India
1,2078-03-27,762.08,residential,India
1,2078-03-28,718.24,residential,India
1,2078-03-29,738.23,residential,India
1,2078-03-30,736.16,residential,India
1,2078-03-31,723.42,residential,India
1,2078-04-01,774.4,residential,India
1,2078-04-02,746.08,residential,India
1,2078-04-03,740.02,residential,India
1,2078-04-04,723.11,residential,India
1,2078-04-05,753.73,residential,India
1,2078-04-06,725.95,residential,India
1,2078-04-07,781.41,residential,India
1,2078-04-08,758.96,residential,India
1,2078-04-09,737.02,residential,India
1,2078-04-10,764.38,residential,India
1,2078-04-11,791.57,residential,India
1,2078-04-12,729.69,residential,India
1,2078-04-13,745.6,residential,India
1,2078-04-14,727.77,residential,India
1,2078-04-15,756.4,residential,India
1,2078-04-16,732.42,residential,India
1,2078-04-17,719.57,residential,India
1,2078-04-18,701.18,residential,India
1,2078-04-19,727.36,residential,India
1,2078-04-20,712.66,residential,India
1,2078-04-21,740.75,residential,India
1,2078-04-22,780.78,residential,India
1,2078-04-23,786.53,residential,India
1,2078-04-24,742.35,residential,India
1,2078-04-25,720.1,residential,India
1,2078-04-26,746.94,residential,India
1,2078-04-27,753.61,residential,India
1,2078-04-28,718.47,residential,India
1,2078-04-29,732.81,residential,India
1,2078-04-30,745.5,residential,India
1,2078-05-01,731.21,residential,India
1,2078-05-02,730.21,residential,India
1,2078-05-03,707.02,residential,India
1,2078-05-04,707.79,residential,India
1,2078-05-05,750.93,residential,India
1,2078-05-06,736.85,residential,India
1,2078-05-07,805.18,residential,India
1,2078-05-08,714.51,residential,India
1,2078-05-09,773.8,residential,India
1,2078-05-10,703.38,residential,India
1,2078-05-11,721.31,residential,India
1,2078-05-12,709.32,residential,India
1,2078-05-13,731.01,residential,India
1,2078-05-14,739.55,residential,India
1,2078-05-15,766.77,residential,India
1,2078-05-16,730.46,residential,India
1,2078-05-17,733.29,residential,India
1,2078-05-18,693.01,residential,India
1,2078-05-19,729.05,residential,India
1,2078-05-20,716.69,residential,India
1,2078-05-21,723.5,residential,India
1,2078-05-22,755.81,residential,India
1,2078-05-23,709.34,residential,India
1,2078-05-24,756.99,residential,India
1,2078-05-25,680.07,residential,India
1,2078-05-26,755.23,residential,India
1,2078-05-27,696.7,residential,India
1,2078-05-28,730.94,residential,India
1,2078-05-29,752.16,residential,India
1,2078-05-30,773.29,residential,India
1,2078-05-31,713.39,residential,India
1,2078-06-01,687.56,residential,India
1,2078-06-02,764.79,residential,India
1,2078-06-03,760.46,residential,India
1,2078-06-04,708.38,residential,India
1,2078-06-05,738.23,residential,India
1,2078-06-06,738.39,residential,India
1,2078-06-07,750.02,residential,India
1,2078-06-08,745.77,residential,India
1,2078-06-09,747.8,residential,India
1,2078-06-10,715.57,residential,India
1,2078-06-11,734.12,residential,India
1,2078-06-12,727.72,residential,India
1,2078-06-13,746.08,residential,India
1,2078-06-14,705.38,residential,India
1,2078-06-15,706.71,residential,India
1,2078-06-16,752.27,residential,India
1,2078-06-17,735.38,residential,India
1,2078-06-18,744.81,residential,India
1,2078-06-19,721.59,residential,India
1,2078-06-20,758.33,residential,India
1,2078-06-21,759.48,residential,India
1,2078-06-22,747.58,residential,India
1,2078-06-23,726.55,residential,India
1,2078-06-24,760.43,residential,India
1,2078-06-25,710.43,residential,India
1,2078-06-26,728.69,residential,India
1,2078-06-27,753.46,residential,India
1,2078-06-28,737.46,residential,India
1,2078-06-29,755.36,residential,India
1,2078-06-30,753.23,residential,India
1,2078-07-01,732.41,residential,India
1,2078-07-02,722.26,residential,India
1,2078-07-03,743.96,residential,India
1,2078-07-04,742.93,residential,India
1,2078-07-05,733.29,residential,India
1,2078-07-06,719.42,residential,India
1,2078-07-07,740.39,residential,India
1,2078-07-08,747.57,residential,India
1,2078-07-09,690.42,residential,India
1,2078-07-10,749.23,residential,India
1,2078-07-11,718.99,residential,India
1,2078-07-12,740.14,residential,India
1,2078-07-13,702.79,residential,India
1,2078-07-14,728.95,residential,India
1,2078-07-15,745.37,residential,India
1,2078-07-16,718.08,residential,India
1,2078-07-17,766.49,residential,India
1,2078-07-18,748.67,residential,India
1,2078-07-19,732.18,residential,India
1,2078-07-20,731.2,residential,India
1,2078-07-21,740.47,residential,India
1,2078-07-22,720.49,residential,India
1,2078-07-23,744.83,residential,India
1,2078-07-24,753.96,residential,India
1,2078-07-25,712.85,residential,India
1,2078-07-26,683.37,residential,India
1,2078-07-27,712.14,residential,India
1,2078-07-28,715.69,residential,India
1,2078-07-29,723.36,residential,India
1,2078-07-30,727.38,residential,India
1,2078-07-31,733.9,residential,India
1,2078-08-01,712.05,residential,India
1,2078-08-02,766.0,residential,India
1,2078-08-03,731.37,residential,India
1,2078-08-04,722.0,residential,India
1,2078-08-05,738.37,residential,India
1,2078-08-06,710.44,residential,India
1,2078-08-07,744.74,residential,India
1,2078-08-08,724.97,residential,India
1,2078-08-09,699.81,residential,India
1,2078-08-10,703.98,residential,India
1,2078-08-11,736.8,residential,India
1,2078-08-12,729.3,residential,India
1,2078-08-13,697.95,residential,India
1,2078-08-14,700.91,residential,India
1,2078-08-15,722.56,residential,India
1,2078-08-16,734.45,residential,India
1,2078-08-17,747.99,residential,India
1,2078-08-18,715.02,residential,India
1,2078-08-19,742.16,residential,India
1,2078-08-20,736.6,residential,India
1,2078-08-21,704.2,residential,India
1,2078-08-22,688.07,residential,India
1,2078-08-23,729.86,residential,India
1,2078-08-24,731.5,residential,India
1,2078-08-25,732.5,residential,India
1,2078-08-26,734.18,residential,India
1,2078-08-27,702.23,residential,India
1,2078-08-28,730.43,residential,India
1,2078-08-29,731.1,residential,India
1,2078-08-30,717.56,residential,India
1,2078-08-31,764.6,residential,India
1,2078-09-01,677.6,residential,India
1,2078-09-02,690.34,residential,India
1,2078-09-03,720.38,residential,India
1,2078-09-04,700.62,residential,India
1,2078-09-05,730.57,residential,India
1,2078-09-06,734.81,residential,India
1,2078-09-07,696.33,residential,India
1,2078-09-08,702.76,residential,India
1,2078-09-09,721.44,residential,India
1,2078-09-10,692.55,residential,India
1,2078-09-11,749.41,residential,India
1,2078-09-12,728.31,residential,India
1,2078-09-13,693.06,residential,India
1,2078-09-14,701.25,residential,India
1,2078-09-15,696.27,residential,India
1,2078-09-16,722.34,residential,India
1,2078-09-17,745.15,residential,India
1,2078-09-18,727.76,residential,India
1,2078-09-19,709.4,residential,India
1,2078-09-20,682.22,residential,India
1,2078-09-21,741.69,residential,India
1,2078-09-22,754.2,residential,India
1,2078-09-23,712.52,residential,India
1,2078-09-24,708.51,residential,India
1,2078-09-25,689.04,residential,India
1,2078-09-26,735.62,residential,India
1,2078-09-27,709.34,residential,India
1,2078-09-28,724.39,residential,India
1,2078-09-29,706.91,residential,India
1,2078-09-30,720.28,residential,India
1,2078-10-01,715.86,residential,India
1,2078-10-02,713.17,residential,India
1,2078-10-03,728.76,residential,India
1,2078-10-04,692.79,residential,India
1,2078-10-05,713.63,residential,India
1,2078-10-06,740.08,residential,India
1,2078-10-07,751.95,residential,India
1,2078-10-08,716.69,residential,India
1,2078-10-09,688.86,residential,India
1,2078-10-10,707.09,residential,India
1,2078-10-11,712.77,residential,India
1,2078-10-12,708.5,residential,India
1,2078-10-13,754.43,residential,India
1,2078-10-14,713.09,residential,India
1,2078-10-15,728.75,residential,India
1,2078-10-16,726.04,residential,India
1,2078-10-17,686.81,residential,India
1,2078-10-18,670.15,residential,India
1,2078-10-19,753.9,residential,India
1,2078-10-20,709.69,residential,India
1,2078-10-21,701.11,residential,India
1,2078-10-22,734.17,residential,India
1,2078-10-23,711.5,residential,India
1,2078-10-24,709.36,residential,India
1,2078-10-25,747.98,residential,India
1,2078-10-26,725.52,residential,India
1,2078-10-27,711.61,residential,India
1,2078-10-28,687.35,residential,India
1,2078-10-29,700.31,residential,India
1,2078-10-30,693.52,residential,India
1,2078-10-31,691.0,residential,India
1,2078-11-01,731.96,residential,India
1,2078-11-02,704.79,residential,India
1,2078-11-03,727.21,residential,India
1,2078-11-04,724.9,residential,India
1,2078-11-05,707.58,residential,India
1,2078-11-06,722.99,residential,India
1,2078-11-07,731.25,residential,India
1,2078-11-08,721.61,residential,India
1,2078-11-09,732.31,residential,India
1,2078-11-10,712.24,residential,India
1,2078-11-11,706.01,residential,India
1,2078-11-12,696.43,residential,India
1,2078-11-13,708.71,residential,India
1,2078-11-14,709.96,residential,India
1,2078-11-15,759.19,residential,India
1,2078-11-16,738.03,residential,India
1,2078-11-17,705.41,residential,India
1,2078-11-18,733.16,residential,India
1,2078-11-19,704.87,residential,India
1,2078-11-20,732.71,residential,India
1,2078-11-21,731.07,residential,India
1,2078-11-22,712.46,residential,India
1,2078-11-23,701.35,residential,India
1,2078-11-24,732.39,residential,India
1,2078-11-25,695.64,residential,India
1,2078-11-26,691.32,residential,India
1,2078-11-27,706.5,residential,India
1,2078-11-28,711.89,residential,India
1,2078-11-29,709.2,residential,India
1,2078-11-30,751.37,residential,India
1,2078-12-01,688.31,residential,India
1,2078-12-02,725.92,residential,India
1,2078-12-03,695.32,residential,India
1,2078-12-04,728.63,residential,India
1,2078-12-05,714.98,residential,India
1,2078-12-06,721.93,residential,India
1,2078-12-07,691.8,residential,India
1,2078-12-08,702.29,residential,India
1,2078-12-09,742.31,residential,India
1,2078-12-10,677.47,residential,India
1,2078-12-11,713.42,residential,India
1,2078-12-12,710.69,residential,India
1,2078-12-13,702.7,residential,India
1,2078-12-14,725.54,residential,India
1,2078-12-15,750.52,residential,India
1,2078-12-16,733.65,residential,India
1,2078-12-17,716.59,residential,India
1,2078-12-18,665.34,residential,India
1,2078-12-19,705.93,residential,India
1,2078-12-20,692.03,residential,India
1,2078-12-21,715.72,residential,India
1,2078-12-22,697.11,residential,India
1,2078-12-23,712.43,residential,India
1,2078-12-24,733.1,residential,India
1,2078-12-25,725.28,residential,India
1,2078-12-26,732.02,residential,India
1,2078-12-27,747.42,residential,India
1,2078-12-28,696.61,residential,India
1,2078-12-29,701.12,residential,India
1,2078-12-30,717.13,residential,India
1,2078-12-31,729.12,residential,India
1,2079-01-01,694.26,residential,India
1,2079-01-02,708.48,residential,India
1,2079-01-03,715.61,residential,India
1,2079-01-04,703.3,residential,India
1,2079-01-05,685.74,residential,India
1,2079-01-06,739.95,residential,India
1,2079-01-07,721.93,residential,India
1,2079-01-08,710.28,residential,India
1,2079-01-09,699.73,residential,India
1,2079-01-10,711.3,residential,India
1,2079-01-11,704.49,residential,India
1,2079-01-12,704.8,residential,India
1,2079-01-13,705.31,residential,India
1,2079-01-14,683.79,residential,India
1,2079-01-15,703.52,residential,India
1,2079-01-16,732.69,residential,India
1,2079-01-17,666.1,residential,India
1,2079-01-18,716.99,residential,India
1,2079-01-19,713.31,residential,India
1,2079-01-20,733.57,residential,India
1,2079-01-21,701.96,residential,India
1,2079-01-22,729.32,residential,India
1,2079-01-23,711.13,residential,India
1,2079-01-24,713.83,residential,India
1,2079-01-25,712.02,residential,India
1,2079-01-26,690.4,residential,India
1,2079-01-27,688.72,residential,India
1,2079-01-28,692.5,residential,India
1,2079-01-29,729.37,residential,India
1,2079-01-30,735.71,residential,India
1,2079-01-31,698.8,residential,India
1,2079-02-01,741.77,residential,India
1,2079-02-02,734.73,residential,India
1,2079-02-03,728.2,residential,India
1,2079-02-04,692.02,residential,India
1,2079-02-05,699.95,residential,India
1,2079-02-06,718.22,residential,India
1,2079-02-07,713.9,residential,India
1,2079-02-08,738.05,residential,India
1,2079-02-09,738.74,residential,India
1,2079-02-10,718.55,residential,India
1,2079-02-11,725.41,residential,India
1,2079-02-12,716.44,residential,India
1,2079-02-13,682.19,residential,India
1,2079-02-14,701.62,residential,India
1,2079-02-15,681.33,residential,India
1,2079-02-16,690.85,residential,India
1,2079-02-17,705.61,residential,India
1,2079-02-18,698.43,residential,India
1,2079-02-19,711.75,residential,India
1,2079-02-20,719.11,residential,India
1,2079-02-21,693.5,residential,India
1,2079-02-22,712.81,residential,India
1,2079-02-23,663.26,residential,India
1,2079-02-24,719.27,residential,India
1,2079-02-25,693.03,residential,India
1,2079-02-26,692.66,residential,India
1,2079-02-27,714.39,residential,India
1,2079-02-28,697.04,residential,India
1,2079-03-01,749.94,residential,India
1,2079-03-02,689.43,residential,India
1,2079-03-03,733.76,residential,India
1,2079-03-04,724.86,residential,India
1,2079-03-05,693.68,residential,India
1,2079-03-06,716.13,residential,India
1,2079-03-07,701.87,residential,India
1,2079-03-08,728.9,residential,India
1,2079-03-09,720.77,residential,India
1,2079-03-10,714.65,residential,India
1,2079-03-11,697.36,residential,India
1,2079-03-12,690.79,residential,India
1,2079-03-13,677.72,residential,India
1,2079-03-14,726.18,residential,India
1,2079-03-15,719.58,residential,India
1,2079-03-16,722.58,residential,India
1,2079-03-17,711.16,residential,India
1,2079-03-18,708.34,residential,India
1,2079-03-19,705.95,residential,India
1,2079-03-20,733.06,residential,India
1,2079-03-21,688.19,residential,India
1,2079-03-22,706.37,residential,India
1,2079-03-23,697.38,residential,India
1,2079-03-24,754.75,residential,India
1,2079-03-25,718.83,residential,India
1,2079-03-26,690.2,residential,India
1,2079-03-27,660.9,residential,India
1,2079-03-28,725.39,residential,India
1,2079-03-29,703.78,residential,India
1,2079-03-30,705.77,residential,India
1,2079-03-31,700.11,residential,India
1,2079-04-01,660.16,residential,India
1,2079-04-02,715.75,residential,India
1,2079-04-03,707.59,residential,India
1,2079-04-04,704.68,residential,India
1,2079-04-05,675.04,residential,India
1,2079-04-06,703.12,residential,India
1,2079-04-07,717.15,residential,India
1,2079-04-08,695.62,residential,India
1,2079-04-09,690.55,residential,India
1,2079-04-10,703.63,residential,India
1,2079-04-11,713.06,residential,India
1,2079-04-12,685.27,residential,India
1,2079-04-13,696.59,residential,India
1,2079-04-14,713.64,residential,India
1,2079-04-15,689.7,residential,India
1,2079-04-16,677.96,residential,India
1,2079-04-17,669.36,residential,India
1,2079-04-18,698.54,residential,India
1,2079-04-19,745.51,residential,India
1,2079-04-20,692.92,residential,India
1,2079-04-21,716.94,residential,India
1,2079-04-22,678.92,residential,India
1,2079-04-23,714.13,residential,India
1,2079-04-24,734.64,residential,India
1,2079-04-25,762.45,residential,India
1,2079-04-26,727.68,residential,India
1,2079-04-27,704.79,residential,India
1,2079-04-28,736.43,residential,India
1,2079-04-29,699.75,residential,India
1,2079-04-30,701.31,residential,India
1,2079-05-01,720.82,residential,India
1,2079-05-02,684.59,residential,India
1,2079-05-03,734.11,residential,India
1,2079-05-04,715.57,residential,India
1,2079-05-05,697.47,residential,India
1,2079-05-06,715.63,residential,India
1,2079-05-07,715.48,residential,India
1,2079-05-08,718.12,residential,India
1,2079-05-09,700.53,residential,India
1,2079-05-10,704.19,residential,India
1,2079-05-11,743.57,residential,India
1,2079-05-12,713.67,residential,India
1,2079-05-13,705.28,residential,India
1,2079-05-14,709.55,residential,India
1,2079-05-15,692.54,residential,India
1,2079-05-16,712.71,residential,India
1,2079-05-17,723.12,residential,India
1,2079-05-18,727.49,residential,India
1,2079-05-19,705.9,residential,India
1,2079-05-20,677.6,residential,India
1,2079-05-21,712.3,residential,India
1,2079-05-22,715.28,residential,India
1,2079-05-23,692.95,residential,India
1,2079-05-24,725.65,residential,India
1,2079-05-25,697.5,residential,India
1,2079-05-26,725.27,residential,India
1,2079-05-27,717.41,residential,India
1,2079-05-28,687.34,residential,India
1,2079-05-29,706.25,residential,India
1,2079-05-30,695.94,residential,India
1,2079-05-31,705.65,residential,India
1,2079-06-01,759.21,residential,India
1,2079-06-02,685.82,residential,India
1,2079-06-03,683.42,residential,India
1,2079-06-04,705.13,residential,India
1,2079-06-05,707.9,residential,India
1,2079-06-06,683.22,residential,India
1,2079-06-07,723.26,residential,India
1,2079-06-08,712.5,residential,India
1,2079-06-09,717.4,residential,India
1,2079-06-10,728.41,residential,India
1,2079-06-11,693.24,residential,India
1,2079-06-12,675.24,residential,India
1,2079-06-13,709.85,residential,India
1,2079-06-14,709.32,residential,India
1,2079-06-15,727.55,residential,India
1,2079-06-16,739.64,residential,India
1,2079-06-17,701.6,residential,India
1,2079-06-18,708.01,residential,India
1,2079-06-19,709.39,residential,India
1,2079-06-20,679.08,residential,India
1,2079-06-21,701.53,residential,India
1,2079-06-22,689.55,residential,India
1,2079-06-23,682.1,residential,India
1,2079-06-24,713.43,residential,India
1,2079-06-25,726.9,residential,India
1,2079-06-26,720.77,residential,India
1,2079-06-27,705.5,residential,India
1,2079-06-28,708.7,residential,India
1,2079-06-29,680.25,residential,India
1,2079-06-30,729.25,residential,India
1,2079-07-01,725.98,residential,India
1,2079-07-02,696.11,residential,India
1,2079-07-03,696.13,residential,India
1,2079-07-04,733.81,residential,India
1,2079-07-05,721.26,residential,India
1,2079-07-06,740.65,residential,India
1,2079-07-07,708.53,residential,India
1,2079-07-08,684.75,residential,India
1,2079-07-09,684.41,residential,India
1,2079-07-10,732.37,residential,India
1,2079-07-11,692.67,residential,India
1,2079-07-12,716.81,residential,India
1,2079-07-13,677.56,residential,India
1,2079-07-14,733.64,residential,India
1,2079-07-15,670.25,residential,India
1,2079-07-16,681.07,residential,India
1,2079-07-17,757.04,residential,India
1,2079-07-18,679.46,residential,India
1,2079-07-19,743.74,residential,India
1,2079-07-20,686.51,residential,India
1,2079-07-21,703.23,residential,India
1,2079-07-22,720.45,residential,India
1,2079-07-23,722.51,residential,India
1,2079-07-24,699.39,residential,India
1,2079-07-25,716.17,residential,India
1,2079-07-26,722.92,residential,India
1,2079-07-27,677.92,residential,India
1,2079-07-28,691.15,residential,India
1,2079-07-29,700.37,residential,India
1,2079-07-30,708.72,residential,India
1,2079-07-31,732.48,residential,India
1,2079-08-01,760.93,residential,India
1,2079-08-02,776.2,residential,India
1,2079-08-03,707.16,residential,India
1,2079-08-04,694.07,residential,India
1,2079-08-05,751.23,residential,India
1,2079-08-06,679.36,residential,India
1,2079-08-07,692.05,residential,India
1,2079-08-08,687.9,residential,India
1,2079-08-09,704.72,residential,India
1,2079-08-10,685.68,residential,India
1,2079-08-11,777.4,residential,India
1,2079-08-12,703.56,residential,India
1,2079-08-13,687.68,residential,India
1,2079-08-14,679.89,residential,India
1,2079-08-15,679.39,residential,India
1,2079-08-16,644.92,residential,India
1,2079-08-17,711.69,residential,India
1,2079-08-18,665.58,residential,India
1,2079-08-19,638.42,residential,India
1,2079-08-20,707.76,residential,India
1,2079-08-21,696.46,residential,India
1,2079-08-22,710.12,residential,India
1,2079-08-23,692.07,residential,India
1,2079-08-24,695.31,residential,India
1,2079-08-25,675.81,residential,India
1,2079-08-26,696.28,residential,India
1,2079-08-27,703.08,residential,India
1,2079-08-28,702.3,residential,India
1,2079-08-29,685.44,residential,India
1,2079-08-30,698.62,residential,India
1,2079-08-31,693.52,residential,India
1,2079-09-01,678.36,residential,India
1,2079-09-02,709.02,residential,India
1,2079-09-03,690.94,residential,India
1,2079-09-04,646.49,residential,India
1,2079-09-05,745.56,residential,India
1,2079-09-06,660.82,residential,India
1,2079-09-07,681.46,residential,India
1,2079-09-08,721.09,residential,India
1,2079-09-09,630.04,residential,India
1,2079-09-10,697.31,residential,India
1,2079-09-11,708.29,residential,India
1,2079-09-12,687.67,residential,India
1,2079-09-13,729.09,residential,India
1,2079-09-14,723.92,residential,India
1,2079-09-15,704.17,residential,India
1,2079-09-16,725.3,residential,India
1,2079-09-17,670.45,residential,India
1,2079-09-18,693.67,residential,India
1,2079-09-19,710.22,residential,India
1,2079-09-20,712.45,residential,India
1,2079-09-21,696.13,residential,India
1,2079-09-22,708.21,residential,India
1,2079-09-23,669.44,residential,India
1,2079-09-24,680.37,residential,India
1,2079-09-25,691.04,residential,India
1,2079-09-26,680.23,residential,India
1,2079-09-27,682.46,residential,India
1,2079-09-28,709.16,residential,India
1,2079-09-29,724.7,residential,India
1,2079-09-30,673.79,residential,India
1,2079-10-01,670.12,residential,India
1,2079-10-02,713.49,residential,India
1,2079-10-03,721.65,residential,India
1,2079-10-04,687.88,residential,India
1,2079-10-05,703.7,residential,India
1,2079-10-06,697.79,residential,India
1,2079-10-07,711.29,residential,India
1,2079-10-08,690.28,residential,India
1,2079-10-09,684.07,residential,India
1,2079-10-10,691.08,residential,India
1,2079-10-11,712.01,residential,India
1,2079-10-12,730.57,residential,India
1,2079-10-13,702.61,residential,India
1,2079-10-14,705.41,residential,India
1,2079-10-15,709.71,residential,India
1,2079-10-16,733.05,residential,India
1,2079-10-17,725.06,residential,India
1,2079-10-18,718.02,residential,India
1,2079-10-19,676.02,residential,India
1,2079-10-20,704.83,residential,India
1,2079-10-21,707.12,residential,India
1,2079-10-22,720.08,residential,India
1,2079-10-23,695.96,residential,India
1,2079-10-24,723.51,residential,India
1,2079-10-25,727.95,residential,India
1,2079-10-26,692.46,residential,India
1,2079-10-27,703.52,residential,India
1,2079-10-28,696.84,residential,India
1,2079-10-29,677.75,residential,India
1,2079-10-30,758.19,residential,India
1,2079-10-31,653.54,residential,India
1,2079-11-01,698.72,residential,India
1,2079-11-02,705.38,residential,India
1,2079-11-03,711.88,residential,India
1,2079-11-04,683.94,residential,India
1,2079-11-05,685.12,residential,India
1,2079-11-06,689.48,residential,India
1,2079-11-07,696.39,residential,India
1,2079-11-08,707.24,residential,India
1,2079-11-09,689.37,residential,India
1,2079-11-10,678.39,residential,India
1,2079-11-11,703.29,residential,India
1,2079-11-12,735.17,residential,India
1,2079-11-13,687.88,residential,India
1,2079-11-14,686.3,residential,India
1,2079-11-15,692.69,residential,India
1,2079-11-16,741.87,residential,India
1,2079-11-17,691.44,residential,India
1,2079-11-18,727.93,residential,India
1,2079-11-19,688.62,residential,India
1,2079-11-20,691.93,residential,India
1,2079-11-21,710.06,residential,India
1,2079-11-22,705.43,residential,India
1,2079-11-23,688.57,residential,India
1,2079-11-24,701.79,residential,India
1,2079-11-25,701.74,residential,India
1,2079-11-26,683.78,residential,India
1,2079-11-27,709.06,residential,India
1,2079-11-28,745.85,residential,India
1,2079-11-29,703.2,residential,India
1,2079-11-30,698.22,residential,India
1,2079-12-01,683.45,residential,India
1,2079-12-02,695.72,residential,India
1,2079-12-03,724.82,residential,India
1,2079-12-04,704.31,residential,India
1,2079-12-05,689.83,residential,India
1,2079-12-06,701.16,residential,India
1,2079-12-07,684.8,residential,India
1,2079-12-08,734.27,residential,India
1,2079-12-09,724.4,residential,India
1,2079-12-10,684.83,residential,India
1,2079-12-11,697.59,residential,India
1,2079-12-12,696.9,residential,India
1,2079-12-13,731.4,residential,India
1,2079-12-14,715.98,residential,India
1,2079-12-15,679.36,residential,India
1,2079-12-16,680.39,residential,India
1,2079-12-17,665.55,residential,India
1,2079-12-18,730.35,residential,India
1,2079-12-19,731.45,residential,India
1,2079-12-20,697.28,residential,India
1,2079-12-21,700.34,residential,India
1,2079-12-22,703.22,residential,India
1,2079-12-23,717.14,residential,India
1,2079-12-24,682.8,residential,India
1,2079-12-25,725.43,residential,India
1,2079-12-26,692.21,residential,India
1,2079-12-27,685.53,residential,India
1,2079-12-28,701.52,residential,India
1,2079-12-29,720.6,residential,India
1,2079-12-30,704.69,residential,India
1,2079-12-31,686.6,residential,India
1,2080-01-01,720.02,residential,India
1,2080-01-02,740.43,residential,India
1,2080-01-03,683.22,residential,India
1,2080-01-04,716.85,residential,India
1,2080-01-05,673.04,residential,India
1,2080-01-06,709.44,residential,India
1,2080-01-07,694.65,residential,India
1,2080-01-08,731.25,residential,India
1,2080-01-09,707.32,residential,India
1,2080-01-10,719.6,residential,India
1,2080-01-11,680.04,residential,India
1,2080-01-12,705.44,residential,India
1,2080-01-13,725.49,residential,India
1,2080-01-14,693.06,residential,India
1,2080-01-15,699.74,residential,India
1,2080-01-16,683.41,residential,India
1,2080-01-17,700.39,residential,India
1,2080-01-18,697.37,residential,India
1,2080-01-19,671.63,residential,India
1,2080-01-20,701.55,residential,India
1,2080-01-21,688.7,residential,India
1,2080-01-22,707.14,residential,India
1,2080-01-23,730.11,residential,India
1,2080-01-24,730.19,residential,India
1,2080-01-25,728.99,residential,India
1,2080-01-26,716.61,residential,India
1,2080-01-27,706.54,residential,India
1,2080-01-28,689.92,residential,India
1,2080-01-29,689.63,residential,India
1,2080-01-30,688.97,residential,India
1,2080-01-31,725.39,residential,India
1,2080-02-01,693.27,residential,India
1,2080-02-02,677.95,residential,India
1,2080-02-03,702.91,residential,India
1,2080-02-04,707.59,residential,India
1,2080-02-05,693.09,residential,India
1,2080-02-06,674.99,residential,India
1,2080-02-07,716.82,residential,India
1,2080-02-08,694.87,residential,India
1,2080-02-09,744.24,residential,India
1,2080-02-10,683.14,residential,India
1,2080-02-11,716.09,residential,India
1,2080-02-12,718.49,residential,India
1,2080-02-13,653.05,residential,India
1,2080-02-14,749.26,residential,India
1,2080-02-15,698.77,residential,India
1,2080-02-16,693.2,residential,India
1,2080-02-17,698.98,residential,India
1,2080-02-18,712.84,residential,India
1,2080-02-19,719.6,residential,India
1,2080-02-20,718.99,residential,India
1,2080-02-21,701.53,residential,India
1,2080-02-22,703.02,residential,India
1,2080-02-23,688.35,residential,India
1,2080-02-24,737.93,residential,India
1,2080-02-25,719.9,residential,India
1,2080-02-26,707.41,residential,India
1,2080-02-27,697.81,residential,India
1,2080-02-28,702.44,residential,India
1,2080-02-29,709.49,residential,India
1,2080-03-01,692.2,residential,India
1,2080-03-02,699.15,residential,India
1,2080-03-03,732.14,residential,India
1,2080-03-04,701.85,residential,India
1,2080-03-05,726.07,residential,India
1,2080-03-06,710.0,residential,India
1,2080-03-07,690.92,residential,India
1,2080-03-08,719.79,residential,India
1,2080-03-09,713.61,residential,India
1,2080-03-10,704.06,residential,India
1,2080-03-11,701.48,residential,India
1,2080-03-12,671.74,residential,India
1,2080-03-13,684.62,residential,India
1,2080-03-14,727.01,residential,India
1,2080-03-15,708.85,residential,India
1,2080-03-16,690.49,residential,India
1,2080-03-17,721.4,residential,India
1,2080-03-18,738.31,residential,India
1,2080-03-19,732.09,residential,India
1,2080-03-20,643.94,residential,India
1,2080-03-21,711.79,residential,India
1,2080-03-22,696.24,residential,India
1,2080-03-23,710.75,residential,India
1,2080-03-24,718.7,residential,India
1,2080-03-25,733.04,residential,India
1,2080-03-26,686.13,residential,India
1,2080-03-27,694.62,residential,India
1,2080-03-28,685.79,residential,India
1,2080-03-29,711.99,residential,India
1,2080-03-30,700.13,residential,India
1,2080-03-31,684.24,residential,India
1,2080-04-01,699.92,residential,India
1,2080-04-02,677.26,residential,India
1,2080-04-03,723.65,residential,India
1,2080-04-04,727.92,residential,India
1,2080-04-05,714.42,residential,India
1,2080-04-06,745.22,residential,India
1,2080-04-07,712.19,residential,India
1,2080-04-08,688.98,residential,India
1,2080-04-09,691.63,residential,India
1,2080-04-10,733.49,residential,India
1,2080-04-11,706.61,residential,India
1,2080-04-12,727.9,residential,India
1,2080-04-13,697.5,residential,India
1,2080-04-14,680.72,residential,India
1,2080-04-15,705.03,residential,India
1,2080-04-16,684.14,residential,India
1,2080-04-17,688.64,residential,India
1,2080-04-18,723.47,residential,India
1,2080-04-19,699.45,residential,India
1,2080-04-20,735.86,residential,India
1,2080-04-21,725.72,residential,India
1,2080-04-22,693.8,residential,India
1,2080-04-23,717.25,residential,India
1,2080-04-24,708.0,residential,India
1,2080-04-25,703.64,residential,India
1,2080-04-26,716.24,residential,India
1,2080-04-27,689.97,residential,India
1,2080-04-28,694.95,residential,India
1,2080-04-29,706.85,residential,India
1,2080-04-30,703.01,residential,India
1,2080-05-01,683.09,residential,India
1,2080-05-02,750.99,residential,India
1,2080-05-03,724.9,residential,India
1,2080-05-04,695.22,residential,India
1,2080-05-05,728.79,residential,India
1,2080-05-06,705.74,residential,India
1,2080-05-07,725.81,residential,India
1,2080-05-08,706.84,residential,India
1,2080-05-09,683.9,residential,India
1,2080-05-10,707.95,residential,India
1,2080-05-11,715.32,residential,India
1,2080-05-12,674.43,residential,India
1,2080-05-13,670.25,residential,India
1,2080-05-14,702.46,residential,India
1,2080-05-15,701.85,residential,India
1,2080-05-16,669.91,residential,India
1,2080-05-17,725.05,residential,India
1,2080-05-18,709.37,residential,India
1,2080-05-19,716.96,residential,India
1,2080-05-20,699.36,residential,India
1,2080-05-21,707.14,residential,India
1,2080-05-22,696.77,residential,India
1,2080-05-23,689.74,residential,India
1,2080-05-24,704.39,residential,India
1,2080-05-25,701.63,residential,India
1,2080-05-26,689.64,residential,India
1,2080-05-27,735.71,residential,India
1,2080-05-28,726.1,residential,India
1,2080-05-29,732.37,residential,India
1,2080-05-30,702.36,residential,India
1,2080-05-31,690.81,residential,India
1,2080-06-01,724.26,residential,India
1,2080-06-02,738.54,residential,India
1,2080-06-03,716.97,residential,India
1,2080-06-04,706.87,residential,India
1,2080-06-05,677.6,residential,India
1,2080-06-06,740.37,residential,India
1,2080-06-07,697.83,residential,India
1,2080-06-08,686.63,residential,India
1,2080-06-09,682.15,residential,India
1,2080-06-10,715.08,residential,India
1,2080-06-11,711.94,residential,India
1,2080-06-12,695.46,residential,India
1,2080-06-13,738.8,residential,India
1,2080-06-14,694.3,residential,India
1,2080-06-15,735.66,residential,India
1,2080-06-16,709.72,residential,India
1,2080-06-17,714.92,residential,India
1,2080-06-18,723.31,residential,India
1,2080-06-19,701.23,residential,India
1,2080-06-20,733.24,residential,India
1,2080-06-21,692.73,residential,India
1,2080-06-22,683.17,residential,India
1,2080-06-23,711.6,residential,India
1,2080-06-24,668.45,residential,India
1,2080-06-25,701.37,residential,India
1,2080-06-26,709.54,residential,India
1,2080-06-27,718.16,residential,India
1,2080-06-28,720.13,residential,India
1,2080-06-29,714.6,residential,India
1,2080-06-30,701.63,residential,India
1,2080-07-01,702.66,residential,India
1,2080-07-02,698.22,residential,India
1,2080-07-03,750.0,residential,India
1,2080-07-04,702.99,residential,India
1,2080-07-05,688.29,residential,India
1,2080-07-06,726.32,residential,India
1,2080-07-07,718.6,residential,India
1,2080-07-08,687.98,residential,India
1,2080-07-09,724.55,residential,India
1,2080-07-10,720.47,residential,India
1,2080-07-11,718.89,residential,India
1,2080-07-12,738.58,residential,India
1,2080-07-13,707.16,residential,India
1,2080-07-14,681.8,residential,India
1,2080-07-15,720.59,residential,India
1,2080-07-16,692.14,residential,India
1,2080-07-17,712.46,residential,India
1,2080-07-18,711.74,residential,India
1,2080-07-19,691.85,residential,India
1,2080-07-20,709.34,residential,India
1,2080-07-21,735.79,residential,India
1,2080-07-22,712.68,residential,India
1,2080-07-23,716.2,residential,India
1,2080-07-24,728.27,residential,India
1,2080-07-25,724.59,residential,India
1,2080-07-26,721.58,residential,India
1,2080-07-27,727.21,residential,India
1,2080-07-28,698.23,residential,India
1,2080-07-29,701.36,residential,India
1,2080-07-30,706.55,residential,India
1,2080-07-31,706.6,residential,India
1,2080-08-01,692.13,residential,India
1,2080-08-02,748.69,residential,India
1,2080-08-03,691.85,residential,India
1,2080-08-04,730.47,residential,India
1,2080-08-05,727.19,residential,India
1,2080-08-06,719.38,residential,India
1,2080-08-07,700.94,residential,India
1,2080-08-08,714.94,residential,India
1,2080-08-09,715.47,residential,India
1,2080-08-10,720.1,residential,India
1,2080-08-11,718.17,residential,India
1,2080-08-12,739.75,residential,India
1,2080-08-13,720.43,residential,India
1,2080-08-14,697.6,residential,India
1,2080-08-15,708.32,residential,India
1,2080-08-16,745.17,residential,India
1,2080-08-17,736.63,residential,India
1,2080-08-18,728.24,residential,India
1,2080-08-19,713.97,residential,India
1,2080-08-20,716.52,residential,India
1,2080-08-21,699.27,residential,India
1,2080-08-22,721.4,residential,India
1,2080-08-23,693.5,residential,India
1,2080-08-24,711.06,residential,India
1,2080-08-25,732.06,residential,India
1,2080-08-26,711.38,residential,India
1,2080-08-27,701.41,residential,India
1,2080-08-28,708.13,residential,India
1,2080-08-29,697.64,residential,India
1,2080-08-30,728.55,residential,India
1,2080-08-31,714.25,residential,India
1,2080-09-01,688.0,residential,India
1,2080-09-02,695.86,residential,India
1,2080-09-03,720.4,residential,India
1,2080-09-04,703.51,residential,India
1,2080-09-05,703.26,residential,India
1,2080-09-06,743.4,residential,India
1,2080-09-07,703.37,residential,India
1,2080-09-08,740.41,residential,India
1,2080-09-09,738.24,residential,India
1,2080-09-10,721.09,residential,India
1,2080-09-11,702.76,residential,India
1,2080-09-12,705.24,residential,India
1,2080-09-13,762.43,residential,India
1,2080-09-14,705.79,residential,India
1,2080-09-15,688.32,residential,India
1,2080-09-16,723.52,residential,India
1,2080-09-17,739.54,residential,India
1,2080-09-18,723.95,residential,India
1,2080-09-19,737.46,residential,India
1,2080-09-20,706.52,residential,India
1,2080-09-21,701.39,residential,India
1,2080-09-22,720.55,residential,India
1,2080-09-23,734.83,residential,India
1,2080-09-24,697.71,residential,India
1,2080-09-25,730.79,residential,India
1,2080-09-26,725.45,residential,India
1,2080-09-27,740.09,residential,India
1,2080-09-28,718.4,residential,India
1,2080-09-29,724.6,residential,India
1,2080-09-30,735.46,residential,India
1,2080-10-01,710.62,residential,India
1,2080-10-02,711.05,residential,India
1,2080-10-03,729.81,residential,India
1,2080-10-04,736.36,residential,India
1,2080-10-05,751.07,residential,India
1,2080-10-06,683.84,residential,India
1,2080-10-07,691.26,residential,India
1,2080-10-08,701.85,residential,India
1,2080-10-09,671.82,residential,India
1,2080-10-10,718.47,residential,India
1,2080-10-11,739.7,residential,India
1,2080-10-12,707.09,residential,India
1,2080-10-13,758.56,residential,India
1,2080-10-14,747.08,residential,India
1,2080-10-15,725.28,residential,India
1,2080-10-16,723.75,residential,India
1,2080-10-17,709.26,residential,India
1,2080-10-18,696.53,residential,India
1,2080-10-19,737.49,residential,India
1,2080-10-20,719.74,residential,India
1,2080-10-21,743.93,residential,India
1,2080-10-22,742.98,residential,India
1,2080-10-23,709.01,residential,India
1,2080-10-24,710.17,residential,India
1,2080-10-25,765.51,residential,India
1,2080-10-26,723.23,residential,India
1,2080-10-27,760.97,residential,India
1,2080-10-28,735.78,residential,India
1,2080-10-29,733.46,residential,India
1,2080-10-30,783.07,residential,India
1,2080-10-31,706.86,residential,India
1,2080-11-01,721.55,residential,India
1,2080-11-02,707.56,residential,India
1,2080-11-03,724.6,residential,India
1,2080-11-04,706.63,residential,India
1,2080-11-05,709.01,residential,India
1,2080-11-06,743.22,residential,India
1,2080-11-07,686.54,residential,India
1,2080-11-08,770.12,residential,India
1,2080-11-09,749.85,residential,India
1,2080-11-10,695.72,residential,India
1,2080-11-11,728.26,residential,India
1,2080-11-12,743.3,residential,India
1,2080-11-13,717.6,residential,India
1,2080-11-14,702.12,residential,India
1,2080-11-15,752.04,residential,India
1,2080-11-16,733.48,residential,India
1,2080-11-17,724.47,residential,India
1,2080-11-18,708.77,residential,India
1,2080-11-19,703.69,residential,India
1,2080-11-20,698.62,residential,India
1,2080-11-21,721.58,residential,India
1,2080-11-22,713.57,residential,India
1,2080-11-23,696.87,residential,India
1,2080-11-24,706.96,residential,India
1,2080-11-25,708.31,residential,India
1,2080-11-26,690.75,residential,India
1,2080-11-27,704.69,residential,India
1,2080-11-28,738.49,residential,India
1,2080-11-29,763.33,residential,India
1,2080-11-30,735.84,residential,India
1,2080-12-01,730.1,residential,India
1,2080-12-02,704.32,residential,India
1,2080-12-03,678.23,residential,India
1,2080-12-04,716.13,residential,India
1,2080-12-05,736.89,residential,India
1,2080-12-06,716.08,residential,India
1,2080-12-07,716.05,residential,India
1,2080-12-08,714.08,residential,India
1,2080-12-09,748.85,residential,India
1,2080-12-10,706.35,residential,India
1,2080-12-11,739.66,residential,India
1,2080-12-12,744.37,residential,India
1,2080-12-13,749.63,residential,India
1,2080-12-14,713.8,residential,India
1,2080-12-15,778.17,residential,India
1,2080-12-16,701.44,residential,India
1,2080-12-17,734.52,residential,India
1,2080-12-18,720.01,residential,India
1,2080-12-19,753.38,residential,India
1,2080-12-20,728.76,residential,India
1,2080-12-21,693.55,residential,India
1,2080-12-22,720.65,residential,India
1,2080-12-23,792.75,residential,India
1,2080-12-24,692.0,residential,India
1,2080-12-25,733.9,residential,India
1,2080-12-26,722.25,residential,India
1,2080-12-27,712.33,residential,India
1,2080-12-28,700.98,residential,India
1,2080-12-29,733.86,residential,India
1,2080-12-30,748.02,residential,India
1,2080-12-31,735.33,residential,India
1,2081-01-01,723.75,residential,India
1,2081-01-02,704.78,residential,India
1,2081-01-03,735.79,residential,India
1,2081-01-04,745.67,residential,India
1,2081-01-05,718.02,residential,India
1,2081-01-06,750.13,residential,India
1,2081-01-07,715.03,residential,India
1,2081-01-08,741.21,residential,India
1,2081-01-09,719.53,residential,India
1,2081-01-10,704.88,residential,India
1,2081-01-11,712.45,residential,India
1,2081-01-12,724.73,residential,India
1,2081-01-13,744.37,residential,India
1,2081-01-14,730.14,residential,India
1,2081-01-15,719.74,residential,India
1,2081-01-16,730.78,residential,India
1,2081-01-17,802.07,residential,India
1,2081-01-18,753.62,residential,India
1,2081-01-19,739.98,residential,India
1,2081-01-20,705.58,residential,India
1,2081-01-21,749.0,residential,India
1,2081-01-22,762.98,residential,India
1,2081-01-23,755.14,residential,India
1,2081-01-24,737.18,residential,India
1,2081-01-25,738.93,residential,India
1,2081-01-26,763.96,residential,India
1,2081-01-27,719.54,residential,India
1,2081-01-28,724.86,residential,India
1,2081-01-29,707.75,residential,India
1,2081-01-30,738.7,residential,India
1,2081-01-31,731.79,residential,India
1,2081-02-01,690.33,residential,India
1,2081-02-02,736.81,residential,India
1,2081-02-03,754.07,residential,India
1,2081-02-04,737.62,residential,India
1,2081-02-05,713.64,residential,India
1,2081-02-06,734.52,residential,India
1,2081-02-07,723.42,residential,India
1,2081-02-08,770.33,residential,India
1,2081-02-09,748.56,residential,India
1,2081-02-10,739.07,residential,India
1,2081-02-11,776.4,residential,India
1,2081-02-12,786.74,residential,India
1,2081-02-13,705.05,residential,India
1,2081-02-14,730.61,residential,India
1,2081-02-15,743.51,residential,India
1,2081-02-16,732.34,residential,India
1,2081-02-17,751.73,residential,India
1,2081-02-18,754.9,residential,India
1,2081-02-19,779.96,residential,India
1,2081-02-20,722.85,residential,India
1,2081-02-21,752.65,residential,India
1,2081-02-22,779.54,residential,India
1,2081-02-23,767.42,residential,India
1,2081-02-24,767.67,residential,India
1,2081-02-25,754.05,residential,India
1,2081-02-26,722.46,residential,India
1,2081-02-27,760.99,residential,India
1,2081-02-28,730.91,residential,India
1,2081-03-01,745.43,residential,India
1,2081-03-02,734.01,residential,India
1,2081-03-03,734.39,residential,India
1,2081-03-04,731.74,residential,India
1,2081-03-05,734.86,residential,India
1,2081-03-06,740.74,residential,India
1,2081-03-07,724.2,residential,India
1,2081-03-08,764.35,residential,India
1,2081-03-09,736.93,residential,India
1,2081-03-10,692.96,residential,India
1,2081-03-11,742.52,residential,India
1,2081-03-12,775.11,residential,India
1,2081-03-13,733.54,residential,India
1,2081-03-14,735.83,residential,India
1,2081-03-15,732.1,residential,India
1,2081-03-16,715.95,residential,India
1,2081-03-17,725.73,residential,India
1,2081-03-18,716.3,residential,India
1,2081-03-19,731.35,residential,India
1,2081-03-20,731.65,residential,India
1,2081-03-21,758.91,residential,India
1,2081-03-22,746.82,residential,India
1,2081-03-23,765.76,residential,India
1,2081-03-24,765.39,residential,India
1,2081-03-25,738.25,residential,India
1,2081-03-26,707.79,residential,India
1,2081-03-27,731.34,residential,India
1,2081-03-28,750.53,residential,India
1,2081-03-29,706.37,residential,India
1,2081-03-30,734.87,residential,India
1,2081-03-31,747.23,residential,India
1,2081-04-01,734.83,residential,India
1,2081-04-02,753.19,residential,India
1,2081-04-03,750.82,residential,India
1,2081-04-04,761.09,residential,India
1,2081-04-05,719.11,residential,India
1,2081-04-06,739.55,residential,India
1,2081-04-07,745.19,residential,India
1,2081-04-08,734.36,residential,India
1,2081-04-09,739.41,residential,India
1,2081-04-10,689.57,residential,India
1,2081-04-11,698.37,residential,India
1,2081-04-12,741.66,residential,India
1,2081-04-13,716.9,residential,India
1,2081-04-14,723.75,residential,India
1,2081-04-15,725.85,residential,India
1,2081-04-16,761.82,residential,India
1,2081-04-17,744.39,residential,India
1,2081-04-18,757.04,residential,India
1,2081-04-19,718.89,residential,India
1,2081-04-20,741.6,residential,India
1,2081-04-21,778.49,residential,India
1,2081-04-22,732.62,residential,India
1,2081-04-23,727.99,residential,India
1,2081-04-24,740.71,residential,India
1,2081-04-25,740.98,residential,India
1,2081-04-26,761.51,residential,India
1,2081-04-27,763.03,residential,India
1,2081-04-28,771.74,residential,India
1,2081-04-29,755.59,residential,India
1,2081-04-30,760.9,residential,India
1,2081-05-01,730.26,residential,India
1,2081-05-02,784.83,residential,India
1,2081-05-03,739.01,residential,India
1,2081-05-04,714.68,residential,India
1,2081-05-05,734.44,residential,India
1,2081-05-06,768.55,residential,India
1,2081-05-07,756.49,residential,India
1,2081-05-08,765.81,residential,India
1,2081-05-09,717.3,residential,India
1,2081-05-10,738.48,residential,India
1,2081-05-11,734.62,residential,India
1,2081-05-12,772.9,residential,India
1,2081-05-13,721.52,residential,India
1,2081-05-14,763.39,residential,India
1,2081-05-15,745.05,residential,India
1,2081-05-16,756.45,residential,India
1,2081-05-17,785.28,residential,India
1,2081-05-18,779.78,residential,India
1,2081-05-19,747.68,residential,India
1,2081-05-20,747.12,residential,India
1,2081-05-21,723.8,residential,India
1,2081-05-22,784.01,residential,India
1,2081-05-23,744.87,residential,India
1,2081-05-24,721.38,residential,India
1,2081-05-25,773.78,residential,India
1,2081-05-26,733.71,residential,India
1,2081-05-27,759.19,residential,India
1,2081-05-28,707.06,residential,India
1,2081-05-29,783.29,residential,India
1,2081-05-30,738.5,residential,India
1,2081-05-31,716.56,residential,India
1,2081-06-01,758.27,residential,India
1,2081-06-02,736.41,residential,India
1,2081-06-03,765.83,residential,India
1,2081-06-04,776.97,residential,India
1,2081-06-05,742.04,residential,India
1,2081-06-06,731.69,residential,India
1,2081-06-07,747.42,residential,India
1,2081-06-08,728.62,residential,India
1,2081-06-09,709.55,residential,India
1,2081-06-10,739.69,residential,India
1,2081-06-11,787.9,residential,India
1,2081-06-12,768.81,residential,India
1,2081-06-13,735.16,residential,India
1,2081-06-14,724.85,residential,India
1,2081-06-15,757.39,residential,India
1,2081-06-16,758.1,residential,India
1,2081-06-17,744.66,residential,India
1,2081-06-18,756.11,residential,India
1,2081-06-19,730.32,residential,India
1,2081-06-20,777.93,residential,India
1,2081-06-21,768.59,residential,India
1,2081-06-22,725.18,residential,India
1,2081-06-23,738.34,residential,India
1,2081-06-24,751.02,residential,India
1,2081-06-25,775.79,residential,India
1,2081-06-26,733.8,residential,India
1,2081-06-27,731.18,residential,India
1,2081-06-28,768.39,residential,India
1,2081-06-29,740.24,residential,India
1,2081-06-30,758.97,residential,India
1,2081-07-01,757.37,residential,India
1,2081-07-02,716.68,residential,India
1,2081-07-03,761.02,residential,India
1,2081-07-04,808.31,residential,India
1,2081-07-05,782.8,residential,India
1,2081-07-06,774.79,residential,India
1,2081-07-07,744.52,residential,India
1,2081-07-08,745.28,residential,India
1,2081-07-09,754.18,residential,India
1,2081-07-10,738.33,residential,India
1,2081-07-11,763.7,residential,India
1,2081-07-12,758.84,residential,India
1,2081-07-13,752.38,residential,India
1,2081-07-14,784.1,residential,India
1,2081-07-15,784.23,residential,India
1,2081-07-16,778.24,residential,India
1,2081-07-17,734.65,residential,India
1,2081-07-18,735.52,residential,India
1,2081-07-19,778.57,residential,India
1,2081-07-20,733.09,residential,India
1,2081-07-21,756.72,residential,India
1,2081-07-22,737.89,residential,India
1,2081-07-23,726.61,residential,India
1,2081-07-24,799.88,residential,India
1,2081-07-25,741.15,residential,India
1,2081-07-26,717.88,residential,India
1,2081-07-27,770.07,residential,India
1,2081-07-28,761.01,residential,India
1,2081-07-29,738.83,residential,India
1,2081-07-30,747.63,residential,India
1,2081-07-31,765.62,residential,India
1,2081-08-01,759.73,residential,India
1,2081-08-02,750.87,residential,India
1,2081-08-03,739.63,residential,India
1,2081-08-04,732.6,residential,India
1,2081-08-05,781.22,residential,India
1,2081-08-06,751.54,residential,India
1,2081-08-07,766.01,residential,India
1,2081-08-08,770.34,residential,India
1,2081-08-09,724.78,residential,India
1,2081-08-10,743.32,residential,India
1,2081-08-11,752.03,residential,India
1,2081-08-12,751.14,residential,India
1,2081-08-13,787.63,residential,India
1,2081-08-14,742.29,residential,India
1,2081-08-15,761.62,residential,India
1,2081-08-16,764.3,residential,India
1,2081-08-17,753.32,residential,India
1,2081-08-18,753.63,residential,India
1,2081-08-19,695.37,residential,India
1,2081-08-20,804.58,residential,India
1,2081-08-21,810.95,residential,India
1,2081-08-22,806.89,residential,India
1,2081-08-23,756.94,residential,India
1,2081-08-24,761.29,residential,India
1,2081-08-25,783.42,residential,India
1,2081-08-26,755.3,residential,India
1,2081-08-27,745.11,residential,India
1,2081-08-28,761.75,residential,India
1,2081-08-29,730.65,residential,India
1,2081-08-30,774.86,residential,India
1,2081-08-31,760.46,residential,India
1,2081-09-01,737.28,residential,India
1,2081-09-02,739.62,residential,India
1,2081-09-03,775.22,residential,India
1,2081-09-04,753.72,residential,India
1,2081-09-05,767.53,residential,India
1,2081-09-06,786.18,residential,India
1,2081-09-07,756.0,residential,India
1,2081-09-08,782.08,residential,India
1,2081-09-09,777.76,residential,India
1,2081-09-10,777.21,residential,India
1,2081-09-11,765.86,residential,India
1,2081-09-12,750.99,residential,India
1,2081-09-13,745.26,residential,India
1,2081-09-14,795.61,residential,India
1,2081-09-15,774.91,residential,India
1,2081-09-16,741.29,residential,India
1,2081-09-17,780.07,residential,India
1,2081-09-18,751.06,residential,India
1,2081-09-19,741.99,residential,India
1,2081-09-20,763.2,residential,India
1,2081-09-21,771.34,residential,India
1,2081-09-22,770.32,residential,India
1,2081-09-23,741.96,residential,India
1,2081-09-24,749.31,residential,India
1,2081-09-25,777.55,residential,India
1,2081-09-26,745.08,residential,India
1,2081-09-27,756.63,residential,India
1,2081-09-28,788.79,residential,India
1,2081-09-29,748.29,residential,India
1,2081-09-30,761.13,residential,India
1,2081-10-01,781.25,residential,India
1,2081-10-02,746.22,residential,India
1,2081-10-03,774.6,residential,India
1,2081-10-04,773.75,residential,India
1,2081-10-05,756.23,residential,India
1,2081-10-06,749.45,residential,India
1,2081-10-07,775.29,residential,India
1,2081-10-08,752.0,residential,India
1,2081-10-09,709.85,residential,India
1,2081-10-10,753.84,residential,India
1,2081-10-11,782.93,residential,India
1,2081-10-12,767.91,residential,India
1,2081-10-13,804.9,residential,India
1,2081-10-14,758.67,residential,India
1,2081-10-15,815.69,residential,India
1,2081-10-16,780.6,residential,India
1,2081-10-17,789.63,residential,India
1,2081-10-18,753.22,residential,India
1,2081-10-19,800.07,residential,India
1,2081-10-20,784.18,residential,India
1,2081-10-21,753.77,residential,India
1,2081-10-22,756.11,residential,India
1,2081-10-23,741.52,residential,India
1,2081-10-24,795.7,residential,India
1,2081-10-25,786.37,residential,India
1,2081-10-26,805.57,residential,India
1,2081-10-27,762.58,residential,India
1,2081-10-28,763.08,residential,India
1,2081-10-29,741.48,residential,India
1,2081-10-30,774.88,residential,India
1,2081-10-31,774.65,residential,India
1,2081-11-01,742.15,residential,India
1,2081-11-02,764.32,residential,India
1,2081-11-03,809.56,residential,India
1,2081-11-04,820.57,residential,India
1,2081-11-05,779.37,residential,India
1,2081-11-06,768.1,residential,India
1,2081-11-07,799.69,residential,India
1,2081-11-08,748.99,residential,India
1,2081-11-09,782.15,residential,India
1,2081-11-10,804.9,residential,India
1,2081-11-11,762.37,residential,India
1,2081-11-12,764.52,residential,India
1,2081-11-13,778.52,residential,India
1,2081-11-14,784.28,residential,India
1,2081-11-15,779.14,residential,India
1,2081-11-16,768.34,residential,India
1,2081-11-17,801.14,residential,India
1,2081-11-18,802.83,residential,India
1,2081-11-19,741.27,residential,India
1,2081-11-20,788.38,residential,India
1,2081-11-21,784.66,residential,India
1,2081-11-22,759.37,residential,India
1,2081-11-23,772.82,residential,India
1,2081-11-24,759.53,residential,India
1,2081-11-25,810.23,residential,India
1,2081-11-26,796.92,residential,India
1,2081-11-27,796.95,residential,India
1,2081-11-28,765.24,residential,India
1,2081-11-29,778.82,residential,India
1,2081-11-30,738.07,residential,India
1,2081-12-01,760.43,residential,India
1,2081-12-02,789.21,residential,India
1,2081-12-03,744.48,residential,India
1,2081-12-04,766.68,residential,India
1,2081-12-05,802.22,residential,India
1,2081-12-06,770.19,residential,India
1,2081-12-07,818.74,residential,India
1,2081-12-08,769.64,residential,India
1,2081-12-09,766.53,residential,India
1,2081-12-10,772.62,residential,India
1,2081-12-11,795.96,residential,India
1,2081-12-12,757.99,residential,India
1,2081-12-13,790.62,residential,India
1,2081-12-14,782.15,residential,India
1,2081-12-15,810.97,residential,India
1,2081-12-16,782.77,residential,India
1,2081-12-17,757.13,residential,India
1,2081-12-18,745.95,residential,India
1,2081-12-19,791.14,residential,India
1,2081-12-20,763.75,residential,India
1,2081-12-21,750.87,residential,India
1,2081-12-22,822.48,residential,India
1,2081-12-23,761.93,residential,India
1,2081-12-24,757.2,residential,India
1,2081-12-25,789.48,residential,India
1,2081-12-26,798.44,residential,India
1,2081-12-27,761.12,residential,India
1,2081-12-28,769.96,residential,India
1,2081-12-29,751.23,residential,India
1,2081-12-30,761.58,residential,India
1,2081-12-31,779.69,residential,India
1,2082-01-01,796.9,residential,India
1,2082-01-02,789.69,residential,India
1,2082-01-03,802.92,residential,India
1,2082-01-04,768.51,residential,India
1,2082-01-05,785.63,residential,India
1,2082-01-06,793.91,residential,India
1,2082-01-07,778.05,residential,India
1,2082-01-08,786.36,residential,India
1,2082-01-09,750.48,residential,India
1,2082-01-10,785.63,residential,India
1,2082-01-11,807.75,residential,India
1,2082-01-12,737.08,residential,India
1,2082-01-13,824.47,residential,India
1,2082-01-14,757.51,residential,India
1,2082-01-15,787.72,residential,India
1,2082-01-16,799.77,residential,India
1,2082-01-17,758.21,residential,India
1,2082-01-18,827.71,residential,India
1,2082-01-19,795.45,residential,India
1,2082-01-20,784.53,residential,India
1,2082-01-21,780.6,residential,India
1,2082-01-22,750.86,residential,India
1,2082-01-23,788.25,residential,India
1,2082-01-24,753.18,residential,India
1,2082-01-25,771.82,residential,India
1,2082-01-26,760.62,residential,India
1,2082-01-27,768.63,residential,India
1,2082-01-28,800.12,residential,India
1,2082-01-29,773.26,residential,India
1,2082-01-30,767.62,residential,India
1,2082-01-31,761.93,residential,India
1,2082-02-01,782.09,residential,India
1,2082-02-02,805.44,residential,India
1,2082-02-03,791.95,residential,India
1,2082-02-04,762.71,residential,India
1,2082-02-05,785.1,residential,India
1,2082-02-06,764.36,residential,India
1,2082-02-07,750.41,residential,India
1,2082-02-08,807.52,residential,India
1,2082-02-09,768.3,residential,India
1,2082-02-10,793.21,residential,India
1,2082-02-11,779.49,residential,India
1,2082-02-12,781.34,residential,India
1,2082-02-13,813.04,residential,India
1,2082-02-14,805.69,residential,India
1,2082-02-15,815.59,residential,India
1,2082-02-16,804.4,residential,India
1,2082-02-17,796.69,residential,India
1,2082-02-18,790.36,residential,India
1,2082-02-19,782.29,residential,India
1,2082-02-20,805.31,residential,India
1,2082-02-21,779.05,residential,India
1,2082-02-22,741.84,residential,India
1,2082-02-23,771.66,residential,India
1,2082-02-24,779.85,residential,India
1,2082-02-25,799.12,residential,India
1,2082-02-26,784.9,residential,India
1,2082-02-27,787.93,residential,India
1,2082-02-28,756.75,residential,India
1,2082-03-01,813.93,residential,India
1,2082-03-02,813.19,residential,India
1,2082-03-03,755.81,residential,India
1,2082-03-04,805.69,residential,India
1,2082-03-05,777.12,residential,India
1,2082-03-06,785.71,residential,India
1,2082-03-07,763.99,residential,India
1,2082-03-08,804.6,residential,India
1,2082-03-09,790.52,residential,India
1,2082-03-10,801.76,residential,India
1,2082-03-11,820.2,residential,India
1,2082-03-12,803.58,residential,India
1,2082-03-13,786.31,residential,India
1,2082-03-14,787.65,residential,India
1,2082-03-15,783.33,residential,India
1,2082-03-16,773.18,residential,India
1,2082-03-17,821.25,residential,India
1,2082-03-18,764.79,residential,India
1,2082-03-19,791.44,residential,India
1,2082-03-20,790.81,residential,India
1,2082-03-21,808.67,residential,India
1,2082-03-22,805.9,residential,India
1,2082-03-23,809.21,residential,India
1,2082-03-24,770.4,residential,India
1,2082-03-25,815.71,residential,India
1,2082-03-26,792.81,residential,India
1,2082-03-27,801.08,residential,India
1,2082-03-28,773.33,residential,India
1,2082-03-29,771.88,residential,India
1,2082-03-30,777.27,residential,India
1,2082-03-31,761.81,residential,India
1,2082-04-01,798.08,residential,India
1,2082-04-02,821.48,residential,India
1,2082-04-03,782.16,residential,India
1,2082-04-04,799.72,residential,India
1,2082-04-05,787.45,residential,India
1,2082-04-06,798.56,residential,India
1,2082-04-07,768.9,residential,India
1,2082-04-08,806.42,residential,India
1,2082-04-09,791.45,residential,India
1,2082-04-10,790.86,residential,India
1,2082-04-11,809.23,residential,India
1,2082-04-12,783.49,residential,India
1,2082-04-13,797.4,residential,India
1,2082-04-14,795.18,residential,India
1,2082-04-15,793.7,residential,India
1,2082-04-16,808.35,residential,India
1,2082-04-17,824.55,residential,India
1,2082-04-18,767.39,residential,India
1,2082-04-19,811.34,residential,India
1,2082-04-20,814.87,residential,India
1,2082-04-21,786.76,residential,India
1,2082-04-22,800.08,residential,India
1,2082-04-23,785.92,residential,India
1,2082-04-24,775.26,residential,India
1,2082-04-25,802.15,residential,India
1,2082-04-26,801.66,residential,India
1,2082-04-27,801.8,residential,India
1,2082-04-28,792.74,residential,India
1,2082-04-29,814.56,residential,India
1,2082-04-30,779.71,residential,India
1,2082-05-01,824.98,residential,India
1,2082-05-02,778.62,residential,India
1,2082-05-03,836.75,residential,India
1,2082-05-04,778.97,residential,India
1,2082-05-05,807.06,residential,India
1,2082-05-06,764.92,residential,India
1,2082-05-07,832.49,residential,India
1,2082-05-08,804.27,residential,India
1,2082-05-09,843.17,residential,India
1,2082-05-10,763.28,residential,India
1,2082-05-11,803.08,residential,India
1,2082-05-12,773.55,residential,India
1,2082-05-13,797.86,residential,India
1,2082-05-14,771.77,residential,India
1,2082-05-15,813.26,residential,India
1,2082-05-16,794.91,residential,India
1,2082-05-17,783.29,residential,India
1,2082-05-18,792.05,residential,India
1,2082-05-19,802.95,residential,India
1,2082-05-20,784.35,residential,India
1,2082-05-21,803.87,residential,India
1,2082-05-22,753.74,residential,India
1,2082-05-23,803.93,residential,India
1,2082-05-24,799.8,residential,India
1,2082-05-25,811.1,residential,India
1,2082-05-26,831.71,residential,India
1,2082-05-27,822.89,residential,India
1,2082-05-28,817.51,residential,India
1,2082-05-29,796.3,residential,India
1,2082-05-30,782.91,residential,India
1,2082-05-31,774.4,residential,India
1,2082-06-01,811.9,residential,India
1,2082-06-02,798.13,residential,India
1,2082-06-03,814.79,residential,India
1,2082-06-04,834.75,residential,India
1,2082-06-05,815.77,residential,India
1,2082-06-06,816.87,residential,India
1,2082-06-07,823.7,residential,India
1,2082-06-08,789.65,residential,India
1,2082-06-09,779.98,residential,India
1,2082-06-10,835.08,residential,India
1,2082-06-11,770.48,residential,India
1,2082-06-12,814.62,residential,India
1,2082-06-13,758.06,residential,India
1,2082-06-14,847.62,residential,India
1,2082-06-15,811.55,residential,India
1,2082-06-16,806.78,residential,India
1,2082-06-17,822.76,residential,India
1,2082-06-18,830.98,residential,India
1,2082-06-19,786.06,residential,India
1,2082-06-20,798.49,residential,India
1,2082-06-21,811.31,residential,India
1,2082-06-22,815.5,residential,India
1,2082-06-23,793.35,residential,India
1,2082-06-24,840.75,residential,India
1,2082-06-25,807.7,residential,India
1,2082-06-26,793.95,residential,India
1,2082-06-27,796.44,residential,India
1,2082-06-28,804.51,residential,India
1,2082-06-29,815.45,residential,India
1,2082-06-30,793.24,residential,India
1,2082-07-01,802.37,residential,India
1,2082-07-02,803.71,residential,India
1,2082-07-03,802.39,residential,India
1,2082-07-04,795.41,residential,India
1,2082-07-05,805.98,residential,India
1,2082-07-06,755.38,residential,India
1,2082-07-07,817.94,residential,India
1,2082-07-08,834.28,residential,India
1,2082-07-09,792.99,residential,India
1,2082-07-10,761.49,residential,India
1,2082-07-11,819.7,residential,India
1,2082-07-12,810.01,residential,India
1,2082-07-13,786.09,residential,India
1,2082-07-14,824.9,residential,India
1,2082-07-15,814.94,residential,India
1,2082-07-16,817.56,residential,India
1,2082-07-17,778.11,residential,India
1,2082-07-18,809.97,residential,India
1,2082-07-19,757.95,residential,India
1,2082-07-20,846.88,residential,India
1,2082-07-21,803.02,residential,India
1,2082-07-22,829.86,residential,India
1,2082-07-23,847.82,residential,India
1,2082-07-24,774.15,residential,India
1,2082-07-25,833.44,residential,India
1,2082-07-26,810.97,residential,India
1,2082-07-27,782.06,residential,India
1,2082-07-28,831.68,residential,India
1,2082-07-29,805.55,residential,India
1,2082-07-30,822.46,residential,India
1,2082-07-31,790.34,residential,India
1,2082-08-01,788.47,residential,India
1,2082-08-02,797.99,residential,India
1,2082-08-03,822.24,residential,India
1,2082-08-04,776.44,residential,India
1,2082-08-05,832.39,residential,India
1,2082-08-06,796.55,residential,India
1,2082-08-07,803.57,residential,India
1,2082-08-08,804.3,residential,India
1,2082-08-09,850.09,residential,India
1,2082-08-10,806.28,residential,India
1,2082-08-11,802.4,residential,India
1,2082-08-12,785.85,residential,India
1,2082-08-13,810.62,residential,India
1,2082-08-14,814.54,residential,India
1,2082-08-15,786.65,residential,India
1,2082-08-16,795.62,residential,India
1,2082-08-17,784.56,residential,India
1,2082-08-18,800.92,residential,India
1,2082-08-19,808.55,residential,India
1,2082-08-20,806.05,residential,India
1,2082-08-21,819.3,residential,India
1,2082-08-22,802.44,residential,India
1,2082-08-23,809.15,residential,India
1,2082-08-24,782.25,residential,India
1,2082-08-25,794.47,residential,India
1,2082-08-26,823.65,residential,India
1,2082-08-27,829.07,residential,India
1,2082-08-28,831.84,residential,India
1,2082-08-29,808.43,residential,India
1,2082-08-30,803.0,residential,India
1,2082-08-31,839.3,residential,India
1,2082-09-01,801.61,residential,India
1,2082-09-02,797.48,residential,India
1,2082-09-03,801.41,residential,India
1,2082-09-04,794.29,residential,India
1,2082-09-05,842.64,residential,India
1,2082-09-06,787.6,residential,India
1,2082-09-07,828.87,residential,India
1,2082-09-08,805.18,residential,India
1,2082-09-09,820.33,residential,India
1,2082-09-10,822.61,residential,India
1,2082-09-11,806.87,residential,India
1,2082-09-12,807.47,residential,India
1,2082-09-13,823.61,residential,India
1,2082-09-14,783.45,residential,India
1,2082-09-15,782.54,residential,India
1,2082-09-16,814.7,residential,India
1,2082-09-17,812.23,residential,India
1,2082-09-18,803.03,residential,India
1,2082-09-19,794.69,residential,India
1,2082-09-20,847.72,residential,India
1,2082-09-21,799.46,residential,India
1,2082-09-22,781.91,residential,India
1,2082-09-23,813.81,residential,India
1,2082-09-24,841.15,residential,India
1,2082-09-25,840.79,residential,India
1,2082-09-26,772.68,residential,India
1,2082-09-27,815.64,residential,India
1,2082-09-28,791.29,residential,India
1,2082-09-29,824.89,residential,India
1,2082-09-30,842.61,residential,India
1,2082-10-01,806.18,residential,India
1,2082-10-02,810.28,residential,India
1,2082-10-03,843.17,residential,India
1,2082-10-04,807.13,residential,India
1,2082-10-05,814.32,residential,India
1,2082-10-06,803.07,residential,India
1,2082-10-07,794.43,residential,India
1,2082-10-08,808.66,residential,India
1,2082-10-09,809.01,residential,India
1,2082-10-10,835.53,residential,India
1,2082-10-11,795.62,residential,India
1,2082-10-12,778.93,residential,India
1,2082-10-13,808.66,residential,India
1,2082-10-14,786.89,residential,India
1,2082-10-15,818.08,residential,India
1,2082-10-16,783.79,residential,India
1,2082-10-17,789.33,residential,India
1,2082-10-18,793.2,residential,India
1,2082-10-19,815.42,residential,India
1,2082-10-20,808.56,residential,India
1,2082-10-21,814.7,residential,India
1,2082-10-22,790.85,residential,India
1,2082-10-23,857.24,residential,India
1,2082-10-24,822.94,residential,India
1,2082-10-25,798.78,residential,India
1,2082-10-26,846.19,residential,India
1,2082-10-27,818.0,residential,India
1,2082-10-28,782.95,residential,India
1,2082-10-29,768.48,residential,India
1,2082-10-30,802.65,residential,India
1,2082-10-31,785.3,residential,India
1,2082-11-01,833.06,residential,India
1,2082-11-02,790.37,residential,India
1,2082-11-03,823.7,residential,India
1,2082-11-04,786.77,residential,India
1,2082-11-05,808.28,residential,India
1,2082-11-06,844.79,residential,India
1,2082-11-07,793.34,residential,India
1,2082-11-08,790.64,residential,India
1,2082-11-09,783.36,residential,India
1,2082-11-10,825.28,residential,India
1,2082-11-11,786.41,residential,India
1,2082-11-12,821.13,residential,India
1,2082-11-13,816.87,residential,India
1,2082-11-14,847.72,residential,India
1,2082-11-15,811.79,residential,India
1,2082-11-16,798.07,residential,India
1,2082-11-17,832.52,residential,India
1,2082-11-18,825.32,residential,India
1,2082-11-19,834.49,residential,India
1,2082-11-20,786.0,residential,India
1,2082-11-21,781.27,residential,India
1,2082-11-22,857.54,residential,India
1,2082-11-23,794.4,residential,India
1,2082-11-24,827.98,residential,India
1,2082-11-25,809.82,residential,India
1,2082-11-26,778.22,residential,India
1,2082-11-27,845.07,residential,India
1,2082-11-28,815.09,residential,India
1,2082-11-29,832.61,residential,India
1,2082-11-30,818.93,residential,India
1,2082-12-01,830.36,residential,India
1,2082-12-02,803.01,residential,India
1,2082-12-03,823.52,residential,India
1,2082-12-04,815.8,residential,India
1,2082-12-05,838.95,residential,India
1,2082-12-06,830.49,residential,India
1,2082-12-07,833.0,residential,India
1,2082-12-08,850.29,residential,India
1,2082-12-09,791.74,residential,India
1,2082-12-10,820.87,residential,India
1,2082-12-11,802.97,residential,India
1,2082-12-12,823.38,residential,India
1,2082-12-13,851.14,residential,India
1,2082-12-14,879.81,residential,India
1,2082-12-15,832.04,residential,India
1,2082-12-16,827.43,residential,India
1,2082-12-17,800.07,residential,India
1,2082-12-18,808.87,residential,India
1,2082-12-19,828.84,residential,India
1,2082-12-20,805.08,residential,India
1,2082-12-21,828.3,residential,India
1,2082-12-22,804.5,residential,India
1,2082-12-23,816.88,residential,India
1,2082-12-24,843.74,residential,India
1,2082-12-25,795.43,residential,India
1,2082-12-26,806.79,residential,India
1,2082-12-27,811.02,residential,India
1,2082-12-28,824.45,residential,India
1,2082-12-29,837.86,residential,India
1,2082-12-30,798.54,residential,India
1,2082-12-31,803.59,residential,India
1,2083-01-01,833.08,residential,India
1,2083-01-02,854.39,residential,India
1,2083-01-03,803.68,residential,India
1,2083-01-04,771.69,residential,India
1,2083-01-05,808.87,residential,India
1,2083-01-06,822.71,residential,India
1,2083-01-07,808.55,residential,India
1,2083-01-08,818.65,residential,India
1,2083-01-09,822.25,residential,India
1,2083-01-10,811.8,residential,India
1,2083-01-11,800.64,residential,India
1,2083-01-12,830.18,residential,India
1,2083-01-13,814.57,residential,India
1,2083-01-14,834.85,residential,India
1,2083-01-15,793.0,residential,India
1,2083-01-16,811.21,residential,India
1,2083-01-17,807.55,residential,India
1,2083-01-18,807.73,residential,India
1,2083-01-19,776.62,residential,India
1,2083-01-20,807.43,residential,India
1,2083-01-21,838.31,residential,India
1,2083-01-22,821.98,residential,India
1,2083-01-23,825.1,residential,India
1,2083-01-24,820.93,residential,India
1,2083-01-25,777.91,residential,India
1,2083-01-26,814.55,residential,India
1,2083-01-27,809.96,residential,India
1,2083-01-28,824.26,residential,India
1,2083-01-29,800.16,residential,India
1,2083-01-30,822.29,residential,India
1,2083-01-31,812.16,residential,India
1,2083-02-01,808.01,residential,India
1,2083-02-02,829.06,residential,India
1,2083-02-03,816.79,residential,India
1,2083-02-04,869.33,residential,India
1,2083-02-05,813.72,residential,India
1,2083-02-06,815.46,residential,India
1,2083-02-07,792.41,residential,India
1,2083-02-08,814.81,residential,India
1,2083-02-09,798.94,residential,India
1,2083-02-10,770.55,residential,India
1,2083-02-11,839.03,residential,India
1,2083-02-12,817.33,residential,India
1,2083-02-13,803.49,residential,India
1,2083-02-14,833.1,residential,India
1,2083-02-15,822.56,residential,India
1,2083-02-16,831.46,residential,India
1,2083-02-17,804.3,residential,India
1,2083-02-18,818.89,residential,India
1,2083-02-19,814.65,residential,India
1,2083-02-20,802.83,residential,India
1,2083-02-21,805.67,residential,India
1,2083-02-22,836.62,residential,India
1,2083-02-23,820.28,residential,India
1,2083-02-24,811.65,residential,India
1,2083-02-25,834.84,residential,India
1,2083-02-26,799.69,residential,India
1,2083-02-27,826.63,residential,India
1,2083-02-28,839.1,residential,India
1,2083-03-01,822.4,residential,India
1,2083-03-02,814.51,residential,India
1,2083-03-03,793.24,residential,India
1,2083-03-04,787.8,residential,India
1,2083-03-05,810.64,residential,India
1,2083-03-06,870.88,residential,India
1,2083-03-07,820.46,residential,India
1,2083-03-08,820.1,residential,India
1,2083-03-09,814.62,residential,India
1,2083-03-10,847.07,residential,India
1,2083-03-11,801.18,residential,India
1,2083-03-12,792.96,residential,India
1,2083-03-13,802.74,residential,India
1,2083-03-14,792.22,residential,India
1,2083-03-15,824.78,residential,India
1,2083-03-16,769.0,residential,India
1,2083-03-17,821.1,residential,India
1,2083-03-18,842.13,residential,India
1,2083-03-19,818.97,residential,India
1,2083-03-20,839.99,residential,India
1,2083-03-21,829.33,residential,India
1,2083-03-22,791.7,residential,India
1,2083-03-23,808.32,residential,India
1,2083-03-24,820.64,residential,India
1,2083-03-25,805.89,residential,India
1,2083-03-26,808.08,residential,India
1,2083-03-27,819.39,residential,India
1,2083-03-28,842.03,residential,India
1,2083-03-29,827.07,residential,India
1,2083-03-30,867.84,residential,India
1,2083-03-31,816.86,residential,India
1,2083-04-01,824.6,residential,India
1,2083-04-02,801.64,residential,India
1,2083-04-03,813.32,residential,India
1,2083-04-04,804.88,residential,India
1,2083-04-05,819.08,residential,India
1,2083-04-06,778.89,residential,India
1,2083-04-07,798.91,residential,India
1,2083-04-08,856.98,residential,India
1,2083-04-09,804.0,residential,India
1,2083-04-10,828.92,residential,India
1,2083-04-11,825.7,residential,India
1,2083-04-12,842.6,residential,India
1,2083-04-13,824.41,residential,India
1,2083-04-14,840.69,residential,India
1,2083-04-15,837.54,residential,India
1,2083-04-16,860.77,residential,India
1,2083-04-17,835.56,residential,India
1,2083-04-18,870.68,residential,India
1,2083-04-19,868.3,residential,India
1,2083-04-20,842.37,residential,India
1,2083-04-21,776.34,residential,India
1,2083-04-22,808.62,residential,India
1,2083-04-23,808.98,residential,India
1,2083-04-24,836.3,residential,India
1,2083-04-25,826.76,residential,India
1,2083-04-26,835.45,residential,India
1,2083-04-27,841.52,residential,India
1,2083-04-28,828.57,residential,India
1,2083-04-29,816.87,residential,India
1,2083-04-30,803.07,residential,India
1,2083-05-01,821.05,residential,India
1,2083-05-02,843.98,residential,India
1,2083-05-03,776.91,residential,India
1,2083-05-04,794.29,residential,India
1,2083-05-05,806.08,residential,India
1,2083-05-06,823.74,residential,India
1,2083-05-07,832.42,residential,India
1,2083-05-08,808.34,residential,India
1,2083-05-09,788.5,residential,India
1,2083-05-10,829.43,residential,India
1,2083-05-11,815.55,residential,India
1,2083-05-12,800.19,residential,India
1,2083-05-13,821.1,residential,India
1,2083-05-14,779.57,residential,India
1,2083-05-15,824.64,residential,India
1,2083-05-16,839.93,residential,India
1,2083-05-17,860.21,residential,India
1,2083-05-18,829.85,residential,India
1,2083-05-19,836.56,residential,India
1,2083-05-20,845.49,residential,India
1,2083-05-21,821.69,residential,India
1,2083-05-22,866.62,residential,India
1,2083-05-23,847.71,residential,India
1,2083-05-24,815.45,residential,India
1,2083-05-25,820.69,residential,India
1,2083-05-26,842.13,residential,India
1,2083-05-27,803.98,residential,India
1,2083-05-28,814.12,residential,India
1,2083-05-29,819.24,residential,India
1,2083-05-30,792.36,residential,India
1,2083-05-31,806.51,residential,India
1,2083-06-01,815.01,residential,India
1,2083-06-02,843.61,residential,India
1,2083-06-03,791.35,residential,India
1,2083-06-04,847.63,residential,India
1,2083-06-05,845.29,residential,India
1,2083-06-06,827.74,residential,India
1,2083-06-07,803.28,residential,India
1,2083-06-08,801.13,residential,India
1,2083-06-09,791.17,residential,India
1,2083-06-10,841.17,residential,India
1,2083-06-11,815.02,residential,India
1,2083-06-12,810.09,residential,India
1,2083-06-13,787.71,residential,India
1,2083-06-14,802.73,residential,India
1,2083-06-15,825.94,residential,India
1,2083-06-16,807.27,residential,India
1,2083-06-17,819.74,residential,India
1,2083-06-18,826.18,residential,India
1,2083-06-19,832.6,residential,India
1,2083-06-20,792.2,residential,India
1,2083-06-21,812.45,residential,India
1,2083-06-22,820.82,residential,India
1,2083-06-23,806.0,residential,India
1,2083-06-24,810.43,residential,India
1,2083-06-25,825.19,residential,India
1,2083-06-26,802.13,residential,India
1,2083-06-27,826.9,residential,India
1,2083-06-28,832.56,residential,India
1,2083-06-29,838.04,residential,India
1,2083-06-30,836.87,residential,India
1,2083-07-01,785.14,residential,India
1,2083-07-02,798.1,residential,India
1,2083-07-03,793.99,residential,India
1,2083-07-04,822.89,residential,India
1,2083-07-05,802.24,residential,India
1,2083-07-06,820.51,residential,India
1,2083-07-07,801.44,residential,India
1,2083-07-08,806.81,residential,India
1,2083-07-09,789.43,residential,India
1,2083-07-10,847.32,residential,India
1,2083-07-11,828.16,residential,India
1,2083-07-12,811.41,residential,India
1,2083-07-13,843.21,residential,India
1,2083-07-14,833.56,residential,India
1,2083-07-15,856.45,residential,India
1,2083-07-16,853.77,residential,India
1,2083-07-17,811.0,residential,India
1,2083-07-18,817.86,residential,India
1,2083-07-19,843.41,residential,India
1,2083-07-20,844.47,residential,India
1,2083-07-21,834.09,residential,India
1,2083-07-22,824.32,residential,India
1,2083-07-23,794.4,residential,India
1,2083-07-24,825.66,residential,India
1,2083-07-25,791.08,residential,India
1,2083-07-26,807.21,residential,India
1,2083-07-27,815.35,residential,India
1,2083-07-28,827.09,residential,India
1,2083-07-29,791.76,residential,India
1,2083-07-30,817.13,residential,India
1,2083-07-31,845.36,residential,India
1,2083-08-01,859.59,residential,India
1,2083-08-02,842.45,residential,India
1,2083-08-03,835.2,residential,India
1,2083-08-04,807.42,residential,India
1,2083-08-05,814.65,residential,India
1,2083-08-06,828.37,residential,India
1,2083-08-07,802.24,residential,India
1,2083-08-08,844.49,residential,India
1,2083-08-09,838.02,residential,India
1,2083-08-10,828.02,residential,India
1,2083-08-11,832.64,residential,India
1,2083-08-12,814.36,residential,India
1,2083-08-13,813.36,residential,India
1,2083-08-14,800.57,residential,India
1,2083-08-15,848.91,residential,India
1,2083-08-16,823.09,residential,India
1,2083-08-17,804.44,residential,India
1,2083-08-18,834.83,residential,India
1,2083-08-19,810.28,residential,India
1,2083-08-20,818.85,residential,India
1,2083-08-21,814.12,residential,India
1,2083-08-22,784.22,residential,India
1,2083-08-23,809.28,residential,India
1,2083-08-24,869.43,residential,India
1,2083-08-25,833.86,residential,India
1,2083-08-26,828.06,residential,India
1,2083-08-27,839.55,residential,India
1,2083-08-28,825.31,residential,India
1,2083-08-29,872.28,residential,India
1,2083-08-30,810.16,residential,India
1,2083-08-31,817.74,residential,India
1,2083-09-01,830.58,residential,India
1,2083-09-02,806.86,residential,India
1,2083-09-03,826.18,residential,India
1,2083-09-04,850.73,residential,India
1,2083-09-05,820.65,residential,India
1,2083-09-06,777.0,residential,India
1,2083-09-07,774.89,residential,India
1,2083-09-08,806.71,residential,India
1,2083-09-09,815.04,residential,India
1,2083-09-10,824.49,residential,India
1,2083-09-11,886.61,residential,India
1,2083-09-12,821.17,residential,India
1,2083-09-13,807.49,residential,India
1,2083-09-14,804.03,residential,India
1,2083-09-15,779.21,residential,India
1,2083-09-16,870.29,residential,India
1,2083-09-17,808.97,residential,India
1,2083-09-18,820.82,residential,India
1,2083-09-19,833.47,residential,India
1,2083-09-20,819.95,residential,India
1,2083-09-21,841.0,residential,India
1,2083-09-22,849.41,residential,India
1,2083-09-23,794.61,residential,India
1,2083-09-24,819.55,residential,India
1,2083-09-25,825.44,residential,India
1,2083-09-26,844.65,residential,India
1,2083-09-27,825.27,residential,India
1,2083-09-28,843.62,residential,India
1,2083-09-29,800.47,residential,India
1,2083-09-30,813.94,residential,India
1,2083-10-01,799.98,residential,India
1,2083-10-02,839.04,residential,India
1,2083-10-03,796.42,residential,India
1,2083-10-04,825.1,residential,India
1,2083-10-05,809.86,residential,India
1,2083-10-06,802.75,residential,India
1,2083-10-07,798.19,residential,India
1,2083-10-08,810.43,residential,India
1,2083-10-09,848.78,residential,India
1,2083-10-10,832.79,residential,India
1,2083-10-11,805.87,residential,India
1,2083-10-12,822.4,residential,India
1,2083-10-13,818.79,residential,India
1,2083-10-14,837.41,residential,India
1,2083-10-15,825.38,residential,India
1,2083-10-16,814.96,residential,India
1,2083-10-17,811.1,residential,India
1,2083-10-18,842.72,residential,India
1,2083-10-19,832.58,residential,India
1,2083-10-20,825.76,residential,India
1,2083-10-21,826.55,residential,India
1,2083-10-22,786.19,residential,India
1,2083-10-23,832.3,residential,India
1,2083-10-24,833.22,residential,India
1,2083-10-25,793.41,residential,India
1,2083-10-26,836.52,residential,India
1,2083-10-27,813.29,residential,India
1,2083-10-28,824.59,residential,India
1,2083-10-29,803.75,residential,India
1,2083-10-30,830.33,residential,India
1,2083-10-31,817.82,residential,India
1,2083-11-01,787.99,residential,India
1,2083-11-02,774.66,residential,India
1,2083-11-03,826.11,residential,India
1,2083-11-04,838.71,residential,India
1,2083-11-05,838.76,residential,India
1,2083-11-06,811.82,residential,India
1,2083-11-07,842.53,residential,India
1,2083-11-08,815.67,residential,India
1,2083-11-09,797.17,residential,India
1,2083-11-10,813.68,residential,India
1,2083-11-11,833.91,residential,India
1,2083-11-12,834.88,residential,India
1,2083-11-13,825.96,residential,India
1,2083-11-14,808.53,residential,India
1,2083-11-15,813.48,residential,India
1,2083-11-16,816.54,residential,India
1,2083-11-17,793.71,residential,India
1,2083-11-18,815.35,residential,India
1,2083-11-19,824.05,residential,India
1,2083-11-20,820.5,residential,India
1,2083-11-21,772.99,residential,India
1,2083-11-22,805.8,residential,India
1,2083-11-23,831.6,residential,India
1,2083-11-24,834.05,residential,India
1,2083-11-25,793.41,residential,India
1,2083-11-26,812.33,residential,India
1,2083-11-27,832.01,residential,India
1,2083-11-28,811.17,residential,India
1,2083-11-29,789.9,residential,India
1,2083-11-30,819.76,residential,India
1,2083-12-01,799.14,residential,India
1,2083-12-02,837.95,residential,India
1,2083-12-03,850.83,residential,India
1,2083-12-04,819.14,residential,India
1,2083-12-05,800.03,residential,India
1,2083-12-06,820.16,residential,India
1,2083-12-07,775.83,residential,India
1,2083-12-08,786.91,residential,India
1,2083-12-09,810.66,residential,India
1,2083-12-10,786.8,residential,India
1,2083-12-11,819.32,residential,India
1,2083-12-12,854.19,residential,India
1,2083-12-13,780.9,residential,India
1,2083-12-14,805.86,residential,India
1,2083-12-15,791.16,residential,India
1,2083-12-16,834.1,residential,India
1,2083-12-17,846.05,residential,India
1,2083-12-18,823.53,residential,India
1,2083-12-19,825.12,residential,India
1,2083-12-20,779.23,residential,India
1,2083-12-21,824.41,residential,India
1,2083-12-22,797.03,residential,India
1,2083-12-23,831.17,residential,India
1,2083-12-24,798.95,residential,India
1,2083-12-25,809.97,residential,India
1,2083-12-26,841.45,residential,India
1,2083-12-27,821.53,residential,India
1,2083-12-28,778.69,residential,India
1,2083-12-29,824.61,residential,India
1,2083-12-30,837.3,residential,India
1,2083-12-31,784.87,residential,India
1,2084-01-01,809.41,residential,India
1,2084-01-02,776.12,residential,India
1,2084-01-03,833.5,residential,India
1,2084-01-04,834.39,residential,India
1,2084-01-05,836.7,residential,India
1,2084-01-06,812.82,residential,India
1,2084-01-07,847.24,residential,India
1,2084-01-08,819.48,residential,India
1,2084-01-09,811.16,residential,India
1,2084-01-10,824.91,residential,India
1,2084-01-11,779.52,residential,India
1,2084-01-12,827.1,residential,India
1,2084-01-13,804.4,residential,India
1,2084-01-14,829.5,residential,India
1,2084-01-15,822.11,residential,India
1,2084-01-16,813.12,residential,India
1,2084-01-17,833.91,residential,India
1,2084-01-18,814.26,residential,India
1,2084-01-19,811.47,residential,India
1,2084-01-20,808.57,residential,India
1,2084-01-21,795.35,residential,India
1,2084-01-22,814.76,residential,India
1,2084-01-23,802.64,residential,India
1,2084-01-24,799.17,residential,India
1,2084-01-25,821.7,residential,India
1,2084-01-26,796.15,residential,India
1,2084-01-27,808.52,residential,India
1,2084-01-28,811.25,residential,India
1,2084-01-29,827.97,residential,India
1,2084-01-30,826.26,residential,India
1,2084-01-31,796.6,residential,India
1,2084-02-01,791.24,residential,India
1,2084-02-02,830.56,residential,India
1,2084-02-03,815.71,residential,India
1,2084-02-04,856.47,residential,India
1,2084-02-05,812.47,residential,India
1,2084-02-06,804.67,residential,India
1,2084-02-07,810.83,residential,India
1,2084-02-08,839.13,residential,India
1,2084-02-09,834.7,residential,India
1,2084-02-10,821.46,residential,India
1,2084-02-11,790.23,residential,India
1,2084-02-12,822.47,residential,India
1,2084-02-13,819.26,residential,India
1,2084-02-14,805.97,residential,India
1,2084-02-15,795.91,residential,India
1,2084-02-16,812.19,residential,India
1,2084-02-17,810.52,residential,India
1,2084-02-18,827.84,residential,India
1,2084-02-19,824.73,residential,India
1,2084-02-20,794.87,residential,India
1,2084-02-21,821.47,residential,India
1,2084-02-22,804.86,residential,India
1,2084-02-23,812.03,residential,India
1,2084-02-24,833.63,residential,India
1,2084-02-25,791.14,residential,India
1,2084-02-26,836.46,residential,India
1,2084-02-27,782.6,residential,India
1,2084-02-28,806.43,residential,India
1,2084-02-29,823.53,residential,India
1,2084-03-01,766.82,residential,India
1,2084-03-02,811.2,residential,India
1,2084-03-03,825.26,residential,India
1,2084-03-04,752.39,residential,India
1,2084-03-05,836.8,residential,India
1,2084-03-06,798.64,residential,India
1,2084-03-07,796.09,residential,India
1,2084-03-08,811.46,residential,India
1,2084-03-09,795.72,residential,India
1,2084-03-10,822.53,residential,India
1,2084-03-11,801.27,residential,India
1,2084-03-12,798.07,residential,India
1,2084-03-13,832.7,residential,India
1,2084-03-14,788.48,residential,India
1,2084-03-15,773.8,residential,India
1,2084-03-16,813.94,residential,India
1,2084-03-17,831.65,residential,India
1,2084-03-18,827.55,residential,India
1,2084-03-19,804.47,residential,India
1,2084-03-20,806.35,residential,India
1,2084-03-21,831.6,residential,India
1,2084-03-22,841.29,residential,India
1,2084-03-23,828.57,residential,India
1,2084-03-24,800.32,residential,India
1,2084-03-25,817.8,residential,India
1,2084-03-26,793.53,residential,India
1,2084-03-27,801.63,residential,India
1,2084-03-28,821.85,residential,India
1,2084-03-29,780.35,residential,India
1,2084-03-30,799.42,residential,India
1,2084-03-31,814.86,residential,India
1,2084-04-01,781.04,residential,India
1,2084-04-02,794.26,residential,India
1,2084-04-03,809.73,residential,India
1,2084-04-04,794.85,residential,India
1,2084-04-05,823.41,residential,India
1,2084-04-06,857.12,residential,India
1,2084-04-07,829.21,residential,India
1,2084-04-08,851.43,residential,India
1,2084-04-09,778.64,residential,India
1,2084-04-10,833.82,residential,India
1,2084-04-11,813.27,residential,India
1,2084-04-12,802.69,residential,India
1,2084-04-13,807.53,residential,India
1,2084-04-14,793.84,residential,India
1,2084-04-15,794.95,residential,India
1,2084-04-16,809.01,residential,India
1,2084-04-17,806.73,residential,India
1,2084-04-18,789.16,residential,India
1,2084-04-19,824.57,residential,India
1,2084-04-20,837.02,residential,India
1,2084-04-21,789.09,residential,India
1,2084-04-22,827.23,residential,India
1,2084-04-23,815.35,residential,India
1,2084-04-24,793.99,residential,India
1,2084-04-25,811.39,residential,India
1,2084-04-26,812.31,residential,India
1,2084-04-27,786.65,residential,India
1,2084-04-28,784.13,residential,India
1,2084-04-29,769.76,residential,India
1,2084-04-30,866.48,residential,India
1,2084-05-01,837.12,residential,India
1,2084-05-02,799.2,residential,India
1,2084-05-03,815.45,residential,India
1,2084-05-04,818.22,residential,India
1,2084-05-05,780.51,residential,India
1,2084-05-06,787.69,residential,India
1,2084-05-07,811.96,residential,India
1,2084-05-08,809.11,residential,India
1,2084-05-09,804.2,residential,India
1,2084-05-10,810.59,residential,India
1,2084-05-11,782.19,residential,India
1,2084-05-12,805.04,residential,India
1,2084-05-13,821.47,residential,India
1,2084-05-14,811.83,residential,India
1,2084-05-15,787.18,residential,India
1,2084-05-16,812.11,residential,India
1,2084-05-17,833.21,residential,India
1,2084-05-18,812.99,residential,India
1,2084-05-19,833.31,residential,India
1,2084-05-20,807.32,residential,India
1,2084-05-21,788.11,residential,India
1,2084-05-22,770.53,residential,India
1,2084-05-23,801.59,residential,India
1,2084-05-24,806.33,residential,India
1,2084-05-25,796.99,residential,India
1,2084-05-26,782.83,residential,India
1,2084-05-27,803.87,residential,India
1,2084-05-28,797.65,residential,India
1,2084-05-29,770.58,residential,India
1,2084-05-30,823.64,residential,India
1,2084-05-31,817.7,residential,India
1,2084-06-01,767.27,residential,India
1,2084-06-02,810.21,residential,India
1,2084-06-03,809.28,residential,India
1,2084-06-04,831.49,residential,India
1,2084-06-05,803.2,residential,India
1,2084-06-06,791.27,residential,India
1,2084-06-07,810.38,residential,India
1,2084-06-08,815.39,residential,India
1,2084-06-09,807.68,residential,India
1,2084-06-10,789.84,residential,India
1,2084-06-11,789.02,residential,India
1,2084-06-12,787.62,residential,India
1,2084-06-13,821.32,residential,India
1,2084-06-14,784.14,residential,India
1,2084-06-15,801.53,residential,India
1,2084-06-16,819.28,residential,India
1,2084-06-17,779.56,residential,India
1,2084-06-18,760.73,residential,India
1,2084-06-19,788.23,residential,India
1,2084-06-20,806.82,residential,India
1,2084-06-21,809.05,residential,India
1,2084-06-22,802.62,residential,India
1,2084-06-23,784.92,residential,India
1,2084-06-24,796.21,residential,India
1,2084-06-25,762.64,residential,India
1,2084-06-26,754.0,residential,India
1,2084-06-27,816.3,residential,India
1,2084-06-28,778.48,residential,India
1,2084-06-29,817.47,residential,India
1,2084-06-30,811.74,residential,India
1,2084-07-01,808.17,residential,India
1,2084-07-02,761.43,residential,India
1,2084-07-03,802.58,residential,India
1,2084-07-04,809.4,residential,India
1,2084-07-05,812.0,residential,India
1,2084-07-06,816.39,residential,India
1,2084-07-07,808.93,residential,India
1,2084-07-08,793.48,residential,India
1,2084-07-09,790.86,residential,India
1,2084-07-10,792.74,residential,India
1,2084-07-11,797.05,residential,India
1,2084-07-12,788.11,residential,India
1,2084-07-13,766.52,residential,India
1,2084-07-14,782.8,residential,India
1,2084-07-15,832.1,residential,India
1,2084-07-16,784.26,residential,India
1,2084-07-17,824.18,residential,India
1,2084-07-18,812.06,residential,India
1,2084-07-19,811.53,residential,India
1,2084-07-20,824.99,residential,India
1,2084-07-21,800.62,residential,India
1,2084-07-22,815.52,residential,India
1,2084-07-23,826.05,residential,India
1,2084-07-24,780.18,residential,India
1,2084-07-25,816.54,residential,India
1,2084-07-26,827.06,residential,India
1,2084-07-27,816.36,residential,India
1,2084-07-28,803.17,residential,India
1,2084-07-29,829.45,residential,India
1,2084-07-30,810.69,residential,India
1,2084-07-31,818.75,residential,India
1,2084-08-01,767.83,residential,India
1,2084-08-02,817.99,residential,India
1,2084-08-03,770.54,residential,India
1,2084-08-04,817.66,residential,India
1,2084-08-05,791.28,residential,India
1,2084-08-06,815.5,residential,India
1,2084-08-07,778.04,residential,India
1,2084-08-08,797.14,residential,India
1,2084-08-09,781.75,residential,India
1,2084-08-10,772.85,residential,India
1,2084-08-11,786.05,residential,India
1,2084-08-12,818.59,residential,India
1,2084-08-13,784.11,residential,India
1,2084-08-14,791.2,residential,India
1,2084-08-15,820.98,residential,India
1,2084-08-16,834.16,residential,India
1,2084-08-17,808.55,residential,India
1,2084-08-18,790.04,residential,India
1,2084-08-19,807.59,residential,India
1,2084-08-20,847.88,residential,India
1,2084-08-21,783.39,residential,India
1,2084-08-22,803.09,residential,India
1,2084-08-23,792.61,residential,India
1,2084-08-24,793.97,residential,India
1,2084-08-25,795.12,residential,India
1,2084-08-26,781.73,residential,India
1,2084-08-27,801.39,residential,India
1,2084-08-28,796.47,residential,India
1,2084-08-29,789.6,residential,India
1,2084-08-30,758.11,residential,India
1,2084-08-31,799.59,residential,India
1,2084-09-01,804.01,residential,India
1,2084-09-02,825.92,residential,India
1,2084-09-03,804.43,residential,India
1,2084-09-04,796.03,residential,India
1,2084-09-05,797.51,residential,India
1,2084-09-06,802.29,residential,India
1,2084-09-07,799.44,residential,India
1,2084-09-08,764.98,residential,India
1,2084-09-09,764.43,residential,India
1,2084-09-10,786.59,residential,India
1,2084-09-11,805.13,residential,India
1,2084-09-12,803.95,residential,India
1,2084-09-13,804.19,residential,India
1,2084-09-14,811.28,residential,India
1,2084-09-15,788.41,residential,India
1,2084-09-16,789.3,residential,India
1,2084-09-17,816.89,residential,India
1,2084-09-18,750.42,residential,India
1,2084-09-19,768.08,residential,India
1,2084-09-20,767.29,residential,India
1,2084-09-21,785.28,residential,India
1,2084-09-22,810.41,residential,India
1,2084-09-23,786.23,residential,India
1,2084-09-24,770.62,residential,India
1,2084-09-25,774.99,residential,India
1,2084-09-26,796.25,residential,India
1,2084-09-27,770.69,residential,India
1,2084-09-28,757.73,residential,India
1,2084-09-29,784.04,residential,India
1,2084-09-30,769.44,residential,India
1,2084-10-01,776.51,residential,India
1,2084-10-02,785.86,residential,India
1,2084-10-03,782.87,residential,India
1,2084-10-04,809.86,residential,India
1,2084-10-05,807.9,residential,India
1,2084-10-06,775.61,residential,India
1,2084-10-07,781.67,residential,India
1,2084-10-08,780.44,residential,India
1,2084-10-09,789.45,residential,India
1,2084-10-10,809.24,residential,India
1,2084-10-11,794.69,residential,India
1,2084-10-12,794.61,residential,India
1,2084-10-13,780.1,residential,India
1,2084-10-14,799.46,residential,India
1,2084-10-15,795.37,residential,India
1,2084-10-16,803.74,residential,India
1,2084-10-17,812.38,residential,India
1,2084-10-18,793.15,residential,India
1,2084-10-19,773.53,residential,India
1,2084-10-20,783.51,residential,India
1,2084-10-21,788.17,residential,India
1,2084-10-22,804.14,residential,India
1,2084-10-23,782.14,residential,India
1,2084-10-24,771.98,residential,India
1,2084-10-25,790.96,residential,India
1,2084-10-26,787.19,residential,India
1,2084-10-27,780.01,residential,India
1,2084-10-28,772.3,residential,India
1,2084-10-29,795.94,residential,India
1,2084-10-30,793.92,residential,India
1,2084-10-31,758.09,residential,India
1,2084-11-01,777.94,residential,India
1,2084-11-02,802.65,residential,India
1,2084-11-03,784.6,residential,India
1,2084-11-04,804.13,residential,India
1,2084-11-05,760.1,residential,India
1,2084-11-06,788.98,residential,India
1,2084-11-07,820.61,residential,India
1,2084-11-08,772.39,residential,India
1,2084-11-09,769.85,residential,India
1,2084-11-10,781.59,residential,India
1,2084-11-11,792.69,residential,India
1,2084-11-12,780.27,residential,India
1,2084-11-13,763.03,residential,India
1,2084-11-14,792.22,residential,India
1,2084-11-15,762.16,residential,India
1,2084-11-16,768.38,residential,India
1,2084-11-17,823.42,residential,India
1,2084-11-18,773.9,residential,India
1,2084-11-19,799.05,residential,India
1,2084-11-20,756.78,residential,India
1,2084-11-21,782.57,residential,India
1,2084-11-22,811.11,residential,India
1,2084-11-23,766.72,residential,India
1,2084-11-24,778.75,residential,India
1,2084-11-25,765.14,residential,India
1,2084-11-26,767.71,residential,India
1,2084-11-27,785.85,residential,India
1,2084-11-28,813.54,residential,India
1,2084-11-29,802.93,residential,India
1,2084-11-30,758.36,residential,India
1,2084-12-01,781.63,residential,India
1,2084-12-02,742.3,residential,India
1,2084-12-03,791.4,residential,India
1,2084-12-04,772.94,residential,India
1,2084-12-05,792.6,residential,India
1,2084-12-06,784.79,residential,India
1,2084-12-07,803.27,residential,India
1,2084-12-08,765.31,residential,India
1,2084-12-09,772.18,residential,India
1,2084-12-10,766.67,residential,India
1,2084-12-11,788.32,residential,India
1,2084-12-12,776.59,residential,India
1,2084-12-13,788.05,residential,India
1,2084-12-14,787.3,residential,India
1,2084-12-15,759.66,residential,India
1,2084-12-16,816.08,residential,India
1,2084-12-17,775.2,residential,India
1,2084-12-18,802.46,residential,India
1,2084-12-19,778.43,residential,India
1,2084-12-20,791.66,residential,India
1,2084-12-21,800.14,residential,India
1,2084-12-22,768.15,residential,India
1,2084-12-23,763.21,residential,India
1,2084-12-24,782.73,residential,India
1,2084-12-25,781.65,residential,India
1,2084-12-26,768.89,residential,India
1,2084-12-27,794.33,residential,India
1,2084-12-28,780.32,residential,India
1,2084-12-29,753.92,residential,India
1,2084-12-30,768.11,residential,India
1,2084-12-31,765.32,residential,India
1,2085-01-01,812.0,residential,India
1,2085-01-02,739.93,residential,India
1,2085-01-03,817.87,residential,India
1,2085-01-04,769.0,residential,India
1,2085-01-05,792.55,residential,India
1,2085-01-06,788.49,residential,India
1,2085-01-07,781.31,residential,India
1,2085-01-08,769.81,residential,India
1,2085-01-09,788.13,residential,India
1,2085-01-10,753.81,residential,India
1,2085-01-11,793.29,residential,India
1,2085-01-12,768.41,residential,India
1,2085-01-13,805.28,residential,India
1,2085-01-14,746.32,residential,India
1,2085-01-15,821.83,residential,India
1,2085-01-16,769.09,residential,India
1,2085-01-17,779.72,residential,India
1,2085-01-18,801.26,residential,India
1,2085-01-19,795.34,residential,India
1,2085-01-20,798.49,residential,India
1,2085-01-21,804.92,residential,India
1,2085-01-22,768.93,residential,India
1,2085-01-23,808.5,residential,India
1,2085-01-24,810.51,residential,India
1,2085-01-25,781.81,residential,India
1,2085-01-26,773.96,residential,India
1,2085-01-27,794.09,residential,India
1,2085-01-28,781.47,residential,India
1,2085-01-29,783.06,residential,India
1,2085-01-30,789.89,residential,India
1,2085-01-31,725.67,residential,India
1,2085-02-01,791.56,residential,India
1,2085-02-02,787.36,residential,India
1,2085-02-03,773.06,residential,India
1,2085-02-04,769.5,residential,India
1,2085-02-05,764.76,residential,India
1,2085-02-06,749.87,residential,India
1,2085-02-07,782.62,residential,India
1,2085-02-08,768.09,residential,India
1,2085-02-09,769.8,residential,India
1,2085-02-10,801.27,residential,India
1,2085-02-11,777.91,residential,India
1,2085-02-12,811.82,residential,India
1,2085-02-13,812.61,residential,India
1,2085-02-14,810.44,residential,India
1,2085-02-15,809.14,residential,India
1,2085-02-16,804.38,residential,India
1,2085-02-17,784.26,residential,India
1,2085-02-18,807.22,residential,India
1,2085-02-19,801.05,residential,India
1,2085-02-20,769.8,residential,India
1,2085-02-21,787.09,residential,India
1,2085-02-22,758.4,residential,India
1,2085-02-23,732.39,residential,India
1,2085-02-24,820.74,residential,India
1,2085-02-25,776.16,residential,India
1,2085-02-26,782.24,residential,India
1,2085-02-27,812.27,residential,India
1,2085-02-28,751.87,residential,India
1,2085-03-01,763.88,residential,India
1,2085-03-02,778.52,residential,India
1,2085-03-03,712.94,residential,India
1,2085-03-04,772.58,residential,India
1,2085-03-05,793.1,residential,India
1,2085-03-06,795.05,residential,India
1,2085-03-07,779.38,residential,India
1,2085-03-08,730.65,residential,India
1,2085-03-09,796.47,residential,India
1,2085-03-10,762.93,residential,India
1,2085-03-11,791.09,residential,India
1,2085-03-12,774.45,residential,India
1,2085-03-13,734.05,residential,India
1,2085-03-14,767.53,residential,India
1,2085-03-15,773.8,residential,India
1,2085-03-16,774.68,residential,India
1,2085-03-17,774.15,residential,India
1,2085-03-18,802.62,residential,India
1,2085-03-19,796.59,residential,India
1,2085-03-20,785.91,residential,India
1,2085-03-21,743.76,residential,India
1,2085-03-22,805.45,residential,India
1,2085-03-23,763.08,residential,India
1,2085-03-24,763.82,residential,India
1,2085-03-25,779.13,residential,India
1,2085-03-26,754.81,residential,India
1,2085-03-27,765.74,residential,India
1,2085-03-28,817.7,residential,India
1,2085-03-29,765.42,residential,India
1,2085-03-30,756.25,residential,India
1,2085-03-31,746.37,residential,India
1,2085-04-01,785.62,residential,India
1,2085-04-02,764.28,residential,India
1,2085-04-03,765.05,residential,India
1,2085-04-04,797.22,residential,India
1,2085-04-05,781.17,residential,India
1,2085-04-06,758.27,residential,India
1,2085-04-07,750.74,residential,India
1,2085-04-08,793.11,residential,India
1,2085-04-09,792.47,residential,India
1,2085-04-10,770.11,residential,India
1,2085-04-11,728.56,residential,India
1,2085-04-12,784.34,residential,India
1,2085-04-13,773.96,residential,India
1,2085-04-14,759.7,residential,India
1,2085-04-15,789.19,residential,India
1,2085-04-16,741.33,residential,India
1,2085-04-17,783.86,residential,India
1,2085-04-18,767.28,residential,India
1,2085-04-19,777.35,residential,India
1,2085-04-20,750.4,residential,India
1,2085-04-21,778.58,residential,India
1,2085-04-22,773.43,residential,India
1,2085-04-23,756.3,residential,India
1,2085-04-24,775.15,residential,India
1,2085-04-25,769.89,residential,India
1,2085-04-26,766.48,residential,India
1,2085-04-27,779.48,residential,India
1,2085-04-28,747.31,residential,India
1,2085-04-29,782.76,residential,India
1,2085-04-30,789.28,residential,India
1,2085-05-01,808.64,residential,India
1,2085-05-02,774.04,residential,India
1,2085-05-03,773.72,residential,India
1,2085-05-04,748.28,residential,India
1,2085-05-05,767.13,residential,India
1,2085-05-06,752.31,residential,India
1,2085-05-07,765.56,residential,India
1,2085-05-08,788.5,residential,India
1,2085-05-09,767.07,residential,India
1,2085-05-10,801.6,residential,India
1,2085-05-11,736.49,residential,India
1,2085-05-12,786.04,residential,India
1,2085-05-13,717.77,residential,India
1,2085-05-14,769.54,residential,India
1,2085-05-15,770.6,residential,India
1,2085-05-16,789.21,residential,India
1,2085-05-17,772.96,residential,India
1,2085-05-18,765.62,residential,India
1,2085-05-19,765.89,residential,India
1,2085-05-20,773.97,residential,India
1,2085-05-21,786.5,residential,India
1,2085-05-22,778.19,residential,India
1,2085-05-23,770.19,residential,India
1,2085-05-24,753.37,residential,India
1,2085-05-25,767.84,residential,India
1,2085-05-26,769.18,residential,India
1,2085-05-27,744.24,residential,India
1,2085-05-28,771.86,residential,India
1,2085-05-29,796.76,residential,India
1,2085-05-30,742.2,residential,India
1,2085-05-31,800.0,residential,India
1,2085-06-01,785.21,residential,India
1,2085-06-02,753.28,residential,India
1,2085-06-03,735.35,residential,India
1,2085-06-04,754.33,residential,India
1,2085-06-05,724.01,residential,India
1,2085-06-06,745.65,residential,India
1,2085-06-07,792.3,residential,India
1,2085-06-08,768.45,residential,India
1,2085-06-09,799.8,residential,India
1,2085-06-10,711.68,residential,India
1,2085-06-11,763.43,residential,India
1,2085-06-12,754.18,residential,India
1,2085-06-13,780.83,residential,India
1,2085-06-14,751.18,residential,India
1,2085-06-15,737.92,residential,India
1,2085-06-16,779.22,residential,India
1,2085-06-17,758.99,residential,India
1,2085-06-18,752.54,residential,India
1,2085-06-19,743.52,residential,India
1,2085-06-20,784.42,residential,India
1,2085-06-21,738.64,residential,India
1,2085-06-22,734.14,residential,India
1,2085-06-23,754.75,residential,India
1,2085-06-24,795.55,residential,India
1,2085-06-25,743.05,residential,India
1,2085-06-26,761.78,residential,India
1,2085-06-27,815.14,residential,India
1,2085-06-28,751.99,residential,India
1,2085-06-29,759.15,residential,India
1,2085-06-30,770.42,residential,India
1,2085-07-01,763.11,residential,India
1,2085-07-02,762.41,residential,India
1,2085-07-03,741.83,residential,India
1,2085-07-04,777.86,residential,India
1,2085-07-05,738.28,residential,India
1,2085-07-06,780.58,residential,India
1,2085-07-07,740.5,residential,India
1,2085-07-08,785.39,residential,India
1,2085-07-09,762.31,residential,India
1,2085-07-10,768.36,residential,India
1,2085-07-11,804.8,residential,India
1,2085-07-12,751.9,residential,India
1,2085-07-13,730.22,residential,India
1,2085-07-14,771.76,residential,India
1,2085-07-15,758.46,residential,India
1,2085-07-16,751.47,residential,India
1,2085-07-17,758.55,residential,India
1,2085-07-18,766.56,residential,India
1,2085-07-19,730.54,residential,India
1,2085-07-20,744.78,residential,India
1,2085-07-21,779.22,residential,India
1,2085-07-22,729.84,residential,India
1,2085-07-23,715.09,residential,India
1,2085-07-24,735.28,residential,India
1,2085-07-25,762.56,residential,India
1,2085-07-26,703.91,residential,India
1,2085-07-27,815.75,residential,India
1,2085-07-28,755.77,residential,India
1,2085-07-29,716.32,residential,India
1,2085-07-30,747.42,residential,India
1,2085-07-31,789.33,residential,India
1,2085-08-01,759.13,residential,India
1,2085-08-02,748.59,residential,India
1,2085-08-03,753.8,residential,India
1,2085-08-04,751.93,residential,India
1,2085-08-05,764.35,residential,India
1,2085-08-06,771.87,residential,India
1,2085-08-07,784.72,residential,India
1,2085-08-08,768.31,residential,India
1,2085-08-09,760.44,residential,India
1,2085-08-10,724.12,residential,India
1,2085-08-11,770.25,residential,India
1,2085-08-12,739.76,residential,India
1,2085-08-13,745.91,residential,India
1,2085-08-14,800.98,residential,India
1,2085-08-15,732.98,residential,India
1,2085-08-16,776.61,residential,India
1,2085-08-17,780.32,residential,India
1,2085-08-18,732.54,residential,India
1,2085-08-19,720.15,residential,India
1,2085-08-20,781.21,residential,India
1,2085-08-21,742.49,residential,India
1,2085-08-22,793.48,residential,India
1,2085-08-23,738.89,residential,India
1,2085-08-24,722.59,residential,India
1,2085-08-25,732.34,residential,India
1,2085-08-26,748.12,residential,India
1,2085-08-27,775.89,residential,India
1,2085-08-28,747.34,residential,India
1,2085-08-29,751.0,residential,India
1,2085-08-30,750.61,residential,India
1,2085-08-31,760.58,residential,India
1,2085-09-01,778.32,residential,India
1,2085-09-02,743.48,residential,India
1,2085-09-03,760.5,residential,India
1,2085-09-04,744.72,residential,India
1,2085-09-05,767.17,residential,India
1,2085-09-06,734.57,residential,India
1,2085-09-07,748.3,residential,India
1,2085-09-08,752.77,residential,India
1,2085-09-09,745.48,residential,India
1,2085-09-10,744.2,residential,India
1,2085-09-11,766.64,residential,India
1,2085-09-12,742.73,residential,India
1,2085-09-13,778.93,residential,India
1,2085-09-14,745.55,residential,India
1,2085-09-15,761.26,residential,India
1,2085-09-16,745.17,residential,India
1,2085-09-17,741.99,residential,India
1,2085-09-18,746.72,residential,India
1,2085-09-19,750.52,residential,India
1,2085-09-20,749.62,residential,India
1,2085-09-21,740.97,residential,India
1,2085-09-22,752.4,residential,India
1,2085-09-23,745.93,residential,India
1,2085-09-24,782.06,residential,India
1,2085-09-25,761.5,residential,India
1,2085-09-26,743.84,residential,India
1,2085-09-27,766.33,residential,India
1,2085-09-28,738.08,residential,India
1,2085-09-29,725.29,residential,India
1,2085-09-30,753.91,residential,India
1,2085-10-01,719.72,residential,India
1,2085-10-02,773.4,residential,India
1,2085-10-03,740.49,residential,India
1,2085-10-04,742.2,residential,India
1,2085-10-05,741.18,residential,India
1,2085-10-06,752.99,residential,India
1,2085-10-07,732.53,residential,India
1,2085-10-08,776.46,residential,India
1,2085-10-09,750.7,residential,India
1,2085-10-10,737.85,residential,India
1,2085-10-11,769.0,residential,India
1,2085-10-12,737.36,residential,India
1,2085-10-13,746.15,residential,India
1,2085-10-14,730.69,residential,India
1,2085-10-15,744.5,residential,India
1,2085-10-16,758.69,residential,India
1,2085-10-17,776.56,residential,India
1,2085-10-18,746.16,residential,India
1,2085-10-19,749.77,residential,India
1,2085-10-20,737.16,residential,India
1,2085-10-21,698.64,residential,India
1,2085-10-22,731.47,residential,India
1,2085-10-23,728.89,residential,India
1,2085-10-24,755.65,residential,India
1,2085-10-25,733.73,residential,India
1,2085-10-26,774.36,residential,India
1,2085-10-27,751.89,residential,India
1,2085-10-28,746.46,residential,India
1,2085-10-29,789.56,residential,India
1,2085-10-30,773.86,residential,India
1,2085-10-31,776.35,residential,India
1,2085-11-01,761.77,residential,India
1,2085-11-02,725.76,residential,India
1,2085-11-03,760.6,residential,India
1,2085-11-04,773.4,residential,India
1,2085-11-05,705.21,residential,India
1,2085-11-06,764.69,residential,India
1,2085-11-07,745.47,residential,India
1,2085-11-08,762.26,residential,India
1,2085-11-09,734.28,residential,India
1,2085-11-10,748.7,residential,India
1,2085-11-11,751.51,residential,India
1,2085-11-12,758.39,residential,India
1,2085-11-13,762.7,residential,India
1,2085-11-14,734.32,residential,India
1,2085-11-15,755.64,residential,India
1,2085-11-16,732.61,residential,India
1,2085-11-17,743.52,residential,India
1,2085-11-18,763.04,residential,India
1,2085-11-19,747.74,residential,India
1,2085-11-20,728.16,residential,India
1,2085-11-21,744.21,residential,India
1,2085-11-22,762.18,residential,India
1,2085-11-23,717.06,residential,India
1,2085-11-24,735.43,residential,India
1,2085-11-25,749.9,residential,India
1,2085-11-26,779.61,residential,India
1,2085-11-27,762.53,residential,India
1,2085-11-28,751.74,residential,India
1,2085-11-29,720.33,residential,India
1,2085-11-30,759.76,residential,India
1,2085-12-01,720.8,residential,India
1,2085-12-02,731.19,residential,India
1,2085-12-03,725.37,residential,India
1,2085-12-04,721.37,residential,India
1,2085-12-05,737.52,residential,India
1,2085-12-06,750.45,residential,India
1,2085-12-07,771.45,residential,India
1,2085-12-08,717.98,residential,India
1,2085-12-09,756.84,residential,India
1,2085-12-10,717.66,residential,India
1,2085-12-11,763.51,residential,India
1,2085-12-12,759.08,residential,India
1,2085-12-13,762.96,residential,India
1,2085-12-14,750.86,residential,India
1,2085-12-15,796.54,residential,India
1,2085-12-16,762.14,residential,India
1,2085-12-17,758.87,residential,India
1,2085-12-18,734.35,residential,India
1,2085-12-19,721.0,residential,India
1,2085-12-20,722.31,residential,India
1,2085-12-21,751.34,residential,India
1,2085-12-22,739.45,residential,India
1,2085-12-23,748.16,residential,India
1,2085-12-24,776.8,residential,India
1,2085-12-25,714.46,residential,India
1,2085-12-26,729.48,residential,India
1,2085-12-27,754.33,residential,India
1,2085-12-28,731.78,residential,India
1,2085-12-29,744.11,residential,India
1,2085-12-30,776.85,residential,India
1,2085-12-31,781.18,residential,India
1,2086-01-01,736.48,residential,India
1,2086-01-02,750.26,residential,India
1,2086-01-03,733.01,residential,India
1,2086-01-04,707.44,residential,India
1,2086-01-05,756.03,residential,India
1,2086-01-06,729.32,residential,India
1,2086-01-07,758.89,residential,India
1,2086-01-08,738.34,residential,India
1,2086-01-09,736.01,residential,India
1,2086-01-10,730.48,residential,India
1,2086-01-11,754.59,residential,India
1,2086-01-12,754.54,residential,India
1,2086-01-13,766.0,residential,India
1,2086-01-14,782.1,residential,India
1,2086-01-15,768.17,residential,India
1,2086-01-16,759.6,residential,India
1,2086-01-17,761.9,residential,India
1,2086-01-18,738.56,residential,India
1,2086-01-19,757.58,residential,India
1,2086-01-20,720.31,residential,India
1,2086-01-21,750.99,residential,India
1,2086-01-22,749.05,residential,India
1,2086-01-23,752.4,residential,India
1,2086-01-24,768.57,residential,India
1,2086-01-25,750.89,residential,India
1,2086-01-26,750.91,residential,India
1,2086-01-27,704.27,residential,India
1,2086-01-28,756.62,residential,India
1,2086-01-29,733.39,residential,India
1,2086-01-30,726.63,residential,India
1,2086-01-31,733.72,residential,India
1,2086-02-01,756.31,residential,India
1,2086-02-02,726.69,residential,India
1,2086-02-03,699.08,residential,India
1,2086-02-04,700.7,residential,India
1,2086-02-05,728.95,residential,India
1,2086-02-06,727.54,residential,India
1,2086-02-07,743.96,residential,India
1,2086-02-08,751.04,residential,India
1,2086-02-09,732.67,residential,India
1,2086-02-10,743.43,residential,India
1,2086-02-11,741.34,residential,India
1,2086-02-12,722.78,residential,India
1,2086-02-13,742.94,residential,India
1,2086-02-14,736.26,residential,India
1,2086-02-15,764.79,residential,India
1,2086-02-16,739.61,residential,India
1,2086-02-17,756.29,residential,India
1,2086-02-18,747.24,residential,India
1,2086-02-19,748.54,residential,India
1,2086-02-20,757.48,residential,India
1,2086-02-21,736.6,residential,India
1,2086-02-22,752.67,residential,India
1,2086-02-23,729.54,residential,India
1,2086-02-24,735.95,residential,India
1,2086-02-25,738.69,residential,India
1,2086-02-26,749.52,residential,India
1,2086-02-27,728.81,residential,India
1,2086-02-28,757.59,residential,India
1,2086-03-01,749.01,residential,India
1,2086-03-02,784.08,residential,India
1,2086-03-03,734.63,residential,India
1,2086-03-04,735.42,residential,India
1,2086-03-05,733.27,residential,India
1,2086-03-06,733.89,residential,India
1,2086-03-07,759.66,residential,India
1,2086-03-08,739.22,residential,India
1,2086-03-09,754.14,residential,India
1,2086-03-10,751.3,residential,India
1,2086-03-11,751.56,residential,India
1,2086-03-12,764.43,residential,India
1,2086-03-13,734.64,residential,India
1,2086-03-14,750.77,residential,India
1,2086-03-15,737.69,residential,India
1,2086-03-16,724.68,residential,India
1,2086-03-17,762.06,residential,India
1,2086-03-18,726.05,residential,India
1,2086-03-19,765.54,residential,India
1,2086-03-20,765.29,residential,India
1,2086-03-21,752.51,residential,India
1,2086-03-22,755.5,residential,India
1,2086-03-23,746.34,residential,India
1,2086-03-24,731.47,residential,India
1,2086-03-25,750.83,residential,India
1,2086-03-26,754.44,residential,India
1,2086-03-27,741.88,residential,India
1,2086-03-28,733.09,residential,India
1,2086-03-29,731.33,residential,India
1,2086-03-30,758.42,residential,India
1,2086-03-31,744.14,residential,India
1,2086-04-01,742.93,residential,India
1,2086-04-02,774.82,residential,India
1,2086-04-03,709.08,residential,India
1,2086-04-04,760.87,residential,India
1,2086-04-05,761.31,residential,India
1,2086-04-06,700.3,residential,India
1,2086-04-07,725.89,residential,India
1,2086-04-08,767.91,residential,India
1,2086-04-09,736.6,residential,India
1,2086-04-10,726.34,residential,India
1,2086-04-11,705.96,residential,India
1,2086-04-12,735.11,residential,India
1,2086-04-13,759.56,residential,India
1,2086-04-14,751.19,residential,India
1,2086-04-15,713.22,residential,India
1,2086-04-16,766.18,residential,India
1,2086-04-17,767.22,residential,India
1,2086-04-18,746.06,residential,India
1,2086-04-19,733.64,residential,India
1,2086-04-20,730.15,residential,India
1,2086-04-21,741.17,residential,India
1,2086-04-22,765.02,residential,India
1,2086-04-23,724.76,residential,India
1,2086-04-24,733.96,residential,India
1,2086-04-25,749.51,residential,India
1,2086-04-26,738.98,residential,India
1,2086-04-27,752.84,residential,India
1,2086-04-28,743.0,residential,India
1,2086-04-29,754.14,residential,India
1,2086-04-30,741.5,residential,India
1,2086-05-01,733.91,residential,India
1,2086-05-02,730.98,residential,India
1,2086-05-03,745.58,residential,India
1,2086-05-04,746.21,residential,India
1,2086-05-05,715.93,residential,India
1,2086-05-06,730.13,residential,India
1,2086-05-07,753.82,residential,India
1,2086-05-08,714.7,residential,India
1,2086-05-09,735.93,residential,India
1,2086-05-10,723.54,residential,India
1,2086-05-11,731.64,residential,India
1,2086-05-12,726.17,residential,India
1,2086-05-13,751.58,residential,India
1,2086-05-14,749.47,residential,India
1,2086-05-15,748.71,residential,India
1,2086-05-16,767.37,residential,India
1,2086-05-17,752.84,residential,India
1,2086-05-18,748.66,residential,India
1,2086-05-19,724.55,residential,India
1,2086-05-20,733.18,residential,India
1,2086-05-21,727.92,residential,India
1,2086-05-22,725.47,residential,India
1,2086-05-23,737.79,residential,India
1,2086-05-24,736.75,residential,India
1,2086-05-25,777.11,residential,India
1,2086-05-26,748.33,residential,India
1,2086-05-27,721.67,residential,India
1,2086-05-28,760.24,residential,India
1,2086-05-29,755.2,residential,India
1,2086-05-30,749.88,residential,India
1,2086-05-31,692.13,residential,India
1,2086-06-01,734.09,residential,India
1,2086-06-02,750.36,residential,India
1,2086-06-03,729.52,residential,India
1,2086-06-04,721.69,residential,India
1,2086-06-05,756.53,residential,India
1,2086-06-06,722.2,residential,India
1,2086-06-07,736.24,residential,India
1,2086-06-08,743.18,residential,India
1,2086-06-09,718.9,residential,India
1,2086-06-10,765.57,residential,India
1,2086-06-11,732.24,residential,India
1,2086-06-12,750.4,residential,India
1,2086-06-13,737.99,residential,India
1,2086-06-14,741.17,residential,India
1,2086-06-15,743.4,residential,India
1,2086-06-16,728.77,residential,India
1,2086-06-17,746.33,residential,India
1,2086-06-18,730.37,residential,India
1,2086-06-19,734.31,residential,India
1,2086-06-20,715.73,residential,India
1,2086-06-21,696.36,residential,India
1,2086-06-22,764.34,residential,India
1,2086-06-23,728.67,residential,India
1,2086-06-24,710.82,residential,India
1,2086-06-25,724.09,residential,India
1,2086-06-26,722.28,residential,India
1,2086-06-27,716.03,residential,India
1,2086-06-28,762.78,residential,India
1,2086-06-29,762.48,residential,India
1,2086-06-30,742.87,residential,India
1,2086-07-01,749.18,residential,India
1,2086-07-02,752.51,residential,India
1,2086-07-03,742.15,residential,India
1,2086-07-04,726.64,residential,India
1,2086-07-05,738.14,residential,India
1,2086-07-06,738.33,residential,India
1,2086-07-07,745.95,residential,India
1,2086-07-08,744.46,residential,India
1,2086-07-09,760.96,residential,India
1,2086-07-10,759.13,residential,India
1,2086-07-11,744.81,residential,India
1,2086-07-12,767.14,residential,India
1,2086-07-13,731.45,residential,India
1,2086-07-14,744.93,residential,India
1,2086-07-15,723.13,residential,India
1,2086-07-16,729.16,residential,India
1,2086-07-17,735.85,residential,India
1,2086-07-18,736.33,residential,India
1,2086-07-19,734.58,residential,India
1,2086-07-20,737.37,residential,India
1,2086-07-21,727.92,residential,India
1,2086-07-22,757.3,residential,India
1,2086-07-23,720.99,residential,India
1,2086-07-24,717.18,residential,India
1,2086-07-25,701.62,residential,India
1,2086-07-26,733.4,residential,India
1,2086-07-27,744.45,residential,India
1,2086-07-28,743.07,residential,India
1,2086-07-29,748.56,residential,India
1,2086-07-30,762.21,residential,India
1,2086-07-31,726.92,residential,India
1,2086-08-01,730.85,residential,India
1,2086-08-02,756.1,residential,India
1,2086-08-03,717.24,residential,India
1,2086-08-04,727.51,residential,India
1,2086-08-05,717.37,residential,India
1,2086-08-06,740.74,residential,India
1,2086-08-07,754.48,residential,India
1,2086-08-08,754.57,residential,India
1,2086-08-09,777.56,residential,India
1,2086-08-10,771.78,residential,India
1,2086-08-11,741.39,residential,India
1,2086-08-12,729.04,residential,India
1,2086-08-13,747.35,residential,India
1,2086-08-14,728.54,residential,India
1,2086-08-15,720.71,residential,India
1,2086-08-16,737.84,residential,India
1,2086-08-17,700.2,residential,India
1,2086-08-18,730.22,residential,India
1,2086-08-19,729.71,residential,India
1,2086-08-20,733.17,residential,India
1,2086-08-21,763.79,residential,India
1,2086-08-22,772.2,residential,India
1,2086-08-23,736.09,residential,India
1,2086-08-24,721.71,residential,India
1,2086-08-25,737.57,residential,India
1,2086-08-26,740.5,residential,India
1,2086-08-27,743.67,residential,India
1,2086-08-28,700.11,residential,India
1,2086-08-29,724.63,residential,India
1,2086-08-30,740.18,residential,India
1,2086-08-31,733.18,residential,India
1,2086-09-01,747.71,residential,India
1,2086-09-02,778.79,residential,India
1,2086-09-03,736.96,residential,India
1,2086-09-04,755.84,residential,India
1,2086-09-05,730.42,residential,India
1,2086-09-06,733.32,residential,India
1,2086-09-07,737.16,residential,India
1,2086-09-08,737.18,residential,India
1,2086-09-09,706.78,residential,India
1,2086-09-10,740.43,residential,India
1,2086-09-11,755.38,residential,India
1,2086-09-12,733.96,residential,India
1,2086-09-13,759.64,residential,India
1,2086-09-14,731.16,residential,India
1,2086-09-15,735.48,residential,India
1,2086-09-16,736.06,residential,India
1,2086-09-17,698.97,residential,India
1,2086-09-18,721.01,residential,India
1,2086-09-19,732.21,residential,India
1,2086-09-20,747.95,residential,India
1,2086-09-21,744.68,residential,India
1,2086-09-22,745.77,residential,India
1,2086-09-23,778.61,residential,India
1,2086-09-24,727.05,residential,India
1,2086-09-25,753.2,residential,India
1,2086-09-26,729.56,residential,India
1,2086-09-27,680.45,residential,India
1,2086-09-28,735.55,residential,India
1,2086-09-29,767.9,residential,India
1,2086-09-30,726.42,residential,India
1,2086-10-01,726.77,residential,India
1,2086-10-02,786.4,residential,India
1,2086-10-03,748.3,residential,India
1,2086-10-04,731.53,residential,India
1,2086-10-05,717.19,residential,India
1,2086-10-06,724.95,residential,India
1,2086-10-07,760.85,residential,India
1,2086-10-08,759.39,residential,India
1,2086-10-09,739.22,residential,India
1,2086-10-10,722.08,residential,India
1,2086-10-11,707.44,residential,India
1,2086-10-12,752.27,residential,India
1,2086-10-13,729.3,residential,India
1,2086-10-14,748.19,residential,India
1,2086-10-15,782.04,residential,India
1,2086-10-16,717.34,residential,India
1,2086-10-17,745.47,residential,India
1,2086-10-18,721.13,residential,India
1,2086-10-19,759.53,residential,India
1,2086-10-20,746.28,residential,India
1,2086-10-21,764.55,residential,India
1,2086-10-22,740.22,residential,India
1,2086-10-23,758.04,residential,India
1,2086-10-24,750.74,residential,India
1,2086-10-25,739.15,residential,India
1,2086-10-26,732.81,residential,India
1,2086-10-27,716.08,residential,India
1,2086-10-28,738.45,residential,India
1,2086-10-29,699.89,residential,India
1,2086-10-30,741.64,residential,India
1,2086-10-31,740.54,residential,India
1,2086-11-01,766.37,residential,India
1,2086-11-02,713.38,residential,India
1,2086-11-03,712.36,residential,India
1,2086-11-04,750.3,residential,India
1,2086-11-05,749.55,residential,India
1,2086-11-06,722.05,residential,India
1,2086-11-07,699.41,residential,India
1,2086-11-08,772.69,residential,India
1,2086-11-09,730.09,residential,India
1,2086-11-10,761.51,residential,India
1,2086-11-11,758.3,residential,India
1,2086-11-12,744.25,residential,India
1,2086-11-13,726.86,residential,India
1,2086-11-14,727.97,residential,India
1,2086-11-15,731.74,residential,India
1,2086-11-16,757.94,residential,India
1,2086-11-17,746.08,residential,India
1,2086-11-18,712.13,residential,India
1,2086-11-19,714.87,residential,India
1,2086-11-20,738.02,residential,India
1,2086-11-21,714.8,residential,India
1,2086-11-22,766.49,residential,India
1,2086-11-23,764.38,residential,India
1,2086-11-24,764.08,residential,India
1,2086-11-25,727.1,residential,India
1,2086-11-26,736.74,residential,India
1,2086-11-27,738.77,residential,India
1,2086-11-28,753.2,residential,India
1,2086-11-29,725.2,residential,India
1,2086-11-30,740.02,residential,India
1,2086-12-01,742.74,residential,India
1,2086-12-02,743.77,residential,India
1,2086-12-03,725.09,residential,India
1,2086-12-04,686.98,residential,India
1,2086-12-05,759.84,residential,India
1,2086-12-06,748.75,residential,India
1,2086-12-07,767.42,residential,India
1,2086-12-08,721.44,residential,India
1,2086-12-09,764.2,residential,India
1,2086-12-10,756.37,residential,India
1,2086-12-11,737.78,residential,India
1,2086-12-12,718.65,residential,India
1,2086-12-13,742.19,residential,India
1,2086-12-14,747.18,residential,India
1,2086-12-15,760.67,residential,India
1,2086-12-16,732.87,residential,India
1,2086-12-17,758.42,residential,India
1,2086-12-18,721.92,residential,India
1,2086-12-19,699.61,residential,India
1,2086-12-20,748.33,residential,India
1,2086-12-21,709.99,residential,India
1,2086-12-22,735.94,residential,India
1,2086-12-23,755.76,residential,India
1,2086-12-24,726.6,residential,India
1,2086-12-25,748.89,residential,India
1,2086-12-26,751.38,residential,India
1,2086-12-27,723.53,residential,India
1,2086-12-28,788.54,residential,India
1,2086-12-29,738.18,residential,India
1,2086-12-30,771.83,residential,India
1,2086-12-31,728.74,residential,India
1,2087-01-01,743.67,residential,India
1,2087-01-02,747.71,residential,India
1,2087-01-03,736.78,residential,India
1,2087-01-04,731.58,residential,India
1,2087-01-05,721.45,residential,India
1,2087-01-06,783.17,residential,India
1,2087-01-07,742.25,residential,India
1,2087-01-08,733.15,residential,India
1,2087-01-09,762.41,residential,India
1,2087-01-10,748.78,residential,India
1,2087-01-11,735.34,residential,India
1,2087-01-12,743.42,residential,India
1,2087-01-13,727.33,residential,India
1,2087-01-14,765.77,residential,India
1,2087-01-15,721.05,residential,India
1,2087-01-16,771.61,residential,India
1,2087-01-17,768.95,residential,India
1,2087-01-18,729.23,residential,India
1,2087-01-19,743.47,residential,India
1,2087-01-20,726.11,residential,India
1,2087-01-21,753.59,residential,India
1,2087-01-22,756.08,residential,India
1,2087-01-23,784.98,residential,India
1,2087-01-24,768.37,residential,India
1,2087-01-25,749.76,residential,India
1,2087-01-26,729.29,residential,India
1,2087-01-27,758.52,residential,India
1,2087-01-28,749.51,residential,India
1,2087-01-29,752.04,residential,India
1,2087-01-30,754.28,residential,India
1,2087-01-31,706.38,residential,India
1,2087-02-01,749.85,residential,India
1,2087-02-02,721.36,residential,India
1,2087-02-03,730.31,residential,India
1,2087-02-04,695.45,residential,India
1,2087-02-05,733.57,residential,India
1,2087-02-06,716.98,residential,India
1,2087-02-07,779.34,residential,India
1,2087-02-08,777.78,residential,India
1,2087-02-09,760.74,residential,India
1,2087-02-10,745.65,residential,India
1,2087-02-11,753.69,residential,India
1,2087-02-12,726.3,residential,India
1,2087-02-13,759.08,residential,India
1,2087-02-14,756.0,residential,India
1,2087-02-15,750.98,residential,India
1,2087-02-16,758.18,residential,India
1,2087-02-17,795.64,residential,India
1,2087-02-18,749.13,residential,India
1,2087-02-19,743.84,residential,India
1,2087-02-20,728.82,residential,India
1,2087-02-21,760.97,residential,India
1,2087-02-22,729.4,residential,India
1,2087-02-23,755.48,residential,India
1,2087-02-24,743.29,residential,India
1,2087-02-25,737.71,residential,India
1,2087-02-26,712.88,residential,India
1,2087-02-27,709.07,residential,India
1,2087-02-28,731.22,residential,India
1,2087-03-01,732.99,residential,India
1,2087-03-02,782.53,residential,India
1,2087-03-03,728.93,residential,India
1,2087-03-04,734.76,residential,India
1,2087-03-05,748.12,residential,India
1,2087-03-06,732.86,residential,India
1,2087-03-07,761.01,residential,India
1,2087-03-08,747.97,residential,India
1,2087-03-09,746.97,residential,India
1,2087-03-10,762.69,residential,India
1,2087-03-11,736.7,residential,India
1,2087-03-12,726.21,residential,India
1,2087-03-13,737.91,residential,India
1,2087-03-14,727.7,residential,India
1,2087-03-15,763.92,residential,India
1,2087-03-16,758.6,residential,India
1,2087-03-17,744.56,residential,India
1,2087-03-18,755.54,residential,India
1,2087-03-19,740.08,residential,India
1,2087-03-20,752.29,residential,India
1,2087-03-21,713.37,residential,India
1,2087-03-22,763.5,residential,India
1,2087-03-23,776.34,residential,India
1,2087-03-24,729.94,residential,India
1,2087-03-25,747.57,residential,India
1,2087-03-26,734.01,residential,India
1,2087-03-27,730.83,residential,India
1,2087-03-28,708.05,residential,India
1,2087-03-29,760.4,residential,India
1,2087-03-30,752.84,residential,India
1,2087-03-31,757.94,residential,India
1,2087-04-01,744.21,residential,India
1,2087-04-02,769.53,residential,India
1,2087-04-03,750.78,residential,India
1,2087-04-04,766.4,residential,India
1,2087-04-05,761.91,residential,India
1,2087-04-06,777.7,residential,India
1,2087-04-07,741.47,residential,India
1,2087-04-08,755.33,residential,India
1,2087-04-09,763.06,residential,India
1,2087-04-10,727.11,residential,India
1,2087-04-11,759.32,residential,India
1,2087-04-12,783.48,residential,India
1,2087-04-13,724.44,residential,India
1,2087-04-14,738.28,residential,India
1,2087-04-15,756.23,residential,India
1,2087-04-16,766.63,residential,India
1,2087-04-17,738.24,residential,India
1,2087-04-18,745.44,residential,India
1,2087-04-19,753.72,residential,India
1,2087-04-20,754.03,residential,India
1,2087-04-21,732.19,residential,India
1,2087-04-22,704.05,residential,India
1,2087-04-23,716.92,residential,India
1,2087-04-24,720.4,residential,India
1,2087-04-25,732.43,residential,India
1,2087-04-26,736.91,residential,India
1,2087-04-27,754.11,residential,India
1,2087-04-28,759.0,residential,India
1,2087-04-29,744.69,residential,India
1,2087-04-30,766.66,residential,India
1,2087-05-01,726.94,residential,India
1,2087-05-02,766.55,residential,India
1,2087-05-03,744.24,residential,India
1,2087-05-04,748.35,residential,India
1,2087-05-05,745.96,residential,India
1,2087-05-06,751.83,residential,India
1,2087-05-07,753.24,residential,India
1,2087-05-08,735.39,residential,India
1,2087-05-09,739.65,residential,India
1,2087-05-10,733.07,residential,India
1,2087-05-11,798.28,residential,India
1,2087-05-12,780.89,residential,India
1,2087-05-13,783.64,residential,India
1,2087-05-14,722.95,residential,India
1,2087-05-15,730.85,residential,India
1,2087-05-16,710.91,residential,India
1,2087-05-17,759.51,residential,India
1,2087-05-18,770.02,residential,India
1,2087-05-19,768.07,residential,India
1,2087-05-20,753.08,residential,India
1,2087-05-21,775.14,residential,India
1,2087-05-22,763.02,residential,India
1,2087-05-23,746.3,residential,India
1,2087-05-24,749.17,residential,India
1,2087-05-25,736.39,residential,India
1,2087-05-26,781.22,residential,India
1,2087-05-27,771.02,residential,India
1,2087-05-28,768.76,residential,India
1,2087-05-29,744.11,residential,India
1,2087-05-30,729.66,residential,India
1,2087-05-31,746.28,residential,India
1,2087-06-01,744.65,residential,India
1,2087-06-02,780.94,residential,India
1,2087-06-03,738.49,residential,India
1,2087-06-04,707.98,residential,India
1,2087-06-05,701.96,residential,India
1,2087-06-06,706.47,residential,India
1,2087-06-07,742.79,residential,India
1,2087-06-08,733.27,residential,India
1,2087-06-09,709.77,residential,India
1,2087-06-10,775.37,residential,India
1,2087-06-11,774.64,residential,India
1,2087-06-12,763.86,residential,India
1,2087-06-13,722.15,residential,India
1,2087-06-14,736.86,residential,India
1,2087-06-15,788.39,residential,India
1,2087-06-16,760.57,residential,India
1,2087-06-17,781.12,residential,India
1,2087-06-18,766.4,residential,India
1,2087-06-19,761.45,residential,India
1,2087-06-20,792.65,residential,India
1,2087-06-21,731.71,residential,India
1,2087-06-22,773.74,residential,India
1,2087-06-23,777.55,residential,India
1,2087-06-24,761.6,residential,India
1,2087-06-25,761.74,residential,India
1,2087-06-26,766.68,residential,India
1,2087-06-27,735.96,residential,India
1,2087-06-28,796.14,residential,India
1,2087-06-29,753.81,residential,India
1,2087-06-30,748.41,residential,India
1,2087-07-01,770.61,residential,India
1,2087-07-02,768.4,residential,India
1,2087-07-03,743.62,residential,India
1,2087-07-04,758.2,residential,India
1,2087-07-05,771.26,residential,India
1,2087-07-06,775.71,residential,India
1,2087-07-07,788.8,residential,India
1,2087-07-08,758.9,residential,India
1,2087-07-09,778.61,residential,India
1,2087-07-10,759.15,residential,India
1,2087-07-11,728.12,residential,India
1,2087-07-12,749.17,residential,India
1,2087-07-13,760.32,residential,India
1,2087-07-14,760.88,residential,India
1,2087-07-15,727.81,residential,India
1,2087-07-16,749.27,residential,India
1,2087-07-17,752.51,residential,India
1,2087-07-18,769.41,residential,India
1,2087-07-19,734.74,residential,India
1,2087-07-20,753.21,residential,India
1,2087-07-21,770.73,residential,India
1,2087-07-22,748.66,residential,India
1,2087-07-23,761.75,residential,India
1,2087-07-24,745.29,residential,India
1,2087-07-25,767.08,residential,India
1,2087-07-26,775.76,residential,India
1,2087-07-27,754.0,residential,India
1,2087-07-28,780.76,residential,India
1,2087-07-29,795.93,residential,India
1,2087-07-30,751.08,residential,India
1,2087-07-31,759.92,residential,India
1,2087-08-01,772.04,residential,India
1,2087-08-02,775.7,residential,India
1,2087-08-03,750.05,residential,India
1,2087-08-04,758.42,residential,India
1,2087-08-05,821.47,residential,India
1,2087-08-06,774.78,residential,India
1,2087-08-07,772.38,residential,India
1,2087-08-08,776.45,residential,India
1,2087-08-09,742.84,residential,India
1,2087-08-10,768.43,residential,India
1,2087-08-11,757.29,residential,India
1,2087-08-12,762.73,residential,India
1,2087-08-13,792.63,residential,India
1,2087-08-14,744.72,residential,India
1,2087-08-15,757.45,residential,India
1,2087-08-16,737.75,residential,India
1,2087-08-17,771.55,residential,India
1,2087-08-18,750.87,residential,India
1,2087-08-19,778.07,residential,India
1,2087-08-20,769.21,residential,India
1,2087-08-21,742.71,residential,India
1,2087-08-22,756.98,residential,India
1,2087-08-23,756.43,residential,India
1,2087-08-24,768.0,residential,India
1,2087-08-25,737.62,residential,India
1,2087-08-26,789.17,residential,India
1,2087-08-27,773.29,residential,India
1,2087-08-28,769.05,residential,India
1,2087-08-29,747.51,residential,India
1,2087-08-30,782.4,residential,India
1,2087-08-31,787.4,residential,India
1,2087-09-01,754.47,residential,India
1,2087-09-02,763.68,residential,India
1,2087-09-03,785.11,residential,India
1,2087-09-04,762.63,residential,India
1,2087-09-05,769.89,residential,India
1,2087-09-06,766.24,residential,India
1,2087-09-07,768.09,residential,India
1,2087-09-08,773.17,residential,India
1,2087-09-09,742.0,residential,India
1,2087-09-10,773.83,residential,India
1,2087-09-11,798.18,residential,India
1,2087-09-12,743.55,residential,India
1,2087-09-13,790.2,residential,India
1,2087-09-14,753.04,residential,India
1,2087-09-15,740.56,residential,India
1,2087-09-16,805.42,residential,India
1,2087-09-17,760.03,residential,India
1,2087-09-18,782.45,residential,India
1,2087-09-19,801.97,residential,India
1,2087-09-20,779.63,residential,India
1,2087-09-21,778.34,residential,India
1,2087-09-22,758.15,residential,India
1,2087-09-23,797.4,residential,India
1,2087-09-24,782.4,residential,India
1,2087-09-25,791.43,residential,India
1,2087-09-26,768.94,residential,India
1,2087-09-27,797.84,residential,India
1,2087-09-28,757.17,residential,India
1,2087-09-29,760.12,residential,India
1,2087-09-30,785.57,residential,India
1,2087-10-01,759.76,residential,India
1,2087-10-02,765.36,residential,India
1,2087-10-03,770.89,residential,India
1,2087-10-04,772.08,residential,India
1,2087-10-05,763.89,residential,India
1,2087-10-06,764.88,residential,India
1,2087-10-07,777.39,residential,India
1,2087-10-08,764.09,residential,India
1,2087-10-09,789.04,residential,India
1,2087-10-10,768.62,residential,India
1,2087-10-11,779.82,residential,India
1,2087-10-12,765.16,residential,India
1,2087-10-13,744.56,residential,India
1,2087-10-14,724.81,residential,India
1,2087-10-15,770.42,residential,India
1,2087-10-16,775.18,residential,India
1,2087-10-17,772.13,residential,India
1,2087-10-18,757.86,residential,India
1,2087-10-19,768.74,residential,India
1,2087-10-20,778.25,residential,India
1,2087-10-21,732.72,residential,India
1,2087-10-22,746.64,residential,India
1,2087-10-23,763.71,residential,India
1,2087-10-24,756.39,residential,India
1,2087-10-25,739.22,residential,India
1,2087-10-26,752.21,residential,India
1,2087-10-27,725.95,residential,India
1,2087-10-28,784.68,residential,India
1,2087-10-29,782.26,residential,India
1,2087-10-30,740.41,residential,India
1,2087-10-31,740.57,residential,India
1,2087-11-01,776.34,residential,India
1,2087-11-02,765.12,residential,India
1,2087-11-03,753.34,residential,India
1,2087-11-04,770.72,residential,India
1,2087-11-05,776.79,residential,India
1,2087-11-06,767.0,residential,India
1,2087-11-07,786.4,residential,India
1,2087-11-08,807.38,residential,India
1,2087-11-09,768.03,residential,India
1,2087-11-10,809.56,residential,India
1,2087-11-11,796.3,residential,India
1,2087-11-12,771.34,residential,India
1,2087-11-13,802.33,residential,India
1,2087-11-14,750.88,residential,India
1,2087-11-15,774.46,residential,India
1,2087-11-16,767.43,residential,India
1,2087-11-17,760.25,residential,India
1,2087-11-18,760.84,residential,India
1,2087-11-19,797.02,residential,India
1,2087-11-20,791.81,residential,India
1,2087-11-21,778.6,residential,India
1,2087-11-22,801.21,residential,India
1,2087-11-23,799.39,residential,India
1,2087-11-24,782.08,residential,India
1,2087-11-25,730.17,residential,India
1,2087-11-26,770.17,residential,India
1,2087-11-27,769.65,residential,India
1,2087-11-28,786.51,residential,India
1,2087-11-29,785.66,residential,India
1,2087-11-30,767.86,residential,India
1,2087-12-01,732.02,residential,India
1,2087-12-02,762.67,residential,India
1,2087-12-03,770.84,residential,India
1,2087-12-04,772.47,residential,India
1,2087-12-05,788.05,residential,India
1,2087-12-06,796.91,residential,India
1,2087-12-07,799.17,residential,India
1,2087-12-08,770.3,residential,India
1,2087-12-09,753.52,residential,India
1,2087-12-10,775.14,residential,India
1,2087-12-11,789.41,residential,India
1,2087-12-12,745.22,residential,India
1,2087-12-13,770.55,residential,India
1,2087-12-14,798.68,residential,India
1,2087-12-15,778.63,residential,India
1,2087-12-16,742.89,residential,India
1,2087-12-17,754.52,residential,India
1,2087-12-18,791.18,residential,India
1,2087-12-19,771.98,residential,India
1,2087-12-20,820.77,residential,India
1,2087-12-21,778.76,residential,India
1,2087-12-22,795.01,residential,India
1,2087-12-23,758.38,residential,India
1,2087-12-24,743.79,residential,India
1,2087-12-25,774.06,residential,India
1,2087-12-26,722.96,residential,India
1,2087-12-27,762.75,residential,India
1,2087-12-28,775.46,residential,India
1,2087-12-29,752.02,residential,India
1,2087-12-30,786.02,residential,India
1,2087-12-31,757.89,residential,India
1,2088-01-01,769.55,residential,India
1,2088-01-02,774.6,residential,India
1,2088-01-03,769.47,residential,India
1,2088-01-04,740.44,residential,India
1,2088-01-05,746.36,residential,India
1,2088-01-06,810.27,residential,India
1,2088-01-07,772.11,residential,India
1,2088-01-08,803.31,residential,India
1,2088-01-09,750.47,residential,India
1,2088-01-10,742.74,residential,India
1,2088-01-11,739.66,residential,India
1,2088-01-12,762.93,residential,India
1,2088-01-13,766.81,residential,India
1,2088-01-14,785.07,residential,India
1,2088-01-15,763.67,residential,India
1,2088-01-16,788.09,residential,India
1,2088-01-17,791.9,residential,India
1,2088-01-18,776.53,residential,India
1,2088-01-19,767.31,residential,India
1,2088-01-20,799.77,residential,India
1,2088-01-21,774.05,residential,India
1,2088-01-22,792.29,residential,India
1,2088-01-23,814.29,residential,India
1,2088-01-24,761.79,residential,India
1,2088-01-25,767.42,residential,India
1,2088-01-26,819.01,residential,India
1,2088-01-27,773.98,residential,India
1,2088-01-28,795.1,residential,India
1,2088-01-29,775.24,residential,India
1,2088-01-30,827.65,residential,India
1,2088-01-31,778.94,residential,India
1,2088-02-01,808.46,residential,India
1,2088-02-02,812.92,residential,India
1,2088-02-03,813.98,residential,India
1,2088-02-04,821.89,residential,India
1,2088-02-05,807.85,residential,India
1,2088-02-06,786.98,residential,India
1,2088-02-07,759.21,residential,India
1,2088-02-08,816.12,residential,India
1,2088-02-09,799.3,residential,India
1,2088-02-10,752.47,residential,India
1,2088-02-11,779.51,residential,India
1,2088-02-12,785.55,residential,India
1,2088-02-13,807.9,residential,India
1,2088-02-14,765.04,residential,India
1,2088-02-15,790.24,residential,India
1,2088-02-16,765.32,residential,India
1,2088-02-17,764.16,residential,India
1,2088-02-18,763.49,residential,India
1,2088-02-19,788.93,residential,India
1,2088-02-20,809.96,residential,India
1,2088-02-21,805.53,residential,India
1,2088-02-22,790.94,residential,India
1,2088-02-23,807.42,residential,India
1,2088-02-24,789.37,residential,India
1,2088-02-25,824.05,residential,India
1,2088-02-26,811.85,residential,India
1,2088-02-27,783.94,residential,India
1,2088-02-28,802.94,residential,India
1,2088-02-29,788.61,residential,India
1,2088-03-01,762.74,residential,India
1,2088-03-02,782.14,residential,India
1,2088-03-03,760.28,residential,India
1,2088-03-04,774.55,residential,India
1,2088-03-05,774.33,residential,India
1,2088-03-06,788.89,residential,India
1,2088-03-07,736.92,residential,India
1,2088-03-08,805.1,residential,India
1,2088-03-09,767.29,residential,India
1,2088-03-10,758.92,residential,India
1,2088-03-11,769.52,residential,India
1,2088-03-12,781.72,residential,India
1,2088-03-13,782.6,residential,India
1,2088-03-14,783.53,residential,India
1,2088-03-15,809.63,residential,India
1,2088-03-16,757.34,residential,India
1,2088-03-17,774.59,residential,India
1,2088-03-18,813.19,residential,India
1,2088-03-19,786.37,residential,India
1,2088-03-20,829.05,residential,India
1,2088-03-21,763.17,residential,India
1,2088-03-22,801.22,residential,India
1,2088-03-23,781.32,residential,India
1,2088-03-24,783.79,residential,India
1,2088-03-25,841.03,residential,India
1,2088-03-26,814.73,residential,India
1,2088-03-27,801.32,residential,India
1,2088-03-28,811.4,residential,India
1,2088-03-29,782.65,residential,India
1,2088-03-30,805.65,residential,India
1,2088-03-31,761.7,residential,India
1,2088-04-01,791.94,residential,India
1,2088-04-02,810.25,residential,India
1,2088-04-03,785.71,residential,India
1,2088-04-04,801.11,residential,India
1,2088-04-05,764.33,residential,India
1,2088-04-06,757.17,residential,India
1,2088-04-07,791.32,residential,India
1,2088-04-08,814.5,residential,India
1,2088-04-09,795.25,residential,India
1,2088-04-10,842.36,residential,India
1,2088-04-11,797.35,residential,India
1,2088-04-12,770.55,residential,India
1,2088-04-13,815.85,residential,India
1,2088-04-14,764.76,residential,India
1,2088-04-15,808.54,residential,India
1,2088-04-16,802.75,residential,India
1,2088-04-17,805.79,residential,India
1,2088-04-18,767.55,residential,India
1,2088-04-19,751.37,residential,India
1,2088-04-20,791.68,residential,India
1,2088-04-21,775.18,residential,India
1,2088-04-22,811.9,residential,India
1,2088-04-23,781.48,residential,India
1,2088-04-24,764.41,residential,India
1,2088-04-25,810.4,residential,India
1,2088-04-26,771.37,residential,India
1,2088-04-27,780.41,residential,India
1,2088-04-28,791.02,residential,India
1,2088-04-29,787.99,residential,India
1,2088-04-30,790.41,residential,India
1,2088-05-01,792.9,residential,India
1,2088-05-02,771.51,residential,India
1,2088-05-03,787.32,residential,India
1,2088-05-04,781.08,residential,India
1,2088-05-05,765.28,residential,India
1,2088-05-06,755.8,residential,India
1,2088-05-07,810.81,residential,India
1,2088-05-08,795.3,residential,India
1,2088-05-09,832.88,residential,India
1,2088-05-10,780.88,residential,India
1,2088-05-11,747.98,residential,India
1,2088-05-12,788.48,residential,India
1,2088-05-13,801.65,residential,India
1,2088-05-14,823.45,residential,India
1,2088-05-15,772.92,residential,India
1,2088-05-16,797.83,residential,India
1,2088-05-17,769.89,residential,India
1,2088-05-18,786.46,residential,India
1,2088-05-19,842.11,residential,India
1,2088-05-20,827.26,residential,India
1,2088-05-21,826.69,residential,India
1,2088-05-22,796.55,residential,India
1,2088-05-23,801.03,residential,India
1,2088-05-24,780.95,residential,India
1,2088-05-25,797.3,residential,India
1,2088-05-26,797.97,residential,India
1,2088-05-27,775.54,residential,India
1,2088-05-28,837.58,residential,India
1,2088-05-29,785.82,residential,India
1,2088-05-30,783.78,residential,India
1,2088-05-31,811.16,residential,India
1,2088-06-01,807.41,residential,India
1,2088-06-02,806.44,residential,India
1,2088-06-03,790.14,residential,India
1,2088-06-04,776.77,residential,India
1,2088-06-05,799.14,residential,India
1,2088-06-06,798.25,residential,India
1,2088-06-07,795.8,residential,India
1,2088-06-08,825.54,residential,India
1,2088-06-09,790.77,residential,India
1,2088-06-10,800.18,residential,India
1,2088-06-11,816.71,residential,India
