dataset_id,date,value,sector,location
1,2024-01-01,620.6,commercial,Ohio
2,2024-01-02,707.2,commercial,Georgia
3,2024-01-03,816.3,industrial,New York
4,2024-01-04,616.4,commercial,Florida
5,2024-01-05,807.4,industrial,Georgia
6,2024-01-06,391.4,residential,Illinois
7,2024-01-07,914.5,industrial,Ohio
8,2024-01-08,713.0,industrial,New York
9,2024-01-09,683.7,commercial,New York
10,2024-01-10,667.1,commercial,Illinois
11,2024-01-11,962.3,industrial,Illinois
12,2024-01-12,479.0,residential,California
13,2024-01-13,890.0,industrial,Florida
14,2024-01-14,361.9,residential,Texas
15,2024-01-15,429.4,residential,Georgia
16,2024-01-16,422.9,residential,Texas
17,2024-01-17,665.1,commercial,Texas
18,2024-01-18,302.4,residential,Georgia
19,2024-01-19,386.5,residential,Florida
20,2024-01-20,347.4,residential,California
21,2024-01-21,620.9,commercial,Georgia
22,2024-01-22,537.6,residential,Texas
23,2024-01-23,778.2,industrial,Illinois
24,2024-01-24,416.4,residential,Ohio
25,2024-01-25,379.0,residential,Georgia
26,2024-01-26,817.9,industrial,Florida
27,2024-01-27,687.9,commercial,California
28,2024-01-28,870.8,industrial,Florida
29,2024-01-29,390.8,residential,Illinois
30,2024-01-30,356.8,residential,Ohio
31,2024-01-31,955.7,industrial,Illinois
32,2024-02-01,445.8,residential,New York
33,2024-02-02,837.4,industrial,California
34,2024-02-03,641.1,commercial,Texas
35,2024-02-04,757.9,commercial,Texas
36,2024-02-05,379.6,residential,Georgia
37,2024-02-06,617.5,commercial,Florida
38,2024-02-07,739.7,commercial,Ohio
39,2024-02-08,442.1,residential,California
40,2024-02-09,426.9,residential,Texas
41,2024-02-10,381.0,residential,Georgia
42,2024-02-11,957.1,industrial,Texas
43,2024-02-12,889.5,industrial,Florida
44,2024-02-13,726.8,commercial,Florida
45,2024-02-14,451.3,residential,Texas
46,2024-02-15,910.5,industrial,New York
47,2024-02-16,674.2,commercial,Texas
48,2024-02-17,790.0,industrial,New York
49,2024-02-18,855.6,industrial,Texas
50,2024-02-19,631.7,commercial,California
51,2024-02-20,692.7,commercial,California
52,2024-02-21,397.2,residential,New York
53,2024-02-22,417.8,residential,Georgia
54,2024-02-23,855.5,industrial,Georgia
55,2024-02-24,568.8,residential,Illinois
56,2024-02-25,598.8,commercial,Florida
57,2024-02-26,429.3,residential,Texas
58,2024-02-27,469.4,residential,California
59,2024-02-28,713.8,commercial,Georgia
60,2024-02-29,631.4,commercial,Illinois
61,2024-03-01,411.2,residential,New York
62,2024-03-02,447.2,residential,California
63,2024-03-03,352.8,residential,Illinois
64,2024-03-04,1005.5,industrial,Georgia
65,2024-03-05,437.2,residential,Georgia
66,2024-03-06,920.4,industrial,California
67,2024-03-07,657.5,commercial,Georgia
68,2024-03-08,860.0,industrial,Georgia
69,2024-03-09,690.3,commercial,Georgia
70,2024-03-10,692.3,commercial,Texas
71,2024-03-11,780.7,industrial,New York
72,2024-03-12,875.7,industrial,Georgia
73,2024-03-13,424.9,residential,Georgia
74,2024-03-14,387.1,residential,Georgia
75,2024-03-15,482.7,residential,Ohio
76,2024-03-16,363.6,residential,New York
77,2024-03-17,526.0,residential,Florida
78,2024-03-18,909.3,industrial,New York
79,2024-03-19,768.1,commercial,Texas
80,2024-03-20,461.9,residential,New York
81,2024-03-21,324.3,residential,Ohio
82,2024-03-22,871.6,industrial,California
83,2024-03-23,495.2,residential,Georgia
84,2024-03-24,964.8,industrial,New York
85,2024-03-25,583.1,commercial,Florida
86,2024-03-26,439.8,residential,New York
87,2024-03-27,397.1,residential,Georgia
88,2024-03-28,407.0,residential,Illinois
89,2024-03-29,966.5,industrial,Georgia
90,2024-03-30,902.3,industrial,Illinois
91,2024-03-31,1017.0,industrial,New York
92,2024-04-01,892.4,industrial,Illinois
93,2024-04-02,632.4,commercial,Ohio
94,2024-04-03,286.0,residential,Illinois
95,2024-04-04,617.6,commercial,Florida
96,2024-04-05,664.6,commercial,Ohio
97,2024-04-06,456.5,residential,California
98,2024-04-07,986.3,industrial,Illinois
99,2024-04-08,837.5,industrial,California
100,2024-04-09,453.2,residential,Georgia
101,2024-04-10,908.0,industrial,Illinois
102,2024-04-11,617.8,commercial,Florida
103,2024-04-12,228.2,residential,Ohio
104,2024-04-13,414.1,residential,New York
105,2024-04-14,483.3,residential,Illinois
106,2024-04-15,651.7,commercial,California
107,2024-04-16,662.6,commercial,Florida
108,2024-04-17,929.7,industrial,California
109,2024-04-18,470.0,residential,Ohio
110,2024-04-19,432.3,residential,Georgia
111,2024-04-20,845.2,industrial,Florida
112,2024-04-21,351.0,residential,California
113,2024-04-22,898.9,industrial,Texas
114,2024-04-23,1021.5,industrial,Georgia
115,2024-04-24,751.3,industrial,Georgia
116,2024-04-25,732.5,commercial,Ohio
117,2024-04-26,876.0,industrial,Florida
118,2024-04-27,685.9,commercial,Texas
119,2024-04-28,390.1,residential,Illinois
120,2024-04-29,628.2,commercial,New York
121,2024-04-30,559.4,commercial,California
122,2024-05-01,738.8,commercial,Florida
123,2024-05-02,853.2,industrial,Florida
124,2024-05-03,330.8,residential,Texas
125,2024-05-04,934.9,industrial,New York
126,2024-05-05,435.0,residential,Illinois
127,2024-05-06,442.8,residential,Illinois
128,2024-05-07,853.9,industrial,Ohio
129,2024-05-08,615.4,commercial,Georgia
130,2024-05-09,337.0,residential,Florida
131,2024-05-10,959.3,industrial,New York
132,2024-05-11,896.3,industrial,New York
133,2024-05-12,696.2,commercial,Florida
134,2024-05-13,436.3,residential,California
135,2024-05-14,429.0,residential,Florida
136,2024-05-15,850.7,industrial,New York
137,2024-05-16,586.3,commercial,New York
138,2024-05-17,696.4,commercial,New York
139,2024-05-18,838.4,industrial,California
140,2024-05-19,730.7,commercial,New York
141,2024-05-20,895.4,industrial,Texas
142,2024-05-21,898.6,industrial,Illinois
143,2024-05-22,382.0,residential,California
144,2024-05-23,823.7,industrial,Georgia
145,2024-05-24,742.0,commercial,Texas
146,2024-05-25,466.2,residential,Ohio
147,2024-05-26,949.7,industrial,New York
148,2024-05-27,850.1,industrial,California
149,2024-05-28,689.1,commercial,California
150,2024-05-29,583.3,commercial,Texas
151,2024-05-30,950.2,industrial,California
152,2024-05-31,411.3,residential,California
153,2024-06-01,610.6,commercial,California
154,2024-06-02,371.9,residential,Georgia
155,2024-06-03,867.5,industrial,Ohio
156,2024-06-04,383.0,residential,Texas
157,2024-06-05,917.2,industrial,Texas
158,2024-06-06,897.0,industrial,California
159,2024-06-07,856.9,industrial,Georgia
160,2024-06-08,433.3,residential,New York
161,2024-06-09,603.1,commercial,Texas
162,2024-06-10,700.7,commercial,Texas
163,2024-06-11,575.6,commercial,Ohio
164,2024-06-12,847.6,industrial,New York
165,2024-06-13,340.3,residential,Texas
166,2024-06-14,644.8,commercial,New York
167,2024-06-15,303.7,residential,Illinois
168,2024-06-16,1047.6,industrial,Georgia
169,2024-06-17,871.5,industrial,Florida
170,2024-06-18,678.8,commercial,Georgia
171,2024-06-19,681.3,commercial,Texas
172,2024-06-20,463.0,residential,Ohio
173,2024-06-21,660.7,commercial,New York
174,2024-06-22,474.4,residential,Georgia
175,2024-06-23,890.5,industrial,Ohio
176,2024-06-24,869.6,industrial,Georgia
177,2024-06-25,965.0,industrial,Ohio
178,2024-06-26,613.3,commercial,Ohio
179,2024-06-27,984.1,industrial,Georgia
180,2024-06-28,493.4,residential,New York
181,2024-06-29,576.1,commercial,Georgia
182,2024-06-30,721.3,commercial,Texas
183,2024-07-01,343.9,residential,Ohio
184,2024-07-02,624.9,commercial,California
185,2024-07-03,710.7,commercial,New York
186,2024-07-04,443.7,residential,California
187,2024-07-05,628.0,commercial,Georgia
188,2024-07-06,861.3,industrial,California
189,2024-07-07,936.4,industrial,Ohio
190,2024-07-08,974.2,industrial,Florida
191,2024-07-09,651.3,commercial,Texas
192,2024-07-10,409.2,residential,Florida
193,2024-07-11,714.7,commercial,Florida
194,2024-07-12,884.8,industrial,Ohio
195,2024-07-13,429.5,residential,New York
196,2024-07-14,529.4,commercial,New York
197,2024-07-15,643.9,commercial,Ohio
198,2024-07-16,617.1,commercial,Texas
199,2024-07-17,614.3,commercial,Florida
200,2024-07-18,594.4,commercial,Texas
201,2024-07-19,905.9,industrial,California
202,2024-07-20,851.7,industrial,Illinois
203,2024-07-21,830.3,industrial,Florida
204,2024-07-22,981.6,industrial,Ohio
205,2024-07-23,824.4,commercial,Illinois
206,2024-07-24,626.5,commercial,Illinois
207,2024-07-25,443.6,residential,Florida
208,2024-07-26,551.4,commercial,Texas
209,2024-07-27,569.6,commercial,Ohio
210,2024-07-28,464.6,residential,Illinois
211,2024-07-29,564.7,commercial,Texas
212,2024-07-30,710.0,commercial,Texas
213,2024-07-31,361.1,residential,Florida
214,2024-08-01,531.5,commercial,Texas
215,2024-08-02,653.4,commercial,New York
216,2024-08-03,620.2,commercial,Texas
217,2024-08-04,673.0,commercial,Texas
218,2024-08-05,873.4,industrial,Texas
219,2024-08-06,280.7,residential,Texas
220,2024-08-07,945.0,industrial,Georgia
221,2024-08-08,896.9,industrial,Georgia
222,2024-08-09,653.6,commercial,Georgia
223,2024-08-10,867.8,industrial,Florida
224,2024-08-11,653.5,commercial,Texas
225,2024-08-12,870.1,industrial,New York
226,2024-08-13,841.6,industrial,Florida
227,2024-08-14,744.8,commercial,Texas
228,2024-08-15,419.6,residential,Illinois
229,2024-08-16,801.0,commercial,Texas
230,2024-08-17,711.5,commercial,Florida
231,2024-08-18,596.9,commercial,Georgia
232,2024-08-19,990.4,industrial,Ohio
233,2024-08-20,347.8,residential,California
234,2024-08-21,386.1,residential,California
235,2024-08-22,387.9,residential,Illinois
236,2024-08-23,436.2,residential,Texas
237,2024-08-24,837.6,industrial,New York
238,2024-08-25,280.3,residential,Texas
239,2024-08-26,911.3,industrial,New York
240,2024-08-27,982.3,industrial,New York
241,2024-08-28,886.4,industrial,Georgia
242,2024-08-29,637.1,commercial,Ohio
243,2024-08-30,419.5,residential,California
244,2024-08-31,596.0,commercial,Florida
245,2024-09-01,476.3,residential,Florida
246,2024-09-02,744.6,commercial,New York
247,2024-09-03,856.6,industrial,New York
248,2024-09-04,674.9,commercial,Georgia
249,2024-09-05,615.6,commercial,Ohio
250,2024-09-06,412.3,residential,Illinois
251,2024-09-07,637.5,commercial,New York
252,2024-09-08,820.8,industrial,Texas
253,2024-09-09,422.3,residential,Georgia
254,2024-09-10,394.7,residential,Florida
255,2024-09-11,515.6,residential,Florida
256,2024-09-12,663.1,commercial,Georgia
257,2024-09-13,326.6,residential,Florida
258,2024-09-14,623.1,commercial,Florida
259,2024-09-15,397.0,residential,Texas
260,2024-09-16,692.9,commercial,Ohio
261,2024-09-17,421.4,residential,Florida
262,2024-09-18,840.6,industrial,New York
263,2024-09-19,959.4,industrial,California
264,2024-09-20,274.6,residential,Texas
265,2024-09-21,842.4,industrial,Ohio
266,2024-09-22,668.8,commercial,New York
267,2024-09-23,697.5,commercial,New York
268,2024-09-24,423.1,residential,Georgia
269,2024-09-25,705.7,commercial,Texas
270,2024-09-26,899.7,industrial,Texas
271,2024-09-27,585.1,commercial,Georgia
272,2024-09-28,456.5,residential,Ohio
273,2024-09-29,903.5,industrial,New York
274,2024-09-30,890.2,industrial,Illinois
275,2024-10-01,837.3,industrial,Texas
276,2024-10-02,578.5,commercial,Ohio
277,2024-10-03,691.9,commercial,California
278,2024-10-04,833.7,industrial,Illinois
279,2024-10-05,849.8,industrial,New York
280,2024-10-06,363.6,residential,Ohio
281,2024-10-07,495.4,residential,Texas
282,2024-10-08,440.5,residential,California
283,2024-10-09,231.4,residential,Texas
284,2024-10-10,291.5,residential,Ohio
285,2024-10-11,682.5,commercial,Illinois
286,2024-10-12,492.5,residential,Ohio
287,2024-10-13,700.6,commercial,Texas
288,2024-10-14,577.8,commercial,New York
289,2024-10-15,689.8,commercial,Illinois
290,2024-10-16,666.2,commercial,Georgia
291,2024-10-17,717.7,commercial,Texas
292,2024-10-18,407.0,residential,Illinois
293,2024-10-19,595.0,commercial,Illinois
294,2024-10-20,437.3,residential,Florida
295,2024-10-21,887.4,industrial,New York
296,2024-10-22,833.5,industrial,Ohio
297,2024-10-23,940.4,industrial,Florida
298,2024-10-24,454.7,residential,Ohio
299,2024-10-25,889.7,industrial,California
300,2024-10-26,480.3,residential,Florida
301,2024-10-27,596.1,commercial,Texas
302,2024-10-28,831.7,commercial,Florida
303,2024-10-29,849.3,industrial,Illinois
304,2024-10-30,801.2,commercial,New York
305,2024-10-31,356.3,residential,Georgia
306,2024-11-01,436.5,residential,Georgia
307,2024-11-02,282.8,residential,Illinois
308,2024-11-03,368.5,residential,Illinois
309,2024-11-04,809.1,industrial,Ohio
310,2024-11-05,880.0,industrial,Ohio
311,2024-11-06,453.2,residential,Georgia
312,2024-11-07,663.3,commercial,Ohio
313,2024-11-08,342.9,residential,Ohio
314,2024-11-09,620.8,commercial,Georgia
315,2024-11-10,875.0,industrial,Ohio
316,2024-11-11,318.4,residential,Georgia
317,2024-11-12,372.2,residential,Ohio
318,2024-11-13,343.0,residential,Ohio
319,2024-11-14,872.8,industrial,Ohio
320,2024-11-15,309.1,residential,Texas
321,2024-11-16,323.8,residential,Florida
322,2024-11-17,672.0,commercial,Illinois
323,2024-11-18,692.8,commercial,Georgia
324,2024-11-19,727.4,commercial,Ohio
325,2024-11-20,346.2,residential,Illinois
326,2024-11-21,842.0,industrial,California
327,2024-11-22,955.8,industrial,Ohio
328,2024-11-23,319.3,residential,Illinois
329,2024-11-24,936.2,industrial,Florida
330,2024-11-25,819.8,industrial,California
331,2024-11-26,275.2,residential,Illinois
332,2024-11-27,904.3,industrial,California
333,2024-11-28,921.5,industrial,Georgia
334,2024-11-29,959.7,industrial,Florida
335,2024-11-30,576.3,commercial,New York
336,2024-12-01,648.9,commercial,Ohio
337,2024-12-02,970.4,industrial,California
338,2024-12-03,407.3,residential,Texas
339,2024-12-04,496.9,residential,Illinois
340,2024-12-05,760.0,commercial,Texas
341,2024-12-06,401.4,residential,Florida
342,2024-12-07,805.5,industrial,New York
343,2024-12-08,954.4,industrial,Illinois
344,2024-12-09,958.7,industrial,Ohio
345,2024-12-10,379.5,residential,Florida
346,2024-12-11,436.0,residential,Georgia
347,2024-12-12,427.4,residential,New York
348,2024-12-13,518.9,residential,Florida
349,2024-12-14,649.7,commercial,New York
350,2024-12-15,866.5,industrial,California
351,2024-12-16,340.7,residential,Ohio
352,2024-12-17,464.6,residential,New York
353,2024-12-18,397.6,residential,Georgia
354,2024-12-19,919.9,industrial,Florida
355,2024-12-20,847.5,industrial,Ohio
356,2024-12-21,616.7,commercial,Florida
357,2024-12-22,572.9,commercial,Florida
358,2024-12-23,602.2,commercial,Florida
359,2024-12-24,875.9,industrial,Georgia
360,2024-12-25,908.3,industrial,New York
361,2024-12-26,923.1,industrial,Florida
362,2024-12-27,700.4,commercial,Illinois
363,2024-12-28,825.0,industrial,California
364,2024-12-29,553.3,commercial,Illinois
365,2024-12-30,869.2,industrial,Illinois
366,2024-01-01,737.5,commercial,California
367,2024-01-02,688.9,commercial,Texas
368,2024-01-03,668.5,commercial,Ohio
369,2024-01-04,692.0,commercial,California
370,2024-01-05,471.5,residential,California
371,2024-01-06,905.9,industrial,Florida
372,2024-01-07,441.7,residential,Georgia
373,2024-01-08,666.5,commercial,California
374,2024-01-09,629.3,commercial,Georgia
375,2024-01-10,568.8,commercial,Ohio
376,2024-01-11,379.5,residential,Florida
377,2024-01-12,901.5,industrial,New York
378,2024-01-13,725.9,commercial,Georgia
379,2024-01-14,546.5,residential,Illinois
380,2024-01-15,429.0,residential,California
381,2024-01-16,857.0,industrial,Florida
382,2024-01-17,668.4,commercial,California
383,2024-01-18,998.1,industrial,California
384,2024-01-19,677.7,commercial,New York
385,2024-01-20,801.5,industrial,Florida
386,2024-01-21,879.2,industrial,California
387,2024-01-22,638.5,commercial,Illinois
388,2024-01-23,931.6,industrial,Florida
389,2024-01-24,297.4,residential,Texas
390,2024-01-25,907.4,industrial,California
391,2024-01-26,438.4,residential,New York
392,2024-01-27,934.1,industrial,New York
393,2024-01-28,712.4,commercial,Georgia
394,2024-01-29,928.9,industrial,Georgia
395,2024-01-30,488.5,residential,Georgia
396,2024-01-31,897.1,industrial,New York
397,2024-02-01,501.5,residential,Ohio
398,2024-02-02,508.7,commercial,Illinois
399,2024-02-03,434.3,residential,Ohio
400,2024-02-04,382.8,residential,Georgia
401,2024-02-05,315.0,residential,California
402,2024-02-06,676.6,commercial,California
403,2024-02-07,429.1,residential,New York
404,2024-02-08,346.5,residential,Ohio
405,2024-02-09,308.3,residential,Texas
406,2024-02-10,676.4,commercial,New York
407,2024-02-11,622.7,commercial,California
408,2024-02-12,841.7,industrial,Florida
409,2024-02-13,462.3,residential,Georgia
410,2024-02-14,883.3,industrial,Florida
411,2024-02-15,957.9,industrial,California
412,2024-02-16,624.7,commercial,Florida
413,2024-02-17,297.8,residential,California
414,2024-02-18,639.9,commercial,New York
415,2024-02-19,394.3,residential,Florida
416,2024-02-20,688.9,commercial,Ohio
417,2024-02-21,624.6,commercial,Florida
418,2024-02-22,860.3,industrial,Illinois
419,2024-02-23,607.4,commercial,Texas
420,2024-02-24,852.9,industrial,New York
421,2024-02-25,586.3,commercial,Ohio
422,2024-02-26,395.4,residential,Florida
423,2024-02-27,695.8,commercial,Texas
424,2024-02-28,767.1,industrial,Georgia
425,2024-02-29,643.7,commercial,Ohio
426,2024-03-01,655.5,commercial,California
427,2024-03-02,985.7,industrial,Ohio
428,2024-03-03,886.4,industrial,Florida
429,2024-03-04,633.7,commercial,California
430,2024-03-05,369.1,residential,Florida
431,2024-03-06,387.0,residential,California
432,2024-03-07,947.8,industrial,California
433,2024-03-08,437.5,residential,New York
434,2024-03-09,925.1,industrial,Texas
435,2024-03-10,279.2,residential,California
436,2024-03-11,434.7,residential,California
437,2024-03-12,408.5,residential,Georgia
438,2024-03-13,946.8,industrial,California
439,2024-03-14,381.1,residential,California
440,2024-03-15,443.3,residential,Illinois
441,2024-03-16,1030.5,industrial,Ohio
442,2024-03-17,540.8,commercial,Texas
443,2024-03-18,383.8,residential,New York
444,2024-03-19,914.9,industrial,New York
445,2024-03-20,886.8,industrial,Illinois
446,2024-03-21,677.9,commercial,Florida
447,2024-03-22,753.4,commercial,California
448,2024-03-23,719.3,commercial,California
449,2024-03-24,736.9,commercial,Ohio
450,2024-03-25,696.2,commercial,Florida
451,2024-03-26,493.1,residential,Florida
452,2024-03-27,628.7,commercial,Ohio
453,2024-03-28,661.0,commercial,Georgia
454,2024-03-29,890.2,industrial,Illinois
455,2024-03-30,696.4,commercial,New York
456,2024-03-31,838.0,industrial,Florida
457,2024-04-01,639.9,commercial,Ohio
458,2024-04-02,684.7,commercial,Florida
459,2024-04-03,498.4,residential,New York
460,2024-04-04,627.6,commercial,Ohio
461,2024-04-05,462.6,residential,Florida
462,2024-04-06,922.1,industrial,Florida
463,2024-04-07,786.4,industrial,New York
464,2024-04-08,966.2,industrial,Ohio
465,2024-04-09,629.4,commercial,Texas
466,2024-04-10,621.4,commercial,Florida
467,2024-04-11,366.1,residential,Florida
468,2024-04-12,319.2,residential,California
469,2024-04-13,897.7,industrial,Illinois
470,2024-04-14,676.6,commercial,Ohio
471,2024-04-15,437.9,residential,New York
472,2024-04-16,991.5,industrial,Texas
473,2024-04-17,1017.7,industrial,California
474,2024-04-18,907.4,industrial,Georgia
475,2024-04-19,843.0,industrial,Texas
476,2024-04-20,873.2,industrial,Georgia
477,2024-04-21,700.8,commercial,New York
478,2024-04-22,517.2,commercial,Ohio
479,2024-04-23,713.4,commercial,Illinois
480,2024-04-24,417.9,residential,Georgia
481,2024-04-25,669.2,commercial,Texas
482,2024-04-26,420.3,residential,Florida
483,2024-04-27,614.0,commercial,Illinois
484,2024-04-28,647.5,commercial,Illinois
485,2024-04-29,603.6,commercial,California
486,2024-04-30,400.9,residential,Texas
487,2024-05-01,291.9,residential,Ohio
488,2024-05-02,433.9,residential,Ohio
489,2024-05-03,863.9,industrial,California
490,2024-05-04,596.9,commercial,Texas
491,2024-05-05,857.6,industrial,Florida
492,2024-05-06,677.2,commercial,California
493,2024-05-07,460.6,residential,New York
494,2024-05-08,784.5,commercial,Illinois
495,2024-05-09,957.4,industrial,Texas
496,2024-05-10,431.5,residential,Illinois
497,2024-05-11,411.6,residential,Ohio
498,2024-05-12,963.2,industrial,Georgia
499,2024-05-13,671.9,commercial,California
500,2024-05-14,635.6,commercial,New York
501,2024-05-15,642.3,commercial,Texas
502,2024-05-16,735.1,commercial,Illinois
503,2024-05-17,721.5,commercial,Ohio
504,2024-05-18,505.4,residential,New York
505,2024-05-19,687.4,commercial,Florida
506,2024-05-20,364.9,residential,Ohio
507,2024-05-21,659.8,commercial,California
508,2024-05-22,867.8,industrial,Ohio
509,2024-05-23,407.2,residential,Ohio
510,2024-05-24,393.4,residential,California
511,2024-05-25,440.5,residential,New York
512,2024-05-26,598.1,commercial,Florida
513,2024-05-27,683.3,commercial,Georgia
514,2024-05-28,640.2,commercial,Texas
515,2024-05-29,372.4,residential,California
516,2024-05-30,559.0,commercial,Texas
517,2024-05-31,851.8,industrial,Florida
518,2024-06-01,642.9,commercial,California
519,2024-06-02,888.3,industrial,Ohio
520,2024-06-03,414.3,residential,Illinois
521,2024-06-04,452.6,residential,Georgia
522,2024-06-05,434.6,residential,Ohio
523,2024-06-06,419.0,residential,California
524,2024-06-07,908.6,industrial,Ohio
525,2024-06-08,599.8,commercial,Illinois
526,2024-06-09,883.7,industrial,Ohio
527,2024-06-10,325.0,residential,New York
528,2024-06-11,857.1,industrial,New York
529,2024-06-12,891.0,industrial,Florida
530,2024-06-13,784.0,industrial,Ohio
531,2024-06-14,894.9,industrial,Ohio
532,2024-06-15,765.7,industrial,Texas
533,2024-06-16,373.2,residential,Georgia
534,2024-06-17,378.4,residential,New York
535,2024-06-18,951.2,industrial,Florida
536,2024-06-19,346.1,residential,New York
537,2024-06-20,434.7,residential,Illinois
538,2024-06-21,659.3,commercial,Illinois
539,2024-06-22,870.3,industrial,Georgia
540,2024-06-23,884.8,industrial,Georgia
541,2024-06-24,784.4,industrial,Texas
542,2024-06-25,321.6,residential,Texas
543,2024-06-26,542.4,residential,New York
544,2024-06-27,285.9,residential,Texas
545,2024-06-28,652.8,commercial,Ohio
546,2024-06-29,683.8,commercial,Ohio
547,2024-06-30,660.3,commercial,Florida
548,2024-07-01,694.8,commercial,Texas
549,2024-07-02,650.3,commercial,Texas
550,2024-07-03,827.3,industrial,Florida
551,2024-07-04,377.7,residential,Ohio
552,2024-07-05,354.0,residential,New York
553,2024-07-06,888.1,industrial,Illinois
554,2024-07-07,390.2,residential,Texas
555,2024-07-08,863.0,industrial,California
556,2024-07-09,846.5,industrial,New York
557,2024-07-10,885.7,industrial,California
558,2024-07-11,803.8,industrial,Ohio
559,2024-07-12,930.2,industrial,New York
560,2024-07-13,485.1,residential,Texas
561,2024-07-14,977.0,industrial,California
562,2024-07-15,341.0,residential,New York
563,2024-07-16,603.0,commercial,Texas
564,2024-07-17,684.7,commercial,Ohio
565,2024-07-18,465.2,residential,Florida
566,2024-07-19,637.2,commercial,California
567,2024-07-20,558.7,commercial,California
568,2024-07-21,363.4,residential,New York
569,2024-07-22,392.4,residential,Ohio
570,2024-07-23,756.2,commercial,New York
571,2024-07-24,329.3,residential,Ohio
572,2024-07-25,857.5,industrial,New York
573,2024-07-26,904.7,industrial,Georgia
574,2024-07-27,678.5,commercial,Ohio
575,2024-07-28,399.1,residential,New York
576,2024-07-29,520.2,commercial,Illinois
577,2024-07-30,872.3,industrial,Ohio
578,2024-07-31,940.8,industrial,Florida
579,2024-08-01,1009.6,industrial,New York
580,2024-08-02,448.1,residential,Georgia
581,2024-08-03,958.0,industrial,California
582,2024-08-04,441.8,residential,California
583,2024-08-05,797.5,industrial,Texas
584,2024-08-06,369.2,residential,Texas
585,2024-08-07,681.1,commercial,California
586,2024-08-08,770.6,commercial,Ohio
587,2024-08-09,876.6,industrial,Illinois
588,2024-08-10,314.7,residential,Illinois
589,2024-08-11,828.8,industrial,Illinois
590,2024-08-12,629.1,commercial,New York
591,2024-08-13,697.7,commercial,Ohio
592,2024-08-14,645.1,commercial,Georgia
593,2024-08-15,376.1,residential,California
594,2024-08-16,687.4,commercial,Ohio
595,2024-08-17,404.6,residential,Texas
596,2024-08-18,875.1,industrial,Ohio
597,2024-08-19,350.4,residential,Illinois
598,2024-08-20,342.6,residential,Georgia
599,2024-08-21,605.3,commercial,Georgia
600,2024-08-22,658.8,commercial,Ohio
601,2024-08-23,633.7,commercial,Georgia
602,2024-08-24,716.4,commercial,Florida
603,2024-08-25,382.5,residential,New York
604,2024-08-26,731.9,commercial,Ohio
605,2024-08-27,885.4,industrial,Illinois
606,2024-08-28,769.7,commercial,California
607,2024-08-29,675.6,commercial,Ohio
608,2024-08-30,595.0,commercial,Illinois
609,2024-08-31,909.2,industrial,Ohio
610,2024-09-01,703.2,commercial,Illinois
611,2024-09-02,848.6,industrial,Illinois
612,2024-09-03,709.6,commercial,Georgia
613,2024-09-04,631.6,commercial,Illinois
614,2024-09-05,619.5,commercial,Illinois
615,2024-09-06,659.1,commercial,Georgia
616,2024-09-07,776.2,industrial,California
617,2024-09-08,632.1,commercial,Illinois
618,2024-09-09,371.1,residential,Ohio
619,2024-09-10,661.7,commercial,Texas
620,2024-09-11,881.2,industrial,California
621,2024-09-12,605.2,commercial,New York
622,2024-09-13,862.6,industrial,Florida
623,2024-09-14,895.3,industrial,Illinois
624,2024-09-15,933.7,industrial,Texas
625,2024-09-16,718.8,commercial,Florida
626,2024-09-17,427.7,residential,Georgia
627,2024-09-18,909.9,industrial,Ohio
628,2024-09-19,704.6,commercial,Florida
629,2024-09-20,523.9,commercial,Texas
630,2024-09-21,840.3,industrial,Texas
631,2024-09-22,871.4,industrial,Illinois
632,2024-09-23,890.0,industrial,Georgia
633,2024-09-24,876.8,industrial,California
634,2024-09-25,581.7,commercial,Texas
635,2024-09-26,309.6,residential,Florida
636,2024-09-27,883.4,industrial,New York
637,2024-09-28,457.7,residential,Florida
638,2024-09-29,409.2,residential,Georgia
639,2024-09-30,1004.0,industrial,New York
640,2024-10-01,310.8,residential,California
641,2024-10-02,309.8,residential,New York
642,2024-10-03,873.9,industrial,Ohio
643,2024-10-04,636.2,commercial,Florida
644,2024-10-05,953.6,industrial,Georgia
645,2024-10-06,827.1,industrial,Florida
646,2024-10-07,421.6,residential,California
647,2024-10-08,256.2,residential,Texas
648,2024-10-09,874.4,industrial,Illinois
649,2024-10-10,842.1,industrial,California
650,2024-10-11,471.9,residential,Ohio
651,2024-10-12,896.9,industrial,Texas
652,2024-10-13,317.0,residential,New York
653,2024-10-14,937.8,industrial,Ohio
654,2024-10-15,705.3,commercial,Texas
655,2024-10-16,764.0,industrial,Georgia
656,2024-10-17,673.8,commercial,Florida
657,2024-10-18,840.7,industrial,Texas
658,2024-10-19,674.2,commercial,Illinois
659,2024-10-20,997.9,industrial,Texas
660,2024-10-21,868.2,industrial,Florida
661,2024-10-22,1000.5,industrial,Florida
662,2024-10-23,376.3,residential,Florida
663,2024-10-24,926.3,industrial,New York
664,2024-10-25,688.7,commercial,Florida
665,2024-10-26,416.9,residential,New York
666,2024-10-27,486.6,residential,Florida
667,2024-10-28,452.3,residential,Georgia
668,2024-10-29,761.5,commercial,Texas
669,2024-10-30,370.6,residential,Ohio
670,2024-10-31,1001.4,industrial,Illinois
671,2024-11-01,989.1,industrial,New York
672,2024-11-02,686.3,commercial,Georgia
673,2024-11-03,324.3,residential,Illinois
674,2024-11-04,785.5,industrial,Texas
675,2024-11-05,903.5,industrial,Georgia
676,2024-11-06,871.5,industrial,Texas
677,2024-11-07,607.6,commercial,Florida
678,2024-11-08,808.6,industrial,Illinois
679,2024-11-09,941.5,industrial,Ohio
680,2024-11-10,409.8,residential,Georgia
681,2024-11-11,346.0,residential,Illinois
682,2024-11-12,672.7,commercial,Florida
683,2024-11-13,928.8,industrial,Texas
684,2024-11-14,920.8,industrial,Ohio
685,2024-11-15,657.4,commercial,New York
686,2024-11-16,418.2,residential,Texas
687,2024-11-17,356.7,residential,Texas
688,2024-11-18,703.9,commercial,New York
689,2024-11-19,645.0,commercial,Illinois
690,2024-11-20,439.7,residential,Texas
691,2024-11-21,670.1,commercial,New York
692,2024-11-22,695.8,commercial,Georgia
693,2024-11-23,852.6,industrial,Ohio
694,2024-11-24,353.3,residential,Ohio
695,2024-11-25,898.1,industrial,Georgia
696,2024-11-26,410.4,residential,Illinois
697,2024-11-27,624.6,commercial,Ohio
698,2024-11-28,941.7,industrial,Ohio
699,2024-11-29,1022.9,industrial,New York
700,2024-11-30,343.3,residential,Georgia
701,2024-12-01,390.3,residential,Florida
702,2024-12-02,561.5,commercial,California
703,2024-12-03,779.8,industrial,Illinois
704,2024-12-04,558.4,commercial,California
705,2024-12-05,885.2,industrial,California
706,2024-12-06,441.6,residential,Illinois
707,2024-12-07,648.9,commercial,Texas
708,2024-12-08,630.0,commercial,Texas
709,2024-12-09,929.9,industrial,California
710,2024-12-10,709.3,commercial,Illinois
711,2024-12-11,361.6,residential,Ohio
712,2024-12-12,889.1,industrial,Illinois
713,2024-12-13,406.5,residential,New York
714,2024-12-14,559.1,commercial,Georgia
715,2024-12-15,487.7,residential,Ohio
716,2024-12-16,934.7,industrial,Texas
717,2024-12-17,873.5,industrial,Ohio
718,2024-12-18,654.3,commercial,Texas
719,2024-12-19,599.5,commercial,Florida
720,2024-12-20,391.2,residential,Ohio
721,2024-12-21,664.0,commercial,Ohio
722,2024-12-22,751.8,commercial,Georgia
723,2024-12-23,471.6,residential,Texas
724,2024-12-24,550.4,commercial,Texas
725,2024-12-25,371.9,residential,Illinois
726,2024-12-26,364.6,residential,Georgia
727,2024-12-27,727.1,commercial,Georgia
728,2024-12-28,651.0,commercial,Florida
729,2024-12-29,416.6,residential,California
730,2024-12-30,881.9,industrial,Georgia
731,2024-01-01,984.4,industrial,Florida
732,2024-01-02,669.0,commercial,Florida
733,2024-01-03,439.7,residential,Illinois
734,2024-01-04,625.1,commercial,Illinois
735,2024-01-05,871.9,industrial,Florida
736,2024-01-06,618.5,commercial,Illinois
737,2024-01-07,953.2,industrial,California
738,2024-01-08,537.6,residential,Florida
739,2024-01-09,620.7,commercial,Ohio
740,2024-01-10,339.4,residential,California
741,2024-01-11,622.7,commercial,Florida
742,2024-01-12,974.7,industrial,Texas
743,2024-01-13,607.9,commercial,Georgia
744,2024-01-14,673.6,commercial,Georgia
745,2024-01-15,966.5,industrial,California
746,2024-01-16,931.3,industrial,Florida
747,2024-01-17,441.5,residential,Georgia
748,2024-01-18,420.2,residential,Florida
749,2024-01-19,809.0,industrial,Ohio
750,2024-01-20,782.3,industrial,California
751,2024-01-21,355.2,residential,Illinois
752,2024-01-22,334.2,residential,California
753,2024-01-23,497.1,residential,Illinois
754,2024-01-24,588.8,commercial,Texas
755,2024-01-25,369.6,residential,New York
756,2024-01-26,714.2,commercial,Ohio
757,2024-01-27,944.4,industrial,New York
758,2024-01-28,192.6,residential,New York
759,2024-01-29,1006.8,industrial,Georgia
760,2024-01-30,623.6,commercial,Georgia
761,2024-01-31,684.2,commercial,Illinois
762,2024-02-01,660.0,commercial,Ohio
763,2024-02-02,349.3,residential,Texas
764,2024-02-03,873.4,industrial,New York
765,2024-02-04,413.8,residential,New York
766,2024-02-05,351.7,residential,Ohio
767,2024-02-06,427.4,residential,Florida
768,2024-02-07,758.0,commercial,Illinois
769,2024-02-08,388.3,residential,Texas
770,2024-02-09,643.4,commercial,Texas
771,2024-02-10,467.1,residential,Ohio
772,2024-02-11,741.0,commercial,Texas
773,2024-02-12,645.9,commercial,Florida
774,2024-02-13,364.1,residential,California
775,2024-02-14,671.6,commercial,Texas
776,2024-02-15,681.0,commercial,Illinois
777,2024-02-16,451.5,residential,Florida
778,2024-02-17,870.9,industrial,Illinois
779,2024-02-18,626.3,commercial,Texas
780,2024-02-19,409.2,residential,Texas
781,2024-02-20,361.0,residential,New York
782,2024-02-21,807.3,industrial,Florida
783,2024-02-22,849.7,industrial,Ohio
784,2024-02-23,410.3,residential,California
785,2024-02-24,991.6,industrial,Ohio
786,2024-02-25,343.3,residential,Texas
787,2024-02-26,830.9,industrial,Georgia
788,2024-02-27,884.1,industrial,Ohio
789,2024-02-28,673.0,commercial,Ohio
790,2024-02-29,354.7,residential,Texas
791,2024-03-01,878.8,industrial,New York
792,2024-03-02,853.4,industrial,Ohio
793,2024-03-03,967.0,industrial,Georgia
794,2024-03-04,423.9,residential,New York
795,2024-03-05,999.8,industrial,Illinois
796,2024-03-06,586.4,commercial,Texas
797,2024-03-07,1004.3,industrial,Ohio
798,2024-03-08,907.0,industrial,Georgia
799,2024-03-09,870.8,industrial,Illinois
800,2024-03-10,651.5,commercial,California
801,2024-03-11,620.8,commercial,Texas
802,2024-03-12,823.6,industrial,Ohio
803,2024-03-13,682.9,commercial,Ohio
804,2024-03-14,673.4,commercial,New York
805,2024-03-15,554.9,commercial,Georgia
806,2024-03-16,680.1,commercial,Ohio
807,2024-03-17,477.8,residential,Georgia
808,2024-03-18,647.9,commercial,California
809,2024-03-19,807.3,commercial,Illinois
810,2024-03-20,508.4,residential,Ohio
811,2024-03-21,871.9,industrial,Ohio
812,2024-03-22,719.9,commercial,California
813,2024-03-23,855.5,industrial,New York
814,2024-03-24,881.5,industrial,Illinois
815,2024-03-25,308.6,residential,Florida
816,2024-03-26,691.1,commercial,New York
817,2024-03-27,861.3,industrial,Ohio
818,2024-03-28,414.5,residential,Texas
819,2024-03-29,676.6,commercial,Ohio
820,2024-03-30,357.2,residential,Ohio
821,2024-03-31,981.5,industrial,California
822,2024-04-01,974.4,industrial,Florida
823,2024-04-02,486.4,residential,Florida
824,2024-04-03,961.9,industrial,Illinois
825,2024-04-04,689.0,commercial,Florida
826,2024-04-05,363.7,residential,Ohio
827,2024-04-06,644.9,commercial,Texas
828,2024-04-07,361.8,residential,Illinois
829,2024-04-08,422.4,residential,Illinois
830,2024-04-09,644.7,commercial,New York
831,2024-04-10,387.9,residential,Florida
832,2024-04-11,359.2,residential,Illinois
833,2024-04-12,1021.6,industrial,Texas
834,2024-04-13,881.4,industrial,California
835,2024-04-14,608.0,commercial,California
836,2024-04-15,865.6,industrial,California
837,2024-04-16,929.0,industrial,Florida
838,2024-04-17,593.4,commercial,Florida
839,2024-04-18,632.3,commercial,Georgia
840,2024-04-19,806.2,industrial,Ohio
841,2024-04-20,855.0,industrial,Texas
842,2024-04-21,387.3,residential,Texas
843,2024-04-22,853.8,industrial,New York
844,2024-04-23,1003.7,industrial,Texas
845,2024-04-24,393.4,residential,Florida
846,2024-04-25,818.4,industrial,Georgia
847,2024-04-26,646.7,commercial,New York
848,2024-04-27,694.5,commercial,Florida
849,2024-04-28,639.1,commercial,California
850,2024-04-29,765.0,commercial,Illinois
851,2024-04-30,651.5,commercial,New York
852,2024-05-01,647.4,commercial,Texas
853,2024-05-02,639.3,commercial,California
854,2024-05-03,412.3,residential,Florida
855,2024-05-04,402.9,residential,Texas
856,2024-05-05,345.4,residential,Ohio
857,2024-05-06,454.0,residential,Illinois
858,2024-05-07,414.0,residential,Texas
859,2024-05-08,685.0,commercial,Illinois
860,2024-05-09,990.5,industrial,New York
861,2024-05-10,651.2,commercial,Florida
862,2024-05-11,463.9,residential,Ohio
863,2024-05-12,914.1,industrial,New York
864,2024-05-13,477.1,residential,Georgia
865,2024-05-14,361.1,residential,Ohio
866,2024-05-15,503.9,residential,New York
867,2024-05-16,360.6,residential,California
868,2024-05-17,698.4,commercial,Texas
869,2024-05-18,321.8,residential,Texas
870,2024-05-19,720.4,commercial,Illinois
871,2024-05-20,883.7,industrial,Illinois
872,2024-05-21,760.7,commercial,Ohio
873,2024-05-22,944.7,industrial,Ohio
874,2024-05-23,319.4,residential,Ohio
875,2024-05-24,311.4,residential,Ohio
876,2024-05-25,533.3,residential,Ohio
877,2024-05-26,390.1,residential,Ohio
878,2024-05-27,724.3,commercial,Georgia
879,2024-05-28,304.7,residential,Georgia
880,2024-05-29,815.2,industrial,Illinois
881,2024-05-30,553.3,residential,Illinois
882,2024-05-31,393.5,residential,New York
883,2024-06-01,649.5,commercial,Ohio
884,2024-06-02,923.2,industrial,Georgia
885,2024-06-03,602.5,commercial,California
886,2024-06-04,711.8,commercial,New York
887,2024-06-05,662.3,commercial,Texas
888,2024-06-06,417.3,residential,Ohio
889,2024-06-07,839.5,industrial,Ohio
890,2024-06-08,467.9,residential,Texas
891,2024-06-09,599.1,commercial,Georgia
892,2024-06-10,410.2,residential,Georgia
893,2024-06-11,626.9,commercial,Illinois
894,2024-06-12,432.8,residential,Florida
895,2024-06-13,651.9,commercial,Illinois
896,2024-06-14,840.9,industrial,New York
897,2024-06-15,357.6,residential,New York
898,2024-06-16,908.6,industrial,Illinois
899,2024-06-17,722.3,commercial,Ohio
900,2024-06-18,690.6,commercial,New York
901,2024-06-19,534.1,commercial,Ohio
902,2024-06-20,473.0,residential,Ohio
903,2024-06-21,764.8,commercial,Georgia
904,2024-06-22,909.3,industrial,Ohio
905,2024-06-23,549.7,commercial,California
906,2024-06-24,973.5,industrial,New York
907,2024-06-25,479.5,residential,California
908,2024-06-26,306.8,residential,Ohio
909,2024-06-27,473.0,residential,Georgia
910,2024-06-28,610.8,commercial,California
911,2024-06-29,855.2,industrial,Ohio
912,2024-06-30,404.9,residential,Texas
913,2024-07-01,638.3,commercial,Florida
914,2024-07-02,617.5,commercial,New York
915,2024-07-03,412.0,residential,Florida
916,2024-07-04,489.4,residential,California
917,2024-07-05,386.0,residential,Illinois
918,2024-07-06,896.7,industrial,New York
919,2024-07-07,413.6,residential,California
920,2024-07-08,689.0,commercial,Ohio
921,2024-07-09,622.8,commercial,Georgia
922,2024-07-10,478.0,residential,Florida
923,2024-07-11,346.6,residential,California
924,2024-07-12,879.1,industrial,California
925,2024-07-13,815.6,industrial,Georgia
926,2024-07-14,423.7,residential,Illinois
927,2024-07-15,852.1,industrial,Illinois
928,2024-07-16,684.9,commercial,Ohio
929,2024-07-17,996.5,industrial,Texas
930,2024-07-18,334.3,residential,Illinois
931,2024-07-19,702.5,commercial,Illinois
932,2024-07-20,916.9,industrial,Illinois
933,2024-07-21,364.7,residential,Illinois
934,2024-07-22,374.1,residential,Texas
935,2024-07-23,1025.0,industrial,Illinois
936,2024-07-24,714.4,commercial,Texas
937,2024-07-25,718.9,commercial,Texas
938,2024-07-26,494.3,residential,Florida
939,2024-07-27,664.1,commercial,New York
940,2024-07-28,927.7,industrial,Florida
941,2024-07-29,452.5,residential,Georgia
942,2024-07-30,632.2,commercial,Illinois
943,2024-07-31,885.0,industrial,Ohio
944,2024-08-01,451.8,residential,Florida
945,2024-08-02,437.9,residential,Georgia
946,2024-08-03,904.7,industrial,Florida
947,2024-08-04,946.7,industrial,Florida
948,2024-08-05,840.3,industrial,California
949,2024-08-06,391.4,residential,Georgia
950,2024-08-07,304.5,residential,Texas
951,2024-08-08,984.1,industrial,New York
952,2024-08-09,403.2,residential,Florida
953,2024-08-10,416.4,residential,New York
954,2024-08-11,868.5,industrial,Texas
955,2024-08-12,839.4,industrial,Georgia
956,2024-08-13,926.8,industrial,Texas
957,2024-08-14,1061.0,industrial,California
958,2024-08-15,665.4,commercial,Ohio
959,2024-08-16,612.2,commercial,Florida
960,2024-08-17,649.4,commercial,Illinois
961,2024-08-18,484.3,residential,New York
962,2024-08-19,962.5,industrial,Florida
963,2024-08-20,439.4,residential,California
964,2024-08-21,646.2,commercial,New York
965,2024-08-22,312.4,residential,California
966,2024-08-23,389.6,residential,Florida
967,2024-08-24,922.1,industrial,Ohio
968,2024-08-25,883.5,industrial,Illinois
969,2024-08-26,684.0,commercial,California
970,2024-08-27,438.8,residential,New York
971,2024-08-28,859.7,industrial,Florida
972,2024-08-29,861.5,industrial,California
973,2024-08-30,665.7,commercial,Texas
974,2024-08-31,392.3,residential,Illinois
975,2024-09-01,378.7,residential,Georgia
976,2024-09-02,404.4,residential,Georgia
977,2024-09-03,641.4,commercial,Texas
978,2024-09-04,675.7,commercial,Florida
979,2024-09-05,920.5,industrial,New York
980,2024-09-06,826.0,industrial,Illinois
981,2024-09-07,873.5,industrial,Texas
982,2024-09-08,319.1,residential,Illinois
983,2024-09-09,837.1,industrial,Ohio
984,2024-09-10,941.6,industrial,Illinois
985,2024-09-11,635.3,commercial,Illinois
986,2024-09-12,398.8,residential,Ohio
987,2024-09-13,647.5,commercial,Illinois
988,2024-09-14,993.3,industrial,Texas
989,2024-09-15,759.5,commercial,Ohio
990,2024-09-16,694.3,commercial,Texas
991,2024-09-17,452.9,residential,California
992,2024-09-18,430.9,residential,Georgia
993,2024-09-19,328.3,residential,Florida
994,2024-09-20,875.3,industrial,Florida
995,2024-09-21,450.3,residential,Florida
996,2024-09-22,607.8,commercial,Florida
997,2024-09-23,634.2,commercial,Ohio
998,2024-09-24,824.4,industrial,Georgia
999,2024-09-25,734.1,commercial,Ohio
1000,2024-09-26,747.1,commercial,Illinois
1001,2024-09-27,1027.9,industrial,Florida
1002,2024-09-28,367.5,residential,Ohio
1003,2024-09-29,434.4,residential,California
1004,2024-09-30,672.6,commercial,Georgia
1005,2024-10-01,489.4,residential,Illinois
1006,2024-10-02,396.8,residential,New York
1007,2024-10-03,962.8,industrial,Georgia
1008,2024-10-04,573.2,commercial,Texas
1009,2024-10-05,410.4,residential,Texas
1010,2024-10-06,631.0,commercial,Florida
1011,2024-10-07,960.5,industrial,Texas
1012,2024-10-08,498.4,residential,California
1013,2024-10-09,477.7,residential,Texas
1014,2024-10-10,835.5,industrial,Illinois
1015,2024-10-11,901.9,industrial,Illinois
1016,2024-10-12,759.7,industrial,Ohio
1017,2024-10-13,394.3,residential,Illinois
1018,2024-10-14,380.9,residential,Ohio
1019,2024-10-15,976.8,industrial,New York
1020,2024-10-16,683.6,commercial,California
1021,2024-10-17,340.1,residential,California
1022,2024-10-18,953.5,industrial,Georgia
1023,2024-10-19,270.8,residential,Georgia
1024,2024-10-20,905.8,industrial,New York
1025,2024-10-21,591.4,commercial,California
1026,2024-10-22,685.1,commercial,Texas
1027,2024-10-23,895.0,industrial,Georgia
1028,2024-10-24,280.9,residential,New York
1029,2024-10-25,482.1,residential,Texas
1030,2024-10-26,628.2,commercial,New York
1031,2024-10-27,675.4,commercial,Florida
1032,2024-10-28,1049.1,industrial,Illinois
1033,2024-10-29,374.1,residential,Texas
1034,2024-10-30,525.9,commercial,Illinois
1035,2024-10-31,654.2,commercial,California
1036,2024-11-01,899.6,industrial,Florida
1037,2024-11-02,774.6,industrial,New York
1038,2024-11-03,458.2,residential,New York
1039,2024-11-04,627.8,commercial,Ohio
1040,2024-11-05,732.9,commercial,Illinois
1041,2024-11-06,590.6,commercial,Texas
1042,2024-11-07,930.6,industrial,New York
1043,2024-11-08,857.6,industrial,Georgia
1044,2024-11-09,953.7,industrial,Illinois
1045,2024-11-10,959.6,industrial,New York
1046,2024-11-11,435.4,residential,New York
1047,2024-11-12,881.4,industrial,Florida
1048,2024-11-13,339.6,residential,Florida
1049,2024-11-14,589.4,commercial,Florida
1050,2024-11-15,810.3,industrial,Texas
1051,2024-11-16,852.0,industrial,Ohio
1052,2024-11-17,700.4,commercial,Illinois
1053,2024-11-18,715.9,commercial,Ohio
1054,2024-11-19,611.1,commercial,Texas
1055,2024-11-20,514.4,commercial,Georgia
1056,2024-11-21,765.6,industrial,Texas
1057,2024-11-22,610.7,commercial,Illinois
1058,2024-11-23,315.4,residential,New York
1059,2024-11-24,624.8,commercial,Illinois
1060,2024-11-25,921.6,industrial,New York
1061,2024-11-26,620.8,commercial,Florida
1062,2024-11-27,351.6,residential,Georgia
1063,2024-11-28,278.5,residential,Georgia
1064,2024-11-29,884.6,industrial,Illinois
1065,2024-11-30,852.7,industrial,New York
1066,2024-12-01,946.8,industrial,New York
1067,2024-12-02,438.5,residential,Georgia
1068,2024-12-03,334.0,residential,New York
1069,2024-12-04,392.0,residential,Georgia
1070,2024-12-05,940.8,industrial,California
1071,2024-12-06,586.8,commercial,Ohio
1072,2024-12-07,977.3,industrial,Georgia
1073,2024-12-08,915.3,industrial,Ohio
1074,2024-12-09,319.1,residential,Florida
1075,2024-12-10,444.5,residential,Texas
1076,2024-12-11,302.0,residential,New York
1077,2024-12-12,679.1,commercial,Texas
1078,2024-12-13,487.7,residential,Florida
1079,2024-12-14,578.4,commercial,Illinois
1080,2024-12-15,332.4,residential,Illinois
1081,2024-12-16,939.4,industrial,Georgia
1082,2024-12-17,753.1,commercial,Texas
1083,2024-12-18,942.5,industrial,Texas
1084,2024-12-19,725.6,commercial,New York
1085,2024-12-20,812.9,industrial,New York
1086,2024-12-21,436.5,residential,Florida
1087,2024-12-22,422.2,residential,Georgia
1088,2024-12-23,658.5,commercial,Florida
1089,2024-12-24,337.5,residential,Ohio
1090,2024-12-25,618.5,commercial,Texas
1091,2024-12-26,413.5,residential,Texas
1092,2024-12-27,376.6,residential,Ohio
1093,2024-12-28,913.8,industrial,Florida
1094,2024-12-29,454.6,residential,Ohio
1095,2024-12-30,356.7,residential,New York
1096,2024-01-01,412.2,residential,Ohio
1097,2024-01-02,319.0,residential,Texas
1098,2024-01-03,595.4,commercial,Texas
1099,2024-01-04,871.9,industrial,Texas
1100,2024-01-05,401.6,residential,Illinois
1101,2024-01-06,584.5,commercial,Illinois
1102,2024-01-07,871.6,industrial,Florida
1103,2024-01-08,671.5,commercial,Ohio
1104,2024-01-09,440.5,residential,Ohio
1105,2024-01-10,399.2,residential,Ohio
1106,2024-01-11,940.4,industrial,Florida
1107,2024-01-12,589.1,commercial,Illinois
1108,2024-01-13,685.6,commercial,Florida
1109,2024-01-14,879.7,industrial,Georgia
1110,2024-01-15,670.8,commercial,Texas
1111,2024-01-16,898.7,industrial,Texas
1112,2024-01-17,899.2,industrial,New York
1113,2024-01-18,386.9,residential,Georgia
1114,2024-01-19,399.3,residential,Illinois
1115,2024-01-20,906.1,industrial,Ohio
1116,2024-01-21,658.6,commercial,Illinois
1117,2024-01-22,417.6,residential,Illinois
1118,2024-01-23,976.8,industrial,California
1119,2024-01-24,662.0,commercial,Florida
1120,2024-01-25,410.4,residential,California
1121,2024-01-26,592.7,commercial,Texas
1122,2024-01-27,408.7,residential,New York
1123,2024-01-28,419.2,residential,Illinois
1124,2024-01-29,718.6,commercial,California
1125,2024-01-30,333.8,residential,New York
1126,2024-01-31,658.4,commercial,Illinois
1127,2024-02-01,932.2,industrial,California
1128,2024-02-02,336.0,residential,Ohio
1129,2024-02-03,923.7,industrial,Illinois
1130,2024-02-04,477.6,residential,Florida
1131,2024-02-05,492.0,residential,California
1132,2024-02-06,640.6,commercial,California
1133,2024-02-07,379.1,residential,Florida
1134,2024-02-08,399.6,residential,California
1135,2024-02-09,1046.4,industrial,Georgia
1136,2024-02-10,914.5,industrial,California
1137,2024-02-11,477.3,residential,Illinois
1138,2024-02-12,439.0,residential,California
1139,2024-02-13,992.5,industrial,Ohio
1140,2024-02-14,987.2,industrial,Ohio
1141,2024-02-15,928.2,industrial,New York
1142,2024-02-16,661.6,commercial,California
1143,2024-02-17,673.4,commercial,Texas
1144,2024-02-18,505.3,residential,California
1145,2024-02-19,379.9,residential,Georgia
1146,2024-02-20,306.1,residential,New York
1147,2024-02-21,553.1,commercial,Illinois
1148,2024-02-22,482.2,residential,Florida
1149,2024-02-23,329.0,residential,New York
1150,2024-02-24,656.3,commercial,Georgia
1151,2024-02-25,666.4,commercial,Ohio
1152,2024-02-26,956.3,industrial,Texas
1153,2024-02-27,753.2,commercial,Ohio
1154,2024-02-28,915.2,industrial,Texas
1155,2024-02-29,437.1,residential,Texas
1156,2024-03-01,951.8,industrial,Georgia
1157,2024-03-02,228.2,residential,California
1158,2024-03-03,442.1,residential,Ohio
1159,2024-03-04,555.6,commercial,Georgia
1160,2024-03-05,955.1,industrial,Illinois
1161,2024-03-06,420.0,residential,California
1162,2024-03-07,970.9,industrial,California
1163,2024-03-08,644.4,commercial,Illinois
1164,2024-03-09,816.1,industrial,Illinois
1165,2024-03-10,419.0,residential,Ohio
1166,2024-03-11,480.0,residential,Illinois
1167,2024-03-12,443.6,residential,Ohio
1168,2024-03-13,488.5,residential,California
1169,2024-03-14,591.7,commercial,New York
1170,2024-03-15,526.8,residential,Florida
1171,2024-03-16,698.2,commercial,Texas
1172,2024-03-17,846.6,industrial,California
1173,2024-03-18,498.4,residential,Illinois
1174,2024-03-19,618.4,commercial,California
1175,2024-03-20,1007.8,industrial,Texas
1176,2024-03-21,704.6,commercial,Ohio
1177,2024-03-22,605.7,commercial,California
1178,2024-03-23,466.4,residential,Texas
1179,2024-03-24,624.2,commercial,Illinois
1180,2024-03-25,659.2,commercial,California
1181,2024-03-26,416.2,residential,Florida
1182,2024-03-27,516.7,commercial,Ohio
1183,2024-03-28,374.3,residential,Georgia
1184,2024-03-29,853.6,industrial,Georgia
1185,2024-03-30,848.3,industrial,Ohio
1186,2024-03-31,773.4,commercial,Ohio
1187,2024-04-01,395.1,residential,Texas
1188,2024-04-02,859.1,industrial,Texas
1189,2024-04-03,607.4,commercial,Illinois
1190,2024-04-04,929.8,industrial,Texas
1191,2024-04-05,863.7,industrial,Florida
1192,2024-04-06,299.8,residential,New York
1193,2024-04-07,704.7,commercial,Illinois
1194,2024-04-08,626.7,commercial,Georgia
1195,2024-04-09,787.6,commercial,Ohio
1196,2024-04-10,960.6,industrial,California
1197,2024-04-11,892.6,industrial,Illinois
1198,2024-04-12,482.8,residential,Illinois
1199,2024-04-13,683.6,commercial,California
1200,2024-04-14,433.3,residential,Georgia
1201,2024-04-15,1005.3,industrial,Florida
1202,2024-04-16,601.7,commercial,Georgia
1203,2024-04-17,409.9,residential,Texas
1204,2024-04-18,387.9,residential,Illinois
1205,2024-04-19,972.5,industrial,New York
1206,2024-04-20,608.3,commercial,Georgia
1207,2024-04-21,859.7,industrial,Florida
1208,2024-04-22,507.5,residential,Ohio
1209,2024-04-23,946.7,industrial,New York
1210,2024-04-24,346.0,residential,New York
1211,2024-04-25,987.2,industrial,Ohio
1212,2024-04-26,783.6,industrial,Georgia
1213,2024-04-27,443.7,residential,Georgia
1214,2024-04-28,722.9,commercial,Georgia
1215,2024-04-29,578.1,commercial,Florida
1216,2024-04-30,379.1,residential,Texas
1217,2024-05-01,636.6,commercial,California
1218,2024-05-02,585.2,commercial,Illinois
1219,2024-05-03,763.3,commercial,New York
1220,2024-05-04,873.5,industrial,Ohio
1221,2024-05-05,634.5,commercial,Illinois
1222,2024-05-06,687.7,commercial,Ohio
1223,2024-05-07,418.9,residential,Ohio
1224,2024-05-08,738.4,commercial,Florida
1225,2024-05-09,954.8,industrial,Florida
1226,2024-05-10,673.3,commercial,Illinois
1227,2024-05-11,387.0,residential,Georgia
1228,2024-05-12,401.5,residential,Ohio
1229,2024-05-13,856.1,industrial,New York
1230,2024-05-14,394.3,residential,California
1231,2024-05-15,929.3,industrial,Illinois
1232,2024-05-16,410.3,residential,California
1233,2024-05-17,845.2,industrial,New York
1234,2024-05-18,691.3,commercial,New York
1235,2024-05-19,748.0,commercial,Ohio
1236,2024-05-20,339.9,residential,Texas
1237,2024-05-21,454.5,residential,California
1238,2024-05-22,618.0,commercial,Florida
1239,2024-05-23,904.6,industrial,California
1240,2024-05-24,475.9,residential,Georgia
1241,2024-05-25,430.4,residential,Ohio
1242,2024-05-26,438.8,residential,California
1243,2024-05-27,898.8,industrial,Texas
1244,2024-05-28,698.9,commercial,Ohio
1245,2024-05-29,467.2,residential,Ohio
1246,2024-05-30,523.6,residential,Georgia
1247,2024-05-31,835.9,industrial,California
1248,2024-06-01,713.1,commercial,Ohio
1249,2024-06-02,648.9,commercial,New York
1250,2024-06-03,830.4,commercial,New York
1251,2024-06-04,868.4,industrial,Texas
1252,2024-06-05,846.8,industrial,Illinois
1253,2024-06-06,639.8,commercial,New York
1254,2024-06-07,316.6,residential,Texas
1255,2024-06-08,910.6,industrial,California
1256,2024-06-09,690.2,commercial,Georgia
1257,2024-06-10,731.7,commercial,New York
1258,2024-06-11,424.4,residential,California
1259,2024-06-12,400.6,residential,Illinois
1260,2024-06-13,358.1,residential,New York
1261,2024-06-14,368.7,residential,Texas
1262,2024-06-15,432.7,residential,Georgia
1263,2024-06-16,527.2,commercial,Ohio
1264,2024-06-17,454.7,residential,New York
1265,2024-06-18,655.9,commercial,Ohio
1266,2024-06-19,611.8,commercial,Illinois
1267,2024-06-20,588.8,commercial,Texas
1268,2024-06-21,434.1,residential,Georgia
1269,2024-06-22,389.2,residential,Ohio
1270,2024-06-23,407.9,residential,California
1271,2024-06-24,373.3,residential,New York
1272,2024-06-25,489.4,residential,Texas
1273,2024-06-26,990.2,industrial,Florida
1274,2024-06-27,334.0,residential,Illinois
1275,2024-06-28,360.0,residential,California
1276,2024-06-29,856.7,industrial,Georgia
1277,2024-06-30,949.8,industrial,Georgia
1278,2024-07-01,882.9,industrial,Illinois
1279,2024-07-02,725.3,commercial,New York
1280,2024-07-03,949.2,industrial,Illinois
1281,2024-07-04,371.4,residential,Illinois
1282,2024-07-05,401.4,residential,Florida
1283,2024-07-06,436.6,residential,New York
1284,2024-07-07,668.5,commercial,New York
1285,2024-07-08,691.6,commercial,Texas
1286,2024-07-09,622.6,commercial,Texas
1287,2024-07-10,880.6,industrial,Texas
1288,2024-07-11,949.9,industrial,Florida
1289,2024-07-12,666.8,commercial,Ohio
1290,2024-07-13,370.3,residential,Illinois
1291,2024-07-14,692.3,commercial,California
1292,2024-07-15,916.1,industrial,Illinois
1293,2024-07-16,582.5,commercial,California
1294,2024-07-17,421.3,residential,New York
1295,2024-07-18,378.6,residential,Georgia
1296,2024-07-19,964.5,industrial,Florida
1297,2024-07-20,853.0,industrial,Texas
1298,2024-07-21,429.8,residential,Florida
1299,2024-07-22,361.4,residential,Florida
1300,2024-07-23,668.6,commercial,California
1301,2024-07-24,860.8,industrial,Ohio
1302,2024-07-25,616.9,commercial,Texas
1303,2024-07-26,973.1,industrial,Florida
1304,2024-07-27,362.0,residential,Ohio
1305,2024-07-28,813.8,industrial,Georgia
1306,2024-07-29,786.4,commercial,California
1307,2024-07-30,426.0,residential,New York
1308,2024-07-31,734.8,commercial,Florida
1309,2024-08-01,425.2,residential,Illinois
1310,2024-08-02,937.3,industrial,Texas
1311,2024-08-03,695.1,commercial,New York
1312,2024-08-04,907.5,industrial,California
1313,2024-08-05,862.3,industrial,Georgia
1314,2024-08-06,656.0,commercial,New York
1315,2024-08-07,695.0,commercial,Georgia
1316,2024-08-08,320.5,residential,Texas
1317,2024-08-09,455.9,residential,Illinois
1318,2024-08-10,474.8,residential,Ohio
1319,2024-08-11,887.5,industrial,Texas
1320,2024-08-12,638.3,commercial,California
1321,2024-08-13,483.4,residential,California
1322,2024-08-14,929.2,industrial,Georgia
1323,2024-08-15,1002.4,industrial,Florida
1324,2024-08-16,968.1,industrial,Texas
1325,2024-08-17,878.0,industrial,New York
1326,2024-08-18,676.9,commercial,California
1327,2024-08-19,632.3,commercial,Florida
1328,2024-08-20,627.2,commercial,Ohio
1329,2024-08-21,881.2,industrial,New York
1330,2024-08-22,439.8,residential,Ohio
1331,2024-08-23,549.1,commercial,New York
1332,2024-08-24,464.6,residential,Georgia
1333,2024-08-25,703.9,commercial,Ohio
1334,2024-08-26,672.4,commercial,Georgia
1335,2024-08-27,415.6,residential,Illinois
1336,2024-08-28,917.0,industrial,Georgia
1337,2024-08-29,878.0,industrial,Ohio
1338,2024-08-30,908.3,industrial,Illinois
1339,2024-08-31,377.0,residential,Ohio
1340,2024-09-01,456.9,residential,New York
1341,2024-09-02,849.5,industrial,Texas
1342,2024-09-03,426.0,residential,California
1343,2024-09-04,806.6,industrial,Illinois
1344,2024-09-05,878.4,industrial,Texas
1345,2024-09-06,655.9,commercial,Texas
1346,2024-09-07,908.8,industrial,Florida
1347,2024-09-08,395.9,residential,Texas
1348,2024-09-09,726.0,commercial,Florida
1349,2024-09-10,399.4,residential,Florida
1350,2024-09-11,444.8,residential,Texas
1351,2024-09-12,786.3,commercial,Ohio
1352,2024-09-13,945.6,industrial,California
1353,2024-09-14,937.6,industrial,Florida
1354,2024-09-15,931.9,industrial,Texas
1355,2024-09-16,867.4,industrial,Florida
1356,2024-09-17,953.7,industrial,Illinois
1357,2024-09-18,804.0,commercial,Texas
1358,2024-09-19,625.0,commercial,Texas
1359,2024-09-20,393.0,residential,Texas
1360,2024-09-21,988.2,industrial,Ohio
1361,2024-09-22,567.9,commercial,Texas
1362,2024-09-23,421.7,residential,California
1363,2024-09-24,319.2,residential,New York
1364,2024-09-25,550.9,commercial,Georgia
1365,2024-09-26,372.7,residential,Illinois
1366,2024-09-27,738.9,commercial,Illinois
1367,2024-09-28,885.4,industrial,Florida
1368,2024-09-29,907.3,industrial,Illinois
1369,2024-09-30,953.4,industrial,New York
1370,2024-10-01,940.5,industrial,Illinois
1371,2024-10-02,339.4,residential,New York
1372,2024-10-03,538.3,commercial,California
1373,2024-10-04,527.0,commercial,Georgia
1374,2024-10-05,877.4,industrial,Georgia
1375,2024-10-06,863.1,industrial,Illinois
1376,2024-10-07,937.8,industrial,Illinois
1377,2024-10-08,659.9,commercial,Georgia
1378,2024-10-09,371.1,residential,New York
1379,2024-10-10,360.2,residential,Georgia
1380,2024-10-11,565.6,commercial,Texas
1381,2024-10-12,346.0,residential,Georgia
1382,2024-10-13,692.3,commercial,Florida
1383,2024-10-14,735.6,commercial,California
1384,2024-10-15,291.9,residential,Ohio
1385,2024-10-16,623.0,commercial,California
1386,2024-10-17,512.4,residential,Georgia
1387,2024-10-18,580.2,commercial,Georgia
1388,2024-10-19,655.0,commercial,Illinois
1389,2024-10-20,689.3,commercial,Ohio
1390,2024-10-21,856.7,industrial,Ohio
1391,2024-10-22,628.4,commercial,Texas
1392,2024-10-23,420.8,residential,Ohio
1393,2024-10-24,999.8,industrial,Georgia
1394,2024-10-25,893.7,industrial,Georgia
1395,2024-10-26,313.3,residential,Georgia
1396,2024-10-27,678.1,commercial,Texas
1397,2024-10-28,707.7,commercial,California
1398,2024-10-29,982.2,industrial,Texas
1399,2024-10-30,930.3,industrial,Florida
1400,2024-10-31,924.1,industrial,New York
1401,2024-11-01,582.6,commercial,Florida
1402,2024-11-02,620.2,commercial,Georgia
1403,2024-11-03,408.7,residential,Texas
1404,2024-11-04,365.9,residential,Texas
1405,2024-11-05,629.7,commercial,California
1406,2024-11-06,729.8,commercial,Texas
1407,2024-11-07,777.5,commercial,Florida
1408,2024-11-08,632.7,commercial,Texas
1409,2024-11-09,885.7,industrial,Florida
1410,2024-11-10,368.6,residential,Ohio
1411,2024-11-11,338.7,residential,Texas
1412,2024-11-12,919.5,industrial,Texas
1413,2024-11-13,327.8,residential,Illinois
1414,2024-11-14,389.2,residential,Texas
1415,2024-11-15,402.9,residential,New York
1416,2024-11-16,805.1,industrial,Illinois
1417,2024-11-17,915.4,industrial,Florida
1418,2024-11-18,395.3,residential,Texas
1419,2024-11-19,665.8,commercial,Florida
1420,2024-11-20,672.7,commercial,Florida
1421,2024-11-21,215.2,residential,Illinois
1422,2024-11-22,702.1,commercial,New York
1423,2024-11-23,490.3,residential,California
1424,2024-11-24,908.4,industrial,New York
1425,2024-11-25,880.0,industrial,Florida
1426,2024-11-26,869.9,industrial,Illinois
1427,2024-11-27,752.1,commercial,Ohio
1428,2024-11-28,678.9,commercial,New York
1429,2024-11-29,888.1,industrial,Georgia
1430,2024-11-30,965.4,industrial,Georgia
1431,2024-12-01,612.7,commercial,Ohio
1432,2024-12-02,760.6,commercial,Georgia
1433,2024-12-03,522.9,residential,Illinois
1434,2024-12-04,391.8,residential,Ohio
1435,2024-12-05,751.4,industrial,Illinois
1436,2024-12-06,932.4,industrial,Florida
1437,2024-12-07,412.7,residential,California
1438,2024-12-08,918.6,industrial,Georgia
1439,2024-12-09,475.2,residential,Texas
1440,2024-12-10,717.0,commercial,Georgia
1441,2024-12-11,370.2,residential,Georgia
1442,2024-12-12,1005.6,industrial,Georgia
1443,2024-12-13,603.4,commercial,New York
1444,2024-12-14,774.2,industrial,Ohio
1445,2024-12-15,674.9,commercial,Texas
1446,2024-12-16,634.2,commercial,Texas
1447,2024-12-17,738.8,commercial,California
1448,2024-12-18,442.5,residential,Texas
1449,2024-12-19,630.4,commercial,Georgia
1450,2024-12-20,839.8,industrial,Florida
1451,2024-12-21,352.1,residential,Ohio
1452,2024-12-22,350.2,residential,California
1453,2024-12-23,667.3,commercial,Georgia
1454,2024-12-24,846.5,industrial,Florida
1455,2024-12-25,572.2,commercial,Texas
1456,2024-12-26,354.4,residential,Ohio
1457,2024-12-27,906.0,industrial,Georgia
1458,2024-12-28,428.9,residential,Illinois
1459,2024-12-29,905.0,industrial,California
1460,2024-12-30,368.8,residential,Illinois
1461,2024-01-01,689.8,commercial,Ohio
1462,2024-01-02,583.1,commercial,Florida
1463,2024-01-03,565.8,residential,California
1464,2024-01-04,824.5,industrial,New York
1465,2024-01-05,891.9,industrial,New York
1466,2024-01-06,381.0,residential,New York
1467,2024-01-07,517.8,residential,Ohio
1468,2024-01-08,718.7,commercial,Texas
1469,2024-01-09,390.3,residential,New York
1470,2024-01-10,360.4,residential,California
1471,2024-01-11,602.0,commercial,Illinois
1472,2024-01-12,356.5,residential,Florida
1473,2024-01-13,1054.7,industrial,California
1474,2024-01-14,815.8,industrial,Ohio
1475,2024-01-15,946.1,industrial,California
1476,2024-01-16,851.3,industrial,New York
1477,2024-01-17,562.5,commercial,Illinois
1478,2024-01-18,520.5,residential,Georgia
1479,2024-01-19,429.0,residential,Florida
1480,2024-01-20,366.0,residential,Florida
1481,2024-01-21,319.6,residential,Georgia
1482,2024-01-22,635.5,commercial,Ohio
1483,2024-01-23,244.5,residential,California
1484,2024-01-24,968.4,industrial,Georgia
1485,2024-01-25,822.4,commercial,California
1486,2024-01-26,934.0,industrial,New York
1487,2024-01-27,316.7,residential,Illinois
1488,2024-01-28,738.8,commercial,Ohio
1489,2024-01-29,577.3,commercial,Ohio
1490,2024-01-30,665.4,commercial,California
1491,2024-01-31,394.3,residential,New York
1492,2024-02-01,365.3,residential,California
1493,2024-02-02,777.7,industrial,Ohio
1494,2024-02-03,860.5,industrial,New York
1495,2024-02-04,329.9,residential,New York
1496,2024-02-05,914.4,industrial,Georgia
1497,2024-02-06,633.1,commercial,Illinois
1498,2024-02-07,910.0,industrial,Florida
1499,2024-02-08,563.3,commercial,Florida
1500,2024-02-09,594.7,commercial,New York
1501,2024-02-10,925.5,industrial,Ohio
1502,2024-02-11,802.9,industrial,Ohio
1503,2024-02-12,631.9,commercial,Texas
1504,2024-02-13,362.5,residential,Ohio
1505,2024-02-14,920.7,industrial,Texas
1506,2024-02-15,652.5,commercial,Georgia
1507,2024-02-16,724.2,commercial,Texas
1508,2024-02-17,960.2,industrial,New York
1509,2024-02-18,771.4,commercial,Florida
1510,2024-02-19,607.9,commercial,California
1511,2024-02-20,838.8,industrial,Texas
1512,2024-02-21,892.8,industrial,Georgia
1513,2024-02-22,382.0,residential,Illinois
1514,2024-02-23,740.3,commercial,Texas
1515,2024-02-24,393.8,residential,Illinois
1516,2024-02-25,425.2,residential,Georgia
1517,2024-02-26,872.9,industrial,California
1518,2024-02-27,947.4,industrial,California
1519,2024-02-28,404.1,residential,Texas
1520,2024-02-29,748.9,industrial,Texas
1521,2024-03-01,920.9,industrial,Texas
1522,2024-03-02,870.2,industrial,Georgia
1523,2024-03-03,1004.4,industrial,Florida
1524,2024-03-04,375.0,residential,Georgia
1525,2024-03-05,720.7,commercial,New York
1526,2024-03-06,468.0,residential,California
1527,2024-03-07,860.2,industrial,Georgia
1528,2024-03-08,882.6,industrial,Florida
1529,2024-03-09,609.1,commercial,Florida
1530,2024-03-10,703.7,commercial,Florida
1531,2024-03-11,332.1,residential,Texas
1532,2024-03-12,394.2,residential,Georgia
1533,2024-03-13,895.1,industrial,California
1534,2024-03-14,404.8,residential,Texas
1535,2024-03-15,451.6,residential,Illinois
1536,2024-03-16,516.5,residential,Illinois
1537,2024-03-17,394.5,residential,Georgia
1538,2024-03-18,689.2,commercial,New York
1539,2024-03-19,893.1,industrial,Georgia
1540,2024-03-20,461.8,residential,Illinois
1541,2024-03-21,1015.9,industrial,California
1542,2024-03-22,335.5,residential,Texas
1543,2024-03-23,467.9,residential,Illinois
1544,2024-03-24,673.0,commercial,Ohio
1545,2024-03-25,620.9,commercial,California
1546,2024-03-26,472.3,residential,Texas
1547,2024-03-27,329.9,residential,Texas
1548,2024-03-28,438.4,residential,Ohio
1549,2024-03-29,651.9,commercial,California
1550,2024-03-30,474.7,residential,Illinois
1551,2024-03-31,872.7,industrial,California
1552,2024-04-01,374.1,residential,New York
1553,2024-04-02,1006.8,industrial,New York
1554,2024-04-03,395.7,residential,Illinois
1555,2024-04-04,398.8,residential,Illinois
1556,2024-04-05,656.8,commercial,Ohio
1557,2024-04-06,346.4,residential,California
1558,2024-04-07,948.5,industrial,Georgia
1559,2024-04-08,909.8,industrial,Illinois
1560,2024-04-09,611.2,commercial,Ohio
1561,2024-04-10,610.9,commercial,Georgia
1562,2024-04-11,826.8,industrial,Ohio
1563,2024-04-12,671.1,commercial,Georgia
1564,2024-04-13,318.3,residential,California
1565,2024-04-14,855.3,industrial,New York
1566,2024-04-15,341.1,residential,New York
1567,2024-04-16,275.9,residential,Georgia
1568,2024-04-17,474.3,residential,Florida
1569,2024-04-18,843.8,industrial,Florida
1570,2024-04-19,358.1,residential,Florida
1571,2024-04-20,997.0,industrial,Texas
1572,2024-04-21,933.9,industrial,California
1573,2024-04-22,603.0,commercial,Illinois
1574,2024-04-23,708.0,commercial,California
1575,2024-04-24,653.4,commercial,Florida
1576,2024-04-25,419.2,residential,Ohio
1577,2024-04-26,657.7,commercial,Florida
1578,2024-04-27,970.4,industrial,Florida
1579,2024-04-28,370.3,residential,Texas
1580,2024-04-29,873.6,industrial,New York
1581,2024-04-30,386.4,residential,California
1582,2024-05-01,444.2,residential,California
1583,2024-05-02,354.8,residential,Texas
1584,2024-05-03,722.7,commercial,Florida
1585,2024-05-04,875.7,industrial,California
1586,2024-05-05,342.0,residential,Georgia
1587,2024-05-06,307.2,residential,Florida
1588,2024-05-07,653.2,commercial,New York
1589,2024-05-08,770.6,industrial,Ohio
1590,2024-05-09,850.2,industrial,New York
1591,2024-05-10,358.4,residential,Ohio
1592,2024-05-11,436.9,residential,Ohio
1593,2024-05-12,377.8,residential,Georgia
1594,2024-05-13,575.4,commercial,Illinois
1595,2024-05-14,611.3,commercial,Georgia
1596,2024-05-15,595.9,commercial,Georgia
1597,2024-05-16,568.6,commercial,Georgia
1598,2024-05-17,694.6,commercial,Ohio
1599,2024-05-18,375.4,residential,New York
1600,2024-05-19,989.4,industrial,Florida
1601,2024-05-20,672.6,commercial,California
1602,2024-05-21,593.5,commercial,New York
1603,2024-05-22,293.3,residential,Illinois
1604,2024-05-23,679.1,commercial,Georgia
1605,2024-05-24,577.5,commercial,Texas
1606,2024-05-25,376.3,residential,Ohio
1607,2024-05-26,583.1,commercial,California
1608,2024-05-27,725.2,commercial,Florida
1609,2024-05-28,887.2,industrial,California
1610,2024-05-29,928.9,industrial,Texas
1611,2024-05-30,365.4,residential,Florida
1612,2024-05-31,447.6,residential,Florida
1613,2024-06-01,344.7,residential,Ohio
1614,2024-06-02,853.4,industrial,New York
1615,2024-06-03,732.7,commercial,California
1616,2024-06-04,819.4,industrial,Georgia
1617,2024-06-05,658.5,commercial,Florida
1618,2024-06-06,391.6,residential,Florida
1619,2024-06-07,656.8,commercial,California
1620,2024-06-08,836.6,industrial,Florida
1621,2024-06-09,407.5,residential,Texas
1622,2024-06-10,672.9,commercial,California
1623,2024-06-11,820.0,industrial,California
1624,2024-06-12,629.7,commercial,Illinois
1625,2024-06-13,438.8,residential,Ohio
1626,2024-06-14,925.0,industrial,Ohio
1627,2024-06-15,269.8,residential,Illinois
1628,2024-06-16,464.3,residential,Florida
1629,2024-06-17,650.8,commercial,Texas
1630,2024-06-18,450.8,residential,New York
1631,2024-06-19,631.7,commercial,New York
1632,2024-06-20,697.0,commercial,Texas
1633,2024-06-21,904.7,industrial,Ohio
1634,2024-06-22,904.7,industrial,Ohio
1635,2024-06-23,354.4,residential,New York
1636,2024-06-24,594.7,commercial,New York
1637,2024-06-25,375.8,residential,Texas
1638,2024-06-26,809.7,industrial,Florida
1639,2024-06-27,902.1,industrial,Illinois
1640,2024-06-28,993.7,industrial,New York
1641,2024-06-29,621.7,commercial,Texas
1642,2024-06-30,329.9,residential,New York
1643,2024-07-01,931.6,industrial,Florida
1644,2024-07-02,440.6,residential,California
1645,2024-07-03,339.0,residential,Texas
1646,2024-07-04,714.5,commercial,Texas
1647,2024-07-05,451.5,residential,Georgia
1648,2024-07-06,675.4,commercial,Georgia
1649,2024-07-07,457.8,residential,Illinois
1650,2024-07-08,408.0,residential,Florida
1651,2024-07-09,403.9,residential,Texas
1652,2024-07-10,880.3,industrial,Ohio
1653,2024-07-11,875.0,industrial,Ohio
1654,2024-07-12,886.0,industrial,Texas
1655,2024-07-13,853.0,industrial,New York
1656,2024-07-14,706.8,commercial,Georgia
1657,2024-07-15,575.1,commercial,Ohio
1658,2024-07-16,665.0,commercial,Texas
1659,2024-07-17,397.1,residential,New York
1660,2024-07-18,349.4,residential,Illinois
1661,2024-07-19,676.1,commercial,Georgia
1662,2024-07-20,938.4,industrial,California
1663,2024-07-21,827.4,industrial,New York
1664,2024-07-22,383.0,residential,Florida
1665,2024-07-23,447.4,residential,New York
1666,2024-07-24,360.2,residential,Georgia
1667,2024-07-25,980.8,industrial,Ohio
1668,2024-07-26,802.2,industrial,Ohio
1669,2024-07-27,386.4,residential,Texas
1670,2024-07-28,659.2,commercial,Florida
1671,2024-07-29,613.2,commercial,Florida
1672,2024-07-30,417.9,residential,Florida
1673,2024-07-31,420.2,residential,Florida
1674,2024-08-01,618.1,commercial,Florida
1675,2024-08-02,942.1,industrial,New York
1676,2024-08-03,850.8,industrial,Illinois
1677,2024-08-04,634.1,commercial,California
1678,2024-08-05,483.9,residential,Texas
1679,2024-08-06,486.3,residential,Ohio
1680,2024-08-07,608.4,commercial,Texas
1681,2024-08-08,681.8,commercial,Illinois
1682,2024-08-09,935.5,industrial,Florida
1683,2024-08-10,520.1,commercial,Georgia
1684,2024-08-11,358.1,residential,Georgia
1685,2024-08-12,655.5,commercial,Florida
1686,2024-08-13,451.6,residential,Georgia
1687,2024-08-14,608.1,commercial,Ohio
1688,2024-08-15,429.2,residential,New York
1689,2024-08-16,927.3,industrial,Ohio
1690,2024-08-17,693.5,commercial,California
1691,2024-08-18,727.3,commercial,California
1692,2024-08-19,341.9,residential,Illinois
1693,2024-08-20,596.6,commercial,New York
1694,2024-08-21,649.6,commercial,Ohio
1695,2024-08-22,366.9,residential,Texas
1696,2024-08-23,613.7,commercial,Illinois
1697,2024-08-24,731.0,commercial,Ohio
1698,2024-08-25,750.7,commercial,Ohio
1699,2024-08-26,446.0,residential,Georgia
1700,2024-08-27,430.2,residential,Ohio
1701,2024-08-28,664.7,commercial,California
1702,2024-08-29,858.1,industrial,New York
1703,2024-08-30,529.4,commercial,Texas
1704,2024-08-31,658.1,commercial,Florida
1705,2024-09-01,636.8,commercial,Florida
1706,2024-09-02,686.6,commercial,California
1707,2024-09-03,357.2,residential,New York
1708,2024-09-04,871.0,industrial,Ohio
1709,2024-09-05,300.2,residential,California
1710,2024-09-06,856.9,industrial,Texas
1711,2024-09-07,886.5,industrial,Georgia
1712,2024-09-08,886.5,industrial,New York
1713,2024-09-09,374.7,residential,Florida
1714,2024-09-10,757.9,commercial,New York
1715,2024-09-11,395.4,residential,Ohio
1716,2024-09-12,383.5,residential,Texas
1717,2024-09-13,415.2,residential,Florida
1718,2024-09-14,349.9,residential,Ohio
1719,2024-09-15,913.7,industrial,Florida
1720,2024-09-16,640.8,commercial,Illinois
1721,2024-09-17,619.7,commercial,New York
1722,2024-09-18,341.7,residential,Florida
1723,2024-09-19,703.6,commercial,California
1724,2024-09-20,704.4,commercial,Ohio
1725,2024-09-21,672.7,commercial,Texas
1726,2024-09-22,1013.3,industrial,Ohio
1727,2024-09-23,843.8,industrial,New York
1728,2024-09-24,707.6,commercial,Florida
1729,2024-09-25,336.5,residential,Florida
1730,2024-09-26,400.8,residential,Ohio
1731,2024-09-27,379.2,residential,Georgia
1732,2024-09-28,734.7,commercial,Florida
1733,2024-09-29,402.2,residential,California
1734,2024-09-30,397.0,residential,Georgia
1735,2024-10-01,881.7,industrial,Georgia
1736,2024-10-02,927.7,industrial,Ohio
1737,2024-10-03,577.8,commercial,Georgia
1738,2024-10-04,779.8,commercial,Illinois
1739,2024-10-05,872.2,industrial,Florida
1740,2024-10-06,571.3,commercial,California
1741,2024-10-07,881.7,industrial,Texas
1742,2024-10-08,649.9,commercial,Ohio
1743,2024-10-09,476.4,residential,Texas
1744,2024-10-10,484.0,residential,Ohio
1745,2024-10-11,381.6,residential,Florida
1746,2024-10-12,989.6,industrial,Illinois
1747,2024-10-13,703.2,commercial,California
1748,2024-10-14,317.5,residential,California
1749,2024-10-15,635.9,commercial,Illinois
1750,2024-10-16,713.1,commercial,Georgia
1751,2024-10-17,640.9,commercial,Florida
1752,2024-10-18,883.9,industrial,Florida
1753,2024-10-19,363.3,residential,Texas
1754,2024-10-20,994.0,industrial,Illinois
1755,2024-10-21,406.9,residential,Ohio
1756,2024-10-22,471.5,residential,Ohio
1757,2024-10-23,384.9,residential,Ohio
1758,2024-10-24,642.1,commercial,New York
1759,2024-10-25,401.3,residential,Ohio
1760,2024-10-26,800.8,commercial,Florida
1761,2024-10-27,887.1,industrial,Florida
1762,2024-10-28,450.1,residential,Ohio
1763,2024-10-29,323.4,residential,Texas
1764,2024-10-30,917.0,industrial,Texas
1765,2024-10-31,599.0,commercial,Florida
1766,2024-11-01,631.9,commercial,Texas
1767,2024-11-02,490.8,residential,Illinois
1768,2024-11-03,337.9,residential,Texas
1769,2024-11-04,602.0,commercial,California
1770,2024-11-05,439.3,residential,California
1771,2024-11-06,384.0,residential,California
1772,2024-11-07,412.2,residential,California
1773,2024-11-08,904.8,industrial,New York
1774,2024-11-09,289.5,residential,New York
1775,2024-11-10,429.0,residential,Texas
1776,2024-11-11,786.2,industrial,Georgia
1777,2024-11-12,444.9,residential,Texas
1778,2024-11-13,375.1,residential,Ohio
1779,2024-11-14,360.5,residential,Texas
1780,2024-11-15,979.1,industrial,New York
1781,2024-11-16,696.8,commercial,Illinois
1782,2024-11-17,424.0,residential,California
1783,2024-11-18,347.4,residential,New York
1784,2024-11-19,663.6,commercial,Illinois
1785,2024-11-20,678.1,commercial,Florida
1786,2024-11-21,721.1,commercial,Illinois
1787,2024-11-22,444.8,residential,California
1788,2024-11-23,870.8,industrial,New York
1789,2024-11-24,912.6,industrial,California
1790,2024-11-25,872.4,industrial,Georgia
1791,2024-11-26,396.8,residential,Georgia
1792,2024-11-27,688.2,commercial,Georgia
1793,2024-11-28,897.8,industrial,Georgia
1794,2024-11-29,599.3,commercial,Georgia
1795,2024-11-30,757.4,commercial,Texas
1796,2024-12-01,979.9,industrial,Illinois
1797,2024-12-02,527.2,residential,Florida
1798,2024-12-03,444.7,residential,Georgia
1799,2024-12-04,820.5,industrial,California
1800,2024-12-05,352.7,residential,Texas
1801,2024-12-06,766.4,commercial,Florida
1802,2024-12-07,628.7,commercial,Illinois
1803,2024-12-08,634.3,commercial,California
1804,2024-12-09,599.3,commercial,New York
1805,2024-12-10,969.9,industrial,Texas
1806,2024-12-11,330.7,residential,New York
1807,2024-12-12,386.6,residential,Florida
1808,2024-12-13,788.6,commercial,Illinois
1809,2024-12-14,577.8,commercial,Georgia
1810,2024-12-15,862.7,industrial,Georgia
1811,2024-12-16,638.0,commercial,New York
1812,2024-12-17,860.2,industrial,Florida
1813,2024-12-18,445.7,residential,Ohio
1814,2024-12-19,474.6,residential,Texas
1815,2024-12-20,628.8,commercial,Illinois
1816,2024-12-21,695.9,commercial,Georgia
1817,2024-12-22,378.3,residential,Ohio
1818,2024-12-23,851.6,industrial,Florida
1819,2024-12-24,1068.9,industrial,Ohio
1820,2024-12-25,684.1,commercial,Florida
1821,2024-12-26,898.4,industrial,Illinois
1822,2024-12-27,629.0,commercial,Georgia
1823,2024-12-28,916.0,industrial,Illinois
1824,2024-12-29,385.2,residential,Florida
1825,2024-12-30,994.0,industrial,Illinois
1826,2024-01-01,758.3,commercial,Ohio
1827,2024-01-02,616.6,commercial,Georgia
1828,2024-01-03,927.4,industrial,Ohio
1829,2024-01-04,854.7,industrial,New York
1830,2024-01-05,448.5,commercial,Ohio
1831,2024-01-06,655.9,commercial,California
1832,2024-01-07,858.9,industrial,Illinois
1833,2024-01-08,864.8,industrial,Ohio
1834,2024-01-09,633.7,commercial,Florida
1835,2024-01-10,475.7,residential,New York
1836,2024-01-11,332.7,residential,Georgia
1837,2024-01-12,952.2,industrial,Georgia
1838,2024-01-13,853.7,industrial,Illinois
1839,2024-01-14,670.8,commercial,Illinois
1840,2024-01-15,915.0,industrial,Florida
1841,2024-01-16,395.2,residential,New York
1842,2024-01-17,450.7,residential,California
1843,2024-01-18,366.2,residential,Florida
1844,2024-01-19,429.2,residential,Florida
1845,2024-01-20,667.1,commercial,Georgia
1846,2024-01-21,920.1,industrial,New York
1847,2024-01-22,897.1,industrial,Texas
1848,2024-01-23,590.6,commercial,Florida
1849,2024-01-24,346.0,residential,Georgia
1850,2024-01-25,401.3,residential,California
1851,2024-01-26,845.3,industrial,New York
1852,2024-01-27,456.2,residential,Florida
1853,2024-01-28,397.2,residential,Florida
1854,2024-01-29,448.4,residential,Florida
1855,2024-01-30,587.7,commercial,Florida
1856,2024-01-31,458.2,residential,Georgia
1857,2024-02-01,854.8,industrial,New York
1858,2024-02-02,406.8,residential,New York
1859,2024-02-03,557.4,commercial,California
1860,2024-02-04,667.6,commercial,Georgia
1861,2024-02-05,629.4,commercial,Florida
1862,2024-02-06,915.0,industrial,Illinois
1863,2024-02-07,410.8,residential,Illinois
1864,2024-02-08,307.6,residential,California
1865,2024-02-09,884.6,industrial,Texas
1866,2024-02-10,901.6,industrial,New York
1867,2024-02-11,936.4,industrial,Florida
1868,2024-02-12,331.4,residential,Illinois
1869,2024-02-13,330.0,residential,California
1870,2024-02-14,982.5,industrial,Ohio
1871,2024-02-15,954.1,industrial,Texas
1872,2024-02-16,971.6,industrial,Illinois
1873,2024-02-17,713.3,commercial,Ohio
1874,2024-02-18,782.1,commercial,California
1875,2024-02-19,957.5,industrial,Texas
1876,2024-02-20,701.7,commercial,Texas
1877,2024-02-21,848.8,industrial,Illinois
1878,2024-02-22,355.5,residential,Georgia
1879,2024-02-23,468.0,residential,Georgia
1880,2024-02-24,577.8,commercial,Ohio
1881,2024-02-25,628.5,commercial,Illinois
1882,2024-02-26,882.6,industrial,Ohio
1883,2024-02-27,425.2,residential,Illinois
1884,2024-02-28,350.7,residential,New York
1885,2024-02-29,413.6,residential,Texas
1886,2024-03-01,417.0,residential,Ohio
1887,2024-03-02,266.1,residential,Texas
1888,2024-03-03,487.0,residential,Georgia
1889,2024-03-04,949.6,industrial,Florida
1890,2024-03-05,356.5,residential,Florida
1891,2024-03-06,472.8,residential,Florida
1892,2024-03-07,579.2,commercial,Georgia
1893,2024-03-08,329.4,residential,Georgia
1894,2024-03-09,605.4,commercial,New York
1895,2024-03-10,605.5,commercial,New York
1896,2024-03-11,819.6,industrial,Georgia
1897,2024-03-12,641.7,commercial,Texas
1898,2024-03-13,1017.7,industrial,Ohio
1899,2024-03-14,624.4,commercial,Ohio
1900,2024-03-15,617.8,commercial,Illinois
1901,2024-03-16,948.0,industrial,New York
1902,2024-03-17,633.1,commercial,Illinois
1903,2024-03-18,857.9,industrial,Georgia
1904,2024-03-19,704.9,commercial,Ohio
1905,2024-03-20,859.1,industrial,New York
1906,2024-03-21,865.8,industrial,Texas
1907,2024-03-22,625.2,commercial,California
1908,2024-03-23,902.9,industrial,New York
1909,2024-03-24,876.9,industrial,California
1910,2024-03-25,604.4,commercial,New York
1911,2024-03-26,945.1,industrial,Georgia
1912,2024-03-27,633.6,commercial,Florida
1913,2024-03-28,932.6,industrial,Florida
1914,2024-03-29,365.3,residential,California
1915,2024-03-30,414.9,residential,Ohio
1916,2024-03-31,606.4,residential,California
1917,2024-04-01,855.1,industrial,Illinois
1918,2024-04-02,869.5,industrial,Georgia
1919,2024-04-03,1009.7,industrial,Texas
1920,2024-04-04,895.2,industrial,Georgia
1921,2024-04-05,911.5,industrial,California
1922,2024-04-06,906.8,industrial,Texas
1923,2024-04-07,687.6,commercial,Georgia
1924,2024-04-08,812.3,industrial,California
1925,2024-04-09,382.9,residential,California
1926,2024-04-10,448.1,residential,Illinois
1927,2024-04-11,527.9,commercial,New York
1928,2024-04-12,844.4,industrial,Texas
1929,2024-04-13,898.5,industrial,California
1930,2024-04-14,947.0,industrial,Florida
1931,2024-04-15,570.4,commercial,Texas
1932,2024-04-16,898.6,industrial,Illinois
1933,2024-04-17,634.9,commercial,Texas
1934,2024-04-18,675.1,commercial,Ohio
1935,2024-04-19,846.8,industrial,Ohio
1936,2024-04-20,929.7,industrial,Illinois
1937,2024-04-21,347.7,residential,Georgia
1938,2024-04-22,869.6,industrial,Illinois
1939,2024-04-23,436.0,residential,Florida
1940,2024-04-24,395.4,residential,Ohio
1941,2024-04-25,369.8,residential,Texas
1942,2024-04-26,894.3,industrial,Illinois
1943,2024-04-27,499.2,residential,Georgia
1944,2024-04-28,897.4,industrial,California
1945,2024-04-29,907.4,industrial,Texas
1946,2024-04-30,418.5,residential,Florida
1947,2024-05-01,1016.4,industrial,Ohio
1948,2024-05-02,723.9,commercial,Georgia
1949,2024-05-03,840.9,industrial,Ohio
1950,2024-05-04,379.9,residential,California
1951,2024-05-05,610.2,commercial,Ohio
1952,2024-05-06,454.7,residential,New York
1953,2024-05-07,428.7,residential,Illinois
1954,2024-05-08,439.1,residential,California
1955,2024-05-09,626.2,commercial,Georgia
1956,2024-05-10,662.3,commercial,Ohio
1957,2024-05-11,868.7,industrial,Georgia
1958,2024-05-12,431.6,residential,Ohio
1959,2024-05-13,503.3,residential,Florida
1960,2024-05-14,356.5,residential,Texas
1961,2024-05-15,612.0,commercial,New York
1962,2024-05-16,646.2,commercial,California
1963,2024-05-17,347.9,residential,Texas
1964,2024-05-18,367.2,residential,Texas
1965,2024-05-19,364.0,residential,New York
1966,2024-05-20,435.9,residential,Florida
1967,2024-05-21,378.9,residential,Florida
1968,2024-05-22,302.9,residential,New York
1969,2024-05-23,369.6,residential,California
1970,2024-05-24,300.1,residential,Texas
1971,2024-05-25,465.9,residential,Illinois
1972,2024-05-26,834.3,industrial,Illinois
1973,2024-05-27,544.0,residential,New York
1974,2024-05-28,947.9,industrial,Illinois
1975,2024-05-29,560.5,commercial,Ohio
1976,2024-05-30,576.5,commercial,Georgia
1977,2024-05-31,665.5,commercial,Florida
1978,2024-06-01,709.5,industrial,Illinois
1979,2024-06-02,910.1,industrial,Florida
1980,2024-06-03,687.1,commercial,New York
1981,2024-06-04,474.8,residential,Ohio
1982,2024-06-05,320.9,residential,Texas
1983,2024-06-06,1019.1,industrial,Florida
1984,2024-06-07,759.5,commercial,Ohio
1985,2024-06-08,628.9,commercial,Texas
1986,2024-06-09,930.5,industrial,Illinois
1987,2024-06-10,927.6,industrial,Texas
1988,2024-06-11,456.3,residential,Illinois
1989,2024-06-12,956.2,industrial,California
1990,2024-06-13,937.7,industrial,California
1991,2024-06-14,889.4,industrial,Illinois
1992,2024-06-15,898.4,industrial,Illinois
1993,2024-06-16,951.0,industrial,Florida
1994,2024-06-17,982.2,industrial,Florida
1995,2024-06-18,407.4,residential,Georgia
1996,2024-06-19,879.2,industrial,Illinois
1997,2024-06-20,635.1,commercial,Georgia
1998,2024-06-21,584.7,commercial,Ohio
1999,2024-06-22,404.1,residential,Ohio
2000,2024-06-23,951.2,industrial,Texas
2001,2024-06-24,668.8,commercial,California
2002,2024-06-25,278.4,residential,Texas
2003,2024-06-26,796.9,industrial,Georgia
2004,2024-06-27,688.8,commercial,New York
2005,2024-06-28,331.2,residential,Illinois
2006,2024-06-29,766.5,commercial,California
2007,2024-06-30,919.9,industrial,Ohio
2008,2024-07-01,842.2,industrial,Florida
2009,2024-07-02,841.9,industrial,Texas
2010,2024-07-03,757.6,commercial,New York
2011,2024-07-04,371.7,residential,Georgia
2012,2024-07-05,687.8,commercial,Illinois
2013,2024-07-06,689.4,commercial,Florida
2014,2024-07-07,346.3,residential,New York
2015,2024-07-08,271.8,residential,Florida
2016,2024-07-09,853.5,industrial,California
2017,2024-07-10,890.8,industrial,New York
2018,2024-07-11,458.1,residential,California
2019,2024-07-12,619.1,commercial,Illinois
2020,2024-07-13,445.8,residential,Texas
2021,2024-07-14,651.1,commercial,Florida
2022,2024-07-15,332.4,residential,Florida
2023,2024-07-16,956.2,industrial,Ohio
2024,2024-07-17,866.4,industrial,Illinois
2025,2024-07-18,616.8,commercial,California
2026,2024-07-19,1017.9,industrial,California
2027,2024-07-20,913.3,industrial,New York
2028,2024-07-21,385.2,residential,Georgia
2029,2024-07-22,527.6,commercial,California
2030,2024-07-23,415.6,residential,New York
2031,2024-07-24,260.2,residential,Florida
2032,2024-07-25,912.6,industrial,New York
2033,2024-07-26,855.8,industrial,California
2034,2024-07-27,876.1,industrial,Texas
2035,2024-07-28,891.6,industrial,Illinois
2036,2024-07-29,598.9,commercial,California
2037,2024-07-30,647.4,commercial,Florida
2038,2024-07-31,950.3,industrial,Ohio
2039,2024-08-01,603.5,commercial,California
2040,2024-08-02,497.9,residential,Georgia
2041,2024-08-03,618.9,commercial,Texas
2042,2024-08-04,316.0,residential,New York
2043,2024-08-05,469.5,residential,Ohio
2044,2024-08-06,705.1,commercial,New York
2045,2024-08-07,687.4,commercial,Texas
2046,2024-08-08,550.5,commercial,Texas
2047,2024-08-09,961.0,industrial,California
2048,2024-08-10,917.1,industrial,California
2049,2024-08-11,675.9,commercial,Texas
2050,2024-08-12,773.5,commercial,New York
2051,2024-08-13,817.2,industrial,Ohio
2052,2024-08-14,857.1,industrial,Florida
2053,2024-08-15,607.6,commercial,Florida
2054,2024-08-16,912.8,industrial,California
2055,2024-08-17,664.2,commercial,California
2056,2024-08-18,935.8,industrial,California
2057,2024-08-19,908.5,industrial,Georgia
2058,2024-08-20,729.8,commercial,New York
2059,2024-08-21,567.5,commercial,Georgia
2060,2024-08-22,471.0,residential,Texas
2061,2024-08-23,596.8,commercial,Illinois
2062,2024-08-24,310.3,residential,Ohio
2063,2024-08-25,852.5,industrial,New York
2064,2024-08-26,849.6,industrial,California
2065,2024-08-27,848.9,industrial,Georgia
2066,2024-08-28,614.7,commercial,Ohio
2067,2024-08-29,356.1,residential,New York
2068,2024-08-30,617.8,commercial,Florida
2069,2024-08-31,879.3,industrial,California
2070,2024-09-01,392.7,residential,Florida
2071,2024-09-02,629.4,commercial,New York
2072,2024-09-03,611.7,commercial,Florida
2073,2024-09-04,864.6,industrial,Texas
2074,2024-09-05,459.3,residential,New York
2075,2024-09-06,499.9,residential,California
2076,2024-09-07,658.9,commercial,Texas
2077,2024-09-08,285.7,residential,Texas
2078,2024-09-09,388.2,residential,New York
2079,2024-09-10,387.1,residential,New York
2080,2024-09-11,274.2,residential,New York
2081,2024-09-12,646.3,commercial,Ohio
2082,2024-09-13,869.3,industrial,New York
2083,2024-09-14,624.1,commercial,California
2084,2024-09-15,896.8,industrial,Georgia
2085,2024-09-16,389.1,residential,Ohio
2086,2024-09-17,856.7,industrial,New York
2087,2024-09-18,693.2,commercial,New York
2088,2024-09-19,915.6,industrial,Ohio
2089,2024-09-20,734.9,commercial,Texas
2090,2024-09-21,936.8,industrial,Ohio
2091,2024-09-22,802.3,industrial,Georgia
2092,2024-09-23,664.4,commercial,New York
2093,2024-09-24,967.5,industrial,California
2094,2024-09-25,933.2,industrial,Florida
2095,2024-09-26,363.7,residential,California
2096,2024-09-27,432.9,residential,Texas
2097,2024-09-28,247.0,residential,Texas
2098,2024-09-29,798.1,commercial,Ohio
2099,2024-09-30,339.8,residential,New York
2100,2024-10-01,350.5,residential,Illinois
2101,2024-10-02,679.3,commercial,Florida
2102,2024-10-03,537.2,commercial,Illinois
2103,2024-10-04,890.5,industrial,Ohio
2104,2024-10-05,902.8,industrial,New York
2105,2024-10-06,719.5,commercial,Florida
2106,2024-10-07,594.0,commercial,New York
2107,2024-10-08,385.3,residential,California
2108,2024-10-09,601.7,commercial,Florida
2109,2024-10-10,420.4,residential,New York
2110,2024-10-11,352.3,residential,New York
2111,2024-10-12,620.9,commercial,Ohio
2112,2024-10-13,930.3,industrial,Texas
2113,2024-10-14,994.5,industrial,Illinois
2114,2024-10-15,304.7,residential,Texas
2115,2024-10-16,662.2,commercial,California
2116,2024-10-17,478.0,residential,Texas
2117,2024-10-18,990.9,industrial,Georgia
2118,2024-10-19,367.8,residential,Ohio
2119,2024-10-20,563.0,commercial,New York
2120,2024-10-21,899.8,industrial,Florida
2121,2024-10-22,340.1,residential,New York
2122,2024-10-23,859.5,industrial,New York
2123,2024-10-24,384.2,residential,Ohio
2124,2024-10-25,375.6,residential,New York
2125,2024-10-26,442.7,residential,Florida
2126,2024-10-27,399.4,residential,Illinois
2127,2024-10-28,432.2,residential,Ohio
2128,2024-10-29,682.2,commercial,Florida
2129,2024-10-30,405.9,residential,California
2130,2024-10-31,384.7,residential,Georgia
2131,2024-11-01,562.0,commercial,Ohio
2132,2024-11-02,796.0,industrial,Georgia
2133,2024-11-03,387.8,residential,New York
2134,2024-11-04,474.5,residential,Illinois
2135,2024-11-05,633.7,commercial,Texas
2136,2024-11-06,587.4,commercial,Texas
2137,2024-11-07,920.5,industrial,New York
2138,2024-11-08,598.9,commercial,Illinois
2139,2024-11-09,316.5,residential,Ohio
2140,2024-11-10,409.6,residential,Florida
2141,2024-11-11,728.1,commercial,New York
2142,2024-11-12,382.3,residential,California
2143,2024-11-13,833.2,industrial,Illinois
2144,2024-11-14,1006.5,industrial,Texas
2145,2024-11-15,541.9,commercial,California
2146,2024-11-16,637.7,commercial,New York
2147,2024-11-17,315.1,residential,Illinois
2148,2024-11-18,540.2,residential,California
2149,2024-11-19,771.2,commercial,California
2150,2024-11-20,752.9,industrial,New York
2151,2024-11-21,329.6,residential,Florida
2152,2024-11-22,955.4,industrial,Florida
2153,2024-11-23,895.6,industrial,California
2154,2024-11-24,673.5,commercial,New York
2155,2024-11-25,450.6,residential,Florida
2156,2024-11-26,907.7,industrial,Ohio
2157,2024-11-27,454.3,residential,New York
2158,2024-11-28,977.9,industrial,Texas
2159,2024-11-29,873.6,industrial,Texas
2160,2024-11-30,910.1,industrial,Florida
2161,2024-12-01,711.2,commercial,Texas
2162,2024-12-02,383.5,residential,Illinois
2163,2024-12-03,439.2,residential,California
2164,2024-12-04,727.5,commercial,Texas
2165,2024-12-05,579.7,commercial,Illinois
2166,2024-12-06,642.3,commercial,Florida
2167,2024-12-07,663.3,commercial,Georgia
2168,2024-12-08,303.9,residential,Illinois
2169,2024-12-09,737.8,commercial,Florida
2170,2024-12-10,296.0,residential,Illinois
2171,2024-12-11,876.6,industrial,Texas
2172,2024-12-12,438.1,residential,New York
2173,2024-12-13,674.8,commercial,Florida
2174,2024-12-14,660.0,commercial,Florida
2175,2024-12-15,890.9,industrial,California
2176,2024-12-16,629.0,commercial,California
2177,2024-12-17,673.2,commercial,California
2178,2024-12-18,835.1,industrial,New York
2179,2024-12-19,866.6,industrial,New York
2180,2024-12-20,418.1,residential,Texas
2181,2024-12-21,963.9,industrial,Texas
2182,2024-12-22,706.1,commercial,New York
2183,2024-12-23,332.9,residential,Florida
2184,2024-12-24,631.8,commercial,Ohio
2185,2024-12-25,863.1,industrial,Georgia
2186,2024-12-26,409.2,residential,New York
2187,2024-12-27,395.2,residential,New York
2188,2024-12-28,856.1,industrial,Florida
2189,2024-12-29,324.6,residential,Ohio
2190,2024-12-30,411.4,residential,California
2191,2024-01-01,739.3,commercial,New York
2192,2024-01-02,282.8,residential,Ohio
2193,2024-01-03,843.4,industrial,California
2194,2024-01-04,709.4,commercial,California
2195,2024-01-05,608.8,commercial,Florida
2196,2024-01-06,749.1,commercial,Georgia
2197,2024-01-07,656.1,commercial,Georgia
2198,2024-01-08,876.8,industrial,Texas
2199,2024-01-09,933.0,industrial,Florida
2200,2024-01-10,886.8,industrial,New York
2201,2024-01-11,356.0,residential,New York
2202,2024-01-12,661.5,commercial,Georgia
2203,2024-01-13,906.6,industrial,Florida
2204,2024-01-14,599.1,commercial,California
2205,2024-01-15,375.7,residential,Illinois
2206,2024-01-16,390.9,residential,Ohio
2207,2024-01-17,395.2,residential,California
2208,2024-01-18,382.1,residential,Texas
2209,2024-01-19,591.5,commercial,California
2210,2024-01-20,894.7,industrial,New York
2211,2024-01-21,446.1,residential,Texas
2212,2024-01-22,638.6,commercial,New York
2213,2024-01-23,938.3,industrial,Georgia
2214,2024-01-24,844.0,industrial,Ohio
2215,2024-01-25,365.9,residential,Georgia
2216,2024-01-26,596.9,commercial,Florida
2217,2024-01-27,480.8,residential,Georgia
2218,2024-01-28,452.5,residential,California
2219,2024-01-29,716.0,commercial,Florida
2220,2024-01-30,856.5,industrial,Texas
2221,2024-01-31,712.3,commercial,California
2222,2024-02-01,425.7,residential,Ohio
2223,2024-02-02,330.3,residential,Illinois
2224,2024-02-03,666.4,commercial,Illinois
2225,2024-02-04,701.3,commercial,Georgia
2226,2024-02-05,766.1,commercial,Ohio
2227,2024-02-06,594.0,commercial,Texas
2228,2024-02-07,417.4,residential,California
2229,2024-02-08,976.7,industrial,New York
2230,2024-02-09,846.7,industrial,Texas
2231,2024-02-10,938.4,industrial,California
2232,2024-02-11,710.2,commercial,New York
2233,2024-02-12,380.5,residential,Ohio
2234,2024-02-13,675.4,commercial,Georgia
2235,2024-02-14,651.1,commercial,Ohio
2236,2024-02-15,960.2,industrial,Florida
2237,2024-02-16,482.4,residential,Ohio
2238,2024-02-17,937.5,industrial,New York
2239,2024-02-18,652.8,commercial,Illinois
2240,2024-02-19,887.5,industrial,Illinois
2241,2024-02-20,979.2,industrial,Ohio
2242,2024-02-21,684.6,commercial,Illinois
2243,2024-02-22,269.1,residential,New York
2244,2024-02-23,691.5,commercial,Florida
2245,2024-02-24,860.3,industrial,Texas
2246,2024-02-25,371.1,residential,Georgia
2247,2024-02-26,794.0,industrial,Illinois
2248,2024-02-27,950.1,industrial,Georgia
2249,2024-02-28,697.6,commercial,New York
2250,2024-02-29,914.3,industrial,Illinois
2251,2024-03-01,919.0,industrial,Florida
2252,2024-03-02,416.4,residential,New York
2253,2024-03-03,897.4,industrial,Illinois
2254,2024-03-04,902.6,industrial,Ohio
2255,2024-03-05,835.8,industrial,California
2256,2024-03-06,926.7,industrial,Illinois
2257,2024-03-07,870.7,industrial,New York
2258,2024-03-08,899.6,industrial,Illinois
2259,2024-03-09,271.4,residential,Georgia
2260,2024-03-10,897.1,industrial,Ohio
2261,2024-03-11,456.5,residential,Georgia
2262,2024-03-12,432.8,residential,California
2263,2024-03-13,662.3,commercial,Ohio
2264,2024-03-14,357.6,residential,Florida
2265,2024-03-15,1022.0,industrial,California
2266,2024-03-16,692.3,commercial,Florida
2267,2024-03-17,394.8,residential,New York
2268,2024-03-18,889.5,industrial,Ohio
2269,2024-03-19,693.7,commercial,Ohio
2270,2024-03-20,639.4,commercial,California
2271,2024-03-21,916.9,industrial,New York
2272,2024-03-22,470.5,residential,Ohio
2273,2024-03-23,940.4,industrial,Florida
2274,2024-03-24,641.8,commercial,Florida
2275,2024-03-25,612.0,commercial,Illinois
2276,2024-03-26,502.9,residential,Texas
2277,2024-03-27,429.4,residential,Georgia
2278,2024-03-28,653.2,commercial,Illinois
2279,2024-03-29,490.3,residential,California
2280,2024-03-30,931.1,industrial,New York
2281,2024-03-31,661.1,commercial,New York
2282,2024-04-01,401.4,residential,New York
2283,2024-04-02,909.5,industrial,California
2284,2024-04-03,453.2,residential,Illinois
2285,2024-04-04,471.7,residential,Texas
2286,2024-04-05,436.7,residential,Florida
2287,2024-04-06,663.6,commercial,California
2288,2024-04-07,636.9,commercial,New York
2289,2024-04-08,402.2,residential,California
2290,2024-04-09,598.3,commercial,Florida
2291,2024-04-10,512.1,residential,Florida
2292,2024-04-11,900.6,industrial,New York
2293,2024-04-12,694.8,commercial,New York
2294,2024-04-13,567.8,commercial,California
2295,2024-04-14,289.5,residential,Illinois
2296,2024-04-15,865.9,industrial,Florida
2297,2024-04-16,570.8,commercial,Texas
2298,2024-04-17,890.7,industrial,Illinois
2299,2024-04-18,763.5,commercial,Ohio
2300,2024-04-19,351.6,residential,California
2301,2024-04-20,914.8,industrial,Ohio
2302,2024-04-21,724.2,commercial,Ohio
2303,2024-04-22,405.4,residential,New York
2304,2024-04-23,432.8,residential,Illinois
2305,2024-04-24,457.3,residential,Illinois
2306,2024-04-25,628.1,commercial,Florida
2307,2024-04-26,706.8,commercial,Florida
2308,2024-04-27,404.1,residential,Illinois
2309,2024-04-28,739.9,commercial,California
2310,2024-04-29,612.1,commercial,New York
2311,2024-04-30,400.2,residential,Ohio
2312,2024-05-01,308.4,residential,Ohio
2313,2024-05-02,403.6,residential,Georgia
2314,2024-05-03,333.9,residential,Georgia
2315,2024-05-04,896.9,industrial,Texas
2316,2024-05-05,898.5,industrial,Georgia
2317,2024-05-06,754.2,industrial,Florida
2318,2024-05-07,617.9,commercial,Florida
2319,2024-05-08,416.9,residential,New York
2320,2024-05-09,553.5,commercial,Ohio
2321,2024-05-10,704.3,commercial,Illinois
2322,2024-05-11,327.8,residential,Florida
2323,2024-05-12,424.5,residential,Illinois
2324,2024-05-13,280.5,residential,Georgia
2325,2024-05-14,689.8,commercial,New York
2326,2024-05-15,954.6,industrial,Illinois
2327,2024-05-16,667.8,commercial,New York
2328,2024-05-17,899.9,industrial,Illinois
2329,2024-05-18,664.0,commercial,Georgia
2330,2024-05-19,982.8,industrial,Illinois
2331,2024-05-20,386.0,residential,California
2332,2024-05-21,947.3,industrial,New York
2333,2024-05-22,893.9,industrial,Texas
2334,2024-05-23,862.8,industrial,Illinois
2335,2024-05-24,868.4,industrial,California
2336,2024-05-25,714.9,commercial,Florida
2337,2024-05-26,616.6,commercial,New York
2338,2024-05-27,678.7,commercial,Illinois
2339,2024-05-28,640.4,commercial,Illinois
2340,2024-05-29,932.6,industrial,California
2341,2024-05-30,395.0,residential,California
2342,2024-05-31,701.5,commercial,New York
2343,2024-06-01,655.7,commercial,Illinois
2344,2024-06-02,911.4,industrial,California
2345,2024-06-03,389.3,residential,Texas
2346,2024-06-04,498.4,residential,California
2347,2024-06-05,449.4,residential,New York
2348,2024-06-06,684.7,commercial,Georgia
2349,2024-06-07,905.8,industrial,New York
2350,2024-06-08,896.8,industrial,Illinois
2351,2024-06-09,617.9,commercial,California
2352,2024-06-10,606.7,commercial,New York
2353,2024-06-11,664.3,commercial,Texas
2354,2024-06-12,427.0,residential,Illinois
2355,2024-06-13,549.7,commercial,New York
2356,2024-06-14,690.5,commercial,New York
2357,2024-06-15,840.1,industrial,Georgia
2358,2024-06-16,373.9,residential,Ohio
2359,2024-06-17,895.6,industrial,California
2360,2024-06-18,618.2,commercial,Georgia
2361,2024-06-19,879.4,industrial,Georgia
2362,2024-06-20,711.8,commercial,Georgia
2363,2024-06-21,940.2,industrial,Florida
2364,2024-06-22,931.0,industrial,Texas
2365,2024-06-23,878.9,industrial,Florida
2366,2024-06-24,859.5,industrial,Florida
2367,2024-06-25,722.5,commercial,Georgia
2368,2024-06-26,542.0,commercial,California
2369,2024-06-27,305.0,residential,Texas
2370,2024-06-28,323.0,residential,Texas
2371,2024-06-29,709.0,commercial,Georgia
2372,2024-06-30,915.1,industrial,New York
2373,2024-07-01,498.2,residential,Ohio
2374,2024-07-02,390.0,residential,Ohio
2375,2024-07-03,339.4,residential,Georgia
2376,2024-07-04,636.6,commercial,Texas
2377,2024-07-05,836.2,industrial,Ohio
2378,2024-07-06,911.6,industrial,Ohio
2379,2024-07-07,936.4,industrial,Georgia
2380,2024-07-08,614.6,commercial,Illinois
2381,2024-07-09,902.0,industrial,Florida
2382,2024-07-10,893.7,industrial,California
2383,2024-07-11,424.0,residential,California
2384,2024-07-12,577.8,commercial,California
2385,2024-07-13,842.1,industrial,California
2386,2024-07-14,661.2,commercial,Ohio
2387,2024-07-15,939.8,industrial,Georgia
2388,2024-07-16,938.6,industrial,Texas
2389,2024-07-17,509.2,residential,Texas
2390,2024-07-18,911.7,industrial,Ohio
2391,2024-07-19,316.2,residential,New York
2392,2024-07-20,842.6,industrial,Ohio
2393,2024-07-21,928.7,industrial,Florida
2394,2024-07-22,314.6,residential,Texas
2395,2024-07-23,643.9,commercial,California
2396,2024-07-24,915.5,industrial,California
2397,2024-07-25,373.0,residential,Illinois
2398,2024-07-26,599.8,commercial,Florida
2399,2024-07-27,683.1,commercial,Georgia
2400,2024-07-28,863.5,industrial,Illinois
2401,2024-07-29,873.6,industrial,Illinois
2402,2024-07-30,995.9,industrial,Illinois
2403,2024-07-31,757.8,industrial,Texas
2404,2024-08-01,935.1,industrial,California
2405,2024-08-02,418.8,residential,Ohio
2406,2024-08-03,888.1,industrial,Georgia
2407,2024-08-04,365.5,residential,Texas
2408,2024-08-05,611.9,commercial,California
2409,2024-08-06,435.3,residential,Georgia
2410,2024-08-07,483.4,residential,New York
2411,2024-08-08,642.5,commercial,California
2412,2024-08-09,688.2,commercial,California
2413,2024-08-10,645.5,commercial,Illinois
2414,2024-08-11,907.2,industrial,Texas
2415,2024-08-12,416.6,residential,Texas
2416,2024-08-13,990.8,industrial,New York
2417,2024-08-14,622.8,commercial,Illinois
2418,2024-08-15,870.3,industrial,Ohio
2419,2024-08-16,381.4,residential,Texas
2420,2024-08-17,383.1,residential,New York
2421,2024-08-18,885.7,industrial,Ohio
2422,2024-08-19,577.2,commercial,Ohio
2423,2024-08-20,720.1,commercial,California
2424,2024-08-21,417.5,residential,Florida
2425,2024-08-22,431.7,residential,Florida
2426,2024-08-23,587.3,commercial,Florida
2427,2024-08-24,489.8,residential,Ohio
2428,2024-08-25,907.9,industrial,Texas
2429,2024-08-26,571.0,commercial,Illinois
2430,2024-08-27,314.0,residential,Georgia
2431,2024-08-28,865.3,industrial,Ohio
2432,2024-08-29,842.6,industrial,Illinois
2433,2024-08-30,402.6,residential,Georgia
2434,2024-08-31,843.0,industrial,Florida
2435,2024-09-01,467.7,residential,New York
2436,2024-09-02,963.4,industrial,Texas
2437,2024-09-03,644.6,commercial,California
2438,2024-09-04,380.3,residential,Georgia
2439,2024-09-05,453.4,residential,Ohio
2440,2024-09-06,872.7,industrial,Ohio
2441,2024-09-07,689.8,commercial,Ohio
2442,2024-09-08,381.7,residential,Florida
2443,2024-09-09,462.2,residential,New York
2444,2024-09-10,610.6,commercial,California
2445,2024-09-11,887.3,industrial,Florida
2446,2024-09-12,421.3,residential,Florida
2447,2024-09-13,639.2,commercial,Ohio
2448,2024-09-14,576.7,commercial,Texas
2449,2024-09-15,676.5,commercial,New York
2450,2024-09-16,633.4,commercial,Georgia
2451,2024-09-17,920.5,industrial,Ohio
2452,2024-09-18,415.7,residential,California
2453,2024-09-19,568.7,commercial,Texas
2454,2024-09-20,827.4,industrial,Ohio
2455,2024-09-21,335.5,residential,Texas
2456,2024-09-22,669.2,commercial,Georgia
2457,2024-09-23,664.9,commercial,California
2458,2024-09-24,599.2,commercial,Georgia
2459,2024-09-25,848.7,industrial,Ohio
2460,2024-09-26,858.5,industrial,Florida
2461,2024-09-27,963.6,industrial,Georgia
2462,2024-09-28,797.7,industrial,Ohio
2463,2024-09-29,492.4,commercial,Ohio
2464,2024-09-30,492.9,residential,New York
2465,2024-10-01,500.6,residential,Ohio
2466,2024-10-02,275.7,residential,Texas
2467,2024-10-03,929.4,industrial,California
2468,2024-10-04,968.1,industrial,Florida
2469,2024-10-05,478.1,residential,Ohio
2470,2024-10-06,364.7,residential,Illinois
2471,2024-10-07,722.5,commercial,Texas
2472,2024-10-08,679.6,commercial,Texas
2473,2024-10-09,366.4,residential,New York
2474,2024-10-10,1002.0,industrial,New York
2475,2024-10-11,392.7,residential,Texas
2476,2024-10-12,628.9,commercial,Florida
2477,2024-10-13,678.5,commercial,Illinois
2478,2024-10-14,413.8,residential,Florida
2479,2024-10-15,634.4,commercial,Illinois
2480,2024-10-16,881.3,industrial,California
2481,2024-10-17,539.8,commercial,Illinois
2482,2024-10-18,314.7,residential,New York
2483,2024-10-19,560.0,commercial,Georgia
2484,2024-10-20,419.8,residential,New York
2485,2024-10-21,657.0,commercial,Georgia
2486,2024-10-22,807.9,industrial,Florida
2487,2024-10-23,850.0,industrial,Georgia
2488,2024-10-24,928.4,industrial,Texas
2489,2024-10-25,669.6,commercial,California
2490,2024-10-26,646.5,commercial,Florida
2491,2024-10-27,825.3,industrial,Texas
2492,2024-10-28,839.6,industrial,Georgia
2493,2024-10-29,838.5,industrial,Texas
2494,2024-10-30,957.4,industrial,California
2495,2024-10-31,334.9,residential,Ohio
2496,2024-11-01,877.8,industrial,Georgia
2497,2024-11-02,954.8,industrial,Florida
2498,2024-11-03,679.1,commercial,California
2499,2024-11-04,958.1,industrial,Florida
2500,2024-11-05,399.4,residential,Ohio
2501,2024-11-06,467.0,residential,Florida
2502,2024-11-07,736.0,commercial,Florida
2503,2024-11-08,365.9,residential,Georgia
2504,2024-11-09,651.7,commercial,California
2505,2024-11-10,344.1,residential,Ohio
2506,2024-11-11,627.2,commercial,New York
2507,2024-11-12,690.6,commercial,California
2508,2024-11-13,378.4,residential,California
2509,2024-11-14,940.1,industrial,Georgia
2510,2024-11-15,424.0,residential,New York
2511,2024-11-16,443.7,residential,Ohio
2512,2024-11-17,374.0,residential,Georgia
2513,2024-11-18,603.0,commercial,Florida
2514,2024-11-19,371.0,residential,Illinois
2515,2024-11-20,579.3,commercial,Georgia
2516,2024-11-21,363.9,residential,Texas
2517,2024-11-22,427.8,residential,Texas
2518,2024-11-23,573.6,commercial,Ohio
2519,2024-11-24,956.1,industrial,Illinois
2520,2024-11-25,873.2,industrial,Georgia
2521,2024-11-26,824.8,industrial,Ohio
2522,2024-11-27,706.1,commercial,Ohio
2523,2024-11-28,612.9,commercial,Florida
2524,2024-11-29,926.3,industrial,New York
2525,2024-11-30,880.3,industrial,Illinois
2526,2024-12-01,879.5,industrial,Illinois
2527,2024-12-02,374.9,residential,Texas
2528,2024-12-03,663.8,commercial,New York
2529,2024-12-04,912.4,industrial,Ohio
2530,2024-12-05,875.5,industrial,Texas
2531,2024-12-06,940.3,industrial,New York
2532,2024-12-07,928.0,industrial,Texas
2533,2024-12-08,411.9,residential,Ohio
2534,2024-12-09,912.0,industrial,Illinois
2535,2024-12-10,407.4,residential,California
2536,2024-12-11,506.3,residential,Georgia
2537,2024-12-12,374.5,residential,Illinois
2538,2024-12-13,867.5,industrial,Texas
2539,2024-12-14,981.6,industrial,Texas
2540,2024-12-15,861.4,industrial,Ohio
2541,2024-12-16,659.1,commercial,California
2542,2024-12-17,918.0,industrial,Ohio
2543,2024-12-18,948.4,industrial,Georgia
2544,2024-12-19,989.3,industrial,Georgia
2545,2024-12-20,907.6,industrial,New York
2546,2024-12-21,879.0,industrial,Texas
2547,2024-12-22,482.3,residential,New York
2548,2024-12-23,582.9,commercial,California
2549,2024-12-24,693.8,commercial,Florida
2550,2024-12-25,853.1,industrial,New York
2551,2024-12-26,721.2,commercial,Texas
2552,2024-12-27,402.0,residential,Georgia
2553,2024-12-28,888.9,industrial,Texas
2554,2024-12-29,913.0,industrial,Georgia
2555,2024-12-30,959.1,industrial,New York
2556,2024-01-01,580.8,commercial,Ohio
2557,2024-01-02,412.1,residential,Texas
2558,2024-01-03,744.0,commercial,Florida
2559,2024-01-04,354.8,residential,Illinois
2560,2024-01-05,628.1,commercial,Florida
2561,2024-01-06,742.4,commercial,Illinois
2562,2024-01-07,644.9,commercial,Ohio
2563,2024-01-08,491.7,residential,Ohio
2564,2024-01-09,936.2,industrial,Illinois
2565,2024-01-10,901.9,industrial,California
2566,2024-01-11,401.7,residential,New York
2567,2024-01-12,621.2,commercial,New York
2568,2024-01-13,462.2,residential,California
2569,2024-01-14,724.9,industrial,Georgia
2570,2024-01-15,883.4,industrial,Illinois
2571,2024-01-16,638.8,commercial,California
2572,2024-01-17,884.6,industrial,Ohio
2573,2024-01-18,616.3,commercial,Georgia
2574,2024-01-19,657.7,commercial,Illinois
2575,2024-01-20,656.3,commercial,Georgia
2576,2024-01-21,867.6,industrial,Illinois
2577,2024-01-22,481.5,residential,Florida
2578,2024-01-23,260.2,residential,Florida
2579,2024-01-24,390.1,residential,California
2580,2024-01-25,399.4,residential,Ohio
2581,2024-01-26,376.9,residential,Ohio
2582,2024-01-27,671.7,commercial,Georgia
2583,2024-01-28,982.9,industrial,Georgia
2584,2024-01-29,622.0,commercial,Florida
2585,2024-01-30,602.5,commercial,Georgia
2586,2024-01-31,678.5,commercial,California
2587,2024-02-01,667.7,commercial,Illinois
2588,2024-02-02,326.9,residential,Georgia
2589,2024-02-03,386.1,residential,New York
2590,2024-02-04,672.9,commercial,New York
2591,2024-02-05,890.8,industrial,Georgia
2592,2024-02-06,879.7,industrial,Ohio
2593,2024-02-07,992.9,industrial,New York
2594,2024-02-08,935.2,industrial,Florida
2595,2024-02-09,1051.5,industrial,Georgia
2596,2024-02-10,903.1,industrial,Ohio
2597,2024-02-11,908.6,industrial,Georgia
2598,2024-02-12,673.2,commercial,New York
2599,2024-02-13,303.6,residential,California
2600,2024-02-14,596.0,commercial,Texas
2601,2024-02-15,330.9,residential,Ohio
2602,2024-02-16,404.1,residential,Illinois
2603,2024-02-17,605.1,commercial,New York
2604,2024-02-18,842.2,industrial,Illinois
2605,2024-02-19,864.4,industrial,New York
2606,2024-02-20,900.6,industrial,Illinois
2607,2024-02-21,622.8,commercial,Georgia
2608,2024-02-22,831.9,industrial,Ohio
2609,2024-02-23,579.5,commercial,New York
2610,2024-02-24,719.4,commercial,Ohio
2611,2024-02-25,974.0,industrial,California
2612,2024-02-26,624.6,commercial,New York
2613,2024-02-27,562.7,commercial,New York
2614,2024-02-28,880.1,industrial,Ohio
2615,2024-02-29,434.4,residential,Ohio
2616,2024-03-01,764.8,industrial,Texas
2617,2024-03-02,887.2,industrial,California
2618,2024-03-03,926.9,industrial,Florida
2619,2024-03-04,788.4,industrial,California
2620,2024-03-05,454.6,residential,Florida
2621,2024-03-06,411.3,residential,California
2622,2024-03-07,407.6,residential,Illinois
2623,2024-03-08,437.9,residential,Illinois
2624,2024-03-09,365.9,residential,Florida
2625,2024-03-10,801.3,commercial,New York
2626,2024-03-11,873.7,industrial,Ohio
2627,2024-03-12,314.9,residential,New York
2628,2024-03-13,423.7,residential,California
2629,2024-03-14,659.8,commercial,California
2630,2024-03-15,834.7,industrial,Ohio
2631,2024-03-16,271.5,residential,Illinois
2632,2024-03-17,688.1,commercial,New York
2633,2024-03-18,380.8,residential,Illinois
2634,2024-03-19,909.6,industrial,Illinois
2635,2024-03-20,639.1,commercial,Ohio
2636,2024-03-21,404.0,residential,California
2637,2024-03-22,886.7,industrial,Illinois
2638,2024-03-23,747.0,commercial,California
2639,2024-03-24,832.2,industrial,Georgia
2640,2024-03-25,437.0,residential,Ohio
2641,2024-03-26,844.0,industrial,Ohio
2642,2024-03-27,317.8,residential,Florida
2643,2024-03-28,635.1,commercial,Georgia
2644,2024-03-29,326.9,residential,California
2645,2024-03-30,575.1,commercial,Ohio
2646,2024-03-31,854.0,industrial,Georgia
2647,2024-04-01,270.0,residential,New York
2648,2024-04-02,440.7,residential,Ohio
2649,2024-04-03,884.7,industrial,California
2650,2024-04-04,667.7,commercial,New York
2651,2024-04-05,306.9,residential,Florida
2652,2024-04-06,852.5,industrial,California
2653,2024-04-07,1038.7,industrial,California
2654,2024-04-08,531.4,commercial,Florida
2655,2024-04-09,814.7,commercial,Florida
2656,2024-04-10,138.0,residential,California
2657,2024-04-11,746.2,commercial,Ohio
2658,2024-04-12,737.3,commercial,Georgia
2659,2024-04-13,401.3,residential,Ohio
2660,2024-04-14,727.0,commercial,Florida
2661,2024-04-15,809.2,industrial,Florida
2662,2024-04-16,294.1,residential,California
2663,2024-04-17,661.8,commercial,Texas
2664,2024-04-18,650.6,commercial,Florida
2665,2024-04-19,676.9,commercial,California
2666,2024-04-20,455.9,residential,Ohio
2667,2024-04-21,729.9,commercial,Illinois
2668,2024-04-22,624.7,commercial,New York
2669,2024-04-23,476.9,residential,Georgia
2670,2024-04-24,325.8,residential,Florida
2671,2024-04-25,962.3,industrial,California
2672,2024-04-26,554.0,commercial,Ohio
2673,2024-04-27,700.4,commercial,Ohio
2674,2024-04-28,948.1,industrial,New York
2675,2024-04-29,928.7,industrial,Illinois
2676,2024-04-30,463.0,residential,Illinois
2677,2024-05-01,923.5,industrial,Ohio
2678,2024-05-02,989.6,industrial,Ohio
2679,2024-05-03,375.8,residential,Florida
2680,2024-05-04,440.0,residential,New York
2681,2024-05-05,964.4,industrial,Texas
2682,2024-05-06,438.7,residential,Ohio
2683,2024-05-07,440.4,residential,Georgia
2684,2024-05-08,848.0,industrial,California
2685,2024-05-09,419.3,residential,Texas
2686,2024-05-10,750.3,industrial,California
2687,2024-05-11,345.3,residential,Illinois
2688,2024-05-12,387.0,residential,California
2689,2024-05-13,395.4,residential,Georgia
2690,2024-05-14,582.5,commercial,Illinois
2691,2024-05-15,913.0,industrial,Florida
2692,2024-05-16,649.1,commercial,Georgia
2693,2024-05-17,1054.2,industrial,Illinois
2694,2024-05-18,410.6,residential,Florida
2695,2024-05-19,676.9,commercial,California
2696,2024-05-20,904.9,industrial,Ohio
2697,2024-05-21,634.1,commercial,Ohio
2698,2024-05-22,747.1,commercial,California
2699,2024-05-23,1019.8,industrial,Ohio
2700,2024-05-24,663.3,commercial,Florida
2701,2024-05-25,876.5,industrial,Illinois
2702,2024-05-26,392.0,residential,Texas
2703,2024-05-27,659.2,commercial,California
2704,2024-05-28,581.4,commercial,New York
2705,2024-05-29,655.5,commercial,Georgia
2706,2024-05-30,919.0,industrial,Ohio
2707,2024-05-31,860.8,industrial,California
2708,2024-06-01,923.7,industrial,Texas
2709,2024-06-02,598.3,commercial,Texas
2710,2024-06-03,612.8,commercial,California
2711,2024-06-04,898.0,industrial,Illinois
2712,2024-06-05,417.0,residential,Florida
2713,2024-06-06,774.9,commercial,Florida
2714,2024-06-07,863.7,industrial,Texas
2715,2024-06-08,784.8,industrial,Texas
2716,2024-06-09,676.7,commercial,Georgia
2717,2024-06-10,409.9,residential,Ohio
2718,2024-06-11,665.3,commercial,Georgia
2719,2024-06-12,932.1,industrial,Ohio
2720,2024-06-13,386.0,residential,New York
2721,2024-06-14,674.2,commercial,Florida
2722,2024-06-15,479.3,residential,Florida
2723,2024-06-16,452.1,residential,Ohio
2724,2024-06-17,932.5,industrial,New York
2725,2024-06-18,611.8,commercial,New York
2726,2024-06-19,300.8,residential,Illinois
2727,2024-06-20,390.5,residential,New York
2728,2024-06-21,736.5,commercial,Ohio
2729,2024-06-22,860.0,industrial,Illinois
2730,2024-06-23,310.4,residential,Illinois
2731,2024-06-24,588.5,commercial,Ohio
2732,2024-06-25,599.8,commercial,Texas
2733,2024-06-26,533.4,commercial,Georgia
2734,2024-06-27,360.0,residential,New York
2735,2024-06-28,802.8,industrial,California
2736,2024-06-29,307.3,residential,Florida
2737,2024-06-30,941.9,industrial,California
2738,2024-07-01,726.7,commercial,New York
2739,2024-07-02,394.6,residential,Georgia
2740,2024-07-03,968.1,industrial,Illinois
2741,2024-07-04,1019.5,industrial,Ohio
2742,2024-07-05,434.1,residential,California
2743,2024-07-06,704.6,commercial,Illinois
2744,2024-07-07,496.9,commercial,Illinois
2745,2024-07-08,427.2,residential,New York
2746,2024-07-09,910.6,industrial,California
2747,2024-07-10,1009.3,industrial,Ohio
2748,2024-07-11,462.1,residential,California
2749,2024-07-12,636.5,commercial,Illinois
2750,2024-07-13,403.0,residential,California
2751,2024-07-14,767.7,commercial,New York
2752,2024-07-15,870.6,industrial,Georgia
2753,2024-07-16,913.4,industrial,Ohio
2754,2024-07-17,945.7,industrial,California
2755,2024-07-18,365.4,residential,Georgia
2756,2024-07-19,331.0,residential,California
2757,2024-07-20,460.1,residential,Florida
2758,2024-07-21,787.1,industrial,California
2759,2024-07-22,933.5,industrial,Ohio
2760,2024-07-23,413.4,residential,Texas
2761,2024-07-24,287.2,residential,Georgia
2762,2024-07-25,360.3,residential,California
2763,2024-07-26,876.6,industrial,California
2764,2024-07-27,432.9,residential,Illinois
2765,2024-07-28,453.8,residential,Illinois
2766,2024-07-29,485.8,residential,California
2767,2024-07-30,819.2,industrial,Florida
2768,2024-07-31,657.1,commercial,Florida
2769,2024-08-01,668.1,commercial,Ohio
2770,2024-08-02,701.3,commercial,California
2771,2024-08-03,883.1,industrial,Illinois
2772,2024-08-04,859.1,industrial,California
2773,2024-08-05,394.1,residential,New York
2774,2024-08-06,877.1,industrial,Ohio
2775,2024-08-07,463.4,residential,Ohio
2776,2024-08-08,932.0,industrial,Texas
2777,2024-08-09,867.9,industrial,Texas
2778,2024-08-10,330.9,residential,California
2779,2024-08-11,495.6,residential,Georgia
2780,2024-08-12,319.6,residential,Ohio
2781,2024-08-13,403.9,residential,New York
2782,2024-08-14,632.0,commercial,Georgia
2783,2024-08-15,578.3,commercial,Texas
2784,2024-08-16,959.6,industrial,New York
2785,2024-08-17,693.0,commercial,Georgia
2786,2024-08-18,949.8,industrial,Georgia
2787,2024-08-19,438.5,residential,Texas
2788,2024-08-20,573.3,commercial,Texas
2789,2024-08-21,662.1,commercial,New York
2790,2024-08-22,437.2,residential,New York
2791,2024-08-23,622.4,commercial,Georgia
2792,2024-08-24,891.0,industrial,Florida
2793,2024-08-25,608.4,commercial,Texas
2794,2024-08-26,383.6,residential,New York
2795,2024-08-27,552.9,commercial,New York
2796,2024-08-28,454.9,residential,California
2797,2024-08-29,634.8,commercial,New York
2798,2024-08-30,384.9,residential,Illinois
2799,2024-08-31,950.0,industrial,Texas
2800,2024-09-01,912.1,industrial,Texas
2801,2024-09-02,434.2,residential,New York
2802,2024-09-03,819.5,industrial,New York
2803,2024-09-04,863.9,industrial,Ohio
2804,2024-09-05,619.5,commercial,New York
2805,2024-09-06,310.4,residential,New York
2806,2024-09-07,485.5,commercial,California
2807,2024-09-08,403.2,residential,Ohio
2808,2024-09-09,689.8,commercial,California
2809,2024-09-10,297.2,residential,New York
2810,2024-09-11,617.0,commercial,Texas
2811,2024-09-12,803.7,industrial,New York
2812,2024-09-13,307.0,residential,New York
2813,2024-09-14,875.8,industrial,California
2814,2024-09-15,917.8,industrial,Florida
2815,2024-09-16,563.2,commercial,Illinois
2816,2024-09-17,564.6,commercial,Georgia
2817,2024-09-18,484.4,residential,California
2818,2024-09-19,624.4,commercial,Georgia
2819,2024-09-20,535.7,residential,Texas
2820,2024-09-21,447.8,residential,Georgia
2821,2024-09-22,420.9,residential,Florida
2822,2024-09-23,291.8,residential,Florida
2823,2024-09-24,687.5,commercial,New York
2824,2024-09-25,1010.6,industrial,New York
2825,2024-09-26,580.4,commercial,Florida
2826,2024-09-27,685.6,commercial,Texas
2827,2024-09-28,466.8,residential,Ohio
2828,2024-09-29,316.9,residential,Illinois
2829,2024-09-30,693.3,commercial,Florida
2830,2024-10-01,419.0,residential,Illinois
2831,2024-10-02,948.3,industrial,New York
2832,2024-10-03,835.9,industrial,New York
2833,2024-10-04,465.2,residential,California
2834,2024-10-05,430.1,residential,California
2835,2024-10-06,636.4,commercial,New York
2836,2024-10-07,713.5,commercial,New York
2837,2024-10-08,986.0,industrial,New York
2838,2024-10-09,987.9,industrial,California
2839,2024-10-10,986.4,industrial,New York
2840,2024-10-11,637.9,commercial,New York
2841,2024-10-12,378.6,residential,Illinois
2842,2024-10-13,1008.8,industrial,New York
2843,2024-10-14,612.8,commercial,Florida
2844,2024-10-15,879.1,industrial,Ohio
2845,2024-10-16,838.1,industrial,Florida
2846,2024-10-17,789.8,industrial,Georgia
2847,2024-10-18,724.1,commercial,Georgia
2848,2024-10-19,581.3,commercial,California
2849,2024-10-20,928.2,industrial,Georgia
2850,2024-10-21,989.8,industrial,Ohio
2851,2024-10-22,835.2,industrial,California
2852,2024-10-23,588.4,commercial,California
2853,2024-10-24,392.1,residential,Florida
2854,2024-10-25,893.2,industrial,Illinois
2855,2024-10-26,718.0,commercial,Illinois
2856,2024-10-27,413.1,residential,New York
2857,2024-10-28,837.4,industrial,California
2858,2024-10-29,412.5,residential,Georgia
2859,2024-10-30,820.1,commercial,Ohio
2860,2024-10-31,935.7,industrial,Illinois
2861,2024-11-01,911.3,industrial,Illinois
2862,2024-11-02,1010.0,industrial,Texas
2863,2024-11-03,965.4,industrial,California
2864,2024-11-04,851.2,industrial,Ohio
2865,2024-11-05,624.1,commercial,California
2866,2024-11-06,959.5,industrial,Illinois
2867,2024-11-07,656.0,commercial,California
2868,2024-11-08,365.6,residential,Texas
2869,2024-11-09,1002.0,industrial,Ohio
2870,2024-11-10,408.5,residential,Ohio
2871,2024-11-11,878.0,industrial,Florida
2872,2024-11-12,430.7,residential,Texas
2873,2024-11-13,573.4,commercial,Texas
2874,2024-11-14,645.4,commercial,Florida
2875,2024-11-15,237.3,residential,California
2876,2024-11-16,348.9,residential,Illinois
2877,2024-11-17,644.3,commercial,Georgia
2878,2024-11-18,730.3,commercial,Illinois
2879,2024-11-19,596.4,commercial,New York
2880,2024-11-20,680.2,commercial,California
2881,2024-11-21,893.6,industrial,Illinois
2882,2024-11-22,888.6,industrial,Ohio
2883,2024-11-23,821.2,industrial,Texas
2884,2024-11-24,992.8,industrial,Florida
2885,2024-11-25,592.0,commercial,Georgia
2886,2024-11-26,936.3,industrial,Florida
2887,2024-11-27,617.6,commercial,Florida
2888,2024-11-28,904.5,industrial,Georgia
2889,2024-11-29,883.8,industrial,Ohio
2890,2024-11-30,414.4,residential,California
2891,2024-12-01,889.3,industrial,Georgia
2892,2024-12-02,937.3,industrial,California
2893,2024-12-03,889.9,industrial,New York
2894,2024-12-04,428.4,residential,Georgia
2895,2024-12-05,383.0,residential,Florida
2896,2024-12-06,968.7,industrial,Florida
2897,2024-12-07,934.3,industrial,Illinois
2898,2024-12-08,408.8,residential,Georgia
2899,2024-12-09,948.5,industrial,Florida
2900,2024-12-10,957.7,industrial,Illinois
2901,2024-12-11,507.0,residential,Ohio
2902,2024-12-12,640.9,commercial,Ohio
2903,2024-12-13,362.1,residential,California
2904,2024-12-14,774.5,commercial,New York
2905,2024-12-15,754.2,commercial,California
2906,2024-12-16,647.4,commercial,Florida
2907,2024-12-17,681.2,commercial,Ohio
2908,2024-12-18,653.9,commercial,Georgia
2909,2024-12-19,595.5,commercial,Illinois
2910,2024-12-20,734.7,commercial,Texas
2911,2024-12-21,392.3,residential,Florida
2912,2024-12-22,413.4,residential,Florida
2913,2024-12-23,916.4,industrial,California
2914,2024-12-24,932.8,industrial,California
2915,2024-12-25,342.5,residential,California
2916,2024-12-26,587.9,commercial,Illinois
2917,2024-12-27,450.6,residential,Texas
2918,2024-12-28,500.7,commercial,New York
2919,2024-12-29,406.2,residential,Texas
2920,2024-12-30,531.6,commercial,Georgia
2921,2024-01-01,645.1,commercial,Illinois
2922,2024-01-02,915.7,industrial,Florida
2923,2024-01-03,866.1,industrial,Ohio
2924,2024-01-04,310.1,residential,Georgia
2925,2024-01-05,687.6,commercial,Texas
2926,2024-01-06,902.1,industrial,California
2927,2024-01-07,891.2,industrial,Texas
2928,2024-01-08,404.7,residential,Georgia
2929,2024-01-09,888.0,industrial,California
2930,2024-01-10,673.5,commercial,Florida
2931,2024-01-11,558.1,commercial,Illinois
2932,2024-01-12,709.0,commercial,California
2933,2024-01-13,932.2,industrial,Illinois
2934,2024-01-14,693.7,commercial,Ohio
2935,2024-01-15,659.6,commercial,New York
2936,2024-01-16,560.5,commercial,New York
2937,2024-01-17,348.8,residential,Texas
2938,2024-01-18,671.9,commercial,Illinois
2939,2024-01-19,644.6,commercial,Texas
2940,2024-01-20,374.8,residential,Florida
2941,2024-01-21,866.1,industrial,Ohio
2942,2024-01-22,880.3,industrial,Texas
2943,2024-01-23,584.0,commercial,California
2944,2024-01-24,793.1,industrial,California
2945,2024-01-25,337.4,residential,New York
2946,2024-01-26,332.4,residential,Georgia
2947,2024-01-27,909.7,industrial,New York
2948,2024-01-28,503.0,residential,Texas
2949,2024-01-29,486.0,commercial,Florida
2950,2024-01-30,586.7,commercial,California
2951,2024-01-31,348.4,residential,New York
2952,2024-02-01,409.7,residential,Ohio
2953,2024-02-02,709.1,commercial,New York
2954,2024-02-03,660.8,commercial,Georgia
2955,2024-02-04,391.8,residential,Florida
2956,2024-02-05,680.7,commercial,Illinois
2957,2024-02-06,649.7,commercial,New York
2958,2024-02-07,369.9,residential,Illinois
2959,2024-02-08,402.0,residential,Georgia
2960,2024-02-09,869.0,industrial,Ohio
2961,2024-02-10,939.3,industrial,California
2962,2024-02-11,925.5,industrial,Ohio
2963,2024-02-12,1002.9,industrial,New York
2964,2024-02-13,553.0,commercial,Florida
2965,2024-02-14,480.2,residential,Florida
2966,2024-02-15,477.3,residential,Florida
2967,2024-02-16,376.1,residential,California
2968,2024-02-17,717.2,commercial,Ohio
2969,2024-02-18,946.4,industrial,Georgia
2970,2024-02-19,899.5,industrial,New York
2971,2024-02-20,683.8,commercial,New York
2972,2024-02-21,895.3,industrial,Florida
2973,2024-02-22,635.4,commercial,Illinois
2974,2024-02-23,542.2,commercial,California
2975,2024-02-24,359.6,residential,California
2976,2024-02-25,551.5,commercial,Texas
2977,2024-02-26,552.7,commercial,New York
2978,2024-02-27,382.0,residential,New York
2979,2024-02-28,603.7,commercial,Georgia
2980,2024-02-29,752.1,commercial,Ohio
2981,2024-03-01,921.1,industrial,California
2982,2024-03-02,639.8,commercial,Georgia
2983,2024-03-03,599.7,commercial,Ohio
2984,2024-03-04,384.4,residential,California
2985,2024-03-05,664.7,commercial,Georgia
2986,2024-03-06,940.9,industrial,Georgia
2987,2024-03-07,739.9,commercial,Ohio
2988,2024-03-08,375.2,residential,Texas
2989,2024-03-09,626.2,commercial,Florida
2990,2024-03-10,435.8,residential,New York
2991,2024-03-11,652.2,commercial,Georgia
2992,2024-03-12,386.2,residential,Ohio
2993,2024-03-13,622.9,commercial,Florida
2994,2024-03-14,878.6,industrial,Texas
2995,2024-03-15,960.2,industrial,Texas
2996,2024-03-16,704.1,commercial,California
2997,2024-03-17,371.9,residential,New York
2998,2024-03-18,665.9,commercial,Florida
2999,2024-03-19,608.4,commercial,New York
3000,2024-03-20,958.2,industrial,New York
3001,2024-03-21,933.4,industrial,Texas
3002,2024-03-22,761.1,commercial,California
3003,2024-03-23,295.7,residential,Illinois
3004,2024-03-24,383.3,residential,Georgia
3005,2024-03-25,411.8,residential,Florida
3006,2024-03-26,649.3,commercial,Texas
3007,2024-03-27,841.2,industrial,Ohio
3008,2024-03-28,441.9,residential,Georgia
3009,2024-03-29,942.5,industrial,New York
3010,2024-03-30,344.2,residential,California
3011,2024-03-31,434.0,residential,California
3012,2024-04-01,472.1,residential,Georgia
3013,2024-04-02,656.0,commercial,New York
3014,2024-04-03,938.2,industrial,Georgia
3015,2024-04-04,408.1,residential,Texas
3016,2024-04-05,416.7,residential,Georgia
3017,2024-04-06,451.8,residential,California
3018,2024-04-07,694.1,commercial,Illinois
3019,2024-04-08,877.8,industrial,Florida
3020,2024-04-09,1009.9,industrial,Texas
3021,2024-04-10,897.2,industrial,New York
3022,2024-04-11,907.4,industrial,Florida
3023,2024-04-12,808.5,commercial,Illinois
3024,2024-04-13,691.7,commercial,New York
3025,2024-04-14,358.2,residential,Texas
3026,2024-04-15,784.4,commercial,Texas
3027,2024-04-16,646.1,commercial,Ohio
3028,2024-04-17,240.7,residential,California
3029,2024-04-18,573.6,commercial,California
3030,2024-04-19,365.2,residential,Illinois
3031,2024-04-20,574.1,commercial,Georgia
3032,2024-04-21,390.5,residential,Ohio
3033,2024-04-22,660.3,commercial,California
3034,2024-04-23,416.1,residential,California
3035,2024-04-24,685.7,commercial,Florida
3036,2024-04-25,407.5,residential,California
3037,2024-04-26,772.0,commercial,Texas
3038,2024-04-27,363.4,residential,New York
3039,2024-04-28,676.2,commercial,Ohio
3040,2024-04-29,962.6,industrial,Ohio
3041,2024-04-30,565.0,commercial,Georgia
3042,2024-05-01,947.7,industrial,Illinois
3043,2024-05-02,588.9,commercial,California
3044,2024-05-03,739.6,industrial,Florida
3045,2024-05-04,316.8,residential,Illinois
3046,2024-05-05,385.1,residential,California
3047,2024-05-06,1010.5,industrial,Florida
3048,2024-05-07,428.4,residential,California
3049,2024-05-08,456.8,residential,Georgia
3050,2024-05-09,990.3,industrial,Illinois
3051,2024-05-10,445.1,residential,Texas
3052,2024-05-11,938.5,industrial,California
3053,2024-05-12,861.6,industrial,Georgia
3054,2024-05-13,604.6,commercial,Texas
3055,2024-05-14,603.2,commercial,California
3056,2024-05-15,438.1,residential,Georgia
3057,2024-05-16,639.7,commercial,Texas
3058,2024-05-17,616.9,commercial,Florida
3059,2024-05-18,387.3,residential,Ohio
3060,2024-05-19,932.6,industrial,Illinois
3061,2024-05-20,668.4,commercial,New York
3062,2024-05-21,952.2,industrial,Texas
3063,2024-05-22,920.1,industrial,Georgia
3064,2024-05-23,1023.0,industrial,Ohio
3065,2024-05-24,332.1,residential,Georgia
3066,2024-05-25,714.4,commercial,Georgia
3067,2024-05-26,970.2,industrial,Ohio
3068,2024-05-27,629.5,commercial,Ohio
3069,2024-05-28,684.8,commercial,Illinois
3070,2024-05-29,656.9,commercial,Texas
3071,2024-05-30,656.4,commercial,Florida
3072,2024-05-31,600.5,commercial,Illinois
3073,2024-06-01,285.3,residential,Texas
3074,2024-06-02,877.4,industrial,New York
3075,2024-06-03,918.9,industrial,Illinois
3076,2024-06-04,350.7,residential,Georgia
3077,2024-06-05,401.7,residential,New York
3078,2024-06-06,907.5,industrial,Illinois
3079,2024-06-07,257.5,residential,Illinois
3080,2024-06-08,954.5,industrial,Illinois
3081,2024-06-09,956.0,industrial,Ohio
3082,2024-06-10,791.5,industrial,Georgia
3083,2024-06-11,862.1,industrial,Ohio
3084,2024-06-12,919.2,industrial,New York
3085,2024-06-13,621.8,commercial,Florida
3086,2024-06-14,776.8,industrial,Ohio
3087,2024-06-15,403.1,residential,Georgia
3088,2024-06-16,974.2,industrial,California
3089,2024-06-17,317.9,residential,New York
3090,2024-06-18,660.5,commercial,Illinois
3091,2024-06-19,719.9,commercial,New York
3092,2024-06-20,635.8,commercial,Texas
3093,2024-06-21,737.3,commercial,Texas
3094,2024-06-22,582.1,commercial,Ohio
3095,2024-06-23,476.2,residential,Texas
3096,2024-06-24,639.0,commercial,California
3097,2024-06-25,393.8,residential,New York
3098,2024-06-26,428.8,residential,Ohio
3099,2024-06-27,843.0,industrial,Illinois
3100,2024-06-28,277.0,residential,Georgia
3101,2024-06-29,329.8,residential,California
3102,2024-06-30,280.2,residential,Florida
3103,2024-07-01,334.4,residential,Florida
3104,2024-07-02,980.1,industrial,Illinois
3105,2024-07-03,445.6,residential,California
3106,2024-07-04,390.5,residential,Florida
3107,2024-07-05,417.6,residential,California
3108,2024-07-06,670.8,commercial,New York
3109,2024-07-07,873.3,industrial,Texas
3110,2024-07-08,676.6,commercial,Georgia
3111,2024-07-09,605.3,commercial,Illinois
3112,2024-07-10,462.2,residential,Texas
3113,2024-07-11,904.3,industrial,Florida
3114,2024-07-12,1003.2,industrial,Illinois
3115,2024-07-13,395.0,residential,Texas
3116,2024-07-14,374.9,residential,California
3117,2024-07-15,675.3,commercial,Illinois
3118,2024-07-16,922.4,industrial,Texas
3119,2024-07-17,631.2,commercial,Ohio
3120,2024-07-18,653.7,commercial,California
3121,2024-07-19,603.2,commercial,Georgia
3122,2024-07-20,420.3,residential,Ohio
3123,2024-07-21,505.4,residential,Ohio
3124,2024-07-22,377.9,residential,New York
3125,2024-07-23,908.9,industrial,Georgia
3126,2024-07-24,524.4,commercial,Florida
3127,2024-07-25,397.8,residential,California
3128,2024-07-26,702.8,commercial,New York
3129,2024-07-27,869.5,industrial,Georgia
3130,2024-07-28,890.2,industrial,Ohio
3131,2024-07-29,939.0,industrial,California
3132,2024-07-30,633.0,commercial,New York
3133,2024-07-31,668.3,commercial,Illinois
3134,2024-08-01,880.4,industrial,Georgia
3135,2024-08-02,731.7,commercial,Ohio
3136,2024-08-03,606.1,commercial,New York
3137,2024-08-04,410.7,residential,Illinois
3138,2024-08-05,884.8,industrial,Illinois
3139,2024-08-06,629.4,commercial,New York
3140,2024-08-07,959.2,industrial,Texas
3141,2024-08-08,910.8,industrial,Illinois
3142,2024-08-09,469.3,commercial,Illinois
3143,2024-08-10,872.9,industrial,Texas
3144,2024-08-11,380.4,residential,California
3145,2024-08-12,909.7,industrial,California
3146,2024-08-13,834.4,industrial,Georgia
3147,2024-08-14,776.9,industrial,Illinois
3148,2024-08-15,1005.8,industrial,Illinois
3149,2024-08-16,655.0,commercial,Florida
3150,2024-08-17,548.9,commercial,California
3151,2024-08-18,325.1,residential,Illinois
3152,2024-08-19,273.4,residential,Georgia
3153,2024-08-20,891.2,industrial,Georgia
3154,2024-08-21,928.4,industrial,Florida
3155,2024-08-22,864.3,industrial,Texas
3156,2024-08-23,375.9,residential,New York
3157,2024-08-24,461.2,residential,New York
3158,2024-08-25,639.3,commercial,Texas
3159,2024-08-26,345.9,residential,Florida
3160,2024-08-27,255.4,residential,Ohio
3161,2024-08-28,709.0,commercial,Illinois
3162,2024-08-29,642.5,commercial,Georgia
3163,2024-08-30,1029.3,industrial,Florida
3164,2024-08-31,578.1,commercial,Georgia
3165,2024-09-01,916.6,industrial,Florida
3166,2024-09-02,311.8,residential,Illinois
3167,2024-09-03,384.5,residential,Texas
3168,2024-09-04,441.7,residential,New York
3169,2024-09-05,473.7,residential,Illinois
3170,2024-09-06,1028.7,industrial,Texas
3171,2024-09-07,856.3,industrial,Georgia
3172,2024-09-08,916.4,industrial,Texas
3173,2024-09-09,954.3,industrial,Florida
3174,2024-09-10,404.3,residential,Texas
3175,2024-09-11,610.8,commercial,Florida
3176,2024-09-12,393.6,residential,Georgia
3177,2024-09-13,362.2,residential,Ohio
3178,2024-09-14,597.6,commercial,Illinois
3179,2024-09-15,591.5,commercial,Ohio
3180,2024-09-16,359.3,residential,Ohio
3181,2024-09-17,861.1,industrial,Texas
3182,2024-09-18,837.5,industrial,Illinois
3183,2024-09-19,982.4,industrial,Texas
3184,2024-09-20,629.3,commercial,Illinois
3185,2024-09-21,792.7,industrial,Florida
3186,2024-09-22,934.3,industrial,Texas
3187,2024-09-23,973.6,industrial,Georgia
3188,2024-09-24,687.3,commercial,California
3189,2024-09-25,612.0,commercial,Florida
3190,2024-09-26,756.6,commercial,Florida
3191,2024-09-27,673.9,commercial,Texas
3192,2024-09-28,437.4,residential,Georgia
3193,2024-09-29,901.3,industrial,Illinois
3194,2024-09-30,386.9,residential,Texas
3195,2024-10-01,438.4,residential,Texas
3196,2024-10-02,913.4,industrial,California
3197,2024-10-03,609.4,commercial,New York
3198,2024-10-04,428.4,residential,Florida
3199,2024-10-05,617.7,commercial,Ohio
3200,2024-10-06,1016.0,industrial,Texas
3201,2024-10-07,867.9,industrial,Georgia
3202,2024-10-08,916.1,industrial,Ohio
3203,2024-10-09,826.8,industrial,Georgia
3204,2024-10-10,341.3,residential,Florida
3205,2024-10-11,1036.5,industrial,Georgia
3206,2024-10-12,637.1,commercial,New York
3207,2024-10-13,725.4,commercial,Ohio
3208,2024-10-14,397.6,residential,Georgia
3209,2024-10-15,352.3,residential,New York
3210,2024-10-16,628.0,commercial,New York
3211,2024-10-17,931.9,industrial,Georgia
3212,2024-10-18,904.3,industrial,New York
3213,2024-10-19,430.1,residential,California
3214,2024-10-20,480.6,commercial,Texas
3215,2024-10-21,470.6,residential,New York
3216,2024-10-22,561.5,commercial,Illinois
3217,2024-10-23,465.1,residential,California
3218,2024-10-24,842.3,industrial,Illinois
3219,2024-10-25,396.4,residential,Illinois
3220,2024-10-26,427.9,residential,Florida
3221,2024-10-27,624.3,commercial,California
3222,2024-10-28,927.9,industrial,Illinois
3223,2024-10-29,440.5,residential,Ohio
3224,2024-10-30,429.3,residential,Texas
3225,2024-10-31,648.7,commercial,California
3226,2024-11-01,424.2,residential,New York
3227,2024-11-02,393.2,residential,California
3228,2024-11-03,736.5,commercial,Illinois
3229,2024-11-04,468.6,residential,Florida
3230,2024-11-05,861.1,industrial,Texas
3231,2024-11-06,515.1,residential,Georgia
3232,2024-11-07,567.4,commercial,Georgia
3233,2024-11-08,403.4,residential,Texas
3234,2024-11-09,514.1,commercial,California
3235,2024-11-10,367.0,residential,Georgia
3236,2024-11-11,411.5,residential,Texas
3237,2024-11-12,938.9,industrial,Florida
3238,2024-11-13,879.5,industrial,New York
3239,2024-11-14,440.4,residential,California
3240,2024-11-15,447.4,residential,New York
3241,2024-11-16,581.6,residential,Georgia
3242,2024-11-17,641.4,commercial,California
3243,2024-11-18,699.3,commercial,California
3244,2024-11-19,420.8,residential,California
3245,2024-11-20,734.0,commercial,Texas
3246,2024-11-21,660.5,commercial,Ohio
3247,2024-11-22,909.6,industrial,Georgia
3248,2024-11-23,963.4,industrial,New York
3249,2024-11-24,935.0,industrial,New York
3250,2024-11-25,963.6,industrial,New York
3251,2024-11-26,983.0,industrial,New York
3252,2024-11-27,453.9,residential,Illinois
3253,2024-11-28,728.5,commercial,Ohio
3254,2024-11-29,546.2,commercial,Georgia
3255,2024-11-30,266.7,residential,Texas
3256,2024-12-01,364.3,residential,California
3257,2024-12-02,626.6,commercial,Georgia
3258,2024-12-03,864.4,industrial,California
3259,2024-12-04,701.1,commercial,California
3260,2024-12-05,393.2,residential,Georgia
3261,2024-12-06,696.5,commercial,Georgia
3262,2024-12-07,612.3,commercial,Illinois
3263,2024-12-08,398.3,residential,Georgia
3264,2024-12-09,718.9,commercial,New York
3265,2024-12-10,670.3,commercial,Florida
3266,2024-12-11,671.3,commercial,Texas
3267,2024-12-12,285.6,residential,California
3268,2024-12-13,604.9,commercial,Illinois
3269,2024-12-14,364.8,residential,Ohio
3270,2024-12-15,624.0,commercial,Ohio
3271,2024-12-16,521.0,residential,New York
3272,2024-12-17,397.3,residential,New York
3273,2024-12-18,465.4,residential,California
3274,2024-12-19,726.3,commercial,Florida
3275,2024-12-20,670.1,commercial,Ohio
3276,2024-12-21,618.6,commercial,Ohio
3277,2024-12-22,540.3,commercial,Ohio
3278,2024-12-23,386.6,residential,Georgia
3279,2024-12-24,427.9,residential,Texas
3280,2024-12-25,579.0,commercial,Florida
3281,2024-12-26,358.2,residential,California
3282,2024-12-27,657.2,commercial,Illinois
3283,2024-12-28,608.5,commercial,Illinois
3284,2024-12-29,349.7,residential,Florida
3285,2024-12-30,727.4,commercial,Ohio
3286,2024-01-01,800.4,industrial,Georgia
3287,2024-01-02,630.0,commercial,Illinois
3288,2024-01-03,624.0,commercial,Georgia
3289,2024-01-04,469.0,residential,Florida
3290,2024-01-05,687.9,commercial,Georgia
3291,2024-01-06,697.9,commercial,New York
3292,2024-01-07,303.4,residential,Illinois
3293,2024-01-08,661.0,commercial,Illinois
3294,2024-01-09,800.5,industrial,Georgia
3295,2024-01-10,356.4,residential,Illinois
3296,2024-01-11,382.9,residential,Illinois
3297,2024-01-12,538.0,commercial,California
3298,2024-01-13,572.7,commercial,Georgia
3299,2024-01-14,342.0,residential,New York
3300,2024-01-15,951.9,industrial,New York
3301,2024-01-16,655.8,commercial,Texas
3302,2024-01-17,632.2,commercial,Florida
3303,2024-01-18,944.4,industrial,New York
3304,2024-01-19,615.2,commercial,California
3305,2024-01-20,362.1,residential,Georgia
3306,2024-01-21,433.9,residential,California
3307,2024-01-22,559.2,commercial,Illinois
3308,2024-01-23,624.4,commercial,Ohio
3309,2024-01-24,655.2,commercial,Ohio
3310,2024-01-25,863.6,industrial,California
3311,2024-01-26,615.2,commercial,Texas
3312,2024-01-27,889.4,industrial,Georgia
3313,2024-01-28,987.9,industrial,Georgia
3314,2024-01-29,327.0,residential,Illinois
3315,2024-01-30,897.5,industrial,Georgia
3316,2024-01-31,262.9,residential,Georgia
3317,2024-02-01,380.4,residential,California
3318,2024-02-02,956.4,industrial,New York
3319,2024-02-03,397.9,residential,New York
3320,2024-02-04,622.8,commercial,New York
3321,2024-02-05,662.9,commercial,New York
3322,2024-02-06,670.8,commercial,Ohio
3323,2024-02-07,481.5,residential,Georgia
3324,2024-02-08,888.1,industrial,Georgia
3325,2024-02-09,545.4,commercial,Florida
3326,2024-02-10,362.8,residential,Texas
3327,2024-02-11,751.8,industrial,Ohio
3328,2024-02-12,894.8,industrial,Illinois
3329,2024-02-13,608.9,commercial,California
3330,2024-02-14,605.8,commercial,Ohio
3331,2024-02-15,409.1,residential,California
3332,2024-02-16,699.2,commercial,Florida
3333,2024-02-17,522.2,residential,California
3334,2024-02-18,1036.0,industrial,Georgia
3335,2024-02-19,950.4,industrial,Ohio
3336,2024-02-20,842.3,industrial,Texas
3337,2024-02-21,687.0,commercial,California
3338,2024-02-22,625.4,commercial,Texas
3339,2024-02-23,559.3,residential,California
3340,2024-02-24,471.1,residential,New York
3341,2024-02-25,387.3,residential,Texas
3342,2024-02-26,460.1,residential,California
3343,2024-02-27,274.1,residential,New York
3344,2024-02-28,339.8,residential,Georgia
3345,2024-02-29,617.7,commercial,Texas
3346,2024-03-01,902.7,industrial,Florida
3347,2024-03-02,684.6,commercial,California
3348,2024-03-03,1043.5,industrial,Florida
3349,2024-03-04,877.4,industrial,California
3350,2024-03-05,361.9,residential,Illinois
3351,2024-03-06,929.2,industrial,New York
3352,2024-03-07,936.6,industrial,Texas
3353,2024-03-08,534.0,residential,New York
3354,2024-03-09,536.1,commercial,Texas
3355,2024-03-10,633.9,commercial,Ohio
3356,2024-03-11,685.1,commercial,New York
3357,2024-03-12,419.6,residential,Ohio
3358,2024-03-13,1011.7,industrial,Ohio
3359,2024-03-14,662.2,commercial,Texas
3360,2024-03-15,364.5,residential,Texas
3361,2024-03-16,341.2,residential,Florida
3362,2024-03-17,610.0,commercial,New York
3363,2024-03-18,876.9,industrial,Illinois
3364,2024-03-19,454.8,residential,Florida
3365,2024-03-20,929.5,industrial,New York
3366,2024-03-21,684.7,commercial,Texas
3367,2024-03-22,348.8,residential,Ohio
3368,2024-03-23,461.2,residential,Ohio
3369,2024-03-24,707.5,commercial,New York
3370,2024-03-25,476.3,residential,Georgia
3371,2024-03-26,846.1,industrial,Ohio
3372,2024-03-27,931.7,industrial,Florida
3373,2024-03-28,337.9,residential,New York
3374,2024-03-29,675.8,commercial,New York
3375,2024-03-30,480.7,residential,Georgia
3376,2024-03-31,342.6,residential,Texas
3377,2024-04-01,968.4,industrial,Florida
3378,2024-04-02,331.3,residential,Georgia
3379,2024-04-03,665.1,commercial,Ohio
3380,2024-04-04,819.4,industrial,Texas
3381,2024-04-05,708.4,commercial,Illinois
3382,2024-04-06,385.5,residential,Illinois
3383,2024-04-07,638.0,commercial,Texas
3384,2024-04-08,316.7,residential,Georgia
3385,2024-04-09,927.9,industrial,Illinois
3386,2024-04-10,956.7,industrial,California
3387,2024-04-11,365.4,residential,Illinois
3388,2024-04-12,440.7,residential,Florida
3389,2024-04-13,965.4,industrial,New York
3390,2024-04-14,666.9,commercial,California
3391,2024-04-15,356.9,residential,California
3392,2024-04-16,717.1,commercial,Texas
3393,2024-04-17,331.2,residential,Ohio
3394,2024-04-18,604.1,commercial,Florida
3395,2024-04-19,823.8,industrial,Florida
3396,2024-04-20,904.1,industrial,Florida
3397,2024-04-21,436.0,residential,Florida
3398,2024-04-22,864.9,industrial,New York
3399,2024-04-23,837.9,industrial,Texas
3400,2024-04-24,789.7,industrial,Texas
3401,2024-04-25,563.0,commercial,Georgia
3402,2024-04-26,756.0,commercial,New York
3403,2024-04-27,382.8,residential,Texas
3404,2024-04-28,962.3,industrial,California
3405,2024-04-29,697.3,commercial,Illinois
3406,2024-04-30,968.0,industrial,Ohio
3407,2024-05-01,777.6,industrial,Florida
3408,2024-05-02,348.2,residential,Texas
3409,2024-05-03,648.0,commercial,Ohio
3410,2024-05-04,637.6,commercial,Georgia
3411,2024-05-05,595.3,commercial,Illinois
3412,2024-05-06,745.0,commercial,Texas
3413,2024-05-07,496.0,residential,Florida
3414,2024-05-08,687.8,commercial,Georgia
3415,2024-05-09,758.0,industrial,Illinois
3416,2024-05-10,875.6,industrial,Illinois
3417,2024-05-11,365.2,residential,Florida
3418,2024-05-12,609.3,commercial,New York
3419,2024-05-13,993.7,industrial,Florida
3420,2024-05-14,789.3,industrial,New York
3421,2024-05-15,715.8,commercial,Florida
3422,2024-05-16,875.5,industrial,Ohio
3423,2024-05-17,846.1,industrial,Georgia
3424,2024-05-18,676.9,commercial,Texas
3425,2024-05-19,581.2,commercial,Florida
3426,2024-05-20,922.2,industrial,New York
3427,2024-05-21,781.0,industrial,Ohio
3428,2024-05-22,695.9,commercial,Illinois
3429,2024-05-23,484.1,residential,Florida
3430,2024-05-24,843.2,industrial,New York
3431,2024-05-25,422.6,residential,Illinois
3432,2024-05-26,383.9,residential,Florida
3433,2024-05-27,645.5,commercial,Texas
3434,2024-05-28,691.1,commercial,California
3435,2024-05-29,580.8,commercial,California
3436,2024-05-30,375.2,residential,California
3437,2024-05-31,419.2,residential,Texas
3438,2024-06-01,703.6,commercial,Georgia
3439,2024-06-02,412.4,residential,New York
3440,2024-06-03,644.5,commercial,Ohio
3441,2024-06-04,481.1,residential,Illinois
3442,2024-06-05,903.6,industrial,California
3443,2024-06-06,379.3,residential,California
3444,2024-06-07,964.9,industrial,Illinois
3445,2024-06-08,660.1,commercial,Ohio
3446,2024-06-09,875.9,industrial,Texas
3447,2024-06-10,1030.0,industrial,Texas
3448,2024-06-11,777.8,industrial,Ohio
3449,2024-06-12,851.5,industrial,Illinois
3450,2024-06-13,762.3,industrial,Ohio
3451,2024-06-14,952.8,industrial,California
3452,2024-06-15,432.5,residential,Georgia
3453,2024-06-16,382.7,residential,Florida
3454,2024-06-17,989.2,industrial,Georgia
3455,2024-06-18,670.9,commercial,California
3456,2024-06-19,649.1,commercial,Illinois
3457,2024-06-20,716.1,commercial,Florida
3458,2024-06-21,564.6,commercial,Texas
3459,2024-06-22,313.8,residential,Texas
3460,2024-06-23,661.7,commercial,Georgia
3461,2024-06-24,551.9,commercial,Florida
3462,2024-06-25,617.3,commercial,Georgia
3463,2024-06-26,455.2,residential,New York
3464,2024-06-27,426.6,residential,Georgia
3465,2024-06-28,430.7,residential,Georgia
3466,2024-06-29,238.5,residential,New York
3467,2024-06-30,826.3,industrial,Georgia
3468,2024-07-01,417.5,residential,Florida
3469,2024-07-02,405.3,residential,Ohio
3470,2024-07-03,989.8,industrial,Illinois
3471,2024-07-04,264.8,residential,Illinois
3472,2024-07-05,968.6,industrial,Illinois
3473,2024-07-06,914.4,industrial,Texas
3474,2024-07-07,684.2,commercial,New York
3475,2024-07-08,929.1,industrial,Ohio
3476,2024-07-09,819.1,industrial,Illinois
3477,2024-07-10,953.9,industrial,Florida
3478,2024-07-11,637.7,commercial,Texas
3479,2024-07-12,603.8,commercial,Georgia
3480,2024-07-13,849.7,industrial,Florida
3481,2024-07-14,978.9,industrial,New York
3482,2024-07-15,686.6,commercial,Illinois
3483,2024-07-16,420.6,residential,Florida
3484,2024-07-17,871.1,industrial,Georgia
3485,2024-07-18,947.9,industrial,New York
3486,2024-07-19,744.8,commercial,Texas
3487,2024-07-20,989.0,industrial,Ohio
3488,2024-07-21,475.7,residential,Texas
3489,2024-07-22,980.6,industrial,Texas
3490,2024-07-23,701.6,commercial,Ohio
3491,2024-07-24,950.0,industrial,California
3492,2024-07-25,305.0,residential,New York
3493,2024-07-26,1019.1,industrial,Georgia
3494,2024-07-27,400.9,residential,New York
3495,2024-07-28,690.7,commercial,Illinois
3496,2024-07-29,632.7,commercial,Georgia
3497,2024-07-30,438.3,residential,Ohio
3498,2024-07-31,837.0,industrial,New York
3499,2024-08-01,410.5,residential,New York
3500,2024-08-02,376.4,residential,Illinois
3501,2024-08-03,654.5,commercial,New York
3502,2024-08-04,913.4,industrial,New York
3503,2024-08-05,837.1,industrial,Georgia
3504,2024-08-06,678.3,commercial,California
3505,2024-08-07,657.5,commercial,Texas
3506,2024-08-08,319.8,residential,Georgia
3507,2024-08-09,1012.2,industrial,Georgia
3508,2024-08-10,303.1,residential,Texas
3509,2024-08-11,553.1,commercial,Ohio
3510,2024-08-12,540.5,commercial,Texas
3511,2024-08-13,863.4,industrial,Illinois
3512,2024-08-14,634.1,commercial,Illinois
3513,2024-08-15,530.3,commercial,Illinois
3514,2024-08-16,410.4,residential,California
3515,2024-08-17,919.3,industrial,Texas
3516,2024-08-18,429.3,residential,Florida
3517,2024-08-19,924.1,industrial,Illinois
3518,2024-08-20,422.1,residential,Illinois
3519,2024-08-21,428.4,residential,Texas
3520,2024-08-22,459.4,residential,Texas
3521,2024-08-23,984.8,industrial,Ohio
3522,2024-08-24,815.9,industrial,California
3523,2024-08-25,682.3,commercial,Texas
3524,2024-08-26,688.3,commercial,Georgia
3525,2024-08-27,599.5,commercial,New York
3526,2024-08-28,414.0,residential,Georgia
3527,2024-08-29,940.6,industrial,California
3528,2024-08-30,286.2,residential,New York
3529,2024-08-31,925.9,industrial,California
3530,2024-09-01,900.9,industrial,Florida
3531,2024-09-02,937.1,industrial,Ohio
3532,2024-09-03,600.9,commercial,California
3533,2024-09-04,883.0,industrial,Illinois
3534,2024-09-05,887.3,industrial,Florida
3535,2024-09-06,674.7,commercial,New York
3536,2024-09-07,840.6,industrial,Ohio
3537,2024-09-08,402.2,residential,California
3538,2024-09-09,898.6,industrial,California
3539,2024-09-10,402.0,residential,California
3540,2024-09-11,883.1,industrial,Texas
3541,2024-09-12,420.3,residential,Ohio
3542,2024-09-13,586.8,commercial,New York
3543,2024-09-14,665.8,commercial,Georgia
3544,2024-09-15,991.9,industrial,Texas
3545,2024-09-16,670.8,commercial,Texas
3546,2024-09-17,870.7,industrial,Florida
3547,2024-09-18,566.8,commercial,Illinois
3548,2024-09-19,905.8,industrial,New York
3549,2024-09-20,842.2,industrial,Georgia
3550,2024-09-21,624.4,commercial,New York
3551,2024-09-22,421.8,residential,Texas
3552,2024-09-23,672.8,commercial,California
3553,2024-09-24,1000.0,industrial,California
3554,2024-09-25,368.6,residential,Illinois
3555,2024-09-26,435.4,residential,Ohio
3556,2024-09-27,913.2,industrial,Georgia
3557,2024-09-28,1014.6,industrial,Georgia
3558,2024-09-29,451.2,residential,Ohio
3559,2024-09-30,344.3,residential,New York
3560,2024-10-01,889.5,industrial,Florida
3561,2024-10-02,689.3,commercial,Illinois
3562,2024-10-03,402.9,residential,Georgia
3563,2024-10-04,473.3,residential,Texas
3564,2024-10-05,856.4,industrial,Ohio
3565,2024-10-06,798.9,industrial,New York
3566,2024-10-07,691.9,commercial,Illinois
3567,2024-10-08,610.6,commercial,Georgia
3568,2024-10-09,561.8,commercial,Illinois
3569,2024-10-10,645.7,commercial,Texas
3570,2024-10-11,375.8,residential,New York
3571,2024-10-12,345.7,residential,Georgia
3572,2024-10-13,393.5,residential,Texas
3573,2024-10-14,984.8,industrial,Ohio
3574,2024-10-15,482.6,residential,Illinois
3575,2024-10-16,656.1,commercial,California
3576,2024-10-17,923.4,industrial,Illinois
3577,2024-10-18,990.5,industrial,Ohio
3578,2024-10-19,394.9,residential,New York
3579,2024-10-20,930.4,industrial,Texas
3580,2024-10-21,670.3,commercial,California
3581,2024-10-22,475.0,residential,Ohio
3582,2024-10-23,558.0,commercial,Florida
3583,2024-10-24,469.5,residential,Florida
3584,2024-10-25,639.6,commercial,Illinois
3585,2024-10-26,923.9,industrial,California
3586,2024-10-27,927.9,industrial,New York
3587,2024-10-28,794.7,industrial,New York
3588,2024-10-29,363.4,residential,Georgia
3589,2024-10-30,394.8,residential,California
3590,2024-10-31,648.1,commercial,Texas
3591,2024-11-01,410.0,residential,New York
3592,2024-11-02,896.8,industrial,Texas
3593,2024-11-03,898.9,industrial,California
3594,2024-11-04,910.7,industrial,California
3595,2024-11-05,616.7,commercial,Florida
3596,2024-11-06,663.3,commercial,Florida
3597,2024-11-07,897.5,industrial,Florida
3598,2024-11-08,849.8,industrial,California
3599,2024-11-09,355.9,residential,California
3600,2024-11-10,624.1,commercial,California
3601,2024-11-11,882.4,industrial,Florida
3602,2024-11-12,376.8,residential,New York
3603,2024-11-13,607.5,commercial,Texas
3604,2024-11-14,870.1,industrial,Illinois
3605,2024-11-15,446.5,residential,Illinois
3606,2024-11-16,868.6,industrial,Illinois
3607,2024-11-17,394.3,residential,Ohio
3608,2024-11-18,344.4,residential,Ohio
3609,2024-11-19,653.7,commercial,Illinois
3610,2024-11-20,874.9,industrial,Illinois
3611,2024-11-21,915.8,industrial,Illinois
3612,2024-11-22,878.1,industrial,New York
3613,2024-11-23,553.5,residential,Illinois
3614,2024-11-24,334.1,residential,Illinois
3615,2024-11-25,380.0,residential,Texas
3616,2024-11-26,661.3,commercial,Illinois
3617,2024-11-27,287.1,residential,Georgia
3618,2024-11-28,662.0,commercial,Illinois
3619,2024-11-29,375.6,residential,Illinois
3620,2024-11-30,653.9,commercial,Florida
3621,2024-12-01,666.8,commercial,Ohio
3622,2024-12-02,361.2,residential,Florida
3623,2024-12-03,629.4,commercial,Ohio
3624,2024-12-04,966.5,industrial,Florida
3625,2024-12-05,861.7,industrial,Ohio
3626,2024-12-06,436.2,residential,New York
3627,2024-12-07,353.1,residential,Georgia
3628,2024-12-08,474.6,residential,Florida
3629,2024-12-09,861.7,industrial,Georgia
3630,2024-12-10,368.7,residential,Illinois
3631,2024-12-11,711.3,commercial,California
3632,2024-12-12,637.7,commercial,California
3633,2024-12-13,771.0,commercial,Illinois
3634,2024-12-14,295.0,residential,Georgia
3635,2024-12-15,790.0,industrial,New York
3636,2024-12-16,844.5,industrial,Texas
3637,2024-12-17,549.0,residential,California
3638,2024-12-18,612.6,commercial,California
3639,2024-12-19,794.4,industrial,Texas
3640,2024-12-20,964.3,industrial,Florida
3641,2024-12-21,331.7,residential,Florida
3642,2024-12-22,969.5,industrial,Illinois
3643,2024-12-23,942.7,industrial,New York
3644,2024-12-24,701.5,commercial,Texas
3645,2024-12-25,490.4,residential,Georgia
3646,2024-12-26,966.3,industrial,Texas
3647,2024-12-27,406.0,residential,Texas
3648,2024-12-28,530.6,commercial,California
3649,2024-12-29,533.1,commercial,Ohio
3650,2024-12-30,466.2,residential,New York
3651,2024-01-01,500.3,residential,Ohio
3652,2024-01-02,373.1,residential,Texas
3653,2024-01-03,306.6,residential,Illinois
3654,2024-01-04,372.0,residential,New York
3655,2024-01-05,633.0,commercial,Ohio
3656,2024-01-06,620.1,commercial,Texas
3657,2024-01-07,561.0,commercial,Florida
3658,2024-01-08,389.1,residential,Georgia
3659,2024-01-09,908.7,industrial,Georgia
3660,2024-01-10,659.6,commercial,Ohio
3661,2024-01-11,663.4,commercial,Texas
3662,2024-01-12,833.8,industrial,New York
3663,2024-01-13,882.7,industrial,Texas
3664,2024-01-14,668.1,commercial,Ohio
3665,2024-01-15,507.4,commercial,Illinois
3666,2024-01-16,931.8,industrial,New York
3667,2024-01-17,644.6,commercial,Illinois
3668,2024-01-18,538.8,commercial,New York
3669,2024-01-19,968.0,industrial,Illinois
3670,2024-01-20,620.9,commercial,Ohio
3671,2024-01-21,851.0,industrial,Ohio
3672,2024-01-22,830.0,industrial,Florida
3673,2024-01-23,564.3,commercial,California
3674,2024-01-24,518.6,commercial,Florida
3675,2024-01-25,346.2,residential,California
3676,2024-01-26,984.5,industrial,Georgia
3677,2024-01-27,424.6,residential,Ohio
3678,2024-01-28,977.5,industrial,Georgia
3679,2024-01-29,906.1,industrial,Illinois
3680,2024-01-30,457.5,residential,Texas
3681,2024-01-31,952.9,industrial,Ohio
3682,2024-02-01,370.3,residential,Texas
3683,2024-02-02,739.7,commercial,California
3684,2024-02-03,887.4,industrial,Ohio
3685,2024-02-04,598.7,commercial,California
3686,2024-02-05,655.1,commercial,Texas
3687,2024-02-06,601.7,commercial,New York
3688,2024-02-07,743.4,commercial,Illinois
3689,2024-02-08,418.7,residential,Ohio
3690,2024-02-09,410.6,residential,Georgia
3691,2024-02-10,378.7,residential,Florida
3692,2024-02-11,623.1,commercial,Illinois
3693,2024-02-12,597.5,commercial,New York
3694,2024-02-13,653.3,commercial,Georgia
3695,2024-02-14,575.8,commercial,New York
3696,2024-02-15,657.3,commercial,California
3697,2024-02-16,677.6,commercial,Ohio
3698,2024-02-17,442.8,residential,New York
3699,2024-02-18,337.8,residential,Florida
3700,2024-02-19,912.2,industrial,Georgia
3701,2024-02-20,702.1,commercial,Illinois
3702,2024-02-21,342.9,residential,Georgia
3703,2024-02-22,727.6,commercial,California
3704,2024-02-23,826.5,industrial,Illinois
3705,2024-02-24,763.0,industrial,Ohio
3706,2024-02-25,936.4,industrial,Ohio
3707,2024-02-26,901.3,industrial,New York
3708,2024-02-27,535.1,residential,New York
3709,2024-02-28,366.4,residential,California
3710,2024-02-29,929.0,industrial,Texas
3711,2024-03-01,739.1,commercial,Illinois
3712,2024-03-02,882.2,industrial,Texas
3713,2024-03-03,598.8,commercial,New York
3714,2024-03-04,999.2,industrial,California
3715,2024-03-05,350.1,residential,Florida
3716,2024-03-06,676.2,commercial,Ohio
3717,2024-03-07,1034.8,industrial,Georgia
3718,2024-03-08,981.4,industrial,California
3719,2024-03-09,635.6,commercial,Ohio
3720,2024-03-10,633.5,commercial,Florida
3721,2024-03-11,1016.1,industrial,California
3722,2024-03-12,711.1,commercial,Ohio
3723,2024-03-13,842.1,industrial,Texas
3724,2024-03-14,373.5,residential,Georgia
3725,2024-03-15,825.0,industrial,Florida
3726,2024-03-16,867.8,industrial,Ohio
3727,2024-03-17,890.2,industrial,New York
3728,2024-03-18,942.9,industrial,Ohio
3729,2024-03-19,952.3,industrial,Georgia
3730,2024-03-20,436.8,residential,Ohio
3731,2024-03-21,689.7,commercial,Florida
3732,2024-03-22,448.9,residential,California
3733,2024-03-23,904.4,industrial,Ohio
3734,2024-03-24,493.4,residential,Texas
3735,2024-03-25,574.1,commercial,Florida
3736,2024-03-26,398.1,residential,California
3737,2024-03-27,596.9,commercial,Illinois
3738,2024-03-28,580.4,commercial,New York
3739,2024-03-29,672.6,commercial,Ohio
3740,2024-03-30,845.0,industrial,Georgia
3741,2024-03-31,393.8,residential,New York
3742,2024-04-01,656.3,commercial,Ohio
3743,2024-04-02,645.1,commercial,New York
3744,2024-04-03,916.1,industrial,New York
3745,2024-04-04,728.0,commercial,Texas
3746,2024-04-05,504.9,residential,Texas
3747,2024-04-06,684.3,commercial,Illinois
3748,2024-04-07,645.0,commercial,New York
3749,2024-04-08,914.3,industrial,New York
3750,2024-04-09,404.8,residential,Georgia
3751,2024-04-10,575.4,commercial,Georgia
3752,2024-04-11,760.7,commercial,New York
3753,2024-04-12,404.1,residential,Ohio
3754,2024-04-13,409.2,residential,New York
3755,2024-04-14,928.5,industrial,Georgia
3756,2024-04-15,383.5,residential,New York
3757,2024-04-16,728.1,commercial,New York
3758,2024-04-17,644.2,commercial,Ohio
3759,2024-04-18,449.4,residential,Georgia
3760,2024-04-19,427.1,residential,Ohio
3761,2024-04-20,814.8,industrial,New York
3762,2024-04-21,847.8,industrial,Texas
3763,2024-04-22,835.0,industrial,Illinois
3764,2024-04-23,828.0,industrial,New York
3765,2024-04-24,908.6,industrial,Ohio
3766,2024-04-25,914.8,industrial,Illinois
3767,2024-04-26,375.0,residential,Illinois
3768,2024-04-27,775.3,industrial,Texas
3769,2024-04-28,915.7,industrial,Georgia
3770,2024-04-29,875.1,industrial,Texas
3771,2024-04-30,654.6,commercial,Illinois
3772,2024-05-01,429.0,residential,Florida
3773,2024-05-02,832.5,industrial,Florida
3774,2024-05-03,848.1,industrial,New York
3775,2024-05-04,592.2,commercial,Ohio
3776,2024-05-05,395.4,residential,Illinois
3777,2024-05-06,871.1,industrial,California
3778,2024-05-07,676.9,commercial,Texas
3779,2024-05-08,884.7,industrial,Florida
3780,2024-05-09,815.3,industrial,California
3781,2024-05-10,918.9,industrial,Texas
3782,2024-05-11,628.6,commercial,Georgia
3783,2024-05-12,471.7,residential,Texas
3784,2024-05-13,419.3,residential,California
3785,2024-05-14,910.7,industrial,Florida
3786,2024-05-15,1078.1,industrial,Ohio
3787,2024-05-16,711.5,commercial,Illinois
3788,2024-05-17,439.1,residential,New York
3789,2024-05-18,835.6,industrial,California
3790,2024-05-19,902.9,industrial,Ohio
3791,2024-05-20,698.4,commercial,Georgia
3792,2024-05-21,850.6,industrial,Florida
3793,2024-05-22,670.7,commercial,Georgia
3794,2024-05-23,878.5,industrial,Georgia
3795,2024-05-24,611.0,commercial,Ohio
3796,2024-05-25,710.6,commercial,Florida
3797,2024-05-26,701.6,commercial,Ohio
3798,2024-05-27,790.8,industrial,Ohio
3799,2024-05-28,369.1,residential,Texas
3800,2024-05-29,604.3,commercial,New York
3801,2024-05-30,645.9,commercial,Texas
3802,2024-05-31,952.3,industrial,Georgia
3803,2024-06-01,872.5,industrial,New York
3804,2024-06-02,401.6,residential,Georgia
3805,2024-06-03,449.7,residential,New York
3806,2024-06-04,372.6,residential,Ohio
3807,2024-06-05,741.7,commercial,Georgia
3808,2024-06-06,610.7,commercial,Florida
3809,2024-06-07,671.3,commercial,Texas
3810,2024-06-08,1003.9,industrial,Florida
3811,2024-06-09,274.6,residential,Florida
3812,2024-06-10,621.5,commercial,New York
3813,2024-06-11,219.2,residential,New York
3814,2024-06-12,429.8,residential,Florida
3815,2024-06-13,367.1,residential,Georgia
3816,2024-06-14,741.7,commercial,Florida
3817,2024-06-15,383.7,residential,Texas
3818,2024-06-16,673.2,commercial,Florida
3819,2024-06-17,683.6,commercial,Ohio
3820,2024-06-18,748.3,commercial,Texas
3821,2024-06-19,625.5,commercial,Ohio
3822,2024-06-20,704.5,commercial,Illinois
3823,2024-06-21,615.5,commercial,Georgia
3824,2024-06-22,681.4,commercial,California
3825,2024-06-23,681.8,commercial,Texas
3826,2024-06-24,674.8,commercial,New York
3827,2024-06-25,977.1,industrial,California
3828,2024-06-26,647.9,commercial,Texas
3829,2024-06-27,409.6,residential,Georgia
3830,2024-06-28,596.9,commercial,Texas
3831,2024-06-29,373.3,residential,Illinois
3832,2024-06-30,490.1,residential,Texas
3833,2024-07-01,492.7,residential,Illinois
3834,2024-07-02,950.6,industrial,Texas
3835,2024-07-03,853.2,industrial,New York
3836,2024-07-04,672.7,commercial,Florida
3837,2024-07-05,383.6,residential,Florida
3838,2024-07-06,992.5,industrial,New York
3839,2024-07-07,897.6,industrial,Florida
3840,2024-07-08,873.8,industrial,Texas
3841,2024-07-09,911.0,industrial,Ohio
3842,2024-07-10,471.6,residential,Illinois
3843,2024-07-11,897.1,industrial,Georgia
3844,2024-07-12,871.5,industrial,California
3845,2024-07-13,365.6,residential,California
3846,2024-07-14,485.3,residential,Illinois
3847,2024-07-15,350.8,residential,New York
3848,2024-07-16,420.2,residential,Illinois
3849,2024-07-17,647.8,commercial,Texas
3850,2024-07-18,436.2,residential,Florida
3851,2024-07-19,682.6,commercial,Illinois
3852,2024-07-20,882.6,industrial,Texas
3853,2024-07-21,711.7,commercial,Illinois
3854,2024-07-22,365.0,residential,Texas
3855,2024-07-23,834.7,industrial,Illinois
3856,2024-07-24,941.1,industrial,Florida
3857,2024-07-25,335.6,residential,Illinois
3858,2024-07-26,944.7,industrial,Georgia
3859,2024-07-27,825.7,industrial,Illinois
3860,2024-07-28,954.2,industrial,Ohio
3861,2024-07-29,360.1,residential,Florida
3862,2024-07-30,1059.2,industrial,Georgia
3863,2024-07-31,432.0,residential,California
3864,2024-08-01,729.2,commercial,Florida
3865,2024-08-02,321.1,residential,Texas
3866,2024-08-03,925.8,industrial,California
3867,2024-08-04,894.7,industrial,New York
3868,2024-08-05,652.1,commercial,Florida
3869,2024-08-06,409.6,residential,Florida
3870,2024-08-07,972.9,industrial,Georgia
3871,2024-08-08,869.7,industrial,Florida
3872,2024-08-09,925.8,industrial,Ohio
3873,2024-08-10,955.7,industrial,New York
3874,2024-08-11,329.3,residential,Texas
3875,2024-08-12,467.8,residential,Georgia
3876,2024-08-13,927.9,industrial,Georgia
3877,2024-08-14,678.2,commercial,Florida
3878,2024-08-15,986.3,industrial,California
3879,2024-08-16,883.9,industrial,Texas
3880,2024-08-17,959.3,industrial,Florida
3881,2024-08-18,266.5,residential,New York
3882,2024-08-19,396.9,residential,Florida
3883,2024-08-20,891.2,industrial,Ohio
3884,2024-08-21,827.8,industrial,Illinois
3885,2024-08-22,489.8,residential,Texas
3886,2024-08-23,406.8,residential,Ohio
3887,2024-08-24,919.9,industrial,Georgia
3888,2024-08-25,340.5,residential,Texas
3889,2024-08-26,871.6,industrial,Georgia
3890,2024-08-27,433.3,residential,New York
3891,2024-08-28,608.0,commercial,Georgia
3892,2024-08-29,372.9,residential,Illinois
3893,2024-08-30,433.2,residential,California
3894,2024-08-31,629.4,commercial,Ohio
3895,2024-09-01,817.4,industrial,Ohio
3896,2024-09-02,807.3,industrial,Georgia
3897,2024-09-03,929.1,industrial,Texas
3898,2024-09-04,656.6,commercial,Illinois
3899,2024-09-05,295.0,residential,New York
3900,2024-09-06,625.9,commercial,California
3901,2024-09-07,961.8,industrial,Illinois
3902,2024-09-08,761.1,industrial,New York
3903,2024-09-09,354.6,residential,Ohio
3904,2024-09-10,852.4,industrial,California
3905,2024-09-11,874.1,industrial,Illinois
3906,2024-09-12,661.4,commercial,Ohio
3907,2024-09-13,878.4,industrial,California
3908,2024-09-14,728.2,commercial,Texas
3909,2024-09-15,407.5,residential,Florida
3910,2024-09-16,308.9,residential,California
3911,2024-09-17,963.8,industrial,Florida
3912,2024-09-18,774.7,industrial,California
3913,2024-09-19,626.6,commercial,Florida
3914,2024-09-20,465.6,residential,Georgia
3915,2024-09-21,960.5,industrial,Texas
3916,2024-09-22,785.7,commercial,New York
3917,2024-09-23,841.8,industrial,Ohio
3918,2024-09-24,520.2,commercial,Illinois
3919,2024-09-25,886.4,industrial,New York
3920,2024-09-26,888.7,industrial,California
3921,2024-09-27,890.0,industrial,California
3922,2024-09-28,650.7,commercial,Ohio
3923,2024-09-29,651.9,commercial,Florida
3924,2024-09-30,476.7,residential,Texas
3925,2024-10-01,402.6,residential,California
3926,2024-10-02,458.6,residential,Ohio
3927,2024-10-03,688.6,commercial,Illinois
3928,2024-10-04,502.2,residential,California
3929,2024-10-05,444.1,residential,Ohio
3930,2024-10-06,388.8,residential,Illinois
3931,2024-10-07,650.0,commercial,California
3932,2024-10-08,401.2,residential,Florida
3933,2024-10-09,354.7,residential,Texas
3934,2024-10-10,620.4,commercial,Florida
3935,2024-10-11,492.0,residential,California
3936,2024-10-12,906.6,industrial,Texas
3937,2024-10-13,300.3,residential,Texas
3938,2024-10-14,687.3,commercial,Florida
3939,2024-10-15,370.9,residential,New York
3940,2024-10-16,921.8,industrial,California
3941,2024-10-17,1025.1,industrial,Georgia
3942,2024-10-18,856.4,industrial,Georgia
3943,2024-10-19,392.7,residential,Ohio
3944,2024-10-20,884.7,industrial,Texas
3945,2024-10-21,384.5,residential,New York
3946,2024-10-22,938.3,industrial,Florida
3947,2024-10-23,833.7,industrial,Texas
3948,2024-10-24,609.2,commercial,Illinois
3949,2024-10-25,601.0,commercial,New York
3950,2024-10-26,633.6,commercial,Florida
3951,2024-10-27,679.7,commercial,Ohio
3952,2024-10-28,340.4,residential,Texas
3953,2024-10-29,888.5,industrial,Ohio
3954,2024-10-30,935.2,industrial,Georgia
3955,2024-10-31,561.4,commercial,Florida
3956,2024-11-01,875.6,industrial,Georgia
3957,2024-11-02,698.3,commercial,Florida
3958,2024-11-03,411.4,residential,Illinois
3959,2024-11-04,987.6,industrial,Georgia
3960,2024-11-05,946.2,industrial,Illinois
3961,2024-11-06,960.4,industrial,California
3962,2024-11-07,304.3,residential,New York
3963,2024-11-08,391.5,residential,Georgia
3964,2024-11-09,449.7,residential,Florida
3965,2024-11-10,187.7,residential,California
3966,2024-11-11,885.6,industrial,California
3967,2024-11-12,649.0,commercial,Ohio
3968,2024-11-13,598.0,commercial,California
3969,2024-11-14,292.4,residential,Texas
3970,2024-11-15,383.2,residential,California
3971,2024-11-16,722.2,commercial,Illinois
3972,2024-11-17,679.8,commercial,Texas
3973,2024-11-18,642.8,commercial,Ohio
3974,2024-11-19,404.7,residential,Ohio
3975,2024-11-20,658.9,commercial,Ohio
3976,2024-11-21,1028.8,industrial,California
3977,2024-11-22,1003.2,industrial,New York
3978,2024-11-23,643.9,commercial,Illinois
3979,2024-11-24,403.5,residential,Florida
3980,2024-11-25,434.9,residential,Florida
3981,2024-11-26,800.6,commercial,Ohio
3982,2024-11-27,871.0,industrial,California
3983,2024-11-28,341.6,residential,New York
3984,2024-11-29,910.3,industrial,California
3985,2024-11-30,682.0,commercial,New York
3986,2024-12-01,917.9,industrial,Texas
3987,2024-12-02,401.8,residential,New York
3988,2024-12-03,386.1,residential,New York
3989,2024-12-04,539.2,commercial,Georgia
3990,2024-12-05,960.6,industrial,Ohio
3991,2024-12-06,611.6,commercial,Ohio
3992,2024-12-07,963.0,industrial,California
3993,2024-12-08,633.2,commercial,Illinois
3994,2024-12-09,486.7,residential,New York
3995,2024-12-10,939.7,industrial,Illinois
3996,2024-12-11,923.2,industrial,New York
3997,2024-12-12,469.2,residential,California
3998,2024-12-13,532.2,residential,Florida
3999,2024-12-14,844.2,industrial,Florida
4000,2024-12-15,575.8,commercial,California
4001,2024-12-16,460.9,residential,Texas
4002,2024-12-17,346.3,residential,Florida
4003,2024-12-18,450.1,residential,Ohio
4004,2024-12-19,872.0,industrial,Ohio
4005,2024-12-20,329.6,residential,Ohio
4006,2024-12-21,878.6,industrial,New York
4007,2024-12-22,673.6,commercial,New York
4008,2024-12-23,677.1,commercial,Texas
4009,2024-12-24,387.6,residential,New York
4010,2024-12-25,435.0,residential,Texas
4011,2024-12-26,633.2,commercial,Ohio
4012,2024-12-27,932.9,industrial,New York
4013,2024-12-28,865.7,industrial,Illinois
4014,2024-12-29,384.9,residential,Texas
4015,2024-12-30,624.1,commercial,Florida
4016,2024-01-01,665.8,commercial,Texas
4017,2024-01-02,429.2,residential,Ohio
4018,2024-01-03,419.4,residential,Illinois
4019,2024-01-04,843.0,industrial,Ohio
4020,2024-01-05,902.7,industrial,Florida
4021,2024-01-06,630.3,commercial,Florida
4022,2024-01-07,437.7,residential,Texas
4023,2024-01-08,703.5,commercial,Illinois
4024,2024-01-09,878.4,industrial,Georgia
4025,2024-01-10,405.6,residential,California
4026,2024-01-11,381.7,residential,Ohio
4027,2024-01-12,943.7,industrial,New York
4028,2024-01-13,629.2,commercial,Texas
4029,2024-01-14,899.4,industrial,Ohio
4030,2024-01-15,286.6,residential,Texas
4031,2024-01-16,876.7,industrial,Florida
4032,2024-01-17,873.7,industrial,California
4033,2024-01-18,463.1,residential,Illinois
4034,2024-01-19,387.4,residential,Ohio
4035,2024-01-20,956.8,industrial,Florida
4036,2024-01-21,325.1,residential,Ohio
4037,2024-01-22,363.8,residential,Florida
4038,2024-01-23,361.1,residential,Florida
4039,2024-01-24,595.6,commercial,Florida
4040,2024-01-25,310.3,residential,Florida
4041,2024-01-26,596.5,commercial,Florida
4042,2024-01-27,344.3,residential,Georgia
4043,2024-01-28,644.3,commercial,Georgia
4044,2024-01-29,355.6,residential,California
4045,2024-01-30,670.6,commercial,Florida
4046,2024-01-31,824.9,industrial,Ohio
4047,2024-02-01,897.7,industrial,New York
4048,2024-02-02,432.6,residential,Ohio
4049,2024-02-03,491.4,residential,Florida
4050,2024-02-04,941.0,industrial,Illinois
4051,2024-02-05,588.5,commercial,New York
4052,2024-02-06,336.9,residential,Ohio
4053,2024-02-07,562.7,commercial,New York
4054,2024-02-08,932.6,industrial,Ohio
4055,2024-02-09,725.7,commercial,Georgia
4056,2024-02-10,331.1,residential,Illinois
4057,2024-02-11,306.5,residential,Georgia
4058,2024-02-12,624.5,commercial,Illinois
4059,2024-02-13,883.0,industrial,Ohio
4060,2024-02-14,367.5,residential,Ohio
4061,2024-02-15,620.8,commercial,New York
4062,2024-02-16,673.2,commercial,Georgia
4063,2024-02-17,744.7,commercial,Florida
4064,2024-02-18,345.3,residential,New York
4065,2024-02-19,380.6,residential,Illinois
4066,2024-02-20,469.8,residential,California
4067,2024-02-21,824.6,industrial,Texas
4068,2024-02-22,823.0,industrial,Illinois
4069,2024-02-23,848.0,industrial,Georgia
4070,2024-02-24,503.0,residential,Texas
4071,2024-02-25,815.4,industrial,Georgia
4072,2024-02-26,404.8,residential,Ohio
4073,2024-02-27,924.0,industrial,Illinois
4074,2024-02-28,585.8,commercial,Ohio
4075,2024-02-29,443.2,residential,New York
4076,2024-03-01,841.5,industrial,Texas
4077,2024-03-02,464.9,residential,Ohio
4078,2024-03-03,575.0,commercial,Florida
4079,2024-03-04,441.9,residential,New York
4080,2024-03-05,680.4,commercial,California
4081,2024-03-06,422.2,residential,New York
4082,2024-03-07,926.1,industrial,Florida
4083,2024-03-08,357.0,residential,Texas
4084,2024-03-09,470.8,residential,New York
4085,2024-03-10,745.3,commercial,New York
4086,2024-03-11,323.8,residential,Texas
4087,2024-03-12,494.5,residential,Ohio
4088,2024-03-13,422.5,residential,California
4089,2024-03-14,330.4,residential,Texas
4090,2024-03-15,359.8,residential,California
4091,2024-03-16,662.2,commercial,New York
4092,2024-03-17,837.7,industrial,Texas
4093,2024-03-18,943.8,industrial,Ohio
4094,2024-03-19,931.8,industrial,Ohio
4095,2024-03-20,714.3,commercial,Florida
4096,2024-03-21,760.6,commercial,California
4097,2024-03-22,354.2,residential,Georgia
4098,2024-03-23,679.8,commercial,Illinois
4099,2024-03-24,282.5,residential,Texas
4100,2024-03-25,572.5,commercial,Texas
4101,2024-03-26,820.5,industrial,Georgia
4102,2024-03-27,974.1,industrial,Texas
4103,2024-03-28,338.0,residential,New York
4104,2024-03-29,621.9,commercial,Ohio
4105,2024-03-30,648.4,commercial,Georgia
4106,2024-03-31,848.5,industrial,Georgia
4107,2024-04-01,666.2,commercial,Georgia
4108,2024-04-02,884.4,industrial,California
4109,2024-04-03,357.3,residential,Ohio
4110,2024-04-04,435.6,residential,Ohio
4111,2024-04-05,331.5,residential,California
4112,2024-04-06,854.9,industrial,California
4113,2024-04-07,888.0,industrial,Texas
4114,2024-04-08,848.8,industrial,Texas
4115,2024-04-09,932.7,industrial,Texas
4116,2024-04-10,963.7,industrial,Illinois
4117,2024-04-11,556.4,residential,Ohio
4118,2024-04-12,913.9,industrial,New York
4119,2024-04-13,580.2,commercial,Florida
4120,2024-04-14,635.8,commercial,Illinois
4121,2024-04-15,995.8,industrial,Georgia
4122,2024-04-16,625.4,commercial,Florida
4123,2024-04-17,355.2,residential,Florida
4124,2024-04-18,900.4,industrial,New York
4125,2024-04-19,678.0,commercial,California
4126,2024-04-20,628.1,commercial,Ohio
4127,2024-04-21,878.2,industrial,Texas
4128,2024-04-22,880.9,industrial,Georgia
4129,2024-04-23,391.4,residential,Illinois
4130,2024-04-24,362.0,residential,Illinois
4131,2024-04-25,937.8,industrial,Ohio
4132,2024-04-26,521.3,commercial,Illinois
4133,2024-04-27,916.0,industrial,Florida
4134,2024-04-28,609.1,commercial,New York
4135,2024-04-29,648.1,commercial,Ohio
4136,2024-04-30,447.3,residential,Ohio
4137,2024-05-01,497.4,residential,Georgia
4138,2024-05-02,893.7,industrial,Georgia
4139,2024-05-03,398.8,residential,Georgia
4140,2024-05-04,670.4,commercial,California
4141,2024-05-05,394.4,residential,Georgia
4142,2024-05-06,599.5,commercial,Texas
4143,2024-05-07,891.4,industrial,Illinois
4144,2024-05-08,377.3,residential,Illinois
4145,2024-05-09,395.7,residential,Texas
4146,2024-05-10,439.3,residential,Illinois
4147,2024-05-11,392.5,residential,New York
4148,2024-05-12,887.8,industrial,Georgia
4149,2024-05-13,903.9,industrial,Florida
4150,2024-05-14,857.8,industrial,Texas
4151,2024-05-15,886.5,industrial,Ohio
4152,2024-05-16,566.3,commercial,California
4153,2024-05-17,821.9,industrial,Texas
4154,2024-05-18,902.6,industrial,Florida
4155,2024-05-19,914.3,industrial,Illinois
4156,2024-05-20,394.0,residential,Florida
4157,2024-05-21,971.0,industrial,Illinois
4158,2024-05-22,997.1,industrial,Georgia
4159,2024-05-23,367.7,residential,New York
4160,2024-05-24,651.8,commercial,California
4161,2024-05-25,908.7,industrial,Texas
4162,2024-05-26,442.7,residential,Illinois
4163,2024-05-27,807.5,industrial,Georgia
4164,2024-05-28,928.5,industrial,Illinois
4165,2024-05-29,662.4,commercial,Illinois
4166,2024-05-30,687.8,commercial,Texas
4167,2024-05-31,740.5,commercial,Ohio
4168,2024-06-01,451.7,residential,Texas
4169,2024-06-02,302.1,residential,Texas
4170,2024-06-03,849.4,industrial,Texas
4171,2024-06-04,868.2,industrial,Texas
4172,2024-06-05,651.2,commercial,California
4173,2024-06-06,545.8,commercial,Illinois
4174,2024-06-07,829.1,industrial,California
4175,2024-06-08,401.6,residential,Texas
4176,2024-06-09,417.0,residential,Florida
4177,2024-06-10,894.7,industrial,California
4178,2024-06-11,858.4,industrial,Florida
4179,2024-06-12,926.5,industrial,Texas
4180,2024-06-13,603.6,commercial,California
4181,2024-06-14,920.6,industrial,Georgia
4182,2024-06-15,602.3,commercial,California
4183,2024-06-16,652.3,commercial,New York
4184,2024-06-17,671.9,commercial,Texas
4185,2024-06-18,901.2,industrial,New York
4186,2024-06-19,912.0,industrial,New York
4187,2024-06-20,627.8,commercial,Illinois
4188,2024-06-21,418.5,residential,Illinois
4189,2024-06-22,364.2,residential,Texas
4190,2024-06-23,568.4,commercial,Florida
4191,2024-06-24,419.3,residential,Ohio
4192,2024-06-25,872.2,industrial,Texas
4193,2024-06-26,896.5,industrial,Ohio
4194,2024-06-27,394.9,residential,Florida
4195,2024-06-28,376.5,residential,New York
4196,2024-06-29,631.1,commercial,Illinois
4197,2024-06-30,899.9,industrial,Florida
4198,2024-07-01,673.3,commercial,New York
4199,2024-07-02,405.6,residential,California
4200,2024-07-03,738.6,commercial,New York
4201,2024-07-04,1057.2,industrial,Florida
4202,2024-07-05,650.6,commercial,Florida
4203,2024-07-06,837.3,industrial,Texas
4204,2024-07-07,696.3,commercial,Florida
4205,2024-07-08,678.5,commercial,Texas
4206,2024-07-09,286.0,residential,New York
4207,2024-07-10,858.6,industrial,New York
4208,2024-07-11,361.9,residential,Florida
4209,2024-07-12,899.5,industrial,California
4210,2024-07-13,897.9,industrial,Georgia
4211,2024-07-14,761.7,commercial,Ohio
4212,2024-07-15,421.0,residential,Florida
4213,2024-07-16,637.2,commercial,Illinois
4214,2024-07-17,711.0,commercial,Georgia
4215,2024-07-18,694.0,commercial,Florida
4216,2024-07-19,446.5,residential,Illinois
4217,2024-07-20,639.2,commercial,Florida
4218,2024-07-21,654.1,commercial,California
4219,2024-07-22,642.7,commercial,Georgia
4220,2024-07-23,900.2,industrial,Texas
4221,2024-07-24,489.5,residential,Texas
4222,2024-07-25,775.4,commercial,Ohio
4223,2024-07-26,544.4,commercial,New York
4224,2024-07-27,347.0,residential,Illinois
4225,2024-07-28,346.4,residential,Ohio
4226,2024-07-29,975.8,industrial,Texas
4227,2024-07-30,658.3,commercial,New York
4228,2024-07-31,391.4,residential,Ohio
4229,2024-08-01,969.9,industrial,Illinois
4230,2024-08-02,427.9,residential,Georgia
4231,2024-08-03,662.0,commercial,Georgia
4232,2024-08-04,444.3,residential,Ohio
4233,2024-08-05,328.2,residential,New York
4234,2024-08-06,1014.2,industrial,Florida
4235,2024-08-07,761.3,commercial,New York
4236,2024-08-08,360.6,residential,California
4237,2024-08-09,717.3,commercial,New York
4238,2024-08-10,399.8,residential,Texas
4239,2024-08-11,755.3,commercial,California
4240,2024-08-12,926.1,industrial,Florida
4241,2024-08-13,905.1,industrial,Georgia
4242,2024-08-14,625.0,commercial,Texas
4243,2024-08-15,893.7,industrial,Ohio
4244,2024-08-16,583.6,commercial,Ohio
4245,2024-08-17,977.0,industrial,Florida
4246,2024-08-18,404.0,residential,Illinois
4247,2024-08-19,549.2,commercial,California
4248,2024-08-20,448.8,residential,Georgia
4249,2024-08-21,759.8,industrial,Florida
4250,2024-08-22,332.9,residential,Illinois
4251,2024-08-23,665.2,commercial,New York
4252,2024-08-24,946.9,industrial,Florida
4253,2024-08-25,694.8,commercial,Ohio
4254,2024-08-26,631.2,commercial,Ohio
4255,2024-08-27,687.3,commercial,Illinois
4256,2024-08-28,606.1,commercial,California
4257,2024-08-29,867.1,industrial,Florida
4258,2024-08-30,928.1,industrial,California
4259,2024-08-31,893.3,industrial,Texas
4260,2024-09-01,720.6,commercial,Illinois
4261,2024-09-02,943.7,industrial,Georgia
4262,2024-09-03,385.6,residential,Florida
4263,2024-09-04,376.2,residential,New York
4264,2024-09-05,718.7,commercial,Florida
4265,2024-09-06,918.6,industrial,Ohio
4266,2024-09-07,912.6,industrial,Georgia
4267,2024-09-08,889.8,industrial,California
4268,2024-09-09,882.3,industrial,Florida
4269,2024-09-10,1038.7,industrial,Illinois
4270,2024-09-11,862.1,industrial,Illinois
4271,2024-09-12,654.6,commercial,Georgia
4272,2024-09-13,448.6,residential,Ohio
4273,2024-09-14,387.4,residential,Florida
4274,2024-09-15,483.3,residential,Texas
4275,2024-09-16,628.1,commercial,California
4276,2024-09-17,333.3,residential,Illinois
4277,2024-09-18,809.7,industrial,Illinois
4278,2024-09-19,624.2,commercial,Ohio
4279,2024-09-20,389.5,residential,Florida
4280,2024-09-21,641.1,commercial,Illinois
4281,2024-09-22,416.5,residential,Georgia
4282,2024-09-23,651.5,commercial,Florida
4283,2024-09-24,382.6,residential,Texas
4284,2024-09-25,448.6,residential,Ohio
4285,2024-09-26,610.6,commercial,New York
4286,2024-09-27,374.5,residential,Ohio
4287,2024-09-28,626.6,commercial,Texas
4288,2024-09-29,325.6,residential,Texas
4289,2024-09-30,591.5,commercial,Ohio
4290,2024-10-01,387.0,residential,Ohio
4291,2024-10-02,429.6,residential,Florida
4292,2024-10-03,366.6,residential,California
4293,2024-10-04,818.5,commercial,Florida
4294,2024-10-05,885.5,industrial,California
4295,2024-10-06,965.9,industrial,Georgia
4296,2024-10-07,801.5,industrial,Texas
4297,2024-10-08,668.1,commercial,California
4298,2024-10-09,586.5,commercial,Florida
4299,2024-10-10,538.1,commercial,Ohio
4300,2024-10-11,389.3,residential,New York
4301,2024-10-12,886.1,industrial,Ohio
4302,2024-10-13,432.6,residential,California
4303,2024-10-14,979.0,industrial,Texas
4304,2024-10-15,465.1,residential,Illinois
4305,2024-10-16,486.4,residential,Illinois
4306,2024-10-17,630.3,commercial,California
4307,2024-10-18,738.5,commercial,Georgia
4308,2024-10-19,755.0,commercial,Texas
4309,2024-10-20,968.8,industrial,Georgia
4310,2024-10-21,836.5,industrial,Texas
4311,2024-10-22,1074.2,industrial,Florida
4312,2024-10-23,325.3,residential,New York
4313,2024-10-24,903.6,industrial,California
4314,2024-10-25,879.5,industrial,Georgia
4315,2024-10-26,430.1,residential,Ohio
4316,2024-10-27,601.9,commercial,Ohio
4317,2024-10-28,407.3,residential,Ohio
4318,2024-10-29,906.9,industrial,Texas
4319,2024-10-30,578.3,commercial,Texas
4320,2024-10-31,839.2,industrial,Illinois
4321,2024-11-01,815.7,industrial,Florida
4322,2024-11-02,887.4,industrial,Illinois
4323,2024-11-03,589.9,commercial,California
4324,2024-11-04,557.7,commercial,Texas
4325,2024-11-05,942.1,industrial,Florida
4326,2024-11-06,943.1,industrial,Georgia
4327,2024-11-07,385.5,residential,California
4328,2024-11-08,397.1,residential,Texas
4329,2024-11-09,322.9,residential,Illinois
4330,2024-11-10,656.3,commercial,California
4331,2024-11-11,848.8,industrial,Texas
4332,2024-11-12,811.0,industrial,California
4333,2024-11-13,635.0,commercial,Texas
4334,2024-11-14,431.8,residential,New York
4335,2024-11-15,578.4,commercial,Georgia
4336,2024-11-16,381.3,residential,Texas
4337,2024-11-17,276.2,residential,Illinois
4338,2024-11-18,596.6,commercial,Florida
4339,2024-11-19,782.0,commercial,Illinois
4340,2024-11-20,906.4,industrial,Ohio
4341,2024-11-21,678.4,commercial,Ohio
4342,2024-11-22,371.8,residential,Illinois
4343,2024-11-23,369.3,residential,Texas
4344,2024-11-24,527.1,commercial,Illinois
4345,2024-11-25,687.5,commercial,Texas
4346,2024-11-26,1098.3,industrial,Texas
4347,2024-11-27,369.9,residential,Illinois
4348,2024-11-28,1006.0,industrial,Florida
4349,2024-11-29,859.6,industrial,Illinois
4350,2024-11-30,704.6,commercial,Georgia
4351,2024-12-01,450.3,residential,California
4352,2024-12-02,481.6,residential,California
4353,2024-12-03,837.2,industrial,California
4354,2024-12-04,528.6,commercial,California
4355,2024-12-05,932.6,industrial,New York
4356,2024-12-06,912.3,industrial,California
4357,2024-12-07,921.2,industrial,California
4358,2024-12-08,699.0,commercial,Illinois
4359,2024-12-09,973.6,industrial,Florida
4360,2024-12-10,375.6,residential,Ohio
4361,2024-12-11,387.4,residential,New York
4362,2024-12-12,615.8,commercial,Georgia
4363,2024-12-13,911.3,industrial,Illinois
4364,2024-12-14,735.3,commercial,Texas
4365,2024-12-15,576.2,commercial,New York
4366,2024-12-16,914.9,industrial,Florida
4367,2024-12-17,935.9,industrial,Georgia
4368,2024-12-18,916.7,industrial,California
4369,2024-12-19,571.2,commercial,Illinois
4370,2024-12-20,548.6,commercial,Texas
4371,2024-12-21,781.6,industrial,New York
4372,2024-12-22,810.1,industrial,New York
4373,2024-12-23,675.4,commercial,Illinois
4374,2024-12-24,397.6,residential,Florida
4375,2024-12-25,884.7,industrial,Ohio
4376,2024-12-26,377.9,residential,Ohio
4377,2024-12-27,735.2,commercial,California
4378,2024-12-28,901.8,industrial,Texas
4379,2024-12-29,546.5,commercial,Georgia
4380,2024-12-30,466.1,residential,Illinois
4381,2024-01-01,963.8,industrial,Georgia
4382,2024-01-02,648.4,commercial,Illinois
4383,2024-01-03,447.1,residential,Florida
4384,2024-01-04,421.3,residential,Ohio
4385,2024-01-05,296.5,residential,California
4386,2024-01-06,385.3,residential,Florida
4387,2024-01-07,421.9,residential,Ohio
4388,2024-01-08,886.1,industrial,Ohio
4389,2024-01-09,626.8,commercial,Florida
4390,2024-01-10,343.0,residential,California
4391,2024-01-11,617.0,commercial,New York
4392,2024-01-12,439.9,residential,Florida
4393,2024-01-13,622.8,commercial,New York
4394,2024-01-14,560.6,commercial,Florida
4395,2024-01-15,573.8,commercial,New York
4396,2024-01-16,370.1,residential,Georgia
4397,2024-01-17,860.0,industrial,California
4398,2024-01-18,643.1,commercial,Florida
4399,2024-01-19,504.4,residential,Illinois
4400,2024-01-20,286.3,residential,Illinois
4401,2024-01-21,516.7,commercial,Florida
4402,2024-01-22,322.5,residential,Illinois
4403,2024-01-23,383.0,residential,Texas
4404,2024-01-24,870.1,industrial,Texas
4405,2024-01-25,605.8,commercial,Florida
4406,2024-01-26,352.9,residential,Georgia
4407,2024-01-27,895.1,industrial,Illinois
4408,2024-01-28,395.5,residential,Illinois
4409,2024-01-29,402.4,residential,New York
4410,2024-01-30,376.7,residential,Georgia
4411,2024-01-31,493.4,residential,Texas
4412,2024-02-01,424.9,residential,New York
4413,2024-02-02,705.4,commercial,Texas
4414,2024-02-03,616.9,commercial,Illinois
4415,2024-02-04,816.3,industrial,Illinois
4416,2024-02-05,315.5,residential,Georgia
4417,2024-02-06,887.2,industrial,Ohio
4418,2024-02-07,897.5,industrial,New York
4419,2024-02-08,875.8,industrial,Georgia
4420,2024-02-09,740.5,commercial,Florida
4421,2024-02-10,649.1,commercial,Florida
4422,2024-02-11,666.3,commercial,Ohio
4423,2024-02-12,951.7,industrial,Georgia
4424,2024-02-13,289.8,residential,Georgia
4425,2024-02-14,902.5,industrial,Illinois
4426,2024-02-15,795.8,industrial,Illinois
4427,2024-02-16,825.0,industrial,New York
4428,2024-02-17,724.9,commercial,Ohio
4429,2024-02-18,736.3,commercial,New York
4430,2024-02-19,942.4,industrial,Georgia
4431,2024-02-20,345.7,residential,Texas
4432,2024-02-21,569.0,commercial,New York
4433,2024-02-22,360.4,residential,Georgia
4434,2024-02-23,904.0,industrial,Illinois
4435,2024-02-24,606.9,commercial,New York
4436,2024-02-25,406.2,residential,Georgia
4437,2024-02-26,405.6,residential,Ohio
4438,2024-02-27,1010.6,industrial,Texas
4439,2024-02-28,672.9,commercial,Georgia
4440,2024-02-29,438.8,residential,Georgia
4441,2024-03-01,468.0,residential,California
4442,2024-03-02,863.9,industrial,California
4443,2024-03-03,611.8,commercial,New York
4444,2024-03-04,505.1,residential,Florida
4445,2024-03-05,636.9,commercial,Illinois
4446,2024-03-06,298.1,residential,Florida
4447,2024-03-07,638.6,commercial,Texas
4448,2024-03-08,778.8,industrial,Texas
4449,2024-03-09,548.6,commercial,New York
4450,2024-03-10,675.4,commercial,Texas
4451,2024-03-11,381.1,residential,Georgia
4452,2024-03-12,551.9,commercial,Texas
4453,2024-03-13,946.6,industrial,California
4454,2024-03-14,647.9,commercial,Ohio
4455,2024-03-15,927.5,industrial,New York
4456,2024-03-16,989.9,industrial,Illinois
4457,2024-03-17,552.3,commercial,California
4458,2024-03-18,423.5,residential,Texas
4459,2024-03-19,768.3,commercial,Illinois
4460,2024-03-20,461.4,residential,California
4461,2024-03-21,961.7,industrial,Georgia
4462,2024-03-22,390.5,residential,New York
4463,2024-03-23,413.2,residential,Florida
4464,2024-03-24,388.5,residential,Illinois
4465,2024-03-25,906.5,industrial,New York
4466,2024-03-26,695.8,commercial,Texas
4467,2024-03-27,382.7,residential,Florida
4468,2024-03-28,842.4,industrial,New York
4469,2024-03-29,888.9,industrial,Florida
4470,2024-03-30,422.8,residential,Georgia
4471,2024-03-31,660.4,commercial,Georgia
4472,2024-04-01,750.3,commercial,New York
4473,2024-04-02,764.9,commercial,Illinois
4474,2024-04-03,355.2,residential,Georgia
4475,2024-04-04,866.5,industrial,California
4476,2024-04-05,992.1,industrial,Ohio
4477,2024-04-06,411.3,residential,Georgia
4478,2024-04-07,1036.1,industrial,California
4479,2024-04-08,370.5,residential,Illinois
4480,2024-04-09,509.0,residential,Georgia
4481,2024-04-10,917.5,industrial,California
4482,2024-04-11,931.8,industrial,Illinois
4483,2024-04-12,350.8,residential,Illinois
4484,2024-04-13,903.6,industrial,Georgia
4485,2024-04-14,924.1,industrial,Georgia
4486,2024-04-15,937.7,industrial,Illinois
4487,2024-04-16,862.2,industrial,Illinois
4488,2024-04-17,850.1,industrial,Florida
4489,2024-04-18,865.8,industrial,New York
4490,2024-04-19,958.6,industrial,California
4491,2024-04-20,616.5,commercial,New York
4492,2024-04-21,420.1,residential,Georgia
4493,2024-04-22,882.9,industrial,California
4494,2024-04-23,656.9,commercial,Texas
4495,2024-04-24,924.7,industrial,New York
4496,2024-04-25,561.4,commercial,California
4497,2024-04-26,674.1,commercial,Ohio
4498,2024-04-27,353.6,residential,Illinois
4499,2024-04-28,659.7,commercial,Texas
4500,2024-04-29,434.9,residential,Ohio
4501,2024-04-30,390.5,residential,Texas
4502,2024-05-01,940.7,industrial,New York
4503,2024-05-02,936.8,industrial,California
4504,2024-05-03,490.0,commercial,Illinois
4505,2024-05-04,925.1,industrial,California
4506,2024-05-05,549.4,commercial,California
4507,2024-05-06,610.5,commercial,Texas
4508,2024-05-07,664.2,commercial,New York
4509,2024-05-08,423.0,residential,New York
4510,2024-05-09,333.3,residential,New York
4511,2024-05-10,449.3,residential,Texas
4512,2024-05-11,905.5,industrial,Ohio
4513,2024-05-12,938.3,industrial,California
4514,2024-05-13,378.8,residential,Georgia
4515,2024-05-14,395.7,residential,Georgia
4516,2024-05-15,738.8,commercial,Illinois
4517,2024-05-16,322.4,residential,New York
4518,2024-05-17,1018.0,industrial,California
4519,2024-05-18,407.6,residential,Illinois
4520,2024-05-19,892.6,industrial,Florida
4521,2024-05-20,657.2,commercial,Georgia
4522,2024-05-21,896.8,industrial,Florida
4523,2024-05-22,863.8,industrial,New York
4524,2024-05-23,644.5,commercial,California
4525,2024-05-24,486.5,residential,Florida
4526,2024-05-25,388.2,residential,Florida
4527,2024-05-26,826.5,industrial,Georgia
4528,2024-05-27,693.1,commercial,Illinois
4529,2024-05-28,519.8,residential,Ohio
4530,2024-05-29,704.3,commercial,Ohio
4531,2024-05-30,925.6,industrial,Georgia
4532,2024-05-31,861.9,industrial,Illinois
4533,2024-06-01,987.2,industrial,Georgia
4534,2024-06-02,451.1,residential,Illinois
4535,2024-06-03,860.5,industrial,California
4536,2024-06-04,919.0,industrial,Ohio
4537,2024-06-05,487.0,residential,Illinois
4538,2024-06-06,946.3,industrial,Georgia
4539,2024-06-07,440.6,residential,New York
4540,2024-06-08,680.0,commercial,Florida
4541,2024-06-09,913.5,industrial,California
4542,2024-06-10,343.0,residential,Georgia
4543,2024-06-11,462.7,residential,Ohio
4544,2024-06-12,945.4,industrial,Illinois
4545,2024-06-13,870.4,industrial,Illinois
4546,2024-06-14,440.8,residential,California
4547,2024-06-15,352.7,residential,New York
4548,2024-06-16,426.4,residential,New York
4549,2024-06-17,660.2,commercial,New York
4550,2024-06-18,868.1,industrial,Ohio
4551,2024-06-19,418.0,residential,Texas
4552,2024-06-20,648.5,commercial,Ohio
4553,2024-06-21,855.7,industrial,New York
4554,2024-06-22,670.5,commercial,Texas
4555,2024-06-23,831.7,industrial,Texas
4556,2024-06-24,442.2,residential,Ohio
4557,2024-06-25,390.8,residential,Texas
4558,2024-06-26,345.1,residential,California
4559,2024-06-27,947.8,industrial,New York
4560,2024-06-28,894.2,industrial,Georgia
4561,2024-06-29,929.9,industrial,California
4562,2024-06-30,430.6,residential,Illinois
4563,2024-07-01,682.9,commercial,Ohio
4564,2024-07-02,400.7,residential,Illinois
4565,2024-07-03,791.3,industrial,Texas
4566,2024-07-04,675.4,commercial,Georgia
4567,2024-07-05,940.2,industrial,Ohio
4568,2024-07-06,602.1,commercial,Illinois
4569,2024-07-07,878.2,industrial,Illinois
4570,2024-07-08,380.9,residential,Illinois
4571,2024-07-09,731.0,industrial,New York
4572,2024-07-10,948.4,industrial,Georgia
4573,2024-07-11,440.9,residential,Florida
4574,2024-07-12,900.1,industrial,Texas
4575,2024-07-13,602.1,commercial,Ohio
4576,2024-07-14,455.3,commercial,Ohio
4577,2024-07-15,423.3,residential,Texas
4578,2024-07-16,332.9,residential,Georgia
4579,2024-07-17,414.0,residential,Illinois
4580,2024-07-18,456.9,residential,Illinois
4581,2024-07-19,778.9,commercial,New York
4582,2024-07-20,616.2,commercial,California
4583,2024-07-21,332.6,residential,New York
4584,2024-07-22,712.5,commercial,Illinois
4585,2024-07-23,425.3,residential,Ohio
4586,2024-07-24,903.1,industrial,California
4587,2024-07-25,407.6,residential,Florida
4588,2024-07-26,751.2,commercial,Ohio
4589,2024-07-27,958.3,industrial,Texas
4590,2024-07-28,991.4,industrial,Georgia
4591,2024-07-29,535.2,residential,Texas
4592,2024-07-30,1009.4,industrial,Texas
4593,2024-07-31,658.0,commercial,California
4594,2024-08-01,673.5,commercial,Illinois
4595,2024-08-02,1038.1,industrial,Texas
4596,2024-08-03,630.8,commercial,Georgia
4597,2024-08-04,440.3,residential,Illinois
4598,2024-08-05,376.0,residential,Florida
4599,2024-08-06,962.1,industrial,California
4600,2024-08-07,718.6,commercial,California
4601,2024-08-08,849.9,industrial,Florida
4602,2024-08-09,297.5,residential,Georgia
4603,2024-08-10,672.0,commercial,Texas
4604,2024-08-11,729.7,commercial,Texas
4605,2024-08-12,887.8,industrial,California
4606,2024-08-13,964.2,industrial,Georgia
4607,2024-08-14,409.5,residential,Florida
4608,2024-08-15,821.7,industrial,Georgia
4609,2024-08-16,483.0,residential,Florida
4610,2024-08-17,335.8,residential,Florida
4611,2024-08-18,392.2,residential,Georgia
4612,2024-08-19,352.0,residential,Illinois
4613,2024-08-20,871.1,industrial,New York
4614,2024-08-21,955.2,industrial,Ohio
4615,2024-08-22,665.6,commercial,Georgia
4616,2024-08-23,832.2,industrial,California
4617,2024-08-24,572.1,commercial,New York
4618,2024-08-25,785.2,commercial,Ohio
4619,2024-08-26,991.0,industrial,Texas
4620,2024-08-27,338.5,residential,California
4621,2024-08-28,412.0,residential,Georgia
4622,2024-08-29,413.3,residential,Ohio
4623,2024-08-30,475.9,residential,New York
4624,2024-08-31,361.7,residential,Florida
4625,2024-09-01,619.7,commercial,Florida
4626,2024-09-02,664.4,commercial,Ohio
4627,2024-09-03,482.4,residential,Florida
4628,2024-09-04,364.3,residential,Texas
4629,2024-09-05,403.4,residential,California
4630,2024-09-06,502.4,residential,California
4631,2024-09-07,439.3,residential,New York
4632,2024-09-08,631.5,commercial,Georgia
4633,2024-09-09,345.8,residential,Ohio
4634,2024-09-10,828.6,industrial,Georgia
4635,2024-09-11,507.4,residential,Florida
4636,2024-09-12,467.0,residential,Georgia
4637,2024-09-13,888.5,industrial,Georgia
4638,2024-09-14,434.7,residential,California
4639,2024-09-15,339.3,residential,New York
4640,2024-09-16,673.1,commercial,Ohio
4641,2024-09-17,588.7,commercial,California
4642,2024-09-18,384.2,residential,Texas
4643,2024-09-19,946.3,industrial,New York
4644,2024-09-20,789.2,industrial,New York
4645,2024-09-21,727.2,commercial,Georgia
4646,2024-09-22,831.2,industrial,Ohio
4647,2024-09-23,1025.2,industrial,New York
4648,2024-09-24,941.6,industrial,Texas
4649,2024-09-25,653.5,commercial,California
4650,2024-09-26,627.2,commercial,Georgia
4651,2024-09-27,683.0,commercial,Texas
4652,2024-09-28,521.7,residential,New York
4653,2024-09-29,924.9,industrial,New York
4654,2024-09-30,907.3,industrial,Illinois
4655,2024-10-01,443.2,residential,California
4656,2024-10-02,382.7,residential,Georgia
4657,2024-10-03,906.5,industrial,Florida
4658,2024-10-04,222.3,residential,Ohio
4659,2024-10-05,919.2,industrial,California
4660,2024-10-06,474.1,residential,Ohio
4661,2024-10-07,370.0,residential,Florida
4662,2024-10-08,698.7,commercial,Texas
4663,2024-10-09,593.8,commercial,California
4664,2024-10-10,388.4,residential,California
4665,2024-10-11,390.1,residential,Texas
4666,2024-10-12,666.2,commercial,Ohio
4667,2024-10-13,647.8,commercial,New York
4668,2024-10-14,653.9,commercial,Illinois
4669,2024-10-15,409.6,residential,New York
4670,2024-10-16,391.2,residential,Illinois
4671,2024-10-17,652.8,commercial,Georgia
4672,2024-10-18,423.9,residential,Texas
4673,2024-10-19,1002.3,industrial,Georgia
4674,2024-10-20,457.2,residential,Ohio
4675,2024-10-21,462.1,residential,Florida
4676,2024-10-22,322.9,residential,Illinois
4677,2024-10-23,615.2,commercial,Florida
4678,2024-10-24,1081.2,industrial,California
4679,2024-10-25,954.1,industrial,Florida
4680,2024-10-26,855.6,industrial,Georgia
4681,2024-10-27,799.6,industrial,Illinois
4682,2024-10-28,1013.9,industrial,Ohio
4683,2024-10-29,679.8,commercial,Illinois
4684,2024-10-30,412.3,residential,Florida
4685,2024-10-31,966.7,industrial,Florida
4686,2024-11-01,373.2,residential,Illinois
4687,2024-11-02,914.6,industrial,Florida
4688,2024-11-03,724.3,commercial,Florida
4689,2024-11-04,410.1,residential,Illinois
4690,2024-11-05,949.8,industrial,New York
4691,2024-11-06,899.5,industrial,California
4692,2024-11-07,665.3,commercial,Florida
4693,2024-11-08,755.2,commercial,New York
4694,2024-11-09,855.0,industrial,Texas
4695,2024-11-10,851.1,industrial,New York
4696,2024-11-11,671.0,commercial,Florida
4697,2024-11-12,907.6,industrial,New York
4698,2024-11-13,374.0,residential,Illinois
4699,2024-11-14,684.0,commercial,Florida
4700,2024-11-15,332.8,residential,Florida
4701,2024-11-16,646.0,commercial,Georgia
4702,2024-11-17,986.9,industrial,New York
4703,2024-11-18,684.1,commercial,Georgia
4704,2024-11-19,927.9,industrial,New York
4705,2024-11-20,835.9,industrial,Texas
4706,2024-11-21,827.4,industrial,Georgia
4707,2024-11-22,951.3,industrial,Ohio
4708,2024-11-23,391.9,residential,Ohio
4709,2024-11-24,381.0,residential,Georgia
4710,2024-11-25,707.7,commercial,Ohio
4711,2024-11-26,615.1,commercial,New York
4712,2024-11-27,813.0,industrial,Texas
4713,2024-11-28,889.7,industrial,Ohio
4714,2024-11-29,586.7,commercial,Ohio
4715,2024-11-30,876.7,industrial,California
4716,2024-12-01,756.9,commercial,California
4717,2024-12-02,663.9,commercial,Florida
4718,2024-12-03,586.3,commercial,New York
4719,2024-12-04,735.8,commercial,Ohio
4720,2024-12-05,410.1,residential,California
4721,2024-12-06,618.4,commercial,California
4722,2024-12-07,637.2,commercial,Florida
4723,2024-12-08,614.9,commercial,Illinois
4724,2024-12-09,340.6,residential,Georgia
4725,2024-12-10,372.3,residential,Florida
4726,2024-12-11,701.9,commercial,Georgia
4727,2024-12-12,910.4,industrial,New York
4728,2024-12-13,485.5,residential,Illinois
4729,2024-12-14,870.5,industrial,Florida
4730,2024-12-15,368.0,residential,California
4731,2024-12-16,427.2,residential,Texas
4732,2024-12-17,431.0,residential,New York
4733,2024-12-18,443.3,residential,Texas
4734,2024-12-19,371.9,residential,Georgia
4735,2024-12-20,655.1,commercial,Texas
4736,2024-12-21,630.7,commercial,Texas
4737,2024-12-22,429.7,residential,Texas
4738,2024-12-23,427.0,residential,Illinois
4739,2024-12-24,346.0,residential,Florida
4740,2024-12-25,919.3,industrial,Ohio
4741,2024-12-26,412.5,residential,California
4742,2024-12-27,726.8,commercial,Texas
4743,2024-12-28,602.0,commercial,Florida
4744,2024-12-29,409.3,residential,Illinois
4745,2024-12-30,1027.2,industrial,Florida
4746,2024-01-01,279.3,residential,Florida
4747,2024-01-02,936.2,industrial,Florida
4748,2024-01-03,419.7,residential,Texas
4749,2024-01-04,903.8,industrial,Florida
4750,2024-01-05,899.6,industrial,Texas
4751,2024-01-06,633.7,commercial,Illinois
4752,2024-01-07,946.3,industrial,Texas
4753,2024-01-08,734.3,commercial,Texas
4754,2024-01-09,729.6,commercial,Illinois
4755,2024-01-10,668.2,commercial,Ohio
4756,2024-01-11,545.8,residential,Florida
4757,2024-01-12,364.2,residential,Florida
4758,2024-01-13,738.6,commercial,Texas
4759,2024-01-14,884.8,industrial,Texas
4760,2024-01-15,912.9,industrial,Ohio
4761,2024-01-16,911.2,industrial,Illinois
4762,2024-01-17,431.3,residential,Illinois
4763,2024-01-18,983.9,industrial,Georgia
4764,2024-01-19,383.8,residential,California
4765,2024-01-20,869.0,industrial,Florida
4766,2024-01-21,811.8,industrial,New York
4767,2024-01-22,791.6,industrial,Florida
4768,2024-01-23,860.2,industrial,New York
4769,2024-01-24,505.9,residential,New York
4770,2024-01-25,865.7,industrial,Florida
4771,2024-01-26,885.0,industrial,Florida
4772,2024-01-27,698.6,commercial,New York
4773,2024-01-28,324.1,residential,Ohio
4774,2024-01-29,340.1,residential,Ohio
4775,2024-01-30,548.8,commercial,Illinois
4776,2024-01-31,686.9,commercial,Georgia
4777,2024-02-01,628.7,commercial,New York
4778,2024-02-02,445.4,residential,Texas
4779,2024-02-03,653.6,commercial,Florida
4780,2024-02-04,626.1,commercial,California
4781,2024-02-05,798.8,industrial,Illinois
4782,2024-02-06,578.2,commercial,Ohio
4783,2024-02-07,679.0,commercial,Ohio
4784,2024-02-08,834.5,industrial,Georgia
4785,2024-02-09,1011.8,industrial,Illinois
4786,2024-02-10,911.4,industrial,Illinois
4787,2024-02-11,388.0,residential,California
4788,2024-02-12,324.3,residential,California
4789,2024-02-13,772.1,commercial,Georgia
4790,2024-02-14,922.2,industrial,Georgia
4791,2024-02-15,397.4,residential,Georgia
4792,2024-02-16,370.5,residential,Florida
4793,2024-02-17,946.4,industrial,Georgia
4794,2024-02-18,923.4,industrial,California
4795,2024-02-19,867.4,industrial,Texas
4796,2024-02-20,882.2,industrial,Illinois
4797,2024-02-21,991.5,industrial,Illinois
4798,2024-02-22,395.6,residential,Ohio
4799,2024-02-23,888.7,industrial,Illinois
4800,2024-02-24,946.2,industrial,California
4801,2024-02-25,846.0,industrial,New York
4802,2024-02-26,1022.7,industrial,Florida
4803,2024-02-27,663.5,commercial,Florida
4804,2024-02-28,369.3,residential,Georgia
4805,2024-02-29,688.3,commercial,Ohio
4806,2024-03-01,898.3,industrial,Texas
4807,2024-03-02,996.4,industrial,Georgia
4808,2024-03-03,527.7,commercial,Florida
4809,2024-03-04,433.2,residential,California
4810,2024-03-05,912.1,industrial,Ohio
4811,2024-03-06,358.8,residential,Texas
4812,2024-03-07,423.3,residential,New York
4813,2024-03-08,855.8,industrial,Georgia
4814,2024-03-09,582.0,commercial,Ohio
4815,2024-03-10,985.6,industrial,Illinois
4816,2024-03-11,423.5,residential,Texas
4817,2024-03-12,746.3,commercial,Georgia
4818,2024-03-13,392.8,residential,Ohio
4819,2024-03-14,419.8,residential,Ohio
4820,2024-03-15,601.6,commercial,Illinois
4821,2024-03-16,428.7,residential,Georgia
4822,2024-03-17,877.0,industrial,Texas
4823,2024-03-18,651.5,commercial,Ohio
4824,2024-03-19,311.1,residential,New York
4825,2024-03-20,896.8,industrial,California
4826,2024-03-21,759.5,industrial,Ohio
4827,2024-03-22,622.5,commercial,California
4828,2024-03-23,510.5,residential,Florida
4829,2024-03-24,453.3,residential,California
4830,2024-03-25,931.6,industrial,New York
4831,2024-03-26,393.9,residential,Ohio
4832,2024-03-27,402.9,residential,Georgia
4833,2024-03-28,642.3,commercial,Georgia
4834,2024-03-29,856.2,industrial,Texas
4835,2024-03-30,401.5,residential,New York
4836,2024-03-31,338.3,residential,Illinois
4837,2024-04-01,423.4,residential,New York
4838,2024-04-02,304.5,residential,Texas
4839,2024-04-03,781.6,industrial,Georgia
4840,2024-04-04,985.7,industrial,Illinois
4841,2024-04-05,461.6,residential,Ohio
4842,2024-04-06,701.9,commercial,Illinois
4843,2024-04-07,602.5,commercial,Texas
4844,2024-04-08,551.4,commercial,Texas
4845,2024-04-09,879.6,industrial,California
4846,2024-04-10,594.1,commercial,Florida
4847,2024-04-11,697.7,commercial,California
4848,2024-04-12,547.9,commercial,Ohio
4849,2024-04-13,530.7,residential,Illinois
4850,2024-04-14,714.6,commercial,Georgia
4851,2024-04-15,669.6,commercial,Ohio
4852,2024-04-16,860.4,industrial,California
4853,2024-04-17,811.2,industrial,Illinois
4854,2024-04-18,583.5,commercial,Illinois
4855,2024-04-19,648.9,commercial,Illinois
4856,2024-04-20,966.0,industrial,Georgia
4857,2024-04-21,401.3,residential,Illinois
4858,2024-04-22,571.2,commercial,Georgia
4859,2024-04-23,393.0,residential,California
4860,2024-04-24,530.1,commercial,Florida
4861,2024-04-25,339.4,residential,Florida
4862,2024-04-26,894.8,industrial,New York
4863,2024-04-27,835.8,industrial,Ohio
4864,2024-04-28,873.8,industrial,California
4865,2024-04-29,347.6,residential,Texas
4866,2024-04-30,649.3,commercial,Ohio
4867,2024-05-01,375.7,residential,Florida
4868,2024-05-02,651.8,commercial,California
4869,2024-05-03,409.1,residential,California
4870,2024-05-04,935.2,industrial,Illinois
4871,2024-05-05,987.3,industrial,Illinois
4872,2024-05-06,821.3,industrial,Texas
4873,2024-05-07,909.5,industrial,Ohio
4874,2024-05-08,914.3,industrial,Texas
4875,2024-05-09,690.5,commercial,Georgia
4876,2024-05-10,925.1,industrial,California
4877,2024-05-11,487.6,residential,Florida
4878,2024-05-12,708.5,commercial,Ohio
4879,2024-05-13,401.0,residential,Ohio
4880,2024-05-14,732.8,commercial,Florida
4881,2024-05-15,1000.6,industrial,Florida
4882,2024-05-16,371.8,residential,Georgia
4883,2024-05-17,815.7,industrial,Florida
4884,2024-05-18,327.9,residential,Florida
4885,2024-05-19,570.2,commercial,Florida
4886,2024-05-20,674.9,commercial,Illinois
4887,2024-05-21,467.8,residential,Ohio
4888,2024-05-22,414.5,residential,Texas
4889,2024-05-23,663.2,commercial,Texas
4890,2024-05-24,596.8,commercial,Illinois
4891,2024-05-25,440.8,residential,Florida
4892,2024-05-26,882.5,industrial,Texas
4893,2024-05-27,697.7,commercial,California
4894,2024-05-28,406.5,residential,Texas
4895,2024-05-29,626.9,commercial,California
4896,2024-05-30,958.0,industrial,Florida
4897,2024-05-31,754.3,commercial,New York
4898,2024-06-01,509.4,residential,Texas
4899,2024-06-02,453.2,residential,Illinois
4900,2024-06-03,623.0,commercial,California
4901,2024-06-04,439.8,residential,Ohio
4902,2024-06-05,359.5,residential,Florida
4903,2024-06-06,707.1,commercial,Ohio
4904,2024-06-07,849.5,industrial,Texas
4905,2024-06-08,981.0,industrial,Florida
4906,2024-06-09,681.6,commercial,Illinois
4907,2024-06-10,492.8,commercial,California
4908,2024-06-11,748.5,commercial,Texas
4909,2024-06-12,891.6,industrial,Texas
4910,2024-06-13,665.0,commercial,Ohio
4911,2024-06-14,720.5,commercial,Illinois
4912,2024-06-15,922.8,industrial,Illinois
4913,2024-06-16,338.4,residential,California
4914,2024-06-17,890.3,industrial,Georgia
4915,2024-06-18,665.2,commercial,Illinois
4916,2024-06-19,562.2,commercial,Ohio
4917,2024-06-20,1020.1,industrial,New York
4918,2024-06-21,492.1,residential,Illinois
4919,2024-06-22,591.6,commercial,Ohio
4920,2024-06-23,713.4,commercial,Texas
4921,2024-06-24,907.5,industrial,New York
4922,2024-06-25,465.6,residential,New York
4923,2024-06-26,382.7,residential,California
4924,2024-06-27,903.8,industrial,Georgia
4925,2024-06-28,582.1,commercial,Florida
4926,2024-06-29,630.2,commercial,Florida
4927,2024-06-30,852.1,industrial,New York
4928,2024-07-01,561.8,commercial,California
4929,2024-07-02,721.4,commercial,California
4930,2024-07-03,404.0,residential,Florida
4931,2024-07-04,725.0,commercial,Georgia
4932,2024-07-05,767.8,commercial,Florida
4933,2024-07-06,640.4,commercial,Georgia
4934,2024-07-07,467.9,residential,New York
4935,2024-07-08,337.1,residential,Georgia
4936,2024-07-09,614.1,commercial,New York
4937,2024-07-10,343.9,residential,Florida
4938,2024-07-11,694.9,commercial,Ohio
4939,2024-07-12,920.0,industrial,Texas
4940,2024-07-13,602.7,commercial,Florida
4941,2024-07-14,328.0,residential,Texas
4942,2024-07-15,927.2,industrial,Georgia
4943,2024-07-16,398.1,residential,Illinois
4944,2024-07-17,835.5,industrial,New York
4945,2024-07-18,743.8,commercial,Illinois
4946,2024-07-19,407.4,residential,Illinois
4947,2024-07-20,627.1,commercial,Texas
4948,2024-07-21,849.5,industrial,New York
4949,2024-07-22,490.6,commercial,Illinois
4950,2024-07-23,493.4,residential,Ohio
4951,2024-07-24,877.1,industrial,California
4952,2024-07-25,589.0,commercial,Ohio
4953,2024-07-26,659.3,commercial,New York
4954,2024-07-27,626.5,commercial,New York
4955,2024-07-28,640.6,commercial,New York
4956,2024-07-29,631.2,commercial,Georgia
4957,2024-07-30,912.0,industrial,Texas
4958,2024-07-31,854.8,industrial,Florida
4959,2024-08-01,854.4,industrial,California
4960,2024-08-02,431.0,residential,Illinois
4961,2024-08-03,376.3,residential,Illinois
4962,2024-08-04,472.2,residential,Georgia
4963,2024-08-05,410.5,residential,Georgia
4964,2024-08-06,324.2,residential,California
4965,2024-08-07,721.3,commercial,Ohio
4966,2024-08-08,369.7,residential,Florida
4967,2024-08-09,870.4,industrial,Ohio
4968,2024-08-10,818.6,industrial,Illinois
4969,2024-08-11,935.0,industrial,Ohio
4970,2024-08-12,930.9,industrial,Ohio
4971,2024-08-13,637.9,commercial,Illinois
4972,2024-08-14,856.9,industrial,Ohio
4973,2024-08-15,868.3,industrial,Florida
4974,2024-08-16,458.8,residential,Georgia
4975,2024-08-17,910.1,industrial,California
4976,2024-08-18,654.8,commercial,Florida
4977,2024-08-19,898.7,industrial,Florida
4978,2024-08-20,952.7,industrial,Ohio
4979,2024-08-21,620.8,commercial,Georgia
4980,2024-08-22,895.7,industrial,New York
4981,2024-08-23,798.8,commercial,New York
4982,2024-08-24,401.7,residential,Florida
4983,2024-08-25,370.5,residential,Illinois
4984,2024-08-26,337.9,residential,Georgia
4985,2024-08-27,409.9,residential,Texas
4986,2024-08-28,283.4,residential,Florida
4987,2024-08-29,474.9,residential,New York
4988,2024-08-30,415.3,residential,Ohio
4989,2024-08-31,883.7,industrial,Ohio
4990,2024-09-01,383.9,residential,New York
4991,2024-09-02,370.6,residential,Illinois
4992,2024-09-03,873.3,industrial,Texas
4993,2024-09-04,312.8,residential,Ohio
4994,2024-09-05,613.9,commercial,California
4995,2024-09-06,532.6,commercial,Ohio
4996,2024-09-07,341.3,residential,California
4997,2024-09-08,544.9,commercial,Georgia
4998,2024-09-09,406.1,residential,Florida
4999,2024-09-10,645.3,commercial,Georgia
5000,2024-09-11,639.9,commercial,New York
5001,2024-09-12,592.8,commercial,Ohio
5002,2024-09-13,865.5,industrial,Texas
5003,2024-09-14,649.0,commercial,Texas
5004,2024-09-15,863.3,industrial,New York
5005,2024-09-16,900.7,industrial,Georgia
5006,2024-09-17,898.2,industrial,New York
5007,2024-09-18,902.1,industrial,Florida
5008,2024-09-19,584.8,commercial,New York
5009,2024-09-20,669.0,commercial,Illinois
5010,2024-09-21,863.2,industrial,Georgia
5011,2024-09-22,853.5,industrial,Georgia
5012,2024-09-23,837.9,industrial,Illinois
5013,2024-09-24,669.9,commercial,Ohio
5014,2024-09-25,358.5,residential,California
5015,2024-09-26,934.5,industrial,Illinois
5016,2024-09-27,881.3,industrial,Texas
5017,2024-09-28,459.3,residential,Illinois
5018,2024-09-29,565.8,commercial,Illinois
5019,2024-09-30,840.1,industrial,California
5020,2024-10-01,643.9,commercial,Florida
5021,2024-10-02,653.9,commercial,Ohio
5022,2024-10-03,444.7,residential,California
5023,2024-10-04,596.0,commercial,New York
5024,2024-10-05,415.6,residential,Florida
5025,2024-10-06,404.3,residential,Illinois
5026,2024-10-07,713.5,commercial,California
5027,2024-10-08,425.6,residential,Illinois
5028,2024-10-09,723.9,commercial,California
5029,2024-10-10,830.3,industrial,Georgia
5030,2024-10-11,565.7,commercial,California
5031,2024-10-12,442.2,residential,Florida
5032,2024-10-13,578.1,commercial,New York
5033,2024-10-14,658.2,commercial,Texas
5034,2024-10-15,703.3,commercial,Florida
5035,2024-10-16,432.8,residential,New York
5036,2024-10-17,645.4,commercial,Georgia
5037,2024-10-18,419.8,residential,Florida
5038,2024-10-19,339.8,residential,Ohio
5039,2024-10-20,423.4,residential,California
5040,2024-10-21,658.7,commercial,Georgia
5041,2024-10-22,385.1,residential,Georgia
5042,2024-10-23,959.9,industrial,Illinois
5043,2024-10-24,618.4,commercial,New York
5044,2024-10-25,627.5,commercial,Georgia
5045,2024-10-26,704.2,commercial,Texas
5046,2024-10-27,948.2,industrial,Ohio
5047,2024-10-28,460.5,residential,Ohio
5048,2024-10-29,586.9,commercial,Illinois
5049,2024-10-30,859.0,industrial,New York
5050,2024-10-31,356.6,residential,Ohio
5051,2024-11-01,688.0,commercial,New York
5052,2024-11-02,685.9,commercial,Florida
5053,2024-11-03,911.6,industrial,California
5054,2024-11-04,328.8,residential,Georgia
5055,2024-11-05,442.6,residential,Texas
5056,2024-11-06,437.0,residential,California
5057,2024-11-07,929.6,industrial,Illinois
5058,2024-11-08,896.0,industrial,Georgia
5059,2024-11-09,1037.1,industrial,Georgia
5060,2024-11-10,400.1,residential,Florida
5061,2024-11-11,869.1,industrial,Florida
5062,2024-11-12,303.4,residential,Ohio
5063,2024-11-13,456.8,residential,Texas
5064,2024-11-14,959.8,industrial,Illinois
5065,2024-11-15,881.5,industrial,California
5066,2024-11-16,650.6,commercial,New York
5067,2024-11-17,633.1,commercial,Florida
5068,2024-11-18,891.5,industrial,California
5069,2024-11-19,860.1,industrial,Ohio
5070,2024-11-20,671.2,commercial,Georgia
5071,2024-11-21,435.7,residential,Texas
5072,2024-11-22,586.1,commercial,Ohio
5073,2024-11-23,594.1,commercial,Florida
5074,2024-11-24,330.3,residential,Florida
5075,2024-11-25,436.5,residential,New York
5076,2024-11-26,702.3,commercial,Georgia
5077,2024-11-27,744.0,commercial,Florida
5078,2024-11-28,680.5,commercial,Illinois
5079,2024-11-29,660.3,commercial,New York
5080,2024-11-30,328.7,residential,Georgia
5081,2024-12-01,593.0,commercial,Ohio
5082,2024-12-02,659.8,commercial,New York
5083,2024-12-03,697.1,commercial,Ohio
5084,2024-12-04,709.8,commercial,Ohio
5085,2024-12-05,945.2,industrial,Ohio
5086,2024-12-06,919.2,industrial,California
5087,2024-12-07,321.5,residential,New York
5088,2024-12-08,339.3,residential,Georgia
5089,2024-12-09,976.3,industrial,Illinois
5090,2024-12-10,441.0,residential,Illinois
5091,2024-12-11,1031.9,industrial,Illinois
5092,2024-12-12,371.2,residential,Ohio
5093,2024-12-13,1019.1,industrial,California
5094,2024-12-14,847.4,industrial,New York
5095,2024-12-15,909.7,industrial,Florida
5096,2024-12-16,678.4,commercial,Illinois
5097,2024-12-17,357.6,residential,Georgia
5098,2024-12-18,410.1,residential,Georgia
5099,2024-12-19,381.0,residential,Ohio
5100,2024-12-20,850.9,industrial,Illinois
5101,2024-12-21,312.7,residential,Illinois
5102,2024-12-22,853.0,industrial,New York
5103,2024-12-23,689.0,commercial,California
5104,2024-12-24,461.3,residential,New York
5105,2024-12-25,875.1,industrial,Florida
5106,2024-12-26,875.8,industrial,Illinois
5107,2024-12-27,661.6,commercial,Ohio
5108,2024-12-28,689.5,commercial,Illinois
5109,2024-12-29,881.1,industrial,Georgia
5110,2024-12-30,446.6,residential,California
5111,2024-01-01,619.4,commercial,Georgia
5112,2024-01-02,713.3,commercial,Georgia
5113,2024-01-03,534.6,residential,California
5114,2024-01-04,891.1,industrial,California
5115,2024-01-05,955.8,industrial,New York
5116,2024-01-06,618.5,commercial,Illinois
5117,2024-01-07,389.7,residential,Georgia
5118,2024-01-08,981.9,industrial,California
5119,2024-01-09,853.4,industrial,Georgia
5120,2024-01-10,475.8,residential,New York
5121,2024-01-11,617.7,commercial,Texas
5122,2024-01-12,868.0,industrial,Georgia
5123,2024-01-13,985.0,industrial,Texas
5124,2024-01-14,965.0,industrial,Florida
5125,2024-01-15,321.9,residential,Texas
5126,2024-01-16,411.3,residential,California
5127,2024-01-17,503.6,residential,Florida
5128,2024-01-18,442.0,residential,New York
5129,2024-01-19,973.5,industrial,Illinois
5130,2024-01-20,320.9,residential,New York
5131,2024-01-21,395.2,residential,Ohio
5132,2024-01-22,903.8,industrial,California
5133,2024-01-23,876.8,industrial,Texas
5134,2024-01-24,389.3,residential,Georgia
5135,2024-01-25,926.8,industrial,Texas
5136,2024-01-26,912.4,industrial,Georgia
5137,2024-01-27,716.8,commercial,Texas
5138,2024-01-28,935.8,industrial,Illinois
5139,2024-01-29,319.9,residential,Ohio
5140,2024-01-30,321.7,residential,California
5141,2024-01-31,937.9,industrial,Texas
5142,2024-02-01,666.5,commercial,California
5143,2024-02-02,839.1,industrial,Texas
5144,2024-02-03,823.1,industrial,California
5145,2024-02-04,316.1,residential,New York
5146,2024-02-05,357.3,residential,Texas
5147,2024-02-06,657.6,commercial,Ohio
5148,2024-02-07,1007.9,industrial,Texas
5149,2024-02-08,283.8,residential,California
5150,2024-02-09,1010.5,industrial,Illinois
5151,2024-02-10,683.0,commercial,Ohio
5152,2024-02-11,883.0,industrial,Texas
5153,2024-02-12,381.8,residential,New York
5154,2024-02-13,411.0,residential,Illinois
5155,2024-02-14,703.6,commercial,Texas
5156,2024-02-15,763.3,commercial,Illinois
5157,2024-02-16,839.1,industrial,Ohio
5158,2024-02-17,679.2,commercial,Ohio
5159,2024-02-18,665.6,commercial,California
5160,2024-02-19,532.2,residential,Ohio
5161,2024-02-20,821.0,industrial,Ohio
5162,2024-02-21,657.0,commercial,California
5163,2024-02-22,462.7,residential,Texas
5164,2024-02-23,834.7,industrial,Texas
5165,2024-02-24,933.7,industrial,New York
5166,2024-02-25,887.9,industrial,Texas
5167,2024-02-26,670.9,commercial,Georgia
5168,2024-02-27,647.7,commercial,California
5169,2024-02-28,911.7,industrial,California
5170,2024-02-29,433.1,residential,Georgia
5171,2024-03-01,889.1,industrial,New York
5172,2024-03-02,499.1,residential,Georgia
5173,2024-03-03,637.2,commercial,Georgia
5174,2024-03-04,403.4,residential,Illinois
5175,2024-03-05,495.6,residential,Georgia
5176,2024-03-06,629.0,commercial,New York
5177,2024-03-07,643.4,commercial,Illinois
5178,2024-03-08,702.6,commercial,Texas
5179,2024-03-09,543.5,commercial,Georgia
5180,2024-03-10,634.6,commercial,Illinois
5181,2024-03-11,662.1,commercial,Ohio
5182,2024-03-12,583.9,commercial,Ohio
5183,2024-03-13,674.3,commercial,Illinois
5184,2024-03-14,894.5,industrial,Georgia
5185,2024-03-15,1040.0,industrial,Florida
5186,2024-03-16,567.4,commercial,Texas
5187,2024-03-17,884.8,industrial,Illinois
5188,2024-03-18,917.4,industrial,Texas
5189,2024-03-19,550.3,commercial,New York
5190,2024-03-20,992.9,industrial,Florida
5191,2024-03-21,394.4,residential,Texas
5192,2024-03-22,848.8,industrial,Texas
5193,2024-03-23,676.6,commercial,New York
5194,2024-03-24,425.6,residential,Illinois
5195,2024-03-25,567.7,commercial,California
5196,2024-03-26,624.5,commercial,Texas
5197,2024-03-27,945.6,industrial,Georgia
5198,2024-03-28,647.6,commercial,Illinois
5199,2024-03-29,944.4,industrial,Ohio
5200,2024-03-30,321.7,residential,Ohio
5201,2024-03-31,891.6,industrial,New York
5202,2024-04-01,329.1,residential,Georgia
5203,2024-04-02,689.9,commercial,California
5204,2024-04-03,452.2,residential,California
5205,2024-04-04,641.0,commercial,Georgia
5206,2024-04-05,853.0,industrial,New York
5207,2024-04-06,353.9,residential,Georgia
5208,2024-04-07,647.9,commercial,Florida
5209,2024-04-08,822.9,industrial,New York
5210,2024-04-09,701.4,commercial,Georgia
5211,2024-04-10,345.1,residential,Georgia
5212,2024-04-11,361.3,residential,Florida
5213,2024-04-12,474.3,residential,Florida
5214,2024-04-13,363.7,residential,Ohio
5215,2024-04-14,907.5,industrial,Ohio
5216,2024-04-15,538.4,commercial,New York
5217,2024-04-16,693.5,commercial,Texas
5218,2024-04-17,613.9,commercial,Ohio
5219,2024-04-18,489.5,residential,Illinois
5220,2024-04-19,578.5,commercial,California
5221,2024-04-20,519.9,commercial,California
5222,2024-04-21,669.8,commercial,Ohio
5223,2024-04-22,419.3,residential,Florida
5224,2024-04-23,603.7,commercial,Florida
5225,2024-04-24,673.1,commercial,Ohio
5226,2024-04-25,368.7,residential,Ohio
5227,2024-04-26,1011.0,industrial,California
5228,2024-04-27,734.8,commercial,Georgia
5229,2024-04-28,549.6,commercial,Florida
5230,2024-04-29,386.3,residential,Georgia
5231,2024-04-30,877.1,industrial,California
5232,2024-05-01,650.2,commercial,Florida
5233,2024-05-02,969.7,industrial,Ohio
5234,2024-05-03,569.7,commercial,Florida
5235,2024-05-04,584.1,commercial,California
5236,2024-05-05,379.5,residential,California
5237,2024-05-06,638.7,commercial,New York
5238,2024-05-07,433.9,residential,Ohio
5239,2024-05-08,477.0,residential,Texas
5240,2024-05-09,586.3,commercial,Texas
5241,2024-05-10,935.0,industrial,Ohio
5242,2024-05-11,424.6,residential,Florida
5243,2024-05-12,424.6,residential,Ohio
5244,2024-05-13,741.7,commercial,Ohio
5245,2024-05-14,485.2,residential,New York
5246,2024-05-15,632.4,commercial,Texas
5247,2024-05-16,927.8,industrial,New York
5248,2024-05-17,396.2,residential,Ohio
5249,2024-05-18,709.8,commercial,California
5250,2024-05-19,597.0,commercial,California
5251,2024-05-20,438.4,residential,Georgia
5252,2024-05-21,477.6,residential,California
5253,2024-05-22,412.2,residential,New York
5254,2024-05-23,594.6,commercial,New York
5255,2024-05-24,927.6,industrial,California
5256,2024-05-25,381.0,residential,California
5257,2024-05-26,963.4,industrial,Florida
5258,2024-05-27,518.7,commercial,Texas
5259,2024-05-28,969.6,industrial,Ohio
5260,2024-05-29,927.4,industrial,California
5261,2024-05-30,281.6,residential,Florida
5262,2024-05-31,883.9,industrial,Georgia
5263,2024-06-01,368.6,residential,Illinois
5264,2024-06-02,673.9,commercial,Georgia
5265,2024-06-03,989.3,industrial,Texas
5266,2024-06-04,875.2,industrial,Illinois
5267,2024-06-05,934.8,industrial,Georgia
5268,2024-06-06,462.4,residential,California
5269,2024-06-07,357.5,residential,Georgia
5270,2024-06-08,374.0,residential,New York
5271,2024-06-09,393.4,residential,Ohio
5272,2024-06-10,449.9,residential,Illinois
5273,2024-06-11,483.5,residential,New York
5274,2024-06-12,601.1,commercial,California
5275,2024-06-13,398.0,residential,Illinois
5276,2024-06-14,355.1,residential,Ohio
5277,2024-06-15,454.6,residential,New York
5278,2024-06-16,474.9,residential,Illinois
5279,2024-06-17,939.4,industrial,Ohio
5280,2024-06-18,891.6,industrial,California
5281,2024-06-19,943.9,industrial,California
5282,2024-06-20,633.7,commercial,Georgia
5283,2024-06-21,543.0,commercial,New York
5284,2024-06-22,683.0,commercial,Georgia
5285,2024-06-23,357.7,residential,Texas
5286,2024-06-24,332.0,residential,Ohio
5287,2024-06-25,661.2,commercial,Illinois
5288,2024-06-26,697.4,commercial,Illinois
5289,2024-06-27,749.0,commercial,Texas
5290,2024-06-28,905.8,industrial,Georgia
5291,2024-06-29,652.0,commercial,New York
5292,2024-06-30,887.2,industrial,Texas
5293,2024-07-01,254.1,residential,Ohio
5294,2024-07-02,952.1,industrial,Ohio
5295,2024-07-03,924.2,industrial,Illinois
5296,2024-07-04,259.9,residential,Georgia
5297,2024-07-05,347.5,residential,Georgia
5298,2024-07-06,818.2,industrial,New York
5299,2024-07-07,615.5,commercial,Illinois
5300,2024-07-08,761.5,industrial,Texas
5301,2024-07-09,375.9,residential,Illinois
5302,2024-07-10,574.4,commercial,California
5303,2024-07-11,308.2,residential,Illinois
5304,2024-07-12,945.6,industrial,Ohio
5305,2024-07-13,407.4,residential,Florida
5306,2024-07-14,467.6,residential,New York
5307,2024-07-15,760.1,commercial,Texas
5308,2024-07-16,970.4,industrial,Texas
5309,2024-07-17,987.9,industrial,California
5310,2024-07-18,380.6,residential,Georgia
5311,2024-07-19,594.2,commercial,Georgia
5312,2024-07-20,757.5,industrial,Texas
5313,2024-07-21,758.5,commercial,California
5314,2024-07-22,1047.5,industrial,New York
5315,2024-07-23,888.5,industrial,Florida
5316,2024-07-24,884.3,industrial,Illinois
5317,2024-07-25,768.4,commercial,Florida
5318,2024-07-26,959.2,industrial,New York
5319,2024-07-27,946.6,industrial,Ohio
5320,2024-07-28,873.1,industrial,Ohio
5321,2024-07-29,645.8,commercial,California
5322,2024-07-30,283.0,residential,Illinois
5323,2024-07-31,432.4,residential,Texas
5324,2024-08-01,629.8,commercial,Ohio
5325,2024-08-02,972.1,industrial,California
5326,2024-08-03,957.8,industrial,Illinois
5327,2024-08-04,840.1,industrial,Illinois
5328,2024-08-05,898.5,industrial,Ohio
5329,2024-08-06,439.6,residential,California
5330,2024-08-07,561.9,commercial,Ohio
5331,2024-08-08,858.3,industrial,Florida
5332,2024-08-09,559.9,commercial,Georgia
5333,2024-08-10,724.0,commercial,Illinois
5334,2024-08-11,345.7,residential,Georgia
5335,2024-08-12,781.5,commercial,Texas
5336,2024-08-13,467.6,residential,California
5337,2024-08-14,887.1,industrial,Illinois
5338,2024-08-15,686.5,commercial,Georgia
5339,2024-08-16,855.4,industrial,Georgia
5340,2024-08-17,455.4,residential,Georgia
5341,2024-08-18,936.4,industrial,New York
5342,2024-08-19,963.6,industrial,Florida
5343,2024-08-20,463.2,residential,Illinois
5344,2024-08-21,335.0,residential,California
5345,2024-08-22,570.5,commercial,New York
5346,2024-08-23,955.1,industrial,California
5347,2024-08-24,583.2,commercial,California
5348,2024-08-25,945.5,industrial,New York
5349,2024-08-26,471.0,residential,Florida
5350,2024-08-27,380.3,residential,California
5351,2024-08-28,336.1,residential,California
5352,2024-08-29,639.7,commercial,California
5353,2024-08-30,906.5,industrial,Illinois
5354,2024-08-31,441.8,residential,Illinois
5355,2024-09-01,889.1,industrial,Ohio
5356,2024-09-02,629.7,commercial,Ohio
5357,2024-09-03,659.6,commercial,Ohio
5358,2024-09-04,424.7,residential,Georgia
5359,2024-09-05,886.9,industrial,California
5360,2024-09-06,835.4,industrial,Ohio
5361,2024-09-07,838.3,industrial,Ohio
5362,2024-09-08,614.2,commercial,New York
5363,2024-09-09,936.5,industrial,California
5364,2024-09-10,654.9,commercial,Florida
5365,2024-09-11,739.0,commercial,Ohio
5366,2024-09-12,429.4,residential,Texas
5367,2024-09-13,636.8,commercial,Florida
5368,2024-09-14,373.3,residential,Texas
5369,2024-09-15,473.3,residential,Georgia
5370,2024-09-16,937.0,industrial,Illinois
5371,2024-09-17,780.7,industrial,Texas
5372,2024-09-18,403.9,residential,Florida
5373,2024-09-19,442.7,residential,Florida
5374,2024-09-20,822.2,industrial,California
5375,2024-09-21,386.4,residential,New York
5376,2024-09-22,528.1,residential,Florida
5377,2024-09-23,337.0,residential,Ohio
5378,2024-09-24,759.9,industrial,Florida
5379,2024-09-25,852.7,industrial,Illinois
5380,2024-09-26,670.5,commercial,California
5381,2024-09-27,944.8,industrial,New York
5382,2024-09-28,394.0,residential,Georgia
5383,2024-09-29,899.0,industrial,New York
5384,2024-09-30,544.5,commercial,Ohio
5385,2024-10-01,348.0,residential,Texas
5386,2024-10-02,824.4,industrial,Ohio
5387,2024-10-03,688.5,commercial,Florida
5388,2024-10-04,956.8,industrial,Texas
5389,2024-10-05,634.5,commercial,California
5390,2024-10-06,928.9,industrial,Texas
5391,2024-10-07,318.8,residential,Ohio
5392,2024-10-08,320.0,residential,Texas
5393,2024-10-09,595.9,commercial,California
5394,2024-10-10,564.8,commercial,Illinois
5395,2024-10-11,793.1,commercial,Georgia
5396,2024-10-12,674.6,commercial,New York
5397,2024-10-13,588.3,commercial,Ohio
5398,2024-10-14,1051.5,industrial,Ohio
5399,2024-10-15,674.5,commercial,Florida
5400,2024-10-16,370.4,residential,Ohio
5401,2024-10-17,666.7,commercial,New York
5402,2024-10-18,926.0,industrial,Ohio
5403,2024-10-19,948.2,industrial,Texas
5404,2024-10-20,385.0,residential,New York
5405,2024-10-21,342.8,residential,New York
5406,2024-10-22,852.8,industrial,Illinois
5407,2024-10-23,779.6,commercial,Florida
5408,2024-10-24,402.9,residential,New York
5409,2024-10-25,446.1,residential,Ohio
5410,2024-10-26,698.6,commercial,Ohio
5411,2024-10-27,602.0,commercial,Florida
5412,2024-10-28,996.1,industrial,Georgia
5413,2024-10-29,334.0,residential,New York
5414,2024-10-30,354.1,residential,California
5415,2024-10-31,861.3,industrial,California
5416,2024-11-01,612.8,commercial,New York
5417,2024-11-02,895.3,industrial,California
5418,2024-11-03,357.7,residential,California
5419,2024-11-04,850.5,industrial,Illinois
5420,2024-11-05,678.6,commercial,Florida
5421,2024-11-06,673.2,commercial,California
5422,2024-11-07,955.7,industrial,Ohio
5423,2024-11-08,344.3,residential,Illinois
5424,2024-11-09,645.9,commercial,New York
5425,2024-11-10,384.3,residential,Texas
5426,2024-11-11,555.6,commercial,New York
5427,2024-11-12,841.4,industrial,Ohio
5428,2024-11-13,900.6,industrial,Ohio
5429,2024-11-14,606.4,commercial,Florida
5430,2024-11-15,883.6,industrial,Georgia
5431,2024-11-16,839.5,industrial,Texas
5432,2024-11-17,491.7,residential,Florida
5433,2024-11-18,801.6,industrial,Ohio
5434,2024-11-19,944.6,industrial,New York
5435,2024-11-20,869.3,industrial,Illinois
5436,2024-11-21,331.4,residential,Texas
5437,2024-11-22,474.7,residential,Illinois
5438,2024-11-23,666.3,commercial,Ohio
5439,2024-11-24,888.2,industrial,Illinois
5440,2024-11-25,610.9,commercial,Illinois
5441,2024-11-26,563.5,commercial,Georgia
5442,2024-11-27,654.5,commercial,Georgia
5443,2024-11-28,894.9,industrial,California
5444,2024-11-29,516.1,commercial,Texas
5445,2024-11-30,860.1,industrial,Illinois
5446,2024-12-01,476.0,residential,Illinois
5447,2024-12-02,637.9,commercial,Illinois
5448,2024-12-03,460.3,residential,California
5449,2024-12-04,823.9,industrial,Georgia
5450,2024-12-05,390.3,residential,Florida
5451,2024-12-06,766.8,commercial,California
5452,2024-12-07,431.6,residential,Ohio
5453,2024-12-08,695.2,commercial,California
5454,2024-12-09,734.7,commercial,California
5455,2024-12-10,842.1,industrial,Florida
5456,2024-12-11,584.1,commercial,Georgia
5457,2024-12-12,335.3,residential,Ohio
5458,2024-12-13,407.9,residential,California
5459,2024-12-14,416.8,residential,Florida
5460,2024-12-15,863.5,industrial,Ohio
5461,2024-12-16,606.9,commercial,Texas
5462,2024-12-17,779.9,industrial,Illinois
5463,2024-12-18,877.9,industrial,Ohio
5464,2024-12-19,689.2,commercial,Florida
5465,2024-12-20,962.4,industrial,New York
5466,2024-12-21,911.8,industrial,Texas
5467,2024-12-22,891.8,industrial,California
5468,2024-12-23,330.3,residential,Texas
5469,2024-12-24,333.5,residential,Texas
5470,2024-12-25,962.7,industrial,Florida
5471,2024-12-26,651.2,commercial,California
5472,2024-12-27,754.6,industrial,Ohio
5473,2024-12-28,394.9,residential,Texas
5474,2024-12-29,713.1,commercial,New York
5475,2024-12-30,633.8,commercial,Illinois
5476,2024-01-01,454.1,residential,Florida
5477,2024-01-02,284.3,residential,California
5478,2024-01-03,407.5,residential,Texas
5479,2024-01-04,410.5,residential,Georgia
5480,2024-01-05,582.6,commercial,New York
5481,2024-01-06,653.2,commercial,Florida
5482,2024-01-07,342.4,residential,Illinois
5483,2024-01-08,687.5,commercial,Texas
5484,2024-01-09,712.1,commercial,Ohio
5485,2024-01-10,911.9,industrial,Florida
5486,2024-01-11,881.1,industrial,Texas
5487,2024-01-12,551.5,commercial,Illinois
5488,2024-01-13,412.8,residential,Georgia
5489,2024-01-14,838.9,industrial,Georgia
5490,2024-01-15,930.5,industrial,Georgia
5491,2024-01-16,582.3,commercial,Texas
5492,2024-01-17,366.9,residential,Florida
5493,2024-01-18,309.4,residential,California
5494,2024-01-19,891.5,industrial,New York
5495,2024-01-20,711.3,commercial,Georgia
5496,2024-01-21,946.7,industrial,Illinois
5497,2024-01-22,714.3,commercial,New York
5498,2024-01-23,927.5,industrial,New York
5499,2024-01-24,926.8,industrial,Texas
5500,2024-01-25,480.0,residential,Georgia
5501,2024-01-26,619.9,commercial,California
5502,2024-01-27,936.9,industrial,Florida
5503,2024-01-28,580.4,commercial,Illinois
5504,2024-01-29,560.0,commercial,Georgia
5505,2024-01-30,425.9,residential,California
5506,2024-01-31,622.6,commercial,Georgia
5507,2024-02-01,898.7,industrial,New York
5508,2024-02-02,514.6,residential,Illinois
5509,2024-02-03,853.1,industrial,Georgia
5510,2024-02-04,663.4,commercial,Georgia
5511,2024-02-05,931.9,industrial,Florida
5512,2024-02-06,469.8,residential,California
5513,2024-02-07,944.9,industrial,Georgia
5514,2024-02-08,374.3,residential,Texas
5515,2024-02-09,479.7,commercial,California
5516,2024-02-10,1001.6,industrial,Texas
5517,2024-02-11,869.5,industrial,Ohio
5518,2024-02-12,371.6,residential,Georgia
5519,2024-02-13,624.8,commercial,Georgia
5520,2024-02-14,1016.3,industrial,New York
5521,2024-02-15,992.4,industrial,Illinois
5522,2024-02-16,921.1,industrial,New York
5523,2024-02-17,934.3,industrial,Illinois
5524,2024-02-18,458.3,residential,Ohio
5525,2024-02-19,665.6,commercial,Texas
5526,2024-02-20,891.8,industrial,Illinois
5527,2024-02-21,930.3,industrial,Texas
5528,2024-02-22,649.9,commercial,Texas
5529,2024-02-23,881.8,industrial,Illinois
5530,2024-02-24,778.3,commercial,Ohio
5531,2024-02-25,326.4,residential,Georgia
5532,2024-02-26,978.3,industrial,New York
5533,2024-02-27,873.2,industrial,Texas
5534,2024-02-28,602.9,commercial,Texas
5535,2024-02-29,737.6,commercial,California
5536,2024-03-01,922.1,industrial,California
5537,2024-03-02,945.8,industrial,New York
5538,2024-03-03,877.2,industrial,Florida
5539,2024-03-04,635.6,commercial,Florida
5540,2024-03-05,905.4,industrial,Texas
5541,2024-03-06,866.0,industrial,Texas
5542,2024-03-07,474.7,commercial,Ohio
5543,2024-03-08,908.2,industrial,California
5544,2024-03-09,384.5,residential,New York
5545,2024-03-10,445.1,residential,Georgia
5546,2024-03-11,771.1,industrial,Illinois
5547,2024-03-12,338.5,residential,Ohio
5548,2024-03-13,522.0,residential,California
5549,2024-03-14,607.8,commercial,Florida
5550,2024-03-15,626.5,commercial,Florida
5551,2024-03-16,942.5,industrial,Texas
5552,2024-03-17,707.8,commercial,Texas
5553,2024-03-18,924.6,industrial,New York
5554,2024-03-19,299.7,residential,New York
5555,2024-03-20,906.9,industrial,Texas
5556,2024-03-21,815.5,industrial,Georgia
5557,2024-03-22,609.6,commercial,Texas
5558,2024-03-23,438.7,residential,New York
5559,2024-03-24,690.9,commercial,Georgia
5560,2024-03-25,870.7,industrial,Texas
5561,2024-03-26,1005.7,industrial,California
5562,2024-03-27,317.2,residential,California
5563,2024-03-28,929.1,industrial,Texas
5564,2024-03-29,661.7,commercial,Illinois
5565,2024-03-30,443.7,residential,Ohio
5566,2024-03-31,441.0,residential,Illinois
5567,2024-04-01,670.7,commercial,Illinois
5568,2024-04-02,959.5,industrial,Ohio
5569,2024-04-03,887.2,industrial,Illinois
5570,2024-04-04,595.5,commercial,California
5571,2024-04-05,407.1,residential,Ohio
5572,2024-04-06,1008.7,industrial,Texas
5573,2024-04-07,669.7,commercial,New York
5574,2024-04-08,392.2,residential,Ohio
5575,2024-04-09,853.3,industrial,Illinois
5576,2024-04-10,353.7,residential,New York
5577,2024-04-11,605.1,commercial,Ohio
5578,2024-04-12,364.4,residential,Georgia
5579,2024-04-13,464.6,residential,California
5580,2024-04-14,567.0,commercial,New York
5581,2024-04-15,909.5,industrial,California
5582,2024-04-16,902.6,industrial,California
5583,2024-04-17,905.2,industrial,Illinois
5584,2024-04-18,356.7,residential,Illinois
5585,2024-04-19,1037.4,industrial,Georgia
5586,2024-04-20,501.3,commercial,Florida
5587,2024-04-21,588.1,commercial,Texas
5588,2024-04-22,471.4,residential,Georgia
5589,2024-04-23,839.2,industrial,Florida
5590,2024-04-24,587.1,commercial,Ohio
5591,2024-04-25,1002.2,industrial,California
5592,2024-04-26,622.9,commercial,Georgia
5593,2024-04-27,390.9,residential,Texas
5594,2024-04-28,325.7,residential,Illinois
5595,2024-04-29,794.6,industrial,Georgia
5596,2024-04-30,587.5,commercial,Ohio
5597,2024-05-01,925.6,industrial,California
5598,2024-05-02,300.9,residential,Florida
5599,2024-05-03,1016.6,industrial,Illinois
5600,2024-05-04,729.0,commercial,Florida
5601,2024-05-05,626.8,commercial,Illinois
5602,2024-05-06,665.0,commercial,Illinois
5603,2024-05-07,431.7,residential,Georgia
5604,2024-05-08,982.8,industrial,Georgia
5605,2024-05-09,874.9,industrial,Illinois
5606,2024-05-10,827.6,industrial,California
5607,2024-05-11,299.0,residential,Ohio
5608,2024-05-12,354.8,residential,Georgia
5609,2024-05-13,672.7,commercial,Texas
5610,2024-05-14,625.7,commercial,Georgia
5611,2024-05-15,973.2,industrial,New York
5612,2024-05-16,375.1,residential,New York
5613,2024-05-17,501.6,residential,Georgia
5614,2024-05-18,631.1,commercial,Ohio
5615,2024-05-19,679.7,commercial,Florida
5616,2024-05-20,973.8,industrial,Texas
5617,2024-05-21,552.0,residential,Georgia
5618,2024-05-22,1000.6,industrial,New York
5619,2024-05-23,746.1,commercial,California
5620,2024-05-24,668.0,commercial,Georgia
5621,2024-05-25,985.5,industrial,Florida
5622,2024-05-26,497.5,residential,Illinois
5623,2024-05-27,629.3,commercial,New York
5624,2024-05-28,338.0,residential,Texas
5625,2024-05-29,644.7,commercial,New York
5626,2024-05-30,651.2,commercial,Illinois
5627,2024-05-31,619.6,commercial,Ohio
5628,2024-06-01,806.5,industrial,Ohio
5629,2024-06-02,408.0,residential,Florida
5630,2024-06-03,383.9,residential,Georgia
5631,2024-06-04,907.7,industrial,California
5632,2024-06-05,915.2,industrial,Texas
5633,2024-06-06,418.2,residential,Illinois
5634,2024-06-07,388.6,residential,Georgia
5635,2024-06-08,1008.0,industrial,New York
5636,2024-06-09,356.5,residential,New York
5637,2024-06-10,448.6,residential,Florida
5638,2024-06-11,568.7,commercial,California
5639,2024-06-12,686.8,commercial,Ohio
5640,2024-06-13,591.5,commercial,Texas
5641,2024-06-14,568.2,commercial,Texas
5642,2024-06-15,890.5,industrial,Ohio
5643,2024-06-16,675.6,commercial,Texas
5644,2024-06-17,483.9,residential,Georgia
5645,2024-06-18,940.6,industrial,California
5646,2024-06-19,480.5,residential,Georgia
5647,2024-06-20,730.6,commercial,Ohio
5648,2024-06-21,873.0,industrial,Illinois
5649,2024-06-22,462.3,residential,Illinois
5650,2024-06-23,561.0,commercial,New York
5651,2024-06-24,918.3,industrial,Ohio
5652,2024-06-25,813.2,industrial,Illinois
5653,2024-06-26,329.1,residential,New York
5654,2024-06-27,575.9,commercial,Illinois
5655,2024-06-28,374.0,residential,California
5656,2024-06-29,754.8,commercial,Georgia
5657,2024-06-30,508.0,residential,New York
5658,2024-07-01,753.2,commercial,Georgia
5659,2024-07-02,622.7,commercial,California
5660,2024-07-03,918.2,industrial,Texas
5661,2024-07-04,821.8,industrial,Georgia
5662,2024-07-05,865.3,industrial,Georgia
5663,2024-07-06,840.7,industrial,Illinois
5664,2024-07-07,903.7,industrial,Florida
5665,2024-07-08,428.2,residential,New York
5666,2024-07-09,637.2,commercial,Ohio
5667,2024-07-10,428.0,residential,Florida
5668,2024-07-11,954.4,industrial,California
5669,2024-07-12,837.7,industrial,Florida
5670,2024-07-13,1042.3,industrial,Georgia
5671,2024-07-14,374.4,residential,California
5672,2024-07-15,335.1,residential,Georgia
5673,2024-07-16,480.4,residential,Georgia
5674,2024-07-17,765.3,industrial,California
5675,2024-07-18,416.2,residential,Georgia
5676,2024-07-19,743.8,commercial,New York
5677,2024-07-20,401.4,residential,Florida
5678,2024-07-21,826.6,industrial,Georgia
5679,2024-07-22,864.4,industrial,Texas
5680,2024-07-23,603.5,commercial,Florida
5681,2024-07-24,647.1,commercial,Ohio
5682,2024-07-25,995.6,industrial,Texas
5683,2024-07-26,387.1,residential,Florida
5684,2024-07-27,873.6,industrial,California
5685,2024-07-28,511.4,residential,Illinois
5686,2024-07-29,1009.0,industrial,Texas
5687,2024-07-30,770.7,industrial,Ohio
5688,2024-07-31,674.6,commercial,Ohio
5689,2024-08-01,893.0,industrial,Illinois
5690,2024-08-02,473.4,residential,New York
5691,2024-08-03,545.8,commercial,Florida
5692,2024-08-04,870.9,industrial,Georgia
5693,2024-08-05,948.0,industrial,Texas
5694,2024-08-06,919.3,industrial,Florida
5695,2024-08-07,514.3,residential,New York
5696,2024-08-08,624.4,commercial,California
5697,2024-08-09,590.8,commercial,Illinois
5698,2024-08-10,901.9,industrial,Illinois
5699,2024-08-11,387.1,residential,California
5700,2024-08-12,652.3,commercial,New York
5701,2024-08-13,687.1,commercial,Ohio
5702,2024-08-14,922.9,industrial,Florida
5703,2024-08-15,880.9,industrial,Georgia
5704,2024-08-16,593.4,commercial,Ohio
5705,2024-08-17,434.6,residential,Illinois
5706,2024-08-18,905.6,industrial,Illinois
5707,2024-08-19,360.6,residential,Ohio
5708,2024-08-20,403.4,residential,Georgia
5709,2024-08-21,781.8,industrial,Florida
5710,2024-08-22,544.3,residential,Ohio
5711,2024-08-23,946.7,industrial,Texas
5712,2024-08-24,383.0,residential,Florida
5713,2024-08-25,314.8,residential,Ohio
5714,2024-08-26,689.9,commercial,Georgia
5715,2024-08-27,333.1,residential,New York
5716,2024-08-28,935.7,industrial,California
5717,2024-08-29,988.5,industrial,Florida
5718,2024-08-30,691.6,commercial,Ohio
5719,2024-08-31,952.5,industrial,Georgia
5720,2024-09-01,432.5,residential,Florida
5721,2024-09-02,444.5,residential,Illinois
5722,2024-09-03,642.5,commercial,Florida
5723,2024-09-04,601.8,commercial,Illinois
5724,2024-09-05,868.7,industrial,Ohio
5725,2024-09-06,626.1,commercial,California
5726,2024-09-07,281.5,residential,Texas
5727,2024-09-08,1088.4,industrial,Texas
5728,2024-09-09,302.9,residential,Illinois
5729,2024-09-10,740.6,commercial,New York
5730,2024-09-11,957.4,industrial,Ohio
5731,2024-09-12,870.1,industrial,New York
5732,2024-09-13,677.2,commercial,New York
5733,2024-09-14,285.8,residential,New York
5734,2024-09-15,301.2,residential,New York
5735,2024-09-16,551.8,commercial,California
5736,2024-09-17,933.9,industrial,Illinois
5737,2024-09-18,1070.7,industrial,Illinois
5738,2024-09-19,676.6,commercial,Illinois
5739,2024-09-20,608.8,commercial,Illinois
5740,2024-09-21,906.4,industrial,Georgia
5741,2024-09-22,680.8,commercial,Florida
5742,2024-09-23,436.4,residential,Ohio
5743,2024-09-24,377.4,residential,New York
5744,2024-09-25,751.7,commercial,Illinois
5745,2024-09-26,836.1,industrial,Georgia
5746,2024-09-27,880.5,industrial,Ohio
5747,2024-09-28,611.6,commercial,Illinois
5748,2024-09-29,662.1,commercial,Georgia
5749,2024-09-30,786.2,commercial,Texas
5750,2024-10-01,740.2,commercial,Florida
5751,2024-10-02,1032.7,industrial,Texas
5752,2024-10-03,878.3,industrial,California
5753,2024-10-04,724.3,commercial,New York
5754,2024-10-05,615.0,commercial,New York
5755,2024-10-06,870.0,industrial,California
5756,2024-10-07,733.0,commercial,Georgia
5757,2024-10-08,630.7,commercial,Georgia
5758,2024-10-09,564.9,commercial,Florida
5759,2024-10-10,683.4,commercial,Ohio
5760,2024-10-11,394.4,residential,Illinois
5761,2024-10-12,928.0,industrial,Georgia
5762,2024-10-13,729.1,commercial,Texas
5763,2024-10-14,566.3,residential,California
5764,2024-10-15,930.8,industrial,Florida
5765,2024-10-16,963.9,industrial,Florida
5766,2024-10-17,634.4,commercial,California
5767,2024-10-18,584.6,commercial,Texas
5768,2024-10-19,670.7,commercial,Illinois
5769,2024-10-20,380.7,residential,Georgia
5770,2024-10-21,457.0,residential,California
5771,2024-10-22,311.7,residential,Georgia
5772,2024-10-23,959.7,industrial,Georgia
5773,2024-10-24,872.8,industrial,Illinois
5774,2024-10-25,895.1,industrial,Florida
5775,2024-10-26,500.8,residential,Texas
5776,2024-10-27,962.1,industrial,Georgia
5777,2024-10-28,913.2,industrial,Florida
5778,2024-10-29,339.1,residential,Georgia
5779,2024-10-30,670.0,commercial,Georgia
5780,2024-10-31,863.6,industrial,Georgia
5781,2024-11-01,647.2,commercial,Florida
5782,2024-11-02,419.5,residential,California
5783,2024-11-03,519.4,commercial,Georgia
5784,2024-11-04,355.1,residential,Texas
5785,2024-11-05,367.5,residential,Illinois
5786,2024-11-06,607.0,commercial,Texas
5787,2024-11-07,386.1,residential,New York
5788,2024-11-08,338.0,residential,New York
5789,2024-11-09,896.4,industrial,Ohio
5790,2024-11-10,833.6,industrial,Florida
5791,2024-11-11,537.6,commercial,Ohio
5792,2024-11-12,600.0,commercial,New York
5793,2024-11-13,433.3,residential,Georgia
5794,2024-11-14,431.9,residential,Ohio
5795,2024-11-15,363.1,residential,Georgia
5796,2024-11-16,336.0,residential,California
5797,2024-11-17,323.0,residential,Georgia
5798,2024-11-18,935.6,industrial,Georgia
5799,2024-11-19,325.9,residential,Texas
5800,2024-11-20,552.1,commercial,Ohio
5801,2024-11-21,379.9,residential,Georgia
5802,2024-11-22,983.5,industrial,New York
5803,2024-11-23,537.2,commercial,Illinois
5804,2024-11-24,890.4,industrial,Georgia
5805,2024-11-25,864.3,industrial,Texas
5806,2024-11-26,396.4,residential,New York
5807,2024-11-27,648.5,commercial,Florida
5808,2024-11-28,843.7,industrial,Illinois
5809,2024-11-29,640.5,commercial,Illinois
5810,2024-11-30,626.5,commercial,New York
5811,2024-12-01,475.7,residential,Texas
5812,2024-12-02,859.0,industrial,California
5813,2024-12-03,830.3,commercial,Ohio
5814,2024-12-04,611.7,commercial,Florida
5815,2024-12-05,1022.6,industrial,California
5816,2024-12-06,373.1,residential,Illinois
5817,2024-12-07,677.8,commercial,Georgia
5818,2024-12-08,923.0,industrial,Florida
5819,2024-12-09,510.7,residential,Texas
5820,2024-12-10,664.8,commercial,New York
5821,2024-12-11,448.8,residential,New York
5822,2024-12-12,906.4,industrial,California
5823,2024-12-13,841.0,industrial,Texas
5824,2024-12-14,904.3,industrial,Ohio
5825,2024-12-15,930.0,industrial,Georgia
5826,2024-12-16,304.8,residential,Illinois
5827,2024-12-17,580.0,commercial,New York
5828,2024-12-18,913.4,industrial,Texas
5829,2024-12-19,860.8,industrial,Texas
5830,2024-12-20,446.5,residential,Georgia
5831,2024-12-21,625.3,commercial,Texas
5832,2024-12-22,474.1,residential,Ohio
5833,2024-12-23,292.4,residential,Texas
5834,2024-12-24,352.3,residential,Illinois
5835,2024-12-25,568.9,commercial,California
5836,2024-12-26,672.4,commercial,New York
5837,2024-12-27,614.7,commercial,New York
5838,2024-12-28,849.4,industrial,Georgia
5839,2024-12-29,771.3,industrial,Georgia
5840,2024-12-30,625.5,commercial,New York
5841,2024-01-01,945.6,industrial,New York
5842,2024-01-02,696.0,commercial,California
5843,2024-01-03,831.4,industrial,Texas
5844,2024-01-04,336.6,residential,Illinois
5845,2024-01-05,907.6,industrial,Georgia
5846,2024-01-06,906.1,industrial,California
5847,2024-01-07,595.8,commercial,California
5848,2024-01-08,441.2,residential,Georgia
5849,2024-01-09,1068.0,industrial,California
5850,2024-01-10,367.9,residential,Ohio
5851,2024-01-11,450.8,residential,Ohio
5852,2024-01-12,673.8,commercial,New York
5853,2024-01-13,667.6,commercial,Georgia
5854,2024-01-14,978.2,industrial,New York
5855,2024-01-15,273.1,residential,New York
5856,2024-01-16,904.9,industrial,Illinois
5857,2024-01-17,867.0,industrial,Illinois
5858,2024-01-18,572.1,commercial,New York
5859,2024-01-19,948.5,industrial,Texas
5860,2024-01-20,371.1,residential,California
5861,2024-01-21,954.9,industrial,Florida
5862,2024-01-22,683.3,commercial,California
5863,2024-01-23,420.2,residential,Florida
5864,2024-01-24,418.3,residential,Illinois
5865,2024-01-25,422.5,residential,Ohio
5866,2024-01-26,925.9,industrial,Ohio
5867,2024-01-27,933.2,industrial,Georgia
5868,2024-01-28,463.2,residential,Texas
5869,2024-01-29,659.1,commercial,California
5870,2024-01-30,605.6,commercial,New York
5871,2024-01-31,864.5,industrial,Illinois
5872,2024-02-01,914.2,industrial,Florida
5873,2024-02-02,631.1,commercial,Ohio
5874,2024-02-03,886.1,industrial,Georgia
5875,2024-02-04,823.6,industrial,Georgia
5876,2024-02-05,950.6,industrial,Texas
5877,2024-02-06,602.8,commercial,Florida
5878,2024-02-07,888.4,industrial,Illinois
5879,2024-02-08,606.8,commercial,California
5880,2024-02-09,855.2,industrial,New York
5881,2024-02-10,617.0,commercial,Illinois
5882,2024-02-11,933.0,industrial,Georgia
5883,2024-02-12,957.7,industrial,Texas
5884,2024-02-13,408.8,residential,Georgia
5885,2024-02-14,451.0,residential,California
5886,2024-02-15,377.3,residential,California
5887,2024-02-16,622.8,commercial,Georgia
5888,2024-02-17,708.7,commercial,Ohio
5889,2024-02-18,805.7,industrial,California
5890,2024-02-19,447.3,residential,New York
5891,2024-02-20,737.1,commercial,Georgia
5892,2024-02-21,884.7,industrial,Texas
5893,2024-02-22,894.8,industrial,Illinois
5894,2024-02-23,803.1,industrial,Georgia
5895,2024-02-24,400.9,residential,Texas
5896,2024-02-25,638.9,commercial,Texas
5897,2024-02-26,503.3,residential,Illinois
5898,2024-02-27,268.7,residential,Texas
5899,2024-02-28,425.1,residential,Illinois
5900,2024-02-29,320.7,residential,Florida
5901,2024-03-01,1065.5,industrial,Florida
5902,2024-03-02,383.8,residential,Florida
5903,2024-03-03,803.3,commercial,Ohio
5904,2024-03-04,940.8,industrial,Florida
5905,2024-03-05,665.1,commercial,Florida
5906,2024-03-06,913.7,industrial,Georgia
5907,2024-03-07,400.5,residential,Ohio
5908,2024-03-08,656.8,commercial,Illinois
5909,2024-03-09,321.8,residential,Ohio
5910,2024-03-10,653.8,commercial,California
5911,2024-03-11,620.4,commercial,Illinois
5912,2024-03-12,412.6,residential,California
5913,2024-03-13,641.3,commercial,Florida
5914,2024-03-14,322.3,residential,Florida
5915,2024-03-15,467.7,residential,Texas
5916,2024-03-16,501.8,commercial,Ohio
5917,2024-03-17,500.5,commercial,Georgia
5918,2024-03-18,531.2,commercial,Georgia
5919,2024-03-19,271.0,residential,Illinois
5920,2024-03-20,648.8,commercial,Texas
5921,2024-03-21,579.3,commercial,California
5922,2024-03-22,915.6,industrial,New York
5923,2024-03-23,725.8,commercial,California
5924,2024-03-24,404.4,residential,Florida
5925,2024-03-25,365.8,residential,Florida
5926,2024-03-26,391.8,residential,California
5927,2024-03-27,870.2,industrial,Ohio
5928,2024-03-28,322.3,residential,Illinois
5929,2024-03-29,368.7,residential,Ohio
5930,2024-03-30,402.8,residential,California
5931,2024-03-31,562.1,commercial,Georgia
5932,2024-04-01,619.0,commercial,Florida
5933,2024-04-02,921.9,industrial,Ohio
5934,2024-04-03,841.0,industrial,California
5935,2024-04-04,387.5,residential,Ohio
5936,2024-04-05,846.4,industrial,California
5937,2024-04-06,649.1,commercial,Georgia
5938,2024-04-07,885.0,industrial,Georgia
5939,2024-04-08,694.4,commercial,Georgia
5940,2024-04-09,442.5,residential,New York
5941,2024-04-10,429.3,residential,California
5942,2024-04-11,725.1,commercial,New York
5943,2024-04-12,690.8,commercial,Florida
5944,2024-04-13,391.6,residential,Illinois
5945,2024-04-14,983.6,industrial,Georgia
5946,2024-04-15,970.6,industrial,Florida
5947,2024-04-16,840.5,industrial,California
5948,2024-04-17,865.3,industrial,Texas
5949,2024-04-18,880.1,industrial,Georgia
5950,2024-04-19,337.7,residential,Ohio
5951,2024-04-20,697.3,commercial,Ohio
5952,2024-04-21,897.0,industrial,Florida
5953,2024-04-22,517.3,commercial,California
5954,2024-04-23,422.5,residential,New York
5955,2024-04-24,371.8,residential,California
5956,2024-04-25,466.1,residential,Georgia
5957,2024-04-26,704.4,commercial,Georgia
5958,2024-04-27,996.0,industrial,Georgia
5959,2024-04-28,582.4,commercial,Florida
5960,2024-04-29,849.7,industrial,Florida
5961,2024-04-30,660.6,commercial,Georgia
5962,2024-05-01,409.6,residential,California
5963,2024-05-02,653.2,commercial,Georgia
5964,2024-05-03,694.4,commercial,Georgia
5965,2024-05-04,861.9,industrial,Georgia
5966,2024-05-05,713.5,commercial,Florida
5967,2024-05-06,685.9,commercial,New York
5968,2024-05-07,561.7,commercial,Texas
5969,2024-05-08,356.9,residential,New York
5970,2024-05-09,766.5,commercial,New York
5971,2024-05-10,479.6,residential,Ohio
5972,2024-05-11,654.5,commercial,New York
5973,2024-05-12,698.1,commercial,Texas
5974,2024-05-13,950.3,industrial,Florida
5975,2024-05-14,975.1,industrial,California
5976,2024-05-15,390.1,residential,California
5977,2024-05-16,831.3,industrial,Ohio
5978,2024-05-17,942.8,industrial,California
5979,2024-05-18,863.2,industrial,New York
5980,2024-05-19,835.2,industrial,Ohio
5981,2024-05-20,360.8,residential,Texas
5982,2024-05-21,662.4,commercial,Ohio
5983,2024-05-22,533.5,commercial,Texas
5984,2024-05-23,932.6,industrial,Illinois
5985,2024-05-24,666.6,commercial,New York
5986,2024-05-25,630.0,commercial,Ohio
5987,2024-05-26,658.3,commercial,New York
5988,2024-05-27,951.9,industrial,New York
5989,2024-05-28,946.7,industrial,New York
5990,2024-05-29,908.3,industrial,California
5991,2024-05-30,422.8,residential,Texas
5992,2024-05-31,630.5,commercial,New York
5993,2024-06-01,462.1,residential,Ohio
5994,2024-06-02,760.4,industrial,Florida
5995,2024-06-03,449.4,residential,Florida
5996,2024-06-04,421.8,residential,Illinois
5997,2024-06-05,833.5,industrial,California
5998,2024-06-06,851.8,industrial,California
5999,2024-06-07,671.5,commercial,Ohio
6000,2024-06-08,402.5,residential,Ohio
6001,2024-06-09,477.1,residential,California
6002,2024-06-10,271.1,residential,Texas
6003,2024-06-11,854.8,industrial,Illinois
6004,2024-06-12,654.8,commercial,Florida
6005,2024-06-13,909.9,industrial,Texas
6006,2024-06-14,646.5,commercial,New York
6007,2024-06-15,614.4,commercial,Illinois
6008,2024-06-16,894.0,industrial,Georgia
6009,2024-06-17,749.4,commercial,Illinois
6010,2024-06-18,403.4,residential,Texas
6011,2024-06-19,917.4,industrial,Texas
6012,2024-06-20,740.0,commercial,Illinois
6013,2024-06-21,431.5,residential,New York
6014,2024-06-22,620.7,commercial,Illinois
6015,2024-06-23,348.3,residential,Georgia
6016,2024-06-24,801.9,industrial,California
6017,2024-06-25,695.4,commercial,New York
6018,2024-06-26,447.6,residential,Florida
6019,2024-06-27,289.6,residential,Ohio
6020,2024-06-28,878.8,industrial,Ohio
6021,2024-06-29,825.4,industrial,Ohio
6022,2024-06-30,292.2,residential,Ohio
6023,2024-07-01,638.5,commercial,Ohio
6024,2024-07-02,392.5,residential,Texas
6025,2024-07-03,441.0,residential,Georgia
6026,2024-07-04,738.2,commercial,Florida
6027,2024-07-05,395.4,residential,New York
6028,2024-07-06,373.9,residential,Georgia
6029,2024-07-07,652.3,commercial,Ohio
6030,2024-07-08,427.3,residential,California
6031,2024-07-09,699.6,commercial,Illinois
6032,2024-07-10,346.8,residential,Ohio
6033,2024-07-11,736.5,commercial,Texas
6034,2024-07-12,668.0,commercial,Ohio
6035,2024-07-13,406.1,residential,California
6036,2024-07-14,386.0,residential,Illinois
6037,2024-07-15,380.6,residential,Ohio
6038,2024-07-16,296.9,residential,California
6039,2024-07-17,662.7,commercial,Illinois
6040,2024-07-18,897.0,industrial,New York
6041,2024-07-19,825.8,industrial,Illinois
6042,2024-07-20,964.9,industrial,Illinois
6043,2024-07-21,607.6,commercial,Texas
6044,2024-07-22,698.9,commercial,New York
6045,2024-07-23,715.1,commercial,Florida
6046,2024-07-24,919.1,industrial,Texas
6047,2024-07-25,906.9,industrial,New York
6048,2024-07-26,469.1,residential,Texas
6049,2024-07-27,896.9,industrial,Florida
6050,2024-07-28,600.9,commercial,Ohio
6051,2024-07-29,690.9,commercial,New York
6052,2024-07-30,476.1,residential,Texas
6053,2024-07-31,421.0,residential,California
6054,2024-08-01,583.1,commercial,Georgia
6055,2024-08-02,626.6,commercial,California
6056,2024-08-03,340.0,residential,Georgia
6057,2024-08-04,844.3,industrial,Ohio
6058,2024-08-05,941.9,industrial,Texas
6059,2024-08-06,503.7,residential,Ohio
6060,2024-08-07,405.3,residential,Florida
6061,2024-08-08,543.3,commercial,Texas
6062,2024-08-09,653.3,commercial,Texas
6063,2024-08-10,852.8,industrial,Ohio
6064,2024-08-11,1025.3,industrial,California
6065,2024-08-12,577.3,commercial,Illinois
6066,2024-08-13,694.6,commercial,New York
6067,2024-08-14,786.2,commercial,Florida
6068,2024-08-15,418.9,residential,Florida
6069,2024-08-16,740.9,commercial,Illinois
6070,2024-08-17,683.0,commercial,Texas
6071,2024-08-18,911.9,industrial,Florida
6072,2024-08-19,662.2,commercial,Florida
6073,2024-08-20,492.7,residential,Florida
6074,2024-08-21,630.0,commercial,Florida
6075,2024-08-22,408.8,residential,New York
6076,2024-08-23,325.7,residential,Florida
6077,2024-08-24,643.5,commercial,Illinois
6078,2024-08-25,571.0,commercial,New York
6079,2024-08-26,492.1,residential,Florida
6080,2024-08-27,572.4,commercial,Illinois
6081,2024-08-28,511.8,residential,New York
6082,2024-08-29,377.6,residential,Georgia
6083,2024-08-30,871.1,industrial,New York
6084,2024-08-31,783.2,industrial,Illinois
6085,2024-09-01,644.0,commercial,Illinois
6086,2024-09-02,966.3,industrial,Florida
6087,2024-09-03,900.5,industrial,Georgia
6088,2024-09-04,226.8,residential,Texas
6089,2024-09-05,807.3,industrial,Illinois
6090,2024-09-06,953.8,industrial,Ohio
6091,2024-09-07,528.0,commercial,Georgia
6092,2024-09-08,568.9,commercial,Illinois
6093,2024-09-09,372.3,residential,Illinois
6094,2024-09-10,672.7,commercial,Illinois
6095,2024-09-11,680.4,commercial,Ohio
6096,2024-09-12,363.6,residential,California
6097,2024-09-13,322.9,residential,Florida
6098,2024-09-14,953.2,industrial,Ohio
6099,2024-09-15,342.2,residential,Illinois
6100,2024-09-16,974.4,industrial,Ohio
6101,2024-09-17,477.5,residential,New York
6102,2024-09-18,380.3,residential,Florida
6103,2024-09-19,490.6,residential,Illinois
6104,2024-09-20,647.1,commercial,Florida
6105,2024-09-21,589.4,commercial,Georgia
6106,2024-09-22,800.0,industrial,California
6107,2024-09-23,518.1,residential,Illinois
6108,2024-09-24,829.7,industrial,Ohio
6109,2024-09-25,641.6,commercial,Ohio
6110,2024-09-26,446.6,residential,California
6111,2024-09-27,878.5,industrial,Georgia
6112,2024-09-28,802.9,industrial,California
6113,2024-09-29,318.8,residential,Illinois
6114,2024-09-30,906.5,industrial,New York
6115,2024-10-01,665.3,commercial,California
6116,2024-10-02,565.5,commercial,New York
6117,2024-10-03,880.7,industrial,Florida
6118,2024-10-04,625.8,commercial,Texas
6119,2024-10-05,369.0,residential,Ohio
6120,2024-10-06,780.8,industrial,Ohio
6121,2024-10-07,858.4,industrial,Illinois
6122,2024-10-08,612.8,commercial,Illinois
6123,2024-10-09,668.0,commercial,Ohio
6124,2024-10-10,454.8,residential,California
6125,2024-10-11,820.9,industrial,Ohio
6126,2024-10-12,951.3,industrial,Ohio
6127,2024-10-13,662.2,commercial,Illinois
6128,2024-10-14,285.8,residential,Florida
6129,2024-10-15,900.2,industrial,Georgia
6130,2024-10-16,925.7,industrial,Illinois
6131,2024-10-17,379.0,residential,California
6132,2024-10-18,554.4,commercial,Georgia
6133,2024-10-19,715.9,commercial,Ohio
6134,2024-10-20,298.3,residential,Illinois
6135,2024-10-21,610.9,commercial,California
6136,2024-10-22,935.9,industrial,New York
6137,2024-10-23,774.8,industrial,Georgia
6138,2024-10-24,454.9,residential,New York
6139,2024-10-25,661.8,commercial,Florida
6140,2024-10-26,841.6,industrial,New York
6141,2024-10-27,410.0,residential,Florida
6142,2024-10-28,559.3,commercial,Ohio
6143,2024-10-29,967.6,industrial,Georgia
6144,2024-10-30,826.9,industrial,Georgia
6145,2024-10-31,986.8,industrial,Illinois
6146,2024-11-01,932.6,industrial,California
6147,2024-11-02,662.3,commercial,Florida
6148,2024-11-03,903.4,industrial,Texas
6149,2024-11-04,961.1,industrial,Georgia
6150,2024-11-05,454.3,residential,California
6151,2024-11-06,579.8,commercial,New York
6152,2024-11-07,935.8,industrial,Texas
6153,2024-11-08,383.6,residential,California
6154,2024-11-09,942.3,industrial,Florida
6155,2024-11-10,915.4,industrial,Illinois
6156,2024-11-11,648.4,commercial,Illinois
6157,2024-11-12,957.7,industrial,California
6158,2024-11-13,800.0,industrial,Texas
6159,2024-11-14,633.5,commercial,Ohio
6160,2024-11-15,704.3,commercial,Illinois
6161,2024-11-16,584.3,commercial,Florida
6162,2024-11-17,306.0,residential,New York
6163,2024-11-18,597.1,commercial,California
6164,2024-11-19,418.1,residential,Ohio
6165,2024-11-20,853.1,industrial,Illinois
6166,2024-11-21,864.7,industrial,California
6167,2024-11-22,353.3,residential,Illinois
6168,2024-11-23,515.5,residential,Texas
6169,2024-11-24,925.8,industrial,Georgia
6170,2024-11-25,904.7,industrial,Texas
6171,2024-11-26,886.7,industrial,Texas
6172,2024-11-27,365.6,residential,Texas
6173,2024-11-28,691.5,commercial,Texas
6174,2024-11-29,714.1,commercial,Ohio
6175,2024-11-30,587.7,commercial,California
6176,2024-12-01,961.6,industrial,Ohio
6177,2024-12-02,323.8,residential,Ohio
6178,2024-12-03,674.3,commercial,Florida
6179,2024-12-04,460.8,residential,New York
6180,2024-12-05,619.2,commercial,Texas
6181,2024-12-06,687.0,commercial,Ohio
6182,2024-12-07,567.8,commercial,Ohio
6183,2024-12-08,600.0,commercial,Illinois
6184,2024-12-09,635.9,commercial,New York
6185,2024-12-10,1008.5,industrial,Illinois
6186,2024-12-11,576.3,commercial,Ohio
6187,2024-12-12,651.9,commercial,Illinois
6188,2024-12-13,327.7,residential,Illinois
6189,2024-12-14,957.3,industrial,California
6190,2024-12-15,642.3,commercial,Georgia
6191,2024-12-16,684.8,commercial,Illinois
6192,2024-12-17,626.9,commercial,California
6193,2024-12-18,384.6,residential,Florida
6194,2024-12-19,663.9,commercial,New York
6195,2024-12-20,683.2,commercial,New York
6196,2024-12-21,336.0,residential,Ohio
6197,2024-12-22,343.6,residential,New York
6198,2024-12-23,908.0,industrial,Texas
6199,2024-12-24,677.7,commercial,Florida
6200,2024-12-25,855.0,industrial,New York
6201,2024-12-26,753.7,commercial,Georgia
6202,2024-12-27,692.2,commercial,Illinois
6203,2024-12-28,695.8,commercial,New York
6204,2024-12-29,571.3,commercial,Florida
6205,2024-12-30,952.3,industrial,Georgia
6206,2024-01-01,618.0,commercial,Georgia
6207,2024-01-02,1019.2,industrial,Texas
6208,2024-01-03,282.4,residential,Florida
6209,2024-01-04,403.8,residential,New York
6210,2024-01-05,443.2,residential,Illinois
6211,2024-01-06,844.2,industrial,Georgia
6212,2024-01-07,678.2,commercial,Texas
6213,2024-01-08,814.1,industrial,Florida
6214,2024-01-09,414.7,residential,Florida
6215,2024-01-10,673.6,commercial,California
6216,2024-01-11,611.0,commercial,Illinois
6217,2024-01-12,871.7,industrial,Georgia
6218,2024-01-13,421.1,residential,Illinois
6219,2024-01-14,794.2,commercial,Florida
6220,2024-01-15,363.1,residential,Ohio
6221,2024-01-16,941.1,industrial,Georgia
6222,2024-01-17,965.3,industrial,Illinois
6223,2024-01-18,971.2,industrial,California
6224,2024-01-19,597.4,commercial,Ohio
6225,2024-01-20,583.6,commercial,Ohio
6226,2024-01-21,960.2,industrial,Florida
6227,2024-01-22,824.4,industrial,Florida
6228,2024-01-23,656.7,commercial,Georgia
6229,2024-01-24,862.1,industrial,California
6230,2024-01-25,622.0,commercial,Florida
6231,2024-01-26,437.3,residential,Florida
6232,2024-01-27,798.5,industrial,Illinois
6233,2024-01-28,590.8,commercial,New York
6234,2024-01-29,629.4,commercial,New York
6235,2024-01-30,297.7,residential,Georgia
6236,2024-01-31,565.3,commercial,Ohio
6237,2024-02-01,596.4,commercial,California
6238,2024-02-02,1035.7,industrial,Texas
6239,2024-02-03,717.2,commercial,New York
6240,2024-02-04,431.6,residential,Texas
6241,2024-02-05,914.6,industrial,Georgia
6242,2024-02-06,635.4,commercial,California
6243,2024-02-07,858.8,industrial,California
6244,2024-02-08,786.1,industrial,Illinois
6245,2024-02-09,394.8,residential,Florida
6246,2024-02-10,761.7,commercial,Texas
6247,2024-02-11,453.5,residential,Georgia
6248,2024-02-12,298.1,residential,California
6249,2024-02-13,682.7,commercial,Texas
6250,2024-02-14,370.9,residential,Georgia
6251,2024-02-15,888.7,industrial,Illinois
6252,2024-02-16,505.9,commercial,California
6253,2024-02-17,697.7,commercial,Florida
6254,2024-02-18,712.1,commercial,California
6255,2024-02-19,374.7,residential,Illinois
6256,2024-02-20,854.4,industrial,Florida
6257,2024-02-21,857.2,industrial,Texas
6258,2024-02-22,415.8,residential,Illinois
6259,2024-02-23,871.6,industrial,Texas
6260,2024-02-24,978.2,industrial,Florida
6261,2024-02-25,658.8,commercial,Florida
6262,2024-02-26,693.3,commercial,Ohio
6263,2024-02-27,576.7,commercial,Georgia
6264,2024-02-28,950.3,industrial,Ohio
6265,2024-02-29,381.7,residential,California
6266,2024-03-01,569.1,commercial,California
6267,2024-03-02,860.0,industrial,Georgia
6268,2024-03-03,655.0,commercial,Florida
6269,2024-03-04,609.8,commercial,Georgia
6270,2024-03-05,386.6,residential,Florida
6271,2024-03-06,618.2,commercial,California
6272,2024-03-07,932.4,industrial,California
6273,2024-03-08,913.9,industrial,Ohio
6274,2024-03-09,651.0,commercial,Georgia
6275,2024-03-10,381.1,residential,Illinois
6276,2024-03-11,648.7,commercial,Georgia
6277,2024-03-12,633.7,commercial,Georgia
6278,2024-03-13,344.9,residential,Illinois
6279,2024-03-14,918.0,industrial,Georgia
6280,2024-03-15,443.3,residential,California
6281,2024-03-16,906.5,industrial,Ohio
6282,2024-03-17,876.7,industrial,Illinois
6283,2024-03-18,738.6,commercial,Ohio
6284,2024-03-19,699.3,commercial,Florida
6285,2024-03-20,544.7,commercial,Florida
6286,2024-03-21,1010.3,industrial,Texas
6287,2024-03-22,892.4,industrial,Texas
6288,2024-03-23,1004.7,industrial,California
6289,2024-03-24,654.7,commercial,Florida
6290,2024-03-25,441.1,residential,Texas
6291,2024-03-26,478.6,residential,New York
6292,2024-03-27,471.5,residential,Florida
6293,2024-03-28,347.7,residential,California
6294,2024-03-29,851.7,industrial,New York
6295,2024-03-30,580.0,commercial,Georgia
6296,2024-03-31,883.8,industrial,Illinois
6297,2024-04-01,430.4,residential,New York
6298,2024-04-02,350.6,residential,Texas
6299,2024-04-03,858.1,industrial,Georgia
6300,2024-04-04,385.5,residential,New York
6301,2024-04-05,901.9,industrial,New York
6302,2024-04-06,747.4,commercial,Texas
6303,2024-04-07,962.6,industrial,California
6304,2024-04-08,970.4,industrial,Georgia
6305,2024-04-09,486.9,residential,Florida
6306,2024-04-10,653.6,commercial,Illinois
6307,2024-04-11,889.9,industrial,New York
6308,2024-04-12,709.3,commercial,Georgia
6309,2024-04-13,877.2,industrial,Georgia
6310,2024-04-14,847.7,industrial,California
6311,2024-04-15,485.2,residential,Illinois
6312,2024-04-16,879.3,industrial,California
6313,2024-04-17,869.9,industrial,Ohio
6314,2024-04-18,866.8,industrial,Florida
6315,2024-04-19,675.6,commercial,New York
6316,2024-04-20,313.1,residential,Ohio
6317,2024-04-21,636.9,commercial,Illinois
6318,2024-04-22,469.2,residential,New York
6319,2024-04-23,376.0,residential,Georgia
6320,2024-04-24,885.1,industrial,Georgia
6321,2024-04-25,638.8,commercial,Georgia
6322,2024-04-26,552.3,commercial,Illinois
6323,2024-04-27,624.9,commercial,Texas
6324,2024-04-28,880.4,industrial,Ohio
6325,2024-04-29,687.7,commercial,New York
6326,2024-04-30,938.4,industrial,California
6327,2024-05-01,358.1,residential,Georgia
6328,2024-05-02,682.5,commercial,California
6329,2024-05-03,460.0,residential,Ohio
6330,2024-05-04,702.3,commercial,California
6331,2024-05-05,855.5,industrial,Ohio
6332,2024-05-06,683.4,commercial,Georgia
6333,2024-05-07,606.3,commercial,Illinois
6334,2024-05-08,404.5,residential,Illinois
6335,2024-05-09,992.6,industrial,Ohio
6336,2024-05-10,768.9,commercial,Georgia
6337,2024-05-11,790.5,commercial,Ohio
6338,2024-05-12,696.0,commercial,Texas
6339,2024-05-13,887.6,industrial,Illinois
6340,2024-05-14,707.9,commercial,Texas
6341,2024-05-15,412.5,residential,New York
6342,2024-05-16,967.0,industrial,Georgia
6343,2024-05-17,875.4,industrial,Texas
6344,2024-05-18,894.4,industrial,Texas
6345,2024-05-19,401.7,residential,Georgia
6346,2024-05-20,924.7,industrial,Illinois
6347,2024-05-21,472.9,residential,Georgia
6348,2024-05-22,816.2,industrial,Texas
6349,2024-05-23,484.7,residential,Ohio
6350,2024-05-24,668.7,commercial,Georgia
6351,2024-05-25,697.3,commercial,Texas
6352,2024-05-26,500.8,residential,Georgia
6353,2024-05-27,893.4,industrial,Texas
6354,2024-05-28,677.3,commercial,Florida
6355,2024-05-29,634.2,commercial,Georgia
6356,2024-05-30,369.9,residential,Florida
6357,2024-05-31,975.0,industrial,Ohio
6358,2024-06-01,729.4,commercial,Florida
6359,2024-06-02,381.1,residential,Florida
6360,2024-06-03,676.8,commercial,Florida
6361,2024-06-04,636.7,commercial,Georgia
6362,2024-06-05,757.0,commercial,Ohio
6363,2024-06-06,806.1,industrial,Texas
6364,2024-06-07,698.2,commercial,New York
6365,2024-06-08,415.3,residential,California
6366,2024-06-09,885.7,industrial,Florida
6367,2024-06-10,871.9,industrial,Ohio
6368,2024-06-11,473.4,residential,California
6369,2024-06-12,309.3,residential,Georgia
6370,2024-06-13,418.3,residential,New York
6371,2024-06-14,860.9,industrial,Texas
6372,2024-06-15,632.6,commercial,Ohio
6373,2024-06-16,654.9,commercial,California
6374,2024-06-17,954.2,industrial,Georgia
6375,2024-06-18,461.7,residential,Ohio
6376,2024-06-19,753.4,industrial,Georgia
6377,2024-06-20,502.9,residential,Florida
6378,2024-06-21,448.8,residential,Florida
6379,2024-06-22,934.7,industrial,Illinois
6380,2024-06-23,382.8,residential,California
6381,2024-06-24,1037.3,industrial,Ohio
6382,2024-06-25,932.5,industrial,Illinois
6383,2024-06-26,445.3,residential,Ohio
6384,2024-06-27,807.5,industrial,California
6385,2024-06-28,372.6,residential,Illinois
6386,2024-06-29,682.4,commercial,Illinois
6387,2024-06-30,669.7,commercial,Texas
6388,2024-07-01,709.8,commercial,Texas
6389,2024-07-02,420.6,residential,Illinois
6390,2024-07-03,932.9,industrial,Georgia
6391,2024-07-04,396.0,residential,Texas
6392,2024-07-05,420.3,residential,Texas
6393,2024-07-06,667.9,commercial,Florida
6394,2024-07-07,569.7,commercial,California
6395,2024-07-08,700.4,commercial,Texas
6396,2024-07-09,896.9,industrial,Georgia
6397,2024-07-10,931.4,industrial,Illinois
6398,2024-07-11,352.5,residential,California
6399,2024-07-12,704.0,commercial,New York
6400,2024-07-13,933.8,industrial,Georgia
6401,2024-07-14,880.7,industrial,Illinois
6402,2024-07-15,632.3,commercial,California
6403,2024-07-16,447.8,residential,New York
6404,2024-07-17,899.3,industrial,Illinois
6405,2024-07-18,375.0,residential,Illinois
6406,2024-07-19,1014.3,industrial,Florida
6407,2024-07-20,597.4,commercial,Georgia
6408,2024-07-21,908.0,industrial,New York
6409,2024-07-22,384.4,residential,Florida
6410,2024-07-23,324.0,residential,Illinois
6411,2024-07-24,901.7,industrial,New York
6412,2024-07-25,851.9,industrial,California
6413,2024-07-26,391.4,residential,Texas
6414,2024-07-27,949.0,industrial,Illinois
6415,2024-07-28,356.0,residential,Florida
6416,2024-07-29,749.9,commercial,Texas
6417,2024-07-30,827.6,industrial,Florida
6418,2024-07-31,827.2,industrial,Texas
6419,2024-08-01,362.6,residential,Illinois
6420,2024-08-02,872.7,industrial,California
6421,2024-08-03,920.7,industrial,Illinois
6422,2024-08-04,960.7,industrial,Ohio
6423,2024-08-05,692.1,commercial,California
6424,2024-08-06,732.6,commercial,Ohio
6425,2024-08-07,587.9,commercial,Ohio
6426,2024-08-08,415.6,residential,Texas
6427,2024-08-09,455.4,residential,Texas
6428,2024-08-10,874.2,industrial,Illinois
6429,2024-08-11,913.9,industrial,Illinois
6430,2024-08-12,712.9,commercial,Texas
6431,2024-08-13,727.2,commercial,Texas
6432,2024-08-14,612.3,commercial,Texas
6433,2024-08-15,698.0,commercial,Georgia
6434,2024-08-16,440.8,residential,New York
6435,2024-08-17,700.4,commercial,Texas
6436,2024-08-18,862.9,industrial,New York
6437,2024-08-19,546.1,commercial,Illinois
6438,2024-08-20,598.4,commercial,Texas
6439,2024-08-21,928.4,industrial,New York
6440,2024-08-22,931.7,industrial,Georgia
6441,2024-08-23,908.0,industrial,Georgia
6442,2024-08-24,372.4,residential,Florida
6443,2024-08-25,548.1,commercial,Florida
6444,2024-08-26,952.2,industrial,California
6445,2024-08-27,344.1,residential,Georgia
6446,2024-08-28,623.9,commercial,Texas
6447,2024-08-29,384.0,residential,Georgia
6448,2024-08-30,856.3,industrial,Georgia
6449,2024-08-31,364.2,residential,Texas
6450,2024-09-01,689.6,commercial,Georgia
6451,2024-09-02,876.1,industrial,California
6452,2024-09-03,520.3,commercial,Illinois
6453,2024-09-04,931.0,industrial,Florida
6454,2024-09-05,648.8,commercial,Illinois
6455,2024-09-06,998.9,industrial,California
6456,2024-09-07,382.8,residential,Florida
6457,2024-09-08,694.9,commercial,Texas
6458,2024-09-09,635.7,commercial,Georgia
6459,2024-09-10,350.5,residential,Ohio
6460,2024-09-11,638.3,commercial,New York
6461,2024-09-12,381.1,residential,New York
6462,2024-09-13,582.4,commercial,Illinois
6463,2024-09-14,421.9,residential,New York
6464,2024-09-15,597.7,commercial,Texas
6465,2024-09-16,420.0,residential,New York
6466,2024-09-17,579.7,commercial,Illinois
6467,2024-09-18,494.2,commercial,California
6468,2024-09-19,363.6,residential,Florida
6469,2024-09-20,420.8,residential,Texas
6470,2024-09-21,888.7,industrial,Georgia
6471,2024-09-22,721.8,commercial,Ohio
6472,2024-09-23,642.4,commercial,Illinois
6473,2024-09-24,870.4,industrial,Illinois
6474,2024-09-25,823.6,industrial,New York
6475,2024-09-26,833.2,industrial,Florida
6476,2024-09-27,393.2,residential,Georgia
6477,2024-09-28,307.4,residential,Georgia
6478,2024-09-29,332.6,residential,New York
6479,2024-09-30,554.2,commercial,Ohio
6480,2024-10-01,627.5,commercial,Georgia
6481,2024-10-02,660.3,commercial,Illinois
6482,2024-10-03,483.7,residential,New York
6483,2024-10-04,630.9,commercial,Ohio
6484,2024-10-05,423.0,residential,Illinois
6485,2024-10-06,364.8,residential,California
6486,2024-10-07,941.9,industrial,Florida
6487,2024-10-08,407.6,residential,New York
6488,2024-10-09,876.6,industrial,Illinois
6489,2024-10-10,495.4,residential,Georgia
6490,2024-10-11,891.0,industrial,Ohio
6491,2024-10-12,446.6,residential,California
6492,2024-10-13,455.9,residential,Georgia
6493,2024-10-14,840.9,industrial,Texas
6494,2024-10-15,801.2,industrial,New York
6495,2024-10-16,912.1,industrial,Illinois
6496,2024-10-17,626.4,commercial,California
6497,2024-10-18,808.8,industrial,Ohio
6498,2024-10-19,712.3,commercial,New York
6499,2024-10-20,453.2,residential,Florida
6500,2024-10-21,418.5,residential,California
6501,2024-10-22,961.5,industrial,Georgia
6502,2024-10-23,452.6,residential,Texas
6503,2024-10-24,644.1,commercial,Texas
6504,2024-10-25,313.2,residential,Ohio
6505,2024-10-26,609.4,commercial,California
6506,2024-10-27,437.5,residential,Florida
6507,2024-10-28,438.1,residential,Georgia
6508,2024-10-29,527.6,commercial,California
6509,2024-10-30,1069.4,industrial,Texas
6510,2024-10-31,841.3,industrial,Texas
6511,2024-11-01,815.4,industrial,Illinois
6512,2024-11-02,369.3,residential,Texas
6513,2024-11-03,402.8,residential,Georgia
6514,2024-11-04,375.9,residential,Texas
6515,2024-11-05,731.4,commercial,Ohio
6516,2024-11-06,408.7,residential,Texas
6517,2024-11-07,916.3,industrial,California
6518,2024-11-08,404.6,residential,Georgia
6519,2024-11-09,866.7,industrial,Georgia
6520,2024-11-10,515.0,residential,Illinois
6521,2024-11-11,634.1,commercial,Florida
6522,2024-11-12,577.5,commercial,Texas
6523,2024-11-13,433.9,residential,Illinois
6524,2024-11-14,433.6,residential,Ohio
6525,2024-11-15,363.4,residential,Florida
6526,2024-11-16,239.2,residential,California
6527,2024-11-17,413.7,residential,California
6528,2024-11-18,894.9,industrial,Georgia
6529,2024-11-19,392.1,residential,Texas
6530,2024-11-20,646.8,commercial,New York
6531,2024-11-21,635.3,commercial,Illinois
6532,2024-11-22,954.0,industrial,Florida
6533,2024-11-23,533.8,commercial,Texas
6534,2024-11-24,643.3,commercial,Illinois
6535,2024-11-25,302.2,residential,Florida
6536,2024-11-26,488.5,residential,California
6537,2024-11-27,580.4,commercial,Illinois
6538,2024-11-28,920.7,industrial,Texas
6539,2024-11-29,672.6,commercial,Illinois
6540,2024-11-30,982.0,industrial,Illinois
6541,2024-12-01,556.1,commercial,California
6542,2024-12-02,717.5,commercial,Ohio
6543,2024-12-03,628.9,commercial,California
6544,2024-12-04,909.3,industrial,Illinois
6545,2024-12-05,578.5,commercial,Ohio
6546,2024-12-06,447.9,residential,Texas
6547,2024-12-07,340.4,residential,California
6548,2024-12-08,693.8,commercial,Ohio
6549,2024-12-09,927.4,industrial,Georgia
6550,2024-12-10,754.2,commercial,Georgia
6551,2024-12-11,925.7,industrial,Illinois
6552,2024-12-12,812.9,industrial,Texas
6553,2024-12-13,442.1,residential,Ohio
6554,2024-12-14,521.8,commercial,Ohio
6555,2024-12-15,1008.6,industrial,Florida
6556,2024-12-16,415.5,residential,Texas
6557,2024-12-17,986.5,industrial,New York
6558,2024-12-18,661.6,commercial,Ohio
6559,2024-12-19,612.0,commercial,Georgia
6560,2024-12-20,346.3,residential,New York
6561,2024-12-21,952.6,industrial,Illinois
6562,2024-12-22,452.4,residential,Texas
6563,2024-12-23,270.6,residential,Texas
6564,2024-12-24,381.4,residential,California
6565,2024-12-25,811.4,industrial,Florida
6566,2024-12-26,489.0,residential,Florida
6567,2024-12-27,559.5,commercial,Florida
6568,2024-12-28,661.5,commercial,California
6569,2024-12-29,398.2,residential,Florida
6570,2024-12-30,385.1,residential,New York
6571,2024-01-01,883.0,industrial,Texas
6572,2024-01-02,509.7,commercial,Texas
6573,2024-01-03,637.0,commercial,Illinois
6574,2024-01-04,540.0,commercial,Illinois
6575,2024-01-05,733.8,commercial,Texas
6576,2024-01-06,301.4,residential,Florida
6577,2024-01-07,681.7,commercial,Texas
6578,2024-01-08,456.0,residential,Florida
6579,2024-01-09,609.6,commercial,New York
6580,2024-01-10,429.6,residential,California
6581,2024-01-11,582.3,commercial,New York
6582,2024-01-12,889.8,industrial,California
6583,2024-01-13,756.5,commercial,Georgia
6584,2024-01-14,970.4,industrial,Ohio
6585,2024-01-15,977.2,industrial,New York
6586,2024-01-16,399.1,residential,Georgia
6587,2024-01-17,818.7,industrial,Georgia
6588,2024-01-18,621.0,commercial,Ohio
6589,2024-01-19,938.3,industrial,Georgia
6590,2024-01-20,810.6,industrial,Illinois
6591,2024-01-21,657.5,commercial,California
6592,2024-01-22,330.8,residential,California
6593,2024-01-23,943.4,industrial,Florida
6594,2024-01-24,762.1,commercial,Florida
6595,2024-01-25,584.8,residential,Illinois
6596,2024-01-26,538.6,commercial,Illinois
6597,2024-01-27,587.6,commercial,Georgia
6598,2024-01-28,715.3,commercial,Illinois
6599,2024-01-29,577.1,commercial,Florida
6600,2024-01-30,778.8,industrial,Illinois
6601,2024-01-31,1016.1,industrial,California
6602,2024-02-01,862.0,industrial,California
6603,2024-02-02,675.6,commercial,Georgia
6604,2024-02-03,954.8,industrial,Illinois
6605,2024-02-04,301.5,residential,Georgia
6606,2024-02-05,949.6,industrial,Ohio
6607,2024-02-06,865.2,industrial,Illinois
6608,2024-02-07,673.6,commercial,Texas
6609,2024-02-08,646.9,commercial,New York
6610,2024-02-09,894.7,industrial,Ohio
6611,2024-02-10,366.8,residential,Texas
6612,2024-02-11,683.7,commercial,Ohio
6613,2024-02-12,681.1,commercial,Illinois
6614,2024-02-13,481.9,residential,Florida
6615,2024-02-14,658.6,commercial,New York
6616,2024-02-15,567.1,commercial,Florida
6617,2024-02-16,901.9,industrial,Florida
6618,2024-02-17,619.2,commercial,New York
6619,2024-02-18,763.8,industrial,Texas
6620,2024-02-19,688.1,commercial,New York
6621,2024-02-20,322.5,residential,Ohio
6622,2024-02-21,370.3,residential,Texas
6623,2024-02-22,551.3,commercial,California
6624,2024-02-23,442.9,residential,California
6625,2024-02-24,433.6,residential,Illinois
6626,2024-02-25,698.3,commercial,Georgia
6627,2024-02-26,576.8,residential,New York
6628,2024-02-27,913.6,industrial,California
6629,2024-02-28,663.6,commercial,Texas
6630,2024-02-29,839.6,industrial,Illinois
6631,2024-03-01,886.2,industrial,California
6632,2024-03-02,755.4,commercial,Florida
6633,2024-03-03,636.8,commercial,Georgia
6634,2024-03-04,682.3,commercial,New York
6635,2024-03-05,631.4,commercial,Ohio
6636,2024-03-06,970.1,industrial,Georgia
6637,2024-03-07,386.6,residential,New York
6638,2024-03-08,277.0,residential,New York
6639,2024-03-09,309.6,residential,Texas
6640,2024-03-10,1042.9,industrial,Georgia
6641,2024-03-11,898.1,industrial,Illinois
6642,2024-03-12,797.0,industrial,New York
6643,2024-03-13,598.9,commercial,Georgia
6644,2024-03-14,871.1,industrial,Georgia
6645,2024-03-15,976.0,industrial,Texas
6646,2024-03-16,549.5,residential,Florida
6647,2024-03-17,811.3,industrial,Illinois
6648,2024-03-18,991.6,industrial,Georgia
6649,2024-03-19,825.8,industrial,Texas
6650,2024-03-20,884.6,industrial,Florida
6651,2024-03-21,882.9,industrial,Florida
6652,2024-03-22,962.5,industrial,New York
6653,2024-03-23,430.1,residential,California
6654,2024-03-24,853.7,industrial,New York
6655,2024-03-25,708.7,commercial,Illinois
6656,2024-03-26,632.2,commercial,Texas
6657,2024-03-27,662.1,commercial,Texas
6658,2024-03-28,884.5,industrial,Texas
6659,2024-03-29,348.5,residential,California
6660,2024-03-30,664.0,commercial,New York
6661,2024-03-31,644.4,commercial,California
6662,2024-04-01,463.4,residential,Georgia
6663,2024-04-02,357.5,residential,Georgia
6664,2024-04-03,727.1,commercial,New York
6665,2024-04-04,815.7,industrial,Illinois
6666,2024-04-05,559.2,residential,California
6667,2024-04-06,666.8,commercial,New York
6668,2024-04-07,943.5,industrial,Ohio
6669,2024-04-08,468.4,residential,Georgia
6670,2024-04-09,596.1,commercial,Texas
6671,2024-04-10,955.1,industrial,California
6672,2024-04-11,913.1,industrial,Ohio
6673,2024-04-12,472.7,residential,Ohio
6674,2024-04-13,894.0,industrial,Florida
6675,2024-04-14,936.4,industrial,Georgia
6676,2024-04-15,843.5,industrial,Illinois
6677,2024-04-16,514.8,residential,Illinois
6678,2024-04-17,715.2,commercial,New York
6679,2024-04-18,921.9,industrial,Georgia
6680,2024-04-19,852.6,industrial,Ohio
6681,2024-04-20,358.8,residential,Texas
6682,2024-04-21,397.8,residential,Georgia
6683,2024-04-22,441.7,residential,Illinois
6684,2024-04-23,418.2,residential,Georgia
6685,2024-04-24,670.7,commercial,Ohio
6686,2024-04-25,394.2,residential,Georgia
6687,2024-04-26,616.4,commercial,New York
6688,2024-04-27,914.0,industrial,California
6689,2024-04-28,934.5,industrial,Florida
6690,2024-04-29,859.7,industrial,Illinois
6691,2024-04-30,827.2,industrial,Texas
6692,2024-05-01,621.1,commercial,Florida
6693,2024-05-02,947.9,industrial,Florida
6694,2024-05-03,829.5,industrial,Ohio
6695,2024-05-04,885.5,industrial,Illinois
6696,2024-05-05,470.1,residential,Illinois
6697,2024-05-06,622.7,commercial,Florida
6698,2024-05-07,626.8,commercial,Illinois
6699,2024-05-08,566.1,commercial,Texas
6700,2024-05-09,920.9,industrial,Georgia
6701,2024-05-10,854.8,industrial,California
6702,2024-05-11,848.2,industrial,New York
6703,2024-05-12,894.6,industrial,Florida
6704,2024-05-13,411.1,residential,Georgia
6705,2024-05-14,509.0,residential,New York
6706,2024-05-15,983.5,industrial,Georgia
6707,2024-05-16,984.1,industrial,New York
6708,2024-05-17,424.8,residential,New York
6709,2024-05-18,851.9,industrial,Georgia
6710,2024-05-19,360.5,residential,Florida
6711,2024-05-20,884.2,industrial,Illinois
6712,2024-05-21,829.3,industrial,New York
6713,2024-05-22,321.2,residential,New York
6714,2024-05-23,503.9,residential,Texas
6715,2024-05-24,402.4,residential,Illinois
6716,2024-05-25,333.3,residential,New York
6717,2024-05-26,601.0,commercial,California
6718,2024-05-27,972.0,industrial,Illinois
6719,2024-05-28,651.1,commercial,Ohio
6720,2024-05-29,459.2,residential,California
6721,2024-05-30,411.2,residential,Texas
6722,2024-05-31,937.0,industrial,California
6723,2024-06-01,410.4,residential,Texas
6724,2024-06-02,774.6,industrial,New York
6725,2024-06-03,451.4,residential,Texas
6726,2024-06-04,329.7,residential,Ohio
6727,2024-06-05,459.8,residential,California
6728,2024-06-06,648.0,commercial,Ohio
6729,2024-06-07,503.1,commercial,Ohio
6730,2024-06-08,598.2,commercial,Georgia
6731,2024-06-09,680.5,commercial,California
6732,2024-06-10,961.0,industrial,California
6733,2024-06-11,343.3,residential,Florida
6734,2024-06-12,613.7,commercial,California
6735,2024-06-13,839.6,industrial,Texas
6736,2024-06-14,697.3,commercial,Illinois
6737,2024-06-15,1013.6,industrial,Florida
6738,2024-06-16,409.2,residential,Florida
6739,2024-06-17,711.9,commercial,Georgia
6740,2024-06-18,428.8,residential,Illinois
6741,2024-06-19,345.2,residential,Florida
6742,2024-06-20,959.4,industrial,New York
6743,2024-06-21,980.7,industrial,Ohio
6744,2024-06-22,495.0,residential,Georgia
6745,2024-06-23,695.9,commercial,Texas
6746,2024-06-24,389.6,residential,New York
6747,2024-06-25,670.5,commercial,Georgia
6748,2024-06-26,318.4,residential,Illinois
6749,2024-06-27,571.5,commercial,New York
6750,2024-06-28,749.2,commercial,New York
6751,2024-06-29,804.0,commercial,Florida
6752,2024-06-30,739.7,commercial,Georgia
6753,2024-07-01,404.1,residential,New York
6754,2024-07-02,394.0,residential,California
6755,2024-07-03,402.5,residential,New York
6756,2024-07-04,595.1,commercial,Texas
6757,2024-07-05,401.4,residential,Illinois
6758,2024-07-06,911.0,industrial,New York
6759,2024-07-07,485.4,commercial,Florida
6760,2024-07-08,712.2,commercial,Texas
6761,2024-07-09,681.4,commercial,Ohio
6762,2024-07-10,667.3,commercial,Georgia
6763,2024-07-11,732.4,commercial,Georgia
6764,2024-07-12,652.0,commercial,New York
6765,2024-07-13,648.2,commercial,Ohio
6766,2024-07-14,403.9,residential,Illinois
6767,2024-07-15,983.3,industrial,New York
6768,2024-07-16,384.8,residential,Georgia
6769,2024-07-17,368.0,residential,Georgia
6770,2024-07-18,407.1,residential,California
6771,2024-07-19,622.9,commercial,Illinois
6772,2024-07-20,350.1,residential,Florida
6773,2024-07-21,611.7,commercial,Georgia
6774,2024-07-22,301.0,residential,Illinois
6775,2024-07-23,618.4,commercial,Georgia
6776,2024-07-24,912.2,industrial,New York
6777,2024-07-25,569.6,commercial,Illinois
6778,2024-07-26,810.9,industrial,Ohio
6779,2024-07-27,335.7,residential,Florida
6780,2024-07-28,946.1,industrial,Texas
6781,2024-07-29,834.1,industrial,Ohio
6782,2024-07-30,432.4,residential,New York
6783,2024-07-31,615.3,commercial,Georgia
6784,2024-08-01,461.1,residential,Ohio
6785,2024-08-02,466.3,residential,Ohio
6786,2024-08-03,379.6,residential,Florida
6787,2024-08-04,428.4,residential,New York
6788,2024-08-05,599.7,commercial,Ohio
6789,2024-08-06,488.8,residential,Georgia
6790,2024-08-07,528.4,residential,Texas
6791,2024-08-08,381.1,residential,California
6792,2024-08-09,918.0,industrial,Illinois
6793,2024-08-10,961.2,industrial,Ohio
6794,2024-08-11,964.7,industrial,Florida
6795,2024-08-12,635.1,commercial,New York
6796,2024-08-13,621.8,commercial,Illinois
6797,2024-08-14,708.0,commercial,Ohio
6798,2024-08-15,390.3,residential,Georgia
6799,2024-08-16,844.3,industrial,California
6800,2024-08-17,659.3,commercial,Texas
6801,2024-08-18,889.4,industrial,Georgia
6802,2024-08-19,602.3,commercial,New York
6803,2024-08-20,951.2,industrial,New York
6804,2024-08-21,375.2,residential,Illinois
6805,2024-08-22,588.4,commercial,Ohio
6806,2024-08-23,638.5,commercial,California
6807,2024-08-24,656.4,commercial,Ohio
6808,2024-08-25,911.4,industrial,Florida
6809,2024-08-26,334.1,residential,New York
6810,2024-08-27,956.3,industrial,Georgia
6811,2024-08-28,362.3,residential,California
6812,2024-08-29,858.4,industrial,Ohio
6813,2024-08-30,808.4,industrial,Ohio
6814,2024-08-31,812.8,industrial,Florida
6815,2024-09-01,433.2,residential,Ohio
6816,2024-09-02,715.1,commercial,Georgia
6817,2024-09-03,629.8,commercial,Texas
6818,2024-09-04,444.1,residential,Georgia
6819,2024-09-05,948.8,industrial,Florida
6820,2024-09-06,899.5,industrial,Georgia
6821,2024-09-07,960.6,industrial,Georgia
6822,2024-09-08,335.0,residential,Ohio
6823,2024-09-09,962.0,industrial,Texas
6824,2024-09-10,924.9,industrial,Georgia
6825,2024-09-11,915.7,industrial,New York
6826,2024-09-12,632.3,commercial,New York
6827,2024-09-13,655.1,commercial,Texas
6828,2024-09-14,992.9,industrial,Georgia
6829,2024-09-15,282.7,residential,California
6830,2024-09-16,559.5,commercial,Ohio
6831,2024-09-17,428.6,residential,New York
6832,2024-09-18,896.5,industrial,Florida
6833,2024-09-19,420.2,residential,Georgia
6834,2024-09-20,936.4,industrial,Illinois
6835,2024-09-21,331.6,residential,Illinois
6836,2024-09-22,436.2,residential,Ohio
6837,2024-09-23,372.2,residential,Texas
6838,2024-09-24,646.6,commercial,California
6839,2024-09-25,574.0,commercial,Ohio
6840,2024-09-26,700.6,commercial,Florida
6841,2024-09-27,480.6,residential,California
6842,2024-09-28,824.7,industrial,California
6843,2024-09-29,835.6,industrial,Georgia
6844,2024-09-30,683.7,commercial,Texas
6845,2024-10-01,896.0,industrial,Texas
6846,2024-10-02,327.1,residential,New York
6847,2024-10-03,711.2,commercial,Georgia
6848,2024-10-04,640.2,commercial,California
6849,2024-10-05,611.6,commercial,California
6850,2024-10-06,369.6,residential,Florida
6851,2024-10-07,914.0,industrial,Georgia
6852,2024-10-08,311.6,residential,California
6853,2024-10-09,449.0,residential,New York
6854,2024-10-10,921.1,industrial,Ohio
6855,2024-10-11,413.6,residential,New York
6856,2024-10-12,306.0,residential,Ohio
6857,2024-10-13,628.1,commercial,California
6858,2024-10-14,406.1,residential,Texas
6859,2024-10-15,378.3,residential,Georgia
6860,2024-10-16,865.2,industrial,Texas
6861,2024-10-17,825.2,industrial,Georgia
6862,2024-10-18,969.2,industrial,Georgia
6863,2024-10-19,505.4,residential,California
6864,2024-10-20,466.6,residential,New York
6865,2024-10-21,451.0,residential,Florida
6866,2024-10-22,978.2,industrial,Ohio
6867,2024-10-23,385.1,residential,Illinois
6868,2024-10-24,457.4,residential,California
6869,2024-10-25,712.2,commercial,Ohio
6870,2024-10-26,544.3,residential,California
6871,2024-10-27,917.6,industrial,Ohio
6872,2024-10-28,713.9,commercial,New York
6873,2024-10-29,690.9,commercial,Texas
6874,2024-10-30,905.5,industrial,California
6875,2024-10-31,1038.9,industrial,California
6876,2024-11-01,694.2,commercial,New York
6877,2024-11-02,1017.0,industrial,Texas
6878,2024-11-03,586.0,commercial,New York
6879,2024-11-04,674.7,commercial,Georgia
6880,2024-11-05,646.6,commercial,New York
6881,2024-11-06,648.5,commercial,Ohio
6882,2024-11-07,823.5,industrial,Illinois
6883,2024-11-08,866.4,industrial,Ohio
6884,2024-11-09,606.1,commercial,California
6885,2024-11-10,926.7,industrial,Florida
6886,2024-11-11,847.6,industrial,California
6887,2024-11-12,383.7,residential,Florida
6888,2024-11-13,674.9,commercial,Georgia
6889,2024-11-14,414.8,residential,Georgia
6890,2024-11-15,1016.0,industrial,California
6891,2024-11-16,795.5,industrial,California
6892,2024-11-17,1006.8,industrial,California
6893,2024-11-18,623.1,commercial,Texas
6894,2024-11-19,631.7,commercial,New York
6895,2024-11-20,355.7,residential,Illinois
6896,2024-11-21,658.2,commercial,Georgia
6897,2024-11-22,718.5,commercial,Illinois
6898,2024-11-23,821.0,industrial,Texas
6899,2024-11-24,710.4,commercial,New York
6900,2024-11-25,864.3,industrial,Texas
6901,2024-11-26,893.5,industrial,Georgia
6902,2024-11-27,656.5,commercial,Georgia
6903,2024-11-28,351.1,residential,Illinois
6904,2024-11-29,607.9,commercial,Georgia
6905,2024-11-30,870.7,industrial,Ohio
6906,2024-12-01,471.2,residential,California
6907,2024-12-02,943.6,industrial,New York
6908,2024-12-03,491.3,residential,Texas
6909,2024-12-04,668.3,commercial,Texas
6910,2024-12-05,680.3,commercial,Georgia
6911,2024-12-06,778.6,industrial,Illinois
6912,2024-12-07,982.7,industrial,Florida
6913,2024-12-08,339.7,residential,Georgia
6914,2024-12-09,405.7,residential,Texas
6915,2024-12-10,521.8,residential,Texas
6916,2024-12-11,722.8,commercial,Ohio
6917,2024-12-12,392.9,residential,New York
6918,2024-12-13,488.3,residential,Ohio
6919,2024-12-14,629.6,commercial,Illinois
6920,2024-12-15,528.5,commercial,Georgia
6921,2024-12-16,658.0,commercial,Texas
6922,2024-12-17,414.8,residential,Illinois
6923,2024-12-18,605.1,commercial,Illinois
6924,2024-12-19,440.5,residential,New York
6925,2024-12-20,721.2,commercial,New York
6926,2024-12-21,928.3,industrial,California
6927,2024-12-22,619.7,commercial,Florida
6928,2024-12-23,643.7,commercial,Ohio
6929,2024-12-24,875.0,industrial,Texas
6930,2024-12-25,612.0,commercial,Texas
6931,2024-12-26,792.9,industrial,California
6932,2024-12-27,953.8,industrial,Florida
6933,2024-12-28,446.9,residential,Georgia
6934,2024-12-29,897.3,industrial,California
6935,2024-12-30,409.6,residential,Texas
6936,2024-01-01,876.0,industrial,Florida
6937,2024-01-02,907.3,industrial,Georgia
6938,2024-01-03,937.3,industrial,New York
6939,2024-01-04,921.6,industrial,Ohio
6940,2024-01-05,444.0,residential,California
6941,2024-01-06,1020.7,industrial,Texas
6942,2024-01-07,842.4,industrial,Ohio
6943,2024-01-08,696.6,commercial,Texas
6944,2024-01-09,348.5,residential,Illinois
6945,2024-01-10,591.0,commercial,Georgia
6946,2024-01-11,854.5,industrial,Texas
6947,2024-01-12,346.9,residential,Georgia
6948,2024-01-13,812.7,industrial,Illinois
6949,2024-01-14,698.5,commercial,Illinois
6950,2024-01-15,674.4,commercial,Georgia
6951,2024-01-16,640.3,commercial,Georgia
6952,2024-01-17,795.2,industrial,California
6953,2024-01-18,933.4,industrial,Florida
6954,2024-01-19,398.0,residential,California
6955,2024-01-20,997.1,industrial,New York
6956,2024-01-21,716.7,commercial,Georgia
6957,2024-01-22,348.5,residential,Illinois
6958,2024-01-23,854.6,industrial,New York
6959,2024-01-24,441.2,residential,California
6960,2024-01-25,923.7,industrial,Georgia
6961,2024-01-26,352.5,residential,Georgia
6962,2024-01-27,358.4,residential,Ohio
6963,2024-01-28,428.5,residential,Florida
6964,2024-01-29,488.5,residential,Florida
6965,2024-01-30,298.6,residential,Texas
6966,2024-01-31,679.4,commercial,Florida
6967,2024-02-01,946.5,industrial,Illinois
6968,2024-02-02,366.4,residential,New York
6969,2024-02-03,714.1,commercial,Florida
6970,2024-02-04,590.8,commercial,Texas
6971,2024-02-05,677.0,commercial,Georgia
6972,2024-02-06,622.4,commercial,New York
6973,2024-02-07,802.5,industrial,California
6974,2024-02-08,628.4,commercial,Illinois
6975,2024-02-09,542.0,residential,Florida
6976,2024-02-10,921.8,industrial,Georgia
6977,2024-02-11,669.0,commercial,Florida
6978,2024-02-12,423.7,residential,Ohio
6979,2024-02-13,655.0,commercial,Texas
6980,2024-02-14,435.1,residential,California
6981,2024-02-15,1004.7,industrial,Illinois
6982,2024-02-16,881.5,industrial,Georgia
6983,2024-02-17,564.7,commercial,Georgia
6984,2024-02-18,532.8,residential,Ohio
6985,2024-02-19,336.5,residential,New York
6986,2024-02-20,572.9,commercial,Texas
6987,2024-02-21,677.2,commercial,California
6988,2024-02-22,335.6,residential,Illinois
6989,2024-02-23,620.7,commercial,Florida
6990,2024-02-24,377.6,residential,Ohio
6991,2024-02-25,697.6,commercial,Ohio
6992,2024-02-26,483.9,residential,Ohio
6993,2024-02-27,900.3,industrial,Ohio
6994,2024-02-28,345.5,residential,Ohio
6995,2024-02-29,545.9,commercial,Georgia
6996,2024-03-01,520.4,residential,Illinois
6997,2024-03-02,705.9,commercial,Illinois
6998,2024-03-03,325.5,residential,Ohio
6999,2024-03-04,342.7,residential,New York
7000,2024-03-05,950.6,industrial,Georgia
7001,2024-03-06,951.7,industrial,Georgia
7002,2024-03-07,917.0,industrial,Illinois
7003,2024-03-08,636.1,commercial,Florida
7004,2024-03-09,617.1,commercial,Georgia
7005,2024-03-10,425.2,residential,Florida
7006,2024-03-11,448.6,residential,Georgia
7007,2024-03-12,696.5,commercial,Georgia
7008,2024-03-13,919.5,industrial,Texas
7009,2024-03-14,847.7,industrial,Illinois
7010,2024-03-15,810.1,industrial,New York
7011,2024-03-16,959.0,industrial,New York
7012,2024-03-17,384.5,residential,California
7013,2024-03-18,348.0,residential,Texas
7014,2024-03-19,438.5,residential,Florida
7015,2024-03-20,642.5,commercial,California
7016,2024-03-21,663.7,commercial,Georgia
7017,2024-03-22,944.0,industrial,Florida
7018,2024-03-23,671.1,commercial,Florida
7019,2024-03-24,421.8,residential,Texas
7020,2024-03-25,845.3,industrial,Illinois
7021,2024-03-26,880.4,industrial,Georgia
7022,2024-03-27,423.7,residential,Georgia
7023,2024-03-28,894.2,industrial,New York
7024,2024-03-29,640.2,commercial,Florida
7025,2024-03-30,554.8,commercial,Texas
7026,2024-03-31,843.5,industrial,Georgia
7027,2024-04-01,616.4,commercial,New York
7028,2024-04-02,680.6,commercial,New York
7029,2024-04-03,373.0,residential,Ohio
7030,2024-04-04,621.7,commercial,Illinois
7031,2024-04-05,889.5,industrial,Georgia
7032,2024-04-06,631.1,commercial,Georgia
7033,2024-04-07,907.6,industrial,Illinois
7034,2024-04-08,374.6,residential,Ohio
7035,2024-04-09,403.7,residential,New York
7036,2024-04-10,875.2,industrial,New York
7037,2024-04-11,392.5,residential,New York
7038,2024-04-12,915.6,industrial,New York
7039,2024-04-13,685.5,commercial,California
7040,2024-04-14,633.4,commercial,Georgia
7041,2024-04-15,384.0,residential,Illinois
7042,2024-04-16,299.0,residential,California
7043,2024-04-17,610.6,commercial,Illinois
7044,2024-04-18,257.4,residential,Illinois
7045,2024-04-19,671.8,commercial,California
7046,2024-04-20,615.3,commercial,Texas
7047,2024-04-21,994.2,industrial,Georgia
7048,2024-04-22,787.4,commercial,California
7049,2024-04-23,903.0,industrial,Texas
7050,2024-04-24,853.0,industrial,Georgia
7051,2024-04-25,979.9,industrial,Florida
7052,2024-04-26,440.5,residential,Florida
7053,2024-04-27,861.6,industrial,Georgia
7054,2024-04-28,339.1,residential,Georgia
7055,2024-04-29,372.6,residential,California
7056,2024-04-30,603.3,commercial,Illinois
7057,2024-05-01,715.1,commercial,Florida
7058,2024-05-02,668.3,commercial,New York
7059,2024-05-03,438.8,residential,New York
7060,2024-05-04,608.2,commercial,Illinois
7061,2024-05-05,580.5,commercial,Georgia
7062,2024-05-06,513.0,residential,Texas
7063,2024-05-07,659.6,commercial,Georgia
7064,2024-05-08,853.0,industrial,New York
7065,2024-05-09,597.7,commercial,New York
7066,2024-05-10,916.6,industrial,Florida
7067,2024-05-11,877.9,industrial,New York
7068,2024-05-12,428.4,residential,Illinois
7069,2024-05-13,620.3,commercial,California
7070,2024-05-14,860.2,industrial,California
7071,2024-05-15,413.1,residential,California
7072,2024-05-16,948.2,industrial,New York
7073,2024-05-17,433.1,residential,Florida
7074,2024-05-18,257.0,residential,Georgia
7075,2024-05-19,724.1,commercial,California
7076,2024-05-20,644.8,commercial,Ohio
7077,2024-05-21,606.4,commercial,Florida
7078,2024-05-22,674.9,commercial,California
7079,2024-05-23,760.7,commercial,Georgia
7080,2024-05-24,581.5,commercial,Illinois
7081,2024-05-25,454.1,residential,California
7082,2024-05-26,699.8,commercial,Ohio
7083,2024-05-27,920.2,industrial,New York
7084,2024-05-28,542.5,commercial,Ohio
7085,2024-05-29,440.2,residential,California
7086,2024-05-30,415.9,residential,Illinois
7087,2024-05-31,337.6,residential,New York
7088,2024-06-01,732.7,commercial,New York
7089,2024-06-02,700.7,commercial,Georgia
7090,2024-06-03,833.1,industrial,California
7091,2024-06-04,394.4,residential,Illinois
7092,2024-06-05,338.1,residential,Texas
7093,2024-06-06,305.3,residential,Illinois
7094,2024-06-07,871.6,industrial,Illinois
7095,2024-06-08,823.3,industrial,Texas
7096,2024-06-09,704.5,commercial,Florida
7097,2024-06-10,854.3,industrial,California
7098,2024-06-11,361.6,residential,California
7099,2024-06-12,373.4,residential,Georgia
7100,2024-06-13,494.3,residential,Texas
7101,2024-06-14,751.2,commercial,Florida
7102,2024-06-15,657.7,commercial,California
7103,2024-06-16,845.1,industrial,New York
7104,2024-06-17,852.2,industrial,California
7105,2024-06-18,924.1,industrial,Ohio
7106,2024-06-19,381.5,residential,Ohio
7107,2024-06-20,912.2,industrial,California
7108,2024-06-21,598.9,commercial,California
7109,2024-06-22,763.3,commercial,Florida
7110,2024-06-23,330.6,residential,Illinois
7111,2024-06-24,860.7,industrial,California
7112,2024-06-25,699.7,commercial,Ohio
7113,2024-06-26,715.3,commercial,Georgia
7114,2024-06-27,365.0,residential,Georgia
7115,2024-06-28,834.0,industrial,Ohio
7116,2024-06-29,668.6,commercial,Ohio
7117,2024-06-30,785.4,industrial,Texas
7118,2024-07-01,467.9,residential,Georgia
7119,2024-07-02,500.1,residential,Illinois
7120,2024-07-03,1006.2,industrial,New York
7121,2024-07-04,651.8,commercial,Illinois
7122,2024-07-05,398.9,residential,Ohio
7123,2024-07-06,428.5,residential,Georgia
7124,2024-07-07,430.8,residential,Florida
7125,2024-07-08,671.8,commercial,Illinois
7126,2024-07-09,478.4,residential,Florida
7127,2024-07-10,375.3,residential,Ohio
7128,2024-07-11,618.6,commercial,Illinois
7129,2024-07-12,669.8,commercial,Ohio
7130,2024-07-13,870.7,industrial,Illinois
7131,2024-07-14,966.8,industrial,Illinois
7132,2024-07-15,1080.1,industrial,Georgia
7133,2024-07-16,447.1,residential,Georgia
7134,2024-07-17,404.9,residential,Georgia
7135,2024-07-18,752.8,commercial,California
7136,2024-07-19,418.7,residential,Georgia
7137,2024-07-20,658.8,commercial,Georgia
7138,2024-07-21,951.7,industrial,Florida
7139,2024-07-22,939.8,industrial,Ohio
7140,2024-07-23,826.1,industrial,California
7141,2024-07-24,656.7,commercial,Florida
7142,2024-07-25,486.6,residential,Georgia
7143,2024-07-26,397.2,residential,Texas
7144,2024-07-27,558.3,commercial,California
7145,2024-07-28,903.5,industrial,Illinois
7146,2024-07-29,427.8,residential,Florida
7147,2024-07-30,323.2,residential,Texas
7148,2024-07-31,636.5,commercial,Illinois
7149,2024-08-01,944.9,industrial,New York
7150,2024-08-02,599.9,commercial,Georgia
7151,2024-08-03,601.4,commercial,New York
7152,2024-08-04,935.7,industrial,Florida
7153,2024-08-05,796.0,industrial,New York
7154,2024-08-06,664.4,commercial,New York
7155,2024-08-07,514.8,residential,Illinois
7156,2024-08-08,364.6,residential,Texas
7157,2024-08-09,633.4,commercial,Ohio
7158,2024-08-10,375.4,residential,Ohio
7159,2024-08-11,538.5,commercial,Ohio
7160,2024-08-12,670.1,commercial,Florida
7161,2024-08-13,363.1,residential,Ohio
7162,2024-08-14,703.8,commercial,Georgia
7163,2024-08-15,875.0,industrial,Illinois
7164,2024-08-16,635.1,commercial,Texas
7165,2024-08-17,865.8,industrial,Illinois
7166,2024-08-18,868.9,industrial,California
7167,2024-08-19,837.7,industrial,Illinois
7168,2024-08-20,869.2,industrial,California
7169,2024-08-21,433.0,residential,Ohio
7170,2024-08-22,872.5,industrial,Illinois
7171,2024-08-23,921.5,industrial,New York
7172,2024-08-24,492.0,residential,California
7173,2024-08-25,308.9,residential,Texas
7174,2024-08-26,474.7,residential,New York
7175,2024-08-27,533.6,commercial,Florida
7176,2024-08-28,351.3,residential,New York
7177,2024-08-29,310.3,residential,Ohio
7178,2024-08-30,401.0,residential,New York
7179,2024-08-31,637.0,commercial,Florida
7180,2024-09-01,809.3,industrial,Ohio
7181,2024-09-02,639.4,commercial,Illinois
7182,2024-09-03,359.1,residential,Florida
7183,2024-09-04,846.4,industrial,New York
7184,2024-09-05,731.8,commercial,Ohio
7185,2024-09-06,723.4,commercial,Ohio
7186,2024-09-07,901.1,industrial,Florida
7187,2024-09-08,350.2,residential,Illinois
7188,2024-09-09,454.8,residential,New York
7189,2024-09-10,486.2,residential,Florida
7190,2024-09-11,667.2,commercial,Georgia
7191,2024-09-12,909.0,industrial,California
7192,2024-09-13,950.4,industrial,Illinois
7193,2024-09-14,334.3,residential,Ohio
7194,2024-09-15,900.3,industrial,Texas
7195,2024-09-16,913.9,industrial,Georgia
7196,2024-09-17,879.0,industrial,Illinois
7197,2024-09-18,924.9,industrial,Georgia
7198,2024-09-19,669.0,commercial,Illinois
7199,2024-09-20,808.9,industrial,Texas
7200,2024-09-21,630.7,commercial,Texas
7201,2024-09-22,638.6,commercial,Texas
7202,2024-09-23,747.2,commercial,Florida
7203,2024-09-24,672.3,commercial,Texas
7204,2024-09-25,625.1,commercial,New York
7205,2024-09-26,889.5,industrial,Illinois
7206,2024-09-27,479.7,residential,California
7207,2024-09-28,541.8,commercial,Illinois
7208,2024-09-29,658.0,commercial,Ohio
7209,2024-09-30,740.3,commercial,Ohio
7210,2024-10-01,363.9,residential,Ohio
7211,2024-10-02,666.5,commercial,Florida
7212,2024-10-03,363.1,residential,New York
7213,2024-10-04,347.8,residential,New York
7214,2024-10-05,886.1,industrial,Ohio
7215,2024-10-06,595.0,commercial,New York
7216,2024-10-07,872.9,industrial,Texas
7217,2024-10-08,367.6,residential,Ohio
7218,2024-10-09,859.5,industrial,California
7219,2024-10-10,707.8,commercial,Florida
7220,2024-10-11,361.2,residential,Illinois
7221,2024-10-12,400.3,residential,Ohio
7222,2024-10-13,698.0,commercial,Florida
7223,2024-10-14,396.4,residential,California
7224,2024-10-15,376.6,residential,Texas
7225,2024-10-16,824.8,industrial,New York
7226,2024-10-17,333.5,residential,New York
7227,2024-10-18,427.4,residential,Georgia
7228,2024-10-19,390.0,residential,Georgia
7229,2024-10-20,399.9,residential,Florida
7230,2024-10-21,908.9,industrial,New York
7231,2024-10-22,464.6,residential,Georgia
7232,2024-10-23,878.1,industrial,Ohio
7233,2024-10-24,1004.3,industrial,Florida
7234,2024-10-25,736.8,commercial,California
7235,2024-10-26,616.6,commercial,Illinois
7236,2024-10-27,421.4,residential,Florida
7237,2024-10-28,600.6,commercial,Florida
7238,2024-10-29,664.5,commercial,Illinois
7239,2024-10-30,639.0,commercial,Florida
7240,2024-10-31,303.2,residential,California
7241,2024-11-01,620.3,commercial,Florida
7242,2024-11-02,737.0,commercial,California
7243,2024-11-03,876.0,industrial,Ohio
7244,2024-11-04,991.5,industrial,California
7245,2024-11-05,351.8,residential,California
7246,2024-11-06,884.7,industrial,Texas
7247,2024-11-07,778.1,commercial,California
7248,2024-11-08,879.3,industrial,California
7249,2024-11-09,990.9,industrial,California
7250,2024-11-10,1010.9,industrial,Georgia
7251,2024-11-11,754.9,industrial,Texas
7252,2024-11-12,369.0,residential,Texas
7253,2024-11-13,379.9,residential,Ohio
7254,2024-11-14,565.2,commercial,New York
7255,2024-11-15,601.3,commercial,New York
7256,2024-11-16,889.5,industrial,New York
7257,2024-11-17,633.9,commercial,Illinois
7258,2024-11-18,901.7,industrial,Illinois
7259,2024-11-19,810.2,industrial,Florida
7260,2024-11-20,827.3,industrial,Florida
7261,2024-11-21,350.6,residential,Ohio
7262,2024-11-22,584.0,commercial,Illinois
7263,2024-11-23,655.8,commercial,Georgia
7264,2024-11-24,683.1,commercial,Georgia
7265,2024-11-25,665.1,commercial,California
7266,2024-11-26,446.3,residential,New York
7267,2024-11-27,899.2,industrial,Texas
7268,2024-11-28,386.3,residential,New York
7269,2024-11-29,429.5,residential,Florida
7270,2024-11-30,396.8,residential,Texas
7271,2024-12-01,387.5,residential,Illinois
7272,2024-12-02,634.5,commercial,Florida
7273,2024-12-03,440.0,residential,Illinois
7274,2024-12-04,391.4,residential,California
7275,2024-12-05,810.4,industrial,Georgia
7276,2024-12-06,473.9,residential,Texas
7277,2024-12-07,405.2,residential,Illinois
7278,2024-12-08,552.3,commercial,Ohio
7279,2024-12-09,474.1,residential,New York
7280,2024-12-10,883.7,industrial,Illinois
7281,2024-12-11,707.6,commercial,California
7282,2024-12-12,885.4,industrial,Florida
7283,2024-12-13,667.0,commercial,Illinois
7284,2024-12-14,411.6,residential,Georgia
7285,2024-12-15,930.1,industrial,Texas
7286,2024-12-16,960.4,industrial,Texas
7287,2024-12-17,841.5,industrial,Florida
7288,2024-12-18,726.4,commercial,New York
7289,2024-12-19,403.6,residential,Ohio
7290,2024-12-20,461.2,residential,Georgia
7291,2024-12-21,961.9,industrial,California
7292,2024-12-22,423.1,residential,Illinois
7293,2024-12-23,667.8,commercial,Illinois
7294,2024-12-24,942.4,industrial,Florida
7295,2024-12-25,938.8,industrial,Ohio
7296,2024-12-26,320.5,residential,Georgia
7297,2024-12-27,918.9,industrial,Ohio
7298,2024-12-28,649.0,commercial,Florida
7299,2024-12-29,819.3,industrial,Florida
7300,2024-12-30,628.7,commercial,Texas
7301,2024-01-01,849.8,industrial,Georgia
7302,2024-01-02,851.4,industrial,Georgia
7303,2024-01-03,959.6,industrial,Georgia
7304,2024-01-04,654.4,commercial,Ohio
7305,2024-01-05,361.8,residential,Georgia
7306,2024-01-06,495.4,commercial,New York
7307,2024-01-07,430.2,residential,Illinois
7308,2024-01-08,913.9,industrial,Florida
7309,2024-01-09,699.2,commercial,Florida
7310,2024-01-10,396.2,residential,Illinois
7311,2024-01-11,432.5,residential,Georgia
7312,2024-01-12,979.1,industrial,Georgia
7313,2024-01-13,296.9,residential,Georgia
7314,2024-01-14,915.2,industrial,Texas
7315,2024-01-15,665.2,commercial,California
7316,2024-01-16,316.6,residential,Illinois
7317,2024-01-17,944.5,industrial,Florida
7318,2024-01-18,919.9,industrial,Florida
7319,2024-01-19,703.7,commercial,Georgia
7320,2024-01-20,444.6,residential,Georgia
7321,2024-01-21,666.1,commercial,Illinois
7322,2024-01-22,454.4,residential,Georgia
7323,2024-01-23,873.7,industrial,Georgia
7324,2024-01-24,906.8,industrial,Illinois
7325,2024-01-25,618.1,commercial,New York
7326,2024-01-26,517.8,commercial,Ohio
7327,2024-01-27,912.4,industrial,Illinois
7328,2024-01-28,530.1,residential,Texas
7329,2024-01-29,581.0,commercial,Florida
7330,2024-01-30,743.3,commercial,California
7331,2024-01-31,690.0,commercial,Florida
7332,2024-02-01,862.4,industrial,California
7333,2024-02-02,725.2,commercial,Florida
7334,2024-02-03,917.9,industrial,Texas
7335,2024-02-04,398.2,residential,Ohio
7336,2024-02-05,1011.0,industrial,Texas
7337,2024-02-06,658.7,commercial,New York
7338,2024-02-07,686.1,commercial,Texas
7339,2024-02-08,307.2,residential,Ohio
7340,2024-02-09,436.6,residential,Ohio
7341,2024-02-10,892.2,industrial,California
7342,2024-02-11,536.8,commercial,Georgia
7343,2024-02-12,846.4,industrial,Florida
7344,2024-02-13,941.5,industrial,New York
7345,2024-02-14,587.7,commercial,California
7346,2024-02-15,892.6,industrial,Texas
7347,2024-02-16,400.8,residential,Texas
7348,2024-02-17,596.9,commercial,Ohio
7349,2024-02-18,456.6,residential,Ohio
7350,2024-02-19,341.4,residential,California
7351,2024-02-20,915.9,industrial,Georgia
7352,2024-02-21,595.7,commercial,California
7353,2024-02-22,952.2,industrial,Georgia
7354,2024-02-23,357.9,residential,New York
7355,2024-02-24,421.2,residential,Ohio
7356,2024-02-25,389.0,residential,Georgia
7357,2024-02-26,417.2,residential,Illinois
7358,2024-02-27,923.4,industrial,Illinois
7359,2024-02-28,655.4,commercial,Texas
7360,2024-02-29,952.1,industrial,Texas
7361,2024-03-01,798.3,industrial,Florida
7362,2024-03-02,880.3,industrial,California
7363,2024-03-03,798.5,industrial,Texas
7364,2024-03-04,669.9,commercial,New York
7365,2024-03-05,927.4,industrial,Ohio
7366,2024-03-06,600.7,commercial,Illinois
7367,2024-03-07,384.2,residential,Ohio
7368,2024-03-08,704.6,commercial,Texas
7369,2024-03-09,413.8,residential,Georgia
7370,2024-03-10,848.7,industrial,Florida
7371,2024-03-11,856.3,industrial,California
7372,2024-03-12,376.2,residential,Florida
7373,2024-03-13,859.2,industrial,California
7374,2024-03-14,645.3,commercial,California
7375,2024-03-15,371.8,residential,Texas
7376,2024-03-16,705.3,commercial,Illinois
7377,2024-03-17,662.4,commercial,Illinois
7378,2024-03-18,894.1,industrial,Illinois
7379,2024-03-19,802.3,industrial,Georgia
7380,2024-03-20,492.7,residential,Texas
7381,2024-03-21,852.5,industrial,Georgia
7382,2024-03-22,687.3,commercial,New York
7383,2024-03-23,922.8,industrial,California
7384,2024-03-24,873.9,industrial,Texas
7385,2024-03-25,918.8,industrial,Texas
7386,2024-03-26,704.5,commercial,Florida
7387,2024-03-27,705.8,commercial,Illinois
7388,2024-03-28,836.6,industrial,Texas
7389,2024-03-29,838.0,industrial,Georgia
7390,2024-03-30,320.1,residential,New York
7391,2024-03-31,326.7,residential,Florida
7392,2024-04-01,739.7,commercial,Illinois
7393,2024-04-02,950.8,industrial,Texas
7394,2024-04-03,950.0,industrial,Texas
7395,2024-04-04,1028.8,industrial,California
7396,2024-04-05,408.4,residential,New York
7397,2024-04-06,936.2,industrial,New York
7398,2024-04-07,651.0,commercial,Texas
7399,2024-04-08,738.5,commercial,Ohio
7400,2024-04-09,866.3,industrial,New York
7401,2024-04-10,898.8,industrial,Florida
7402,2024-04-11,339.4,residential,Ohio
7403,2024-04-12,864.8,industrial,Texas
7404,2024-04-13,606.5,commercial,Ohio
7405,2024-04-14,952.6,industrial,Ohio
7406,2024-04-15,939.3,industrial,California
7407,2024-04-16,705.6,commercial,Florida
7408,2024-04-17,634.3,commercial,New York
7409,2024-04-18,626.3,commercial,Georgia
7410,2024-04-19,886.9,industrial,New York
7411,2024-04-20,722.0,commercial,Georgia
7412,2024-04-21,395.9,residential,New York
7413,2024-04-22,341.9,residential,New York
7414,2024-04-23,651.0,commercial,California
7415,2024-04-24,356.8,residential,Illinois
7416,2024-04-25,497.6,residential,Texas
7417,2024-04-26,1002.1,industrial,Georgia
7418,2024-04-27,660.5,commercial,Georgia
7419,2024-04-28,650.7,commercial,Texas
7420,2024-04-29,315.4,residential,Illinois
7421,2024-04-30,636.7,commercial,New York
7422,2024-05-01,462.4,residential,Georgia
7423,2024-05-02,888.1,industrial,Illinois
7424,2024-05-03,347.2,residential,Georgia
7425,2024-05-04,429.3,residential,California
7426,2024-05-05,698.4,commercial,Illinois
7427,2024-05-06,604.3,commercial,Florida
7428,2024-05-07,693.8,commercial,Illinois
7429,2024-05-08,851.5,industrial,Illinois
7430,2024-05-09,480.0,residential,California
7431,2024-05-10,833.7,industrial,Florida
7432,2024-05-11,593.9,commercial,New York
7433,2024-05-12,943.6,industrial,Florida
7434,2024-05-13,651.0,commercial,Illinois
7435,2024-05-14,881.9,industrial,California
7436,2024-05-15,974.5,industrial,Florida
7437,2024-05-16,401.0,residential,California
7438,2024-05-17,1023.7,industrial,Texas
7439,2024-05-18,958.9,industrial,New York
7440,2024-05-19,417.7,residential,California
7441,2024-05-20,680.3,commercial,Florida
7442,2024-05-21,912.9,industrial,California
7443,2024-05-22,435.5,residential,Illinois
7444,2024-05-23,639.7,commercial,Ohio
7445,2024-05-24,815.6,industrial,California
7446,2024-05-25,957.5,industrial,Illinois
7447,2024-05-26,512.2,residential,New York
7448,2024-05-27,872.1,industrial,Texas
7449,2024-05-28,695.0,commercial,Illinois
7450,2024-05-29,690.1,commercial,Georgia
7451,2024-05-30,965.7,industrial,Texas
7452,2024-05-31,476.0,commercial,Texas
7453,2024-06-01,327.7,residential,Illinois
7454,2024-06-02,820.0,industrial,New York
7455,2024-06-03,812.2,industrial,Florida
7456,2024-06-04,683.4,commercial,California
7457,2024-06-05,890.7,industrial,New York
7458,2024-06-06,577.5,commercial,Illinois
7459,2024-06-07,385.9,residential,California
7460,2024-06-08,656.2,commercial,Florida
7461,2024-06-09,573.6,commercial,Georgia
7462,2024-06-10,910.7,industrial,Georgia
7463,2024-06-11,410.0,residential,Florida
7464,2024-06-12,696.8,commercial,New York
7465,2024-06-13,447.0,residential,Texas
7466,2024-06-14,860.3,industrial,Ohio
7467,2024-06-15,889.4,industrial,California
7468,2024-06-16,818.4,industrial,Florida
7469,2024-06-17,855.3,industrial,Illinois
7470,2024-06-18,599.9,commercial,New York
7471,2024-06-19,897.1,industrial,Texas
7472,2024-06-20,936.9,industrial,Georgia
7473,2024-06-21,620.8,commercial,Florida
7474,2024-06-22,368.9,residential,Ohio
7475,2024-06-23,898.1,industrial,Illinois
7476,2024-06-24,387.1,residential,California
7477,2024-06-25,947.4,industrial,Texas
7478,2024-06-26,376.9,residential,New York
7479,2024-06-27,306.5,residential,Texas
7480,2024-06-28,345.4,residential,Florida
7481,2024-06-29,645.2,commercial,Texas
7482,2024-06-30,660.9,commercial,Texas
7483,2024-07-01,393.1,residential,Florida
7484,2024-07-02,901.8,industrial,Illinois
7485,2024-07-03,895.4,industrial,Georgia
7486,2024-07-04,605.4,commercial,Georgia
7487,2024-07-05,847.0,industrial,Florida
7488,2024-07-06,680.2,commercial,California
7489,2024-07-07,947.0,industrial,California
7490,2024-07-08,887.6,industrial,Florida
7491,2024-07-09,889.2,industrial,Florida
7492,2024-07-10,373.9,residential,Illinois
7493,2024-07-11,637.2,commercial,Georgia
7494,2024-07-12,936.5,industrial,Texas
7495,2024-07-13,458.4,residential,Florida
7496,2024-07-14,757.6,commercial,Florida
7497,2024-07-15,672.7,commercial,California
7498,2024-07-16,383.1,residential,California
7499,2024-07-17,575.9,commercial,Georgia
7500,2024-07-18,935.9,industrial,New York
7501,2024-07-19,326.3,residential,Texas
7502,2024-07-20,547.9,commercial,California
7503,2024-07-21,631.3,commercial,Florida
7504,2024-07-22,619.0,commercial,Ohio
7505,2024-07-23,669.3,commercial,Illinois
7506,2024-07-24,394.1,residential,New York
7507,2024-07-25,666.7,commercial,New York
7508,2024-07-26,422.8,residential,Illinois
7509,2024-07-27,515.9,residential,Florida
7510,2024-07-28,697.2,commercial,Illinois
7511,2024-07-29,954.6,industrial,New York
7512,2024-07-30,401.9,residential,Florida
7513,2024-07-31,593.9,commercial,Ohio
7514,2024-08-01,722.1,commercial,Texas
7515,2024-08-02,360.9,residential,Illinois
7516,2024-08-03,424.8,residential,Georgia
7517,2024-08-04,457.5,residential,California
7518,2024-08-05,779.4,industrial,Ohio
7519,2024-08-06,394.0,residential,California
7520,2024-08-07,657.2,commercial,Texas
7521,2024-08-08,301.3,residential,California
7522,2024-08-09,455.7,residential,New York
7523,2024-08-10,408.4,residential,Florida
7524,2024-08-11,656.8,commercial,Illinois
7525,2024-08-12,597.7,commercial,Georgia
7526,2024-08-13,903.5,industrial,Texas
7527,2024-08-14,807.6,industrial,Illinois
7528,2024-08-15,832.0,industrial,New York
7529,2024-08-16,324.5,residential,California
7530,2024-08-17,457.4,residential,Ohio
7531,2024-08-18,410.7,residential,Ohio
7532,2024-08-19,940.9,industrial,Florida
7533,2024-08-20,789.3,industrial,New York
7534,2024-08-21,402.1,residential,Ohio
7535,2024-08-22,889.2,industrial,New York
7536,2024-08-23,938.7,industrial,Florida
7537,2024-08-24,629.6,commercial,Florida
7538,2024-08-25,324.0,residential,Georgia
7539,2024-08-26,960.3,industrial,New York
7540,2024-08-27,510.9,residential,Georgia
7541,2024-08-28,624.3,commercial,Ohio
7542,2024-08-29,442.5,residential,Georgia
7543,2024-08-30,644.1,commercial,Florida
7544,2024-08-31,720.7,commercial,Georgia
7545,2024-09-01,281.8,residential,Georgia
7546,2024-09-02,695.3,commercial,Texas
7547,2024-09-03,791.1,industrial,Florida
7548,2024-09-04,363.5,residential,Ohio
7549,2024-09-05,609.0,commercial,California
7550,2024-09-06,340.0,residential,New York
7551,2024-09-07,802.4,commercial,Florida
7552,2024-09-08,656.8,commercial,Florida
7553,2024-09-09,511.6,residential,New York
7554,2024-09-10,369.3,residential,Texas
7555,2024-09-11,911.9,industrial,Ohio
7556,2024-09-12,648.7,commercial,Texas
7557,2024-09-13,860.7,industrial,Florida
7558,2024-09-14,899.8,industrial,California
7559,2024-09-15,304.9,residential,Ohio
7560,2024-09-16,966.3,industrial,California
7561,2024-09-17,677.7,commercial,New York
7562,2024-09-18,1069.0,industrial,New York
7563,2024-09-19,354.6,residential,Illinois
7564,2024-09-20,514.6,residential,Ohio
7565,2024-09-21,618.9,commercial,Ohio
7566,2024-09-22,859.7,industrial,Illinois
7567,2024-09-23,386.9,residential,Ohio
7568,2024-09-24,619.5,commercial,Georgia
7569,2024-09-25,922.9,industrial,New York
7570,2024-09-26,746.2,commercial,Florida
7571,2024-09-27,758.2,commercial,Ohio
7572,2024-09-28,661.8,commercial,Florida
7573,2024-09-29,386.0,residential,New York
7574,2024-09-30,802.3,commercial,Illinois
7575,2024-10-01,762.7,commercial,Illinois
7576,2024-10-02,912.2,industrial,Florida
7577,2024-10-03,473.9,residential,Texas
7578,2024-10-04,521.7,residential,California
7579,2024-10-05,721.8,commercial,Georgia
7580,2024-10-06,902.7,industrial,Ohio
7581,2024-10-07,818.7,industrial,Florida
7582,2024-10-08,890.0,industrial,Georgia
7583,2024-10-09,349.7,residential,New York
7584,2024-10-10,688.5,commercial,Ohio
7585,2024-10-11,314.9,residential,Ohio
7586,2024-10-12,606.3,commercial,Illinois
7587,2024-10-13,936.9,industrial,Ohio
7588,2024-10-14,1022.6,industrial,Illinois
7589,2024-10-15,963.7,industrial,Florida
7590,2024-10-16,892.6,industrial,Illinois
7591,2024-10-17,528.8,commercial,California
7592,2024-10-18,482.9,residential,Texas
7593,2024-10-19,408.4,residential,Illinois
7594,2024-10-20,868.8,industrial,Florida
7595,2024-10-21,980.7,industrial,Florida
7596,2024-10-22,863.0,industrial,New York
7597,2024-10-23,622.2,commercial,California
7598,2024-10-24,860.7,industrial,New York
7599,2024-10-25,460.1,residential,Texas
7600,2024-10-26,575.7,commercial,Texas
7601,2024-10-27,391.6,residential,Florida
7602,2024-10-28,373.6,residential,New York
7603,2024-10-29,415.2,residential,Illinois
7604,2024-10-30,896.3,industrial,New York
7605,2024-10-31,356.2,residential,California
7606,2024-11-01,705.0,commercial,Texas
7607,2024-11-02,562.2,commercial,Florida
7608,2024-11-03,381.9,residential,Texas
7609,2024-11-04,967.3,industrial,New York
7610,2024-11-05,435.3,residential,Ohio
7611,2024-11-06,889.6,industrial,California
7612,2024-11-07,398.3,residential,New York
7613,2024-11-08,632.2,commercial,New York
7614,2024-11-09,286.5,residential,Texas
7615,2024-11-10,374.2,residential,Florida
7616,2024-11-11,916.9,industrial,Illinois
7617,2024-11-12,958.9,industrial,Illinois
7618,2024-11-13,1002.6,industrial,New York
7619,2024-11-14,893.1,industrial,New York
7620,2024-11-15,545.8,residential,Ohio
7621,2024-11-16,750.9,commercial,California
7622,2024-11-17,534.3,commercial,Texas
7623,2024-11-18,908.9,industrial,Illinois
7624,2024-11-19,1001.7,industrial,Georgia
7625,2024-11-20,857.8,industrial,California
7626,2024-11-21,399.2,residential,California
7627,2024-11-22,502.6,residential,New York
7628,2024-11-23,874.1,industrial,Texas
7629,2024-11-24,903.2,industrial,Georgia
7630,2024-11-25,879.0,industrial,Illinois
7631,2024-11-26,295.7,residential,Ohio
7632,2024-11-27,752.0,commercial,Georgia
7633,2024-11-28,788.5,commercial,New York
7634,2024-11-29,533.4,commercial,Illinois
7635,2024-11-30,454.9,residential,Texas
7636,2024-12-01,997.1,industrial,Texas
7637,2024-12-02,612.9,commercial,Texas
7638,2024-12-03,387.5,residential,Florida
7639,2024-12-04,615.1,commercial,California
7640,2024-12-05,876.2,industrial,Ohio
7641,2024-12-06,416.2,residential,Florida
7642,2024-12-07,737.9,commercial,Georgia
7643,2024-12-08,989.8,industrial,Illinois
7644,2024-12-09,699.3,commercial,Illinois
7645,2024-12-10,618.8,commercial,Texas
7646,2024-12-11,865.3,commercial,Ohio
7647,2024-12-12,394.8,residential,Texas
7648,2024-12-13,628.1,commercial,Illinois
7649,2024-12-14,630.4,commercial,Ohio
7650,2024-12-15,683.1,commercial,California
7651,2024-12-16,620.6,commercial,Ohio
7652,2024-12-17,734.7,commercial,California
7653,2024-12-18,613.2,commercial,Illinois
7654,2024-12-19,627.0,commercial,Ohio
7655,2024-12-20,379.7,residential,Illinois
7656,2024-12-21,367.1,residential,California
7657,2024-12-22,673.3,commercial,Georgia
7658,2024-12-23,706.3,commercial,Texas
7659,2024-12-24,714.0,commercial,Florida
7660,2024-12-25,916.6,industrial,California
7661,2024-12-26,915.1,industrial,New York
7662,2024-12-27,380.6,residential,Georgia
7663,2024-12-28,590.5,commercial,Illinois
7664,2024-12-29,533.9,commercial,Florida
7665,2024-12-30,667.5,commercial,Texas
7666,2024-01-01,687.6,commercial,Georgia
7667,2024-01-02,444.3,residential,California
7668,2024-01-03,696.7,commercial,California
7669,2024-01-04,738.3,commercial,Illinois
7670,2024-01-05,1008.1,industrial,Florida
7671,2024-01-06,473.6,residential,Texas
7672,2024-01-07,431.3,residential,Illinois
7673,2024-01-08,519.1,residential,Illinois
7674,2024-01-09,864.9,industrial,Illinois
7675,2024-01-10,906.9,industrial,California
7676,2024-01-11,817.0,industrial,Texas
7677,2024-01-12,1059.8,industrial,New York
7678,2024-01-13,918.5,industrial,Illinois
7679,2024-01-14,793.8,industrial,Illinois
7680,2024-01-15,276.1,residential,Florida
7681,2024-01-16,674.6,commercial,Georgia
7682,2024-01-17,838.5,industrial,Florida
7683,2024-01-18,730.2,commercial,California
7684,2024-01-19,303.5,residential,New York
7685,2024-01-20,564.3,commercial,New York
7686,2024-01-21,999.3,industrial,Texas
7687,2024-01-22,431.9,residential,New York
7688,2024-01-23,721.2,commercial,Texas
7689,2024-01-24,248.2,residential,California
7690,2024-01-25,608.5,commercial,Illinois
7691,2024-01-26,681.2,commercial,Illinois
7692,2024-01-27,686.2,commercial,New York
7693,2024-01-28,964.5,industrial,California
7694,2024-01-29,355.9,residential,California
7695,2024-01-30,767.8,commercial,Florida
7696,2024-01-31,884.4,industrial,Illinois
7697,2024-02-01,972.2,industrial,Florida
7698,2024-02-02,357.8,residential,Illinois
7699,2024-02-03,886.3,industrial,Texas
7700,2024-02-04,506.2,residential,Illinois
7701,2024-02-05,871.6,industrial,Georgia
7702,2024-02-06,412.8,residential,Illinois
7703,2024-02-07,429.8,residential,Florida
7704,2024-02-08,351.6,residential,New York
7705,2024-02-09,628.1,commercial,Ohio
7706,2024-02-10,603.2,commercial,New York
7707,2024-02-11,357.6,residential,California
7708,2024-02-12,906.5,industrial,Texas
7709,2024-02-13,535.8,commercial,Georgia
7710,2024-02-14,644.9,commercial,New York
7711,2024-02-15,658.6,commercial,New York
7712,2024-02-16,909.2,industrial,New York
7713,2024-02-17,441.4,residential,New York
7714,2024-02-18,639.4,commercial,Georgia
7715,2024-02-19,924.3,industrial,Georgia
7716,2024-02-20,726.9,commercial,Illinois
7717,2024-02-21,502.6,commercial,Ohio
7718,2024-02-22,434.0,residential,Illinois
7719,2024-02-23,765.4,industrial,Georgia
7720,2024-02-24,846.5,industrial,Illinois
7721,2024-02-25,420.9,residential,New York
7722,2024-02-26,315.8,residential,Illinois
7723,2024-02-27,461.6,residential,New York
7724,2024-02-28,295.2,residential,Georgia
7725,2024-02-29,691.5,commercial,Texas
7726,2024-03-01,899.5,industrial,New York
7727,2024-03-02,679.7,commercial,Illinois
7728,2024-03-03,649.0,commercial,Texas
7729,2024-03-04,598.7,commercial,New York
7730,2024-03-05,943.6,industrial,California
7731,2024-03-06,928.1,industrial,Ohio
7732,2024-03-07,343.0,residential,California
7733,2024-03-08,448.0,residential,Texas
7734,2024-03-09,388.6,residential,California
7735,2024-03-10,874.2,industrial,California
7736,2024-03-11,398.6,residential,Illinois
7737,2024-03-12,496.4,residential,New York
7738,2024-03-13,359.2,residential,Texas
7739,2024-03-14,667.1,commercial,Florida
7740,2024-03-15,961.4,industrial,California
7741,2024-03-16,850.6,industrial,New York
7742,2024-03-17,890.3,industrial,Georgia
7743,2024-03-18,857.0,industrial,California
7744,2024-03-19,938.9,industrial,Florida
7745,2024-03-20,767.0,industrial,Georgia
7746,2024-03-21,582.2,commercial,Texas
7747,2024-03-22,388.1,residential,New York
7748,2024-03-23,491.1,residential,Texas
7749,2024-03-24,921.8,industrial,California
7750,2024-03-25,654.4,commercial,Illinois
7751,2024-03-26,495.0,residential,California
7752,2024-03-27,383.6,residential,Georgia
7753,2024-03-28,508.2,commercial,New York
7754,2024-03-29,611.4,commercial,Illinois
7755,2024-03-30,677.0,commercial,Georgia
7756,2024-03-31,685.8,commercial,New York
7757,2024-04-01,331.1,residential,Ohio
7758,2024-04-02,643.6,commercial,Georgia
7759,2024-04-03,366.2,residential,California
7760,2024-04-04,332.8,residential,Texas
7761,2024-04-05,276.7,residential,New York
7762,2024-04-06,877.1,industrial,New York
7763,2024-04-07,657.5,commercial,New York
7764,2024-04-08,941.7,industrial,Florida
7765,2024-04-09,676.2,commercial,Texas
7766,2024-04-10,421.9,residential,Texas
7767,2024-04-11,540.1,commercial,Florida
7768,2024-04-12,927.1,industrial,Illinois
7769,2024-04-13,831.1,industrial,Illinois
7770,2024-04-14,413.8,residential,Ohio
7771,2024-04-15,396.0,residential,New York
7772,2024-04-16,845.3,industrial,Florida
7773,2024-04-17,409.2,residential,Texas
7774,2024-04-18,1037.1,industrial,Ohio
7775,2024-04-19,853.9,industrial,Ohio
7776,2024-04-20,943.5,industrial,Illinois
7777,2024-04-21,590.0,commercial,Florida
7778,2024-04-22,472.8,residential,Florida
7779,2024-04-23,586.6,commercial,California
7780,2024-04-24,870.2,industrial,Illinois
7781,2024-04-25,919.8,industrial,New York
7782,2024-04-26,676.7,commercial,New York
7783,2024-04-27,894.6,industrial,New York
7784,2024-04-28,339.3,residential,Georgia
7785,2024-04-29,358.7,residential,Georgia
7786,2024-04-30,688.9,commercial,Georgia
7787,2024-05-01,868.3,industrial,Florida
7788,2024-05-02,392.3,residential,Ohio
7789,2024-05-03,871.9,industrial,California
7790,2024-05-04,438.0,residential,Texas
7791,2024-05-05,623.3,commercial,Ohio
7792,2024-05-06,424.5,residential,Florida
7793,2024-05-07,639.8,commercial,California
7794,2024-05-08,370.9,residential,California
7795,2024-05-09,591.7,commercial,Ohio
7796,2024-05-10,738.7,industrial,Florida
7797,2024-05-11,395.1,residential,Georgia
7798,2024-05-12,615.4,commercial,Ohio
7799,2024-05-13,344.0,residential,California
7800,2024-05-14,660.3,commercial,Ohio
7801,2024-05-15,891.9,industrial,Florida
7802,2024-05-16,488.5,residential,New York
7803,2024-05-17,846.2,industrial,Ohio
7804,2024-05-18,432.7,residential,New York
7805,2024-05-19,350.9,residential,Florida
7806,2024-05-20,905.4,industrial,California
7807,2024-05-21,946.8,industrial,Georgia
7808,2024-05-22,979.3,industrial,Georgia
7809,2024-05-23,636.9,commercial,Georgia
7810,2024-05-24,393.7,residential,Texas
7811,2024-05-25,914.9,industrial,Illinois
7812,2024-05-26,1014.7,industrial,New York
7813,2024-05-27,638.2,commercial,Illinois
7814,2024-05-28,662.6,commercial,Illinois
7815,2024-05-29,438.9,residential,California
7816,2024-05-30,412.2,residential,Illinois
7817,2024-05-31,752.6,commercial,Illinois
7818,2024-06-01,364.8,residential,Illinois
7819,2024-06-02,981.3,industrial,California
7820,2024-06-03,644.5,commercial,California
7821,2024-06-04,383.0,residential,California
7822,2024-06-05,336.4,residential,Ohio
7823,2024-06-06,595.5,commercial,Texas
7824,2024-06-07,257.3,residential,Ohio
7825,2024-06-08,575.3,commercial,Illinois
7826,2024-06-09,527.3,commercial,Texas
7827,2024-06-10,491.7,residential,Illinois
7828,2024-06-11,775.9,commercial,Georgia
7829,2024-06-12,928.9,industrial,Texas
7830,2024-06-13,994.5,industrial,Florida
7831,2024-06-14,704.2,commercial,California
7832,2024-06-15,409.2,residential,New York
7833,2024-06-16,655.5,commercial,New York
7834,2024-06-17,609.0,commercial,Georgia
7835,2024-06-18,374.1,residential,Florida
7836,2024-06-19,705.6,commercial,Texas
7837,2024-06-20,842.8,industrial,Florida
7838,2024-06-21,925.6,industrial,Illinois
7839,2024-06-22,660.5,commercial,California
7840,2024-06-23,636.2,commercial,Georgia
7841,2024-06-24,693.2,commercial,Ohio
7842,2024-06-25,637.3,commercial,Illinois
7843,2024-06-26,660.6,commercial,Florida
7844,2024-06-27,374.3,residential,Georgia
7845,2024-06-28,314.7,residential,Florida
7846,2024-06-29,658.5,commercial,California
7847,2024-06-30,739.5,commercial,Texas
7848,2024-07-01,675.5,commercial,Ohio
7849,2024-07-02,440.0,residential,Ohio
7850,2024-07-03,599.2,commercial,Illinois
7851,2024-07-04,569.1,commercial,Ohio
7852,2024-07-05,435.0,residential,Ohio
7853,2024-07-06,915.3,industrial,Illinois
7854,2024-07-07,710.0,commercial,Texas
7855,2024-07-08,595.5,commercial,Illinois
7856,2024-07-09,429.8,residential,California
7857,2024-07-10,870.2,industrial,Illinois
7858,2024-07-11,422.5,residential,Florida
7859,2024-07-12,894.2,industrial,Georgia
7860,2024-07-13,358.1,residential,Florida
7861,2024-07-14,486.9,residential,California
7862,2024-07-15,375.7,residential,Florida
7863,2024-07-16,908.8,industrial,New York
7864,2024-07-17,395.9,residential,Georgia
7865,2024-07-18,621.3,commercial,Texas
7866,2024-07-19,380.5,residential,Illinois
7867,2024-07-20,643.9,commercial,Illinois
7868,2024-07-21,449.6,residential,Illinois
7869,2024-07-22,445.6,residential,Florida
7870,2024-07-23,608.2,commercial,Georgia
7871,2024-07-24,418.1,residential,New York
7872,2024-07-25,796.8,commercial,Florida
7873,2024-07-26,833.6,industrial,Texas
7874,2024-07-27,943.8,industrial,California
7875,2024-07-28,394.4,residential,Florida
7876,2024-07-29,325.0,residential,California
7877,2024-07-30,706.9,commercial,Ohio
7878,2024-07-31,956.4,industrial,Georgia
7879,2024-08-01,442.2,residential,California
7880,2024-08-02,378.7,residential,Ohio
7881,2024-08-03,419.7,residential,Georgia
7882,2024-08-04,604.0,commercial,Florida
7883,2024-08-05,776.6,industrial,New York
7884,2024-08-06,917.5,industrial,New York
7885,2024-08-07,997.7,industrial,Florida
7886,2024-08-08,425.9,residential,Florida
7887,2024-08-09,605.1,commercial,Texas
7888,2024-08-10,610.2,commercial,Ohio
7889,2024-08-11,427.6,residential,Georgia
7890,2024-08-12,641.8,commercial,New York
7891,2024-08-13,341.5,residential,Florida
7892,2024-08-14,634.5,commercial,California
7893,2024-08-15,756.3,commercial,California
7894,2024-08-16,419.1,residential,Ohio
7895,2024-08-17,433.9,residential,Illinois
7896,2024-08-18,901.0,industrial,Florida
7897,2024-08-19,625.6,commercial,New York
7898,2024-08-20,391.2,residential,California
7899,2024-08-21,560.9,commercial,Texas
7900,2024-08-22,458.7,residential,New York
7901,2024-08-23,371.4,residential,Ohio
7902,2024-08-24,720.3,commercial,Florida
7903,2024-08-25,397.9,residential,New York
7904,2024-08-26,338.1,residential,California
7905,2024-08-27,929.9,industrial,Ohio
7906,2024-08-28,880.2,industrial,Georgia
7907,2024-08-29,512.1,residential,Texas
7908,2024-08-30,786.2,industrial,Florida
7909,2024-08-31,388.2,residential,New York
7910,2024-09-01,866.5,industrial,Florida
7911,2024-09-02,431.0,residential,Florida
7912,2024-09-03,891.3,industrial,Ohio
7913,2024-09-04,638.3,commercial,Texas
7914,2024-09-05,394.6,residential,Illinois
7915,2024-09-06,521.5,commercial,Illinois
7916,2024-09-07,942.6,industrial,Ohio
7917,2024-09-08,624.3,commercial,Florida
7918,2024-09-09,375.7,residential,Florida
7919,2024-09-10,382.7,residential,Texas
7920,2024-09-11,382.5,residential,California
7921,2024-09-12,901.9,industrial,Ohio
7922,2024-09-13,920.8,industrial,Georgia
7923,2024-09-14,717.5,commercial,Ohio
7924,2024-09-15,856.0,industrial,Georgia
7925,2024-09-16,385.7,residential,Illinois
7926,2024-09-17,974.8,industrial,Texas
7927,2024-09-18,436.9,residential,Georgia
7928,2024-09-19,395.7,residential,Illinois
7929,2024-09-20,761.9,commercial,California
7930,2024-09-21,364.9,residential,Georgia
7931,2024-09-22,380.9,residential,Ohio
7932,2024-09-23,780.4,commercial,Ohio
7933,2024-09-24,408.5,residential,Ohio
7934,2024-09-25,683.3,commercial,Ohio
7935,2024-09-26,416.0,residential,Florida
7936,2024-09-27,447.4,residential,Georgia
7937,2024-09-28,427.1,residential,California
7938,2024-09-29,1011.7,industrial,Illinois
7939,2024-09-30,589.9,commercial,New York
7940,2024-10-01,911.5,industrial,Illinois
7941,2024-10-02,413.3,residential,Ohio
7942,2024-10-03,650.9,commercial,Texas
7943,2024-10-04,983.8,industrial,Georgia
7944,2024-10-05,629.2,commercial,Ohio
7945,2024-10-06,655.6,commercial,New York
7946,2024-10-07,497.8,residential,New York
7947,2024-10-08,618.8,commercial,Texas
7948,2024-10-09,361.2,residential,Illinois
7949,2024-10-10,483.9,commercial,Texas
7950,2024-10-11,983.1,industrial,California
7951,2024-10-12,392.4,residential,Texas
7952,2024-10-13,640.7,commercial,Florida
7953,2024-10-14,891.4,industrial,California
7954,2024-10-15,780.5,industrial,New York
7955,2024-10-16,483.8,residential,Georgia
7956,2024-10-17,918.8,industrial,New York
7957,2024-10-18,829.4,industrial,Texas
7958,2024-10-19,631.6,commercial,Ohio
7959,2024-10-20,616.1,commercial,Florida
7960,2024-10-21,881.0,industrial,New York
7961,2024-10-22,369.8,residential,Texas
7962,2024-10-23,641.4,commercial,New York
7963,2024-10-24,384.9,residential,Illinois
7964,2024-10-25,789.3,commercial,California
7965,2024-10-26,455.2,residential,New York
7966,2024-10-27,951.5,industrial,New York
7967,2024-10-28,502.0,residential,Illinois
7968,2024-10-29,901.6,industrial,Ohio
7969,2024-10-30,376.2,residential,Florida
7970,2024-10-31,706.2,commercial,Illinois
7971,2024-11-01,566.2,commercial,California
7972,2024-11-02,977.8,industrial,Florida
7973,2024-11-03,911.8,industrial,Texas
7974,2024-11-04,265.5,residential,New York
7975,2024-11-05,375.3,residential,Ohio
7976,2024-11-06,384.7,residential,Georgia
7977,2024-11-07,850.7,industrial,Georgia
7978,2024-11-08,954.6,industrial,Florida
7979,2024-11-09,553.2,residential,Ohio
7980,2024-11-10,494.4,residential,Texas
7981,2024-11-11,727.9,commercial,Ohio
7982,2024-11-12,918.1,industrial,Texas
7983,2024-11-13,983.9,industrial,Illinois
7984,2024-11-14,910.4,industrial,Florida
7985,2024-11-15,324.0,residential,Ohio
7986,2024-11-16,487.5,residential,Georgia
7987,2024-11-17,811.9,industrial,New York
7988,2024-11-18,665.2,commercial,Georgia
7989,2024-11-19,581.6,commercial,Texas
7990,2024-11-20,574.3,commercial,California
7991,2024-11-21,904.2,industrial,Illinois
7992,2024-11-22,856.6,industrial,Florida
7993,2024-11-23,676.4,commercial,Illinois
7994,2024-11-24,882.6,industrial,California
7995,2024-11-25,480.7,residential,Florida
7996,2024-11-26,932.1,industrial,New York
7997,2024-11-27,826.0,industrial,New York
7998,2024-11-28,870.3,industrial,Florida
7999,2024-11-29,752.3,commercial,Illinois
8000,2024-11-30,381.3,residential,Ohio
8001,2024-12-01,702.1,commercial,Illinois
8002,2024-12-02,932.5,industrial,Georgia
8003,2024-12-03,656.2,commercial,Georgia
8004,2024-12-04,879.0,industrial,New York
8005,2024-12-05,446.9,residential,Illinois
8006,2024-12-06,752.0,commercial,Florida
8007,2024-12-07,651.0,commercial,Ohio
8008,2024-12-08,684.2,commercial,New York
8009,2024-12-09,634.6,commercial,Illinois
8010,2024-12-10,476.0,residential,Georgia
8011,2024-12-11,657.0,commercial,Texas
8012,2024-12-12,776.6,commercial,New York
8013,2024-12-13,968.9,industrial,Florida
8014,2024-12-14,680.6,commercial,Illinois
8015,2024-12-15,418.7,residential,New York
8016,2024-12-16,848.6,industrial,California
8017,2024-12-17,695.7,commercial,Florida
8018,2024-12-18,986.8,industrial,Texas
8019,2024-12-19,944.6,industrial,Georgia
8020,2024-12-20,387.6,residential,California
8021,2024-12-21,864.5,industrial,Ohio
8022,2024-12-22,600.6,commercial,California
8023,2024-12-23,886.2,industrial,New York
8024,2024-12-24,726.4,commercial,California
8025,2024-12-25,836.1,industrial,New York
8026,2024-12-26,444.0,residential,Georgia
8027,2024-12-27,340.5,residential,Georgia
8028,2024-12-28,364.0,residential,Florida
8029,2024-12-29,598.9,commercial,New York
8030,2024-12-30,392.9,residential,Texas
8031,2024-01-01,917.3,industrial,California
8032,2024-01-02,356.9,residential,Ohio
8033,2024-01-03,570.9,commercial,Florida
8034,2024-01-04,972.5,industrial,Illinois
8035,2024-01-05,643.1,commercial,Georgia
8036,2024-01-06,677.9,commercial,Florida
8037,2024-01-07,644.7,commercial,Florida
8038,2024-01-08,630.7,commercial,Ohio
8039,2024-01-09,600.0,commercial,Georgia
8040,2024-01-10,716.2,commercial,Illinois
8041,2024-01-11,331.3,residential,Florida
8042,2024-01-12,721.8,commercial,Georgia
8043,2024-01-13,1005.7,industrial,New York
8044,2024-01-14,420.2,residential,Texas
8045,2024-01-15,421.6,residential,New York
8046,2024-01-16,877.2,industrial,Illinois
8047,2024-01-17,940.0,industrial,Florida
8048,2024-01-18,916.3,industrial,California
8049,2024-01-19,344.3,residential,Florida
8050,2024-01-20,422.8,residential,Illinois
8051,2024-01-21,953.7,industrial,Ohio
8052,2024-01-22,611.1,commercial,Florida
8053,2024-01-23,602.0,commercial,Georgia
8054,2024-01-24,376.8,residential,California
8055,2024-01-25,364.7,residential,Ohio
8056,2024-01-26,343.0,residential,Georgia
8057,2024-01-27,678.7,commercial,California
8058,2024-01-28,408.6,residential,Florida
8059,2024-01-29,458.8,residential,New York
8060,2024-01-30,534.6,commercial,New York
8061,2024-01-31,401.5,residential,Ohio
8062,2024-02-01,433.9,residential,California
8063,2024-02-02,591.9,commercial,Florida
8064,2024-02-03,915.1,industrial,Ohio
8065,2024-02-04,712.6,commercial,Ohio
8066,2024-02-05,862.7,industrial,Georgia
8067,2024-02-06,692.1,commercial,Illinois
8068,2024-02-07,313.3,residential,Georgia
8069,2024-02-08,665.4,commercial,Georgia
8070,2024-02-09,850.5,industrial,New York
8071,2024-02-10,434.3,residential,Ohio
8072,2024-02-11,888.3,industrial,Illinois
8073,2024-02-12,338.8,residential,Georgia
8074,2024-02-13,467.7,residential,Ohio
8075,2024-02-14,688.5,commercial,Georgia
8076,2024-02-15,682.0,commercial,New York
8077,2024-02-16,396.3,residential,Illinois
8078,2024-02-17,874.8,industrial,New York
8079,2024-02-18,710.0,commercial,Ohio
8080,2024-02-19,362.8,residential,Illinois
8081,2024-02-20,840.4,industrial,California
8082,2024-02-21,411.8,residential,California
8083,2024-02-22,766.3,commercial,New York
8084,2024-02-23,391.9,residential,Illinois
8085,2024-02-24,363.6,residential,Texas
8086,2024-02-25,743.5,commercial,Texas
8087,2024-02-26,910.5,industrial,Illinois
8088,2024-02-27,669.7,commercial,Georgia
8089,2024-02-28,371.2,residential,Illinois
8090,2024-02-29,923.3,industrial,New York
8091,2024-03-01,720.3,commercial,Ohio
8092,2024-03-02,520.2,residential,New York
8093,2024-03-03,642.7,commercial,Florida
8094,2024-03-04,474.5,residential,Ohio
8095,2024-03-05,694.9,commercial,Florida
8096,2024-03-06,767.1,commercial,California
8097,2024-03-07,346.2,residential,New York
8098,2024-03-08,722.1,commercial,Illinois
8099,2024-03-09,283.7,residential,Ohio
8100,2024-03-10,479.4,residential,Ohio
8101,2024-03-11,939.5,industrial,Florida
8102,2024-03-12,845.8,industrial,Florida
8103,2024-03-13,808.4,industrial,Florida
8104,2024-03-14,413.1,residential,Texas
8105,2024-03-15,420.1,residential,Florida
8106,2024-03-16,925.3,industrial,Georgia
8107,2024-03-17,674.6,commercial,Florida
8108,2024-03-18,640.9,commercial,California
8109,2024-03-19,389.5,residential,Florida
8110,2024-03-20,332.7,residential,Georgia
8111,2024-03-21,391.0,residential,Georgia
8112,2024-03-22,649.0,commercial,Texas
8113,2024-03-23,459.3,residential,Florida
8114,2024-03-24,593.7,commercial,California
8115,2024-03-25,919.9,industrial,Ohio
8116,2024-03-26,942.4,industrial,California
8117,2024-03-27,619.1,commercial,Illinois
8118,2024-03-28,377.9,residential,New York
8119,2024-03-29,922.5,industrial,Illinois
8120,2024-03-30,440.9,residential,Ohio
8121,2024-03-31,871.2,industrial,New York
8122,2024-04-01,940.7,industrial,Texas
8123,2024-04-02,859.0,industrial,Illinois
8124,2024-04-03,912.4,industrial,California
8125,2024-04-04,381.3,residential,Illinois
8126,2024-04-05,713.2,commercial,Florida
8127,2024-04-06,468.2,residential,California
8128,2024-04-07,973.2,industrial,Georgia
8129,2024-04-08,315.5,residential,Florida
8130,2024-04-09,635.9,commercial,Illinois
8131,2024-04-10,410.2,residential,Illinois
8132,2024-04-11,654.2,commercial,New York
8133,2024-04-12,591.6,commercial,New York
8134,2024-04-13,342.2,residential,Florida
8135,2024-04-14,845.1,industrial,California
8136,2024-04-15,641.7,commercial,Florida
8137,2024-04-16,905.1,industrial,Illinois
8138,2024-04-17,644.4,commercial,Georgia
8139,2024-04-18,733.9,commercial,Georgia
8140,2024-04-19,727.4,commercial,New York
8141,2024-04-20,453.6,residential,Texas
8142,2024-04-21,847.5,industrial,Georgia
8143,2024-04-22,903.0,industrial,Florida
8144,2024-04-23,580.4,commercial,Ohio
8145,2024-04-24,872.0,industrial,New York
8146,2024-04-25,445.4,residential,Georgia
8147,2024-04-26,646.1,commercial,New York
8148,2024-04-27,416.1,residential,Illinois
8149,2024-04-28,462.2,residential,Illinois
8150,2024-04-29,887.8,industrial,Texas
8151,2024-04-30,925.1,industrial,Illinois
8152,2024-05-01,684.2,commercial,California
8153,2024-05-02,911.4,industrial,Texas
8154,2024-05-03,383.1,residential,New York
8155,2024-05-04,409.8,residential,California
8156,2024-05-05,669.8,commercial,Texas
8157,2024-05-06,633.8,commercial,Texas
8158,2024-05-07,887.3,industrial,Georgia
8159,2024-05-08,892.8,industrial,Georgia
8160,2024-05-09,348.4,residential,Florida
8161,2024-05-10,713.7,commercial,Illinois
8162,2024-05-11,578.4,commercial,Illinois
8163,2024-05-12,685.6,commercial,Georgia
8164,2024-05-13,389.2,residential,Georgia
8165,2024-05-14,354.2,residential,Florida
8166,2024-05-15,963.9,industrial,Georgia
8167,2024-05-16,434.5,residential,Florida
8168,2024-05-17,459.2,residential,Illinois
8169,2024-05-18,894.6,industrial,California
8170,2024-05-19,981.1,industrial,Florida
8171,2024-05-20,716.3,commercial,New York
8172,2024-05-21,439.3,residential,Illinois
8173,2024-05-22,448.8,residential,New York
8174,2024-05-23,508.2,residential,California
8175,2024-05-24,419.5,residential,Ohio
8176,2024-05-25,521.0,commercial,California
8177,2024-05-26,866.4,industrial,Illinois
8178,2024-05-27,556.5,commercial,Illinois
8179,2024-05-28,410.9,residential,New York
8180,2024-05-29,930.4,industrial,Ohio
8181,2024-05-30,703.5,commercial,California
8182,2024-05-31,477.0,residential,California
8183,2024-06-01,982.7,industrial,Ohio
8184,2024-06-02,257.2,residential,Ohio
8185,2024-06-03,580.4,commercial,Florida
8186,2024-06-04,403.1,residential,Georgia
8187,2024-06-05,862.1,industrial,California
8188,2024-06-06,848.9,industrial,Illinois
8189,2024-06-07,395.6,residential,Texas
8190,2024-06-08,379.7,residential,California
8191,2024-06-09,928.7,industrial,Ohio
8192,2024-06-10,984.5,industrial,New York
8193,2024-06-11,679.3,commercial,California
8194,2024-06-12,656.4,commercial,New York
8195,2024-06-13,933.1,industrial,New York
8196,2024-06-14,583.4,commercial,Ohio
8197,2024-06-15,1016.2,industrial,Ohio
8198,2024-06-16,675.9,commercial,Georgia
8199,2024-06-17,620.8,commercial,New York
8200,2024-06-18,428.3,residential,New York
8201,2024-06-19,969.6,industrial,Georgia
8202,2024-06-20,649.0,commercial,Florida
8203,2024-06-21,978.9,industrial,Illinois
8204,2024-06-22,786.5,commercial,Ohio
8205,2024-06-23,486.7,residential,Florida
8206,2024-06-24,870.1,industrial,Ohio
8207,2024-06-25,1016.4,industrial,New York
8208,2024-06-26,670.5,commercial,New York
8209,2024-06-27,578.8,commercial,Ohio
8210,2024-06-28,857.3,industrial,Ohio
8211,2024-06-29,357.2,residential,California
8212,2024-06-30,814.6,industrial,Ohio
8213,2024-07-01,915.2,industrial,Illinois
8214,2024-07-02,412.5,residential,New York
8215,2024-07-03,493.8,residential,Illinois
8216,2024-07-04,414.4,residential,New York
8217,2024-07-05,813.8,industrial,Illinois
8218,2024-07-06,301.9,residential,Florida
8219,2024-07-07,999.7,industrial,Illinois
8220,2024-07-08,940.8,industrial,Georgia
8221,2024-07-09,712.8,commercial,Texas
8222,2024-07-10,431.1,residential,Texas
8223,2024-07-11,621.5,commercial,Texas
8224,2024-07-12,381.6,residential,Georgia
8225,2024-07-13,401.0,residential,California
8226,2024-07-14,550.8,commercial,Texas
8227,2024-07-15,938.0,industrial,Illinois
8228,2024-07-16,878.4,industrial,Texas
8229,2024-07-17,408.8,residential,Ohio
8230,2024-07-18,829.3,industrial,Illinois
8231,2024-07-19,588.2,commercial,Ohio
8232,2024-07-20,727.2,commercial,Texas
8233,2024-07-21,554.0,commercial,Texas
8234,2024-07-22,546.5,residential,Georgia
8235,2024-07-23,523.3,residential,Texas
8236,2024-07-24,568.3,commercial,Ohio
8237,2024-07-25,696.6,commercial,Florida
8238,2024-07-26,665.0,commercial,Georgia
8239,2024-07-27,369.3,residential,Ohio
8240,2024-07-28,415.0,residential,Georgia
8241,2024-07-29,631.1,commercial,New York
8242,2024-07-30,1018.7,industrial,Georgia
8243,2024-07-31,942.6,industrial,Texas
8244,2024-08-01,720.4,commercial,California
8245,2024-08-02,880.7,industrial,Texas
8246,2024-08-03,485.9,residential,Georgia
8247,2024-08-04,664.5,commercial,Georgia
8248,2024-08-05,805.6,industrial,Florida
8249,2024-08-06,336.6,residential,Florida
8250,2024-08-07,698.7,commercial,Florida
8251,2024-08-08,348.0,residential,Illinois
8252,2024-08-09,597.1,commercial,Illinois
8253,2024-08-10,906.1,industrial,Illinois
8254,2024-08-11,374.9,residential,Ohio
8255,2024-08-12,638.6,commercial,Texas
8256,2024-08-13,456.2,residential,New York
8257,2024-08-14,903.8,industrial,New York
8258,2024-08-15,447.0,residential,Georgia
8259,2024-08-16,866.3,industrial,California
8260,2024-08-17,399.7,residential,Florida
8261,2024-08-18,661.9,commercial,Illinois
8262,2024-08-19,308.0,residential,California
8263,2024-08-20,443.2,residential,Texas
8264,2024-08-21,677.2,commercial,Florida
8265,2024-08-22,869.5,industrial,Ohio
8266,2024-08-23,438.9,residential,New York
8267,2024-08-24,375.6,residential,California
8268,2024-08-25,894.0,industrial,Florida
8269,2024-08-26,541.4,commercial,Ohio
8270,2024-08-27,633.0,commercial,Georgia
8271,2024-08-28,633.3,commercial,Ohio
8272,2024-08-29,693.2,commercial,Florida
8273,2024-08-30,831.5,industrial,Ohio
8274,2024-08-31,605.8,commercial,Texas
8275,2024-09-01,408.8,residential,Ohio
8276,2024-09-02,484.0,residential,Ohio
8277,2024-09-03,686.6,commercial,California
8278,2024-09-04,679.1,commercial,California
8279,2024-09-05,941.7,industrial,Illinois
8280,2024-09-06,937.8,industrial,California
8281,2024-09-07,888.3,industrial,Illinois
8282,2024-09-08,836.3,industrial,Ohio
8283,2024-09-09,713.9,commercial,Georgia
8284,2024-09-10,622.4,commercial,California
8285,2024-09-11,947.0,industrial,Texas
8286,2024-09-12,465.7,residential,California
8287,2024-09-13,738.6,commercial,Georgia
8288,2024-09-14,353.9,residential,Texas
8289,2024-09-15,855.4,industrial,Georgia
8290,2024-09-16,844.7,industrial,New York
8291,2024-09-17,653.9,commercial,Texas
8292,2024-09-18,676.4,commercial,Georgia
8293,2024-09-19,544.5,commercial,Texas
8294,2024-09-20,508.4,commercial,Texas
8295,2024-09-21,456.8,residential,Georgia
8296,2024-09-22,587.0,commercial,Illinois
8297,2024-09-23,867.8,industrial,Ohio
8298,2024-09-24,843.2,industrial,Ohio
8299,2024-09-25,715.8,commercial,California
8300,2024-09-26,352.6,residential,Illinois
8301,2024-09-27,577.3,commercial,Ohio
8302,2024-09-28,680.7,commercial,Ohio
8303,2024-09-29,431.4,residential,Georgia
8304,2024-09-30,876.1,industrial,Illinois
8305,2024-10-01,401.4,residential,Georgia
8306,2024-10-02,962.7,industrial,California
8307,2024-10-03,815.7,industrial,Georgia
8308,2024-10-04,718.7,commercial,California
8309,2024-10-05,682.1,commercial,Georgia
8310,2024-10-06,710.6,commercial,California
8311,2024-10-07,333.1,residential,Texas
8312,2024-10-08,647.9,commercial,Ohio
8313,2024-10-09,389.4,residential,New York
8314,2024-10-10,435.2,residential,Texas
8315,2024-10-11,359.3,residential,New York
8316,2024-10-12,593.4,commercial,Texas
8317,2024-10-13,732.1,commercial,California
8318,2024-10-14,608.2,commercial,Georgia
8319,2024-10-15,630.3,commercial,Ohio
8320,2024-10-16,841.5,industrial,New York
8321,2024-10-17,578.4,commercial,Texas
8322,2024-10-18,817.4,industrial,California
8323,2024-10-19,773.5,industrial,Ohio
8324,2024-10-20,403.8,residential,Georgia
8325,2024-10-21,451.2,residential,New York
8326,2024-10-22,675.1,commercial,Illinois
8327,2024-10-23,650.8,commercial,Florida
8328,2024-10-24,670.8,commercial,California
8329,2024-10-25,718.9,commercial,Florida
8330,2024-10-26,699.7,commercial,Georgia
8331,2024-10-27,667.9,commercial,New York
8332,2024-10-28,1000.1,industrial,Ohio
8333,2024-10-29,632.2,commercial,New York
8334,2024-10-30,407.6,residential,California
8335,2024-10-31,571.0,commercial,Texas
8336,2024-11-01,309.7,residential,Ohio
8337,2024-11-02,860.7,industrial,California
8338,2024-11-03,882.2,industrial,New York
8339,2024-11-04,873.6,industrial,Florida
8340,2024-11-05,405.4,residential,Georgia
8341,2024-11-06,408.4,residential,Ohio
8342,2024-11-07,901.7,industrial,Illinois
8343,2024-11-08,411.6,residential,Florida
8344,2024-11-09,918.6,industrial,Ohio
8345,2024-11-10,468.4,residential,Ohio
8346,2024-11-11,861.7,industrial,Florida
8347,2024-11-12,482.4,residential,Texas
8348,2024-11-13,951.2,industrial,Georgia
8349,2024-11-14,901.9,industrial,Ohio
8350,2024-11-15,680.0,commercial,Texas
8351,2024-11-16,565.3,commercial,California
8352,2024-11-17,457.6,residential,Texas
8353,2024-11-18,938.7,industrial,Texas
8354,2024-11-19,872.4,industrial,Georgia
8355,2024-11-20,691.5,commercial,California
8356,2024-11-21,877.3,industrial,California
8357,2024-11-22,591.4,commercial,California
8358,2024-11-23,677.4,commercial,Texas
8359,2024-11-24,860.9,industrial,Ohio
8360,2024-11-25,396.1,residential,Florida
8361,2024-11-26,578.1,commercial,Illinois
8362,2024-11-27,415.5,residential,Illinois
8363,2024-11-28,371.6,residential,Georgia
8364,2024-11-29,951.5,industrial,Texas
8365,2024-11-30,686.9,commercial,Illinois
8366,2024-12-01,385.0,residential,Florida
8367,2024-12-02,678.1,commercial,New York
8368,2024-12-03,407.4,residential,California
8369,2024-12-04,646.2,commercial,Texas
8370,2024-12-05,431.9,residential,Ohio
8371,2024-12-06,572.6,commercial,Florida
8372,2024-12-07,369.2,residential,Texas
8373,2024-12-08,1035.4,industrial,Georgia
8374,2024-12-09,995.0,industrial,Georgia
8375,2024-12-10,443.7,residential,Illinois
8376,2024-12-11,870.1,industrial,California
8377,2024-12-12,987.5,industrial,Texas
8378,2024-12-13,859.7,industrial,Illinois
8379,2024-12-14,392.6,residential,Texas
8380,2024-12-15,886.3,industrial,California
8381,2024-12-16,674.5,commercial,Ohio
8382,2024-12-17,340.3,residential,Ohio
8383,2024-12-18,643.4,commercial,California
8384,2024-12-19,875.4,industrial,Texas
8385,2024-12-20,318.7,residential,California
8386,2024-12-21,434.0,residential,Georgia
8387,2024-12-22,857.1,industrial,Georgia
8388,2024-12-23,314.7,residential,New York
8389,2024-12-24,489.1,residential,Illinois
8390,2024-12-25,834.8,industrial,Ohio
8391,2024-12-26,647.1,commercial,Georgia
8392,2024-12-27,411.0,residential,Illinois
8393,2024-12-28,453.1,residential,Georgia
8394,2024-12-29,943.1,industrial,Texas
8395,2024-12-30,625.9,commercial,Georgia
8396,2024-01-01,372.4,residential,California
8397,2024-01-02,647.0,commercial,Georgia
8398,2024-01-03,851.9,industrial,Georgia
8399,2024-01-04,938.2,industrial,Texas
8400,2024-01-05,847.9,industrial,Georgia
8401,2024-01-06,441.3,residential,Florida
8402,2024-01-07,728.1,commercial,New York
8403,2024-01-08,481.5,residential,New York
8404,2024-01-09,851.5,industrial,Florida
8405,2024-01-10,442.4,residential,Georgia
8406,2024-01-11,593.0,commercial,Florida
8407,2024-01-12,354.1,residential,California
8408,2024-01-13,678.7,commercial,California
8409,2024-01-14,513.4,residential,California
8410,2024-01-15,866.7,industrial,Georgia
8411,2024-01-16,869.9,industrial,Ohio
8412,2024-01-17,433.3,residential,Illinois
8413,2024-01-18,996.4,industrial,California
8414,2024-01-19,329.9,residential,New York
8415,2024-01-20,430.7,residential,Texas
8416,2024-01-21,823.7,industrial,Ohio
8417,2024-01-22,604.8,commercial,Texas
8418,2024-01-23,913.3,industrial,Ohio
8419,2024-01-24,585.6,commercial,Florida
8420,2024-01-25,878.6,industrial,Illinois
8421,2024-01-26,669.9,commercial,California
8422,2024-01-27,948.1,industrial,Florida
8423,2024-01-28,980.4,industrial,New York
8424,2024-01-29,847.8,industrial,Florida
8425,2024-01-30,841.8,industrial,Illinois
8426,2024-01-31,609.2,commercial,Georgia
8427,2024-02-01,640.7,commercial,California
8428,2024-02-02,396.2,residential,Illinois
8429,2024-02-03,839.7,industrial,Illinois
8430,2024-02-04,868.3,industrial,Texas
8431,2024-02-05,588.2,commercial,New York
8432,2024-02-06,676.2,commercial,Texas
8433,2024-02-07,458.0,residential,Ohio
8434,2024-02-08,574.7,commercial,Illinois
8435,2024-02-09,903.5,industrial,Georgia
8436,2024-02-10,881.6,industrial,Florida
8437,2024-02-11,270.0,residential,Texas
8438,2024-02-12,689.4,commercial,Georgia
8439,2024-02-13,865.0,industrial,Ohio
8440,2024-02-14,608.8,commercial,California
8441,2024-02-15,336.6,residential,Ohio
8442,2024-02-16,860.9,industrial,Ohio
8443,2024-02-17,763.3,commercial,Texas
8444,2024-02-18,651.9,commercial,Illinois
8445,2024-02-19,388.6,residential,Texas
8446,2024-02-20,262.8,residential,New York
8447,2024-02-21,395.2,residential,Illinois
8448,2024-02-22,706.5,commercial,Illinois
8449,2024-02-23,697.5,commercial,New York
8450,2024-02-24,853.1,industrial,Florida
8451,2024-02-25,886.5,industrial,California
8452,2024-02-26,253.9,residential,Georgia
8453,2024-02-27,952.7,industrial,New York
8454,2024-02-28,640.9,commercial,Georgia
8455,2024-02-29,899.4,industrial,Ohio
8456,2024-03-01,783.0,industrial,Ohio
8457,2024-03-02,685.9,commercial,Illinois
8458,2024-03-03,310.2,residential,Illinois
8459,2024-03-04,387.7,residential,Georgia
8460,2024-03-05,602.1,commercial,California
8461,2024-03-06,370.3,residential,Georgia
8462,2024-03-07,717.0,commercial,Florida
8463,2024-03-08,375.4,residential,Illinois
8464,2024-03-09,871.5,industrial,Illinois
8465,2024-03-10,589.3,commercial,Georgia
8466,2024-03-11,437.6,residential,Georgia
8467,2024-03-12,728.8,commercial,Georgia
8468,2024-03-13,968.9,industrial,California
8469,2024-03-14,887.0,industrial,Georgia
8470,2024-03-15,424.8,residential,New York
8471,2024-03-16,979.4,industrial,Illinois
8472,2024-03-17,653.6,commercial,Florida
8473,2024-03-18,744.9,commercial,Georgia
8474,2024-03-19,955.9,industrial,Illinois
8475,2024-03-20,380.2,residential,Florida
8476,2024-03-21,999.3,industrial,New York
8477,2024-03-22,995.1,industrial,New York
8478,2024-03-23,483.8,residential,Georgia
8479,2024-03-24,377.5,residential,Ohio
8480,2024-03-25,1004.7,industrial,Florida
8481,2024-03-26,289.6,residential,Illinois
8482,2024-03-27,595.3,commercial,New York
8483,2024-03-28,949.9,industrial,Florida
8484,2024-03-29,820.3,industrial,New York
8485,2024-03-30,864.8,industrial,California
8486,2024-03-31,871.5,industrial,Florida
8487,2024-04-01,743.4,commercial,Texas
8488,2024-04-02,338.0,residential,New York
8489,2024-04-03,815.5,industrial,Ohio
8490,2024-04-04,876.5,industrial,Florida
8491,2024-04-05,1023.4,industrial,Georgia
8492,2024-04-06,603.0,commercial,Ohio
8493,2024-04-07,921.1,industrial,Florida
8494,2024-04-08,401.0,residential,California
8495,2024-04-09,302.0,residential,Texas
8496,2024-04-10,401.8,residential,Florida
8497,2024-04-11,881.6,industrial,Illinois
8498,2024-04-12,426.4,residential,California
8499,2024-04-13,679.4,commercial,Ohio
8500,2024-04-14,487.8,residential,Georgia
8501,2024-04-15,937.2,industrial,New York
8502,2024-04-16,862.8,industrial,Texas
8503,2024-04-17,871.0,industrial,Illinois
8504,2024-04-18,675.6,commercial,Illinois
8505,2024-04-19,444.4,residential,Georgia
8506,2024-04-20,802.7,industrial,New York
8507,2024-04-21,406.2,residential,Georgia
8508,2024-04-22,350.7,residential,Ohio
8509,2024-04-23,660.8,commercial,Georgia
8510,2024-04-24,633.8,commercial,Illinois
8511,2024-04-25,619.8,commercial,New York
8512,2024-04-26,1055.9,industrial,California
8513,2024-04-27,858.4,industrial,Illinois
8514,2024-04-28,907.2,industrial,Georgia
8515,2024-04-29,946.0,industrial,Illinois
8516,2024-04-30,458.0,residential,California
8517,2024-05-01,567.0,commercial,Georgia
8518,2024-05-02,621.4,commercial,Illinois
8519,2024-05-03,614.6,commercial,Illinois
8520,2024-05-04,674.7,commercial,Texas
8521,2024-05-05,687.2,commercial,Florida
8522,2024-05-06,665.2,commercial,Georgia
8523,2024-05-07,602.2,commercial,California
8524,2024-05-08,749.8,commercial,Florida
8525,2024-05-09,374.6,residential,Florida
8526,2024-05-10,384.4,residential,Texas
8527,2024-05-11,364.3,residential,Texas
8528,2024-05-12,391.7,residential,Georgia
8529,2024-05-13,341.4,residential,New York
8530,2024-05-14,932.3,industrial,Ohio
8531,2024-05-15,342.1,residential,Georgia
8532,2024-05-16,822.2,industrial,Georgia
8533,2024-05-17,397.6,residential,California
8534,2024-05-18,949.4,industrial,Texas
8535,2024-05-19,343.2,residential,Florida
8536,2024-05-20,413.5,residential,Georgia
8537,2024-05-21,907.3,industrial,Ohio
8538,2024-05-22,754.3,industrial,Georgia
8539,2024-05-23,549.8,commercial,Georgia
8540,2024-05-24,672.7,commercial,New York
8541,2024-05-25,497.5,residential,Illinois
8542,2024-05-26,618.5,commercial,New York
8543,2024-05-27,351.2,residential,Georgia
8544,2024-05-28,836.8,industrial,Texas
8545,2024-05-29,699.7,commercial,Georgia
8546,2024-05-30,928.5,industrial,Illinois
8547,2024-05-31,857.0,industrial,Florida
8548,2024-06-01,846.4,industrial,Florida
8549,2024-06-02,811.4,industrial,Illinois
8550,2024-06-03,375.2,residential,California
8551,2024-06-04,674.7,commercial,Texas
8552,2024-06-05,664.9,commercial,Florida
8553,2024-06-06,873.0,industrial,New York
8554,2024-06-07,988.4,industrial,Florida
8555,2024-06-08,846.7,industrial,New York
8556,2024-06-09,524.1,residential,Florida
8557,2024-06-10,649.9,commercial,Florida
8558,2024-06-11,944.4,industrial,Illinois
8559,2024-06-12,972.6,industrial,Illinois
8560,2024-06-13,962.3,industrial,Florida
8561,2024-06-14,313.9,residential,New York
8562,2024-06-15,943.3,industrial,California
8563,2024-06-16,624.9,commercial,New York
8564,2024-06-17,733.4,commercial,Florida
8565,2024-06-18,736.9,commercial,Georgia
8566,2024-06-19,425.1,residential,New York
8567,2024-06-20,756.3,commercial,New York
8568,2024-06-21,329.3,residential,California
8569,2024-06-22,956.3,industrial,Georgia
8570,2024-06-23,416.6,residential,Ohio
8571,2024-06-24,855.0,industrial,Illinois
8572,2024-06-25,925.9,industrial,Florida
8573,2024-06-26,383.0,residential,Georgia
8574,2024-06-27,422.0,residential,California
8575,2024-06-28,640.7,commercial,Georgia
8576,2024-06-29,680.6,commercial,New York
8577,2024-06-30,303.6,residential,Illinois
8578,2024-07-01,526.1,residential,Texas
8579,2024-07-02,543.2,commercial,Ohio
8580,2024-07-03,625.3,commercial,Ohio
8581,2024-07-04,466.4,residential,Texas
8582,2024-07-05,621.8,commercial,California
8583,2024-07-06,684.3,commercial,California
8584,2024-07-07,435.7,residential,Texas
8585,2024-07-08,704.5,commercial,Illinois
8586,2024-07-09,367.7,residential,Florida
8587,2024-07-10,449.9,residential,Ohio
8588,2024-07-11,567.2,commercial,Ohio
8589,2024-07-12,410.0,residential,Georgia
8590,2024-07-13,432.6,residential,New York
8591,2024-07-14,591.6,commercial,Florida
8592,2024-07-15,812.0,industrial,California
8593,2024-07-16,686.0,commercial,Florida
8594,2024-07-17,882.0,industrial,Ohio
8595,2024-07-18,601.9,commercial,Georgia
8596,2024-07-19,639.0,commercial,Illinois
8597,2024-07-20,406.5,residential,Illinois
8598,2024-07-21,971.9,industrial,California
8599,2024-07-22,921.6,industrial,Texas
8600,2024-07-23,590.4,commercial,New York
8601,2024-07-24,287.7,residential,California
8602,2024-07-25,814.4,industrial,Ohio
8603,2024-07-26,817.7,industrial,Texas
8604,2024-07-27,382.3,residential,Florida
8605,2024-07-28,640.0,commercial,Illinois
8606,2024-07-29,985.7,industrial,Ohio
8607,2024-07-30,419.3,residential,Florida
8608,2024-07-31,474.6,residential,Texas
8609,2024-08-01,990.8,industrial,New York
8610,2024-08-02,477.9,residential,Georgia
8611,2024-08-03,956.7,industrial,Illinois
8612,2024-08-04,380.3,residential,Georgia
8613,2024-08-05,774.9,industrial,Georgia
8614,2024-08-06,839.5,industrial,New York
8615,2024-08-07,904.9,industrial,Ohio
8616,2024-08-08,425.4,residential,Ohio
8617,2024-08-09,517.8,residential,Florida
8618,2024-08-10,873.5,industrial,Texas
8619,2024-08-11,780.3,industrial,New York
8620,2024-08-12,869.9,industrial,Georgia
8621,2024-08-13,588.5,commercial,New York
8622,2024-08-14,971.6,industrial,New York
8623,2024-08-15,988.8,industrial,Illinois
8624,2024-08-16,383.1,residential,California
8625,2024-08-17,991.3,industrial,California
8626,2024-08-18,814.0,industrial,New York
8627,2024-08-19,891.1,industrial,New York
8628,2024-08-20,707.7,commercial,New York
8629,2024-08-21,396.9,residential,California
8630,2024-08-22,366.0,residential,California
8631,2024-08-23,390.8,residential,New York
8632,2024-08-24,894.8,industrial,Florida
8633,2024-08-25,852.1,industrial,New York
8634,2024-08-26,629.2,commercial,Florida
8635,2024-08-27,648.5,commercial,Texas
8636,2024-08-28,426.3,residential,Florida
8637,2024-08-29,965.4,industrial,Florida
8638,2024-08-30,530.3,commercial,California
8639,2024-08-31,427.4,residential,New York
8640,2024-09-01,949.6,industrial,New York
8641,2024-09-02,645.8,commercial,California
8642,2024-09-03,672.0,commercial,California
8643,2024-09-04,644.2,commercial,Florida
8644,2024-09-05,339.3,residential,Florida
8645,2024-09-06,628.6,commercial,Illinois
8646,2024-09-07,863.9,industrial,Florida
8647,2024-09-08,894.9,industrial,Texas
8648,2024-09-09,322.6,residential,California
8649,2024-09-10,637.8,commercial,California
8650,2024-09-11,698.1,commercial,New York
8651,2024-09-12,670.6,commercial,Ohio
8652,2024-09-13,927.5,industrial,Texas
8653,2024-09-14,919.5,industrial,Illinois
8654,2024-09-15,438.0,residential,California
8655,2024-09-16,838.0,industrial,Ohio
8656,2024-09-17,439.2,residential,Florida
8657,2024-09-18,959.2,industrial,Ohio
8658,2024-09-19,496.2,residential,Ohio
8659,2024-09-20,470.8,residential,Ohio
8660,2024-09-21,376.9,residential,California
8661,2024-09-22,354.2,residential,New York
8662,2024-09-23,894.6,industrial,Texas
8663,2024-09-24,404.5,residential,Ohio
8664,2024-09-25,653.7,commercial,Florida
8665,2024-09-26,546.8,commercial,New York
8666,2024-09-27,405.1,residential,Texas
8667,2024-09-28,625.8,commercial,Ohio
8668,2024-09-29,438.9,residential,Illinois
8669,2024-09-30,516.4,commercial,Illinois
8670,2024-10-01,700.0,commercial,California
8671,2024-10-02,590.4,commercial,Illinois
8672,2024-10-03,922.2,industrial,New York
8673,2024-10-04,376.4,residential,Illinois
8674,2024-10-05,382.0,residential,Ohio
8675,2024-10-06,769.8,commercial,Ohio
8676,2024-10-07,871.2,industrial,California
8677,2024-10-08,462.8,residential,Ohio
8678,2024-10-09,377.1,residential,Ohio
8679,2024-10-10,931.1,industrial,Georgia
8680,2024-10-11,916.2,industrial,Georgia
8681,2024-10-12,282.5,residential,Illinois
8682,2024-10-13,640.4,commercial,New York
8683,2024-10-14,679.6,commercial,Ohio
8684,2024-10-15,879.8,industrial,Ohio
8685,2024-10-16,897.0,industrial,Florida
8686,2024-10-17,428.4,residential,Illinois
8687,2024-10-18,833.6,industrial,Texas
8688,2024-10-19,723.9,commercial,Ohio
8689,2024-10-20,335.4,residential,California
8690,2024-10-21,950.9,industrial,Georgia
8691,2024-10-22,695.4,commercial,Ohio
8692,2024-10-23,340.1,residential,Florida
8693,2024-10-24,658.3,commercial,California
8694,2024-10-25,880.3,industrial,Florida
8695,2024-10-26,409.6,residential,Ohio
8696,2024-10-27,868.8,industrial,Ohio
8697,2024-10-28,920.4,industrial,Florida
8698,2024-10-29,543.1,residential,Ohio
8699,2024-10-30,529.1,residential,Georgia
8700,2024-10-31,383.0,residential,Georgia
8701,2024-11-01,680.3,commercial,California
8702,2024-11-02,689.7,commercial,Illinois
8703,2024-11-03,637.9,commercial,New York
8704,2024-11-04,504.9,residential,Ohio
8705,2024-11-05,418.0,residential,Illinois
8706,2024-11-06,592.0,commercial,Illinois
8707,2024-11-07,890.9,industrial,Florida
8708,2024-11-08,643.1,commercial,California
8709,2024-11-09,501.9,residential,Georgia
8710,2024-11-10,951.1,industrial,California
8711,2024-11-11,286.1,residential,Florida
8712,2024-11-12,450.0,residential,New York
8713,2024-11-13,937.0,industrial,Illinois
8714,2024-11-14,399.3,residential,Florida
8715,2024-11-15,671.5,commercial,Ohio
8716,2024-11-16,489.4,residential,Georgia
8717,2024-11-17,667.8,commercial,Florida
8718,2024-11-18,891.1,industrial,California
8719,2024-11-19,842.9,industrial,California
8720,2024-11-20,907.8,industrial,New York
8721,2024-11-21,661.8,commercial,Ohio
8722,2024-11-22,536.4,commercial,Georgia
8723,2024-11-23,926.8,industrial,Illinois
8724,2024-11-24,630.1,commercial,California
8725,2024-11-25,705.3,commercial,Georgia
8726,2024-11-26,820.1,industrial,Florida
8727,2024-11-27,501.0,residential,Ohio
8728,2024-11-28,323.3,residential,Ohio
8729,2024-11-29,429.6,residential,California
8730,2024-11-30,574.5,commercial,Georgia
8731,2024-12-01,442.8,residential,Georgia
8732,2024-12-02,928.5,industrial,Texas
8733,2024-12-03,417.1,residential,Illinois
8734,2024-12-04,350.8,residential,Texas
8735,2024-12-05,345.9,residential,Georgia
8736,2024-12-06,762.8,industrial,Illinois
8737,2024-12-07,618.1,commercial,Illinois
8738,2024-12-08,515.1,residential,New York
8739,2024-12-09,958.0,industrial,Georgia
8740,2024-12-10,595.9,commercial,Georgia
8741,2024-12-11,748.8,commercial,Illinois
8742,2024-12-12,862.7,industrial,New York
8743,2024-12-13,370.0,residential,Ohio
8744,2024-12-14,747.2,commercial,Ohio
8745,2024-12-15,867.1,industrial,California
8746,2024-12-16,879.5,industrial,Texas
8747,2024-12-17,314.8,residential,Georgia
8748,2024-12-18,631.6,commercial,California
8749,2024-12-19,406.6,residential,California
8750,2024-12-20,866.5,industrial,Florida
8751,2024-12-21,932.7,industrial,California
8752,2024-12-22,382.9,residential,Illinois
8753,2024-12-23,874.0,industrial,California
8754,2024-12-24,903.1,industrial,Illinois
8755,2024-12-25,305.7,residential,California
8756,2024-12-26,640.2,commercial,Georgia
8757,2024-12-27,335.5,residential,Florida
8758,2024-12-28,364.0,residential,California
8759,2024-12-29,341.2,residential,Florida
8760,2024-12-30,870.2,industrial,Illinois
8761,2024-01-01,452.1,residential,New York
8762,2024-01-02,345.1,residential,New York
8763,2024-01-03,726.0,commercial,New York
8764,2024-01-04,863.4,industrial,California
8765,2024-01-05,744.6,commercial,Georgia
8766,2024-01-06,370.1,residential,Florida
8767,2024-01-07,632.0,commercial,Ohio
8768,2024-01-08,683.0,commercial,Ohio
8769,2024-01-09,462.6,residential,Illinois
8770,2024-01-10,580.5,commercial,Texas
8771,2024-01-11,437.8,residential,Florida
8772,2024-01-12,405.3,residential,California
8773,2024-01-13,883.4,industrial,Georgia
8774,2024-01-14,721.7,commercial,Florida
8775,2024-01-15,816.3,industrial,Illinois
8776,2024-01-16,363.1,residential,Georgia
8777,2024-01-17,928.4,industrial,Florida
8778,2024-01-18,999.3,industrial,Florida
8779,2024-01-19,412.7,residential,Ohio
8780,2024-01-20,439.6,residential,California
8781,2024-01-21,358.0,residential,Illinois
8782,2024-01-22,727.9,commercial,California
8783,2024-01-23,551.4,commercial,Ohio
8784,2024-01-24,685.3,commercial,Illinois
8785,2024-01-25,930.0,industrial,Ohio
8786,2024-01-26,900.7,industrial,Georgia
8787,2024-01-27,380.3,residential,Texas
8788,2024-01-28,865.3,industrial,Georgia
8789,2024-01-29,869.5,industrial,Illinois
8790,2024-01-30,956.5,industrial,Texas
8791,2024-01-31,914.7,industrial,Georgia
8792,2024-02-01,591.6,commercial,Ohio
8793,2024-02-02,883.8,industrial,Texas
8794,2024-02-03,464.6,residential,Georgia
8795,2024-02-04,468.5,residential,Illinois
8796,2024-02-05,578.8,commercial,California
8797,2024-02-06,428.8,residential,Texas
8798,2024-02-07,967.3,industrial,California
8799,2024-02-08,641.5,commercial,New York
8800,2024-02-09,944.3,industrial,Texas
8801,2024-02-10,476.3,residential,California
8802,2024-02-11,832.0,industrial,Ohio
8803,2024-02-12,670.6,commercial,Texas
8804,2024-02-13,1016.2,industrial,California
8805,2024-02-14,968.0,industrial,Florida
8806,2024-02-15,856.3,industrial,California
8807,2024-02-16,975.3,industrial,California
8808,2024-02-17,358.3,residential,Ohio
8809,2024-02-18,628.4,commercial,New York
8810,2024-02-19,420.6,residential,Illinois
8811,2024-02-20,670.5,commercial,Texas
8812,2024-02-21,895.9,industrial,Texas
8813,2024-02-22,934.5,industrial,California
8814,2024-02-23,470.0,residential,Georgia
8815,2024-02-24,574.7,commercial,California
8816,2024-02-25,560.2,commercial,Texas
8817,2024-02-26,705.4,commercial,Texas
8818,2024-02-27,900.0,industrial,Ohio
8819,2024-02-28,465.3,residential,Texas
8820,2024-02-29,870.9,industrial,California
8821,2024-03-01,880.0,industrial,New York
8822,2024-03-02,894.9,industrial,California
8823,2024-03-03,292.6,residential,Florida
8824,2024-03-04,896.0,industrial,Texas
8825,2024-03-05,780.8,industrial,Georgia
8826,2024-03-06,819.3,industrial,California
8827,2024-03-07,1028.1,industrial,California
8828,2024-03-08,869.6,industrial,Ohio
8829,2024-03-09,463.3,residential,Texas
8830,2024-03-10,886.7,industrial,Florida
8831,2024-03-11,703.7,commercial,New York
8832,2024-03-12,874.8,industrial,Illinois
8833,2024-03-13,616.0,commercial,California
8834,2024-03-14,921.2,industrial,Illinois
8835,2024-03-15,889.4,industrial,Texas
8836,2024-03-16,403.8,residential,Illinois
8837,2024-03-17,716.3,commercial,Georgia
8838,2024-03-18,855.0,industrial,Georgia
8839,2024-03-19,492.2,commercial,Georgia
8840,2024-03-20,765.4,industrial,Illinois
8841,2024-03-21,356.7,residential,New York
8842,2024-03-22,661.9,commercial,California
8843,2024-03-23,856.5,industrial,Florida
8844,2024-03-24,620.8,commercial,Ohio
8845,2024-03-25,418.7,residential,Florida
8846,2024-03-26,598.6,commercial,Illinois
8847,2024-03-27,611.7,commercial,Ohio
8848,2024-03-28,451.1,residential,Illinois
8849,2024-03-29,371.1,residential,Georgia
8850,2024-03-30,644.9,commercial,Illinois
8851,2024-03-31,658.5,commercial,Georgia
8852,2024-04-01,647.2,commercial,Ohio
8853,2024-04-02,471.1,residential,Illinois
8854,2024-04-03,335.3,residential,Illinois
8855,2024-04-04,355.8,residential,Georgia
8856,2024-04-05,375.6,residential,Georgia
8857,2024-04-06,456.5,residential,Texas
8858,2024-04-07,840.3,industrial,Ohio
8859,2024-04-08,916.0,industrial,New York
8860,2024-04-09,627.7,commercial,Ohio
8861,2024-04-10,614.3,commercial,Texas
8862,2024-04-11,460.7,residential,Ohio
8863,2024-04-12,952.1,industrial,Texas
8864,2024-04-13,390.1,residential,Florida
8865,2024-04-14,426.2,residential,New York
8866,2024-04-15,367.4,residential,Texas
8867,2024-04-16,935.1,industrial,Illinois
8868,2024-04-17,842.0,industrial,Illinois
8869,2024-04-18,655.0,commercial,Ohio
8870,2024-04-19,749.2,commercial,Florida
8871,2024-04-20,885.7,industrial,Georgia
8872,2024-04-21,908.1,industrial,Illinois
8873,2024-04-22,859.0,industrial,New York
8874,2024-04-23,502.2,residential,Georgia
8875,2024-04-24,956.9,industrial,California
8876,2024-04-25,897.2,industrial,Illinois
8877,2024-04-26,924.2,industrial,Georgia
8878,2024-04-27,329.2,residential,New York
8879,2024-04-28,312.0,residential,New York
8880,2024-04-29,405.6,residential,New York
8881,2024-04-30,442.9,residential,Florida
8882,2024-05-01,585.8,commercial,Illinois
8883,2024-05-02,881.6,industrial,Ohio
8884,2024-05-03,1004.3,industrial,Florida
8885,2024-05-04,652.3,commercial,California
8886,2024-05-05,640.0,commercial,California
8887,2024-05-06,615.8,commercial,Georgia
8888,2024-05-07,419.8,residential,Illinois
8889,2024-05-08,346.8,residential,California
8890,2024-05-09,528.9,commercial,New York
8891,2024-05-10,364.9,residential,California
8892,2024-05-11,670.6,commercial,Florida
8893,2024-05-12,682.4,commercial,California
8894,2024-05-13,473.1,residential,Ohio
8895,2024-05-14,581.5,commercial,Florida
8896,2024-05-15,508.5,residential,Georgia
8897,2024-05-16,599.5,commercial,Florida
8898,2024-05-17,1011.1,industrial,California
8899,2024-05-18,724.5,commercial,Illinois
8900,2024-05-19,860.3,industrial,Illinois
8901,2024-05-20,614.0,commercial,Ohio
8902,2024-05-21,674.9,commercial,Illinois
8903,2024-05-22,888.7,industrial,New York
8904,2024-05-23,500.0,commercial,Georgia
8905,2024-05-24,571.0,commercial,New York
8906,2024-05-25,600.4,commercial,Illinois
8907,2024-05-26,674.0,commercial,California
8908,2024-05-27,665.1,commercial,Texas
8909,2024-05-28,711.0,commercial,Texas
8910,2024-05-29,338.5,residential,Texas
8911,2024-05-30,703.8,commercial,Florida
8912,2024-05-31,931.7,industrial,California
8913,2024-06-01,666.4,commercial,Ohio
8914,2024-06-02,873.3,industrial,Illinois
8915,2024-06-03,653.4,commercial,California
8916,2024-06-04,651.6,commercial,Illinois
8917,2024-06-05,809.9,industrial,New York
8918,2024-06-06,422.9,residential,Florida
8919,2024-06-07,595.6,commercial,Ohio
8920,2024-06-08,517.0,commercial,Florida
8921,2024-06-09,685.0,commercial,California
8922,2024-06-10,381.1,residential,Florida
8923,2024-06-11,918.9,industrial,Texas
8924,2024-06-12,874.1,industrial,Florida
8925,2024-06-13,858.4,industrial,Florida
8926,2024-06-14,856.5,industrial,Florida
8927,2024-06-15,375.9,residential,Illinois
8928,2024-06-16,895.5,industrial,New York
8929,2024-06-17,911.3,industrial,Ohio
8930,2024-06-18,662.3,commercial,New York
8931,2024-06-19,418.5,residential,New York
8932,2024-06-20,880.8,industrial,Florida
8933,2024-06-21,671.4,commercial,Texas
8934,2024-06-22,651.9,commercial,New York
8935,2024-06-23,670.8,commercial,California
8936,2024-06-24,594.8,commercial,New York
8937,2024-06-25,513.8,residential,Florida
8938,2024-06-26,358.5,residential,Texas
8939,2024-06-27,612.0,commercial,Ohio
8940,2024-06-28,851.7,industrial,New York
8941,2024-06-29,552.2,commercial,Florida
8942,2024-06-30,479.1,residential,Georgia
8943,2024-07-01,889.3,industrial,Illinois
8944,2024-07-02,931.0,industrial,Georgia
8945,2024-07-03,248.2,residential,Texas
8946,2024-07-04,840.1,industrial,Texas
8947,2024-07-05,494.3,residential,Florida
8948,2024-07-06,846.4,industrial,Illinois
8949,2024-07-07,728.6,commercial,Illinois
8950,2024-07-08,380.9,residential,Ohio
8951,2024-07-09,980.4,industrial,California
8952,2024-07-10,353.1,residential,California
8953,2024-07-11,431.9,residential,California
8954,2024-07-12,397.1,residential,California
8955,2024-07-13,656.1,commercial,New York
8956,2024-07-14,911.1,industrial,California
8957,2024-07-15,430.3,residential,New York
8958,2024-07-16,324.3,residential,Texas
8959,2024-07-17,1011.9,industrial,Georgia
8960,2024-07-18,862.1,industrial,Florida
8961,2024-07-19,930.6,industrial,Illinois
8962,2024-07-20,686.8,commercial,Florida
8963,2024-07-21,933.5,industrial,Texas
8964,2024-07-22,274.1,residential,California
8965,2024-07-23,704.4,commercial,Florida
8966,2024-07-24,456.3,residential,California
8967,2024-07-25,386.8,residential,Florida
8968,2024-07-26,584.0,commercial,Texas
8969,2024-07-27,1078.3,industrial,Georgia
8970,2024-07-28,923.9,industrial,Illinois
8971,2024-07-29,372.3,residential,California
8972,2024-07-30,479.2,residential,New York
8973,2024-07-31,718.8,commercial,Texas
8974,2024-08-01,426.4,residential,Texas
8975,2024-08-02,961.6,industrial,Texas
8976,2024-08-03,341.0,residential,Florida
8977,2024-08-04,667.2,commercial,California
8978,2024-08-05,414.0,residential,Texas
8979,2024-08-06,902.8,industrial,Illinois
8980,2024-08-07,936.9,industrial,Ohio
8981,2024-08-08,688.1,commercial,California
8982,2024-08-09,697.7,commercial,Georgia
8983,2024-08-10,955.9,industrial,Ohio
8984,2024-08-11,564.7,commercial,California
8985,2024-08-12,823.4,industrial,Texas
8986,2024-08-13,953.9,industrial,Georgia
8987,2024-08-14,728.5,commercial,Ohio
8988,2024-08-15,613.2,commercial,California
8989,2024-08-16,391.1,residential,Texas
8990,2024-08-17,847.4,industrial,Ohio
8991,2024-08-18,557.2,commercial,California
8992,2024-08-19,970.4,industrial,Florida
8993,2024-08-20,409.9,residential,Illinois
8994,2024-08-21,840.4,industrial,Texas
8995,2024-08-22,664.8,commercial,Illinois
8996,2024-08-23,360.7,residential,Georgia
8997,2024-08-24,694.2,commercial,Florida
8998,2024-08-25,665.4,commercial,New York
8999,2024-08-26,615.2,commercial,Texas
9000,2024-08-27,916.3,industrial,Illinois
9001,2024-08-28,692.6,commercial,Georgia
9002,2024-08-29,452.6,residential,Texas
9003,2024-08-30,669.9,commercial,Illinois
9004,2024-08-31,630.1,commercial,Florida
9005,2024-09-01,627.7,commercial,New York
9006,2024-09-02,599.9,commercial,Ohio
9007,2024-09-03,465.5,residential,New York
9008,2024-09-04,948.7,industrial,Ohio
9009,2024-09-05,450.9,residential,Ohio
9010,2024-09-06,416.5,residential,Illinois
9011,2024-09-07,706.8,commercial,California
9012,2024-09-08,237.4,residential,Florida
9013,2024-09-09,978.3,industrial,Florida
9014,2024-09-10,584.9,commercial,Florida
9015,2024-09-11,623.9,commercial,Florida
9016,2024-09-12,934.1,industrial,Illinois
9017,2024-09-13,867.7,industrial,Texas
9018,2024-09-14,875.8,industrial,Ohio
9019,2024-09-15,899.3,industrial,Illinois
9020,2024-09-16,823.5,industrial,Ohio
9021,2024-09-17,907.0,industrial,Ohio
9022,2024-09-18,634.0,commercial,Illinois
9023,2024-09-19,320.2,residential,California
9024,2024-09-20,394.9,residential,Ohio
9025,2024-09-21,424.0,residential,Texas
9026,2024-09-22,855.5,industrial,Texas
9027,2024-09-23,872.9,industrial,California
9028,2024-09-24,623.0,commercial,Illinois
9029,2024-09-25,442.7,residential,California
9030,2024-09-26,725.0,industrial,California
9031,2024-09-27,596.3,commercial,Florida
9032,2024-09-28,642.2,commercial,Florida
9033,2024-09-29,644.2,commercial,Illinois
9034,2024-09-30,964.1,industrial,Ohio
9035,2024-10-01,352.1,residential,Illinois
9036,2024-10-02,663.5,commercial,California
9037,2024-10-03,911.1,industrial,Illinois
9038,2024-10-04,575.1,commercial,California
9039,2024-10-05,342.1,residential,Ohio
9040,2024-10-06,423.2,residential,Ohio
9041,2024-10-07,336.9,residential,Ohio
9042,2024-10-08,586.7,commercial,Ohio
9043,2024-10-09,365.3,residential,New York
9044,2024-10-10,645.8,commercial,Georgia
9045,2024-10-11,848.0,industrial,Ohio
9046,2024-10-12,255.3,residential,California
9047,2024-10-13,480.3,residential,California
9048,2024-10-14,561.6,commercial,Florida
9049,2024-10-15,330.0,residential,Georgia
9050,2024-10-16,354.5,residential,Florida
9051,2024-10-17,721.9,commercial,Texas
9052,2024-10-18,876.4,industrial,Florida
9053,2024-10-19,670.9,commercial,Ohio
9054,2024-10-20,512.1,residential,Florida
9055,2024-10-21,520.8,commercial,California
9056,2024-10-22,435.3,residential,Illinois
9057,2024-10-23,402.0,residential,Illinois
9058,2024-10-24,455.7,residential,Georgia
9059,2024-10-25,648.2,commercial,Florida
9060,2024-10-26,941.0,industrial,Texas
9061,2024-10-27,498.4,commercial,Florida
9062,2024-10-28,385.3,residential,Illinois
9063,2024-10-29,953.5,industrial,Texas
9064,2024-10-30,380.0,residential,California
9065,2024-10-31,849.0,industrial,Ohio
9066,2024-11-01,439.7,residential,Georgia
9067,2024-11-02,413.5,residential,California
9068,2024-11-03,468.7,residential,California
9069,2024-11-04,644.6,commercial,Georgia
9070,2024-11-05,946.9,industrial,California
9071,2024-11-06,938.4,industrial,New York
9072,2024-11-07,914.2,industrial,Florida
9073,2024-11-08,394.6,residential,Florida
9074,2024-11-09,394.2,residential,Florida
9075,2024-11-10,380.4,residential,Texas
9076,2024-11-11,419.5,residential,California
9077,2024-11-12,970.5,industrial,Florida
9078,2024-11-13,363.5,residential,Florida
9079,2024-11-14,664.9,commercial,California
9080,2024-11-15,1036.8,industrial,California
9081,2024-11-16,866.9,industrial,California
9082,2024-11-17,688.2,commercial,Georgia
9083,2024-11-18,642.0,commercial,Georgia
9084,2024-11-19,747.4,commercial,Illinois
9085,2024-11-20,440.1,residential,Ohio
9086,2024-11-21,842.0,industrial,California
9087,2024-11-22,772.4,commercial,New York
9088,2024-11-23,436.3,residential,Ohio
9089,2024-11-24,422.8,residential,Ohio
9090,2024-11-25,724.9,commercial,California
9091,2024-11-26,431.1,residential,Illinois
9092,2024-11-27,690.7,commercial,Texas
9093,2024-11-28,1012.3,industrial,Texas
9094,2024-11-29,353.0,residential,Texas
9095,2024-11-30,996.1,industrial,Ohio
9096,2024-12-01,900.6,industrial,Florida
9097,2024-12-02,608.4,commercial,Ohio
9098,2024-12-03,861.4,industrial,Illinois
9099,2024-12-04,460.5,residential,New York
9100,2024-12-05,780.5,commercial,Texas
9101,2024-12-06,696.1,commercial,Illinois
9102,2024-12-07,675.9,commercial,Illinois
9103,2024-12-08,387.9,residential,Texas
9104,2024-12-09,943.0,industrial,Georgia
9105,2024-12-10,437.3,residential,New York
9106,2024-12-11,378.8,residential,California
9107,2024-12-12,899.8,industrial,Florida
9108,2024-12-13,955.0,industrial,New York
9109,2024-12-14,607.8,commercial,Ohio
9110,2024-12-15,744.4,commercial,Georgia
9111,2024-12-16,875.2,industrial,New York
9112,2024-12-17,885.2,industrial,Texas
9113,2024-12-18,906.2,industrial,California
9114,2024-12-19,469.9,residential,Georgia
9115,2024-12-20,339.4,residential,Ohio
9116,2024-12-21,879.7,industrial,Texas
9117,2024-12-22,624.6,commercial,Texas
9118,2024-12-23,680.7,industrial,Florida
9119,2024-12-24,597.5,commercial,Ohio
9120,2024-12-25,662.6,commercial,Illinois
9121,2024-12-26,665.4,commercial,Florida
9122,2024-12-27,894.0,industrial,New York
9123,2024-12-28,463.2,residential,California
9124,2024-12-29,834.1,industrial,Georgia
9125,2024-12-30,982.2,industrial,Texas
9126,2024-01-01,422.5,residential,Florida
9127,2024-01-02,236.0,residential,California
9128,2024-01-03,929.0,industrial,California
9129,2024-01-04,349.9,residential,Texas
9130,2024-01-05,596.7,commercial,Illinois
9131,2024-01-06,898.6,industrial,Georgia
9132,2024-01-07,432.6,residential,Florida
9133,2024-01-08,664.2,commercial,Illinois
9134,2024-01-09,432.6,residential,New York
9135,2024-01-10,374.2,residential,California
9136,2024-01-11,869.5,industrial,Ohio
9137,2024-01-12,402.3,residential,Florida
9138,2024-01-13,739.8,commercial,Ohio
9139,2024-01-14,929.4,industrial,New York
9140,2024-01-15,961.9,industrial,Florida
9141,2024-01-16,710.1,commercial,Florida
9142,2024-01-17,391.8,residential,California
9143,2024-01-18,340.0,residential,Texas
9144,2024-01-19,445.0,residential,Texas
9145,2024-01-20,705.4,commercial,Illinois
9146,2024-01-21,418.5,residential,Florida
9147,2024-01-22,654.6,commercial,New York
9148,2024-01-23,942.9,industrial,Illinois
9149,2024-01-24,674.4,commercial,Georgia
9150,2024-01-25,751.6,commercial,Texas
9151,2024-01-26,469.1,residential,California
9152,2024-01-27,683.6,commercial,New York
9153,2024-01-28,312.8,residential,Texas
9154,2024-01-29,343.9,residential,Florida
9155,2024-01-30,584.4,commercial,Florida
9156,2024-01-31,572.7,commercial,Texas
9157,2024-02-01,850.4,industrial,Florida
9158,2024-02-02,887.0,industrial,Texas
9159,2024-02-03,342.6,residential,Illinois
9160,2024-02-04,428.7,residential,Illinois
9161,2024-02-05,927.7,industrial,California
9162,2024-02-06,658.4,commercial,Ohio
9163,2024-02-07,460.9,residential,Georgia
9164,2024-02-08,847.1,industrial,Ohio
9165,2024-02-09,977.0,industrial,New York
9166,2024-02-10,688.3,commercial,Florida
9167,2024-02-11,424.9,residential,New York
9168,2024-02-12,610.4,commercial,California
9169,2024-02-13,407.3,residential,Texas
9170,2024-02-14,597.3,commercial,California
9171,2024-02-15,709.0,commercial,New York
9172,2024-02-16,842.4,industrial,Ohio
9173,2024-02-17,865.0,industrial,Illinois
9174,2024-02-18,344.3,residential,Ohio
9175,2024-02-19,911.2,industrial,New York
9176,2024-02-20,837.5,industrial,Ohio
9177,2024-02-21,866.4,industrial,Georgia
9178,2024-02-22,883.7,industrial,New York
9179,2024-02-23,699.1,commercial,Florida
9180,2024-02-24,614.1,commercial,New York
9181,2024-02-25,577.4,commercial,Ohio
9182,2024-02-26,573.1,commercial,Georgia
9183,2024-02-27,859.9,industrial,Georgia
9184,2024-02-28,440.6,residential,Texas
9185,2024-02-29,430.0,residential,Illinois
9186,2024-03-01,401.7,residential,Florida
9187,2024-03-02,383.4,residential,New York
9188,2024-03-03,782.0,industrial,Florida
9189,2024-03-04,376.2,residential,Florida
9190,2024-03-05,982.0,industrial,California
9191,2024-03-06,642.6,commercial,Texas
9192,2024-03-07,464.1,residential,Ohio
9193,2024-03-08,668.4,commercial,Texas
9194,2024-03-09,481.3,residential,Florida
9195,2024-03-10,250.2,residential,California
9196,2024-03-11,636.8,commercial,Illinois
9197,2024-03-12,725.4,commercial,Georgia
9198,2024-03-13,432.6,residential,Illinois
9199,2024-03-14,641.2,commercial,Georgia
9200,2024-03-15,558.6,commercial,Georgia
9201,2024-03-16,940.4,industrial,Florida
9202,2024-03-17,662.9,commercial,New York
9203,2024-03-18,468.0,residential,California
9204,2024-03-19,672.5,commercial,New York
9205,2024-03-20,610.3,commercial,Illinois
9206,2024-03-21,611.2,commercial,Texas
9207,2024-03-22,707.0,commercial,California
9208,2024-03-23,390.9,residential,Georgia
9209,2024-03-24,911.0,industrial,California
9210,2024-03-25,939.8,industrial,California
9211,2024-03-26,662.5,commercial,Ohio
9212,2024-03-27,432.3,residential,Ohio
9213,2024-03-28,925.0,industrial,Ohio
9214,2024-03-29,887.3,industrial,Georgia
9215,2024-03-30,371.1,residential,Georgia
9216,2024-03-31,386.9,residential,Illinois
9217,2024-04-01,829.8,industrial,Florida
9218,2024-04-02,946.6,industrial,Texas
9219,2024-04-03,850.7,industrial,Illinois
9220,2024-04-04,750.7,commercial,Texas
9221,2024-04-05,391.6,residential,New York
9222,2024-04-06,407.2,residential,Florida
9223,2024-04-07,447.0,residential,Illinois
9224,2024-04-08,348.4,residential,Florida
9225,2024-04-09,933.8,industrial,New York
9226,2024-04-10,871.7,industrial,Florida
9227,2024-04-11,774.6,industrial,California
9228,2024-04-12,398.5,residential,Ohio
9229,2024-04-13,644.8,commercial,Illinois
9230,2024-04-14,895.6,industrial,California
9231,2024-04-15,408.7,residential,Georgia
9232,2024-04-16,748.1,commercial,New York
9233,2024-04-17,712.1,commercial,Texas
9234,2024-04-18,826.8,industrial,Texas
9235,2024-04-19,408.7,residential,New York
9236,2024-04-20,542.6,commercial,Ohio
9237,2024-04-21,821.0,industrial,Texas
9238,2024-04-22,918.5,industrial,Texas
9239,2024-04-23,375.9,residential,Illinois
9240,2024-04-24,595.7,commercial,Texas
9241,2024-04-25,432.9,residential,Texas
9242,2024-04-26,383.3,residential,Illinois
9243,2024-04-27,396.2,residential,Ohio
9244,2024-04-28,619.2,commercial,Ohio
9245,2024-04-29,618.4,commercial,California
9246,2024-04-30,685.3,commercial,Florida
9247,2024-05-01,703.5,commercial,New York
9248,2024-05-02,673.8,commercial,Illinois
9249,2024-05-03,800.6,industrial,New York
9250,2024-05-04,647.3,commercial,Georgia
9251,2024-05-05,623.4,commercial,California
9252,2024-05-06,758.7,commercial,Florida
9253,2024-05-07,894.8,industrial,Texas
9254,2024-05-08,1008.7,industrial,Illinois
9255,2024-05-09,548.7,commercial,Illinois
9256,2024-05-10,415.9,residential,Georgia
9257,2024-05-11,874.1,industrial,Illinois
9258,2024-05-12,581.1,commercial,Georgia
9259,2024-05-13,976.8,industrial,California
9260,2024-05-14,488.6,commercial,Texas
9261,2024-05-15,366.8,residential,California
9262,2024-05-16,427.2,residential,Texas
9263,2024-05-17,393.6,residential,California
9264,2024-05-18,967.3,industrial,New York
9265,2024-05-19,871.4,industrial,Georgia
9266,2024-05-20,592.3,commercial,Texas
9267,2024-05-21,628.5,commercial,Texas
9268,2024-05-22,398.1,residential,New York
9269,2024-05-23,684.4,commercial,Ohio
9270,2024-05-24,373.7,residential,Florida
9271,2024-05-25,626.5,commercial,Georgia
9272,2024-05-26,519.6,commercial,Ohio
9273,2024-05-27,585.9,commercial,Florida
9274,2024-05-28,866.5,industrial,New York
9275,2024-05-29,872.9,industrial,Texas
9276,2024-05-30,655.7,commercial,New York
9277,2024-05-31,1003.7,industrial,Ohio
9278,2024-06-01,704.1,commercial,Florida
9279,2024-06-02,304.7,residential,New York
9280,2024-06-03,615.0,commercial,New York
9281,2024-06-04,414.7,residential,California
9282,2024-06-05,417.1,residential,New York
9283,2024-06-06,707.2,commercial,Texas
9284,2024-06-07,462.5,residential,New York
9285,2024-06-08,682.3,commercial,California
9286,2024-06-09,949.6,industrial,Florida
9287,2024-06-10,703.9,commercial,Texas
9288,2024-06-11,924.0,industrial,New York
9289,2024-06-12,1023.4,industrial,Georgia
9290,2024-06-13,344.3,residential,Ohio
9291,2024-06-14,910.7,industrial,Florida
9292,2024-06-15,305.3,residential,Illinois
9293,2024-06-16,362.0,residential,Florida
9294,2024-06-17,411.1,residential,Ohio
9295,2024-06-18,398.6,residential,Texas
9296,2024-06-19,893.0,industrial,New York
9297,2024-06-20,446.0,residential,Florida
9298,2024-06-21,341.7,residential,New York
9299,2024-06-22,381.2,residential,New York
9300,2024-06-23,459.3,residential,Georgia
9301,2024-06-24,601.9,commercial,Ohio
9302,2024-06-25,971.1,industrial,California
9303,2024-06-26,433.5,residential,California
9304,2024-06-27,697.7,commercial,New York
9305,2024-06-28,976.0,industrial,Florida
9306,2024-06-29,487.7,residential,Illinois
9307,2024-06-30,618.7,commercial,Texas
9308,2024-07-01,919.5,industrial,California
9309,2024-07-02,790.5,industrial,Illinois
9310,2024-07-03,541.5,commercial,Ohio
9311,2024-07-04,617.0,commercial,Florida
9312,2024-07-05,432.2,residential,Texas
9313,2024-07-06,918.2,industrial,Ohio
9314,2024-07-07,1005.6,industrial,California
9315,2024-07-08,589.1,commercial,Illinois
9316,2024-07-09,897.2,industrial,Ohio
9317,2024-07-10,315.4,residential,Florida
9318,2024-07-11,353.5,residential,Georgia
9319,2024-07-12,416.8,residential,Ohio
9320,2024-07-13,705.0,commercial,Florida
9321,2024-07-14,356.1,residential,California
9322,2024-07-15,993.3,industrial,Illinois
9323,2024-07-16,619.6,commercial,Georgia
9324,2024-07-17,286.1,residential,Ohio
9325,2024-07-18,772.6,commercial,Texas
9326,2024-07-19,438.9,residential,Illinois
9327,2024-07-20,922.3,industrial,Texas
9328,2024-07-21,924.1,industrial,Ohio
9329,2024-07-22,621.4,commercial,Illinois
9330,2024-07-23,942.7,industrial,New York
9331,2024-07-24,870.8,industrial,Georgia
9332,2024-07-25,902.0,industrial,California
9333,2024-07-26,849.8,industrial,Georgia
9334,2024-07-27,610.0,commercial,California
9335,2024-07-28,655.0,commercial,Florida
9336,2024-07-29,614.0,commercial,California
9337,2024-07-30,500.6,residential,New York
9338,2024-07-31,433.1,residential,California
9339,2024-08-01,876.9,industrial,New York
9340,2024-08-02,575.5,commercial,Texas
9341,2024-08-03,924.6,industrial,Ohio
9342,2024-08-04,831.6,industrial,Georgia
9343,2024-08-05,723.2,commercial,Florida
9344,2024-08-06,656.9,commercial,Ohio
9345,2024-08-07,1040.8,industrial,Florida
9346,2024-08-08,899.1,industrial,Illinois
9347,2024-08-09,655.2,commercial,Ohio
9348,2024-08-10,273.4,residential,Georgia
9349,2024-08-11,234.9,residential,California
9350,2024-08-12,429.0,residential,Texas
9351,2024-08-13,618.5,commercial,Georgia
9352,2024-08-14,643.0,commercial,Ohio
9353,2024-08-15,351.4,residential,California
9354,2024-08-16,465.0,residential,Ohio
9355,2024-08-17,610.4,commercial,Texas
9356,2024-08-18,616.5,commercial,Florida
9357,2024-08-19,805.8,industrial,Ohio
9358,2024-08-20,903.2,industrial,Illinois
9359,2024-08-21,860.2,industrial,Illinois
9360,2024-08-22,410.5,residential,Florida
9361,2024-08-23,851.6,industrial,Illinois
9362,2024-08-24,857.5,industrial,Florida
9363,2024-08-25,301.3,residential,Texas
9364,2024-08-26,960.6,industrial,New York
9365,2024-08-27,387.1,residential,California
9366,2024-08-28,473.0,residential,Georgia
9367,2024-08-29,966.6,industrial,Florida
9368,2024-08-30,900.9,industrial,Texas
9369,2024-08-31,626.4,commercial,California
9370,2024-09-01,855.7,industrial,New York
9371,2024-09-02,853.4,industrial,Texas
9372,2024-09-03,361.5,residential,Ohio
9373,2024-09-04,772.4,industrial,California
9374,2024-09-05,820.5,industrial,Ohio
9375,2024-09-06,864.9,industrial,California
9376,2024-09-07,656.2,commercial,Texas
9377,2024-09-08,878.2,industrial,New York
9378,2024-09-09,934.4,industrial,Florida
9379,2024-09-10,492.6,commercial,New York
9380,2024-09-11,934.9,industrial,Texas
9381,2024-09-12,934.2,industrial,Ohio
9382,2024-09-13,565.5,commercial,New York
9383,2024-09-14,456.3,residential,Georgia
9384,2024-09-15,916.9,industrial,Illinois
9385,2024-09-16,618.8,commercial,Texas
9386,2024-09-17,794.8,industrial,Ohio
9387,2024-09-18,967.2,industrial,California
9388,2024-09-19,455.2,residential,Georgia
9389,2024-09-20,633.4,commercial,California
9390,2024-09-21,382.2,residential,Texas
9391,2024-09-22,858.8,industrial,California
9392,2024-09-23,894.5,industrial,Georgia
9393,2024-09-24,365.6,residential,Illinois
9394,2024-09-25,766.0,industrial,Ohio
9395,2024-09-26,373.7,residential,Ohio
9396,2024-09-27,764.0,commercial,Ohio
9397,2024-09-28,557.1,commercial,Florida
9398,2024-09-29,644.4,commercial,Florida
9399,2024-09-30,357.3,residential,New York
9400,2024-10-01,896.3,industrial,Illinois
9401,2024-10-02,374.1,residential,Florida
9402,2024-10-03,922.1,industrial,Florida
9403,2024-10-04,371.3,residential,Georgia
9404,2024-10-05,424.7,residential,Texas
9405,2024-10-06,869.2,industrial,Texas
9406,2024-10-07,730.7,commercial,Texas
9407,2024-10-08,636.1,commercial,Ohio
9408,2024-10-09,442.9,residential,New York
9409,2024-10-10,930.1,industrial,New York
9410,2024-10-11,456.0,commercial,California
9411,2024-10-12,608.2,commercial,Ohio
9412,2024-10-13,555.8,commercial,Ohio
9413,2024-10-14,672.8,commercial,Georgia
9414,2024-10-15,657.4,commercial,Texas
9415,2024-10-16,489.6,residential,Florida
9416,2024-10-17,354.2,residential,Florida
9417,2024-10-18,903.8,industrial,Georgia
9418,2024-10-19,780.7,industrial,California
9419,2024-10-20,657.6,commercial,Florida
9420,2024-10-21,386.2,residential,California
9421,2024-10-22,870.8,industrial,Georgia
9422,2024-10-23,663.3,commercial,Georgia
9423,2024-10-24,707.9,commercial,Illinois
9424,2024-10-25,450.4,residential,Ohio
9425,2024-10-26,443.4,residential,Texas
9426,2024-10-27,1009.1,industrial,Georgia
9427,2024-10-28,633.2,commercial,Georgia
9428,2024-10-29,1041.2,industrial,Texas
9429,2024-10-30,928.6,industrial,California
9430,2024-10-31,341.2,residential,Georgia
9431,2024-11-01,978.4,industrial,California
9432,2024-11-02,950.9,industrial,Florida
9433,2024-11-03,913.7,industrial,New York
9434,2024-11-04,497.4,residential,Ohio
9435,2024-11-05,641.3,commercial,Ohio
9436,2024-11-06,413.1,residential,Illinois
9437,2024-11-07,953.5,industrial,California
9438,2024-11-08,323.0,residential,Florida
9439,2024-11-09,690.9,commercial,Ohio
9440,2024-11-10,334.2,residential,Ohio
9441,2024-11-11,686.1,commercial,California
9442,2024-11-12,721.6,commercial,Texas
9443,2024-11-13,536.5,residential,Ohio
9444,2024-11-14,903.6,industrial,Florida
9445,2024-11-15,824.3,industrial,Florida
9446,2024-11-16,394.6,residential,Georgia
9447,2024-11-17,927.9,industrial,Ohio
9448,2024-11-18,637.9,commercial,Ohio
9449,2024-11-19,455.0,residential,Texas
9450,2024-11-20,843.4,industrial,Illinois
9451,2024-11-21,664.7,commercial,Ohio
9452,2024-11-22,870.8,industrial,California
9453,2024-11-23,541.6,commercial,New York
9454,2024-11-24,589.0,commercial,New York
9455,2024-11-25,1002.3,industrial,California
9456,2024-11-26,598.5,commercial,New York
9457,2024-11-27,512.4,commercial,Ohio
9458,2024-11-28,347.0,residential,New York
9459,2024-11-29,398.2,residential,New York
9460,2024-11-30,416.3,residential,Illinois
9461,2024-12-01,669.8,commercial,Ohio
9462,2024-12-02,815.1,industrial,Ohio
9463,2024-12-03,759.1,commercial,Georgia
9464,2024-12-04,854.2,industrial,New York
9465,2024-12-05,899.7,industrial,California
9466,2024-12-06,409.9,residential,California
9467,2024-12-07,709.1,commercial,Texas
9468,2024-12-08,930.1,industrial,New York
9469,2024-12-09,603.8,commercial,New York
9470,2024-12-10,318.5,residential,Georgia
9471,2024-12-11,611.4,commercial,New York
9472,2024-12-12,921.8,industrial,Florida
9473,2024-12-13,685.5,commercial,New York
9474,2024-12-14,482.7,residential,Georgia
9475,2024-12-15,933.9,industrial,California
9476,2024-12-16,962.4,industrial,Georgia
9477,2024-12-17,874.3,industrial,Texas
9478,2024-12-18,723.7,commercial,Georgia
9479,2024-12-19,891.2,industrial,New York
9480,2024-12-20,870.3,industrial,California
9481,2024-12-21,829.2,industrial,Illinois
9482,2024-12-22,879.5,industrial,Florida
9483,2024-12-23,918.1,industrial,Florida
9484,2024-12-24,596.4,commercial,Georgia
9485,2024-12-25,381.4,residential,Texas
9486,2024-12-26,411.9,residential,Illinois
9487,2024-12-27,444.4,residential,Florida
9488,2024-12-28,514.4,residential,California
9489,2024-12-29,921.8,industrial,Georgia
9490,2024-12-30,619.8,commercial,New York
9491,2024-01-01,385.0,residential,Florida
9492,2024-01-02,878.8,industrial,New York
9493,2024-01-03,611.0,commercial,Florida
9494,2024-01-04,659.2,commercial,New York
9495,2024-01-05,913.0,industrial,Texas
9496,2024-01-06,705.2,commercial,Florida
9497,2024-01-07,879.4,industrial,New York
9498,2024-01-08,952.1,industrial,Florida
9499,2024-01-09,539.1,commercial,California
9500,2024-01-10,461.7,residential,California
9501,2024-01-11,630.1,commercial,Georgia
9502,2024-01-12,869.7,industrial,New York
9503,2024-01-13,923.4,industrial,Illinois
9504,2024-01-14,927.4,industrial,Florida
9505,2024-01-15,500.4,residential,Florida
9506,2024-01-16,853.4,industrial,Florida
9507,2024-01-17,565.2,commercial,Ohio
9508,2024-01-18,947.0,industrial,Illinois
9509,2024-01-19,585.0,commercial,Texas
9510,2024-01-20,914.3,industrial,Ohio
9511,2024-01-21,400.3,residential,Ohio
9512,2024-01-22,773.6,commercial,Georgia
9513,2024-01-23,936.8,industrial,Texas
9514,2024-01-24,631.6,commercial,Texas
9515,2024-01-25,615.5,commercial,Georgia
9516,2024-01-26,827.8,industrial,Ohio
9517,2024-01-27,1008.0,industrial,Georgia
9518,2024-01-28,612.1,commercial,New York
9519,2024-01-29,524.1,commercial,Georgia
9520,2024-01-30,688.3,commercial,Texas
9521,2024-01-31,869.7,industrial,California
9522,2024-02-01,671.5,commercial,California
9523,2024-02-02,333.2,residential,Ohio
9524,2024-02-03,598.7,commercial,Georgia
9525,2024-02-04,723.9,commercial,Ohio
9526,2024-02-05,993.8,industrial,Ohio
9527,2024-02-06,956.1,industrial,Ohio
9528,2024-02-07,901.5,industrial,Florida
9529,2024-02-08,904.1,industrial,Florida
9530,2024-02-09,392.4,residential,Georgia
9531,2024-02-10,362.2,residential,California
9532,2024-02-11,397.3,residential,Florida
9533,2024-02-12,381.2,residential,Florida
9534,2024-02-13,379.3,residential,Texas
9535,2024-02-14,883.1,industrial,Texas
9536,2024-02-15,687.9,commercial,Ohio
9537,2024-02-16,863.2,industrial,Ohio
9538,2024-02-17,806.9,industrial,New York
9539,2024-02-18,362.0,residential,New York
9540,2024-02-19,933.5,industrial,Georgia
9541,2024-02-20,421.7,residential,Texas
9542,2024-02-21,821.2,industrial,New York
9543,2024-02-22,621.0,commercial,Florida
9544,2024-02-23,633.2,commercial,New York
9545,2024-02-24,386.2,residential,Ohio
9546,2024-02-25,640.0,commercial,Georgia
9547,2024-02-26,442.4,residential,Texas
9548,2024-02-27,705.0,commercial,California
9549,2024-02-28,822.0,industrial,California
9550,2024-02-29,613.0,commercial,Texas
9551,2024-03-01,364.1,residential,Florida
9552,2024-03-02,535.3,commercial,California
9553,2024-03-03,792.9,industrial,New York
9554,2024-03-04,827.5,industrial,Georgia
9555,2024-03-05,288.3,residential,Florida
9556,2024-03-06,915.3,industrial,Florida
9557,2024-03-07,707.9,commercial,New York
9558,2024-03-08,940.5,industrial,Texas
9559,2024-03-09,889.2,industrial,Florida
9560,2024-03-10,297.2,residential,Illinois
9561,2024-03-11,784.2,industrial,Florida
9562,2024-03-12,914.5,industrial,New York
9563,2024-03-13,600.3,commercial,California
9564,2024-03-14,552.5,commercial,Florida
9565,2024-03-15,960.5,industrial,New York
9566,2024-03-16,617.6,commercial,Florida
9567,2024-03-17,618.5,commercial,New York
9568,2024-03-18,939.4,industrial,Texas
9569,2024-03-19,887.2,industrial,New York
9570,2024-03-20,851.1,industrial,Ohio
9571,2024-03-21,782.9,industrial,Georgia
9572,2024-03-22,927.6,industrial,Georgia
9573,2024-03-23,503.9,residential,Florida
9574,2024-03-24,431.8,residential,Georgia
9575,2024-03-25,372.6,residential,Illinois
9576,2024-03-26,951.9,industrial,Florida
9577,2024-03-27,375.3,residential,Florida
9578,2024-03-28,459.5,residential,California
9579,2024-03-29,372.7,residential,New York
9580,2024-03-30,537.8,commercial,Florida
9581,2024-03-31,812.2,commercial,Texas
9582,2024-04-01,851.2,industrial,Illinois
9583,2024-04-02,597.6,commercial,New York
9584,2024-04-03,907.4,industrial,Texas
9585,2024-04-04,510.8,residential,Florida
9586,2024-04-05,822.9,industrial,California
9587,2024-04-06,894.8,industrial,New York
9588,2024-04-07,332.2,residential,California
9589,2024-04-08,844.6,industrial,Ohio
9590,2024-04-09,949.9,industrial,Illinois
9591,2024-04-10,366.2,residential,Ohio
9592,2024-04-11,697.0,commercial,Florida
9593,2024-04-12,377.2,residential,Illinois
9594,2024-04-13,633.4,commercial,Texas
9595,2024-04-14,746.1,commercial,Texas
9596,2024-04-15,355.6,residential,Georgia
9597,2024-04-16,798.8,industrial,Georgia
9598,2024-04-17,855.1,industrial,Florida
9599,2024-04-18,1004.0,industrial,Texas
9600,2024-04-19,465.4,residential,Georgia
9601,2024-04-20,892.1,industrial,New York
9602,2024-04-21,578.0,commercial,Florida
9603,2024-04-22,489.9,residential,Illinois
9604,2024-04-23,635.9,commercial,Florida
9605,2024-04-24,663.4,commercial,Florida
9606,2024-04-25,900.4,industrial,New York
9607,2024-04-26,945.0,industrial,Florida
9608,2024-04-27,690.5,commercial,Ohio
9609,2024-04-28,413.2,residential,New York
9610,2024-04-29,669.4,commercial,Texas
9611,2024-04-30,366.3,residential,Texas
9612,2024-05-01,915.1,industrial,Illinois
9613,2024-05-02,717.3,commercial,Texas
9614,2024-05-03,758.7,commercial,Ohio
9615,2024-05-04,343.2,residential,Texas
9616,2024-05-05,768.9,industrial,Illinois
9617,2024-05-06,370.5,residential,New York
9618,2024-05-07,584.1,commercial,Georgia
9619,2024-05-08,605.1,commercial,New York
9620,2024-05-09,757.8,commercial,New York
9621,2024-05-10,636.9,commercial,Ohio
9622,2024-05-11,675.2,commercial,Texas
9623,2024-05-12,838.1,industrial,Ohio
9624,2024-05-13,430.8,residential,Georgia
9625,2024-05-14,854.5,industrial,Texas
9626,2024-05-15,1006.3,industrial,Florida
9627,2024-05-16,621.2,commercial,California
9628,2024-05-17,626.5,commercial,New York
9629,2024-05-18,393.2,residential,Florida
9630,2024-05-19,642.7,commercial,Georgia
9631,2024-05-20,389.8,residential,Ohio
9632,2024-05-21,422.1,residential,Illinois
9633,2024-05-22,492.7,commercial,Texas
9634,2024-05-23,454.5,residential,Florida
9635,2024-05-24,665.9,commercial,Illinois
9636,2024-05-25,391.9,residential,Georgia
9637,2024-05-26,679.9,commercial,Florida
9638,2024-05-27,369.1,residential,Ohio
9639,2024-05-28,443.4,residential,Texas
9640,2024-05-29,523.6,residential,California
9641,2024-05-30,688.6,commercial,Texas
9642,2024-05-31,840.1,industrial,Ohio
9643,2024-06-01,804.6,commercial,Georgia
9644,2024-06-02,377.5,residential,Georgia
9645,2024-06-03,902.6,industrial,Florida
9646,2024-06-04,363.2,residential,New York
9647,2024-06-05,297.1,residential,New York
9648,2024-06-06,598.7,commercial,California
9649,2024-06-07,403.7,residential,California
9650,2024-06-08,956.6,industrial,Georgia
9651,2024-06-09,409.0,residential,Georgia
9652,2024-06-10,585.5,commercial,Illinois
9653,2024-06-11,890.6,industrial,California
9654,2024-06-12,882.5,industrial,California
9655,2024-06-13,447.6,residential,California
9656,2024-06-14,961.4,industrial,Texas
9657,2024-06-15,376.2,residential,California
9658,2024-06-16,574.9,commercial,Texas
9659,2024-06-17,439.4,residential,Ohio
9660,2024-06-18,343.2,residential,Texas
9661,2024-06-19,612.0,commercial,Texas
9662,2024-06-20,785.0,industrial,California
9663,2024-06-21,422.4,residential,Ohio
9664,2024-06-22,542.9,commercial,Illinois
9665,2024-06-23,385.4,residential,Illinois
9666,2024-06-24,719.9,commercial,Texas
9667,2024-06-25,706.7,commercial,Illinois
9668,2024-06-26,745.0,commercial,California
9669,2024-06-27,595.1,commercial,Florida
9670,2024-06-28,946.7,industrial,Georgia
9671,2024-06-29,393.8,residential,Georgia
9672,2024-06-30,621.1,commercial,Texas
9673,2024-07-01,593.6,commercial,Florida
9674,2024-07-02,366.1,residential,Florida
9675,2024-07-03,857.6,industrial,Texas
9676,2024-07-04,876.0,industrial,Illinois
9677,2024-07-05,976.4,industrial,Ohio
9678,2024-07-06,442.7,residential,Ohio
9679,2024-07-07,396.5,residential,California
9680,2024-07-08,635.4,commercial,Georgia
9681,2024-07-09,888.1,industrial,California
9682,2024-07-10,469.4,residential,New York
9683,2024-07-11,697.8,commercial,Georgia
9684,2024-07-12,402.1,residential,California
9685,2024-07-13,543.0,commercial,Georgia
9686,2024-07-14,680.8,commercial,Ohio
9687,2024-07-15,403.2,residential,Texas
9688,2024-07-16,838.6,industrial,Illinois
9689,2024-07-17,837.5,industrial,California
9690,2024-07-18,452.2,residential,Florida
9691,2024-07-19,781.6,industrial,New York
9692,2024-07-20,1068.6,industrial,California
9693,2024-07-21,819.7,industrial,Illinois
9694,2024-07-22,867.9,industrial,New York
9695,2024-07-23,504.2,residential,Georgia
9696,2024-07-24,838.2,industrial,Illinois
9697,2024-07-25,255.9,residential,Texas
9698,2024-07-26,869.5,industrial,California
9699,2024-07-27,614.4,commercial,Ohio
9700,2024-07-28,634.6,commercial,Ohio
9701,2024-07-29,622.0,commercial,Georgia
9702,2024-07-30,924.1,industrial,Illinois
9703,2024-07-31,348.6,residential,Illinois
9704,2024-08-01,783.0,commercial,Georgia
9705,2024-08-02,445.0,residential,Texas
9706,2024-08-03,926.5,industrial,Florida
9707,2024-08-04,977.8,industrial,New York
9708,2024-08-05,918.7,industrial,Ohio
9709,2024-08-06,304.3,residential,Illinois
9710,2024-08-07,911.4,industrial,Ohio
9711,2024-08-08,962.6,industrial,Georgia
9712,2024-08-09,874.3,industrial,Texas
9713,2024-08-10,680.1,commercial,Texas
9714,2024-08-11,625.1,commercial,Georgia
9715,2024-08-12,844.9,industrial,New York
9716,2024-08-13,877.6,industrial,Texas
9717,2024-08-14,1018.9,industrial,New York
9718,2024-08-15,942.8,industrial,California
9719,2024-08-16,917.0,industrial,Texas
9720,2024-08-17,645.9,commercial,Georgia
9721,2024-08-18,640.7,commercial,Florida
9722,2024-08-19,620.9,commercial,Ohio
9723,2024-08-20,448.9,residential,Ohio
9724,2024-08-21,333.8,residential,Florida
9725,2024-08-22,868.5,industrial,Georgia
9726,2024-08-23,427.1,residential,New York
9727,2024-08-24,889.1,industrial,Ohio
9728,2024-08-25,370.4,residential,New York
9729,2024-08-26,350.3,residential,Ohio
9730,2024-08-27,675.0,commercial,Texas
9731,2024-08-28,482.8,residential,Florida
9732,2024-08-29,284.9,residential,New York
9733,2024-08-30,428.8,residential,California
9734,2024-08-31,334.4,residential,Texas
9735,2024-09-01,384.0,residential,Illinois
9736,2024-09-02,980.1,industrial,Illinois
9737,2024-09-03,415.8,residential,Florida
9738,2024-09-04,630.0,commercial,Florida
9739,2024-09-05,496.1,residential,Ohio
9740,2024-09-06,649.2,commercial,California
9741,2024-09-07,881.4,industrial,Florida
9742,2024-09-08,980.7,industrial,Texas
9743,2024-09-09,932.9,industrial,Ohio
9744,2024-09-10,901.2,industrial,New York
9745,2024-09-11,326.7,residential,Illinois
9746,2024-09-12,313.9,residential,Ohio
9747,2024-09-13,458.2,residential,New York
9748,2024-09-14,598.6,commercial,New York
9749,2024-09-15,422.5,residential,Florida
9750,2024-09-16,650.9,commercial,Georgia
9751,2024-09-17,411.8,residential,New York
9752,2024-09-18,646.7,commercial,California
9753,2024-09-19,844.1,industrial,Illinois
9754,2024-09-20,550.3,commercial,Ohio
9755,2024-09-21,578.7,commercial,New York
9756,2024-09-22,417.7,residential,Ohio
9757,2024-09-23,1004.3,industrial,Texas
9758,2024-09-24,669.4,commercial,Illinois
9759,2024-09-25,325.4,residential,Ohio
9760,2024-09-26,399.6,residential,Florida
9761,2024-09-27,382.4,residential,California
9762,2024-09-28,702.6,commercial,California
9763,2024-09-29,827.9,industrial,Florida
9764,2024-09-30,446.1,residential,Florida
9765,2024-10-01,884.8,industrial,Georgia
9766,2024-10-02,374.4,residential,Illinois
9767,2024-10-03,880.1,industrial,Texas
9768,2024-10-04,593.7,commercial,Florida
9769,2024-10-05,887.8,industrial,Texas
9770,2024-10-06,894.8,industrial,New York
9771,2024-10-07,738.1,commercial,New York
9772,2024-10-08,904.8,industrial,Florida
9773,2024-10-09,814.1,industrial,Florida
9774,2024-10-10,351.4,residential,New York
9775,2024-10-11,409.9,residential,Texas
9776,2024-10-12,437.8,residential,New York
9777,2024-10-13,818.8,industrial,Florida
9778,2024-10-14,410.3,residential,California
9779,2024-10-15,668.4,commercial,Ohio
9780,2024-10-16,612.2,commercial,Ohio
9781,2024-10-17,897.7,industrial,California
9782,2024-10-18,958.2,industrial,California
9783,2024-10-19,602.5,commercial,California
9784,2024-10-20,679.5,commercial,California
9785,2024-10-21,759.5,commercial,Texas
9786,2024-10-22,838.4,industrial,California
9787,2024-10-23,589.2,commercial,Ohio
9788,2024-10-24,891.8,industrial,Illinois
9789,2024-10-25,944.7,industrial,Florida
9790,2024-10-26,888.2,industrial,New York
9791,2024-10-27,998.3,industrial,Georgia
9792,2024-10-28,971.0,industrial,Georgia
9793,2024-10-29,857.3,industrial,California
9794,2024-10-30,661.9,commercial,Florida
9795,2024-10-31,930.2,industrial,New York
9796,2024-11-01,866.9,industrial,Illinois
9797,2024-11-02,344.2,residential,Ohio
9798,2024-11-03,650.4,commercial,Florida
9799,2024-11-04,663.5,commercial,California
9800,2024-11-05,883.8,industrial,Florida
9801,2024-11-06,886.7,industrial,Florida
9802,2024-11-07,393.0,residential,Florida
9803,2024-11-08,382.6,residential,California
9804,2024-11-09,941.0,industrial,California
9805,2024-11-10,672.3,commercial,Florida
9806,2024-11-11,491.9,residential,Georgia
9807,2024-11-12,444.2,residential,Florida
9808,2024-11-13,446.1,residential,New York
9809,2024-11-14,607.1,commercial,Georgia
9810,2024-11-15,955.6,industrial,New York
9811,2024-11-16,968.1,industrial,New York
9812,2024-11-17,324.9,residential,Ohio
9813,2024-11-18,458.5,residential,Georgia
9814,2024-11-19,878.7,industrial,California
9815,2024-11-20,980.7,industrial,Illinois
9816,2024-11-21,648.7,commercial,Georgia
9817,2024-11-22,634.6,commercial,New York
9818,2024-11-23,387.5,residential,Florida
9819,2024-11-24,572.1,commercial,California
9820,2024-11-25,481.8,residential,California
9821,2024-11-26,373.0,residential,Ohio
9822,2024-11-27,395.0,residential,Florida
9823,2024-11-28,660.6,commercial,California
9824,2024-11-29,324.6,residential,Ohio
9825,2024-11-30,924.8,industrial,Ohio
9826,2024-12-01,825.3,industrial,Texas
9827,2024-12-02,487.3,residential,Illinois
9828,2024-12-03,931.7,industrial,Florida
9829,2024-12-04,683.5,commercial,California
9830,2024-12-05,710.7,commercial,Texas
9831,2024-12-06,392.6,residential,Florida
9832,2024-12-07,412.3,residential,New York
9833,2024-12-08,433.0,residential,Florida
9834,2024-12-09,477.9,residential,California
9835,2024-12-10,850.9,industrial,Ohio
9836,2024-12-11,908.4,industrial,Florida
9837,2024-12-12,573.8,commercial,Florida
9838,2024-12-13,574.7,commercial,Georgia
9839,2024-12-14,705.5,commercial,Ohio
9840,2024-12-15,660.5,commercial,Texas
9841,2024-12-16,648.3,commercial,Georgia
9842,2024-12-17,529.4,residential,California
9843,2024-12-18,847.2,industrial,Ohio
9844,2024-12-19,693.1,commercial,California
9845,2024-12-20,926.9,industrial,Texas
9846,2024-12-21,676.4,commercial,Florida
9847,2024-12-22,545.4,commercial,Illinois
9848,2024-12-23,633.6,commercial,Texas
9849,2024-12-24,347.8,residential,Texas
9850,2024-12-25,306.3,residential,Illinois
9851,2024-12-26,911.5,industrial,New York
9852,2024-12-27,434.8,residential,Ohio
9853,2024-12-28,919.5,industrial,Florida
9854,2024-12-29,780.1,industrial,Ohio
9855,2024-12-30,394.7,residential,New York
9856,2024-01-01,816.6,industrial,Illinois
9857,2024-01-02,337.7,residential,Florida
9858,2024-01-03,802.4,industrial,Texas
9859,2024-01-04,319.2,residential,Illinois
9860,2024-01-05,549.3,commercial,California
9861,2024-01-06,975.2,industrial,Florida
9862,2024-01-07,365.4,residential,Illinois
9863,2024-01-08,866.7,industrial,Georgia
9864,2024-01-09,658.1,commercial,Texas
9865,2024-01-10,857.2,industrial,Ohio
9866,2024-01-11,682.2,commercial,California
9867,2024-01-12,389.3,residential,Texas
9868,2024-01-13,765.8,commercial,Florida
9869,2024-01-14,871.0,industrial,Ohio
9870,2024-01-15,587.6,commercial,Illinois
9871,2024-01-16,379.2,residential,Georgia
9872,2024-01-17,595.3,commercial,Florida
9873,2024-01-18,993.7,industrial,Illinois
9874,2024-01-19,647.9,commercial,Texas
9875,2024-01-20,643.1,commercial,New York
9876,2024-01-21,692.7,commercial,Ohio
9877,2024-01-22,628.4,commercial,Illinois
9878,2024-01-23,533.2,commercial,Illinois
9879,2024-01-24,687.1,commercial,New York
9880,2024-01-25,339.6,residential,Illinois
9881,2024-01-26,408.2,residential,Ohio
9882,2024-01-27,633.6,commercial,Ohio
9883,2024-01-28,838.5,industrial,New York
9884,2024-01-29,619.2,commercial,Texas
9885,2024-01-30,727.4,commercial,California
9886,2024-01-31,346.1,residential,Texas
9887,2024-02-01,842.3,industrial,Ohio
9888,2024-02-02,939.3,industrial,New York
9889,2024-02-03,891.2,industrial,Illinois
9890,2024-02-04,428.2,residential,Ohio
9891,2024-02-05,307.3,residential,Florida
9892,2024-02-06,643.7,commercial,Texas
9893,2024-02-07,750.6,commercial,Georgia
9894,2024-02-08,480.5,residential,California
9895,2024-02-09,690.3,commercial,Georgia
9896,2024-02-10,349.4,residential,Ohio
9897,2024-02-11,950.2,industrial,California
9898,2024-02-12,750.5,industrial,Ohio
9899,2024-02-13,541.3,commercial,Georgia
9900,2024-02-14,646.2,commercial,Illinois
9901,2024-02-15,977.7,industrial,Florida
9902,2024-02-16,333.2,residential,Texas
9903,2024-02-17,429.6,residential,Ohio
9904,2024-02-18,424.8,residential,New York
9905,2024-02-19,650.7,commercial,New York
9906,2024-02-20,387.2,residential,California
9907,2024-02-21,849.3,industrial,Georgia
9908,2024-02-22,733.1,commercial,Georgia
9909,2024-02-23,668.8,commercial,Ohio
9910,2024-02-24,361.5,residential,Florida
9911,2024-02-25,389.6,residential,New York
9912,2024-02-26,589.0,commercial,Ohio
9913,2024-02-27,959.2,industrial,Georgia
9914,2024-02-28,642.5,commercial,New York
9915,2024-02-29,672.6,commercial,Illinois
9916,2024-03-01,689.4,commercial,Ohio
9917,2024-03-02,911.7,industrial,Illinois
9918,2024-03-03,702.5,commercial,California
9919,2024-03-04,585.5,commercial,Texas
9920,2024-03-05,511.4,commercial,California
9921,2024-03-06,380.4,residential,California
9922,2024-03-07,935.9,industrial,New York
9923,2024-03-08,483.9,residential,California
9924,2024-03-09,444.7,residential,Ohio
9925,2024-03-10,499.7,residential,Ohio
9926,2024-03-11,946.2,industrial,Illinois
9927,2024-03-12,1001.6,industrial,Florida
9928,2024-03-13,848.9,industrial,Ohio
9929,2024-03-14,966.0,industrial,Georgia
9930,2024-03-15,428.9,residential,California
9931,2024-03-16,363.4,residential,Florida
9932,2024-03-17,431.7,residential,Illinois
9933,2024-03-18,608.9,commercial,Ohio
9934,2024-03-19,360.3,residential,Texas
9935,2024-03-20,596.5,commercial,Georgia
9936,2024-03-21,388.9,residential,Georgia
9937,2024-03-22,328.2,residential,Ohio
9938,2024-03-23,859.5,industrial,Ohio
9939,2024-03-24,805.6,industrial,New York
9940,2024-03-25,792.1,industrial,California
9941,2024-03-26,624.0,commercial,Illinois
9942,2024-03-27,672.5,commercial,Florida
9943,2024-03-28,378.9,residential,California
9944,2024-03-29,439.6,residential,California
9945,2024-03-30,874.5,industrial,Ohio
9946,2024-03-31,773.4,commercial,Illinois
9947,2024-04-01,651.4,commercial,Ohio
9948,2024-04-02,873.2,industrial,Florida
9949,2024-04-03,872.7,industrial,California
9950,2024-04-04,573.8,commercial,Ohio
9951,2024-04-05,849.0,industrial,Illinois
9952,2024-04-06,887.0,industrial,Ohio
9953,2024-04-07,396.3,residential,Illinois
9954,2024-04-08,380.8,residential,Texas
9955,2024-04-09,840.6,industrial,New York
9956,2024-04-10,912.3,industrial,California
9957,2024-04-11,867.6,industrial,New York
9958,2024-04-12,540.7,commercial,Texas
9959,2024-04-13,369.5,residential,Illinois
9960,2024-04-14,980.7,industrial,Florida
9961,2024-04-15,416.7,residential,Illinois
9962,2024-04-16,959.0,industrial,California
9963,2024-04-17,558.6,commercial,Illinois
9964,2024-04-18,421.2,residential,New York
9965,2024-04-19,933.9,industrial,Georgia
9966,2024-04-20,452.9,residential,California
9967,2024-04-21,228.6,residential,Texas
9968,2024-04-22,304.7,residential,Ohio
9969,2024-04-23,352.8,residential,Illinois
9970,2024-04-24,362.2,residential,California
9971,2024-04-25,480.0,residential,Florida
9972,2024-04-26,399.1,residential,Ohio
9973,2024-04-27,316.8,residential,Georgia
9974,2024-04-28,613.1,commercial,Illinois
9975,2024-04-29,718.8,commercial,Ohio
9976,2024-04-30,637.8,commercial,California
9977,2024-05-01,424.3,residential,New York
9978,2024-05-02,899.9,industrial,New York
9979,2024-05-03,675.2,commercial,Florida
9980,2024-05-04,439.0,residential,New York
9981,2024-05-05,384.5,residential,New York
9982,2024-05-06,596.9,commercial,Georgia
9983,2024-05-07,718.9,commercial,Georgia
9984,2024-05-08,479.1,residential,Illinois
9985,2024-05-09,763.8,commercial,Georgia
9986,2024-05-10,957.1,industrial,Ohio
9987,2024-05-11,896.2,industrial,New York
9988,2024-05-12,885.3,industrial,Ohio
9989,2024-05-13,964.5,industrial,Illinois
9990,2024-05-14,979.0,industrial,Florida
9991,2024-05-15,365.1,residential,California
9992,2024-05-16,943.9,industrial,New York
9993,2024-05-17,558.4,commercial,New York
9994,2024-05-18,391.3,residential,Ohio
9995,2024-05-19,417.5,residential,Illinois
9996,2024-05-20,440.5,residential,California
9997,2024-05-21,691.0,commercial,Ohio
9998,2024-05-22,679.2,commercial,Texas
9999,2024-05-23,535.0,residential,California
10000,2024-05-24,550.6,commercial,Texas
10001,2024-05-25,626.0,commercial,California
10002,2024-05-26,857.1,industrial,Illinois
10003,2024-05-27,639.8,commercial,New York
10004,2024-05-28,957.0,industrial,Texas
10005,2024-05-29,662.4,commercial,Texas
10006,2024-05-30,656.3,commercial,Texas
10007,2024-05-31,630.1,commercial,Illinois
10008,2024-06-01,469.7,residential,Ohio
10009,2024-06-02,838.7,industrial,Texas
10010,2024-06-03,477.4,residential,California
10011,2024-06-04,863.2,industrial,New York
10012,2024-06-05,446.4,residential,Florida
10013,2024-06-06,622.7,commercial,Georgia
10014,2024-06-07,443.5,residential,Texas
10015,2024-06-08,943.0,industrial,Georgia
10016,2024-06-09,700.5,commercial,Florida
10017,2024-06-10,934.9,industrial,Illinois
10018,2024-06-11,317.7,residential,Georgia
10019,2024-06-12,759.9,commercial,Georgia
10020,2024-06-13,427.8,residential,Texas
10021,2024-06-14,405.7,residential,Florida
10022,2024-06-15,733.6,commercial,California
10023,2024-06-16,883.8,industrial,Florida
10024,2024-06-17,310.9,residential,Texas
10025,2024-06-18,915.2,industrial,Ohio
10026,2024-06-19,858.5,industrial,Texas
10027,2024-06-20,384.0,residential,Texas
10028,2024-06-21,961.7,industrial,Illinois
10029,2024-06-22,956.3,industrial,Florida
10030,2024-06-23,947.7,industrial,Ohio
10031,2024-06-24,410.4,residential,Florida
10032,2024-06-25,453.2,residential,Illinois
10033,2024-06-26,919.9,industrial,Ohio
10034,2024-06-27,376.7,residential,New York
10035,2024-06-28,764.9,commercial,Florida
10036,2024-06-29,499.2,residential,Florida
10037,2024-06-30,904.9,industrial,Georgia
10038,2024-07-01,455.4,residential,Georgia
10039,2024-07-02,882.9,industrial,Illinois
10040,2024-07-03,935.0,industrial,Georgia
10041,2024-07-04,680.0,commercial,Illinois
10042,2024-07-05,490.3,residential,Texas
10043,2024-07-06,673.3,commercial,California
10044,2024-07-07,698.5,commercial,Florida
10045,2024-07-08,827.0,industrial,Ohio
10046,2024-07-09,956.8,industrial,Texas
10047,2024-07-10,683.1,commercial,Georgia
10048,2024-07-11,465.5,residential,New York
10049,2024-07-12,990.8,industrial,New York
10050,2024-07-13,402.2,residential,New York
10051,2024-07-14,904.1,industrial,Ohio
10052,2024-07-15,687.0,commercial,California
10053,2024-07-16,370.8,residential,New York
10054,2024-07-17,710.4,commercial,Texas
10055,2024-07-18,381.7,residential,Georgia
10056,2024-07-19,490.5,residential,Texas
10057,2024-07-20,831.0,industrial,Texas
10058,2024-07-21,955.1,industrial,California
10059,2024-07-22,370.4,residential,New York
10060,2024-07-23,849.3,industrial,New York
10061,2024-07-24,894.5,industrial,Illinois
10062,2024-07-25,420.2,residential,Georgia
10063,2024-07-26,961.2,industrial,New York
10064,2024-07-27,592.1,commercial,Florida
10065,2024-07-28,916.0,industrial,Texas
10066,2024-07-29,371.2,residential,Illinois
10067,2024-07-30,720.9,commercial,Texas
10068,2024-07-31,720.5,commercial,New York
10069,2024-08-01,991.1,industrial,Georgia
10070,2024-08-02,260.2,residential,Florida
10071,2024-08-03,613.8,commercial,Florida
10072,2024-08-04,773.4,commercial,California
10073,2024-08-05,352.4,residential,California
10074,2024-08-06,353.8,residential,New York
10075,2024-08-07,646.5,commercial,Georgia
10076,2024-08-08,303.1,residential,California
10077,2024-08-09,699.2,commercial,Florida
10078,2024-08-10,875.8,industrial,Illinois
10079,2024-08-11,879.1,industrial,Texas
10080,2024-08-12,648.2,commercial,Florida
10081,2024-08-13,917.9,industrial,Ohio
10082,2024-08-14,507.2,residential,New York
10083,2024-08-15,626.2,commercial,Texas
10084,2024-08-16,863.8,industrial,Georgia
10085,2024-08-17,689.2,commercial,California
10086,2024-08-18,915.0,industrial,Florida
10087,2024-08-19,662.3,commercial,Ohio
10088,2024-08-20,619.1,commercial,Texas
10089,2024-08-21,914.2,industrial,New York
10090,2024-08-22,386.9,residential,Ohio
10091,2024-08-23,346.2,residential,Ohio
10092,2024-08-24,360.8,residential,California
10093,2024-08-25,676.2,commercial,California
10094,2024-08-26,431.6,residential,California
10095,2024-08-27,630.6,commercial,Ohio
10096,2024-08-28,338.5,residential,Ohio
10097,2024-08-29,796.4,commercial,California
10098,2024-08-30,898.8,industrial,Illinois
10099,2024-08-31,715.8,commercial,Illinois
10100,2024-09-01,617.1,commercial,Florida
10101,2024-09-02,912.9,industrial,Illinois
10102,2024-09-03,283.4,residential,Florida
10103,2024-09-04,580.1,commercial,California
10104,2024-09-05,650.0,commercial,New York
10105,2024-09-06,937.7,industrial,Texas
10106,2024-09-07,704.8,commercial,Ohio
10107,2024-09-08,650.4,commercial,Ohio
10108,2024-09-09,395.1,residential,Illinois
10109,2024-09-10,595.7,commercial,Georgia
10110,2024-09-11,950.7,industrial,Ohio
10111,2024-09-12,1013.6,industrial,Ohio
10112,2024-09-13,933.8,industrial,Georgia
10113,2024-09-14,593.4,commercial,Florida
10114,2024-09-15,909.0,industrial,Illinois
10115,2024-09-16,657.2,commercial,California
10116,2024-09-17,689.1,commercial,Georgia
10117,2024-09-18,426.9,residential,Ohio
10118,2024-09-19,606.7,commercial,Illinois
10119,2024-09-20,943.9,industrial,Florida
10120,2024-09-21,897.4,industrial,Georgia
10121,2024-09-22,883.1,industrial,California
10122,2024-09-23,835.6,industrial,California
10123,2024-09-24,434.3,residential,Texas
10124,2024-09-25,340.3,residential,Ohio
10125,2024-09-26,420.0,residential,California
10126,2024-09-27,692.6,commercial,Florida
10127,2024-09-28,897.1,industrial,California
10128,2024-09-29,707.1,commercial,Florida
10129,2024-09-30,956.7,industrial,Florida
10130,2024-10-01,323.6,residential,Texas
10131,2024-10-02,606.5,commercial,Florida
10132,2024-10-03,388.8,residential,Ohio
10133,2024-10-04,628.0,commercial,New York
10134,2024-10-05,911.8,industrial,Georgia
10135,2024-10-06,904.6,industrial,California
10136,2024-10-07,689.7,commercial,Florida
10137,2024-10-08,188.4,residential,Ohio
10138,2024-10-09,373.0,residential,California
10139,2024-10-10,904.5,industrial,Illinois
10140,2024-10-11,933.4,industrial,Ohio
10141,2024-10-12,736.1,commercial,Florida
10142,2024-10-13,398.0,residential,Georgia
10143,2024-10-14,849.8,industrial,California
10144,2024-10-15,744.2,commercial,Illinois
10145,2024-10-16,717.9,commercial,Illinois
10146,2024-10-17,893.4,industrial,Georgia
10147,2024-10-18,375.4,residential,Texas
10148,2024-10-19,643.5,commercial,California
10149,2024-10-20,637.9,commercial,Texas
10150,2024-10-21,623.0,commercial,Georgia
10151,2024-10-22,709.0,commercial,Florida
10152,2024-10-23,560.9,commercial,Illinois
10153,2024-10-24,874.9,industrial,California
10154,2024-10-25,495.3,residential,Texas
10155,2024-10-26,594.8,commercial,California
10156,2024-10-27,628.9,commercial,New York
10157,2024-10-28,943.4,industrial,New York
10158,2024-10-29,692.9,commercial,California
10159,2024-10-30,937.6,industrial,California
10160,2024-10-31,320.2,residential,Georgia
10161,2024-11-01,980.3,industrial,Texas
10162,2024-11-02,889.9,industrial,Illinois
10163,2024-11-03,372.0,residential,New York
10164,2024-11-04,490.2,residential,Georgia
10165,2024-11-05,364.5,residential,Texas
10166,2024-11-06,657.8,commercial,Illinois
10167,2024-11-07,355.0,residential,New York
10168,2024-11-08,928.0,industrial,New York
10169,2024-11-09,680.8,commercial,California
10170,2024-11-10,325.0,residential,Texas
10171,2024-11-11,860.7,industrial,Texas
10172,2024-11-12,875.6,industrial,Ohio
10173,2024-11-13,926.7,industrial,Georgia
10174,2024-11-14,697.8,commercial,Texas
10175,2024-11-15,858.3,industrial,Texas
10176,2024-11-16,913.1,industrial,Georgia
10177,2024-11-17,820.9,industrial,Georgia
10178,2024-11-18,994.4,industrial,Illinois
10179,2024-11-19,658.2,commercial,New York
10180,2024-11-20,469.2,residential,California
10181,2024-11-21,416.1,residential,Ohio
10182,2024-11-22,437.6,residential,Texas
10183,2024-11-23,394.2,residential,Ohio
10184,2024-11-24,389.9,residential,Florida
10185,2024-11-25,1010.7,industrial,Illinois
10186,2024-11-26,702.0,commercial,Florida
10187,2024-11-27,951.2,industrial,Georgia
10188,2024-11-28,699.7,commercial,New York
10189,2024-11-29,672.8,commercial,Ohio
10190,2024-11-30,649.0,commercial,Ohio
10191,2024-12-01,592.9,commercial,Texas
10192,2024-12-02,950.3,industrial,California
10193,2024-12-03,880.1,industrial,Florida
10194,2024-12-04,922.4,industrial,Illinois
10195,2024-12-05,841.5,industrial,Texas
10196,2024-12-06,959.6,industrial,California
10197,2024-12-07,363.4,residential,Illinois
10198,2024-12-08,640.9,commercial,New York
10199,2024-12-09,481.4,residential,California
10200,2024-12-10,872.1,industrial,Illinois
10201,2024-12-11,692.2,commercial,Ohio
10202,2024-12-12,391.3,residential,New York
10203,2024-12-13,704.3,commercial,Florida
10204,2024-12-14,434.2,residential,Georgia
10205,2024-12-15,617.6,commercial,California
10206,2024-12-16,358.9,residential,Ohio
10207,2024-12-17,633.6,commercial,Illinois
10208,2024-12-18,561.7,commercial,Florida
10209,2024-12-19,581.6,commercial,Georgia
10210,2024-12-20,610.2,commercial,Florida
10211,2024-12-21,637.7,commercial,Ohio
10212,2024-12-22,382.8,residential,Illinois
10213,2024-12-23,278.7,residential,Ohio
10214,2024-12-24,899.4,industrial,Georgia
10215,2024-12-25,879.4,industrial,California
10216,2024-12-26,345.9,residential,Texas
10217,2024-12-27,448.5,residential,Ohio
10218,2024-12-28,865.8,industrial,Florida
10219,2024-12-29,395.9,residential,New York
10220,2024-12-30,388.7,residential,Florida
10221,2024-01-01,906.9,industrial,California
10222,2024-01-02,1003.7,industrial,California
10223,2024-01-03,772.5,commercial,Georgia
10224,2024-01-04,570.5,commercial,Texas
10225,2024-01-05,634.9,commercial,Texas
10226,2024-01-06,835.6,industrial,New York
10227,2024-01-07,391.3,residential,Texas
10228,2024-01-08,686.2,commercial,Illinois
10229,2024-01-09,500.7,residential,Florida
10230,2024-01-10,725.3,commercial,New York
10231,2024-01-11,700.6,commercial,Ohio
10232,2024-01-12,809.4,industrial,New York
10233,2024-01-13,876.3,industrial,Ohio
10234,2024-01-14,639.8,commercial,Ohio
10235,2024-01-15,423.7,residential,Texas
10236,2024-01-16,429.1,residential,Texas
10237,2024-01-17,385.8,residential,Texas
10238,2024-01-18,832.7,industrial,Florida
10239,2024-01-19,938.3,industrial,New York
10240,2024-01-20,295.2,residential,New York
10241,2024-01-21,632.7,commercial,Florida
10242,2024-01-22,426.5,residential,Texas
10243,2024-01-23,457.6,residential,Texas
10244,2024-01-24,927.8,industrial,Georgia
10245,2024-01-25,428.8,residential,California
10246,2024-01-26,885.8,industrial,Illinois
10247,2024-01-27,440.7,residential,New York
10248,2024-01-28,817.0,industrial,Florida
10249,2024-01-29,673.9,commercial,Georgia
10250,2024-01-30,363.6,residential,Ohio
10251,2024-01-31,374.0,residential,Georgia
10252,2024-02-01,656.2,commercial,California
10253,2024-02-02,993.0,industrial,Texas
10254,2024-02-03,653.3,commercial,Georgia
10255,2024-02-04,632.4,commercial,Ohio
10256,2024-02-05,323.7,residential,Ohio
10257,2024-02-06,893.0,industrial,New York
10258,2024-02-07,739.4,commercial,Georgia
10259,2024-02-08,498.7,commercial,Illinois
10260,2024-02-09,389.5,residential,Texas
10261,2024-02-10,247.4,residential,Illinois
10262,2024-02-11,523.8,residential,Illinois
10263,2024-02-12,468.9,residential,Illinois
10264,2024-02-13,993.7,industrial,Illinois
10265,2024-02-14,431.7,residential,Ohio
10266,2024-02-15,880.9,industrial,Illinois
10267,2024-02-16,917.0,industrial,Illinois
10268,2024-02-17,519.6,residential,Ohio
10269,2024-02-18,675.1,commercial,Illinois
10270,2024-02-19,398.2,residential,Ohio
10271,2024-02-20,900.4,industrial,Texas
10272,2024-02-21,649.5,commercial,New York
10273,2024-02-22,665.4,commercial,California
10274,2024-02-23,666.2,commercial,Georgia
10275,2024-02-24,495.5,residential,Ohio
10276,2024-02-25,838.5,industrial,Florida
10277,2024-02-26,846.5,industrial,California
10278,2024-02-27,861.9,industrial,Texas
10279,2024-02-28,555.1,commercial,California
10280,2024-02-29,799.9,commercial,New York
10281,2024-03-01,315.4,residential,Georgia
10282,2024-03-02,902.3,industrial,New York
10283,2024-03-03,668.3,commercial,Illinois
10284,2024-03-04,606.2,commercial,Illinois
10285,2024-03-05,707.1,commercial,Ohio
10286,2024-03-06,943.2,industrial,Georgia
10287,2024-03-07,629.0,commercial,Florida
10288,2024-03-08,903.5,industrial,California
10289,2024-03-09,410.0,residential,Florida
10290,2024-03-10,604.1,commercial,Florida
10291,2024-03-11,637.2,commercial,Ohio
10292,2024-03-12,651.8,commercial,California
10293,2024-03-13,709.0,commercial,Georgia
10294,2024-03-14,337.6,residential,New York
10295,2024-03-15,508.3,residential,Ohio
10296,2024-03-16,954.1,industrial,California
10297,2024-03-17,753.5,commercial,Illinois
10298,2024-03-18,602.3,commercial,Illinois
10299,2024-03-19,674.8,commercial,Ohio
10300,2024-03-20,624.5,commercial,Texas
10301,2024-03-21,712.8,commercial,Georgia
10302,2024-03-22,687.6,commercial,New York
10303,2024-03-23,516.3,residential,Georgia
10304,2024-03-24,976.7,industrial,New York
10305,2024-03-25,917.0,industrial,Georgia
10306,2024-03-26,335.9,residential,Ohio
10307,2024-03-27,323.3,residential,Ohio
10308,2024-03-28,962.5,industrial,Ohio
10309,2024-03-29,965.5,industrial,California
10310,2024-03-30,616.6,commercial,Ohio
10311,2024-03-31,391.5,residential,Ohio
10312,2024-04-01,310.1,residential,California
10313,2024-04-02,796.2,industrial,New York
10314,2024-04-03,374.3,residential,Texas
10315,2024-04-04,323.5,residential,Ohio
10316,2024-04-05,641.6,commercial,Illinois
10317,2024-04-06,537.3,commercial,Georgia
10318,2024-04-07,882.7,industrial,Texas
10319,2024-04-08,747.6,commercial,Ohio
10320,2024-04-09,392.0,residential,Ohio
10321,2024-04-10,986.2,industrial,Ohio
10322,2024-04-11,431.1,residential,Georgia
10323,2024-04-12,426.2,residential,Florida
10324,2024-04-13,1010.0,industrial,Ohio
10325,2024-04-14,248.0,residential,New York
10326,2024-04-15,480.9,residential,Illinois
10327,2024-04-16,678.6,commercial,Illinois
10328,2024-04-17,961.9,industrial,Texas
10329,2024-04-18,354.3,residential,California
10330,2024-04-19,316.8,residential,Ohio
10331,2024-04-20,995.4,industrial,New York
10332,2024-04-21,1019.0,industrial,Illinois
10333,2024-04-22,646.7,commercial,California
10334,2024-04-23,710.9,commercial,Georgia
10335,2024-04-24,995.7,industrial,Georgia
10336,2024-04-25,340.2,residential,New York
10337,2024-04-26,905.0,industrial,Illinois
10338,2024-04-27,313.6,residential,Florida
10339,2024-04-28,812.5,industrial,Florida
10340,2024-04-29,488.8,residential,Ohio
10341,2024-04-30,942.4,industrial,Georgia
10342,2024-05-01,747.6,commercial,Texas
10343,2024-05-02,849.5,industrial,Georgia
10344,2024-05-03,632.5,commercial,New York
10345,2024-05-04,683.3,commercial,California
10346,2024-05-05,658.7,commercial,Georgia
10347,2024-05-06,665.5,commercial,New York
10348,2024-05-07,421.6,residential,Texas
10349,2024-05-08,621.4,commercial,Texas
10350,2024-05-09,612.9,commercial,Georgia
10351,2024-05-10,657.4,commercial,California
10352,2024-05-11,447.9,residential,Illinois
10353,2024-05-12,387.9,residential,Georgia
10354,2024-05-13,980.4,industrial,Illinois
10355,2024-05-14,446.3,residential,Illinois
10356,2024-05-15,370.1,residential,Florida
10357,2024-05-16,455.4,residential,New York
10358,2024-05-17,677.2,commercial,Texas
10359,2024-05-18,958.2,industrial,Texas
10360,2024-05-19,350.9,residential,California
10361,2024-05-20,380.4,residential,Florida
10362,2024-05-21,681.2,commercial,Texas
10363,2024-05-22,651.4,commercial,Ohio
10364,2024-05-23,472.9,residential,California
10365,2024-05-24,605.4,commercial,Texas
10366,2024-05-25,468.6,residential,California
10367,2024-05-26,306.6,residential,Georgia
10368,2024-05-27,307.2,residential,California
10369,2024-05-28,657.3,commercial,Illinois
10370,2024-05-29,329.0,residential,California
10371,2024-05-30,936.4,industrial,California
10372,2024-05-31,891.1,industrial,Florida
10373,2024-06-01,364.5,residential,Illinois
10374,2024-06-02,948.9,industrial,California
10375,2024-06-03,841.7,commercial,New York
10376,2024-06-04,600.8,commercial,Florida
10377,2024-06-05,651.1,commercial,Ohio
10378,2024-06-06,646.8,commercial,New York
10379,2024-06-07,958.0,industrial,Illinois
10380,2024-06-08,881.9,industrial,Illinois
10381,2024-06-09,631.0,commercial,California
10382,2024-06-10,660.8,commercial,New York
10383,2024-06-11,583.1,commercial,New York
10384,2024-06-12,432.0,residential,Florida
10385,2024-06-13,544.9,residential,Ohio
10386,2024-06-14,613.6,commercial,California
10387,2024-06-15,795.5,industrial,Texas
10388,2024-06-16,494.2,residential,Georgia
10389,2024-06-17,313.4,residential,Texas
10390,2024-06-18,460.1,residential,Florida
10391,2024-06-19,835.5,industrial,Georgia
10392,2024-06-20,662.9,commercial,Illinois
10393,2024-06-21,568.6,commercial,Texas
10394,2024-06-22,611.1,commercial,Georgia
10395,2024-06-23,960.7,industrial,Texas
10396,2024-06-24,679.6,commercial,New York
10397,2024-06-25,868.9,industrial,California
10398,2024-06-26,935.8,industrial,Illinois
10399,2024-06-27,360.9,residential,New York
10400,2024-06-28,352.9,residential,California
10401,2024-06-29,674.4,commercial,California
10402,2024-06-30,435.2,residential,New York
10403,2024-07-01,684.1,commercial,New York
10404,2024-07-02,344.2,residential,Georgia
10405,2024-07-03,360.8,residential,California
10406,2024-07-04,969.9,industrial,Florida
10407,2024-07-05,882.9,industrial,New York
10408,2024-07-06,426.0,residential,Ohio
10409,2024-07-07,397.9,residential,Florida
10410,2024-07-08,939.8,industrial,Georgia
10411,2024-07-09,733.7,commercial,New York
10412,2024-07-10,403.9,residential,California
10413,2024-07-11,902.3,industrial,Florida
10414,2024-07-12,616.8,commercial,California
10415,2024-07-13,690.8,commercial,California
10416,2024-07-14,570.5,commercial,Georgia
10417,2024-07-15,356.4,residential,New York
10418,2024-07-16,494.0,residential,Ohio
10419,2024-07-17,871.0,industrial,California
10420,2024-07-18,407.9,residential,New York
10421,2024-07-19,457.8,residential,Florida
10422,2024-07-20,549.7,commercial,Georgia
10423,2024-07-21,697.7,commercial,Illinois
10424,2024-07-22,781.2,industrial,New York
10425,2024-07-23,701.1,commercial,Ohio
10426,2024-07-24,695.7,commercial,Florida
10427,2024-07-25,1026.5,industrial,California
10428,2024-07-26,342.0,residential,Illinois
10429,2024-07-27,630.4,commercial,Ohio
10430,2024-07-28,386.8,residential,California
10431,2024-07-29,926.9,industrial,California
10432,2024-07-30,920.2,industrial,Ohio
10433,2024-07-31,813.9,industrial,Texas
10434,2024-08-01,668.3,commercial,Texas
10435,2024-08-02,906.8,industrial,Florida
10436,2024-08-03,664.1,commercial,Illinois
10437,2024-08-04,885.9,industrial,Georgia
10438,2024-08-05,359.7,residential,Florida
10439,2024-08-06,622.8,commercial,Florida
10440,2024-08-07,402.7,residential,Ohio
10441,2024-08-08,889.3,industrial,Florida
10442,2024-08-09,263.8,residential,Texas
10443,2024-08-10,831.1,industrial,New York
10444,2024-08-11,636.1,commercial,Georgia
10445,2024-08-12,1055.9,industrial,Illinois
10446,2024-08-13,869.1,industrial,Georgia
10447,2024-08-14,909.0,industrial,Florida
10448,2024-08-15,406.7,residential,California
10449,2024-08-16,858.1,industrial,Texas
10450,2024-08-17,612.6,commercial,New York
10451,2024-08-18,787.2,industrial,Florida
10452,2024-08-19,353.7,residential,New York
10453,2024-08-20,924.1,industrial,California
10454,2024-08-21,808.2,industrial,Georgia
10455,2024-08-22,715.2,commercial,Texas
10456,2024-08-23,363.7,residential,New York
10457,2024-08-24,882.7,industrial,Georgia
10458,2024-08-25,345.6,residential,Texas
10459,2024-08-26,925.8,industrial,Illinois
10460,2024-08-27,325.0,residential,California
10461,2024-08-28,270.5,residential,Illinois
10462,2024-08-29,602.1,commercial,Texas
10463,2024-08-30,823.4,industrial,Illinois
10464,2024-08-31,323.8,residential,Illinois
10465,2024-09-01,599.5,commercial,Florida
10466,2024-09-02,630.7,commercial,Florida
10467,2024-09-03,717.1,commercial,Florida
10468,2024-09-04,366.6,residential,California
10469,2024-09-05,884.8,industrial,New York
10470,2024-09-06,916.6,industrial,Texas
10471,2024-09-07,424.2,residential,Texas
10472,2024-09-08,393.3,residential,Texas
10473,2024-09-09,825.3,industrial,New York
10474,2024-09-10,862.8,industrial,California
10475,2024-09-11,352.0,residential,Texas
10476,2024-09-12,719.1,commercial,Georgia
10477,2024-09-13,542.9,commercial,Texas
10478,2024-09-14,892.3,industrial,Ohio
10479,2024-09-15,981.0,industrial,Illinois
10480,2024-09-16,722.4,commercial,Georgia
10481,2024-09-17,918.3,industrial,Ohio
10482,2024-09-18,498.7,residential,Georgia
10483,2024-09-19,981.1,industrial,California
10484,2024-09-20,462.1,residential,California
10485,2024-09-21,838.2,industrial,New York
10486,2024-09-22,788.5,industrial,California
10487,2024-09-23,270.5,residential,Georgia
10488,2024-09-24,346.2,residential,New York
10489,2024-09-25,484.0,residential,Florida
10490,2024-09-26,607.5,commercial,Florida
10491,2024-09-27,605.9,commercial,California
10492,2024-09-28,612.7,commercial,Texas
10493,2024-09-29,684.9,commercial,Florida
10494,2024-09-30,937.0,industrial,California
10495,2024-10-01,306.7,residential,Illinois
10496,2024-10-02,671.9,commercial,Ohio
10497,2024-10-03,684.3,commercial,California
10498,2024-10-04,369.6,residential,Georgia
10499,2024-10-05,591.9,commercial,California
10500,2024-10-06,395.7,residential,Florida
10501,2024-10-07,858.7,industrial,New York
10502,2024-10-08,662.9,commercial,Georgia
10503,2024-10-09,922.1,industrial,Georgia
10504,2024-10-10,944.1,industrial,Florida
10505,2024-10-11,1034.4,industrial,California
10506,2024-10-12,462.9,residential,Illinois
10507,2024-10-13,542.3,commercial,Florida
10508,2024-10-14,1003.5,industrial,Ohio
10509,2024-10-15,877.9,industrial,New York
10510,2024-10-16,803.9,industrial,Ohio
10511,2024-10-17,643.4,commercial,New York
10512,2024-10-18,954.0,industrial,Florida
10513,2024-10-19,391.6,residential,California
10514,2024-10-20,874.7,industrial,California
10515,2024-10-21,849.6,industrial,Texas
10516,2024-10-22,659.1,commercial,Georgia
10517,2024-10-23,872.9,industrial,Ohio
10518,2024-10-24,978.6,industrial,Texas
10519,2024-10-25,685.4,commercial,Florida
10520,2024-10-26,300.9,residential,Illinois
10521,2024-10-27,358.0,residential,Georgia
10522,2024-10-28,403.2,residential,Georgia
10523,2024-10-29,452.9,residential,New York
10524,2024-10-30,849.7,industrial,Georgia
10525,2024-10-31,673.4,commercial,California
10526,2024-11-01,381.3,residential,New York
10527,2024-11-02,721.1,commercial,New York
10528,2024-11-03,679.9,commercial,Illinois
10529,2024-11-04,429.2,residential,Texas
10530,2024-11-05,703.1,commercial,Georgia
10531,2024-11-06,964.3,industrial,New York
10532,2024-11-07,389.3,residential,Illinois
10533,2024-11-08,366.6,residential,Georgia
10534,2024-11-09,918.0,industrial,Ohio
10535,2024-11-10,637.9,commercial,Texas
10536,2024-11-11,838.1,industrial,Florida
10537,2024-11-12,839.2,industrial,New York
10538,2024-11-13,709.5,industrial,Florida
10539,2024-11-14,406.8,residential,Georgia
10540,2024-11-15,911.8,industrial,California
10541,2024-11-16,898.9,industrial,Texas
10542,2024-11-17,781.8,commercial,Georgia
10543,2024-11-18,894.1,industrial,Texas
10544,2024-11-19,349.3,residential,Georgia
10545,2024-11-20,651.6,commercial,Georgia
10546,2024-11-21,448.2,residential,Illinois
10547,2024-11-22,631.7,commercial,Florida
10548,2024-11-23,486.5,residential,Texas
10549,2024-11-24,812.1,industrial,Texas
10550,2024-11-25,373.5,residential,Ohio
10551,2024-11-26,346.7,residential,Ohio
10552,2024-11-27,636.2,commercial,New York
10553,2024-11-28,861.7,industrial,Illinois
10554,2024-11-29,824.1,industrial,Texas
10555,2024-11-30,341.1,residential,Florida
10556,2024-12-01,658.4,commercial,Ohio
10557,2024-12-02,448.8,residential,Georgia
10558,2024-12-03,380.8,residential,Ohio
10559,2024-12-04,715.4,commercial,Texas
10560,2024-12-05,775.5,industrial,New York
10561,2024-12-06,732.6,commercial,New York
10562,2024-12-07,878.9,industrial,Ohio
10563,2024-12-08,753.1,commercial,Illinois
10564,2024-12-09,644.2,commercial,Ohio
10565,2024-12-10,555.6,commercial,New York
10566,2024-12-11,368.1,residential,Georgia
10567,2024-12-12,498.5,residential,New York
10568,2024-12-13,534.2,residential,Texas
10569,2024-12-14,359.6,residential,Ohio
10570,2024-12-15,679.4,commercial,California
10571,2024-12-16,874.0,industrial,Illinois
10572,2024-12-17,672.1,commercial,New York
10573,2024-12-18,387.4,residential,Illinois
10574,2024-12-19,302.9,residential,New York
10575,2024-12-20,419.3,residential,Georgia
10576,2024-12-21,636.3,commercial,Georgia
10577,2024-12-22,371.6,residential,Illinois
10578,2024-12-23,652.5,commercial,Illinois
10579,2024-12-24,386.6,residential,Georgia
10580,2024-12-25,483.5,residential,Illinois
10581,2024-12-26,695.1,commercial,Ohio
10582,2024-12-27,911.2,industrial,Florida
10583,2024-12-28,858.4,industrial,New York
10584,2024-12-29,782.2,industrial,New York
10585,2024-12-30,944.6,industrial,California
10586,2024-01-01,342.1,residential,Florida
10587,2024-01-02,895.4,industrial,New York
10588,2024-01-03,881.5,industrial,Texas
10589,2024-01-04,368.6,residential,Georgia
10590,2024-01-05,916.9,industrial,Georgia
10591,2024-01-06,399.3,residential,California
10592,2024-01-07,497.8,residential,Georgia
10593,2024-01-08,624.6,commercial,Texas
10594,2024-01-09,717.9,commercial,New York
10595,2024-01-10,800.9,industrial,Ohio
10596,2024-01-11,336.3,residential,New York
10597,2024-01-12,588.7,commercial,Texas
10598,2024-01-13,695.0,commercial,Georgia
10599,2024-01-14,894.1,industrial,New York
10600,2024-01-15,472.2,residential,California
10601,2024-01-16,515.5,residential,Georgia
10602,2024-01-17,875.4,industrial,Ohio
10603,2024-01-18,775.2,commercial,California
10604,2024-01-19,272.2,residential,New York
10605,2024-01-20,907.6,industrial,Illinois
10606,2024-01-21,635.7,commercial,Georgia
10607,2024-01-22,943.6,industrial,Florida
10608,2024-01-23,617.3,commercial,Georgia
10609,2024-01-24,427.4,residential,Florida
10610,2024-01-25,887.8,industrial,Illinois
10611,2024-01-26,499.8,residential,Florida
10612,2024-01-27,427.9,residential,Ohio
10613,2024-01-28,895.9,industrial,California
10614,2024-01-29,982.6,industrial,Georgia
10615,2024-01-30,707.8,commercial,Ohio
10616,2024-01-31,978.4,industrial,Texas
10617,2024-02-01,472.9,residential,Florida
10618,2024-02-02,362.7,residential,Georgia
10619,2024-02-03,362.1,residential,New York
10620,2024-02-04,570.1,commercial,Illinois
10621,2024-02-05,967.8,industrial,New York
10622,2024-02-06,1007.2,industrial,California
10623,2024-02-07,683.1,commercial,New York
10624,2024-02-08,369.5,residential,New York
10625,2024-02-09,969.1,industrial,Texas
10626,2024-02-10,406.3,residential,Georgia
10627,2024-02-11,604.1,commercial,Texas
10628,2024-02-12,312.0,residential,California
10629,2024-02-13,459.7,residential,Ohio
10630,2024-02-14,439.9,residential,California
10631,2024-02-15,335.1,residential,Ohio
10632,2024-02-16,664.4,commercial,Ohio
10633,2024-02-17,438.6,residential,Illinois
10634,2024-02-18,944.0,industrial,New York
10635,2024-02-19,384.6,residential,Ohio
10636,2024-02-20,870.4,industrial,Georgia
10637,2024-02-21,688.7,commercial,California
10638,2024-02-22,340.1,residential,Georgia
10639,2024-02-23,855.5,industrial,Ohio
10640,2024-02-24,586.2,commercial,Georgia
10641,2024-02-25,415.9,residential,Florida
10642,2024-02-26,646.7,commercial,Florida
10643,2024-02-27,944.9,industrial,Illinois
10644,2024-02-28,919.1,industrial,Ohio
10645,2024-02-29,608.1,commercial,New York
10646,2024-03-01,382.9,residential,Florida
10647,2024-03-02,969.7,industrial,Ohio
10648,2024-03-03,412.9,residential,Illinois
10649,2024-03-04,372.3,residential,Florida
10650,2024-03-05,590.8,commercial,New York
10651,2024-03-06,685.8,commercial,New York
10652,2024-03-07,941.5,industrial,California
10653,2024-03-08,360.4,residential,Georgia
10654,2024-03-09,312.8,residential,Texas
10655,2024-03-10,864.4,industrial,Ohio
10656,2024-03-11,629.3,commercial,Texas
10657,2024-03-12,467.6,residential,Illinois
10658,2024-03-13,748.5,commercial,Texas
10659,2024-03-14,738.9,commercial,Texas
10660,2024-03-15,785.3,commercial,Illinois
10661,2024-03-16,636.0,commercial,Florida
10662,2024-03-17,320.9,residential,Florida
10663,2024-03-18,410.4,residential,Florida
10664,2024-03-19,575.7,commercial,Ohio
10665,2024-03-20,317.2,residential,Georgia
10666,2024-03-21,908.0,industrial,New York
10667,2024-03-22,527.7,commercial,Illinois
10668,2024-03-23,420.6,residential,Ohio
10669,2024-03-24,716.2,commercial,Florida
10670,2024-03-25,880.7,industrial,New York
10671,2024-03-26,833.9,industrial,New York
10672,2024-03-27,626.4,commercial,Texas
10673,2024-03-28,991.5,industrial,Ohio
10674,2024-03-29,333.8,residential,New York
10675,2024-03-30,964.6,industrial,Ohio
10676,2024-03-31,895.1,industrial,Ohio
10677,2024-04-01,639.2,commercial,Florida
10678,2024-04-02,890.3,industrial,New York
10679,2024-04-03,947.4,industrial,New York
10680,2024-04-04,454.2,residential,Ohio
10681,2024-04-05,816.0,industrial,California
10682,2024-04-06,409.8,residential,California
10683,2024-04-07,739.9,commercial,Georgia
10684,2024-04-08,968.5,industrial,New York
10685,2024-04-09,971.3,industrial,Georgia
10686,2024-04-10,420.9,residential,Georgia
10687,2024-04-11,360.7,residential,Florida
10688,2024-04-12,914.8,industrial,Texas
10689,2024-04-13,736.4,commercial,California
10690,2024-04-14,930.3,industrial,Ohio
10691,2024-04-15,405.6,residential,Georgia
10692,2024-04-16,878.4,industrial,Ohio
10693,2024-04-17,669.8,commercial,Georgia
10694,2024-04-18,687.3,commercial,New York
10695,2024-04-19,531.5,residential,Georgia
10696,2024-04-20,764.6,commercial,Ohio
10697,2024-04-21,689.9,commercial,California
10698,2024-04-22,436.6,residential,New York
10699,2024-04-23,984.9,industrial,Ohio
10700,2024-04-24,348.2,residential,Illinois
10701,2024-04-25,709.4,commercial,California
10702,2024-04-26,804.7,industrial,Georgia
10703,2024-04-27,409.6,residential,Texas
10704,2024-04-28,843.8,industrial,Texas
10705,2024-04-29,809.2,industrial,Illinois
10706,2024-04-30,951.2,industrial,California
10707,2024-05-01,724.7,commercial,California
10708,2024-05-02,649.2,commercial,New York
10709,2024-05-03,601.3,commercial,New York
10710,2024-05-04,578.8,commercial,New York
10711,2024-05-05,653.5,commercial,Florida
10712,2024-05-06,671.9,commercial,California
10713,2024-05-07,465.8,residential,Florida
10714,2024-05-08,659.9,commercial,Ohio
10715,2024-05-09,444.5,residential,Florida
10716,2024-05-10,865.3,industrial,Florida
10717,2024-05-11,483.4,residential,Ohio
10718,2024-05-12,960.6,industrial,Florida
10719,2024-05-13,450.7,residential,Georgia
10720,2024-05-14,299.8,residential,Ohio
10721,2024-05-15,988.9,industrial,California
10722,2024-05-16,959.7,industrial,Florida
10723,2024-05-17,864.7,industrial,Florida
10724,2024-05-18,887.1,industrial,New York
10725,2024-05-19,904.4,industrial,Georgia
10726,2024-05-20,378.4,residential,New York
10727,2024-05-21,651.3,commercial,Georgia
10728,2024-05-22,685.9,commercial,Illinois
10729,2024-05-23,872.4,industrial,Georgia
10730,2024-05-24,420.8,residential,New York
10731,2024-05-25,602.1,commercial,New York
10732,2024-05-26,634.3,commercial,Illinois
10733,2024-05-27,631.9,commercial,New York
10734,2024-05-28,426.4,residential,New York
10735,2024-05-29,413.7,residential,Illinois
10736,2024-05-30,718.6,commercial,Texas
10737,2024-05-31,972.5,industrial,California
10738,2024-06-01,598.2,commercial,Georgia
10739,2024-06-02,615.2,commercial,Florida
10740,2024-06-03,977.8,industrial,Georgia
10741,2024-06-04,869.3,industrial,Ohio
10742,2024-06-05,440.1,residential,Georgia
10743,2024-06-06,388.8,residential,New York
10744,2024-06-07,996.3,industrial,Georgia
10745,2024-06-08,615.2,commercial,New York
10746,2024-06-09,951.2,industrial,Georgia
10747,2024-06-10,831.3,industrial,Georgia
10748,2024-06-11,652.0,commercial,Ohio
10749,2024-06-12,622.1,commercial,New York
10750,2024-06-13,834.2,industrial,Georgia
10751,2024-06-14,306.6,residential,Texas
10752,2024-06-15,307.9,residential,Illinois
10753,2024-06-16,377.5,residential,Illinois
10754,2024-06-17,367.6,residential,Texas
10755,2024-06-18,925.4,industrial,Florida
10756,2024-06-19,935.0,industrial,New York
10757,2024-06-20,693.9,commercial,Illinois
10758,2024-06-21,685.6,commercial,Georgia
10759,2024-06-22,583.4,commercial,California
10760,2024-06-23,691.1,commercial,California
10761,2024-06-24,955.7,industrial,Texas
10762,2024-06-25,760.8,commercial,Ohio
10763,2024-06-26,936.2,industrial,Florida
10764,2024-06-27,634.3,commercial,California
10765,2024-06-28,371.7,residential,Texas
10766,2024-06-29,658.3,commercial,Texas
10767,2024-06-30,410.3,residential,New York
10768,2024-07-01,774.9,commercial,Florida
10769,2024-07-02,398.7,residential,Florida
10770,2024-07-03,443.3,residential,Ohio
10771,2024-07-04,965.4,industrial,California
10772,2024-07-05,935.6,industrial,Illinois
10773,2024-07-06,368.0,residential,New York
10774,2024-07-07,832.0,industrial,New York
10775,2024-07-08,370.0,residential,Texas
10776,2024-07-09,789.8,industrial,Georgia
10777,2024-07-10,419.4,residential,California
10778,2024-07-11,426.3,residential,Texas
10779,2024-07-12,405.1,residential,Ohio
10780,2024-07-13,1020.2,industrial,Florida
10781,2024-07-14,294.8,residential,Illinois
10782,2024-07-15,940.7,industrial,Texas
10783,2024-07-16,384.7,residential,Texas
10784,2024-07-17,1000.7,industrial,California
10785,2024-07-18,320.2,residential,Georgia
10786,2024-07-19,459.4,residential,New York
10787,2024-07-20,677.2,commercial,Texas
10788,2024-07-21,392.1,residential,Georgia
10789,2024-07-22,457.6,residential,California
10790,2024-07-23,364.8,residential,Ohio
10791,2024-07-24,896.5,industrial,Illinois
10792,2024-07-25,690.6,commercial,Ohio
10793,2024-07-26,643.1,commercial,Texas
10794,2024-07-27,839.1,industrial,Ohio
10795,2024-07-28,373.1,residential,New York
10796,2024-07-29,600.0,commercial,Texas
10797,2024-07-30,831.3,industrial,Florida
10798,2024-07-31,959.3,industrial,Ohio
10799,2024-08-01,666.9,commercial,Florida
10800,2024-08-02,432.0,residential,Florida
10801,2024-08-03,898.7,industrial,Texas
10802,2024-08-04,660.3,commercial,Georgia
10803,2024-08-05,552.1,commercial,Georgia
10804,2024-08-06,664.2,commercial,Georgia
10805,2024-08-07,429.0,residential,Florida
10806,2024-08-08,803.5,industrial,New York
10807,2024-08-09,829.3,industrial,California
10808,2024-08-10,668.7,commercial,Ohio
10809,2024-08-11,889.5,industrial,Ohio
10810,2024-08-12,865.0,industrial,Illinois
10811,2024-08-13,469.7,residential,Texas
10812,2024-08-14,688.5,commercial,Illinois
10813,2024-08-15,605.2,commercial,California
10814,2024-08-16,571.3,commercial,Illinois
10815,2024-08-17,832.9,industrial,New York
10816,2024-08-18,677.8,commercial,New York
10817,2024-08-19,919.3,industrial,Georgia
10818,2024-08-20,314.2,residential,Texas
10819,2024-08-21,443.3,residential,Ohio
10820,2024-08-22,626.0,commercial,Florida
10821,2024-08-23,941.4,industrial,California
10822,2024-08-24,610.0,commercial,Ohio
10823,2024-08-25,595.9,commercial,Georgia
10824,2024-08-26,795.5,industrial,California
10825,2024-08-27,1019.4,industrial,Texas
10826,2024-08-28,604.5,commercial,New York
10827,2024-08-29,326.4,residential,Ohio
10828,2024-08-30,438.1,residential,Georgia
10829,2024-08-31,447.8,residential,California
10830,2024-09-01,815.7,industrial,Texas
10831,2024-09-02,847.5,industrial,Ohio
10832,2024-09-03,347.1,residential,California
10833,2024-09-04,843.5,industrial,California
10834,2024-09-05,398.8,residential,New York
10835,2024-09-06,300.6,residential,Georgia
10836,2024-09-07,598.6,commercial,Georgia
10837,2024-09-08,886.9,industrial,Illinois
10838,2024-09-09,714.3,commercial,Florida
10839,2024-09-10,949.3,industrial,California
10840,2024-09-11,557.3,commercial,Florida
10841,2024-09-12,519.9,commercial,Texas
10842,2024-09-13,890.7,industrial,New York
10843,2024-09-14,903.1,industrial,Texas
10844,2024-09-15,697.1,commercial,New York
10845,2024-09-16,899.1,industrial,Georgia
10846,2024-09-17,433.0,residential,California
10847,2024-09-18,704.3,commercial,Georgia
10848,2024-09-19,955.5,industrial,Ohio
10849,2024-09-20,412.1,residential,Georgia
10850,2024-09-21,349.0,residential,Georgia
10851,2024-09-22,401.7,residential,New York
10852,2024-09-23,837.9,industrial,Ohio
10853,2024-09-24,712.8,industrial,Illinois
10854,2024-09-25,763.7,commercial,Florida
10855,2024-09-26,922.8,industrial,Illinois
10856,2024-09-27,660.3,commercial,Georgia
10857,2024-09-28,486.6,residential,California
10858,2024-09-29,570.1,commercial,Florida
10859,2024-09-30,440.0,residential,Georgia
10860,2024-10-01,929.7,industrial,Georgia
10861,2024-10-02,434.5,residential,New York
10862,2024-10-03,296.6,residential,California
10863,2024-10-04,396.4,residential,Texas
10864,2024-10-05,441.6,residential,Illinois
10865,2024-10-06,374.9,residential,Florida
10866,2024-10-07,905.8,industrial,New York
10867,2024-10-08,693.0,commercial,Florida
10868,2024-10-09,824.3,industrial,Ohio
10869,2024-10-10,401.2,residential,Texas
10870,2024-10-11,577.7,commercial,California
10871,2024-10-12,994.3,industrial,Ohio
10872,2024-10-13,350.3,residential,New York
10873,2024-10-14,605.8,commercial,California
10874,2024-10-15,671.3,commercial,New York
10875,2024-10-16,719.8,commercial,Ohio
10876,2024-10-17,743.4,commercial,Georgia
10877,2024-10-18,923.7,industrial,Illinois
10878,2024-10-19,795.0,industrial,New York
10879,2024-10-20,667.7,commercial,California
10880,2024-10-21,379.2,residential,Illinois
10881,2024-10-22,696.6,commercial,New York
10882,2024-10-23,677.8,commercial,California
10883,2024-10-24,662.2,commercial,Georgia
10884,2024-10-25,898.5,industrial,New York
10885,2024-10-26,390.1,residential,Ohio
10886,2024-10-27,372.1,residential,Ohio
10887,2024-10-28,678.3,commercial,Georgia
10888,2024-10-29,873.5,industrial,Texas
10889,2024-10-30,682.4,commercial,Georgia
10890,2024-10-31,392.4,residential,Texas
10891,2024-11-01,383.1,residential,New York
10892,2024-11-02,884.9,industrial,Georgia
10893,2024-11-03,491.1,residential,Florida
10894,2024-11-04,736.3,commercial,Ohio
10895,2024-11-05,602.1,commercial,New York
10896,2024-11-06,437.6,residential,Florida
10897,2024-11-07,477.1,residential,Florida
10898,2024-11-08,403.4,residential,Texas
10899,2024-11-09,891.5,industrial,California
10900,2024-11-10,844.0,industrial,Texas
10901,2024-11-11,908.6,industrial,Georgia
10902,2024-11-12,786.5,industrial,Georgia
10903,2024-11-13,662.0,commercial,Illinois
10904,2024-11-14,885.8,industrial,Georgia
10905,2024-11-15,790.5,industrial,Georgia
10906,2024-11-16,747.4,commercial,Georgia
10907,2024-11-17,913.6,industrial,Georgia
10908,2024-11-18,680.5,commercial,Georgia
10909,2024-11-19,351.6,residential,Ohio
10910,2024-11-20,566.5,residential,Illinois
10911,2024-11-21,997.5,industrial,New York
10912,2024-11-22,776.2,commercial,Illinois
10913,2024-11-23,391.5,residential,New York
10914,2024-11-24,659.6,commercial,Georgia
10915,2024-11-25,299.2,residential,Florida
10916,2024-11-26,350.9,residential,California
10917,2024-11-27,725.1,commercial,Illinois
10918,2024-11-28,922.4,industrial,Illinois
10919,2024-11-29,880.9,industrial,Texas
10920,2024-11-30,873.8,industrial,Georgia
10921,2024-12-01,794.5,industrial,Georgia
10922,2024-12-02,333.2,residential,Ohio
10923,2024-12-03,722.8,commercial,New York
10924,2024-12-04,873.7,industrial,Georgia
10925,2024-12-05,388.1,residential,Texas
10926,2024-12-06,928.2,industrial,Illinois
10927,2024-12-07,640.4,commercial,Georgia
10928,2024-12-08,843.4,industrial,Georgia
10929,2024-12-09,868.7,industrial,New York
10930,2024-12-10,282.5,residential,Texas
10931,2024-12-11,332.5,residential,Georgia
10932,2024-12-12,333.4,residential,California
10933,2024-12-13,491.2,residential,Georgia
10934,2024-12-14,414.2,residential,Illinois
10935,2024-12-15,930.3,industrial,Illinois
10936,2024-12-16,804.9,industrial,Ohio
10937,2024-12-17,611.5,commercial,Texas
10938,2024-12-18,867.7,industrial,Florida
10939,2024-12-19,609.8,commercial,New York
10940,2024-12-20,786.1,commercial,Illinois
10941,2024-12-21,611.4,commercial,Georgia
10942,2024-12-22,848.2,industrial,Georgia
10943,2024-12-23,915.8,industrial,Illinois
10944,2024-12-24,666.7,commercial,Texas
10945,2024-12-25,595.8,commercial,Florida
10946,2024-12-26,562.0,commercial,California
10947,2024-12-27,639.5,commercial,Florida
10948,2024-12-28,339.1,residential,California
10949,2024-12-29,558.3,commercial,New York
10950,2024-12-30,553.4,commercial,Georgia
10951,2024-01-01,701.8,commercial,California
10952,2024-01-02,427.0,residential,New York
10953,2024-01-03,710.6,commercial,Georgia
10954,2024-01-04,902.5,industrial,California
10955,2024-01-05,503.8,residential,California
10956,2024-01-06,708.8,commercial,Georgia
10957,2024-01-07,442.7,residential,Georgia
10958,2024-01-08,904.0,industrial,Georgia
10959,2024-01-09,1054.1,industrial,Ohio
10960,2024-01-10,420.3,residential,New York
10961,2024-01-11,314.5,residential,Ohio
10962,2024-01-12,506.7,residential,Ohio
10963,2024-01-13,1018.1,industrial,California
10964,2024-01-14,887.9,industrial,Ohio
10965,2024-01-15,914.1,industrial,Texas
10966,2024-01-16,985.8,industrial,Ohio
10967,2024-01-17,345.0,residential,New York
10968,2024-01-18,662.2,commercial,Ohio
10969,2024-01-19,646.9,commercial,New York
10970,2024-01-20,676.8,commercial,Illinois
10971,2024-01-21,882.2,industrial,California
10972,2024-01-22,816.2,industrial,New York
10973,2024-01-23,492.1,residential,Georgia
10974,2024-01-24,802.3,industrial,Texas
10975,2024-01-25,340.4,residential,New York
10976,2024-01-26,612.4,commercial,Florida
10977,2024-01-27,831.5,industrial,Ohio
10978,2024-01-28,424.5,residential,New York
10979,2024-01-29,937.6,industrial,Illinois
10980,2024-01-30,736.0,commercial,California
10981,2024-01-31,562.9,commercial,Florida
10982,2024-02-01,326.8,residential,New York
10983,2024-02-02,335.1,residential,New York
10984,2024-02-03,625.2,commercial,California
10985,2024-02-04,459.5,residential,Georgia
10986,2024-02-05,426.4,residential,Florida
10987,2024-02-06,388.8,residential,California
10988,2024-02-07,934.8,industrial,New York
10989,2024-02-08,828.9,industrial,Georgia
10990,2024-02-09,370.3,residential,Georgia
10991,2024-02-10,827.5,industrial,Florida
10992,2024-02-11,1025.7,industrial,Texas
10993,2024-02-12,878.6,industrial,New York
10994,2024-02-13,611.2,commercial,California
10995,2024-02-14,551.7,commercial,Ohio
10996,2024-02-15,830.2,industrial,Florida
10997,2024-02-16,948.8,industrial,Florida
10998,2024-02-17,928.5,industrial,Texas
10999,2024-02-18,571.5,commercial,Georgia
11000,2024-02-19,431.2,residential,Florida
11001,2024-02-20,407.4,residential,Texas
11002,2024-02-21,590.0,commercial,Florida
11003,2024-02-22,840.8,industrial,California
11004,2024-02-23,604.2,commercial,California
11005,2024-02-24,369.4,residential,Florida
11006,2024-02-25,886.4,industrial,New York
11007,2024-02-26,609.9,commercial,Georgia
11008,2024-02-27,467.5,residential,Georgia
11009,2024-02-28,951.5,industrial,Ohio
11010,2024-02-29,847.6,industrial,Ohio
11011,2024-03-01,827.5,industrial,Florida
11012,2024-03-02,325.1,residential,Illinois
11013,2024-03-03,448.2,residential,New York
11014,2024-03-04,791.7,industrial,Texas
11015,2024-03-05,262.5,residential,Illinois
11016,2024-03-06,545.4,commercial,California
11017,2024-03-07,357.7,residential,Georgia
11018,2024-03-08,1061.4,industrial,Ohio
11019,2024-03-09,636.3,commercial,Texas
11020,2024-03-10,717.9,commercial,Illinois
11021,2024-03-11,858.7,industrial,Texas
11022,2024-03-12,920.3,industrial,Ohio
11023,2024-03-13,896.7,industrial,Georgia
11024,2024-03-14,738.1,commercial,Ohio
11025,2024-03-15,436.9,residential,Florida
11026,2024-03-16,613.3,commercial,Illinois
11027,2024-03-17,326.1,residential,Florida
11028,2024-03-18,698.6,commercial,New York
11029,2024-03-19,595.0,commercial,Illinois
11030,2024-03-20,946.2,industrial,Georgia
11031,2024-03-21,959.4,industrial,Illinois
11032,2024-03-22,876.9,industrial,Illinois
11033,2024-03-23,680.1,commercial,Georgia
11034,2024-03-24,647.3,commercial,Texas
11035,2024-03-25,513.9,residential,Texas
11036,2024-03-26,789.2,industrial,Florida
11037,2024-03-27,420.4,residential,Ohio
11038,2024-03-28,415.3,residential,Texas
11039,2024-03-29,770.1,commercial,New York
11040,2024-03-30,800.6,industrial,Illinois
11041,2024-03-31,965.9,industrial,New York
11042,2024-04-01,408.8,residential,Georgia
11043,2024-04-02,938.4,industrial,Illinois
11044,2024-04-03,917.5,industrial,Texas
11045,2024-04-04,900.9,industrial,Georgia
11046,2024-04-05,336.0,residential,California
11047,2024-04-06,692.2,commercial,California
11048,2024-04-07,789.8,commercial,New York
11049,2024-04-08,667.2,commercial,New York
11050,2024-04-09,950.5,industrial,Texas
11051,2024-04-10,742.9,commercial,Texas
11052,2024-04-11,377.9,residential,Georgia
11053,2024-04-12,949.9,industrial,Ohio
11054,2024-04-13,478.9,residential,New York
11055,2024-04-14,1003.1,industrial,California
11056,2024-04-15,486.0,residential,Illinois
11057,2024-04-16,809.3,industrial,Texas
11058,2024-04-17,352.7,residential,Georgia
11059,2024-04-18,603.5,commercial,Georgia
11060,2024-04-19,674.7,commercial,New York
11061,2024-04-20,604.7,commercial,New York
11062,2024-04-21,651.8,commercial,Illinois
11063,2024-04-22,465.9,residential,California
11064,2024-04-23,827.6,industrial,Ohio
11065,2024-04-24,1028.5,industrial,Ohio
11066,2024-04-25,870.6,industrial,Texas
11067,2024-04-26,277.3,residential,California
11068,2024-04-27,867.8,industrial,Georgia
11069,2024-04-28,702.0,industrial,Georgia
11070,2024-04-29,654.0,commercial,New York
11071,2024-04-30,369.5,residential,California
11072,2024-05-01,402.1,residential,Texas
11073,2024-05-02,937.1,industrial,Illinois
11074,2024-05-03,447.7,residential,Florida
11075,2024-05-04,645.2,commercial,Illinois
11076,2024-05-05,522.9,residential,Georgia
11077,2024-05-06,381.8,residential,California
11078,2024-05-07,922.4,industrial,Florida
11079,2024-05-08,360.1,residential,Ohio
11080,2024-05-09,646.8,commercial,Illinois
11081,2024-05-10,942.7,industrial,New York
11082,2024-05-11,593.3,commercial,New York
11083,2024-05-12,369.9,residential,Ohio
11084,2024-05-13,297.3,residential,Ohio
11085,2024-05-14,906.0,industrial,Ohio
11086,2024-05-15,615.4,commercial,Texas
11087,2024-05-16,837.1,industrial,Georgia
11088,2024-05-17,665.1,commercial,New York
11089,2024-05-18,963.8,industrial,Ohio
11090,2024-05-19,881.1,industrial,Florida
11091,2024-05-20,442.3,residential,California
11092,2024-05-21,419.3,residential,California
11093,2024-05-22,932.0,industrial,Texas
11094,2024-05-23,829.8,industrial,Illinois
11095,2024-05-24,725.0,commercial,Ohio
11096,2024-05-25,953.4,industrial,Illinois
11097,2024-05-26,546.0,commercial,Georgia
11098,2024-05-27,387.8,residential,Florida
11099,2024-05-28,632.9,commercial,Georgia
11100,2024-05-29,976.9,industrial,Illinois
11101,2024-05-30,433.4,residential,Ohio
11102,2024-05-31,778.0,industrial,New York
11103,2024-06-01,662.6,commercial,Illinois
11104,2024-06-02,321.0,residential,Georgia
11105,2024-06-03,765.9,commercial,Texas
11106,2024-06-04,701.9,commercial,California
11107,2024-06-05,330.6,residential,Illinois
11108,2024-06-06,667.8,commercial,Georgia
11109,2024-06-07,320.7,residential,Florida
11110,2024-06-08,398.7,residential,Illinois
11111,2024-06-09,946.3,industrial,California
11112,2024-06-10,457.4,residential,Florida
11113,2024-06-11,922.6,industrial,Georgia
11114,2024-06-12,543.4,commercial,Ohio
11115,2024-06-13,662.0,commercial,Florida
11116,2024-06-14,347.6,residential,New York
11117,2024-06-15,590.9,commercial,Georgia
11118,2024-06-16,449.2,residential,Illinois
11119,2024-06-17,664.5,commercial,Florida
11120,2024-06-18,389.4,residential,New York
11121,2024-06-19,697.3,commercial,Florida
11122,2024-06-20,1039.1,industrial,Florida
11123,2024-06-21,848.0,industrial,Ohio
11124,2024-06-22,673.5,commercial,Texas
11125,2024-06-23,380.1,residential,New York
11126,2024-06-24,683.3,commercial,Florida
11127,2024-06-25,761.8,industrial,New York
11128,2024-06-26,697.2,commercial,California
11129,2024-06-27,422.8,residential,New York
11130,2024-06-28,594.4,commercial,California
11131,2024-06-29,913.7,industrial,Ohio
11132,2024-06-30,898.1,industrial,New York
11133,2024-07-01,787.2,industrial,Georgia
11134,2024-07-02,780.0,commercial,Florida
11135,2024-07-03,943.2,industrial,Illinois
11136,2024-07-04,309.7,residential,Texas
11137,2024-07-05,639.0,commercial,Texas
11138,2024-07-06,427.0,residential,Florida
11139,2024-07-07,914.2,industrial,Florida
11140,2024-07-08,425.6,residential,New York
11141,2024-07-09,735.9,commercial,Texas
11142,2024-07-10,898.2,industrial,Illinois
11143,2024-07-11,929.4,industrial,Illinois
11144,2024-07-12,901.0,industrial,Florida
11145,2024-07-13,393.8,residential,California
11146,2024-07-14,766.6,industrial,Georgia
11147,2024-07-15,650.2,commercial,New York
11148,2024-07-16,515.4,residential,Florida
11149,2024-07-17,881.6,industrial,New York
11150,2024-07-18,910.3,industrial,Texas
11151,2024-07-19,449.4,residential,Florida
11152,2024-07-20,525.0,residential,New York
11153,2024-07-21,842.5,industrial,Georgia
11154,2024-07-22,717.0,commercial,New York
11155,2024-07-23,357.9,residential,New York
11156,2024-07-24,768.7,commercial,Ohio
11157,2024-07-25,640.3,commercial,New York
11158,2024-07-26,1002.9,industrial,Ohio
11159,2024-07-27,742.3,commercial,Georgia
11160,2024-07-28,749.4,industrial,Texas
11161,2024-07-29,396.4,residential,Ohio
11162,2024-07-30,938.0,industrial,New York
11163,2024-07-31,402.7,residential,Texas
11164,2024-08-01,715.5,commercial,Florida
11165,2024-08-02,526.3,commercial,Florida
11166,2024-08-03,783.6,industrial,Texas
11167,2024-08-04,887.7,industrial,Georgia
11168,2024-08-05,732.1,commercial,Georgia
11169,2024-08-06,701.7,commercial,New York
11170,2024-08-07,703.2,commercial,Illinois
11171,2024-08-08,377.9,residential,Georgia
11172,2024-08-09,647.7,commercial,Ohio
11173,2024-08-10,668.9,commercial,Florida
11174,2024-08-11,917.5,industrial,Ohio
11175,2024-08-12,308.2,residential,Illinois
11176,2024-08-13,887.8,industrial,Texas
11177,2024-08-14,689.1,commercial,Texas
11178,2024-08-15,891.3,industrial,Texas
11179,2024-08-16,653.0,commercial,Florida
11180,2024-08-17,662.7,commercial,Florida
11181,2024-08-18,627.3,commercial,Illinois
11182,2024-08-19,659.1,commercial,California
11183,2024-08-20,382.8,residential,Florida
11184,2024-08-21,609.9,commercial,Ohio
11185,2024-08-22,368.2,residential,New York
11186,2024-08-23,927.3,industrial,Illinois
11187,2024-08-24,940.5,industrial,Florida
11188,2024-08-25,1058.0,industrial,Georgia
11189,2024-08-26,918.2,industrial,Texas
11190,2024-08-27,647.0,commercial,Georgia
11191,2024-08-28,623.2,commercial,New York
11192,2024-08-29,874.7,industrial,New York
11193,2024-08-30,905.9,industrial,California
11194,2024-08-31,948.0,industrial,Florida
11195,2024-09-01,383.3,residential,Georgia
11196,2024-09-02,968.1,industrial,California
11197,2024-09-03,852.5,industrial,Ohio
11198,2024-09-04,910.1,industrial,California
11199,2024-09-05,935.7,industrial,California
11200,2024-09-06,637.8,commercial,Florida
11201,2024-09-07,940.4,industrial,Georgia
11202,2024-09-08,372.6,residential,Florida
11203,2024-09-09,421.5,residential,Texas
11204,2024-09-10,403.5,residential,Illinois
11205,2024-09-11,554.7,commercial,Florida
11206,2024-09-12,655.0,commercial,Florida
11207,2024-09-13,718.4,commercial,New York
11208,2024-09-14,834.3,industrial,Ohio
11209,2024-09-15,889.5,industrial,Ohio
11210,2024-09-16,419.6,residential,New York
11211,2024-09-17,867.6,industrial,California
11212,2024-09-18,934.4,industrial,Illinois
11213,2024-09-19,577.7,commercial,Texas
11214,2024-09-20,586.7,commercial,California
11215,2024-09-21,963.5,industrial,Georgia
11216,2024-09-22,967.8,industrial,Texas
11217,2024-09-23,592.0,commercial,Florida
11218,2024-09-24,852.0,industrial,New York
11219,2024-09-25,393.6,residential,New York
11220,2024-09-26,423.2,residential,Illinois
11221,2024-09-27,639.9,commercial,Texas
11222,2024-09-28,926.4,industrial,Ohio
11223,2024-09-29,608.5,commercial,Florida
11224,2024-09-30,604.5,commercial,California
11225,2024-10-01,383.2,residential,Illinois
11226,2024-10-02,326.2,residential,Florida
11227,2024-10-03,467.1,residential,Illinois
11228,2024-10-04,753.6,commercial,California
11229,2024-10-05,843.4,industrial,Georgia
11230,2024-10-06,905.4,industrial,Florida
11231,2024-10-07,919.6,industrial,New York
11232,2024-10-08,336.0,residential,Illinois
11233,2024-10-09,939.6,industrial,Illinois
11234,2024-10-10,930.0,industrial,New York
11235,2024-10-11,340.8,residential,California
11236,2024-10-12,1023.7,industrial,Georgia
11237,2024-10-13,694.9,commercial,Illinois
11238,2024-10-14,923.9,industrial,Florida
11239,2024-10-15,840.9,industrial,Illinois
11240,2024-10-16,551.8,commercial,California
11241,2024-10-17,867.7,industrial,Ohio
11242,2024-10-18,534.9,commercial,Florida
11243,2024-10-19,939.4,industrial,Texas
11244,2024-10-20,309.4,residential,New York
11245,2024-10-21,873.0,industrial,California
11246,2024-10-22,920.8,industrial,California
11247,2024-10-23,856.8,industrial,Ohio
11248,2024-10-24,363.1,residential,Ohio
11249,2024-10-25,734.4,commercial,Ohio
11250,2024-10-26,729.4,commercial,Illinois
11251,2024-10-27,385.9,residential,New York
11252,2024-10-28,388.3,residential,Illinois
11253,2024-10-29,960.3,industrial,New York
11254,2024-10-30,883.4,industrial,Florida
11255,2024-10-31,1085.8,industrial,Ohio
11256,2024-11-01,937.0,industrial,California
11257,2024-11-02,283.1,residential,Florida
11258,2024-11-03,901.4,industrial,California
11259,2024-11-04,625.8,commercial,Florida
11260,2024-11-05,584.5,commercial,Illinois
11261,2024-11-06,687.2,commercial,California
11262,2024-11-07,763.8,commercial,Illinois
11263,2024-11-08,882.8,industrial,California
11264,2024-11-09,914.4,industrial,Texas
11265,2024-11-10,869.7,industrial,Illinois
11266,2024-11-11,610.7,commercial,New York
11267,2024-11-12,664.8,commercial,New York
11268,2024-11-13,362.7,residential,Georgia
11269,2024-11-14,661.4,commercial,Ohio
11270,2024-11-15,948.1,industrial,Florida
11271,2024-11-16,879.2,industrial,Georgia
11272,2024-11-17,682.8,commercial,New York
11273,2024-11-18,688.1,commercial,California
11274,2024-11-19,1017.2,industrial,Texas
11275,2024-11-20,661.2,commercial,New York
11276,2024-11-21,487.9,residential,Illinois
11277,2024-11-22,615.5,commercial,Illinois
11278,2024-11-23,504.7,residential,New York
11279,2024-11-24,643.6,commercial,Ohio
11280,2024-11-25,316.7,residential,Florida
11281,2024-11-26,664.5,commercial,Florida
11282,2024-11-27,654.3,commercial,Georgia
11283,2024-11-28,820.8,industrial,Florida
11284,2024-11-29,737.1,commercial,Ohio
11285,2024-11-30,342.6,residential,Georgia
11286,2024-12-01,929.7,industrial,Ohio
11287,2024-12-02,644.1,commercial,Ohio
11288,2024-12-03,938.5,industrial,Illinois
11289,2024-12-04,516.2,residential,Florida
11290,2024-12-05,403.5,residential,Illinois
11291,2024-12-06,804.9,industrial,Ohio
11292,2024-12-07,911.5,industrial,Georgia
11293,2024-12-08,909.0,industrial,California
11294,2024-12-09,468.3,residential,Illinois
11295,2024-12-10,313.1,residential,Florida
11296,2024-12-11,938.4,industrial,Georgia
11297,2024-12-12,432.3,residential,Georgia
11298,2024-12-13,363.9,residential,California
11299,2024-12-14,398.2,residential,New York
11300,2024-12-15,737.1,commercial,Illinois
11301,2024-12-16,426.8,residential,New York
11302,2024-12-17,706.1,commercial,California
11303,2024-12-18,658.0,commercial,New York
11304,2024-12-19,656.2,commercial,Florida
11305,2024-12-20,915.2,industrial,Ohio
11306,2024-12-21,399.5,residential,Texas
11307,2024-12-22,805.0,industrial,Georgia
11308,2024-12-23,366.4,residential,Illinois
11309,2024-12-24,383.3,residential,California
11310,2024-12-25,478.4,residential,Illinois
11311,2024-12-26,871.9,industrial,Ohio
11312,2024-12-27,383.6,residential,Florida
11313,2024-12-28,640.8,commercial,Illinois
11314,2024-12-29,529.5,commercial,Georgia
11315,2024-12-30,403.6,residential,California
11316,2024-01-01,637.2,commercial,New York
11317,2024-01-02,594.9,commercial,California
11318,2024-01-03,840.7,industrial,Texas
11319,2024-01-04,593.5,commercial,Illinois
11320,2024-01-05,604.2,commercial,Illinois
11321,2024-01-06,725.5,commercial,California
11322,2024-01-07,792.4,industrial,Florida
11323,2024-01-08,315.1,residential,Georgia
11324,2024-01-09,646.9,commercial,Texas
11325,2024-01-10,761.1,industrial,California
11326,2024-01-11,993.0,industrial,Texas
11327,2024-01-12,888.3,industrial,Illinois
11328,2024-01-13,271.6,residential,Illinois
11329,2024-01-14,391.1,residential,Illinois
11330,2024-01-15,762.9,commercial,New York
11331,2024-01-16,656.6,commercial,Ohio
11332,2024-01-17,861.2,industrial,Georgia
11333,2024-01-18,375.4,residential,Florida
11334,2024-01-19,803.9,industrial,Texas
11335,2024-01-20,512.0,commercial,Illinois
11336,2024-01-21,383.6,residential,Illinois
11337,2024-01-22,483.8,residential,Texas
11338,2024-01-23,582.0,commercial,New York
11339,2024-01-24,443.5,residential,Ohio
11340,2024-01-25,803.7,industrial,Texas
11341,2024-01-26,922.7,industrial,Illinois
11342,2024-01-27,641.9,commercial,California
11343,2024-01-28,402.4,residential,Florida
11344,2024-01-29,986.4,industrial,Georgia
11345,2024-01-30,925.5,industrial,Ohio
11346,2024-01-31,422.6,residential,Florida
11347,2024-02-01,848.7,industrial,Texas
11348,2024-02-02,758.3,commercial,Illinois
11349,2024-02-03,424.1,residential,Ohio
11350,2024-02-04,878.5,industrial,Texas
11351,2024-02-05,683.3,commercial,Illinois
11352,2024-02-06,326.3,residential,California
11353,2024-02-07,335.1,residential,Georgia
11354,2024-02-08,497.5,commercial,Ohio
11355,2024-02-09,890.8,industrial,Ohio
11356,2024-02-10,711.6,commercial,Georgia
11357,2024-02-11,753.2,commercial,Florida
11358,2024-02-12,570.2,commercial,Texas
11359,2024-02-13,347.2,residential,Florida
11360,2024-02-14,393.7,residential,Illinois
11361,2024-02-15,855.9,industrial,Ohio
11362,2024-02-16,385.1,residential,Florida
11363,2024-02-17,716.9,commercial,California
11364,2024-02-18,499.1,residential,Illinois
11365,2024-02-19,416.6,residential,New York
11366,2024-02-20,389.3,residential,New York
11367,2024-02-21,667.4,commercial,Georgia
11368,2024-02-22,555.5,commercial,Texas
11369,2024-02-23,927.0,industrial,Ohio
11370,2024-02-24,582.0,commercial,New York
11371,2024-02-25,306.6,residential,New York
11372,2024-02-26,889.9,industrial,Georgia
11373,2024-02-27,645.9,commercial,Georgia
11374,2024-02-28,416.7,residential,Florida
11375,2024-02-29,451.0,residential,Ohio
11376,2024-03-01,648.5,commercial,New York
11377,2024-03-02,562.2,commercial,Illinois
11378,2024-03-03,489.6,residential,Ohio
11379,2024-03-04,412.9,residential,Georgia
11380,2024-03-05,679.0,commercial,Texas
11381,2024-03-06,359.4,residential,Illinois
11382,2024-03-07,356.2,residential,Ohio
11383,2024-03-08,892.0,industrial,Florida
11384,2024-03-09,675.0,commercial,Ohio
11385,2024-03-10,580.8,commercial,Illinois
11386,2024-03-11,678.0,commercial,Florida
11387,2024-03-12,936.1,industrial,Illinois
11388,2024-03-13,972.8,industrial,New York
11389,2024-03-14,387.1,residential,Illinois
11390,2024-03-15,957.4,industrial,Illinois
11391,2024-03-16,786.5,commercial,Ohio
11392,2024-03-17,715.7,commercial,California
11393,2024-03-18,711.0,commercial,New York
11394,2024-03-19,383.2,residential,Illinois
11395,2024-03-20,393.0,residential,Texas
11396,2024-03-21,315.1,residential,Florida
11397,2024-03-22,710.4,commercial,New York
11398,2024-03-23,869.2,industrial,California
11399,2024-03-24,821.4,industrial,Texas
11400,2024-03-25,684.1,commercial,Texas
11401,2024-03-26,877.4,industrial,Georgia
11402,2024-03-27,431.1,residential,Georgia
11403,2024-03-28,685.4,commercial,Illinois
11404,2024-03-29,405.2,residential,Ohio
11405,2024-03-30,912.6,industrial,Florida
11406,2024-03-31,872.1,industrial,Ohio
11407,2024-04-01,361.0,residential,Texas
11408,2024-04-02,349.5,residential,Texas
11409,2024-04-03,813.0,industrial,Georgia
11410,2024-04-04,433.9,residential,Texas
11411,2024-04-05,890.6,industrial,Texas
11412,2024-04-06,626.9,commercial,California
11413,2024-04-07,882.0,industrial,Ohio
11414,2024-04-08,796.8,industrial,California
11415,2024-04-09,329.1,residential,Georgia
11416,2024-04-10,783.9,industrial,Ohio
11417,2024-04-11,562.7,commercial,New York
11418,2024-04-12,700.6,commercial,New York
11419,2024-04-13,681.0,commercial,California
11420,2024-04-14,338.4,residential,Ohio
11421,2024-04-15,684.0,commercial,Illinois
11422,2024-04-16,896.5,industrial,California
11423,2024-04-17,458.4,residential,Florida
11424,2024-04-18,598.5,commercial,New York
11425,2024-04-19,1003.5,industrial,Ohio
11426,2024-04-20,613.5,commercial,New York
11427,2024-04-21,407.2,residential,Florida
11428,2024-04-22,861.3,industrial,Georgia
11429,2024-04-23,655.5,commercial,Illinois
11430,2024-04-24,731.9,commercial,Florida
11431,2024-04-25,375.0,residential,California
11432,2024-04-26,588.0,commercial,Illinois
11433,2024-04-27,813.4,industrial,Florida
11434,2024-04-28,630.9,commercial,Georgia
11435,2024-04-29,761.2,commercial,Illinois
11436,2024-04-30,375.9,residential,California
11437,2024-05-01,474.4,residential,Texas
11438,2024-05-02,882.7,industrial,New York
11439,2024-05-03,816.5,industrial,New York
11440,2024-05-04,390.0,residential,Ohio
11441,2024-05-05,777.8,industrial,Illinois
11442,2024-05-06,405.8,residential,Florida
11443,2024-05-07,444.5,residential,California
11444,2024-05-08,500.7,residential,Illinois
11445,2024-05-09,476.7,commercial,New York
11446,2024-05-10,974.7,industrial,Texas
11447,2024-05-11,879.0,industrial,Illinois
11448,2024-05-12,471.4,residential,California
11449,2024-05-13,739.4,commercial,Florida
11450,2024-05-14,842.6,industrial,Illinois
11451,2024-05-15,577.3,commercial,Texas
11452,2024-05-16,721.2,commercial,Illinois
11453,2024-05-17,314.5,residential,Ohio
11454,2024-05-18,360.9,residential,Georgia
11455,2024-05-19,613.8,commercial,Texas
11456,2024-05-20,864.8,industrial,California
11457,2024-05-21,633.3,commercial,Illinois
11458,2024-05-22,588.1,commercial,Florida
11459,2024-05-23,456.6,residential,Illinois
11460,2024-05-24,882.7,industrial,Illinois
11461,2024-05-25,589.0,commercial,Florida
11462,2024-05-26,622.3,commercial,New York
11463,2024-05-27,378.4,residential,Georgia
11464,2024-05-28,414.2,residential,Texas
11465,2024-05-29,949.3,industrial,New York
11466,2024-05-30,949.9,industrial,California
11467,2024-05-31,870.3,industrial,Ohio
11468,2024-06-01,304.3,residential,California
11469,2024-06-02,620.6,commercial,New York
11470,2024-06-03,633.2,commercial,Illinois
11471,2024-06-04,359.4,residential,Texas
11472,2024-06-05,873.9,industrial,Florida
11473,2024-06-06,1033.1,industrial,Ohio
11474,2024-06-07,350.2,residential,Illinois
11475,2024-06-08,390.1,residential,Texas
11476,2024-06-09,927.0,industrial,Florida
11477,2024-06-10,416.9,residential,Georgia
11478,2024-06-11,597.6,commercial,Ohio
11479,2024-06-12,694.9,commercial,Georgia
11480,2024-06-13,583.9,commercial,Florida
11481,2024-06-14,351.0,residential,California
11482,2024-06-15,478.1,residential,Florida
11483,2024-06-16,505.1,residential,Illinois
11484,2024-06-17,645.6,commercial,Illinois
11485,2024-06-18,522.4,commercial,California
11486,2024-06-19,825.9,industrial,Florida
11487,2024-06-20,439.8,residential,Georgia
11488,2024-06-21,378.9,residential,Florida
11489,2024-06-22,928.7,industrial,Ohio
11490,2024-06-23,874.3,industrial,New York
11491,2024-06-24,1042.1,industrial,New York
11492,2024-06-25,471.9,residential,Texas
11493,2024-06-26,500.6,commercial,Texas
11494,2024-06-27,886.2,industrial,California
11495,2024-06-28,587.8,commercial,New York
11496,2024-06-29,416.7,residential,Georgia
11497,2024-06-30,371.3,residential,Ohio
11498,2024-07-01,901.9,industrial,Ohio
11499,2024-07-02,908.2,industrial,Texas
11500,2024-07-03,362.9,residential,Georgia
11501,2024-07-04,610.7,commercial,Texas
11502,2024-07-05,675.3,commercial,Georgia
11503,2024-07-06,376.1,residential,New York
11504,2024-07-07,691.3,commercial,California
11505,2024-07-08,381.0,residential,Florida
11506,2024-07-09,599.9,commercial,Texas
11507,2024-07-10,591.5,commercial,Texas
11508,2024-07-11,441.1,residential,Texas
11509,2024-07-12,674.7,commercial,Illinois
11510,2024-07-13,406.0,residential,Texas
11511,2024-07-14,964.8,industrial,Illinois
11512,2024-07-15,391.0,residential,California
11513,2024-07-16,895.4,industrial,Florida
11514,2024-07-17,389.0,residential,Illinois
11515,2024-07-18,795.6,industrial,Georgia
11516,2024-07-19,369.3,residential,California
11517,2024-07-20,898.8,industrial,Illinois
11518,2024-07-21,341.6,residential,Ohio
11519,2024-07-22,778.5,commercial,Illinois
11520,2024-07-23,923.6,industrial,California
11521,2024-07-24,413.4,residential,Illinois
11522,2024-07-25,786.9,industrial,New York
11523,2024-07-26,432.9,residential,Georgia
11524,2024-07-27,286.9,residential,Illinois
11525,2024-07-28,918.9,industrial,California
11526,2024-07-29,891.4,industrial,Florida
11527,2024-07-30,394.4,residential,New York
11528,2024-07-31,663.3,commercial,Ohio
11529,2024-08-01,974.2,industrial,Illinois
11530,2024-08-02,345.4,residential,Texas
11531,2024-08-03,705.3,commercial,Florida
11532,2024-08-04,909.8,industrial,Texas
11533,2024-08-05,421.2,residential,Georgia
11534,2024-08-06,597.8,commercial,Ohio
11535,2024-08-07,466.3,residential,California
11536,2024-08-08,866.3,industrial,Florida
11537,2024-08-09,717.8,commercial,Illinois
11538,2024-08-10,526.7,residential,Florida
11539,2024-08-11,380.4,residential,Georgia
11540,2024-08-12,563.1,commercial,Illinois
11541,2024-08-13,570.4,commercial,Illinois
11542,2024-08-14,340.0,residential,Georgia
11543,2024-08-15,338.8,residential,Illinois
11544,2024-08-16,797.7,industrial,Illinois
11545,2024-08-17,534.0,residential,Illinois
11546,2024-08-18,843.5,industrial,Texas
11547,2024-08-19,458.7,residential,Illinois
11548,2024-08-20,396.5,residential,Illinois
11549,2024-08-21,652.2,commercial,Ohio
11550,2024-08-22,358.9,residential,Florida
11551,2024-08-23,675.7,commercial,Georgia
11552,2024-08-24,608.7,commercial,Texas
11553,2024-08-25,799.7,industrial,Florida
11554,2024-08-26,711.5,commercial,Florida
11555,2024-08-27,660.5,commercial,Illinois
11556,2024-08-28,365.7,residential,Florida
11557,2024-08-29,718.4,commercial,Florida
11558,2024-08-30,961.4,industrial,Florida
11559,2024-08-31,953.6,industrial,Georgia
11560,2024-09-01,844.5,industrial,Florida
11561,2024-09-02,924.9,industrial,Florida
11562,2024-09-03,477.3,residential,Florida
11563,2024-09-04,948.2,industrial,California
11564,2024-09-05,912.3,industrial,California
11565,2024-09-06,666.0,commercial,New York
11566,2024-09-07,623.6,commercial,Ohio
11567,2024-09-08,965.1,industrial,New York
11568,2024-09-09,673.3,commercial,Florida
11569,2024-09-10,338.2,residential,Illinois
11570,2024-09-11,992.0,industrial,Georgia
11571,2024-09-12,502.1,residential,Georgia
11572,2024-09-13,699.9,commercial,Illinois
11573,2024-09-14,960.9,industrial,Florida
11574,2024-09-15,935.7,industrial,California
11575,2024-09-16,889.5,industrial,Ohio
11576,2024-09-17,612.0,commercial,Ohio
11577,2024-09-18,962.0,industrial,Georgia
11578,2024-09-19,478.1,residential,California
11579,2024-09-20,842.8,industrial,California
11580,2024-09-21,939.8,industrial,Ohio
11581,2024-09-22,336.3,residential,Illinois
11582,2024-09-23,435.1,residential,Texas
11583,2024-09-24,928.5,industrial,Georgia
11584,2024-09-25,847.4,industrial,Illinois
11585,2024-09-26,433.3,residential,Texas
11586,2024-09-27,342.0,residential,Florida
11587,2024-09-28,450.0,residential,Florida
11588,2024-09-29,929.3,industrial,Ohio
11589,2024-09-30,414.5,residential,New York
11590,2024-10-01,357.6,residential,Georgia
11591,2024-10-02,436.0,residential,Texas
11592,2024-10-03,581.7,commercial,Ohio
11593,2024-10-04,493.0,residential,New York
11594,2024-10-05,258.8,residential,California
11595,2024-10-06,827.8,industrial,Florida
11596,2024-10-07,511.6,residential,Illinois
11597,2024-10-08,887.3,industrial,Georgia
11598,2024-10-09,649.9,commercial,California
11599,2024-10-10,504.4,residential,Georgia
11600,2024-10-11,301.5,residential,Texas
11601,2024-10-12,855.1,industrial,Georgia
11602,2024-10-13,937.7,industrial,Georgia
11603,2024-10-14,426.0,residential,Ohio
11604,2024-10-15,436.2,residential,Georgia
11605,2024-10-16,321.4,residential,Illinois
11606,2024-10-17,414.5,residential,Illinois
11607,2024-10-18,650.4,commercial,Texas
11608,2024-10-19,948.6,industrial,California
11609,2024-10-20,335.4,residential,Florida
11610,2024-10-21,1004.3,industrial,Florida
11611,2024-10-22,913.4,industrial,Texas
11612,2024-10-23,399.0,residential,Florida
11613,2024-10-24,788.4,industrial,Texas
11614,2024-10-25,882.7,industrial,Illinois
11615,2024-10-26,621.8,commercial,Georgia
11616,2024-10-27,885.9,industrial,New York
11617,2024-10-28,855.2,industrial,New York
11618,2024-10-29,408.2,residential,Florida
11619,2024-10-30,347.6,residential,Illinois
11620,2024-10-31,438.3,residential,Georgia
11621,2024-11-01,345.3,residential,Georgia
11622,2024-11-02,357.1,residential,Ohio
11623,2024-11-03,785.4,industrial,Illinois
11624,2024-11-04,743.6,commercial,California
11625,2024-11-05,897.7,industrial,Ohio
11626,2024-11-06,495.8,residential,New York
11627,2024-11-07,998.9,industrial,New York
11628,2024-11-08,305.0,residential,Florida
11629,2024-11-09,834.4,industrial,Florida
11630,2024-11-10,714.9,commercial,New York
11631,2024-11-11,641.3,commercial,New York
11632,2024-11-12,831.4,industrial,Ohio
11633,2024-11-13,443.2,residential,Texas
11634,2024-11-14,421.4,residential,Illinois
11635,2024-11-15,883.5,industrial,California
11636,2024-11-16,416.3,residential,Ohio
11637,2024-11-17,633.9,commercial,Ohio
11638,2024-11-18,604.9,commercial,Florida
11639,2024-11-19,343.9,residential,New York
11640,2024-11-20,652.2,commercial,California
11641,2024-11-21,882.2,industrial,California
11642,2024-11-22,954.0,industrial,California
11643,2024-11-23,852.6,industrial,New York
11644,2024-11-24,927.3,industrial,Ohio
11645,2024-11-25,890.4,industrial,California
11646,2024-11-26,986.2,industrial,Texas
11647,2024-11-27,916.7,industrial,Georgia
11648,2024-11-28,892.8,industrial,Ohio
11649,2024-11-29,861.6,industrial,Florida
11650,2024-11-30,624.8,commercial,New York
11651,2024-12-01,735.9,commercial,California
11652,2024-12-02,545.7,commercial,Georgia
11653,2024-12-03,487.0,residential,Florida
11654,2024-12-04,359.1,residential,California
11655,2024-12-05,592.4,commercial,California
11656,2024-12-06,791.5,commercial,Texas
11657,2024-12-07,736.2,commercial,Illinois
11658,2024-12-08,880.7,industrial,Illinois
11659,2024-12-09,621.7,commercial,New York
11660,2024-12-10,635.2,commercial,New York
11661,2024-12-11,631.1,commercial,Florida
11662,2024-12-12,1001.9,industrial,New York
11663,2024-12-13,556.5,commercial,California
11664,2024-12-14,783.6,industrial,Florida
11665,2024-12-15,858.8,industrial,New York
11666,2024-12-16,528.0,residential,Ohio
11667,2024-12-17,614.1,commercial,Georgia
11668,2024-12-18,1014.9,industrial,New York
11669,2024-12-19,949.1,industrial,California
11670,2024-12-20,946.5,industrial,Georgia
11671,2024-12-21,375.7,residential,Ohio
11672,2024-12-22,530.2,commercial,Ohio
11673,2024-12-23,631.2,commercial,New York
11674,2024-12-24,793.3,industrial,Georgia
11675,2024-12-25,352.1,residential,Georgia
11676,2024-12-26,574.7,commercial,California
11677,2024-12-27,411.1,residential,California
11678,2024-12-28,924.4,industrial,Texas
11679,2024-12-29,1027.1,industrial,New York
11680,2024-12-30,371.0,residential,California
11681,2024-01-01,598.1,commercial,Texas
11682,2024-01-02,962.5,industrial,Texas
11683,2024-01-03,370.6,residential,New York
11684,2024-01-04,892.6,industrial,Illinois
11685,2024-01-05,720.3,commercial,New York
11686,2024-01-06,638.7,commercial,Florida
11687,2024-01-07,562.1,commercial,Illinois
11688,2024-01-08,978.5,industrial,Georgia
11689,2024-01-09,312.4,residential,New York
11690,2024-01-10,890.4,industrial,Ohio
11691,2024-01-11,855.2,industrial,Florida
11692,2024-01-12,658.0,commercial,Illinois
11693,2024-01-13,461.0,residential,New York
11694,2024-01-14,714.1,commercial,Ohio
11695,2024-01-15,734.1,commercial,Illinois
11696,2024-01-16,853.4,industrial,Florida
11697,2024-01-17,629.0,commercial,Florida
11698,2024-01-18,737.9,commercial,Georgia
11699,2024-01-19,651.8,commercial,Florida
11700,2024-01-20,572.7,commercial,New York
11701,2024-01-21,641.1,commercial,Illinois
11702,2024-01-22,969.0,industrial,California
11703,2024-01-23,895.8,industrial,Illinois
11704,2024-01-24,648.9,commercial,California
11705,2024-01-25,334.5,residential,Florida
11706,2024-01-26,468.7,residential,Ohio
11707,2024-01-27,352.4,residential,Texas
11708,2024-01-28,342.4,residential,Texas
11709,2024-01-29,656.8,commercial,California
11710,2024-01-30,399.5,residential,Illinois
11711,2024-01-31,951.7,industrial,New York
11712,2024-02-01,868.1,industrial,California
11713,2024-02-02,317.8,residential,Florida
11714,2024-02-03,609.1,commercial,Georgia
11715,2024-02-04,486.3,commercial,Illinois
11716,2024-02-05,347.2,residential,Texas
11717,2024-02-06,897.7,industrial,New York
11718,2024-02-07,603.3,commercial,California
11719,2024-02-08,497.7,residential,Florida
11720,2024-02-09,884.7,industrial,Georgia
11721,2024-02-10,729.1,commercial,Ohio
11722,2024-02-11,399.3,residential,Florida
11723,2024-02-12,297.6,residential,New York
11724,2024-02-13,354.8,residential,Florida
11725,2024-02-14,394.7,residential,Ohio
11726,2024-02-15,618.7,commercial,Florida
11727,2024-02-16,558.0,commercial,Illinois
11728,2024-02-17,619.0,commercial,Ohio
11729,2024-02-18,301.6,residential,California
11730,2024-02-19,882.4,industrial,Illinois
11731,2024-02-20,988.0,industrial,Illinois
11732,2024-02-21,321.1,residential,Georgia
11733,2024-02-22,924.0,industrial,Illinois
11734,2024-02-23,570.7,commercial,Florida
11735,2024-02-24,1040.7,industrial,Illinois
11736,2024-02-25,614.4,commercial,Texas
11737,2024-02-26,479.8,residential,Georgia
11738,2024-02-27,675.5,commercial,New York
11739,2024-02-28,635.1,commercial,New York
11740,2024-02-29,375.5,residential,Illinois
11741,2024-03-01,641.0,commercial,Florida
11742,2024-03-02,642.5,commercial,Florida
11743,2024-03-03,656.7,commercial,Georgia
11744,2024-03-04,591.9,commercial,Florida
11745,2024-03-05,933.8,industrial,Texas
11746,2024-03-06,925.0,industrial,California
11747,2024-03-07,441.0,residential,Georgia
11748,2024-03-08,465.4,residential,Florida
11749,2024-03-09,827.3,industrial,Ohio
11750,2024-03-10,575.0,commercial,New York
11751,2024-03-11,242.5,residential,Florida
11752,2024-03-12,426.8,residential,Illinois
11753,2024-03-13,308.1,residential,Florida
11754,2024-03-14,837.9,industrial,Georgia
11755,2024-03-15,679.8,commercial,Texas
11756,2024-03-16,928.0,industrial,Illinois
11757,2024-03-17,342.5,residential,Georgia
11758,2024-03-18,702.1,commercial,California
11759,2024-03-19,1004.0,industrial,Florida
11760,2024-03-20,473.3,residential,California
11761,2024-03-21,569.9,commercial,Florida
11762,2024-03-22,1008.8,industrial,New York
11763,2024-03-23,365.9,residential,New York
11764,2024-03-24,924.9,industrial,Illinois
11765,2024-03-25,645.9,commercial,Texas
11766,2024-03-26,367.7,residential,Illinois
11767,2024-03-27,362.2,residential,Ohio
11768,2024-03-28,466.9,residential,Georgia
11769,2024-03-29,527.7,commercial,Illinois
11770,2024-03-30,600.2,commercial,California
11771,2024-03-31,768.8,industrial,Georgia
11772,2024-04-01,849.9,industrial,Illinois
11773,2024-04-02,890.9,industrial,Texas
11774,2024-04-03,502.0,residential,New York
11775,2024-04-04,721.9,commercial,New York
11776,2024-04-05,661.5,commercial,Ohio
11777,2024-04-06,893.3,industrial,Ohio
11778,2024-04-07,944.8,industrial,Illinois
11779,2024-04-08,676.5,commercial,Texas
11780,2024-04-09,945.3,industrial,Texas
11781,2024-04-10,748.4,commercial,California
11782,2024-04-11,594.5,commercial,Ohio
11783,2024-04-12,909.7,industrial,New York
11784,2024-04-13,361.4,residential,California
11785,2024-04-14,523.0,commercial,California
11786,2024-04-15,845.9,industrial,New York
11787,2024-04-16,319.3,residential,Ohio
11788,2024-04-17,620.2,commercial,Texas
11789,2024-04-18,798.5,industrial,Georgia
11790,2024-04-19,682.8,commercial,Florida
11791,2024-04-20,563.1,commercial,California
11792,2024-04-21,371.7,residential,Georgia
11793,2024-04-22,362.7,residential,California
11794,2024-04-23,905.9,industrial,Ohio
11795,2024-04-24,651.8,commercial,Ohio
11796,2024-04-25,607.5,commercial,Illinois
11797,2024-04-26,387.6,residential,New York
11798,2024-04-27,448.4,residential,Illinois
11799,2024-04-28,869.5,industrial,Texas
11800,2024-04-29,938.1,industrial,Florida
11801,2024-04-30,480.8,residential,Texas
11802,2024-05-01,841.7,industrial,California
11803,2024-05-02,401.1,residential,California
11804,2024-05-03,694.6,commercial,Texas
11805,2024-05-04,875.6,industrial,Ohio
11806,2024-05-05,817.2,industrial,Texas
11807,2024-05-06,410.1,residential,Florida
11808,2024-05-07,845.6,industrial,Ohio
11809,2024-05-08,603.3,commercial,Illinois
11810,2024-05-09,610.8,commercial,Texas
11811,2024-05-10,379.1,residential,Illinois
11812,2024-05-11,445.8,residential,Texas
11813,2024-05-12,851.4,industrial,Illinois
11814,2024-05-13,954.7,industrial,New York
11815,2024-05-14,374.4,residential,Ohio
11816,2024-05-15,856.9,industrial,Georgia
11817,2024-05-16,420.6,residential,Ohio
11818,2024-05-17,975.3,industrial,California
11819,2024-05-18,850.0,industrial,Illinois
11820,2024-05-19,937.8,industrial,Georgia
11821,2024-05-20,482.0,residential,Illinois
11822,2024-05-21,317.0,residential,Illinois
11823,2024-05-22,879.6,industrial,New York
11824,2024-05-23,323.7,residential,Illinois
11825,2024-05-24,378.6,residential,New York
11826,2024-05-25,865.2,industrial,Florida
11827,2024-05-26,398.6,residential,Georgia
11828,2024-05-27,411.3,residential,Illinois
11829,2024-05-28,590.9,commercial,Illinois
11830,2024-05-29,988.9,industrial,Ohio
11831,2024-05-30,644.0,commercial,Georgia
11832,2024-05-31,637.6,commercial,Illinois
11833,2024-06-01,906.2,industrial,New York
11834,2024-06-02,905.4,industrial,New York
11835,2024-06-03,797.4,commercial,Texas
11836,2024-06-04,518.2,commercial,Illinois
11837,2024-06-05,804.2,industrial,Ohio
11838,2024-06-06,953.5,industrial,Illinois
11839,2024-06-07,958.0,industrial,Florida
11840,2024-06-08,366.7,residential,New York
11841,2024-06-09,1005.4,industrial,Ohio
11842,2024-06-10,624.8,commercial,Ohio
11843,2024-06-11,636.3,commercial,New York
11844,2024-06-12,865.9,industrial,Illinois
11845,2024-06-13,368.7,residential,Georgia
11846,2024-06-14,380.3,residential,New York
11847,2024-06-15,918.2,industrial,Georgia
11848,2024-06-16,612.8,commercial,Florida
11849,2024-06-17,399.9,residential,Georgia
11850,2024-06-18,687.9,commercial,California
11851,2024-06-19,338.9,residential,Illinois
11852,2024-06-20,667.2,commercial,Florida
11853,2024-06-21,380.7,residential,Florida
11854,2024-06-22,558.4,commercial,Texas
11855,2024-06-23,726.6,commercial,Illinois
11856,2024-06-24,872.3,industrial,California
11857,2024-06-25,390.6,residential,Ohio
11858,2024-06-26,667.4,commercial,Illinois
11859,2024-06-27,1022.8,industrial,Texas
11860,2024-06-28,672.6,commercial,Illinois
11861,2024-06-29,431.6,residential,California
11862,2024-06-30,597.8,commercial,Illinois
11863,2024-07-01,401.0,residential,Georgia
11864,2024-07-02,686.7,commercial,Ohio
11865,2024-07-03,858.9,industrial,Georgia
11866,2024-07-04,613.0,commercial,New York
11867,2024-07-05,269.2,residential,Florida
11868,2024-07-06,423.8,residential,Illinois
11869,2024-07-07,630.7,commercial,New York
11870,2024-07-08,640.6,commercial,Georgia
11871,2024-07-09,846.0,industrial,Ohio
11872,2024-07-10,495.6,residential,Florida
11873,2024-07-11,740.8,commercial,Illinois
11874,2024-07-12,994.8,industrial,New York
11875,2024-07-13,806.3,industrial,Ohio
11876,2024-07-14,633.4,commercial,Georgia
11877,2024-07-15,969.9,industrial,New York
11878,2024-07-16,797.4,commercial,New York
11879,2024-07-17,877.3,industrial,Georgia
11880,2024-07-18,495.7,residential,Florida
11881,2024-07-19,908.3,industrial,Ohio
11882,2024-07-20,861.2,industrial,Ohio
11883,2024-07-21,384.8,residential,Texas
11884,2024-07-22,278.9,residential,Texas
11885,2024-07-23,903.6,industrial,California
11886,2024-07-24,431.4,residential,Florida
11887,2024-07-25,385.8,residential,Texas
11888,2024-07-26,374.7,residential,Texas
11889,2024-07-27,388.1,residential,New York
11890,2024-07-28,409.3,residential,Texas
11891,2024-07-29,457.9,residential,Ohio
11892,2024-07-30,335.0,residential,Ohio
11893,2024-07-31,425.8,residential,Ohio
11894,2024-08-01,380.8,residential,California
11895,2024-08-02,370.0,residential,Ohio
11896,2024-08-03,593.0,commercial,Ohio
11897,2024-08-04,677.5,commercial,New York
11898,2024-08-05,663.9,commercial,New York
11899,2024-08-06,998.7,industrial,Illinois
11900,2024-08-07,927.2,industrial,California
11901,2024-08-08,910.5,industrial,Texas
11902,2024-08-09,596.4,commercial,Ohio
11903,2024-08-10,919.0,industrial,California
11904,2024-08-11,364.9,residential,California
11905,2024-08-12,940.7,industrial,Georgia
11906,2024-08-13,672.0,commercial,Texas
11907,2024-08-14,645.1,commercial,Ohio
11908,2024-08-15,870.5,industrial,Illinois
11909,2024-08-16,898.2,industrial,Illinois
11910,2024-08-17,707.9,commercial,Georgia
11911,2024-08-18,319.2,residential,California
11912,2024-08-19,791.3,industrial,Ohio
11913,2024-08-20,457.5,residential,Ohio
11914,2024-08-21,350.8,residential,Illinois
11915,2024-08-22,652.2,commercial,Illinois
11916,2024-08-23,931.0,industrial,California
11917,2024-08-24,948.6,industrial,Texas
11918,2024-08-25,322.3,residential,Georgia
11919,2024-08-26,925.4,industrial,Ohio
11920,2024-08-27,655.0,commercial,Florida
11921,2024-08-28,301.7,residential,California
11922,2024-08-29,419.0,residential,Texas
11923,2024-08-30,617.6,commercial,California
11924,2024-08-31,580.5,commercial,Texas
11925,2024-09-01,625.9,commercial,Florida
11926,2024-09-02,977.6,industrial,New York
11927,2024-09-03,541.9,commercial,Florida
11928,2024-09-04,413.4,residential,Ohio
11929,2024-09-05,952.1,industrial,New York
11930,2024-09-06,1072.3,industrial,California
11931,2024-09-07,470.3,residential,Illinois
11932,2024-09-08,950.2,industrial,Florida
11933,2024-09-09,942.7,industrial,Ohio
11934,2024-09-10,732.6,commercial,Georgia
11935,2024-09-11,839.4,industrial,Illinois
11936,2024-09-12,971.0,industrial,California
11937,2024-09-13,729.5,commercial,Florida
11938,2024-09-14,771.9,commercial,Ohio
11939,2024-09-15,414.1,residential,Florida
11940,2024-09-16,583.7,commercial,California
11941,2024-09-17,671.9,commercial,Georgia
11942,2024-09-18,475.0,residential,Florida
11943,2024-09-19,633.3,commercial,Georgia
11944,2024-09-20,721.9,commercial,Georgia
11945,2024-09-21,428.5,residential,New York
11946,2024-09-22,860.5,industrial,Florida
11947,2024-09-23,377.4,residential,California
11948,2024-09-24,650.1,commercial,Georgia
11949,2024-09-25,1013.8,industrial,Ohio
11950,2024-09-26,880.5,industrial,New York
11951,2024-09-27,475.9,residential,California
11952,2024-09-28,575.6,commercial,Illinois
11953,2024-09-29,826.3,industrial,New York
11954,2024-09-30,844.7,industrial,Texas
11955,2024-10-01,443.5,residential,New York
11956,2024-10-02,359.7,residential,Ohio
11957,2024-10-03,850.7,industrial,Georgia
11958,2024-10-04,671.1,commercial,Illinois
11959,2024-10-05,372.4,residential,New York
11960,2024-10-06,616.4,commercial,Illinois
11961,2024-10-07,312.0,residential,Ohio
11962,2024-10-08,741.2,commercial,Florida
11963,2024-10-09,890.3,industrial,California
11964,2024-10-10,363.5,residential,Illinois
11965,2024-10-11,850.9,industrial,California
11966,2024-10-12,726.0,commercial,Florida
11967,2024-10-13,474.4,residential,Florida
11968,2024-10-14,987.1,industrial,California
11969,2024-10-15,442.6,residential,Ohio
11970,2024-10-16,622.2,commercial,Ohio
11971,2024-10-17,561.5,commercial,Illinois
11972,2024-10-18,447.2,residential,Ohio
11973,2024-10-19,875.2,industrial,Ohio
11974,2024-10-20,503.4,residential,Georgia
11975,2024-10-21,365.5,residential,New York
11976,2024-10-22,629.5,commercial,Georgia
11977,2024-10-23,656.6,commercial,California
11978,2024-10-24,994.1,industrial,Texas
11979,2024-10-25,420.1,residential,Texas
11980,2024-10-26,1014.7,industrial,Georgia
11981,2024-10-27,1012.5,industrial,New York
11982,2024-10-28,425.6,residential,Georgia
11983,2024-10-29,292.2,residential,Georgia
11984,2024-10-30,396.0,residential,California
11985,2024-10-31,348.3,residential,Florida
11986,2024-11-01,642.8,commercial,New York
11987,2024-11-02,786.1,industrial,Florida
11988,2024-11-03,384.2,residential,Georgia
11989,2024-11-04,349.9,residential,Ohio
11990,2024-11-05,758.2,commercial,Illinois
11991,2024-11-06,452.3,residential,New York
11992,2024-11-07,623.9,commercial,Georgia
11993,2024-11-08,679.1,commercial,California
11994,2024-11-09,603.5,commercial,Ohio
11995,2024-11-10,991.2,industrial,Ohio
11996,2024-11-11,479.5,residential,New York
11997,2024-11-12,605.4,commercial,Florida
11998,2024-11-13,961.8,industrial,California
11999,2024-11-14,831.1,industrial,Texas
12000,2024-11-15,653.3,commercial,Ohio
12001,2024-11-16,980.9,industrial,Illinois
12002,2024-11-17,630.7,commercial,Ohio
12003,2024-11-18,955.6,industrial,Ohio
12004,2024-11-19,309.2,residential,Georgia
12005,2024-11-20,292.1,residential,Florida
12006,2024-11-21,570.0,commercial,California
12007,2024-11-22,842.5,industrial,Ohio
12008,2024-11-23,383.5,residential,New York
12009,2024-11-24,851.1,industrial,Ohio
12010,2024-11-25,601.6,commercial,Florida
12011,2024-11-26,751.6,industrial,California
12012,2024-11-27,435.5,residential,Illinois
12013,2024-11-28,679.9,commercial,New York
12014,2024-11-29,725.6,commercial,Georgia
12015,2024-11-30,888.2,industrial,Texas
12016,2024-12-01,679.6,commercial,California
12017,2024-12-02,930.7,industrial,Texas
12018,2024-12-03,678.2,commercial,Texas
12019,2024-12-04,792.2,industrial,Texas
12020,2024-12-05,468.2,residential,California
12021,2024-12-06,319.2,residential,Illinois
12022,2024-12-07,355.8,residential,Georgia
12023,2024-12-08,731.9,commercial,Georgia
12024,2024-12-09,697.9,commercial,Texas
12025,2024-12-10,823.8,industrial,Texas
12026,2024-12-11,638.3,commercial,Illinois
12027,2024-12-12,565.0,commercial,Ohio
12028,2024-12-13,922.5,industrial,Ohio
12029,2024-12-14,905.9,industrial,Georgia
12030,2024-12-15,789.5,industrial,Texas
12031,2024-12-16,695.8,commercial,California
12032,2024-12-17,378.7,residential,California
12033,2024-12-18,886.9,industrial,New York
12034,2024-12-19,368.8,residential,California
12035,2024-12-20,314.7,residential,Texas
12036,2024-12-21,911.8,industrial,Florida
12037,2024-12-22,442.1,residential,Texas
12038,2024-12-23,279.8,residential,Florida
12039,2024-12-24,926.1,industrial,Florida
12040,2024-12-25,764.1,industrial,California
12041,2024-12-26,521.3,residential,Ohio
12042,2024-12-27,873.3,industrial,Texas
12043,2024-12-28,431.6,residential,California
12044,2024-12-29,948.1,industrial,Illinois
12045,2024-12-30,681.4,commercial,Georgia
12046,2024-01-01,555.1,residential,Texas
12047,2024-01-02,868.9,industrial,Texas
12048,2024-01-03,568.1,commercial,California
12049,2024-01-04,605.5,commercial,Ohio
12050,2024-01-05,481.2,residential,Florida
12051,2024-01-06,648.6,commercial,Ohio
12052,2024-01-07,914.1,industrial,Ohio
12053,2024-01-08,355.1,residential,California
12054,2024-01-09,660.1,commercial,California
12055,2024-01-10,865.3,industrial,Georgia
12056,2024-01-11,901.8,industrial,Texas
12057,2024-01-12,639.4,commercial,California
12058,2024-01-13,594.4,commercial,New York
12059,2024-01-14,497.4,residential,Texas
12060,2024-01-15,691.0,commercial,Florida
12061,2024-01-16,591.6,commercial,Ohio
12062,2024-01-17,875.7,industrial,Georgia
12063,2024-01-18,360.6,residential,Ohio
12064,2024-01-19,442.1,residential,Ohio
12065,2024-01-20,633.3,commercial,California
12066,2024-01-21,497.9,residential,Illinois
12067,2024-01-22,483.6,commercial,Georgia
12068,2024-01-23,586.6,commercial,Illinois
12069,2024-01-24,649.3,commercial,California
12070,2024-01-25,888.3,industrial,Georgia
12071,2024-01-26,1019.8,industrial,New York
12072,2024-01-27,355.1,residential,Ohio
12073,2024-01-28,723.4,commercial,Illinois
12074,2024-01-29,1000.3,industrial,Georgia
12075,2024-01-30,444.1,residential,Ohio
12076,2024-01-31,393.4,residential,Ohio
12077,2024-02-01,646.5,commercial,Illinois
12078,2024-02-02,576.8,commercial,Georgia
12079,2024-02-03,413.3,residential,Texas
12080,2024-02-04,879.3,industrial,Georgia
12081,2024-02-05,474.7,residential,California
12082,2024-02-06,359.6,residential,New York
12083,2024-02-07,954.9,industrial,Florida
12084,2024-02-08,450.6,residential,Texas
12085,2024-02-09,834.9,industrial,Georgia
12086,2024-02-10,926.0,industrial,Florida
12087,2024-02-11,548.3,commercial,Illinois
12088,2024-02-12,920.8,industrial,Illinois
12089,2024-02-13,446.7,residential,New York
12090,2024-02-14,336.0,residential,Georgia
12091,2024-02-15,348.8,residential,Ohio
12092,2024-02-16,867.6,industrial,Texas
12093,2024-02-17,975.2,industrial,Florida
12094,2024-02-18,599.9,commercial,Ohio
12095,2024-02-19,994.4,industrial,Florida
12096,2024-02-20,343.1,residential,California
12097,2024-02-21,425.2,residential,California
12098,2024-02-22,663.8,commercial,Texas
12099,2024-02-23,611.1,commercial,California
12100,2024-02-24,916.3,industrial,Texas
12101,2024-02-25,383.7,residential,Illinois
12102,2024-02-26,337.9,residential,Ohio
12103,2024-02-27,440.2,residential,New York
12104,2024-02-28,935.6,industrial,Florida
12105,2024-02-29,663.7,commercial,Ohio
12106,2024-03-01,665.4,commercial,Illinois
12107,2024-03-02,902.4,industrial,New York
12108,2024-03-03,339.9,residential,Florida
12109,2024-03-04,962.2,industrial,Ohio
12110,2024-03-05,774.6,industrial,Illinois
12111,2024-03-06,633.5,commercial,California
12112,2024-03-07,520.4,commercial,Georgia
12113,2024-03-08,702.0,commercial,California
12114,2024-03-09,800.8,industrial,Texas
12115,2024-03-10,415.1,residential,Texas
12116,2024-03-11,597.9,commercial,Texas
12117,2024-03-12,648.5,commercial,Illinois
12118,2024-03-13,874.9,industrial,Ohio
12119,2024-03-14,798.2,industrial,Illinois
12120,2024-03-15,532.2,commercial,Illinois
12121,2024-03-16,281.3,residential,California
12122,2024-03-17,623.0,commercial,Ohio
12123,2024-03-18,1017.7,industrial,Georgia
12124,2024-03-19,578.8,commercial,Florida
12125,2024-03-20,345.1,residential,Georgia
12126,2024-03-21,387.3,residential,Florida
12127,2024-03-22,550.0,commercial,Georgia
12128,2024-03-23,631.8,commercial,New York
12129,2024-03-24,381.0,residential,Ohio
12130,2024-03-25,845.5,industrial,New York
12131,2024-03-26,964.5,industrial,Ohio
12132,2024-03-27,906.5,industrial,New York
12133,2024-03-28,914.1,industrial,Ohio
12134,2024-03-29,876.0,industrial,Florida
12135,2024-03-30,401.3,residential,Illinois
12136,2024-03-31,744.9,commercial,New York
12137,2024-04-01,297.7,residential,Florida
12138,2024-04-02,921.7,industrial,Illinois
12139,2024-04-03,703.1,commercial,New York
12140,2024-04-04,613.9,commercial,Texas
12141,2024-04-05,685.5,commercial,Ohio
12142,2024-04-06,407.8,residential,New York
12143,2024-04-07,467.4,residential,New York
12144,2024-04-08,841.5,industrial,Illinois
12145,2024-04-09,649.9,commercial,Texas
12146,2024-04-10,755.6,industrial,Georgia
12147,2024-04-11,881.9,industrial,Georgia
12148,2024-04-12,942.3,industrial,Ohio
12149,2024-04-13,1034.0,industrial,Illinois
12150,2024-04-14,438.9,residential,Illinois
12151,2024-04-15,186.8,residential,Illinois
12152,2024-04-16,389.8,residential,Texas
12153,2024-04-17,427.7,residential,Georgia
12154,2024-04-18,610.6,commercial,New York
12155,2024-04-19,911.1,industrial,Georgia
12156,2024-04-20,668.7,commercial,Ohio
12157,2024-04-21,414.9,residential,Florida
12158,2024-04-22,686.9,commercial,Texas
12159,2024-04-23,597.1,commercial,Florida
12160,2024-04-24,860.3,industrial,California
12161,2024-04-25,684.1,commercial,Florida
12162,2024-04-26,677.8,commercial,Florida
12163,2024-04-27,858.0,industrial,Illinois
12164,2024-04-28,707.2,commercial,Illinois
12165,2024-04-29,705.1,commercial,Illinois
12166,2024-04-30,437.1,residential,New York
12167,2024-05-01,536.9,commercial,Ohio
12168,2024-05-02,786.0,industrial,Texas
12169,2024-05-03,691.2,commercial,Texas
12170,2024-05-04,850.0,industrial,Illinois
12171,2024-05-05,448.9,residential,New York
12172,2024-05-06,498.6,residential,Texas
12173,2024-05-07,892.1,industrial,Ohio
12174,2024-05-08,904.5,industrial,New York
12175,2024-05-09,906.0,industrial,Illinois
12176,2024-05-10,922.1,industrial,Texas
12177,2024-05-11,702.8,commercial,Texas
12178,2024-05-12,753.6,commercial,Florida
12179,2024-05-13,668.2,commercial,Georgia
12180,2024-05-14,715.1,commercial,Georgia
12181,2024-05-15,646.8,commercial,Florida
12182,2024-05-16,929.5,industrial,Georgia
12183,2024-05-17,616.9,commercial,Georgia
12184,2024-05-18,261.3,residential,California
12185,2024-05-19,929.1,industrial,Texas
12186,2024-05-20,669.6,commercial,New York
12187,2024-05-21,396.9,residential,Georgia
12188,2024-05-22,857.4,industrial,Texas
12189,2024-05-23,355.4,residential,Ohio
12190,2024-05-24,437.8,residential,California
12191,2024-05-25,864.4,industrial,New York
12192,2024-05-26,415.3,residential,Georgia
12193,2024-05-27,355.8,residential,Illinois
12194,2024-05-28,698.4,commercial,Illinois
12195,2024-05-29,488.7,residential,California
12196,2024-05-30,364.8,residential,New York
12197,2024-05-31,830.3,industrial,Illinois
12198,2024-06-01,576.0,commercial,California
12199,2024-06-02,913.8,industrial,Texas
12200,2024-06-03,633.3,commercial,New York
12201,2024-06-04,356.0,residential,Texas
12202,2024-06-05,338.2,residential,Georgia
12203,2024-06-06,437.8,residential,Florida
12204,2024-06-07,401.3,residential,California
12205,2024-06-08,478.8,residential,Illinois
12206,2024-06-09,597.6,commercial,Ohio
12207,2024-06-10,357.6,residential,Georgia
12208,2024-06-11,660.4,commercial,California
12209,2024-06-12,470.1,residential,California
12210,2024-06-13,591.8,commercial,Ohio
12211,2024-06-14,629.7,commercial,Texas
12212,2024-06-15,319.4,residential,Texas
12213,2024-06-16,363.9,residential,Illinois
12214,2024-06-17,305.6,residential,Florida
12215,2024-06-18,659.0,commercial,Illinois
12216,2024-06-19,544.0,residential,California
12217,2024-06-20,625.6,commercial,Florida
12218,2024-06-21,684.1,commercial,Ohio
12219,2024-06-22,623.5,commercial,Ohio
12220,2024-06-23,457.3,residential,Ohio
12221,2024-06-24,697.7,commercial,Illinois
12222,2024-06-25,680.1,commercial,Florida
12223,2024-06-26,974.2,industrial,Illinois
12224,2024-06-27,384.8,residential,Georgia
12225,2024-06-28,446.4,residential,New York
12226,2024-06-29,541.0,commercial,Ohio
12227,2024-06-30,837.0,industrial,Florida
12228,2024-07-01,879.8,industrial,Florida
12229,2024-07-02,800.9,industrial,Georgia
12230,2024-07-03,831.5,industrial,New York
12231,2024-07-04,427.7,residential,Georgia
12232,2024-07-05,745.3,commercial,California
12233,2024-07-06,625.1,commercial,Georgia
12234,2024-07-07,907.3,industrial,Florida
12235,2024-07-08,410.9,residential,Florida
12236,2024-07-09,406.0,residential,New York
12237,2024-07-10,397.7,residential,Florida
12238,2024-07-11,619.2,commercial,Illinois
12239,2024-07-12,663.6,commercial,California
12240,2024-07-13,351.6,residential,Ohio
12241,2024-07-14,884.7,industrial,Ohio
12242,2024-07-15,592.1,commercial,Ohio
12243,2024-07-16,899.6,industrial,New York
12244,2024-07-17,440.2,residential,Ohio
12245,2024-07-18,879.9,industrial,Georgia
12246,2024-07-19,374.7,residential,Florida
12247,2024-07-20,919.6,industrial,Georgia
12248,2024-07-21,665.0,commercial,Illinois
12249,2024-07-22,307.3,residential,Florida
12250,2024-07-23,1044.2,industrial,Georgia
12251,2024-07-24,448.5,residential,Ohio
12252,2024-07-25,944.6,industrial,Georgia
12253,2024-07-26,436.3,residential,Illinois
12254,2024-07-27,484.4,residential,Florida
12255,2024-07-28,554.2,commercial,New York
12256,2024-07-29,822.5,industrial,Florida
12257,2024-07-30,586.1,commercial,Illinois
12258,2024-07-31,900.3,industrial,Ohio
12259,2024-08-01,766.8,industrial,Florida
12260,2024-08-02,350.0,residential,Florida
12261,2024-08-03,492.6,commercial,California
12262,2024-08-04,904.4,industrial,Florida
12263,2024-08-05,904.6,industrial,Illinois
12264,2024-08-06,582.6,commercial,New York
12265,2024-08-07,611.7,commercial,Texas
12266,2024-08-08,453.6,residential,Georgia
12267,2024-08-09,629.0,commercial,Texas
12268,2024-08-10,351.6,residential,Illinois
12269,2024-08-11,309.5,residential,Georgia
12270,2024-08-12,621.8,commercial,Florida
12271,2024-08-13,632.1,commercial,Florida
12272,2024-08-14,388.1,residential,Illinois
12273,2024-08-15,881.0,industrial,New York
12274,2024-08-16,343.8,residential,California
12275,2024-08-17,842.0,industrial,California
12276,2024-08-18,493.2,residential,Florida
12277,2024-08-19,478.2,residential,California
12278,2024-08-20,709.6,commercial,Texas
12279,2024-08-21,672.4,commercial,Illinois
12280,2024-08-22,911.5,industrial,California
12281,2024-08-23,289.1,residential,Illinois
12282,2024-08-24,654.9,commercial,Ohio
12283,2024-08-25,1028.6,industrial,Illinois
12284,2024-08-26,703.5,commercial,Georgia
12285,2024-08-27,954.2,industrial,Florida
12286,2024-08-28,382.6,residential,Texas
12287,2024-08-29,680.6,commercial,New York
12288,2024-08-30,439.6,residential,Texas
12289,2024-08-31,918.2,industrial,Texas
12290,2024-09-01,748.4,commercial,Illinois
12291,2024-09-02,568.6,commercial,Illinois
12292,2024-09-03,666.3,commercial,Illinois
12293,2024-09-04,949.9,industrial,California
12294,2024-09-05,715.7,commercial,California
12295,2024-09-06,408.8,residential,California
12296,2024-09-07,718.0,commercial,Georgia
12297,2024-09-08,548.1,commercial,Florida
12298,2024-09-09,344.8,residential,Texas
12299,2024-09-10,855.2,industrial,Ohio
12300,2024-09-11,1021.9,industrial,Illinois
12301,2024-09-12,659.2,commercial,Ohio
12302,2024-09-13,350.8,residential,Illinois
12303,2024-09-14,392.4,residential,Texas
12304,2024-09-15,895.3,industrial,Ohio
12305,2024-09-16,877.8,industrial,Florida
12306,2024-09-17,668.1,commercial,Ohio
12307,2024-09-18,858.2,industrial,Illinois
12308,2024-09-19,648.2,commercial,Texas
12309,2024-09-20,395.5,residential,Florida
12310,2024-09-21,868.3,industrial,Florida
12311,2024-09-22,399.2,residential,Ohio
12312,2024-09-23,477.6,residential,Florida
12313,2024-09-24,875.5,industrial,Ohio
12314,2024-09-25,943.6,industrial,Texas
12315,2024-09-26,372.2,residential,Florida
12316,2024-09-27,668.0,commercial,Illinois
12317,2024-09-28,435.0,residential,New York
12318,2024-09-29,889.3,industrial,Texas
12319,2024-09-30,414.8,residential,New York
12320,2024-10-01,806.4,industrial,California
12321,2024-10-02,625.6,commercial,Illinois
12322,2024-10-03,707.1,commercial,Ohio
12323,2024-10-04,662.6,commercial,Georgia
12324,2024-10-05,674.3,commercial,Georgia
12325,2024-10-06,822.6,industrial,Texas
12326,2024-10-07,807.7,industrial,Florida
12327,2024-10-08,539.8,residential,New York
12328,2024-10-09,616.5,commercial,Ohio
12329,2024-10-10,474.4,residential,Florida
12330,2024-10-11,579.1,commercial,Texas
12331,2024-10-12,388.4,residential,New York
12332,2024-10-13,638.4,commercial,Illinois
12333,2024-10-14,807.4,industrial,Ohio
12334,2024-10-15,370.0,residential,Ohio
12335,2024-10-16,684.5,commercial,Illinois
12336,2024-10-17,606.3,commercial,California
12337,2024-10-18,537.9,commercial,California
12338,2024-10-19,693.9,commercial,Florida
12339,2024-10-20,574.3,commercial,New York
12340,2024-10-21,636.4,commercial,Texas
12341,2024-10-22,625.0,commercial,Illinois
12342,2024-10-23,873.0,industrial,Illinois
12343,2024-10-24,400.3,residential,Florida
12344,2024-10-25,259.0,residential,Texas
12345,2024-10-26,688.9,commercial,Texas
12346,2024-10-27,854.1,industrial,New York
12347,2024-10-28,825.0,industrial,Georgia
12348,2024-10-29,733.4,commercial,Georgia
12349,2024-10-30,496.8,residential,Florida
12350,2024-10-31,631.1,commercial,New York
12351,2024-11-01,710.5,commercial,New York
12352,2024-11-02,673.1,commercial,Georgia
12353,2024-11-03,917.5,industrial,Georgia
12354,2024-11-04,640.9,commercial,California
12355,2024-11-05,447.9,residential,Illinois
12356,2024-11-06,915.4,industrial,New York
12357,2024-11-07,333.1,residential,Florida
12358,2024-11-08,421.7,residential,Georgia
12359,2024-11-09,362.1,residential,Texas
12360,2024-11-10,691.3,commercial,Illinois
12361,2024-11-11,1002.6,industrial,New York
12362,2024-11-12,923.9,industrial,Ohio
12363,2024-11-13,614.7,commercial,Illinois
12364,2024-11-14,907.4,industrial,Texas
12365,2024-11-15,401.3,residential,California
12366,2024-11-16,928.1,industrial,Texas
12367,2024-11-17,548.7,residential,Illinois
12368,2024-11-18,574.6,commercial,Texas
12369,2024-11-19,872.3,industrial,Texas
12370,2024-11-20,626.1,commercial,California
12371,2024-11-21,563.9,commercial,Georgia
12372,2024-11-22,911.5,industrial,Illinois
12373,2024-11-23,283.6,residential,Ohio
12374,2024-11-24,472.0,residential,New York
12375,2024-11-25,977.3,industrial,California
12376,2024-11-26,566.0,commercial,Texas
12377,2024-11-27,583.5,commercial,Ohio
12378,2024-11-28,740.5,commercial,California
12379,2024-11-29,477.7,residential,Georgia
12380,2024-11-30,861.3,industrial,Illinois
12381,2024-12-01,710.1,commercial,Florida
12382,2024-12-02,602.4,commercial,Texas
12383,2024-12-03,916.2,industrial,California
12384,2024-12-04,866.7,industrial,Georgia
12385,2024-12-05,381.1,residential,Texas
12386,2024-12-06,741.3,commercial,Illinois
12387,2024-12-07,807.6,industrial,Illinois
12388,2024-12-08,881.0,industrial,California
12389,2024-12-09,894.3,industrial,Georgia
12390,2024-12-10,359.9,residential,Florida
12391,2024-12-11,949.0,industrial,Ohio
12392,2024-12-12,231.4,residential,Texas
12393,2024-12-13,725.1,commercial,Florida
12394,2024-12-14,594.8,commercial,New York
12395,2024-12-15,397.0,residential,New York
12396,2024-12-16,876.2,industrial,Florida
12397,2024-12-17,449.8,residential,Florida
12398,2024-12-18,970.8,industrial,Florida
12399,2024-12-19,496.8,commercial,Georgia
12400,2024-12-20,402.9,residential,Georgia
12401,2024-12-21,912.7,industrial,Ohio
12402,2024-12-22,289.9,residential,Ohio
12403,2024-12-23,448.5,residential,Ohio
12404,2024-12-24,401.0,residential,Georgia
12405,2024-12-25,903.8,industrial,California
12406,2024-12-26,630.2,commercial,Florida
12407,2024-12-27,695.3,commercial,Georgia
12408,2024-12-28,389.9,residential,Illinois
12409,2024-12-29,972.1,industrial,Georgia
12410,2024-12-30,445.4,residential,Georgia
12411,2024-01-01,866.9,industrial,Georgia
12412,2024-01-02,607.9,commercial,Florida
12413,2024-01-03,392.4,residential,Ohio
12414,2024-01-04,423.1,residential,Georgia
12415,2024-01-05,919.8,industrial,New York
12416,2024-01-06,311.3,residential,Florida
12417,2024-01-07,827.9,industrial,Texas
12418,2024-01-08,529.8,commercial,New York
12419,2024-01-09,697.3,commercial,Georgia
12420,2024-01-10,739.1,commercial,Georgia
12421,2024-01-11,822.9,industrial,Texas
12422,2024-01-12,616.1,commercial,Texas
12423,2024-01-13,766.5,industrial,Ohio
12424,2024-01-14,583.0,commercial,Georgia
12425,2024-01-15,683.6,commercial,Florida
12426,2024-01-16,694.5,commercial,Illinois
12427,2024-01-17,839.8,industrial,Ohio
12428,2024-01-18,410.5,residential,Florida
12429,2024-01-19,708.8,commercial,Georgia
12430,2024-01-20,708.9,commercial,Georgia
12431,2024-01-21,790.5,industrial,Georgia
12432,2024-01-22,413.8,residential,Texas
12433,2024-01-23,885.6,industrial,Georgia
12434,2024-01-24,419.7,residential,New York
12435,2024-01-25,854.7,industrial,Ohio
12436,2024-01-26,649.1,commercial,Georgia
12437,2024-01-27,652.7,commercial,Florida
12438,2024-01-28,922.1,industrial,Ohio
12439,2024-01-29,377.7,residential,California
12440,2024-01-30,880.0,industrial,California
12441,2024-01-31,385.1,residential,Texas
12442,2024-02-01,264.8,residential,New York
12443,2024-02-02,878.5,industrial,Florida
12444,2024-02-03,585.3,commercial,New York
12445,2024-02-04,417.7,residential,Ohio
12446,2024-02-05,674.0,commercial,Ohio
12447,2024-02-06,897.3,industrial,Georgia
12448,2024-02-07,726.9,commercial,New York
12449,2024-02-08,422.7,residential,California
12450,2024-02-09,395.8,residential,Florida
12451,2024-02-10,335.6,residential,Georgia
12452,2024-02-11,577.3,commercial,Florida
12453,2024-02-12,617.6,commercial,Florida
12454,2024-02-13,575.1,commercial,California
12455,2024-02-14,327.7,residential,Texas
12456,2024-02-15,879.5,industrial,New York
12457,2024-02-16,342.4,residential,Florida
12458,2024-02-17,698.2,commercial,Georgia
12459,2024-02-18,423.6,residential,Georgia
12460,2024-02-19,861.8,industrial,New York
12461,2024-02-20,457.8,residential,Illinois
12462,2024-02-21,611.9,commercial,California
12463,2024-02-22,960.1,industrial,New York
12464,2024-02-23,851.9,industrial,Ohio
12465,2024-02-24,589.2,commercial,Florida
12466,2024-02-25,748.7,industrial,Illinois
12467,2024-02-26,739.5,commercial,Florida
12468,2024-02-27,409.9,residential,Texas
12469,2024-02-28,911.0,industrial,New York
12470,2024-02-29,917.2,industrial,Georgia
12471,2024-03-01,623.1,commercial,Ohio
12472,2024-03-02,934.8,industrial,Illinois
12473,2024-03-03,962.4,industrial,Ohio
12474,2024-03-04,694.6,commercial,Texas
12475,2024-03-05,676.7,commercial,New York
12476,2024-03-06,364.7,residential,Ohio
12477,2024-03-07,428.3,residential,Georgia
12478,2024-03-08,693.5,commercial,Georgia
12479,2024-03-09,360.0,residential,Georgia
12480,2024-03-10,799.7,commercial,Ohio
12481,2024-03-11,1023.1,industrial,Ohio
12482,2024-03-12,327.0,residential,Florida
12483,2024-03-13,696.0,commercial,Ohio
12484,2024-03-14,435.1,residential,Ohio
12485,2024-03-15,625.7,commercial,Florida
12486,2024-03-16,876.6,industrial,Ohio
12487,2024-03-17,730.6,commercial,Florida
12488,2024-03-18,977.5,industrial,Ohio
12489,2024-03-19,803.2,industrial,California
12490,2024-03-20,342.0,residential,Texas
12491,2024-03-21,850.5,industrial,California
12492,2024-03-22,651.0,commercial,Illinois
12493,2024-03-23,550.1,commercial,Florida
12494,2024-03-24,994.3,industrial,California
12495,2024-03-25,742.2,commercial,California
12496,2024-03-26,354.6,residential,Georgia
12497,2024-03-27,343.8,residential,Texas
12498,2024-03-28,927.5,industrial,Ohio
12499,2024-03-29,886.5,industrial,Illinois
12500,2024-03-30,611.5,commercial,Texas
12501,2024-03-31,848.8,industrial,Georgia
12502,2024-04-01,981.2,industrial,Florida
12503,2024-04-02,1008.2,industrial,Illinois
12504,2024-04-03,806.1,industrial,Florida
12505,2024-04-04,430.2,residential,Florida
12506,2024-04-05,881.7,industrial,Illinois
12507,2024-04-06,460.3,residential,Florida
12508,2024-04-07,431.4,residential,Florida
12509,2024-04-08,898.6,industrial,Ohio
12510,2024-04-09,579.4,commercial,New York
12511,2024-04-10,677.1,commercial,California
12512,2024-04-11,299.1,residential,California
12513,2024-04-12,705.8,commercial,New York
12514,2024-04-13,680.0,commercial,Texas
12515,2024-04-14,965.3,industrial,Illinois
12516,2024-04-15,988.6,industrial,California
12517,2024-04-16,867.0,industrial,Florida
12518,2024-04-17,571.1,commercial,New York
12519,2024-04-18,320.0,residential,California
12520,2024-04-19,438.2,residential,Ohio
12521,2024-04-20,629.6,commercial,Ohio
12522,2024-04-21,897.4,industrial,Florida
12523,2024-04-22,931.7,industrial,New York
12524,2024-04-23,602.3,commercial,California
12525,2024-04-24,334.0,residential,New York
12526,2024-04-25,586.6,commercial,Georgia
12527,2024-04-26,453.6,residential,Georgia
12528,2024-04-27,907.9,industrial,New York
12529,2024-04-28,682.8,commercial,Illinois
12530,2024-04-29,654.0,commercial,Texas
12531,2024-04-30,643.9,commercial,California
12532,2024-05-01,406.6,residential,Illinois
12533,2024-05-02,846.0,industrial,Texas
12534,2024-05-03,979.0,industrial,Georgia
12535,2024-05-04,437.7,residential,California
12536,2024-05-05,301.4,residential,Ohio
12537,2024-05-06,893.1,industrial,Ohio
12538,2024-05-07,862.1,industrial,California
12539,2024-05-08,921.5,industrial,Florida
12540,2024-05-09,408.8,residential,California
12541,2024-05-10,983.3,industrial,New York
12542,2024-05-11,354.1,residential,Illinois
12543,2024-05-12,399.1,residential,Florida
12544,2024-05-13,562.2,commercial,Ohio
12545,2024-05-14,885.0,industrial,New York
12546,2024-05-15,917.0,industrial,Illinois
12547,2024-05-16,891.8,industrial,Texas
12548,2024-05-17,703.0,commercial,California
12549,2024-05-18,328.4,residential,Texas
12550,2024-05-19,486.9,residential,Georgia
12551,2024-05-20,292.9,residential,New York
12552,2024-05-21,445.4,residential,Georgia
12553,2024-05-22,413.4,residential,New York
12554,2024-05-23,683.5,commercial,Georgia
12555,2024-05-24,357.4,residential,Georgia
12556,2024-05-25,882.5,industrial,Illinois
12557,2024-05-26,353.9,residential,Georgia
12558,2024-05-27,315.6,residential,Florida
12559,2024-05-28,383.7,residential,Georgia
12560,2024-05-29,320.2,residential,Texas
12561,2024-05-30,643.4,commercial,California
12562,2024-05-31,284.8,residential,Florida
12563,2024-06-01,863.1,industrial,California
12564,2024-06-02,890.4,industrial,Texas
12565,2024-06-03,517.3,residential,Ohio
12566,2024-06-04,991.0,industrial,California
12567,2024-06-05,379.0,residential,Georgia
12568,2024-06-06,986.0,industrial,Texas
12569,2024-06-07,902.7,industrial,California
12570,2024-06-08,631.0,commercial,Texas
12571,2024-06-09,805.1,industrial,New York
12572,2024-06-10,685.7,commercial,California
12573,2024-06-11,648.9,commercial,New York
12574,2024-06-12,349.6,residential,Ohio
12575,2024-06-13,376.5,residential,Texas
12576,2024-06-14,592.1,commercial,Georgia
12577,2024-06-15,887.8,industrial,Ohio
12578,2024-06-16,620.7,commercial,Ohio
12579,2024-06-17,633.5,commercial,Georgia
12580,2024-06-18,392.6,residential,California
12581,2024-06-19,907.3,industrial,California
12582,2024-06-20,888.8,industrial,Ohio
12583,2024-06-21,886.0,industrial,Ohio
12584,2024-06-22,400.6,residential,Texas
12585,2024-06-23,867.5,industrial,Georgia
12586,2024-06-24,908.8,industrial,New York
12587,2024-06-25,291.7,residential,Ohio
12588,2024-06-26,423.7,residential,Illinois
12589,2024-06-27,636.7,commercial,New York
12590,2024-06-28,902.1,industrial,California
12591,2024-06-29,923.8,industrial,Ohio
12592,2024-06-30,868.6,industrial,New York
12593,2024-07-01,629.2,commercial,New York
12594,2024-07-02,735.8,commercial,Ohio
12595,2024-07-03,660.3,commercial,Illinois
12596,2024-07-04,642.3,commercial,California
12597,2024-07-05,300.8,residential,Illinois
12598,2024-07-06,421.2,residential,Texas
12599,2024-07-07,563.5,commercial,Illinois
12600,2024-07-08,949.0,industrial,California
12601,2024-07-09,943.1,industrial,Illinois
12602,2024-07-10,627.9,commercial,New York
12603,2024-07-11,359.4,residential,Texas
12604,2024-07-12,816.8,industrial,Georgia
12605,2024-07-13,562.5,commercial,California
12606,2024-07-14,673.2,commercial,California
12607,2024-07-15,998.7,industrial,California
12608,2024-07-16,896.5,industrial,Texas
12609,2024-07-17,473.5,residential,Texas
12610,2024-07-18,728.9,commercial,Georgia
12611,2024-07-19,437.9,residential,Georgia
12612,2024-07-20,709.4,commercial,Florida
12613,2024-07-21,711.1,commercial,Ohio
12614,2024-07-22,380.8,residential,Texas
12615,2024-07-23,455.6,residential,Ohio
12616,2024-07-24,809.1,industrial,Georgia
12617,2024-07-25,377.2,residential,New York
12618,2024-07-26,715.0,commercial,Georgia
12619,2024-07-27,806.4,commercial,Georgia
12620,2024-07-28,918.4,industrial,California
12621,2024-07-29,342.2,residential,New York
12622,2024-07-30,424.1,residential,Ohio
12623,2024-07-31,899.6,industrial,Illinois
12624,2024-08-01,941.6,industrial,Texas
12625,2024-08-02,613.9,commercial,Texas
12626,2024-08-03,697.8,commercial,New York
12627,2024-08-04,856.8,industrial,Illinois
12628,2024-08-05,600.6,commercial,Georgia
12629,2024-08-06,841.1,industrial,New York
12630,2024-08-07,840.5,industrial,New York
12631,2024-08-08,667.7,commercial,Texas
12632,2024-08-09,365.6,residential,Florida
12633,2024-08-10,970.6,industrial,Illinois
12634,2024-08-11,912.8,industrial,Georgia
12635,2024-08-12,668.6,commercial,Florida
12636,2024-08-13,958.0,industrial,Ohio
12637,2024-08-14,385.0,residential,Ohio
12638,2024-08-15,852.2,industrial,Ohio
12639,2024-08-16,412.1,residential,Texas
12640,2024-08-17,335.9,residential,Ohio
12641,2024-08-18,391.9,residential,Florida
12642,2024-08-19,876.9,industrial,Georgia
12643,2024-08-20,910.3,industrial,Texas
12644,2024-08-21,682.2,commercial,Ohio
12645,2024-08-22,665.5,commercial,Ohio
12646,2024-08-23,366.5,residential,Ohio
12647,2024-08-24,658.7,commercial,Illinois
12648,2024-08-25,587.1,commercial,Florida
12649,2024-08-26,387.5,residential,California
12650,2024-08-27,736.9,industrial,New York
12651,2024-08-28,351.5,residential,California
12652,2024-08-29,567.6,commercial,Florida
12653,2024-08-30,667.6,commercial,Ohio
12654,2024-08-31,446.0,residential,Texas
12655,2024-09-01,476.8,residential,New York
12656,2024-09-02,430.9,residential,Florida
12657,2024-09-03,651.6,commercial,Georgia
12658,2024-09-04,813.6,industrial,California
12659,2024-09-05,618.2,commercial,New York
12660,2024-09-06,454.0,residential,California
12661,2024-09-07,406.5,residential,Georgia
12662,2024-09-08,653.9,commercial,Florida
12663,2024-09-09,377.2,residential,New York
12664,2024-09-10,595.9,commercial,Florida
12665,2024-09-11,458.6,residential,California
12666,2024-09-12,441.6,residential,Florida
12667,2024-09-13,706.0,commercial,Ohio
12668,2024-09-14,636.6,commercial,Illinois
12669,2024-09-15,760.9,commercial,New York
12670,2024-09-16,827.1,industrial,Texas
12671,2024-09-17,877.6,industrial,New York
12672,2024-09-18,879.2,industrial,Georgia
12673,2024-09-19,689.2,commercial,California
12674,2024-09-20,431.3,residential,Ohio
12675,2024-09-21,606.6,commercial,Texas
12676,2024-09-22,367.0,residential,Illinois
12677,2024-09-23,443.6,residential,Florida
12678,2024-09-24,738.8,commercial,Texas
12679,2024-09-25,465.1,residential,Texas
12680,2024-09-26,440.6,residential,New York
12681,2024-09-27,403.0,residential,Florida
12682,2024-09-28,653.9,commercial,Florida
12683,2024-09-29,841.7,industrial,California
12684,2024-09-30,967.9,industrial,Florida
12685,2024-10-01,362.9,residential,Florida
12686,2024-10-02,504.7,residential,Georgia
12687,2024-10-03,490.5,residential,California
12688,2024-10-04,943.8,industrial,New York
12689,2024-10-05,647.3,commercial,Texas
12690,2024-10-06,495.7,residential,Georgia
12691,2024-10-07,933.8,industrial,California
12692,2024-10-08,842.3,industrial,Illinois
12693,2024-10-09,361.6,residential,Ohio
12694,2024-10-10,309.7,residential,Texas
12695,2024-10-11,823.0,industrial,Ohio
12696,2024-10-12,422.8,residential,Texas
12697,2024-10-13,719.5,commercial,Georgia
12698,2024-10-14,908.0,industrial,New York
12699,2024-10-15,908.1,industrial,New York
12700,2024-10-16,611.7,commercial,California
12701,2024-10-17,821.3,industrial,Texas
12702,2024-10-18,688.0,commercial,Texas
12703,2024-10-19,570.1,commercial,California
12704,2024-10-20,959.3,industrial,Florida
12705,2024-10-21,963.5,industrial,Georgia
12706,2024-10-22,831.4,industrial,Texas
12707,2024-10-23,668.2,commercial,California
12708,2024-10-24,366.6,residential,Texas
12709,2024-10-25,824.0,industrial,California
12710,2024-10-26,869.0,industrial,Florida
12711,2024-10-27,433.7,residential,Georgia
12712,2024-10-28,622.2,commercial,Georgia
12713,2024-10-29,280.2,residential,California
12714,2024-10-30,564.3,commercial,Georgia
12715,2024-10-31,413.7,residential,California
12716,2024-11-01,217.3,residential,Georgia
12717,2024-11-02,581.5,commercial,California
12718,2024-11-03,391.8,residential,Illinois
12719,2024-11-04,870.3,industrial,New York
12720,2024-11-05,787.3,industrial,California
12721,2024-11-06,711.2,commercial,Ohio
12722,2024-11-07,924.3,industrial,Texas
12723,2024-11-08,664.9,commercial,Texas
12724,2024-11-09,565.6,commercial,California
12725,2024-11-10,706.6,commercial,Ohio
12726,2024-11-11,1030.4,industrial,Ohio
12727,2024-11-12,504.5,commercial,Ohio
12728,2024-11-13,705.7,commercial,Ohio
12729,2024-11-14,976.7,industrial,Texas
12730,2024-11-15,681.1,commercial,Georgia
12731,2024-11-16,758.4,commercial,California
12732,2024-11-17,462.1,residential,Illinois
12733,2024-11-18,645.5,commercial,California
12734,2024-11-19,956.1,industrial,Illinois
12735,2024-11-20,425.4,residential,Texas
12736,2024-11-21,543.0,commercial,Texas
12737,2024-11-22,988.9,industrial,Texas
12738,2024-11-23,434.1,residential,Ohio
12739,2024-11-24,413.2,residential,Georgia
12740,2024-11-25,840.2,industrial,Ohio
12741,2024-11-26,424.5,residential,Illinois
12742,2024-11-27,623.1,commercial,Ohio
12743,2024-11-28,406.4,residential,Georgia
12744,2024-11-29,873.6,industrial,Texas
12745,2024-11-30,879.9,industrial,New York
12746,2024-12-01,359.9,residential,California
12747,2024-12-02,704.1,commercial,Florida
12748,2024-12-03,928.2,industrial,California
12749,2024-12-04,636.0,commercial,Texas
12750,2024-12-05,683.3,commercial,New York
12751,2024-12-06,672.4,commercial,Ohio
12752,2024-12-07,386.7,residential,Illinois
12753,2024-12-08,661.0,commercial,California
12754,2024-12-09,479.6,residential,New York
12755,2024-12-10,406.5,residential,Georgia
12756,2024-12-11,864.5,industrial,California
12757,2024-12-12,890.9,industrial,Georgia
12758,2024-12-13,399.8,residential,Illinois
12759,2024-12-14,368.7,residential,Illinois
12760,2024-12-15,965.5,industrial,Ohio
12761,2024-12-16,698.2,commercial,Illinois
12762,2024-12-17,468.2,commercial,Ohio
12763,2024-12-18,799.6,commercial,Georgia
12764,2024-12-19,423.8,residential,Ohio
12765,2024-12-20,649.2,commercial,Georgia
12766,2024-12-21,900.5,industrial,Ohio
12767,2024-12-22,716.6,commercial,New York
12768,2024-12-23,659.8,commercial,Ohio
12769,2024-12-24,674.5,commercial,California
12770,2024-12-25,939.2,industrial,Florida
12771,2024-12-26,635.3,commercial,New York
12772,2024-12-27,431.2,residential,California
12773,2024-12-28,758.5,industrial,New York
12774,2024-12-29,916.1,industrial,Ohio
12775,2024-12-30,691.0,commercial,New York
12776,2024-01-01,359.9,residential,Illinois
12777,2024-01-02,710.7,commercial,Georgia
12778,2024-01-03,582.7,commercial,Texas
12779,2024-01-04,676.6,commercial,Illinois
12780,2024-01-05,960.8,industrial,New York
12781,2024-01-06,415.8,residential,Florida
12782,2024-01-07,314.1,residential,Ohio
12783,2024-01-08,579.2,commercial,California
12784,2024-01-09,845.9,industrial,Illinois
12785,2024-01-10,627.7,commercial,Illinois
12786,2024-01-11,383.6,residential,California
12787,2024-01-12,856.0,industrial,Texas
12788,2024-01-13,651.1,commercial,Georgia
12789,2024-01-14,398.5,residential,Ohio
12790,2024-01-15,694.7,commercial,Illinois
12791,2024-01-16,958.3,industrial,Illinois
12792,2024-01-17,359.0,residential,Ohio
12793,2024-01-18,582.2,commercial,Georgia
12794,2024-01-19,875.1,industrial,New York
12795,2024-01-20,837.0,industrial,Texas
12796,2024-01-21,882.3,industrial,California
12797,2024-01-22,346.9,residential,Florida
12798,2024-01-23,764.2,commercial,California
12799,2024-01-24,424.1,residential,Texas
12800,2024-01-25,366.3,residential,California
12801,2024-01-26,658.0,commercial,Georgia
12802,2024-01-27,885.8,industrial,New York
12803,2024-01-28,417.7,residential,New York
12804,2024-01-29,629.1,commercial,Ohio
12805,2024-01-30,397.4,residential,Texas
12806,2024-01-31,354.6,residential,Georgia
12807,2024-02-01,1014.9,industrial,Ohio
12808,2024-02-02,658.4,commercial,New York
12809,2024-02-03,865.8,industrial,Florida
12810,2024-02-04,436.4,residential,Florida
12811,2024-02-05,980.4,industrial,Ohio
12812,2024-02-06,937.2,industrial,California
12813,2024-02-07,851.1,industrial,California
12814,2024-02-08,308.6,residential,Florida
12815,2024-02-09,485.3,commercial,Florida
12816,2024-02-10,733.1,commercial,Illinois
12817,2024-02-11,370.4,residential,Texas
12818,2024-02-12,352.9,residential,Ohio
12819,2024-02-13,340.6,residential,Florida
12820,2024-02-14,757.8,commercial,Texas
12821,2024-02-15,463.3,residential,California
12822,2024-02-16,863.3,industrial,Illinois
12823,2024-02-17,880.0,industrial,Florida
12824,2024-02-18,425.0,residential,Ohio
12825,2024-02-19,821.2,industrial,California
12826,2024-02-20,700.6,commercial,Illinois
12827,2024-02-21,637.7,commercial,Ohio
12828,2024-02-22,757.8,commercial,Georgia
12829,2024-02-23,469.4,residential,Texas
12830,2024-02-24,716.0,commercial,Illinois
12831,2024-02-25,982.7,industrial,Texas
12832,2024-02-26,367.3,residential,California
12833,2024-02-27,391.0,residential,Texas
12834,2024-02-28,1032.9,industrial,Georgia
12835,2024-02-29,470.9,residential,California
12836,2024-03-01,699.3,commercial,Texas
12837,2024-03-02,622.7,commercial,Illinois
12838,2024-03-03,918.1,industrial,Texas
12839,2024-03-04,299.9,residential,New York
12840,2024-03-05,411.6,residential,Florida
12841,2024-03-06,653.4,commercial,Georgia
12842,2024-03-07,585.0,commercial,New York
12843,2024-03-08,584.0,commercial,California
12844,2024-03-09,840.3,industrial,California
12845,2024-03-10,930.4,industrial,New York
12846,2024-03-11,337.6,residential,Georgia
12847,2024-03-12,369.2,residential,California
12848,2024-03-13,679.2,commercial,Georgia
12849,2024-03-14,853.8,industrial,Texas
12850,2024-03-15,293.4,residential,California
12851,2024-03-16,929.5,industrial,New York
12852,2024-03-17,628.2,commercial,Illinois
12853,2024-03-18,685.8,commercial,New York
12854,2024-03-19,921.8,industrial,Illinois
12855,2024-03-20,829.0,industrial,Texas
12856,2024-03-21,875.3,industrial,New York
12857,2024-03-22,853.1,industrial,Illinois
12858,2024-03-23,382.1,residential,Ohio
12859,2024-03-24,620.3,commercial,Texas
12860,2024-03-25,851.4,industrial,Illinois
12861,2024-03-26,444.1,residential,Illinois
12862,2024-03-27,933.6,industrial,Ohio
12863,2024-03-28,397.6,residential,Illinois
12864,2024-03-29,1060.9,industrial,Ohio
12865,2024-03-30,726.3,commercial,New York
12866,2024-03-31,641.5,commercial,Georgia
12867,2024-04-01,978.7,industrial,Illinois
12868,2024-04-02,909.1,industrial,Illinois
12869,2024-04-03,628.2,commercial,Georgia
12870,2024-04-04,911.3,industrial,Ohio
12871,2024-04-05,617.1,commercial,Ohio
12872,2024-04-06,434.6,residential,Illinois
12873,2024-04-07,343.0,residential,New York
12874,2024-04-08,881.0,industrial,California
12875,2024-04-09,673.6,commercial,Illinois
12876,2024-04-10,956.9,industrial,Ohio
12877,2024-04-11,931.6,industrial,California
12878,2024-04-12,594.0,commercial,California
12879,2024-04-13,703.5,commercial,Illinois
12880,2024-04-14,379.2,residential,Texas
12881,2024-04-15,922.9,industrial,New York
12882,2024-04-16,400.7,residential,Florida
12883,2024-04-17,914.8,industrial,Florida
12884,2024-04-18,884.7,industrial,Texas
12885,2024-04-19,853.7,industrial,California
12886,2024-04-20,611.3,commercial,Georgia
12887,2024-04-21,391.1,residential,New York
12888,2024-04-22,862.0,industrial,Ohio
12889,2024-04-23,895.7,industrial,California
12890,2024-04-24,370.7,residential,California
12891,2024-04-25,490.7,residential,New York
12892,2024-04-26,673.0,commercial,Illinois
12893,2024-04-27,585.3,commercial,Texas
12894,2024-04-28,638.7,commercial,Texas
12895,2024-04-29,952.0,industrial,Texas
12896,2024-04-30,809.3,industrial,Florida
12897,2024-05-01,883.3,industrial,Texas
12898,2024-05-02,367.6,residential,Florida
12899,2024-05-03,274.6,residential,Ohio
12900,2024-05-04,878.8,industrial,Florida
12901,2024-05-05,507.2,commercial,Florida
12902,2024-05-06,342.0,residential,Georgia
12903,2024-05-07,986.9,industrial,Florida
12904,2024-05-08,426.9,residential,New York
12905,2024-05-09,659.4,commercial,Ohio
12906,2024-05-10,662.3,commercial,Texas
12907,2024-05-11,367.5,residential,Ohio
12908,2024-05-12,461.5,residential,Texas
12909,2024-05-13,880.1,industrial,Florida
12910,2024-05-14,842.2,industrial,Illinois
12911,2024-05-15,795.5,industrial,New York
12912,2024-05-16,628.8,commercial,New York
12913,2024-05-17,461.6,residential,Illinois
12914,2024-05-18,870.2,industrial,Florida
12915,2024-05-19,658.3,commercial,New York
12916,2024-05-20,647.0,commercial,Ohio
12917,2024-05-21,302.2,residential,California
12918,2024-05-22,1034.6,industrial,Florida
12919,2024-05-23,453.1,residential,California
12920,2024-05-24,538.1,commercial,Ohio
12921,2024-05-25,935.8,industrial,Georgia
12922,2024-05-26,442.7,residential,Florida
12923,2024-05-27,979.5,industrial,Texas
12924,2024-05-28,943.4,industrial,Georgia
12925,2024-05-29,822.0,industrial,Ohio
12926,2024-05-30,933.3,industrial,Texas
12927,2024-05-31,437.4,residential,Texas
12928,2024-06-01,882.0,industrial,Illinois
12929,2024-06-02,400.8,residential,Florida
12930,2024-06-03,816.4,industrial,New York
12931,2024-06-04,950.8,industrial,California
12932,2024-06-05,755.9,commercial,Illinois
12933,2024-06-06,389.3,residential,California
12934,2024-06-07,660.5,commercial,New York
12935,2024-06-08,944.0,industrial,Florida
12936,2024-06-09,571.4,commercial,Ohio
12937,2024-06-10,898.6,industrial,California
12938,2024-06-11,729.8,commercial,California
12939,2024-06-12,616.2,commercial,Illinois
12940,2024-06-13,915.3,industrial,Texas
12941,2024-06-14,709.7,commercial,California
12942,2024-06-15,697.7,commercial,Illinois
12943,2024-06-16,930.6,industrial,California
12944,2024-06-17,663.0,commercial,New York
12945,2024-06-18,408.2,residential,New York
12946,2024-06-19,653.8,commercial,Illinois
12947,2024-06-20,820.9,industrial,Texas
12948,2024-06-21,436.5,residential,Florida
12949,2024-06-22,791.7,industrial,Illinois
12950,2024-06-23,664.3,commercial,California
12951,2024-06-24,895.0,industrial,Ohio
12952,2024-06-25,609.7,commercial,Florida
12953,2024-06-26,887.9,industrial,California
12954,2024-06-27,560.6,commercial,Georgia
12955,2024-06-28,442.8,residential,Illinois
12956,2024-06-29,366.4,residential,California
12957,2024-06-30,919.8,industrial,Ohio
12958,2024-07-01,422.7,residential,Florida
12959,2024-07-02,606.3,commercial,Illinois
12960,2024-07-03,428.8,residential,New York
12961,2024-07-04,737.2,commercial,Illinois
12962,2024-07-05,952.6,industrial,Ohio
12963,2024-07-06,486.9,residential,Florida
12964,2024-07-07,658.4,commercial,New York
12965,2024-07-08,505.6,residential,California
12966,2024-07-09,385.1,residential,Illinois
12967,2024-07-10,368.0,residential,Georgia
12968,2024-07-11,1017.9,industrial,Illinois
12969,2024-07-12,696.9,commercial,New York
12970,2024-07-13,633.0,commercial,Texas
12971,2024-07-14,435.1,residential,Georgia
12972,2024-07-15,423.1,residential,Florida
12973,2024-07-16,681.9,commercial,New York
12974,2024-07-17,893.5,industrial,California
12975,2024-07-18,698.6,commercial,California
12976,2024-07-19,446.5,residential,New York
12977,2024-07-20,531.7,commercial,Illinois
12978,2024-07-21,569.6,commercial,Georgia
12979,2024-07-22,460.0,residential,Ohio
12980,2024-07-23,380.3,residential,California
12981,2024-07-24,970.4,industrial,Texas
12982,2024-07-25,409.1,residential,Ohio
12983,2024-07-26,858.9,industrial,Georgia
12984,2024-07-27,964.7,industrial,New York
12985,2024-07-28,366.4,residential,New York
12986,2024-07-29,310.4,residential,Georgia
12987,2024-07-30,390.3,residential,New York
12988,2024-07-31,737.1,commercial,California
12989,2024-08-01,638.5,commercial,California
12990,2024-08-02,932.4,industrial,California
12991,2024-08-03,862.4,industrial,Texas
12992,2024-08-04,322.6,residential,Florida
12993,2024-08-05,682.8,commercial,Illinois
12994,2024-08-06,700.2,commercial,Illinois
12995,2024-08-07,574.6,commercial,Ohio
12996,2024-08-08,358.2,residential,Ohio
12997,2024-08-09,844.8,industrial,California
12998,2024-08-10,690.8,commercial,California
12999,2024-08-11,936.6,industrial,Texas
13000,2024-08-12,659.6,commercial,California
13001,2024-08-13,406.1,residential,Georgia
13002,2024-08-14,716.9,commercial,New York
13003,2024-08-15,929.1,industrial,Illinois
13004,2024-08-16,442.0,residential,Illinois
13005,2024-08-17,857.2,industrial,Texas
13006,2024-08-18,547.4,commercial,California
13007,2024-08-19,760.2,commercial,Texas
13008,2024-08-20,1000.3,industrial,New York
13009,2024-08-21,528.6,commercial,Texas
13010,2024-08-22,397.3,residential,New York
13011,2024-08-23,682.4,commercial,Florida
13012,2024-08-24,674.3,commercial,Texas
13013,2024-08-25,841.7,industrial,California
13014,2024-08-26,621.9,commercial,California
13015,2024-08-27,906.9,industrial,Texas
13016,2024-08-28,877.7,industrial,Georgia
13017,2024-08-29,370.4,residential,New York
13018,2024-08-30,893.2,industrial,Ohio
13019,2024-08-31,890.8,industrial,California
13020,2024-09-01,665.1,commercial,Ohio
13021,2024-09-02,895.3,industrial,Illinois
13022,2024-09-03,403.0,residential,Florida
13023,2024-09-04,572.6,commercial,Illinois
13024,2024-09-05,384.7,residential,New York
13025,2024-09-06,450.7,residential,California
13026,2024-09-07,609.5,commercial,Florida
13027,2024-09-08,873.4,industrial,California
13028,2024-09-09,418.9,residential,Texas
13029,2024-09-10,310.7,residential,Illinois
13030,2024-09-11,438.6,residential,Florida
13031,2024-09-12,862.8,industrial,California
13032,2024-09-13,903.9,industrial,California
13033,2024-09-14,623.7,commercial,Georgia
13034,2024-09-15,428.1,residential,California
13035,2024-09-16,632.1,commercial,Illinois
13036,2024-09-17,740.0,commercial,Georgia
13037,2024-09-18,971.5,industrial,Georgia
13038,2024-09-19,587.4,commercial,Illinois
13039,2024-09-20,947.5,industrial,Illinois
13040,2024-09-21,961.6,industrial,New York
13041,2024-09-22,895.9,industrial,New York
13042,2024-09-23,398.3,residential,New York
13043,2024-09-24,595.5,commercial,Texas
13044,2024-09-25,979.7,industrial,Texas
13045,2024-09-26,668.5,commercial,Texas
13046,2024-09-27,286.6,residential,Illinois
13047,2024-09-28,804.2,industrial,New York
13048,2024-09-29,708.4,commercial,Georgia
13049,2024-09-30,350.5,residential,Texas
13050,2024-10-01,937.2,industrial,Texas
13051,2024-10-02,893.8,industrial,New York
13052,2024-10-03,431.8,residential,Texas
13053,2024-10-04,403.9,residential,Texas
13054,2024-10-05,460.2,residential,Georgia
13055,2024-10-06,703.0,commercial,Florida
13056,2024-10-07,968.0,industrial,Texas
13057,2024-10-08,647.4,commercial,Ohio
13058,2024-10-09,752.6,commercial,Texas
13059,2024-10-10,370.3,residential,Texas
13060,2024-10-11,918.3,industrial,Georgia
13061,2024-10-12,397.7,residential,Illinois
13062,2024-10-13,474.3,residential,New York
13063,2024-10-14,413.0,residential,New York
13064,2024-10-15,349.2,residential,Georgia
13065,2024-10-16,574.3,commercial,Illinois
13066,2024-10-17,834.1,industrial,Texas
13067,2024-10-18,356.1,residential,California
13068,2024-10-19,909.3,industrial,Texas
13069,2024-10-20,954.2,industrial,California
13070,2024-10-21,482.3,residential,Ohio
13071,2024-10-22,1034.5,industrial,Illinois
13072,2024-10-23,592.7,commercial,Ohio
13073,2024-10-24,558.2,commercial,California
13074,2024-10-25,861.5,industrial,Texas
13075,2024-10-26,862.2,industrial,Ohio
13076,2024-10-27,404.1,residential,Texas
13077,2024-10-28,903.6,industrial,Texas
13078,2024-10-29,443.3,residential,Ohio
13079,2024-10-30,422.5,residential,California
13080,2024-10-31,909.6,industrial,Texas
13081,2024-11-01,897.9,industrial,Illinois
13082,2024-11-02,399.0,residential,New York
13083,2024-11-03,685.6,commercial,Florida
13084,2024-11-04,655.8,commercial,California
13085,2024-11-05,423.5,residential,Florida
13086,2024-11-06,621.5,commercial,Georgia
13087,2024-11-07,807.1,industrial,California
13088,2024-11-08,996.2,industrial,New York
13089,2024-11-09,380.6,residential,Georgia
13090,2024-11-10,815.1,industrial,Texas
13091,2024-11-11,905.1,industrial,Texas
13092,2024-11-12,927.8,industrial,Florida
13093,2024-11-13,452.0,residential,California
13094,2024-11-14,846.4,industrial,Georgia
13095,2024-11-15,741.8,commercial,Texas
13096,2024-11-16,329.1,residential,Florida
13097,2024-11-17,935.5,industrial,Ohio
13098,2024-11-18,818.9,industrial,Florida
13099,2024-11-19,670.9,commercial,New York
13100,2024-11-20,966.7,industrial,Florida
13101,2024-11-21,313.4,residential,New York
13102,2024-11-22,664.2,commercial,Texas
13103,2024-11-23,724.6,commercial,Florida
13104,2024-11-24,830.2,industrial,California
13105,2024-11-25,672.1,commercial,Texas
13106,2024-11-26,406.8,residential,Ohio
13107,2024-11-27,686.6,commercial,Ohio
13108,2024-11-28,398.4,residential,New York
13109,2024-11-29,413.0,residential,Georgia
13110,2024-11-30,407.2,residential,Illinois
13111,2024-12-01,375.2,residential,Florida
13112,2024-12-02,528.3,commercial,Florida
13113,2024-12-03,935.6,industrial,New York
13114,2024-12-04,375.9,residential,Illinois
13115,2024-12-05,963.6,industrial,California
13116,2024-12-06,892.9,industrial,New York
13117,2024-12-07,915.7,industrial,Ohio
13118,2024-12-08,929.1,industrial,California
13119,2024-12-09,892.6,industrial,Texas
13120,2024-12-10,906.1,industrial,Illinois
13121,2024-12-11,891.0,industrial,Georgia
13122,2024-12-12,641.2,commercial,Georgia
13123,2024-12-13,663.5,commercial,New York
13124,2024-12-14,349.4,residential,Ohio
13125,2024-12-15,396.9,residential,Texas
13126,2024-12-16,948.4,industrial,Florida
13127,2024-12-17,577.2,commercial,Texas
13128,2024-12-18,690.7,commercial,Georgia
13129,2024-12-19,649.4,commercial,Georgia
13130,2024-12-20,395.8,residential,Illinois
13131,2024-12-21,622.7,commercial,Ohio
13132,2024-12-22,802.6,industrial,New York
13133,2024-12-23,415.9,residential,Florida
13134,2024-12-24,850.4,industrial,California
13135,2024-12-25,325.9,residential,Georgia
13136,2024-12-26,350.0,residential,New York
13137,2024-12-27,634.9,commercial,New York
13138,2024-12-28,993.8,industrial,California
13139,2024-12-29,382.0,residential,Georgia
13140,2024-12-30,895.2,industrial,California
13141,2024-01-01,591.3,commercial,Illinois
13142,2024-01-02,482.5,commercial,Ohio
13143,2024-01-03,825.3,industrial,California
13144,2024-01-04,885.4,industrial,Ohio
13145,2024-01-05,740.8,commercial,California
13146,2024-01-06,683.2,commercial,New York
13147,2024-01-07,601.9,commercial,Ohio
13148,2024-01-08,421.4,residential,Illinois
13149,2024-01-09,509.9,residential,Florida
13150,2024-01-10,415.0,residential,Texas
13151,2024-01-11,681.1,commercial,Ohio
13152,2024-01-12,413.8,residential,Florida
13153,2024-01-13,929.0,industrial,California
13154,2024-01-14,596.1,commercial,New York
13155,2024-01-15,475.6,residential,California
13156,2024-01-16,328.3,residential,Ohio
13157,2024-01-17,617.5,commercial,Florida
13158,2024-01-18,341.3,residential,Ohio
13159,2024-01-19,409.5,residential,Illinois
13160,2024-01-20,540.5,commercial,New York
13161,2024-01-21,901.5,industrial,Texas
13162,2024-01-22,506.6,residential,Illinois
13163,2024-01-23,655.2,commercial,California
13164,2024-01-24,866.7,industrial,Georgia
13165,2024-01-25,821.9,industrial,Ohio
13166,2024-01-26,575.0,commercial,Illinois
13167,2024-01-27,711.6,industrial,Ohio
13168,2024-01-28,716.7,commercial,Georgia
13169,2024-01-29,362.9,residential,Georgia
13170,2024-01-30,997.7,industrial,California
13171,2024-01-31,955.4,industrial,Texas
13172,2024-02-01,683.5,commercial,Illinois
13173,2024-02-02,1031.3,industrial,Texas
13174,2024-02-03,635.8,commercial,Florida
13175,2024-02-04,416.1,residential,Ohio
13176,2024-02-05,922.6,industrial,California
13177,2024-02-06,901.3,industrial,New York
13178,2024-02-07,591.4,commercial,Ohio
13179,2024-02-08,452.0,residential,Illinois
13180,2024-02-09,354.2,residential,California
13181,2024-02-10,688.5,commercial,Florida
13182,2024-02-11,393.4,residential,Ohio
13183,2024-02-12,547.8,commercial,California
13184,2024-02-13,436.7,residential,Georgia
13185,2024-02-14,429.2,residential,California
13186,2024-02-15,655.8,commercial,California
13187,2024-02-16,700.5,commercial,Georgia
13188,2024-02-17,596.5,commercial,New York
13189,2024-02-18,927.5,industrial,Florida
13190,2024-02-19,665.1,commercial,California
13191,2024-02-20,396.6,residential,New York
13192,2024-02-21,767.7,commercial,California
13193,2024-02-22,734.8,commercial,Texas
13194,2024-02-23,694.0,commercial,Florida
13195,2024-02-24,355.9,residential,Georgia
13196,2024-02-25,905.1,industrial,Ohio
13197,2024-02-26,392.9,residential,Texas
13198,2024-02-27,779.5,industrial,Ohio
13199,2024-02-28,654.2,commercial,Texas
13200,2024-02-29,435.6,residential,Florida
13201,2024-03-01,892.2,industrial,California
13202,2024-03-02,710.1,commercial,California
13203,2024-03-03,924.5,industrial,Texas
13204,2024-03-04,862.7,industrial,New York
13205,2024-03-05,916.0,industrial,New York
13206,2024-03-06,356.9,residential,Texas
13207,2024-03-07,417.6,residential,Georgia
13208,2024-03-08,307.2,residential,Florida
13209,2024-03-09,657.3,commercial,Georgia
13210,2024-03-10,884.0,industrial,Texas
13211,2024-03-11,285.9,residential,New York
13212,2024-03-12,921.8,industrial,Texas
13213,2024-03-13,469.2,residential,Georgia
13214,2024-03-14,647.9,commercial,Ohio
13215,2024-03-15,448.0,residential,California
13216,2024-03-16,433.6,residential,Georgia
13217,2024-03-17,663.5,commercial,Florida
13218,2024-03-18,659.3,commercial,Florida
13219,2024-03-19,718.2,commercial,California
13220,2024-03-20,754.1,industrial,Florida
13221,2024-03-21,773.5,industrial,Georgia
13222,2024-03-22,386.0,residential,Georgia
13223,2024-03-23,763.2,commercial,Florida
13224,2024-03-24,906.3,industrial,Ohio
13225,2024-03-25,290.3,residential,Florida
13226,2024-03-26,558.1,commercial,Illinois
13227,2024-03-27,702.5,commercial,New York
13228,2024-03-28,726.3,commercial,California
13229,2024-03-29,666.5,commercial,Georgia
13230,2024-03-30,368.6,residential,Ohio
13231,2024-03-31,680.1,commercial,Ohio
13232,2024-04-01,534.9,residential,Ohio
13233,2024-04-02,686.7,commercial,Texas
13234,2024-04-03,791.6,industrial,Texas
13235,2024-04-04,730.9,commercial,Illinois
13236,2024-04-05,845.7,industrial,Florida
13237,2024-04-06,462.4,residential,Texas
13238,2024-04-07,544.4,residential,California
13239,2024-04-08,826.8,industrial,Georgia
13240,2024-04-09,780.7,commercial,New York
13241,2024-04-10,478.3,residential,Ohio
13242,2024-04-11,685.2,commercial,Georgia
13243,2024-04-12,924.0,industrial,Ohio
13244,2024-04-13,574.4,commercial,Illinois
13245,2024-04-14,396.8,residential,Illinois
13246,2024-04-15,1022.7,industrial,California
13247,2024-04-16,342.1,residential,Florida
13248,2024-04-17,650.9,commercial,Georgia
13249,2024-04-18,417.1,residential,California
13250,2024-04-19,732.3,commercial,Georgia
13251,2024-04-20,457.5,residential,Ohio
13252,2024-04-21,394.7,residential,New York
13253,2024-04-22,352.3,residential,Ohio
13254,2024-04-23,927.7,industrial,Florida
13255,2024-04-24,827.7,industrial,New York
13256,2024-04-25,905.4,industrial,Florida
13257,2024-04-26,379.2,residential,Florida
13258,2024-04-27,721.4,commercial,Texas
13259,2024-04-28,733.3,commercial,Georgia
13260,2024-04-29,501.3,residential,Florida
13261,2024-04-30,829.4,industrial,Florida
13262,2024-05-01,922.0,industrial,California
13263,2024-05-02,898.8,industrial,California
13264,2024-05-03,829.8,industrial,Ohio
13265,2024-05-04,859.1,industrial,Illinois
13266,2024-05-05,813.4,industrial,California
13267,2024-05-06,583.7,commercial,Texas
13268,2024-05-07,661.0,commercial,Florida
13269,2024-05-08,656.9,commercial,Ohio
13270,2024-05-09,740.1,commercial,Illinois
13271,2024-05-10,435.2,residential,New York
13272,2024-05-11,888.4,industrial,Illinois
13273,2024-05-12,617.0,commercial,Ohio
13274,2024-05-13,324.2,residential,Texas
13275,2024-05-14,954.2,industrial,Georgia
13276,2024-05-15,355.1,residential,Illinois
13277,2024-05-16,463.4,residential,California
13278,2024-05-17,792.4,commercial,Florida
13279,2024-05-18,914.9,industrial,Florida
13280,2024-05-19,734.0,industrial,California
13281,2024-05-20,729.2,commercial,Illinois
13282,2024-05-21,348.8,residential,Ohio
13283,2024-05-22,915.8,industrial,Ohio
13284,2024-05-23,918.2,industrial,New York
13285,2024-05-24,987.2,industrial,Texas
13286,2024-05-25,655.4,commercial,Illinois
13287,2024-05-26,469.4,residential,Georgia
13288,2024-05-27,872.5,industrial,Georgia
13289,2024-05-28,440.8,residential,Illinois
13290,2024-05-29,415.1,residential,New York
13291,2024-05-30,639.4,commercial,California
13292,2024-05-31,1002.3,industrial,Georgia
13293,2024-06-01,678.1,commercial,Florida
13294,2024-06-02,815.0,industrial,California
13295,2024-06-03,618.5,commercial,Georgia
13296,2024-06-04,420.6,residential,California
13297,2024-06-05,571.8,commercial,New York
13298,2024-06-06,868.3,industrial,Ohio
13299,2024-06-07,456.1,residential,New York
13300,2024-06-08,592.2,commercial,New York
13301,2024-06-09,986.4,industrial,Georgia
13302,2024-06-10,950.9,industrial,New York
13303,2024-06-11,895.7,industrial,Illinois
13304,2024-06-12,617.6,commercial,Florida
13305,2024-06-13,928.1,industrial,Illinois
13306,2024-06-14,667.5,commercial,Ohio
13307,2024-06-15,410.2,residential,Florida
13308,2024-06-16,885.2,industrial,Georgia
13309,2024-06-17,545.6,commercial,Ohio
13310,2024-06-18,419.5,residential,Florida
13311,2024-06-19,962.4,industrial,Florida
13312,2024-06-20,750.0,commercial,Florida
13313,2024-06-21,870.2,industrial,Illinois
13314,2024-06-22,406.5,residential,Texas
13315,2024-06-23,402.3,residential,Florida
13316,2024-06-24,707.1,commercial,Florida
13317,2024-06-25,414.1,residential,Ohio
13318,2024-06-26,901.6,industrial,Georgia
13319,2024-06-27,367.4,residential,Illinois
13320,2024-06-28,646.8,commercial,Georgia
13321,2024-06-29,894.6,industrial,Florida
13322,2024-06-30,378.2,residential,California
13323,2024-07-01,409.8,residential,Ohio
13324,2024-07-02,341.3,residential,Georgia
13325,2024-07-03,881.5,industrial,New York
13326,2024-07-04,568.6,commercial,Texas
13327,2024-07-05,406.3,residential,Illinois
13328,2024-07-06,950.0,industrial,Illinois
13329,2024-07-07,590.3,commercial,Georgia
13330,2024-07-08,649.9,commercial,New York
13331,2024-07-09,508.3,commercial,Ohio
13332,2024-07-10,319.0,residential,Georgia
13333,2024-07-11,682.7,commercial,Georgia
13334,2024-07-12,709.4,commercial,California
13335,2024-07-13,904.0,industrial,Texas
13336,2024-07-14,718.4,commercial,Texas
13337,2024-07-15,921.4,industrial,Ohio
13338,2024-07-16,552.2,commercial,Georgia
13339,2024-07-17,763.6,commercial,New York
13340,2024-07-18,377.6,residential,Ohio
13341,2024-07-19,442.4,residential,California
13342,2024-07-20,760.0,commercial,Ohio
13343,2024-07-21,629.8,commercial,Illinois
13344,2024-07-22,340.0,residential,Georgia
13345,2024-07-23,414.8,residential,California
13346,2024-07-24,694.6,commercial,Texas
13347,2024-07-25,425.6,residential,Texas
13348,2024-07-26,409.4,residential,Illinois
13349,2024-07-27,467.8,residential,Illinois
13350,2024-07-28,477.1,residential,New York
13351,2024-07-29,496.4,residential,Illinois
13352,2024-07-30,347.9,residential,Illinois
13353,2024-07-31,693.9,commercial,Florida
13354,2024-08-01,853.5,industrial,Florida
13355,2024-08-02,687.4,commercial,Ohio
13356,2024-08-03,930.4,industrial,Illinois
13357,2024-08-04,404.0,residential,Texas
13358,2024-08-05,436.0,residential,Florida
13359,2024-08-06,884.8,industrial,California
13360,2024-08-07,500.2,residential,Texas
13361,2024-08-08,581.3,commercial,Georgia
13362,2024-08-09,662.7,commercial,Illinois
13363,2024-08-10,563.1,residential,California
13364,2024-08-11,341.4,residential,Ohio
13365,2024-08-12,431.9,residential,Georgia
13366,2024-08-13,649.5,commercial,Georgia
13367,2024-08-14,723.1,commercial,California
13368,2024-08-15,993.6,industrial,Florida
13369,2024-08-16,415.3,residential,Florida
13370,2024-08-17,436.3,residential,Texas
13371,2024-08-18,778.5,commercial,Georgia
13372,2024-08-19,446.5,residential,Illinois
13373,2024-08-20,615.8,commercial,Georgia
13374,2024-08-21,366.5,residential,Florida
13375,2024-08-22,412.2,residential,Ohio
13376,2024-08-23,738.0,commercial,Illinois
13377,2024-08-24,768.7,commercial,Illinois
13378,2024-08-25,744.3,commercial,New York
13379,2024-08-26,839.3,industrial,Ohio
13380,2024-08-27,476.4,residential,New York
13381,2024-08-28,879.1,industrial,New York
13382,2024-08-29,725.9,commercial,Ohio
13383,2024-08-30,757.9,commercial,Georgia
13384,2024-08-31,401.6,residential,Illinois
13385,2024-09-01,929.0,industrial,Florida
13386,2024-09-02,797.2,commercial,Texas
13387,2024-09-03,410.0,residential,Ohio
13388,2024-09-04,705.3,commercial,California
13389,2024-09-05,598.6,commercial,Georgia
13390,2024-09-06,393.9,residential,Ohio
13391,2024-09-07,887.4,industrial,Ohio
13392,2024-09-08,293.0,residential,Florida
13393,2024-09-09,365.0,residential,Georgia
13394,2024-09-10,287.8,residential,New York
13395,2024-09-11,521.0,commercial,California
13396,2024-09-12,726.3,commercial,Georgia
13397,2024-09-13,630.7,commercial,California
13398,2024-09-14,526.6,residential,Illinois
13399,2024-09-15,889.5,industrial,Texas
13400,2024-09-16,466.0,residential,Texas
13401,2024-09-17,921.0,industrial,Illinois
13402,2024-09-18,672.9,commercial,California
13403,2024-09-19,738.2,commercial,Texas
13404,2024-09-20,317.5,residential,California
13405,2024-09-21,358.1,residential,Georgia
13406,2024-09-22,583.7,commercial,Florida
13407,2024-09-23,886.5,industrial,Georgia
13408,2024-09-24,1001.2,industrial,Texas
13409,2024-09-25,440.0,residential,Georgia
13410,2024-09-26,927.4,industrial,Ohio
13411,2024-09-27,390.9,residential,Florida
13412,2024-09-28,402.9,residential,Texas
13413,2024-09-29,863.3,industrial,Ohio
13414,2024-09-30,843.5,industrial,Georgia
13415,2024-10-01,577.6,commercial,Georgia
13416,2024-10-02,403.9,residential,California
13417,2024-10-03,984.3,industrial,Texas
13418,2024-10-04,864.9,industrial,Ohio
13419,2024-10-05,448.2,residential,Florida
13420,2024-10-06,852.2,industrial,Florida
13421,2024-10-07,629.5,commercial,Florida
13422,2024-10-08,642.9,commercial,Texas
13423,2024-10-09,395.2,residential,California
13424,2024-10-10,852.6,industrial,New York
13425,2024-10-11,375.7,residential,Texas
13426,2024-10-12,864.1,industrial,Florida
13427,2024-10-13,355.2,residential,Ohio
13428,2024-10-14,360.8,residential,Texas
13429,2024-10-15,950.3,industrial,California
13430,2024-10-16,581.6,commercial,Georgia
13431,2024-10-17,834.2,industrial,Florida
13432,2024-10-18,895.7,industrial,Georgia
13433,2024-10-19,664.0,commercial,Florida
13434,2024-10-20,657.7,commercial,Ohio
13435,2024-10-21,908.4,industrial,New York
13436,2024-10-22,366.5,residential,Georgia
13437,2024-10-23,623.2,commercial,Texas
13438,2024-10-24,434.7,residential,New York
13439,2024-10-25,606.8,commercial,Texas
13440,2024-10-26,698.1,commercial,Florida
13441,2024-10-27,434.9,residential,Florida
13442,2024-10-28,555.6,commercial,Ohio
13443,2024-10-29,856.5,industrial,Georgia
13444,2024-10-30,702.6,commercial,California
13445,2024-10-31,626.1,commercial,Ohio
13446,2024-11-01,584.8,commercial,New York
13447,2024-11-02,617.3,commercial,Illinois
13448,2024-11-03,402.4,residential,California
13449,2024-11-04,785.0,commercial,Texas
13450,2024-11-05,360.5,residential,Texas
13451,2024-11-06,665.0,commercial,Ohio
13452,2024-11-07,445.9,residential,New York
13453,2024-11-08,691.9,commercial,Florida
13454,2024-11-09,707.3,commercial,California
13455,2024-11-10,958.2,industrial,Georgia
13456,2024-11-11,465.3,residential,Illinois
13457,2024-11-12,784.5,commercial,Georgia
13458,2024-11-13,696.2,commercial,Ohio
13459,2024-11-14,659.8,commercial,Georgia
13460,2024-11-15,451.3,residential,New York
13461,2024-11-16,412.6,residential,Ohio
13462,2024-11-17,480.0,residential,Texas
13463,2024-11-18,936.1,industrial,Florida
13464,2024-11-19,537.3,commercial,New York
13465,2024-11-20,412.2,residential,Ohio
13466,2024-11-21,624.0,commercial,California
13467,2024-11-22,352.7,residential,California
13468,2024-11-23,993.7,industrial,Texas
13469,2024-11-24,496.6,residential,Ohio
13470,2024-11-25,669.5,commercial,California
13471,2024-11-26,703.4,commercial,Illinois
13472,2024-11-27,912.3,industrial,California
13473,2024-11-28,628.6,commercial,Ohio
13474,2024-11-29,844.0,industrial,Florida
13475,2024-11-30,708.9,commercial,Georgia
13476,2024-12-01,856.3,industrial,Ohio
13477,2024-12-02,842.9,industrial,Illinois
13478,2024-12-03,447.2,residential,California
13479,2024-12-04,405.4,residential,New York
13480,2024-12-05,632.6,commercial,California
13481,2024-12-06,903.8,industrial,New York
13482,2024-12-07,308.8,residential,Georgia
13483,2024-12-08,933.7,industrial,Ohio
13484,2024-12-09,299.4,residential,Georgia
13485,2024-12-10,869.0,industrial,Georgia
13486,2024-12-11,917.1,industrial,California
13487,2024-12-12,336.6,residential,Florida
13488,2024-12-13,950.2,industrial,New York
13489,2024-12-14,495.7,residential,California
13490,2024-12-15,908.8,industrial,Florida
13491,2024-12-16,559.5,commercial,Texas
13492,2024-12-17,1018.6,industrial,Ohio
13493,2024-12-18,876.2,industrial,Ohio
13494,2024-12-19,662.3,commercial,Florida
13495,2024-12-20,338.6,residential,Illinois
13496,2024-12-21,459.2,residential,Florida
13497,2024-12-22,677.0,commercial,Illinois
13498,2024-12-23,369.6,residential,Illinois
13499,2024-12-24,882.9,industrial,New York
13500,2024-12-25,1068.5,industrial,California
13501,2024-12-26,450.6,residential,Florida
13502,2024-12-27,348.3,residential,Florida
13503,2024-12-28,395.3,residential,Ohio
13504,2024-12-29,556.9,commercial,Texas
13505,2024-12-30,630.7,commercial,Illinois
13506,2024-01-01,832.8,industrial,Georgia
13507,2024-01-02,805.8,industrial,Ohio
13508,2024-01-03,375.5,residential,Illinois
13509,2024-01-04,548.6,commercial,Georgia
13510,2024-01-05,428.3,residential,California
13511,2024-01-06,445.0,residential,Texas
13512,2024-01-07,898.7,industrial,New York
13513,2024-01-08,834.9,industrial,Illinois
13514,2024-01-09,931.3,industrial,New York
13515,2024-01-10,959.5,industrial,Illinois
13516,2024-01-11,428.9,residential,Georgia
13517,2024-01-12,428.9,residential,Illinois
13518,2024-01-13,358.0,residential,Texas
13519,2024-01-14,463.4,residential,Illinois
13520,2024-01-15,481.2,residential,Georgia
13521,2024-01-16,714.0,commercial,Texas
13522,2024-01-17,807.8,industrial,Texas
13523,2024-01-18,698.3,commercial,Texas
13524,2024-01-19,663.6,commercial,Ohio
13525,2024-01-20,330.8,residential,Illinois
13526,2024-01-21,861.3,industrial,Ohio
13527,2024-01-22,888.7,industrial,Georgia
13528,2024-01-23,387.9,residential,Florida
13529,2024-01-24,461.2,residential,Ohio
13530,2024-01-25,461.7,residential,California
13531,2024-01-26,408.5,residential,Texas
13532,2024-01-27,699.1,commercial,Texas
13533,2024-01-28,581.9,commercial,California
13534,2024-01-29,364.0,residential,Ohio
13535,2024-01-30,618.1,commercial,Illinois
13536,2024-01-31,906.2,industrial,Ohio
13537,2024-02-01,603.7,commercial,Illinois
13538,2024-02-02,468.9,residential,Georgia
13539,2024-02-03,723.1,industrial,Ohio
13540,2024-02-04,425.5,residential,Illinois
13541,2024-02-05,340.6,residential,Ohio
13542,2024-02-06,432.6,residential,Florida
13543,2024-02-07,640.9,commercial,Florida
13544,2024-02-08,593.0,commercial,Texas
13545,2024-02-09,427.5,residential,Ohio
13546,2024-02-10,662.7,commercial,Texas
13547,2024-02-11,416.9,residential,Illinois
13548,2024-02-12,692.4,commercial,Georgia
13549,2024-02-13,802.7,industrial,Ohio
13550,2024-02-14,371.8,residential,California
13551,2024-02-15,678.8,commercial,Texas
13552,2024-02-16,389.0,residential,New York
13553,2024-02-17,981.6,industrial,Florida
13554,2024-02-18,759.5,industrial,Florida
13555,2024-02-19,654.3,commercial,Florida
13556,2024-02-20,395.8,residential,Ohio
13557,2024-02-21,620.7,commercial,Florida
13558,2024-02-22,431.6,residential,Florida
13559,2024-02-23,575.5,commercial,Florida
13560,2024-02-24,363.2,residential,Illinois
13561,2024-02-25,616.4,commercial,New York
13562,2024-02-26,375.4,residential,Texas
13563,2024-02-27,938.6,industrial,California
13564,2024-02-28,645.0,commercial,Georgia
13565,2024-02-29,678.9,commercial,Texas
13566,2024-03-01,436.6,residential,Florida
13567,2024-03-02,849.1,industrial,Ohio
13568,2024-03-03,888.5,industrial,California
13569,2024-03-04,1007.3,industrial,Illinois
13570,2024-03-05,855.5,industrial,Georgia
13571,2024-03-06,678.4,commercial,Ohio
13572,2024-03-07,372.5,residential,Texas
13573,2024-03-08,463.4,residential,California
13574,2024-03-09,928.9,industrial,New York
13575,2024-03-10,392.1,residential,Georgia
13576,2024-03-11,684.8,commercial,New York
13577,2024-03-12,711.6,commercial,Ohio
13578,2024-03-13,359.2,residential,Florida
13579,2024-03-14,900.5,industrial,Florida
13580,2024-03-15,674.4,commercial,Illinois
13581,2024-03-16,937.3,industrial,Texas
13582,2024-03-17,914.7,industrial,Florida
13583,2024-03-18,361.9,residential,New York
13584,2024-03-19,623.2,commercial,Ohio
13585,2024-03-20,361.9,residential,Florida
13586,2024-03-21,823.0,industrial,Texas
13587,2024-03-22,653.3,commercial,California
13588,2024-03-23,864.5,industrial,Ohio
13589,2024-03-24,442.8,residential,Illinois
13590,2024-03-25,822.9,industrial,New York
13591,2024-03-26,480.5,residential,Illinois
13592,2024-03-27,825.0,industrial,California
13593,2024-03-28,391.1,residential,Texas
13594,2024-03-29,738.1,commercial,Georgia
13595,2024-03-30,648.2,commercial,Illinois
13596,2024-03-31,682.6,commercial,Florida
13597,2024-04-01,726.8,commercial,Texas
13598,2024-04-02,855.6,industrial,New York
13599,2024-04-03,932.3,industrial,Illinois
13600,2024-04-04,795.4,industrial,California
13601,2024-04-05,636.0,commercial,Ohio
13602,2024-04-06,896.3,industrial,Texas
13603,2024-04-07,917.3,industrial,Texas
13604,2024-04-08,357.0,residential,California
13605,2024-04-09,886.2,industrial,Ohio
13606,2024-04-10,418.8,residential,California
13607,2024-04-11,880.3,industrial,Florida
13608,2024-04-12,411.5,residential,California
13609,2024-04-13,419.8,residential,California
13610,2024-04-14,506.6,residential,Illinois
13611,2024-04-15,681.5,commercial,Illinois
13612,2024-04-16,655.4,commercial,Texas
13613,2024-04-17,693.6,commercial,Ohio
13614,2024-04-18,692.1,commercial,Ohio
13615,2024-04-19,629.7,commercial,New York
13616,2024-04-20,781.9,commercial,California
13617,2024-04-21,419.8,residential,California
13618,2024-04-22,419.2,residential,California
13619,2024-04-23,703.3,commercial,Georgia
13620,2024-04-24,843.6,industrial,Texas
13621,2024-04-25,922.1,industrial,Florida
13622,2024-04-26,837.8,industrial,Texas
13623,2024-04-27,708.8,commercial,New York
13624,2024-04-28,363.2,residential,Florida
13625,2024-04-29,857.0,industrial,Texas
13626,2024-04-30,650.6,commercial,California
13627,2024-05-01,705.5,commercial,Florida
13628,2024-05-02,929.2,industrial,Ohio
13629,2024-05-03,901.7,industrial,California
13630,2024-05-04,443.7,residential,Illinois
13631,2024-05-05,902.1,industrial,California
13632,2024-05-06,416.8,residential,Ohio
13633,2024-05-07,495.9,residential,California
13634,2024-05-08,353.1,residential,Florida
13635,2024-05-09,632.6,commercial,Georgia
13636,2024-05-10,586.3,commercial,Florida
13637,2024-05-11,881.3,industrial,Georgia
13638,2024-05-12,664.3,commercial,Texas
13639,2024-05-13,431.5,residential,Illinois
13640,2024-05-14,834.1,industrial,Georgia
13641,2024-05-15,696.8,commercial,Illinois
13642,2024-05-16,926.6,industrial,Florida
13643,2024-05-17,1006.7,industrial,Texas
13644,2024-05-18,1041.5,industrial,Illinois
13645,2024-05-19,466.2,residential,Illinois
13646,2024-05-20,351.0,residential,California
13647,2024-05-21,918.6,industrial,Ohio
13648,2024-05-22,406.2,residential,Ohio
13649,2024-05-23,614.7,commercial,Texas
13650,2024-05-24,605.9,commercial,Ohio
13651,2024-05-25,874.8,industrial,Illinois
13652,2024-05-26,625.1,commercial,Ohio
13653,2024-05-27,936.5,industrial,Florida
13654,2024-05-28,508.9,residential,Ohio
13655,2024-05-29,619.5,commercial,Illinois
13656,2024-05-30,402.1,residential,New York
13657,2024-05-31,414.9,residential,Georgia
13658,2024-06-01,927.6,industrial,Georgia
13659,2024-06-02,689.8,commercial,Texas
13660,2024-06-03,385.9,residential,Texas
13661,2024-06-04,691.0,commercial,New York
13662,2024-06-05,410.7,residential,Texas
13663,2024-06-06,954.3,industrial,California
13664,2024-06-07,924.6,industrial,Ohio
13665,2024-06-08,672.9,commercial,New York
13666,2024-06-09,590.5,commercial,Illinois
13667,2024-06-10,847.9,industrial,Texas
13668,2024-06-11,383.3,residential,Georgia
13669,2024-06-12,661.3,commercial,Texas
13670,2024-06-13,610.5,commercial,Ohio
13671,2024-06-14,850.9,industrial,Illinois
13672,2024-06-15,641.4,commercial,Texas
13673,2024-06-16,1008.3,industrial,Texas
13674,2024-06-17,691.8,commercial,Florida
13675,2024-06-18,936.4,industrial,Florida
13676,2024-06-19,855.4,industrial,California
13677,2024-06-20,897.4,industrial,New York
13678,2024-06-21,709.2,commercial,Ohio
13679,2024-06-22,368.1,residential,Illinois
13680,2024-06-23,353.5,residential,Illinois
13681,2024-06-24,461.0,residential,Texas
13682,2024-06-25,346.9,residential,Georgia
13683,2024-06-26,894.6,industrial,Georgia
13684,2024-06-27,908.5,industrial,New York
13685,2024-06-28,416.1,residential,Texas
13686,2024-06-29,446.7,residential,Texas
13687,2024-06-30,983.1,industrial,California
13688,2024-07-01,462.1,residential,Illinois
13689,2024-07-02,563.1,commercial,California
13690,2024-07-03,798.1,industrial,Ohio
13691,2024-07-04,522.5,residential,Florida
13692,2024-07-05,809.7,industrial,Ohio
13693,2024-07-06,328.0,residential,Texas
13694,2024-07-07,901.3,industrial,Texas
13695,2024-07-08,841.0,industrial,Georgia
13696,2024-07-09,859.1,industrial,Illinois
13697,2024-07-10,429.5,residential,Illinois
13698,2024-07-11,933.6,industrial,Texas
13699,2024-07-12,962.8,industrial,Georgia
13700,2024-07-13,732.9,commercial,Texas
13701,2024-07-14,887.0,industrial,Georgia
13702,2024-07-15,634.2,commercial,Florida
13703,2024-07-16,799.9,industrial,Ohio
13704,2024-07-17,936.4,industrial,Ohio
13705,2024-07-18,703.5,commercial,California
13706,2024-07-19,429.0,residential,Ohio
13707,2024-07-20,630.2,commercial,Ohio
13708,2024-07-21,891.3,industrial,California
13709,2024-07-22,1008.2,industrial,Illinois
13710,2024-07-23,353.0,residential,New York
13711,2024-07-24,890.0,industrial,New York
13712,2024-07-25,415.2,residential,Georgia
13713,2024-07-26,892.9,industrial,Georgia
13714,2024-07-27,866.7,industrial,New York
13715,2024-07-28,516.7,commercial,California
13716,2024-07-29,957.2,industrial,Georgia
13717,2024-07-30,275.0,residential,Texas
13718,2024-07-31,358.7,residential,Illinois
13719,2024-08-01,659.8,commercial,Florida
13720,2024-08-02,973.0,industrial,Ohio
13721,2024-08-03,875.9,industrial,Ohio
13722,2024-08-04,444.6,residential,New York
13723,2024-08-05,645.7,commercial,California
13724,2024-08-06,461.7,residential,Texas
13725,2024-08-07,631.9,commercial,New York
13726,2024-08-08,966.1,industrial,Ohio
13727,2024-08-09,645.0,commercial,Georgia
13728,2024-08-10,427.1,residential,New York
13729,2024-08-11,570.0,residential,New York
13730,2024-08-12,821.0,industrial,Georgia
13731,2024-08-13,397.5,residential,Florida
13732,2024-08-14,685.8,commercial,Florida
13733,2024-08-15,631.3,commercial,Illinois
13734,2024-08-16,867.5,industrial,Texas
13735,2024-08-17,412.0,residential,Illinois
13736,2024-08-18,494.9,residential,Ohio
13737,2024-08-19,707.3,commercial,Texas
13738,2024-08-20,406.3,residential,Florida
13739,2024-08-21,853.1,industrial,Georgia
13740,2024-08-22,658.0,commercial,Illinois
13741,2024-08-23,605.1,commercial,Georgia
13742,2024-08-24,931.8,industrial,California
13743,2024-08-25,354.7,residential,California
13744,2024-08-26,607.1,commercial,Georgia
13745,2024-08-27,467.9,residential,California
13746,2024-08-28,569.0,commercial,Florida
13747,2024-08-29,670.7,commercial,Florida
13748,2024-08-30,420.4,residential,New York
13749,2024-08-31,617.3,commercial,Illinois
13750,2024-09-01,592.2,commercial,Florida
13751,2024-09-02,932.0,industrial,Georgia
13752,2024-09-03,485.3,residential,Georgia
13753,2024-09-04,831.1,industrial,New York
13754,2024-09-05,696.7,commercial,Georgia
13755,2024-09-06,645.2,commercial,New York
13756,2024-09-07,600.9,commercial,Ohio
13757,2024-09-08,892.0,industrial,New York
13758,2024-09-09,917.1,industrial,Georgia
13759,2024-09-10,956.7,industrial,Texas
13760,2024-09-11,917.9,industrial,Ohio
13761,2024-09-12,845.9,industrial,Texas
13762,2024-09-13,570.1,commercial,Ohio
13763,2024-09-14,594.7,commercial,Ohio
13764,2024-09-15,411.9,residential,California
13765,2024-09-16,662.2,commercial,California
13766,2024-09-17,601.3,commercial,Texas
13767,2024-09-18,378.9,residential,Texas
13768,2024-09-19,722.7,commercial,California
13769,2024-09-20,421.1,residential,Florida
13770,2024-09-21,882.1,industrial,California
13771,2024-09-22,410.7,residential,Florida
13772,2024-09-23,653.9,commercial,Georgia
13773,2024-09-24,968.7,industrial,Georgia
13774,2024-09-25,786.7,commercial,Texas
13775,2024-09-26,405.9,residential,Ohio
13776,2024-09-27,723.1,commercial,Ohio
13777,2024-09-28,804.5,industrial,Illinois
13778,2024-09-29,334.4,residential,Texas
13779,2024-09-30,665.3,commercial,Florida
13780,2024-10-01,758.6,commercial,Georgia
13781,2024-10-02,923.3,industrial,Illinois
13782,2024-10-03,847.6,industrial,California
13783,2024-10-04,376.0,residential,Ohio
13784,2024-10-05,335.4,residential,Ohio
13785,2024-10-06,618.3,commercial,Florida
13786,2024-10-07,909.0,industrial,California
13787,2024-10-08,1030.8,industrial,Illinois
13788,2024-10-09,845.2,industrial,Georgia
13789,2024-10-10,411.9,residential,Illinois
13790,2024-10-11,746.9,commercial,California
13791,2024-10-12,416.2,residential,Florida
13792,2024-10-13,371.6,residential,Texas
13793,2024-10-14,1011.4,industrial,Texas
13794,2024-10-15,834.0,industrial,Ohio
13795,2024-10-16,816.9,industrial,Georgia
13796,2024-10-17,953.4,industrial,Florida
13797,2024-10-18,421.1,residential,California
13798,2024-10-19,374.1,residential,Florida
13799,2024-10-20,319.4,residential,Illinois
13800,2024-10-21,516.7,residential,New York
13801,2024-10-22,419.4,residential,Illinois
13802,2024-10-23,866.7,industrial,Ohio
13803,2024-10-24,927.0,industrial,Georgia
13804,2024-10-25,846.6,industrial,Florida
13805,2024-10-26,1011.4,industrial,Florida
13806,2024-10-27,637.8,commercial,California
13807,2024-10-28,465.9,residential,California
13808,2024-10-29,400.4,residential,Ohio
13809,2024-10-30,312.2,residential,Florida
13810,2024-10-31,857.0,industrial,New York
13811,2024-11-01,472.6,residential,Georgia
13812,2024-11-02,496.5,residential,Ohio
13813,2024-11-03,354.8,residential,Texas
13814,2024-11-04,639.4,commercial,Ohio
13815,2024-11-05,813.9,industrial,Ohio
13816,2024-11-06,602.3,commercial,Florida
13817,2024-11-07,714.2,commercial,Florida
13818,2024-11-08,737.7,commercial,New York
13819,2024-11-09,428.3,residential,Texas
13820,2024-11-10,657.0,commercial,New York
13821,2024-11-11,628.7,commercial,Georgia
13822,2024-11-12,548.6,commercial,Ohio
13823,2024-11-13,611.8,commercial,Florida
13824,2024-11-14,638.9,commercial,Ohio
13825,2024-11-15,912.0,industrial,New York
13826,2024-11-16,356.8,residential,Florida
13827,2024-11-17,953.7,industrial,Florida
13828,2024-11-18,296.4,residential,Georgia
13829,2024-11-19,385.0,residential,Texas
13830,2024-11-20,856.0,industrial,California
13831,2024-11-21,676.1,commercial,Texas
13832,2024-11-22,598.9,commercial,Illinois
13833,2024-11-23,492.4,residential,Florida
13834,2024-11-24,859.3,industrial,Ohio
13835,2024-11-25,414.5,residential,Florida
13836,2024-11-26,621.3,commercial,New York
13837,2024-11-27,692.7,commercial,Georgia
13838,2024-11-28,386.5,residential,Texas
13839,2024-11-29,576.3,commercial,Illinois
13840,2024-11-30,494.3,residential,California
13841,2024-12-01,708.9,industrial,Illinois
13842,2024-12-02,425.7,residential,Florida
13843,2024-12-03,436.0,residential,Ohio
13844,2024-12-04,922.7,industrial,Ohio
13845,2024-12-05,435.7,residential,Ohio
13846,2024-12-06,338.0,residential,California
13847,2024-12-07,693.5,commercial,Florida
13848,2024-12-08,931.9,industrial,California
13849,2024-12-09,773.5,industrial,Georgia
13850,2024-12-10,916.9,industrial,Florida
13851,2024-12-11,963.9,industrial,Texas
13852,2024-12-12,459.7,residential,New York
13853,2024-12-13,323.5,residential,Ohio
13854,2024-12-14,558.8,commercial,California
13855,2024-12-15,562.2,commercial,Illinois
13856,2024-12-16,858.1,industrial,New York
13857,2024-12-17,868.3,industrial,Illinois
13858,2024-12-18,967.8,industrial,Florida
13859,2024-12-19,904.8,industrial,Georgia
13860,2024-12-20,290.8,residential,California
13861,2024-12-21,689.2,commercial,Illinois
13862,2024-12-22,383.8,residential,New York
13863,2024-12-23,456.6,residential,New York
13864,2024-12-24,636.2,commercial,Georgia
13865,2024-12-25,623.5,commercial,Texas
13866,2024-12-26,632.1,commercial,Ohio
13867,2024-12-27,341.4,residential,Florida
13868,2024-12-28,393.3,residential,Texas
13869,2024-12-29,684.4,commercial,Illinois
13870,2024-12-30,890.8,industrial,New York
13871,2024-01-01,694.6,commercial,California
13872,2024-01-02,358.2,residential,Georgia
13873,2024-01-03,305.7,residential,California
13874,2024-01-04,866.2,industrial,Georgia
13875,2024-01-05,509.9,residential,Florida
13876,2024-01-06,762.5,commercial,Georgia
13877,2024-01-07,930.8,industrial,Ohio
13878,2024-01-08,416.2,residential,Texas
13879,2024-01-09,684.1,commercial,Georgia
13880,2024-01-10,1002.4,industrial,Illinois
13881,2024-01-11,666.9,commercial,Ohio
13882,2024-01-12,868.8,industrial,Florida
13883,2024-01-13,456.6,residential,California
13884,2024-01-14,953.3,industrial,New York
13885,2024-01-15,830.3,industrial,Ohio
13886,2024-01-16,841.7,industrial,California
13887,2024-01-17,619.1,commercial,California
13888,2024-01-18,883.0,industrial,New York
13889,2024-01-19,482.2,commercial,Ohio
13890,2024-01-20,697.6,commercial,Ohio
13891,2024-01-21,426.7,residential,Georgia
13892,2024-01-22,379.8,residential,Georgia
13893,2024-01-23,383.4,residential,Illinois
13894,2024-01-24,908.9,industrial,California
13895,2024-01-25,638.1,commercial,New York
13896,2024-01-26,619.1,commercial,New York
13897,2024-01-27,432.1,residential,Florida
13898,2024-01-28,622.0,commercial,Georgia
13899,2024-01-29,682.8,commercial,Florida
13900,2024-01-30,292.0,residential,Florida
13901,2024-01-31,1020.3,industrial,Georgia
13902,2024-02-01,888.7,industrial,Texas
13903,2024-02-02,691.4,commercial,New York
13904,2024-02-03,643.5,commercial,Texas
13905,2024-02-04,916.7,industrial,Ohio
13906,2024-02-05,376.2,residential,New York
13907,2024-02-06,701.2,commercial,Illinois
13908,2024-02-07,428.5,residential,Florida
13909,2024-02-08,338.3,residential,California
13910,2024-02-09,375.2,residential,Florida
13911,2024-02-10,914.2,industrial,Ohio
13912,2024-02-11,699.2,commercial,Ohio
13913,2024-02-12,467.7,residential,Florida
13914,2024-02-13,574.7,commercial,Georgia
13915,2024-02-14,977.2,industrial,California
13916,2024-02-15,459.9,residential,Illinois
13917,2024-02-16,675.5,commercial,California
13918,2024-02-17,517.6,commercial,California
13919,2024-02-18,877.2,industrial,Florida
13920,2024-02-19,912.4,industrial,Florida
13921,2024-02-20,940.7,industrial,Texas
13922,2024-02-21,704.0,commercial,Texas
13923,2024-02-22,700.7,commercial,Illinois
13924,2024-02-23,492.9,residential,Illinois
13925,2024-02-24,923.0,industrial,Ohio
13926,2024-02-25,329.1,residential,Texas
13927,2024-02-26,630.4,commercial,Texas
13928,2024-02-27,501.4,residential,California
13929,2024-02-28,934.2,industrial,Florida
13930,2024-02-29,974.6,industrial,California
13931,2024-03-01,941.4,industrial,Illinois
13932,2024-03-02,763.4,industrial,Georgia
13933,2024-03-03,614.2,commercial,California
13934,2024-03-04,390.3,residential,Georgia
13935,2024-03-05,373.6,residential,New York
13936,2024-03-06,943.7,industrial,Georgia
13937,2024-03-07,390.3,residential,Ohio
13938,2024-03-08,890.0,industrial,California
13939,2024-03-09,352.4,residential,Florida
13940,2024-03-10,623.1,commercial,Texas
13941,2024-03-11,853.7,industrial,Ohio
13942,2024-03-12,459.8,residential,Florida
13943,2024-03-13,416.2,residential,California
13944,2024-03-14,365.5,residential,California
13945,2024-03-15,822.5,industrial,Texas
13946,2024-03-16,453.5,residential,Florida
13947,2024-03-17,667.5,commercial,New York
13948,2024-03-18,944.4,industrial,Florida
13949,2024-03-19,969.1,industrial,California
13950,2024-03-20,624.2,commercial,California
13951,2024-03-21,533.3,commercial,New York
13952,2024-03-22,857.2,industrial,Texas
13953,2024-03-23,420.3,residential,Illinois
13954,2024-03-24,362.1,residential,Illinois
13955,2024-03-25,841.1,industrial,New York
13956,2024-03-26,891.8,industrial,Illinois
13957,2024-03-27,939.1,industrial,Georgia
13958,2024-03-28,328.0,residential,California
13959,2024-03-29,839.6,industrial,California
13960,2024-03-30,294.4,residential,Illinois
13961,2024-03-31,396.8,residential,New York
13962,2024-04-01,629.7,commercial,Ohio
13963,2024-04-02,687.6,commercial,Ohio
13964,2024-04-03,469.2,residential,New York
13965,2024-04-04,356.1,residential,Florida
13966,2024-04-05,1042.8,industrial,Georgia
13967,2024-04-06,582.7,commercial,Georgia
13968,2024-04-07,580.6,residential,Illinois
13969,2024-04-08,682.6,commercial,Texas
13970,2024-04-09,864.2,industrial,Ohio
13971,2024-04-10,565.0,commercial,Ohio
13972,2024-04-11,812.2,industrial,Ohio
13973,2024-04-12,387.1,residential,New York
13974,2024-04-13,525.1,commercial,New York
13975,2024-04-14,431.0,residential,Texas
13976,2024-04-15,804.0,industrial,California
13977,2024-04-16,811.6,industrial,California
13978,2024-04-17,510.9,residential,Texas
13979,2024-04-18,871.7,industrial,California
13980,2024-04-19,469.1,residential,Texas
13981,2024-04-20,955.8,industrial,Texas
13982,2024-04-21,593.7,commercial,New York
13983,2024-04-22,859.6,industrial,Illinois
13984,2024-04-23,1007.8,industrial,Illinois
13985,2024-04-24,580.2,commercial,Florida
13986,2024-04-25,1024.0,industrial,Texas
13987,2024-04-26,411.1,residential,New York
13988,2024-04-27,903.7,industrial,Texas
13989,2024-04-28,896.1,industrial,Illinois
13990,2024-04-29,434.1,residential,Texas
13991,2024-04-30,334.1,residential,California
13992,2024-05-01,663.9,commercial,New York
13993,2024-05-02,704.0,commercial,Georgia
13994,2024-05-03,368.3,residential,Texas
13995,2024-05-04,400.3,residential,Georgia
13996,2024-05-05,793.0,industrial,Texas
13997,2024-05-06,894.5,industrial,California
13998,2024-05-07,854.5,industrial,Ohio
13999,2024-05-08,657.0,commercial,Florida
14000,2024-05-09,657.1,commercial,New York
14001,2024-05-10,938.7,industrial,Georgia
14002,2024-05-11,470.1,residential,Ohio
14003,2024-05-12,864.2,industrial,Georgia
14004,2024-05-13,905.5,industrial,Georgia
14005,2024-05-14,346.9,residential,Florida
14006,2024-05-15,1020.7,industrial,California
14007,2024-05-16,857.7,industrial,California
14008,2024-05-17,422.6,residential,New York
14009,2024-05-18,642.4,commercial,Illinois
14010,2024-05-19,684.2,commercial,New York
14011,2024-05-20,658.4,commercial,Illinois
14012,2024-05-21,813.2,industrial,Georgia
14013,2024-05-22,395.1,residential,Texas
14014,2024-05-23,909.3,industrial,Texas
14015,2024-05-24,944.0,industrial,Ohio
14016,2024-05-25,444.5,residential,California
14017,2024-05-26,465.6,residential,Ohio
14018,2024-05-27,942.0,industrial,Florida
14019,2024-05-28,614.9,commercial,New York
14020,2024-05-29,557.8,commercial,Georgia
14021,2024-05-30,418.0,residential,Illinois
14022,2024-05-31,580.6,commercial,Georgia
14023,2024-06-01,857.2,industrial,New York
14024,2024-06-02,456.2,residential,California
14025,2024-06-03,624.5,commercial,Ohio
14026,2024-06-04,956.5,industrial,Texas
14027,2024-06-05,961.9,industrial,California
14028,2024-06-06,688.9,commercial,Illinois
14029,2024-06-07,401.6,residential,Georgia
14030,2024-06-08,898.3,industrial,Georgia
14031,2024-06-09,647.1,commercial,Florida
14032,2024-06-10,826.7,industrial,California
14033,2024-06-11,239.2,residential,Ohio
14034,2024-06-12,807.6,industrial,Illinois
14035,2024-06-13,402.4,residential,Illinois
14036,2024-06-14,374.2,residential,New York
14037,2024-06-15,768.5,commercial,New York
14038,2024-06-16,722.8,commercial,Florida
14039,2024-06-17,431.9,residential,Texas
14040,2024-06-18,274.7,residential,Georgia
14041,2024-06-19,974.2,industrial,Florida
14042,2024-06-20,883.1,industrial,Illinois
14043,2024-06-21,307.6,residential,California
14044,2024-06-22,386.8,residential,Ohio
14045,2024-06-23,473.9,residential,California
14046,2024-06-24,717.4,commercial,Georgia
14047,2024-06-25,629.1,commercial,Ohio
14048,2024-06-26,442.7,commercial,New York
14049,2024-06-27,698.5,commercial,California
14050,2024-06-28,992.9,industrial,Florida
14051,2024-06-29,919.0,industrial,New York
14052,2024-06-30,687.2,commercial,Georgia
14053,2024-07-01,961.7,industrial,Ohio
14054,2024-07-02,906.4,industrial,Ohio
14055,2024-07-03,576.9,commercial,Illinois
14056,2024-07-04,417.0,residential,New York
14057,2024-07-05,956.3,industrial,California
14058,2024-07-06,701.9,commercial,Florida
14059,2024-07-07,751.0,industrial,Georgia
14060,2024-07-08,667.2,commercial,Texas
14061,2024-07-09,447.1,residential,Florida
14062,2024-07-10,783.6,commercial,New York
14063,2024-07-11,800.2,industrial,Illinois
14064,2024-07-12,674.7,commercial,California
14065,2024-07-13,919.5,industrial,Texas
14066,2024-07-14,594.0,commercial,Texas
14067,2024-07-15,373.6,residential,Florida
14068,2024-07-16,997.1,industrial,Texas
14069,2024-07-17,613.8,commercial,Texas
14070,2024-07-18,790.5,industrial,Illinois
14071,2024-07-19,942.2,industrial,New York
14072,2024-07-20,800.8,industrial,Illinois
14073,2024-07-21,493.0,commercial,Ohio
14074,2024-07-22,778.8,industrial,Ohio
14075,2024-07-23,648.2,commercial,New York
14076,2024-07-24,918.8,industrial,Ohio
14077,2024-07-25,435.6,residential,California
14078,2024-07-26,580.3,commercial,Illinois
14079,2024-07-27,633.3,commercial,California
14080,2024-07-28,387.7,residential,Ohio
14081,2024-07-29,951.4,industrial,New York
14082,2024-07-30,710.6,commercial,Ohio
14083,2024-07-31,884.9,industrial,Illinois
14084,2024-08-01,645.9,commercial,Georgia
14085,2024-08-02,521.1,residential,Texas
14086,2024-08-03,862.5,industrial,Georgia
14087,2024-08-04,913.4,industrial,Ohio
14088,2024-08-05,358.9,residential,California
14089,2024-08-06,380.2,residential,Florida
14090,2024-08-07,978.3,industrial,Florida
14091,2024-08-08,613.0,commercial,Ohio
14092,2024-08-09,728.3,commercial,Ohio
14093,2024-08-10,618.9,commercial,Texas
14094,2024-08-11,945.4,industrial,Ohio
14095,2024-08-12,747.4,commercial,Ohio
14096,2024-08-13,911.2,industrial,New York
14097,2024-08-14,407.0,residential,Texas
14098,2024-08-15,532.0,commercial,Illinois
14099,2024-08-16,428.0,residential,Georgia
14100,2024-08-17,624.1,commercial,New York
14101,2024-08-18,645.8,commercial,Florida
14102,2024-08-19,891.3,industrial,Illinois
14103,2024-08-20,691.6,commercial,Ohio
14104,2024-08-21,889.3,industrial,New York
14105,2024-08-22,599.4,commercial,Texas
14106,2024-08-23,688.0,commercial,Texas
14107,2024-08-24,445.6,residential,Texas
14108,2024-08-25,417.4,residential,New York
14109,2024-08-26,894.3,industrial,New York
14110,2024-08-27,708.8,commercial,Ohio
14111,2024-08-28,855.0,industrial,Ohio
14112,2024-08-29,976.4,industrial,Florida
14113,2024-08-30,608.9,commercial,Florida
14114,2024-08-31,996.7,industrial,Georgia
14115,2024-09-01,356.1,residential,New York
14116,2024-09-02,762.3,commercial,Illinois
14117,2024-09-03,819.7,industrial,Illinois
14118,2024-09-04,698.5,commercial,Georgia
14119,2024-09-05,532.9,residential,New York
14120,2024-09-06,617.9,commercial,New York
14121,2024-09-07,681.6,commercial,Illinois
14122,2024-09-08,984.2,industrial,Georgia
14123,2024-09-09,680.9,commercial,Florida
14124,2024-09-10,669.0,commercial,Ohio
14125,2024-09-11,923.5,industrial,Texas
14126,2024-09-12,463.0,residential,Texas
14127,2024-09-13,900.4,industrial,Illinois
14128,2024-09-14,658.5,commercial,Florida
14129,2024-09-15,755.3,commercial,Ohio
14130,2024-09-16,399.1,residential,Georgia
14131,2024-09-17,843.4,industrial,Ohio
14132,2024-09-18,686.1,commercial,New York
14133,2024-09-19,640.2,commercial,California
14134,2024-09-20,599.4,commercial,Ohio
14135,2024-09-21,450.4,residential,Illinois
14136,2024-09-22,328.1,residential,California
14137,2024-09-23,415.9,residential,Georgia
14138,2024-09-24,873.4,industrial,Ohio
14139,2024-09-25,337.4,residential,Georgia
14140,2024-09-26,744.1,industrial,Florida
14141,2024-09-27,915.7,industrial,Georgia
14142,2024-09-28,942.3,industrial,Florida
14143,2024-09-29,944.7,industrial,Florida
14144,2024-09-30,554.8,commercial,Ohio
14145,2024-10-01,533.7,residential,Illinois
14146,2024-10-02,475.5,residential,Georgia
14147,2024-10-03,950.3,industrial,California
14148,2024-10-04,478.8,residential,California
14149,2024-10-05,724.9,commercial,Florida
14150,2024-10-06,564.2,residential,Ohio
14151,2024-10-07,567.3,commercial,Florida
14152,2024-10-08,922.0,industrial,Florida
14153,2024-10-09,398.8,residential,Illinois
14154,2024-10-10,936.8,industrial,Illinois
14155,2024-10-11,401.2,residential,Illinois
14156,2024-10-12,916.5,industrial,Illinois
14157,2024-10-13,416.2,residential,New York
14158,2024-10-14,917.3,industrial,Ohio
14159,2024-10-15,833.4,industrial,Illinois
14160,2024-10-16,635.7,commercial,Illinois
14161,2024-10-17,932.1,industrial,Illinois
14162,2024-10-18,595.3,commercial,Ohio
14163,2024-10-19,594.1,commercial,New York
14164,2024-10-20,371.1,residential,Texas
14165,2024-10-21,971.0,industrial,California
14166,2024-10-22,671.1,commercial,Florida
14167,2024-10-23,477.9,residential,Florida
14168,2024-10-24,948.2,industrial,Georgia
14169,2024-10-25,909.7,industrial,Illinois
14170,2024-10-26,867.0,industrial,Ohio
14171,2024-10-27,325.1,residential,Florida
14172,2024-10-28,394.7,residential,Ohio
14173,2024-10-29,686.8,commercial,Texas
14174,2024-10-30,325.9,residential,Georgia
14175,2024-10-31,649.9,commercial,Texas
14176,2024-11-01,442.6,residential,Georgia
14177,2024-11-02,850.2,industrial,New York
14178,2024-11-03,722.8,commercial,Georgia
14179,2024-11-04,890.8,industrial,Florida
14180,2024-11-05,625.3,commercial,Texas
14181,2024-11-06,750.0,commercial,Florida
14182,2024-11-07,446.3,residential,Florida
14183,2024-11-08,1006.5,industrial,Florida
14184,2024-11-09,383.4,residential,Texas
14185,2024-11-10,400.9,residential,Ohio
14186,2024-11-11,853.4,industrial,Ohio
14187,2024-11-12,665.1,commercial,Illinois
14188,2024-11-13,679.4,commercial,Ohio
14189,2024-11-14,849.0,industrial,New York
14190,2024-11-15,953.3,industrial,New York
14191,2024-11-16,504.0,commercial,California
14192,2024-11-17,986.1,industrial,Florida
14193,2024-11-18,430.4,residential,California
14194,2024-11-19,668.3,commercial,Georgia
14195,2024-11-20,695.1,commercial,Georgia
14196,2024-11-21,603.2,commercial,Illinois
14197,2024-11-22,300.9,residential,New York
14198,2024-11-23,411.9,residential,Ohio
14199,2024-11-24,916.1,industrial,Illinois
14200,2024-11-25,429.3,residential,California
14201,2024-11-26,910.6,industrial,California
14202,2024-11-27,845.5,industrial,New York
14203,2024-11-28,389.0,residential,New York
14204,2024-11-29,806.8,industrial,Florida
14205,2024-11-30,875.4,industrial,Illinois
14206,2024-12-01,590.1,commercial,Georgia
14207,2024-12-02,861.7,industrial,Ohio
14208,2024-12-03,369.2,residential,Illinois
14209,2024-12-04,423.5,residential,Florida
14210,2024-12-05,491.3,residential,Florida
14211,2024-12-06,929.3,industrial,Illinois
14212,2024-12-07,917.7,industrial,Ohio
14213,2024-12-08,774.7,industrial,California
14214,2024-12-09,924.2,industrial,Illinois
14215,2024-12-10,612.5,commercial,California
14216,2024-12-11,417.1,residential,Florida
14217,2024-12-12,599.4,commercial,Florida
14218,2024-12-13,921.4,industrial,Illinois
14219,2024-12-14,629.4,commercial,Ohio
14220,2024-12-15,891.8,industrial,New York
14221,2024-12-16,355.9,residential,Illinois
14222,2024-12-17,582.0,commercial,Florida
14223,2024-12-18,355.3,residential,Georgia
14224,2024-12-19,840.0,industrial,Florida
14225,2024-12-20,310.2,residential,Ohio
14226,2024-12-21,381.6,residential,Texas
14227,2024-12-22,626.5,commercial,Ohio
14228,2024-12-23,977.7,industrial,New York
14229,2024-12-24,609.4,commercial,New York
14230,2024-12-25,374.3,residential,New York
14231,2024-12-26,702.3,commercial,Georgia
14232,2024-12-27,374.7,residential,Illinois
14233,2024-12-28,898.2,industrial,Illinois
14234,2024-12-29,363.4,residential,Texas
14235,2024-12-30,369.0,residential,Ohio
14236,2024-01-01,401.3,residential,Georgia
14237,2024-01-02,732.5,commercial,Florida
14238,2024-01-03,875.8,industrial,Florida
14239,2024-01-04,514.4,residential,Texas
14240,2024-01-05,417.1,residential,Texas
14241,2024-01-06,930.7,industrial,Texas
14242,2024-01-07,621.6,commercial,Illinois
14243,2024-01-08,602.6,commercial,Texas
14244,2024-01-09,678.3,commercial,Illinois
14245,2024-01-10,799.7,commercial,California
14246,2024-01-11,403.1,residential,New York
14247,2024-01-12,969.5,industrial,Ohio
14248,2024-01-13,314.2,residential,Ohio
14249,2024-01-14,794.2,industrial,Texas
14250,2024-01-15,367.6,residential,Florida
14251,2024-01-16,875.3,industrial,California
14252,2024-01-17,916.2,industrial,Ohio
14253,2024-01-18,898.2,industrial,Illinois
14254,2024-01-19,572.6,commercial,Georgia
14255,2024-01-20,393.9,residential,Ohio
14256,2024-01-21,815.6,industrial,Georgia
14257,2024-01-22,429.8,residential,California
14258,2024-01-23,447.2,residential,New York
14259,2024-01-24,911.2,industrial,Illinois
14260,2024-01-25,703.1,commercial,California
14261,2024-01-26,317.9,residential,New York
14262,2024-01-27,816.7,industrial,Ohio
14263,2024-01-28,686.8,commercial,Texas
14264,2024-01-29,425.0,residential,Ohio
14265,2024-01-30,906.0,industrial,Georgia
14266,2024-01-31,905.9,industrial,Ohio
14267,2024-02-01,1024.5,industrial,New York
14268,2024-02-02,839.0,industrial,Georgia
14269,2024-02-03,918.4,industrial,Georgia
14270,2024-02-04,412.2,residential,Texas
14271,2024-02-05,712.6,commercial,California
14272,2024-02-06,848.8,industrial,California
14273,2024-02-07,947.6,industrial,Ohio
14274,2024-02-08,927.2,industrial,Georgia
14275,2024-02-09,634.5,commercial,Georgia
14276,2024-02-10,597.5,commercial,Ohio
14277,2024-02-11,515.0,residential,California
14278,2024-02-12,898.8,industrial,Texas
14279,2024-02-13,706.8,commercial,New York
14280,2024-02-14,692.3,commercial,California
14281,2024-02-15,681.5,commercial,Georgia
14282,2024-02-16,616.3,commercial,Illinois
14283,2024-02-17,620.9,commercial,Texas
14284,2024-02-18,591.8,residential,Georgia
14285,2024-02-19,716.4,commercial,Illinois
14286,2024-02-20,675.4,commercial,Texas
14287,2024-02-21,415.7,residential,Texas
14288,2024-02-22,746.9,commercial,Georgia
14289,2024-02-23,924.5,industrial,Florida
14290,2024-02-24,659.6,commercial,Texas
14291,2024-02-25,390.6,residential,Texas
14292,2024-02-26,612.5,commercial,California
14293,2024-02-27,325.0,residential,Illinois
14294,2024-02-28,848.4,industrial,Georgia
14295,2024-02-29,405.6,residential,New York
14296,2024-03-01,898.7,industrial,Florida
14297,2024-03-02,482.8,residential,Illinois
14298,2024-03-03,344.3,residential,Ohio
14299,2024-03-04,428.5,residential,New York
14300,2024-03-05,612.9,commercial,Ohio
14301,2024-03-06,867.8,industrial,Florida
14302,2024-03-07,644.5,commercial,Georgia
14303,2024-03-08,268.1,residential,Texas
14304,2024-03-09,652.7,commercial,Ohio
14305,2024-03-10,774.5,commercial,Florida
14306,2024-03-11,321.3,residential,California
14307,2024-03-12,962.9,industrial,Ohio
14308,2024-03-13,647.8,commercial,Illinois
14309,2024-03-14,659.1,commercial,New York
14310,2024-03-15,643.1,commercial,Ohio
14311,2024-03-16,1010.4,industrial,Florida
14312,2024-03-17,650.4,commercial,Texas
14313,2024-03-18,310.9,residential,Illinois
14314,2024-03-19,363.8,residential,Georgia
14315,2024-03-20,601.1,commercial,Florida
14316,2024-03-21,735.5,commercial,Georgia
14317,2024-03-22,630.3,commercial,Georgia
14318,2024-03-23,965.1,industrial,Ohio
14319,2024-03-24,277.7,residential,California
14320,2024-03-25,870.5,industrial,Texas
14321,2024-03-26,794.5,industrial,Illinois
14322,2024-03-27,642.2,commercial,Texas
14323,2024-03-28,260.9,residential,California
14324,2024-03-29,556.1,commercial,Georgia
14325,2024-03-30,490.9,residential,Texas
14326,2024-03-31,882.4,industrial,California
14327,2024-04-01,554.9,commercial,Florida
14328,2024-04-02,924.2,industrial,Texas
14329,2024-04-03,417.0,residential,Texas
14330,2024-04-04,673.6,commercial,California
14331,2024-04-05,410.9,residential,Georgia
14332,2024-04-06,697.2,commercial,Illinois
14333,2024-04-07,918.2,industrial,New York
14334,2024-04-08,906.6,industrial,New York
14335,2024-04-09,464.3,residential,Illinois
14336,2024-04-10,899.4,industrial,Florida
14337,2024-04-11,375.9,residential,Ohio
14338,2024-04-12,379.2,residential,Ohio
14339,2024-04-13,786.8,industrial,Texas
14340,2024-04-14,896.2,industrial,California
14341,2024-04-15,369.4,residential,Florida
14342,2024-04-16,480.1,residential,Texas
14343,2024-04-17,663.3,commercial,California
14344,2024-04-18,358.5,residential,Florida
14345,2024-04-19,612.9,commercial,Texas
14346,2024-04-20,514.1,residential,Georgia
14347,2024-04-21,664.7,commercial,Texas
14348,2024-04-22,434.1,residential,Texas
14349,2024-04-23,718.0,commercial,Illinois
14350,2024-04-24,622.9,commercial,Georgia
14351,2024-04-25,612.2,commercial,Texas
14352,2024-04-26,827.6,industrial,Ohio
14353,2024-04-27,388.0,residential,Illinois
14354,2024-04-28,903.6,industrial,Texas
14355,2024-04-29,724.8,commercial,Florida
14356,2024-04-30,295.9,residential,Georgia
14357,2024-05-01,407.9,residential,New York
14358,2024-05-02,617.4,commercial,California
14359,2024-05-03,694.5,commercial,Illinois
14360,2024-05-04,917.4,industrial,Georgia
14361,2024-05-05,545.0,commercial,Georgia
14362,2024-05-06,446.5,residential,Ohio
14363,2024-05-07,978.8,industrial,Texas
14364,2024-05-08,653.6,commercial,Ohio
14365,2024-05-09,958.4,industrial,New York
14366,2024-05-10,330.5,residential,New York
14367,2024-05-11,784.5,industrial,Illinois
14368,2024-05-12,980.2,industrial,Illinois
14369,2024-05-13,396.4,residential,New York
14370,2024-05-14,874.4,industrial,New York
14371,2024-05-15,381.4,residential,Georgia
14372,2024-05-16,722.6,commercial,New York
14373,2024-05-17,585.3,commercial,Texas
14374,2024-05-18,466.7,residential,Texas
14375,2024-05-19,576.0,commercial,Florida
14376,2024-05-20,492.8,residential,Georgia
14377,2024-05-21,619.0,commercial,Florida
14378,2024-05-22,944.7,industrial,Ohio
14379,2024-05-23,601.2,commercial,Illinois
14380,2024-05-24,922.3,industrial,Illinois
14381,2024-05-25,872.5,industrial,Georgia
14382,2024-05-26,590.0,commercial,Ohio
14383,2024-05-27,465.7,residential,Texas
14384,2024-05-28,861.3,industrial,Illinois
14385,2024-05-29,986.2,industrial,New York
14386,2024-05-30,896.9,industrial,Illinois
14387,2024-05-31,932.8,industrial,Ohio
14388,2024-06-01,362.0,residential,Illinois
14389,2024-06-02,863.9,industrial,California
14390,2024-06-03,776.8,commercial,Florida
14391,2024-06-04,517.7,residential,Ohio
14392,2024-06-05,624.8,commercial,Illinois
14393,2024-06-06,518.9,residential,Texas
14394,2024-06-07,900.9,industrial,California
14395,2024-06-08,928.2,industrial,Illinois
14396,2024-06-09,875.6,industrial,Illinois
14397,2024-06-10,366.2,residential,Florida
14398,2024-06-11,630.1,commercial,Ohio
14399,2024-06-12,592.7,commercial,Ohio
14400,2024-06-13,363.2,residential,California
14401,2024-06-14,778.9,commercial,Georgia
14402,2024-06-15,367.6,residential,California
14403,2024-06-16,400.2,residential,Ohio
14404,2024-06-17,378.5,residential,California
14405,2024-06-18,342.8,residential,Texas
14406,2024-06-19,540.2,commercial,California
14407,2024-06-20,322.9,residential,New York
14408,2024-06-21,308.2,residential,Texas
14409,2024-06-22,317.0,residential,Ohio
14410,2024-06-23,535.3,commercial,Florida
14411,2024-06-24,825.9,industrial,Ohio
14412,2024-06-25,943.8,industrial,New York
14413,2024-06-26,410.6,residential,Ohio
14414,2024-06-27,993.6,industrial,California
14415,2024-06-28,331.8,residential,New York
14416,2024-06-29,375.3,residential,California
14417,2024-06-30,592.2,commercial,Ohio
14418,2024-07-01,919.1,industrial,Florida
14419,2024-07-02,930.7,industrial,Georgia
14420,2024-07-03,816.3,industrial,Texas
14421,2024-07-04,950.9,industrial,Illinois
14422,2024-07-05,893.7,industrial,California
14423,2024-07-06,995.5,industrial,California
14424,2024-07-07,254.5,residential,Florida
14425,2024-07-08,615.0,commercial,New York
14426,2024-07-09,565.5,commercial,Ohio
14427,2024-07-10,377.8,residential,Illinois
14428,2024-07-11,888.1,industrial,Illinois
14429,2024-07-12,399.9,residential,Texas
14430,2024-07-13,383.6,residential,Florida
14431,2024-07-14,909.5,industrial,Ohio
14432,2024-07-15,767.9,industrial,California
14433,2024-07-16,330.4,residential,Georgia
14434,2024-07-17,924.4,industrial,Florida
14435,2024-07-18,941.9,industrial,Georgia
14436,2024-07-19,553.4,commercial,California
14437,2024-07-20,452.8,commercial,Georgia
14438,2024-07-21,644.4,commercial,Texas
14439,2024-07-22,717.2,commercial,Georgia
14440,2024-07-23,672.1,commercial,California
14441,2024-07-24,936.5,industrial,California
14442,2024-07-25,394.8,residential,California
14443,2024-07-26,855.7,industrial,New York
14444,2024-07-27,571.0,commercial,New York
14445,2024-07-28,585.0,commercial,California
14446,2024-07-29,671.4,commercial,Illinois
14447,2024-07-30,398.9,residential,Texas
14448,2024-07-31,434.9,residential,Texas
14449,2024-08-01,636.8,commercial,California
14450,2024-08-02,609.7,commercial,Ohio
14451,2024-08-03,609.4,commercial,Illinois
14452,2024-08-04,868.7,industrial,Georgia
14453,2024-08-05,788.1,commercial,Texas
14454,2024-08-06,397.8,residential,Ohio
14455,2024-08-07,336.7,residential,Texas
14456,2024-08-08,347.1,residential,Florida
14457,2024-08-09,571.8,commercial,Ohio
14458,2024-08-10,344.1,residential,California
14459,2024-08-11,351.8,residential,California
14460,2024-08-12,723.0,commercial,California
14461,2024-08-13,658.8,commercial,Ohio
14462,2024-08-14,544.9,residential,Texas
14463,2024-08-15,333.0,residential,Ohio
14464,2024-08-16,657.5,commercial,Georgia
14465,2024-08-17,603.5,commercial,Texas
14466,2024-08-18,329.8,residential,Ohio
14467,2024-08-19,846.7,industrial,California
14468,2024-08-20,397.3,residential,Illinois
14469,2024-08-21,430.1,residential,Georgia
14470,2024-08-22,406.3,residential,Georgia
14471,2024-08-23,913.3,industrial,New York
14472,2024-08-24,644.1,commercial,Florida
14473,2024-08-25,664.5,commercial,Ohio
14474,2024-08-26,811.9,industrial,Illinois
14475,2024-08-27,966.3,industrial,Illinois
14476,2024-08-28,454.3,residential,New York
14477,2024-08-29,636.4,commercial,Texas
14478,2024-08-30,518.1,commercial,New York
14479,2024-08-31,392.1,residential,Illinois
14480,2024-09-01,940.0,industrial,California
14481,2024-09-02,640.5,commercial,Florida
14482,2024-09-03,816.8,industrial,California
14483,2024-09-04,407.2,residential,Georgia
14484,2024-09-05,355.0,residential,Georgia
14485,2024-09-06,416.7,residential,Florida
14486,2024-09-07,575.6,commercial,Illinois
14487,2024-09-08,383.1,residential,Illinois
14488,2024-09-09,844.2,industrial,Florida
14489,2024-09-10,867.8,industrial,New York
14490,2024-09-11,591.4,commercial,Illinois
14491,2024-09-12,966.9,industrial,Ohio
14492,2024-09-13,912.9,industrial,New York
14493,2024-09-14,940.7,industrial,Texas
14494,2024-09-15,599.7,commercial,California
14495,2024-09-16,912.3,industrial,Ohio
14496,2024-09-17,898.6,industrial,Florida
14497,2024-09-18,1058.0,industrial,New York
14498,2024-09-19,568.4,commercial,Ohio
14499,2024-09-20,441.9,residential,Ohio
14500,2024-09-21,829.2,industrial,New York
14501,2024-09-22,789.3,industrial,Georgia
14502,2024-09-23,650.7,commercial,California
14503,2024-09-24,861.6,industrial,Florida
14504,2024-09-25,601.4,commercial,Georgia
14505,2024-09-26,473.3,residential,Georgia
14506,2024-09-27,478.7,residential,Ohio
14507,2024-09-28,414.2,residential,Illinois
14508,2024-09-29,365.1,residential,Texas
14509,2024-09-30,906.9,industrial,Ohio
14510,2024-10-01,395.5,residential,Georgia
14511,2024-10-02,674.9,commercial,Texas
14512,2024-10-03,1009.7,industrial,New York
14513,2024-10-04,673.6,commercial,Texas
14514,2024-10-05,363.2,residential,New York
14515,2024-10-06,862.5,industrial,Florida
14516,2024-10-07,641.5,commercial,New York
14517,2024-10-08,352.6,residential,Georgia
14518,2024-10-09,413.0,residential,New York
14519,2024-10-10,640.1,commercial,California
14520,2024-10-11,966.1,industrial,Georgia
14521,2024-10-12,911.1,industrial,Florida
14522,2024-10-13,979.5,industrial,Ohio
14523,2024-10-14,394.6,residential,Georgia
14524,2024-10-15,905.9,industrial,Georgia
14525,2024-10-16,941.1,industrial,Texas
14526,2024-10-17,898.9,industrial,Florida
14527,2024-10-18,775.0,industrial,Texas
14528,2024-10-19,951.3,industrial,Illinois
14529,2024-10-20,443.3,residential,New York
14530,2024-10-21,395.4,residential,Texas
14531,2024-10-22,504.8,commercial,New York
14532,2024-10-23,365.1,residential,New York
14533,2024-10-24,527.4,residential,California
14534,2024-10-25,925.7,industrial,Georgia
14535,2024-10-26,886.7,industrial,New York
14536,2024-10-27,428.2,residential,Texas
14537,2024-10-28,1031.1,industrial,California
14538,2024-10-29,279.1,residential,Ohio
14539,2024-10-30,400.4,residential,Ohio
14540,2024-10-31,391.0,residential,New York
14541,2024-11-01,703.5,commercial,California
14542,2024-11-02,388.0,residential,Ohio
14543,2024-11-03,857.7,industrial,Ohio
14544,2024-11-04,944.2,industrial,Florida
14545,2024-11-05,407.4,residential,Florida
14546,2024-11-06,650.6,commercial,Texas
14547,2024-11-07,603.8,commercial,Ohio
14548,2024-11-08,857.6,industrial,Florida
14549,2024-11-09,444.0,residential,Florida
14550,2024-11-10,843.8,industrial,Texas
14551,2024-11-11,622.9,commercial,Florida
14552,2024-11-12,933.4,industrial,Texas
14553,2024-11-13,932.3,industrial,Georgia
14554,2024-11-14,896.4,industrial,New York
14555,2024-11-15,594.6,commercial,Ohio
14556,2024-11-16,428.3,residential,Ohio
14557,2024-11-17,406.5,residential,California
14558,2024-11-18,965.8,industrial,Florida
14559,2024-11-19,479.2,residential,California
14560,2024-11-20,586.2,commercial,Illinois
14561,2024-11-21,692.0,commercial,Ohio
14562,2024-11-22,827.4,industrial,Illinois
14563,2024-11-23,422.6,residential,Ohio
14564,2024-11-24,945.8,industrial,Texas
14565,2024-11-25,834.7,industrial,Ohio
14566,2024-11-26,511.5,commercial,Georgia
14567,2024-11-27,667.5,commercial,Ohio
14568,2024-11-28,950.9,industrial,Illinois
14569,2024-11-29,634.3,commercial,Georgia
14570,2024-11-30,669.5,commercial,Florida
14571,2024-12-01,775.9,industrial,Georgia
14572,2024-12-02,849.7,industrial,California
14573,2024-12-03,575.2,commercial,Georgia
14574,2024-12-04,938.7,industrial,Texas
14575,2024-12-05,582.3,commercial,Georgia
14576,2024-12-06,926.2,industrial,Illinois
14577,2024-12-07,585.9,commercial,Ohio
14578,2024-12-08,342.3,residential,Ohio
14579,2024-12-09,366.4,residential,Texas
14580,2024-12-10,893.7,industrial,California
14581,2024-12-11,408.2,residential,California
14582,2024-12-12,852.3,industrial,California
14583,2024-12-13,345.2,residential,Florida
14584,2024-12-14,244.0,residential,Florida
14585,2024-12-15,446.7,residential,New York
14586,2024-12-16,849.5,industrial,Georgia
14587,2024-12-17,708.5,commercial,Florida
14588,2024-12-18,356.4,residential,California
14589,2024-12-19,476.1,residential,Georgia
14590,2024-12-20,822.0,industrial,New York
14591,2024-12-21,846.4,industrial,Florida
14592,2024-12-22,569.6,commercial,Georgia
14593,2024-12-23,870.6,industrial,New York
14594,2024-12-24,690.3,commercial,Florida
14595,2024-12-25,669.5,commercial,Texas
14596,2024-12-26,1027.5,industrial,California
14597,2024-12-27,910.1,industrial,Florida
14598,2024-12-28,428.1,residential,Illinois
14599,2024-12-29,972.7,industrial,California
14600,2024-12-30,830.1,industrial,Ohio
14601,2024-01-01,608.4,commercial,Texas
14602,2024-01-02,718.9,commercial,Illinois
14603,2024-01-03,383.8,residential,New York
14604,2024-01-04,656.8,commercial,Ohio
14605,2024-01-05,736.8,commercial,Ohio
14606,2024-01-06,556.2,commercial,Texas
14607,2024-01-07,914.8,industrial,Ohio
14608,2024-01-08,824.3,industrial,Illinois
14609,2024-01-09,316.6,residential,Ohio
14610,2024-01-10,474.1,residential,Florida
14611,2024-01-11,672.2,commercial,New York
14612,2024-01-12,529.1,commercial,Georgia
14613,2024-01-13,366.3,residential,Texas
14614,2024-01-14,657.7,commercial,Texas
14615,2024-01-15,681.3,commercial,Georgia
14616,2024-01-16,918.8,industrial,New York
14617,2024-01-17,609.7,commercial,Illinois
14618,2024-01-18,614.1,commercial,Florida
14619,2024-01-19,901.3,industrial,California
14620,2024-01-20,848.3,industrial,Texas
14621,2024-01-21,870.8,industrial,Florida
14622,2024-01-22,306.6,residential,Georgia
14623,2024-01-23,944.8,industrial,Florida
14624,2024-01-24,964.9,industrial,Florida
14625,2024-01-25,453.3,residential,Ohio
14626,2024-01-26,898.1,industrial,Illinois
14627,2024-01-27,595.1,commercial,Illinois
14628,2024-01-28,392.8,residential,California
14629,2024-01-29,332.9,residential,Ohio
14630,2024-01-30,591.7,commercial,Illinois
14631,2024-01-31,819.2,industrial,California
14632,2024-02-01,438.0,residential,Ohio
14633,2024-02-02,476.4,residential,Texas
14634,2024-02-03,623.2,commercial,Ohio
14635,2024-02-04,930.0,industrial,Ohio
14636,2024-02-05,905.3,industrial,Georgia
14637,2024-02-06,658.4,commercial,Texas
14638,2024-02-07,1019.1,industrial,Georgia
14639,2024-02-08,877.1,industrial,Georgia
14640,2024-02-09,677.7,commercial,Texas
14641,2024-02-10,324.8,residential,Texas
14642,2024-02-11,964.0,industrial,Florida
14643,2024-02-12,928.2,industrial,California
14644,2024-02-13,944.9,industrial,New York
14645,2024-02-14,394.8,residential,Illinois
14646,2024-02-15,445.3,residential,Georgia
14647,2024-02-16,600.6,commercial,Ohio
14648,2024-02-17,628.3,commercial,Florida
14649,2024-02-18,647.6,commercial,Georgia
14650,2024-02-19,715.4,commercial,Illinois
14651,2024-02-20,906.6,industrial,California
14652,2024-02-21,835.5,industrial,New York
14653,2024-02-22,873.9,industrial,Georgia
14654,2024-02-23,854.9,industrial,Ohio
14655,2024-02-24,339.0,residential,Florida
14656,2024-02-25,868.9,industrial,Georgia
14657,2024-02-26,845.7,industrial,California
14658,2024-02-27,394.2,residential,New York
14659,2024-02-28,368.8,residential,Georgia
14660,2024-02-29,631.1,commercial,Illinois
14661,2024-03-01,757.0,industrial,Texas
14662,2024-03-02,426.1,residential,California
14663,2024-03-03,675.8,commercial,Texas
14664,2024-03-04,763.9,industrial,Georgia
14665,2024-03-05,367.6,residential,New York
14666,2024-03-06,826.6,industrial,Georgia
14667,2024-03-07,983.7,industrial,Texas
14668,2024-03-08,487.4,commercial,New York
14669,2024-03-09,904.7,industrial,Ohio
14670,2024-03-10,857.1,industrial,New York
14671,2024-03-11,967.9,industrial,Ohio
14672,2024-03-12,832.9,industrial,Florida
14673,2024-03-13,704.5,commercial,California
14674,2024-03-14,944.9,industrial,Illinois
14675,2024-03-15,691.7,commercial,Florida
14676,2024-03-16,613.4,commercial,Ohio
14677,2024-03-17,652.4,commercial,New York
14678,2024-03-18,381.3,residential,Illinois
14679,2024-03-19,615.8,commercial,Ohio
14680,2024-03-20,665.1,commercial,California
14681,2024-03-21,388.3,residential,Georgia
14682,2024-03-22,597.2,commercial,New York
14683,2024-03-23,366.1,residential,Georgia
14684,2024-03-24,364.1,residential,Georgia
14685,2024-03-25,704.9,commercial,Texas
14686,2024-03-26,710.6,commercial,New York
14687,2024-03-27,720.4,commercial,California
14688,2024-03-28,976.6,industrial,Ohio
14689,2024-03-29,447.4,residential,New York
14690,2024-03-30,363.6,residential,Ohio
14691,2024-03-31,974.8,industrial,Illinois
14692,2024-04-01,776.2,industrial,New York
14693,2024-04-02,921.5,industrial,Florida
14694,2024-04-03,319.6,residential,California
14695,2024-04-04,870.7,industrial,Texas
14696,2024-04-05,959.6,industrial,Georgia
14697,2024-04-06,422.4,residential,Texas
14698,2024-04-07,486.5,commercial,Illinois
14699,2024-04-08,882.3,industrial,Florida
14700,2024-04-09,609.7,commercial,Ohio
14701,2024-04-10,644.0,commercial,New York
14702,2024-04-11,345.5,residential,Florida
14703,2024-04-12,664.6,commercial,Ohio
14704,2024-04-13,819.9,commercial,Florida
14705,2024-04-14,943.9,industrial,Georgia
14706,2024-04-15,688.1,commercial,Ohio
14707,2024-04-16,432.0,residential,Illinois
14708,2024-04-17,341.3,residential,California
14709,2024-04-18,378.6,residential,Ohio
14710,2024-04-19,360.2,residential,Illinois
14711,2024-04-20,641.6,commercial,Florida
14712,2024-04-21,307.3,residential,Florida
14713,2024-04-22,982.9,industrial,Florida
14714,2024-04-23,864.7,industrial,Georgia
14715,2024-04-24,605.9,commercial,California
14716,2024-04-25,980.3,industrial,New York
14717,2024-04-26,854.7,industrial,New York
14718,2024-04-27,488.8,residential,Illinois
14719,2024-04-28,841.6,industrial,Texas
14720,2024-04-29,635.1,commercial,Georgia
14721,2024-04-30,842.1,industrial,Illinois
14722,2024-05-01,940.7,industrial,Florida
14723,2024-05-02,949.7,industrial,Georgia
14724,2024-05-03,646.7,commercial,Illinois
14725,2024-05-04,923.1,industrial,Georgia
14726,2024-05-05,990.5,industrial,Ohio
14727,2024-05-06,394.3,residential,California
14728,2024-05-07,636.9,commercial,New York
14729,2024-05-08,920.7,industrial,Florida
14730,2024-05-09,878.4,industrial,Texas
14731,2024-05-10,922.5,industrial,New York
14732,2024-05-11,695.2,commercial,Texas
14733,2024-05-12,355.4,residential,Ohio
14734,2024-05-13,420.3,residential,Illinois
14735,2024-05-14,642.1,commercial,Texas
14736,2024-05-15,639.5,commercial,Ohio
14737,2024-05-16,407.7,residential,California
14738,2024-05-17,651.1,commercial,New York
14739,2024-05-18,655.1,commercial,Florida
14740,2024-05-19,712.2,commercial,Ohio
14741,2024-05-20,591.9,commercial,California
14742,2024-05-21,625.3,commercial,California
14743,2024-05-22,524.8,commercial,California
14744,2024-05-23,900.7,industrial,Texas
14745,2024-05-24,916.7,industrial,Texas
14746,2024-05-25,1010.3,industrial,Florida
14747,2024-05-26,480.1,residential,Florida
14748,2024-05-27,959.2,industrial,Ohio
14749,2024-05-28,655.5,commercial,New York
14750,2024-05-29,302.3,residential,Illinois
14751,2024-05-30,436.1,residential,Ohio
14752,2024-05-31,962.8,industrial,Georgia
14753,2024-06-01,743.0,commercial,Illinois
14754,2024-06-02,656.0,commercial,Ohio
14755,2024-06-03,467.8,residential,California
14756,2024-06-04,569.6,residential,Illinois
14757,2024-06-05,874.3,industrial,Illinois
14758,2024-06-06,740.5,commercial,Georgia
14759,2024-06-07,335.8,residential,Ohio
14760,2024-06-08,395.3,residential,Texas
14761,2024-06-09,409.8,residential,Florida
14762,2024-06-10,585.6,commercial,Ohio
14763,2024-06-11,858.7,industrial,California
14764,2024-06-12,465.6,residential,Texas
14765,2024-06-13,959.7,industrial,Illinois
14766,2024-06-14,638.5,commercial,Texas
14767,2024-06-15,316.3,residential,New York
14768,2024-06-16,938.1,industrial,Ohio
14769,2024-06-17,834.4,industrial,New York
14770,2024-06-18,453.3,residential,Texas
14771,2024-06-19,870.5,industrial,Texas
14772,2024-06-20,886.2,industrial,Georgia
14773,2024-06-21,352.4,residential,Illinois
14774,2024-06-22,364.4,residential,Georgia
14775,2024-06-23,466.1,residential,California
14776,2024-06-24,574.4,commercial,California
14777,2024-06-25,854.4,industrial,Texas
14778,2024-06-26,547.1,commercial,Illinois
14779,2024-06-27,368.6,residential,Illinois
14780,2024-06-28,850.2,industrial,New York
14781,2024-06-29,799.4,industrial,Texas
14782,2024-06-30,504.4,residential,Illinois
14783,2024-07-01,586.0,commercial,Florida
14784,2024-07-02,953.0,industrial,Georgia
14785,2024-07-03,335.9,residential,California
14786,2024-07-04,930.9,industrial,Illinois
14787,2024-07-05,438.4,residential,California
14788,2024-07-06,619.7,commercial,California
14789,2024-07-07,449.5,residential,Florida
14790,2024-07-08,346.6,residential,Ohio
14791,2024-07-09,394.8,residential,New York
14792,2024-07-10,863.5,industrial,Texas
14793,2024-07-11,399.7,residential,Ohio
14794,2024-07-12,624.3,commercial,Ohio
14795,2024-07-13,647.6,commercial,Georgia
14796,2024-07-14,974.2,industrial,New York
14797,2024-07-15,586.2,commercial,Florida
14798,2024-07-16,361.4,residential,California
14799,2024-07-17,954.7,industrial,Texas
14800,2024-07-18,676.0,commercial,Illinois
14801,2024-07-19,696.7,commercial,New York
14802,2024-07-20,807.8,industrial,California
14803,2024-07-21,876.0,industrial,New York
14804,2024-07-22,982.8,industrial,Illinois
14805,2024-07-23,398.8,residential,Ohio
14806,2024-07-24,823.5,industrial,Illinois
14807,2024-07-25,687.7,commercial,Georgia
14808,2024-07-26,352.9,residential,Texas
14809,2024-07-27,479.9,residential,Georgia
14810,2024-07-28,446.7,residential,Illinois
14811,2024-07-29,672.6,commercial,Georgia
14812,2024-07-30,392.6,residential,Texas
14813,2024-07-31,592.6,commercial,New York
14814,2024-08-01,567.2,commercial,Illinois
14815,2024-08-02,396.0,residential,Ohio
14816,2024-08-03,901.2,industrial,New York
14817,2024-08-04,322.2,residential,Illinois
14818,2024-08-05,1056.0,industrial,Ohio
14819,2024-08-06,767.0,commercial,Georgia
14820,2024-08-07,922.9,industrial,Florida
14821,2024-08-08,1055.4,industrial,Georgia
14822,2024-08-09,612.0,commercial,Illinois
14823,2024-08-10,300.0,residential,Florida
14824,2024-08-11,571.9,commercial,Ohio
14825,2024-08-12,992.4,industrial,Texas
14826,2024-08-13,765.7,commercial,Florida
14827,2024-08-14,938.7,industrial,Florida
14828,2024-08-15,616.7,commercial,Ohio
14829,2024-08-16,932.1,industrial,Georgia
14830,2024-08-17,608.3,commercial,Illinois
14831,2024-08-18,964.7,industrial,Ohio
14832,2024-08-19,929.2,industrial,California
14833,2024-08-20,705.3,commercial,Georgia
14834,2024-08-21,378.3,residential,New York
14835,2024-08-22,751.6,commercial,Texas
14836,2024-08-23,376.4,residential,Ohio
14837,2024-08-24,644.4,commercial,Ohio
14838,2024-08-25,805.7,industrial,New York
14839,2024-08-26,950.5,industrial,Ohio
14840,2024-08-27,909.4,industrial,Georgia
14841,2024-08-28,773.5,industrial,New York
14842,2024-08-29,685.3,commercial,Florida
14843,2024-08-30,655.7,commercial,Ohio
14844,2024-08-31,988.6,industrial,Florida
14845,2024-09-01,929.5,industrial,Florida
14846,2024-09-02,273.8,residential,Florida
14847,2024-09-03,466.7,residential,Texas
14848,2024-09-04,936.6,industrial,Ohio
14849,2024-09-05,539.0,commercial,Florida
14850,2024-09-06,369.8,residential,Ohio
14851,2024-09-07,483.1,residential,Texas
14852,2024-09-08,1006.0,industrial,Georgia
14853,2024-09-09,629.7,commercial,Illinois
14854,2024-09-10,877.7,industrial,Illinois
14855,2024-09-11,720.1,commercial,Illinois
14856,2024-09-12,448.3,residential,New York
14857,2024-09-13,1023.4,industrial,Texas
14858,2024-09-14,794.0,industrial,Florida
14859,2024-09-15,871.6,industrial,Georgia
14860,2024-09-16,1026.5,industrial,Illinois
14861,2024-09-17,928.3,industrial,Florida
14862,2024-09-18,657.4,commercial,Florida
14863,2024-09-19,439.6,residential,Florida
14864,2024-09-20,1012.8,industrial,Georgia
14865,2024-09-21,853.5,industrial,Georgia
14866,2024-09-22,512.8,residential,Georgia
14867,2024-09-23,770.4,industrial,Ohio
14868,2024-09-24,892.7,industrial,Georgia
14869,2024-09-25,574.5,commercial,Illinois
14870,2024-09-26,578.6,commercial,Florida
14871,2024-09-27,627.3,commercial,Illinois
14872,2024-09-28,432.4,residential,Illinois
14873,2024-09-29,436.3,residential,Florida
14874,2024-09-30,923.2,industrial,Texas
14875,2024-10-01,467.9,residential,California
14876,2024-10-02,670.9,commercial,Illinois
14877,2024-10-03,865.2,industrial,Illinois
14878,2024-10-04,352.1,residential,Georgia
14879,2024-10-05,490.3,residential,Florida
14880,2024-10-06,640.3,commercial,California
14881,2024-10-07,565.2,commercial,New York
14882,2024-10-08,993.6,industrial,California
14883,2024-10-09,879.6,industrial,California
14884,2024-10-10,302.2,residential,Illinois
14885,2024-10-11,582.5,commercial,Florida
14886,2024-10-12,849.2,industrial,Florida
14887,2024-10-13,356.0,residential,Illinois
14888,2024-10-14,816.8,industrial,Texas
14889,2024-10-15,603.7,commercial,New York
14890,2024-10-16,404.9,residential,Georgia
14891,2024-10-17,350.5,residential,Florida
14892,2024-10-18,930.5,industrial,Georgia
14893,2024-10-19,534.1,commercial,New York
14894,2024-10-20,819.4,industrial,Texas
14895,2024-10-21,642.1,commercial,Florida
14896,2024-10-22,384.1,residential,Illinois
14897,2024-10-23,415.3,residential,Illinois
14898,2024-10-24,863.0,industrial,Texas
14899,2024-10-25,456.5,residential,New York
14900,2024-10-26,878.4,industrial,Georgia
14901,2024-10-27,966.0,industrial,California
14902,2024-10-28,743.8,commercial,California
14903,2024-10-29,846.8,industrial,Illinois
14904,2024-10-30,676.7,commercial,Texas
14905,2024-10-31,348.1,residential,Illinois
14906,2024-11-01,648.6,commercial,Georgia
14907,2024-11-02,987.9,industrial,California
14908,2024-11-03,892.3,industrial,Florida
14909,2024-11-04,720.1,commercial,Florida
14910,2024-11-05,436.9,residential,Georgia
14911,2024-11-06,425.0,residential,Ohio
14912,2024-11-07,409.3,residential,Texas
14913,2024-11-08,508.6,residential,Florida
14914,2024-11-09,276.4,residential,Florida
14915,2024-11-10,446.5,residential,Georgia
14916,2024-11-11,334.5,residential,Illinois
14917,2024-11-12,601.9,commercial,Texas
14918,2024-11-13,752.8,commercial,Georgia
14919,2024-11-14,398.6,residential,California
14920,2024-11-15,956.1,industrial,Florida
14921,2024-11-16,398.2,residential,Georgia
14922,2024-11-17,691.2,commercial,Texas
14923,2024-11-18,560.4,commercial,Illinois
14924,2024-11-19,895.9,industrial,Florida
14925,2024-11-20,469.5,residential,New York
14926,2024-11-21,781.4,industrial,Texas
14927,2024-11-22,897.9,industrial,California
14928,2024-11-23,1000.7,industrial,California
14929,2024-11-24,353.2,residential,Texas
14930,2024-11-25,624.8,commercial,California
14931,2024-11-26,863.4,industrial,Florida
14932,2024-11-27,860.6,industrial,California
14933,2024-11-28,970.1,industrial,Florida
14934,2024-11-29,944.8,industrial,Florida
14935,2024-11-30,807.8,industrial,Ohio
14936,2024-12-01,979.4,industrial,Texas
14937,2024-12-02,676.3,commercial,New York
14938,2024-12-03,900.1,industrial,Texas
14939,2024-12-04,961.1,industrial,California
14940,2024-12-05,844.2,industrial,Florida
14941,2024-12-06,650.6,commercial,New York
14942,2024-12-07,934.6,industrial,Illinois
14943,2024-12-08,693.5,commercial,Illinois
14944,2024-12-09,565.4,residential,Illinois
14945,2024-12-10,419.6,residential,Florida
14946,2024-12-11,875.0,industrial,Florida
14947,2024-12-12,891.0,industrial,Georgia
14948,2024-12-13,431.1,residential,Texas
14949,2024-12-14,811.9,industrial,Texas
14950,2024-12-15,909.1,industrial,California
14951,2024-12-16,335.9,residential,Texas
14952,2024-12-17,637.5,commercial,Texas
14953,2024-12-18,683.5,commercial,Georgia
14954,2024-12-19,348.6,residential,Georgia
14955,2024-12-20,355.9,residential,Florida
14956,2024-12-21,461.1,residential,Georgia
14957,2024-12-22,427.5,residential,Florida
14958,2024-12-23,532.4,commercial,California
14959,2024-12-24,916.7,industrial,Texas
14960,2024-12-25,331.8,residential,California
14961,2024-12-26,932.2,industrial,Florida
14962,2024-12-27,659.2,commercial,New York
14963,2024-12-28,394.0,residential,Florida
14964,2024-12-29,646.5,commercial,Illinois
14965,2024-12-30,592.1,commercial,Ohio
14966,2024-01-01,899.6,industrial,California
14967,2024-01-02,953.3,industrial,New York
14968,2024-01-03,919.4,industrial,Georgia
14969,2024-01-04,847.0,industrial,Illinois
14970,2024-01-05,945.7,industrial,New York
14971,2024-01-06,402.3,residential,Florida
14972,2024-01-07,700.3,commercial,California
14973,2024-01-08,827.6,industrial,Texas
14974,2024-01-09,538.9,commercial,California
14975,2024-01-10,584.1,commercial,California
14976,2024-01-11,923.1,industrial,Ohio
14977,2024-01-12,372.6,residential,Georgia
14978,2024-01-13,433.0,residential,Texas
14979,2024-01-14,978.9,industrial,Illinois
14980,2024-01-15,724.1,commercial,Georgia
14981,2024-01-16,668.4,commercial,Texas
14982,2024-01-17,410.4,residential,Ohio
14983,2024-01-18,569.6,commercial,California
14984,2024-01-19,645.2,commercial,Ohio
14985,2024-01-20,897.1,industrial,Georgia
14986,2024-01-21,344.0,residential,Georgia
14987,2024-01-22,575.8,commercial,New York
14988,2024-01-23,852.4,industrial,Ohio
14989,2024-01-24,386.3,residential,Illinois
14990,2024-01-25,431.9,residential,Texas
14991,2024-01-26,765.7,commercial,Florida
14992,2024-01-27,914.9,industrial,California
14993,2024-01-28,321.2,residential,California
14994,2024-01-29,271.8,residential,Florida
14995,2024-01-30,441.3,residential,California
14996,2024-01-31,621.2,commercial,Texas
14997,2024-02-01,671.8,commercial,California
14998,2024-02-02,941.0,industrial,Ohio
14999,2024-02-03,928.5,industrial,California
15000,2024-02-04,849.3,industrial,Texas
15001,2024-02-05,625.9,commercial,New York
15002,2024-02-06,684.3,commercial,California
15003,2024-02-07,884.9,industrial,Illinois
15004,2024-02-08,579.3,commercial,Texas
15005,2024-02-09,719.4,commercial,Texas
15006,2024-02-10,931.8,industrial,Ohio
15007,2024-02-11,821.5,industrial,Ohio
15008,2024-02-12,782.8,commercial,Ohio
15009,2024-02-13,412.4,residential,Illinois
15010,2024-02-14,436.4,residential,Ohio
15011,2024-02-15,637.1,commercial,Texas
15012,2024-02-16,906.7,industrial,Ohio
15013,2024-02-17,628.6,commercial,Illinois
15014,2024-02-18,604.3,commercial,California
15015,2024-02-19,391.0,residential,Illinois
15016,2024-02-20,829.0,industrial,Florida
15017,2024-02-21,396.0,residential,New York
15018,2024-02-22,900.0,industrial,Georgia
15019,2024-02-23,333.9,residential,Georgia
15020,2024-02-24,1052.5,industrial,California
15021,2024-02-25,944.8,industrial,California
15022,2024-02-26,386.2,residential,Texas
15023,2024-02-27,631.8,commercial,New York
15024,2024-02-28,749.5,commercial,Illinois
15025,2024-02-29,403.0,residential,Illinois
15026,2024-03-01,443.8,residential,California
15027,2024-03-02,979.4,industrial,Florida
15028,2024-03-03,871.2,industrial,Texas
15029,2024-03-04,530.5,residential,Illinois
15030,2024-03-05,715.6,commercial,Florida
15031,2024-03-06,656.4,commercial,Ohio
15032,2024-03-07,426.3,residential,Ohio
15033,2024-03-08,380.4,residential,Florida
15034,2024-03-09,576.6,commercial,California
15035,2024-03-10,777.1,commercial,Georgia
15036,2024-03-11,899.6,industrial,Georgia
15037,2024-03-12,623.1,commercial,Georgia
15038,2024-03-13,621.5,commercial,New York
15039,2024-03-14,704.0,commercial,California
15040,2024-03-15,728.7,commercial,New York
15041,2024-03-16,620.7,commercial,New York
15042,2024-03-17,455.9,residential,Texas
15043,2024-03-18,866.6,industrial,New York
15044,2024-03-19,830.7,industrial,Ohio
15045,2024-03-20,910.9,industrial,Florida
15046,2024-03-21,922.9,industrial,California
15047,2024-03-22,480.8,commercial,California
15048,2024-03-23,678.4,commercial,Ohio
15049,2024-03-24,374.3,residential,Texas
15050,2024-03-25,691.1,commercial,Illinois
15051,2024-03-26,685.8,commercial,Texas
15052,2024-03-27,916.9,industrial,Georgia
15053,2024-03-28,910.0,industrial,Illinois
15054,2024-03-29,331.9,residential,Florida
15055,2024-03-30,881.9,industrial,Texas
15056,2024-03-31,638.9,commercial,California
15057,2024-04-01,865.3,industrial,Texas
15058,2024-04-02,375.5,residential,New York
15059,2024-04-03,291.9,residential,New York
15060,2024-04-04,805.0,industrial,New York
15061,2024-04-05,933.6,industrial,Illinois
15062,2024-04-06,678.5,commercial,California
15063,2024-04-07,952.8,industrial,Ohio
15064,2024-04-08,608.4,commercial,Ohio
15065,2024-04-09,600.1,commercial,Florida
15066,2024-04-10,396.0,residential,Illinois
15067,2024-04-11,621.3,commercial,Florida
15068,2024-04-12,578.6,residential,Texas
15069,2024-04-13,934.5,industrial,California
15070,2024-04-14,865.3,industrial,Illinois
15071,2024-04-15,1063.3,industrial,Florida
15072,2024-04-16,714.1,commercial,Texas
15073,2024-04-17,438.4,residential,Texas
15074,2024-04-18,888.9,industrial,Texas
15075,2024-04-19,464.8,residential,New York
15076,2024-04-20,1052.7,industrial,California
15077,2024-04-21,438.6,residential,Ohio
15078,2024-04-22,729.0,commercial,California
15079,2024-04-23,514.4,commercial,California
15080,2024-04-24,884.2,industrial,Texas
15081,2024-04-25,449.9,residential,Ohio
15082,2024-04-26,462.0,residential,Georgia
15083,2024-04-27,488.3,residential,Florida
15084,2024-04-28,476.3,residential,Ohio
15085,2024-04-29,456.0,residential,New York
15086,2024-04-30,694.8,commercial,California
15087,2024-05-01,492.5,residential,Georgia
15088,2024-05-02,879.0,industrial,Illinois
15089,2024-05-03,618.6,commercial,Ohio
15090,2024-05-04,454.2,residential,Georgia
15091,2024-05-05,701.3,commercial,New York
15092,2024-05-06,953.4,industrial,Ohio
15093,2024-05-07,871.2,industrial,New York
15094,2024-05-08,953.0,industrial,Georgia
15095,2024-05-09,679.9,commercial,Ohio
15096,2024-05-10,924.6,industrial,Ohio
15097,2024-05-11,443.9,residential,Georgia
15098,2024-05-12,733.7,commercial,Georgia
15099,2024-05-13,703.2,commercial,Texas
15100,2024-05-14,666.5,commercial,Georgia
15101,2024-05-15,409.6,residential,Texas
15102,2024-05-16,398.4,residential,Texas
15103,2024-05-17,918.2,industrial,New York
15104,2024-05-18,885.5,industrial,California
15105,2024-05-19,845.8,industrial,Georgia
15106,2024-05-20,426.4,residential,Georgia
15107,2024-05-21,870.0,industrial,New York
15108,2024-05-22,424.2,residential,New York
15109,2024-05-23,267.9,residential,California
15110,2024-05-24,370.0,residential,Georgia
15111,2024-05-25,1019.9,industrial,Georgia
15112,2024-05-26,389.4,residential,Texas
15113,2024-05-27,364.8,residential,Illinois
15114,2024-05-28,518.8,residential,California
15115,2024-05-29,595.2,commercial,California
15116,2024-05-30,418.8,residential,Florida
15117,2024-05-31,699.6,commercial,Texas
15118,2024-06-01,996.4,industrial,Ohio
15119,2024-06-02,608.9,commercial,Illinois
15120,2024-06-03,351.7,residential,Illinois
15121,2024-06-04,861.3,industrial,Georgia
15122,2024-06-05,604.5,commercial,Georgia
15123,2024-06-06,515.6,residential,California
15124,2024-06-07,875.5,industrial,Ohio
15125,2024-06-08,943.7,industrial,Florida
15126,2024-06-09,394.3,residential,California
15127,2024-06-10,436.1,residential,Georgia
15128,2024-06-11,447.3,residential,Illinois
15129,2024-06-12,837.7,industrial,Texas
15130,2024-06-13,873.9,industrial,Texas
15131,2024-06-14,325.0,residential,Illinois
15132,2024-06-15,438.8,residential,Ohio
15133,2024-06-16,315.1,residential,Florida
15134,2024-06-17,783.7,industrial,Florida
15135,2024-06-18,931.5,industrial,California
15136,2024-06-19,347.4,residential,Illinois
15137,2024-06-20,838.4,industrial,Florida
15138,2024-06-21,711.9,commercial,Texas
15139,2024-06-22,923.8,industrial,Florida
15140,2024-06-23,390.6,residential,Texas
15141,2024-06-24,312.3,residential,Texas
15142,2024-06-25,617.0,commercial,Florida
15143,2024-06-26,362.8,residential,New York
15144,2024-06-27,436.7,residential,Texas
15145,2024-06-28,908.5,industrial,Georgia
15146,2024-06-29,448.7,residential,Florida
15147,2024-06-30,690.4,commercial,California
15148,2024-07-01,243.7,residential,Georgia
15149,2024-07-02,414.0,residential,Illinois
15150,2024-07-03,599.3,commercial,Texas
15151,2024-07-04,809.6,industrial,Ohio
15152,2024-07-05,961.9,industrial,Florida
15153,2024-07-06,398.8,residential,California
15154,2024-07-07,617.7,commercial,Ohio
15155,2024-07-08,343.9,residential,California
15156,2024-07-09,927.0,industrial,California
15157,2024-07-10,800.1,industrial,Texas
15158,2024-07-11,723.1,commercial,California
15159,2024-07-12,418.6,residential,New York
15160,2024-07-13,839.0,industrial,California
15161,2024-07-14,464.4,residential,Texas
15162,2024-07-15,603.8,commercial,New York
15163,2024-07-16,763.5,commercial,Ohio
15164,2024-07-17,654.6,commercial,Florida
15165,2024-07-18,604.2,commercial,Illinois
15166,2024-07-19,916.4,industrial,Texas
15167,2024-07-20,513.6,commercial,Texas
15168,2024-07-21,933.6,industrial,Illinois
15169,2024-07-22,782.1,commercial,Florida
15170,2024-07-23,819.5,industrial,California
15171,2024-07-24,470.8,residential,Texas
15172,2024-07-25,518.5,commercial,New York
15173,2024-07-26,442.4,residential,Illinois
15174,2024-07-27,446.2,residential,New York
15175,2024-07-28,804.1,commercial,Illinois
15176,2024-07-29,282.1,residential,Ohio
15177,2024-07-30,703.5,commercial,Georgia
15178,2024-07-31,628.3,commercial,Ohio
15179,2024-08-01,456.0,residential,Ohio
15180,2024-08-02,830.7,industrial,Ohio
15181,2024-08-03,605.4,commercial,California
15182,2024-08-04,398.1,residential,New York
15183,2024-08-05,886.7,industrial,Georgia
15184,2024-08-06,601.0,commercial,Texas
15185,2024-08-07,550.5,commercial,Illinois
15186,2024-08-08,890.2,industrial,Georgia
15187,2024-08-09,418.6,residential,California
15188,2024-08-10,740.4,commercial,California
15189,2024-08-11,702.9,commercial,New York
15190,2024-08-12,884.0,industrial,Ohio
15191,2024-08-13,626.8,commercial,Florida
15192,2024-08-14,368.8,residential,California
15193,2024-08-15,463.1,residential,Texas
15194,2024-08-16,302.2,residential,California
15195,2024-08-17,707.8,commercial,Georgia
15196,2024-08-18,404.7,residential,Illinois
15197,2024-08-19,642.1,commercial,Georgia
15198,2024-08-20,975.6,industrial,Illinois
15199,2024-08-21,934.7,industrial,Texas
15200,2024-08-22,585.1,commercial,Illinois
15201,2024-08-23,971.3,industrial,Texas
15202,2024-08-24,340.9,residential,Florida
15203,2024-08-25,572.2,commercial,Florida
15204,2024-08-26,346.9,residential,Florida
15205,2024-08-27,750.3,commercial,Ohio
15206,2024-08-28,645.2,commercial,Texas
15207,2024-08-29,421.1,residential,Georgia
15208,2024-08-30,906.4,industrial,Ohio
15209,2024-08-31,1003.7,industrial,Texas
15210,2024-09-01,850.1,industrial,California
15211,2024-09-02,398.2,residential,Georgia
15212,2024-09-03,952.9,industrial,Texas
15213,2024-09-04,698.0,commercial,Florida
15214,2024-09-05,600.5,commercial,Florida
15215,2024-09-06,415.5,residential,California
15216,2024-09-07,740.5,commercial,California
15217,2024-09-08,960.2,industrial,California
15218,2024-09-09,921.1,industrial,Texas
15219,2024-09-10,380.9,residential,Florida
15220,2024-09-11,353.8,residential,Texas
15221,2024-09-12,701.4,commercial,Florida
15222,2024-09-13,289.6,residential,New York
15223,2024-09-14,450.7,residential,California
15224,2024-09-15,366.6,residential,Ohio
15225,2024-09-16,674.1,commercial,Florida
15226,2024-09-17,491.8,residential,Illinois
15227,2024-09-18,729.6,commercial,New York
15228,2024-09-19,922.3,industrial,Ohio
15229,2024-09-20,745.8,commercial,California
15230,2024-09-21,856.1,industrial,Illinois
15231,2024-09-22,904.2,industrial,Ohio
15232,2024-09-23,410.7,residential,New York
15233,2024-09-24,917.9,industrial,New York
15234,2024-09-25,690.2,commercial,California
15235,2024-09-26,859.3,industrial,Ohio
15236,2024-09-27,326.7,residential,Florida
15237,2024-09-28,713.7,commercial,Texas
15238,2024-09-29,866.0,industrial,Ohio
15239,2024-09-30,648.8,commercial,Ohio
15240,2024-10-01,685.3,commercial,Texas
15241,2024-10-02,615.3,commercial,Ohio
15242,2024-10-03,408.0,residential,Florida
15243,2024-10-04,448.3,residential,California
15244,2024-10-05,624.0,commercial,Georgia
15245,2024-10-06,590.4,commercial,New York
15246,2024-10-07,321.2,residential,Ohio
15247,2024-10-08,686.6,commercial,Illinois
15248,2024-10-09,939.2,industrial,Ohio
15249,2024-10-10,523.0,residential,New York
15250,2024-10-11,950.0,industrial,Florida
15251,2024-10-12,458.4,commercial,Illinois
15252,2024-10-13,831.4,industrial,Florida
15253,2024-10-14,910.9,industrial,Florida
15254,2024-10-15,790.3,commercial,New York
15255,2024-10-16,674.4,commercial,Ohio
15256,2024-10-17,806.5,industrial,Illinois
15257,2024-10-18,433.9,residential,Georgia
15258,2024-10-19,529.5,residential,Illinois
15259,2024-10-20,848.8,industrial,Georgia
15260,2024-10-21,754.0,commercial,New York
15261,2024-10-22,627.8,commercial,Ohio
15262,2024-10-23,851.1,industrial,Ohio
15263,2024-10-24,354.0,residential,New York
15264,2024-10-25,727.5,commercial,Texas
15265,2024-10-26,627.5,commercial,Georgia
15266,2024-10-27,482.9,residential,Ohio
15267,2024-10-28,568.2,commercial,Georgia
15268,2024-10-29,922.2,industrial,New York
15269,2024-10-30,935.7,industrial,Illinois
15270,2024-10-31,670.8,commercial,Georgia
15271,2024-11-01,316.6,residential,Georgia
15272,2024-11-02,856.9,industrial,Georgia
15273,2024-11-03,904.3,industrial,Ohio
15274,2024-11-04,877.8,industrial,California
15275,2024-11-05,963.4,industrial,California
15276,2024-11-06,870.5,industrial,Florida
15277,2024-11-07,869.4,industrial,Georgia
15278,2024-11-08,841.7,industrial,California
15279,2024-11-09,521.9,commercial,Texas
15280,2024-11-10,688.6,commercial,New York
15281,2024-11-11,738.1,commercial,Illinois
15282,2024-11-12,403.5,residential,Georgia
15283,2024-11-13,913.7,industrial,Ohio
15284,2024-11-14,667.1,commercial,California
15285,2024-11-15,715.6,commercial,Florida
15286,2024-11-16,622.3,commercial,Florida
15287,2024-11-17,474.8,residential,California
15288,2024-11-18,446.8,residential,Georgia
15289,2024-11-19,897.1,industrial,Texas
15290,2024-11-20,967.8,industrial,California
15291,2024-11-21,842.9,industrial,Georgia
15292,2024-11-22,881.8,industrial,Texas
15293,2024-11-23,705.6,commercial,Florida
15294,2024-11-24,650.0,commercial,Ohio
15295,2024-11-25,656.1,commercial,Florida
15296,2024-11-26,520.5,commercial,Illinois
15297,2024-11-27,686.8,commercial,New York
15298,2024-11-28,429.8,residential,Ohio
15299,2024-11-29,436.5,residential,Texas
15300,2024-11-30,573.2,commercial,Illinois
15301,2024-12-01,870.9,industrial,Illinois
15302,2024-12-02,942.4,industrial,Georgia
15303,2024-12-03,306.9,residential,California
15304,2024-12-04,414.2,residential,Illinois
15305,2024-12-05,962.6,industrial,Ohio
15306,2024-12-06,586.7,commercial,Illinois
15307,2024-12-07,639.0,commercial,Georgia
15308,2024-12-08,739.7,commercial,Georgia
15309,2024-12-09,816.0,industrial,Florida
15310,2024-12-10,855.0,industrial,Illinois
15311,2024-12-11,517.9,commercial,Texas
15312,2024-12-12,494.9,residential,Illinois
15313,2024-12-13,459.5,residential,Georgia
15314,2024-12-14,611.8,commercial,Georgia
15315,2024-12-15,583.0,commercial,California
15316,2024-12-16,640.8,commercial,Texas
15317,2024-12-17,529.2,residential,New York
15318,2024-12-18,426.5,residential,Texas
15319,2024-12-19,917.3,industrial,Texas
15320,2024-12-20,829.0,commercial,Ohio
15321,2024-12-21,639.5,commercial,Florida
15322,2024-12-22,419.5,residential,Georgia
15323,2024-12-23,841.7,industrial,Illinois
15324,2024-12-24,939.8,industrial,Illinois
15325,2024-12-25,836.9,industrial,Georgia
15326,2024-12-26,369.3,residential,Texas
15327,2024-12-27,946.4,industrial,California
15328,2024-12-28,927.3,industrial,Illinois
15329,2024-12-29,634.4,commercial,Georgia
15330,2024-12-30,292.8,residential,Florida
15331,2024-01-01,675.1,commercial,Illinois
15332,2024-01-02,573.4,residential,New York
15333,2024-01-03,584.6,commercial,Illinois
15334,2024-01-04,421.5,residential,Florida
15335,2024-01-05,720.9,commercial,Illinois
15336,2024-01-06,387.2,residential,New York
15337,2024-01-07,418.4,residential,Florida
15338,2024-01-08,471.5,residential,Florida
15339,2024-01-09,651.1,commercial,New York
15340,2024-01-10,882.4,industrial,Georgia
15341,2024-01-11,682.4,commercial,Ohio
15342,2024-01-12,895.4,industrial,California
15343,2024-01-13,424.9,residential,Texas
15344,2024-01-14,384.1,residential,Florida
15345,2024-01-15,674.0,commercial,Florida
15346,2024-01-16,610.0,commercial,Georgia
15347,2024-01-17,348.3,residential,Florida
15348,2024-01-18,721.1,commercial,New York
15349,2024-01-19,691.0,commercial,Texas
15350,2024-01-20,812.9,industrial,New York
15351,2024-01-21,376.9,residential,Florida
15352,2024-01-22,333.9,residential,Ohio
15353,2024-01-23,834.1,industrial,California
15354,2024-01-24,935.4,industrial,Georgia
15355,2024-01-25,900.4,industrial,Texas
15356,2024-01-26,567.2,commercial,Ohio
15357,2024-01-27,833.6,industrial,Florida
15358,2024-01-28,660.1,commercial,Illinois
15359,2024-01-29,387.5,residential,Ohio
15360,2024-01-30,441.4,residential,Illinois
15361,2024-01-31,680.8,commercial,Texas
15362,2024-02-01,970.5,industrial,California
15363,2024-02-02,888.6,industrial,Georgia
15364,2024-02-03,897.9,industrial,Florida
15365,2024-02-04,526.5,commercial,Florida
15366,2024-02-05,913.1,industrial,Illinois
15367,2024-02-06,869.0,industrial,California
15368,2024-02-07,969.7,industrial,New York
15369,2024-02-08,838.1,industrial,Illinois
15370,2024-02-09,391.0,residential,Ohio
15371,2024-02-10,665.5,commercial,Texas
15372,2024-02-11,773.0,commercial,Texas
15373,2024-02-12,683.1,commercial,Texas
15374,2024-02-13,687.2,commercial,Texas
15375,2024-02-14,484.8,residential,California
15376,2024-02-15,957.1,industrial,Florida
15377,2024-02-16,842.3,industrial,Ohio
15378,2024-02-17,638.9,commercial,Georgia
15379,2024-02-18,899.5,industrial,California
15380,2024-02-19,657.7,commercial,Illinois
15381,2024-02-20,739.4,commercial,Florida
15382,2024-02-21,671.9,commercial,Illinois
15383,2024-02-22,477.7,residential,Illinois
15384,2024-02-23,513.3,residential,Georgia
15385,2024-02-24,723.7,commercial,California
15386,2024-02-25,888.0,industrial,Illinois
15387,2024-02-26,681.1,commercial,Ohio
15388,2024-02-27,451.4,residential,New York
15389,2024-02-28,857.3,industrial,New York
15390,2024-02-29,657.3,commercial,Texas
15391,2024-03-01,946.2,industrial,Texas
15392,2024-03-02,305.7,residential,Ohio
15393,2024-03-03,661.5,commercial,Illinois
15394,2024-03-04,379.5,residential,Florida
15395,2024-03-05,902.6,industrial,Georgia
15396,2024-03-06,827.0,industrial,Florida
15397,2024-03-07,725.2,industrial,Texas
15398,2024-03-08,726.3,commercial,Florida
15399,2024-03-09,830.1,industrial,Illinois
15400,2024-03-10,446.0,residential,Illinois
15401,2024-03-11,426.5,residential,New York
15402,2024-03-12,378.3,residential,Texas
15403,2024-03-13,962.6,industrial,Illinois
15404,2024-03-14,451.9,residential,Ohio
15405,2024-03-15,222.1,residential,Ohio
15406,2024-03-16,885.1,industrial,Florida
15407,2024-03-17,717.5,commercial,Texas
15408,2024-03-18,1018.8,industrial,New York
15409,2024-03-19,431.6,residential,California
15410,2024-03-20,314.4,residential,Illinois
15411,2024-03-21,848.6,industrial,Georgia
15412,2024-03-22,947.1,industrial,Ohio
15413,2024-03-23,696.5,commercial,Ohio
15414,2024-03-24,468.5,residential,Texas
15415,2024-03-25,794.7,industrial,Illinois
15416,2024-03-26,339.0,residential,California
15417,2024-03-27,674.2,commercial,California
15418,2024-03-28,450.8,residential,Texas
15419,2024-03-29,979.2,industrial,Illinois
15420,2024-03-30,405.0,residential,Texas
15421,2024-03-31,415.0,residential,Ohio
15422,2024-04-01,703.3,commercial,California
15423,2024-04-02,627.7,commercial,Texas
15424,2024-04-03,694.0,commercial,Florida
15425,2024-04-04,994.8,industrial,Georgia
15426,2024-04-05,662.4,commercial,New York
15427,2024-04-06,570.9,commercial,Florida
15428,2024-04-07,965.5,industrial,Texas
15429,2024-04-08,399.4,residential,California
15430,2024-04-09,387.3,residential,New York
15431,2024-04-10,450.1,residential,Ohio
15432,2024-04-11,583.9,commercial,Ohio
15433,2024-04-12,681.7,commercial,New York
15434,2024-04-13,577.2,commercial,New York
15435,2024-04-14,616.0,commercial,Florida
15436,2024-04-15,867.6,industrial,Illinois
15437,2024-04-16,441.7,residential,Florida
15438,2024-04-17,877.6,industrial,California
15439,2024-04-18,370.0,residential,Illinois
15440,2024-04-19,628.3,commercial,Illinois
15441,2024-04-20,232.1,residential,New York
15442,2024-04-21,643.0,commercial,Florida
15443,2024-04-22,387.2,residential,Texas
15444,2024-04-23,870.9,industrial,New York
15445,2024-04-24,468.0,residential,Florida
15446,2024-04-25,389.2,residential,New York
15447,2024-04-26,609.8,commercial,Georgia
15448,2024-04-27,917.3,industrial,Ohio
15449,2024-04-28,870.5,industrial,New York
15450,2024-04-29,527.5,commercial,Texas
15451,2024-04-30,868.2,industrial,California
15452,2024-05-01,580.9,commercial,Illinois
15453,2024-05-02,630.6,commercial,Illinois
15454,2024-05-03,616.2,commercial,Ohio
15455,2024-05-04,590.5,commercial,Texas
15456,2024-05-05,913.3,industrial,Illinois
15457,2024-05-06,664.2,commercial,Illinois
15458,2024-05-07,389.1,residential,Texas
15459,2024-05-08,267.9,residential,Florida
15460,2024-05-09,1058.0,industrial,Texas
15461,2024-05-10,409.2,residential,New York
15462,2024-05-11,373.9,residential,Texas
15463,2024-05-12,1033.8,industrial,California
15464,2024-05-13,867.6,industrial,Texas
15465,2024-05-14,815.9,industrial,New York
15466,2024-05-15,378.4,residential,Ohio
15467,2024-05-16,689.0,commercial,Texas
15468,2024-05-17,967.2,industrial,Ohio
15469,2024-05-18,583.0,commercial,Texas
15470,2024-05-19,462.4,residential,Texas
15471,2024-05-20,622.3,commercial,Georgia
15472,2024-05-21,414.2,residential,New York
15473,2024-05-22,434.0,residential,California
15474,2024-05-23,348.6,residential,Florida
15475,2024-05-24,392.9,residential,California
15476,2024-05-25,431.8,residential,Ohio
15477,2024-05-26,396.1,residential,Texas
15478,2024-05-27,396.3,residential,New York
15479,2024-05-28,655.2,commercial,Florida
15480,2024-05-29,417.0,residential,New York
15481,2024-05-30,180.4,residential,New York
15482,2024-05-31,919.8,industrial,Georgia
15483,2024-06-01,874.1,industrial,Florida
15484,2024-06-02,576.8,commercial,Georgia
15485,2024-06-03,591.9,commercial,California
15486,2024-06-04,769.8,industrial,Texas
15487,2024-06-05,612.3,commercial,Georgia
15488,2024-06-06,602.9,commercial,Georgia
15489,2024-06-07,893.9,industrial,Texas
15490,2024-06-08,797.0,industrial,Texas
15491,2024-06-09,958.3,industrial,Illinois
15492,2024-06-10,441.1,residential,Georgia
15493,2024-06-11,1016.0,industrial,Ohio
15494,2024-06-12,348.3,residential,Georgia
15495,2024-06-13,586.8,commercial,New York
15496,2024-06-14,879.1,industrial,Texas
15497,2024-06-15,330.4,residential,Florida
15498,2024-06-16,1032.3,industrial,California
15499,2024-06-17,428.5,residential,New York
15500,2024-06-18,855.3,industrial,New York
15501,2024-06-19,378.1,residential,Ohio
15502,2024-06-20,659.2,commercial,Ohio
15503,2024-06-21,610.9,commercial,Georgia
15504,2024-06-22,981.8,industrial,New York
15505,2024-06-23,618.7,commercial,California
15506,2024-06-24,479.8,residential,Florida
15507,2024-06-25,631.0,commercial,New York
15508,2024-06-26,630.1,commercial,Florida
15509,2024-06-27,427.9,residential,New York
15510,2024-06-28,441.9,residential,Florida
15511,2024-06-29,469.2,residential,Florida
15512,2024-06-30,848.9,industrial,Georgia
15513,2024-07-01,928.7,industrial,California
15514,2024-07-02,656.2,commercial,Georgia
15515,2024-07-03,357.7,residential,New York
15516,2024-07-04,966.2,industrial,Georgia
15517,2024-07-05,872.5,industrial,Florida
15518,2024-07-06,807.8,commercial,California
15519,2024-07-07,350.4,residential,Ohio
15520,2024-07-08,480.0,residential,Ohio
15521,2024-07-09,345.9,residential,Ohio
15522,2024-07-10,880.2,industrial,Texas
15523,2024-07-11,638.7,commercial,Ohio
15524,2024-07-12,922.0,industrial,Texas
15525,2024-07-13,422.5,residential,Texas
15526,2024-07-14,452.0,residential,California
15527,2024-07-15,386.8,residential,Illinois
15528,2024-07-16,424.1,residential,California
15529,2024-07-17,830.1,industrial,California
15530,2024-07-18,600.1,commercial,Georgia
15531,2024-07-19,378.0,residential,Ohio
15532,2024-07-20,278.8,residential,California
15533,2024-07-21,738.1,commercial,New York
15534,2024-07-22,423.9,residential,Ohio
15535,2024-07-23,681.0,commercial,Florida
15536,2024-07-24,735.8,commercial,Florida
15537,2024-07-25,642.0,commercial,Florida
15538,2024-07-26,875.6,industrial,Texas
15539,2024-07-27,896.4,industrial,New York
15540,2024-07-28,888.0,industrial,Florida
15541,2024-07-29,460.1,residential,Georgia
15542,2024-07-30,326.7,residential,California
15543,2024-07-31,902.3,industrial,Florida
15544,2024-08-01,592.9,commercial,New York
15545,2024-08-02,988.3,industrial,Texas
15546,2024-08-03,854.2,industrial,California
15547,2024-08-04,965.3,industrial,California
15548,2024-08-05,927.9,industrial,Illinois
15549,2024-08-06,896.6,industrial,California
15550,2024-08-07,587.3,commercial,New York
15551,2024-08-08,1001.5,industrial,California
15552,2024-08-09,774.0,commercial,New York
15553,2024-08-10,263.3,residential,Illinois
15554,2024-08-11,299.8,residential,Ohio
15555,2024-08-12,619.1,commercial,Texas
15556,2024-08-13,969.1,industrial,Florida
15557,2024-08-14,931.0,industrial,Texas
15558,2024-08-15,656.0,commercial,Georgia
15559,2024-08-16,577.9,commercial,New York
15560,2024-08-17,737.9,commercial,New York
15561,2024-08-18,951.9,industrial,Texas
15562,2024-08-19,324.3,residential,Ohio
15563,2024-08-20,411.8,residential,New York
15564,2024-08-21,908.6,industrial,Ohio
15565,2024-08-22,439.6,residential,Florida
15566,2024-08-23,857.7,industrial,Florida
15567,2024-08-24,315.2,residential,Georgia
15568,2024-08-25,390.3,residential,Illinois
15569,2024-08-26,752.1,commercial,Texas
15570,2024-08-27,398.1,residential,Georgia
15571,2024-08-28,845.7,industrial,Texas
15572,2024-08-29,630.7,commercial,Ohio
15573,2024-08-30,605.8,commercial,New York
15574,2024-08-31,277.1,residential,Texas
15575,2024-09-01,440.1,residential,Ohio
15576,2024-09-02,413.8,residential,Texas
15577,2024-09-03,890.9,industrial,California
15578,2024-09-04,390.0,residential,Florida
15579,2024-09-05,931.3,industrial,New York
15580,2024-09-06,626.0,commercial,Texas
15581,2024-09-07,795.5,industrial,California
15582,2024-09-08,329.2,residential,Florida
15583,2024-09-09,414.5,residential,Texas
15584,2024-09-10,882.6,industrial,Florida
15585,2024-09-11,467.2,residential,Illinois
15586,2024-09-12,890.8,industrial,Illinois
15587,2024-09-13,619.9,commercial,Georgia
15588,2024-09-14,574.7,commercial,California
15589,2024-09-15,1054.6,industrial,California
15590,2024-09-16,416.6,residential,Illinois
15591,2024-09-17,393.2,residential,California
15592,2024-09-18,616.9,commercial,Texas
15593,2024-09-19,708.6,commercial,Florida
15594,2024-09-20,626.8,commercial,Illinois
15595,2024-09-21,873.3,industrial,New York
15596,2024-09-22,929.8,industrial,Texas
15597,2024-09-23,437.9,residential,Texas
15598,2024-09-24,396.2,residential,California
15599,2024-09-25,375.6,residential,Georgia
15600,2024-09-26,892.7,industrial,Florida
15601,2024-09-27,418.1,residential,Illinois
15602,2024-09-28,878.3,industrial,Texas
15603,2024-09-29,505.1,residential,Georgia
15604,2024-09-30,878.2,industrial,Ohio
15605,2024-10-01,419.6,residential,Illinois
15606,2024-10-02,577.0,commercial,Texas
15607,2024-10-03,907.5,industrial,Illinois
15608,2024-10-04,861.5,industrial,Florida
15609,2024-10-05,802.3,industrial,Illinois
15610,2024-10-06,904.7,industrial,Florida
15611,2024-10-07,406.3,residential,Illinois
15612,2024-10-08,710.1,commercial,Georgia
15613,2024-10-09,411.7,residential,Texas
15614,2024-10-10,661.7,commercial,California
15615,2024-10-11,487.4,residential,Ohio
15616,2024-10-12,868.4,industrial,Florida
15617,2024-10-13,296.9,residential,Florida
15618,2024-10-14,840.4,industrial,Ohio
15619,2024-10-15,909.0,industrial,Ohio
15620,2024-10-16,260.4,residential,Georgia
15621,2024-10-17,471.9,residential,Illinois
15622,2024-10-18,416.5,residential,Illinois
15623,2024-10-19,625.5,commercial,Ohio
15624,2024-10-20,683.5,commercial,Ohio
15625,2024-10-21,794.7,industrial,Florida
15626,2024-10-22,933.3,industrial,Florida
15627,2024-10-23,849.8,industrial,Texas
15628,2024-10-24,659.1,commercial,Ohio
15629,2024-10-25,956.2,industrial,Georgia
15630,2024-10-26,628.8,commercial,California
15631,2024-10-27,367.4,residential,Georgia
15632,2024-10-28,575.6,commercial,Ohio
15633,2024-10-29,937.2,industrial,California
15634,2024-10-30,898.8,industrial,Florida
15635,2024-10-31,616.4,commercial,California
15636,2024-11-01,916.9,industrial,Texas
15637,2024-11-02,430.4,residential,California
15638,2024-11-03,872.8,industrial,New York
15639,2024-11-04,781.6,industrial,Florida
15640,2024-11-05,944.0,industrial,New York
15641,2024-11-06,639.2,commercial,California
15642,2024-11-07,686.0,commercial,Illinois
15643,2024-11-08,362.6,residential,Florida
15644,2024-11-09,331.2,residential,Florida
15645,2024-11-10,814.1,industrial,Georgia
15646,2024-11-11,341.5,residential,Illinois
15647,2024-11-12,467.1,residential,Illinois
15648,2024-11-13,348.6,residential,California
15649,2024-11-14,597.8,commercial,Texas
15650,2024-11-15,947.3,industrial,California
15651,2024-11-16,603.4,commercial,Florida
15652,2024-11-17,1029.4,industrial,Texas
15653,2024-11-18,417.3,residential,California
15654,2024-11-19,413.7,residential,New York
15655,2024-11-20,374.7,residential,Florida
15656,2024-11-21,612.3,commercial,Texas
15657,2024-11-22,915.3,industrial,Georgia
15658,2024-11-23,706.1,commercial,California
15659,2024-11-24,568.4,commercial,Georgia
15660,2024-11-25,666.2,commercial,Georgia
15661,2024-11-26,721.2,commercial,Georgia
15662,2024-11-27,826.0,industrial,California
15663,2024-11-28,694.0,commercial,New York
15664,2024-11-29,506.9,residential,Florida
15665,2024-11-30,821.7,industrial,Florida
15666,2024-12-01,869.0,industrial,Florida
15667,2024-12-02,936.3,industrial,Texas
15668,2024-12-03,842.3,industrial,Georgia
15669,2024-12-04,943.1,industrial,Ohio
15670,2024-12-05,596.0,commercial,Georgia
15671,2024-12-06,680.1,commercial,California
15672,2024-12-07,422.9,residential,Ohio
15673,2024-12-08,267.2,residential,California
15674,2024-12-09,378.1,residential,Ohio
15675,2024-12-10,316.3,residential,Illinois
15676,2024-12-11,488.7,residential,Florida
15677,2024-12-12,359.9,residential,Florida
15678,2024-12-13,320.4,residential,Texas
15679,2024-12-14,854.9,industrial,Illinois
15680,2024-12-15,424.8,residential,Ohio
15681,2024-12-16,472.5,residential,New York
15682,2024-12-17,340.7,residential,Illinois
15683,2024-12-18,849.5,industrial,Florida
15684,2024-12-19,656.1,commercial,Texas
15685,2024-12-20,937.7,industrial,Georgia
15686,2024-12-21,868.9,industrial,California
15687,2024-12-22,652.1,commercial,Illinois
15688,2024-12-23,571.0,commercial,California
15689,2024-12-24,333.2,residential,Illinois
15690,2024-12-25,488.5,residential,Texas
15691,2024-12-26,991.8,industrial,California
15692,2024-12-27,570.5,commercial,Florida
15693,2024-12-28,889.6,industrial,Georgia
15694,2024-12-29,456.1,residential,California
15695,2024-12-30,1007.2,industrial,Georgia
15696,2024-01-01,946.8,industrial,Illinois
15697,2024-01-02,370.7,residential,Georgia
15698,2024-01-03,361.5,residential,Illinois
15699,2024-01-04,321.8,residential,California
15700,2024-01-05,829.1,industrial,California
15701,2024-01-06,819.3,industrial,New York
15702,2024-01-07,778.7,commercial,Ohio
15703,2024-01-08,930.4,industrial,Florida
15704,2024-01-09,551.8,commercial,New York
15705,2024-01-10,693.6,commercial,Georgia
15706,2024-01-11,412.2,residential,Illinois
15707,2024-01-12,628.5,commercial,Georgia
15708,2024-01-13,944.7,industrial,Illinois
15709,2024-01-14,428.6,residential,Florida
15710,2024-01-15,698.0,commercial,Ohio
15711,2024-01-16,490.5,commercial,Florida
15712,2024-01-17,415.0,residential,Ohio
15713,2024-01-18,717.5,commercial,Texas
15714,2024-01-19,902.6,industrial,Illinois
15715,2024-01-20,839.6,industrial,Georgia
15716,2024-01-21,342.8,residential,Illinois
15717,2024-01-22,858.7,industrial,Texas
15718,2024-01-23,629.2,commercial,Ohio
15719,2024-01-24,372.6,residential,Ohio
15720,2024-01-25,687.5,commercial,Illinois
15721,2024-01-26,440.9,residential,Illinois
15722,2024-01-27,581.0,commercial,Ohio
15723,2024-01-28,445.4,residential,Texas
15724,2024-01-29,648.9,commercial,Illinois
15725,2024-01-30,510.5,residential,Ohio
15726,2024-01-31,644.0,commercial,Illinois
15727,2024-02-01,989.5,industrial,Florida
15728,2024-02-02,795.5,industrial,Texas
15729,2024-02-03,514.2,residential,Florida
15730,2024-02-04,420.9,residential,Ohio
15731,2024-02-05,503.3,residential,Illinois
15732,2024-02-06,437.3,residential,Texas
15733,2024-02-07,914.7,industrial,New York
15734,2024-02-08,596.2,commercial,Texas
15735,2024-02-09,750.0,commercial,Illinois
15736,2024-02-10,596.0,commercial,Florida
15737,2024-02-11,506.1,residential,Illinois
15738,2024-02-12,652.1,commercial,Georgia
15739,2024-02-13,664.6,commercial,California
15740,2024-02-14,461.3,residential,Georgia
15741,2024-02-15,508.6,commercial,Texas
15742,2024-02-16,449.2,residential,Florida
15743,2024-02-17,734.1,commercial,Illinois
15744,2024-02-18,591.4,commercial,California
15745,2024-02-19,872.2,industrial,Ohio
15746,2024-02-20,389.9,residential,Ohio
15747,2024-02-21,984.2,industrial,New York
15748,2024-02-22,704.8,commercial,Georgia
15749,2024-02-23,379.2,residential,Ohio
15750,2024-02-24,584.3,commercial,Florida
15751,2024-02-25,667.1,commercial,Ohio
15752,2024-02-26,931.8,industrial,New York
15753,2024-02-27,459.7,residential,California
15754,2024-02-28,869.3,industrial,Texas
15755,2024-02-29,429.3,residential,Georgia
15756,2024-03-01,876.6,industrial,Florida
15757,2024-03-02,885.5,industrial,Illinois
15758,2024-03-03,340.3,residential,Illinois
15759,2024-03-04,468.8,residential,Georgia
15760,2024-03-05,918.4,industrial,New York
15761,2024-03-06,382.7,residential,New York
15762,2024-03-07,381.8,residential,Texas
15763,2024-03-08,705.1,commercial,Florida
15764,2024-03-09,611.7,commercial,Illinois
15765,2024-03-10,437.5,residential,Ohio
15766,2024-03-11,950.3,industrial,Ohio
15767,2024-03-12,931.3,industrial,Florida
15768,2024-03-13,686.8,commercial,New York
15769,2024-03-14,1000.5,industrial,Illinois
15770,2024-03-15,395.6,residential,Florida
15771,2024-03-16,480.8,residential,Texas
15772,2024-03-17,365.1,residential,Illinois
15773,2024-03-18,489.4,residential,Texas
15774,2024-03-19,442.5,residential,Georgia
15775,2024-03-20,608.3,commercial,Georgia
15776,2024-03-21,934.1,industrial,California
15777,2024-03-22,947.6,industrial,Illinois
15778,2024-03-23,443.3,residential,New York
15779,2024-03-24,725.9,commercial,Florida
15780,2024-03-25,489.5,residential,Georgia
15781,2024-03-26,921.9,industrial,California
15782,2024-03-27,872.8,industrial,California
15783,2024-03-28,880.3,industrial,Ohio
15784,2024-03-29,458.8,residential,Florida
15785,2024-03-30,997.8,industrial,California
15786,2024-03-31,987.5,industrial,New York
15787,2024-04-01,704.1,commercial,Georgia
15788,2024-04-02,670.7,commercial,California
15789,2024-04-03,303.7,residential,Florida
15790,2024-04-04,505.3,commercial,Georgia
15791,2024-04-05,944.4,industrial,Ohio
15792,2024-04-06,949.1,industrial,Georgia
15793,2024-04-07,921.4,industrial,New York
15794,2024-04-08,941.3,industrial,Ohio
15795,2024-04-09,456.1,residential,Georgia
15796,2024-04-10,354.2,residential,Ohio
15797,2024-04-11,739.9,commercial,Ohio
15798,2024-04-12,292.0,residential,Georgia
15799,2024-04-13,849.5,industrial,Texas
15800,2024-04-14,596.7,commercial,Florida
15801,2024-04-15,857.0,industrial,Illinois
15802,2024-04-16,522.7,residential,Texas
15803,2024-04-17,664.3,commercial,Ohio
15804,2024-04-18,616.7,commercial,Ohio
15805,2024-04-19,267.2,residential,Illinois
15806,2024-04-20,853.4,industrial,Ohio
15807,2024-04-21,919.6,industrial,Florida
15808,2024-04-22,395.2,residential,Georgia
15809,2024-04-23,689.7,commercial,Florida
15810,2024-04-24,635.1,commercial,Illinois
15811,2024-04-25,862.5,industrial,Texas
15812,2024-04-26,690.5,commercial,Georgia
15813,2024-04-27,739.0,commercial,Florida
15814,2024-04-28,603.8,commercial,Georgia
15815,2024-04-29,811.9,industrial,Illinois
15816,2024-04-30,956.0,industrial,Georgia
15817,2024-05-01,921.8,industrial,Florida
15818,2024-05-02,990.6,industrial,Ohio
15819,2024-05-03,689.9,commercial,Florida
15820,2024-05-04,376.3,residential,New York
15821,2024-05-05,603.7,commercial,California
15822,2024-05-06,919.6,industrial,California
15823,2024-05-07,836.4,industrial,Texas
15824,2024-05-08,768.7,industrial,New York
15825,2024-05-09,408.6,residential,Illinois
15826,2024-05-10,697.6,commercial,Ohio
15827,2024-05-11,366.9,residential,New York
15828,2024-05-12,385.5,residential,Illinois
15829,2024-05-13,647.4,commercial,Florida
15830,2024-05-14,309.7,residential,Florida
15831,2024-05-15,868.8,industrial,New York
15832,2024-05-16,927.1,industrial,Ohio
15833,2024-05-17,789.9,industrial,Ohio
15834,2024-05-18,818.6,industrial,California
15835,2024-05-19,514.5,residential,Texas
15836,2024-05-20,825.7,industrial,Florida
15837,2024-05-21,376.0,residential,California
15838,2024-05-22,568.0,commercial,California
15839,2024-05-23,677.9,commercial,Georgia
15840,2024-05-24,535.5,commercial,Georgia
15841,2024-05-25,401.3,residential,California
15842,2024-05-26,651.7,commercial,California
15843,2024-05-27,832.7,industrial,Florida
15844,2024-05-28,550.8,commercial,Texas
15845,2024-05-29,823.9,industrial,Illinois
15846,2024-05-30,810.8,industrial,New York
15847,2024-05-31,557.9,commercial,New York
15848,2024-06-01,919.7,industrial,New York
15849,2024-06-02,667.0,commercial,Georgia
15850,2024-06-03,321.2,residential,Florida
15851,2024-06-04,492.8,commercial,Illinois
15852,2024-06-05,943.7,industrial,Georgia
15853,2024-06-06,913.0,industrial,New York
15854,2024-06-07,717.8,commercial,New York
15855,2024-06-08,443.0,residential,Ohio
15856,2024-06-09,740.7,commercial,Texas
15857,2024-06-10,395.1,residential,Georgia
15858,2024-06-11,586.6,commercial,Texas
15859,2024-06-12,921.6,industrial,Texas
15860,2024-06-13,323.5,residential,California
15861,2024-06-14,335.2,residential,New York
15862,2024-06-15,660.1,commercial,California
15863,2024-06-16,391.4,residential,New York
15864,2024-06-17,894.4,industrial,Florida
15865,2024-06-18,635.7,commercial,New York
15866,2024-06-19,443.1,residential,New York
15867,2024-06-20,810.9,industrial,California
15868,2024-06-21,694.0,commercial,Texas
15869,2024-06-22,957.6,industrial,Florida
15870,2024-06-23,974.7,industrial,California
15871,2024-06-24,641.3,commercial,Texas
15872,2024-06-25,647.7,commercial,Georgia
15873,2024-06-26,811.7,commercial,New York
15874,2024-06-27,826.0,industrial,Texas
15875,2024-06-28,321.8,residential,Florida
15876,2024-06-29,483.4,commercial,New York
15877,2024-06-30,639.9,commercial,California
15878,2024-07-01,607.3,commercial,Texas
15879,2024-07-02,878.3,industrial,Texas
15880,2024-07-03,918.5,industrial,California
15881,2024-07-04,556.3,commercial,Florida
15882,2024-07-05,730.3,commercial,California
15883,2024-07-06,876.9,industrial,Georgia
15884,2024-07-07,713.2,commercial,Florida
15885,2024-07-08,535.9,commercial,Illinois
15886,2024-07-09,953.8,industrial,Georgia
15887,2024-07-10,396.5,residential,Georgia
15888,2024-07-11,514.2,residential,Ohio
15889,2024-07-12,503.5,residential,Florida
15890,2024-07-13,693.9,commercial,Georgia
15891,2024-07-14,609.4,commercial,Georgia
15892,2024-07-15,634.2,commercial,California
15893,2024-07-16,893.9,industrial,Ohio
15894,2024-07-17,870.7,industrial,Florida
15895,2024-07-18,675.1,commercial,Ohio
15896,2024-07-19,427.1,residential,Ohio
15897,2024-07-20,399.8,residential,New York
15898,2024-07-21,418.5,residential,New York
15899,2024-07-22,453.7,residential,California
15900,2024-07-23,221.0,residential,Texas
15901,2024-07-24,921.7,industrial,Georgia
15902,2024-07-25,425.9,residential,Texas
15903,2024-07-26,405.5,residential,Ohio
15904,2024-07-27,489.5,commercial,Ohio
15905,2024-07-28,350.4,residential,Ohio
15906,2024-07-29,911.2,industrial,New York
15907,2024-07-30,613.7,commercial,California
15908,2024-07-31,880.1,industrial,Texas
15909,2024-08-01,847.4,industrial,Illinois
15910,2024-08-02,364.2,residential,Ohio
15911,2024-08-03,394.2,residential,Ohio
15912,2024-08-04,687.5,commercial,Florida
15913,2024-08-05,434.6,residential,California
15914,2024-08-06,366.1,residential,Ohio
15915,2024-08-07,414.6,residential,Texas
15916,2024-08-08,621.4,commercial,Georgia
15917,2024-08-09,414.6,residential,Illinois
15918,2024-08-10,344.0,residential,Texas
15919,2024-08-11,442.3,residential,Georgia
15920,2024-08-12,581.6,commercial,New York
15921,2024-08-13,521.6,commercial,Texas
15922,2024-08-14,588.6,commercial,New York
15923,2024-08-15,412.3,residential,Texas
15924,2024-08-16,913.4,industrial,Illinois
15925,2024-08-17,988.1,industrial,Illinois
15926,2024-08-18,610.0,commercial,Illinois
15927,2024-08-19,1108.2,industrial,Texas
15928,2024-08-20,525.9,commercial,Florida
15929,2024-08-21,537.9,commercial,Georgia
15930,2024-08-22,590.1,commercial,Georgia
15931,2024-08-23,856.6,industrial,California
15932,2024-08-24,869.3,industrial,California
15933,2024-08-25,654.0,commercial,Texas
15934,2024-08-26,915.3,industrial,Illinois
15935,2024-08-27,562.1,commercial,Texas
15936,2024-08-28,651.9,commercial,New York
15937,2024-08-29,409.8,residential,Georgia
15938,2024-08-30,620.7,commercial,Georgia
15939,2024-08-31,971.2,industrial,Illinois
15940,2024-09-01,432.0,residential,Georgia
15941,2024-09-02,384.8,residential,Florida
15942,2024-09-03,895.3,industrial,Texas
15943,2024-09-04,322.8,residential,Texas
15944,2024-09-05,438.8,residential,New York
15945,2024-09-06,872.3,industrial,California
15946,2024-09-07,501.3,commercial,Ohio
15947,2024-09-08,630.2,commercial,Texas
15948,2024-09-09,435.9,residential,Illinois
15949,2024-09-10,438.9,residential,Texas
15950,2024-09-11,566.4,commercial,Florida
15951,2024-09-12,405.6,residential,Georgia
15952,2024-09-13,963.6,industrial,Florida
15953,2024-09-14,670.0,commercial,Texas
15954,2024-09-15,927.6,industrial,Texas
15955,2024-09-16,461.5,residential,New York
15956,2024-09-17,286.3,residential,California
15957,2024-09-18,584.4,commercial,Texas
15958,2024-09-19,937.8,industrial,Illinois
15959,2024-09-20,332.6,residential,Florida
15960,2024-09-21,957.8,industrial,California
15961,2024-09-22,643.8,commercial,Georgia
15962,2024-09-23,940.4,industrial,Texas
15963,2024-09-24,922.4,industrial,New York
15964,2024-09-25,447.3,residential,Ohio
15965,2024-09-26,291.4,residential,Georgia
15966,2024-09-27,366.8,residential,California
15967,2024-09-28,527.3,commercial,Texas
15968,2024-09-29,598.3,commercial,Ohio
15969,2024-09-30,386.9,residential,Ohio
15970,2024-10-01,731.1,commercial,California
15971,2024-10-02,467.9,residential,New York
15972,2024-10-03,880.2,industrial,California
15973,2024-10-04,653.3,commercial,California
15974,2024-10-05,453.1,residential,Texas
15975,2024-10-06,420.5,residential,California
15976,2024-10-07,483.4,residential,Illinois
15977,2024-10-08,619.3,commercial,Georgia
15978,2024-10-09,373.5,residential,California
15979,2024-10-10,311.8,residential,Ohio
15980,2024-10-11,906.4,industrial,Ohio
15981,2024-10-12,418.9,residential,Illinois
15982,2024-10-13,1033.1,industrial,Florida
15983,2024-10-14,553.1,commercial,Texas
15984,2024-10-15,444.9,residential,New York
15985,2024-10-16,427.5,commercial,Florida
15986,2024-10-17,1009.4,industrial,Georgia
15987,2024-10-18,642.1,commercial,Florida
15988,2024-10-19,664.9,commercial,Georgia
15989,2024-10-20,932.8,industrial,Georgia
15990,2024-10-21,361.6,residential,Georgia
15991,2024-10-22,914.1,industrial,Texas
15992,2024-10-23,700.2,commercial,Illinois
15993,2024-10-24,549.4,commercial,California
15994,2024-10-25,415.7,residential,Texas
15995,2024-10-26,287.0,residential,Ohio
15996,2024-10-27,687.8,commercial,New York
15997,2024-10-28,674.4,commercial,Georgia
15998,2024-10-29,911.2,industrial,Ohio
15999,2024-10-30,437.6,residential,Ohio
16000,2024-10-31,350.7,residential,Illinois
16001,2024-11-01,596.4,commercial,Georgia
16002,2024-11-02,959.8,industrial,Florida
16003,2024-11-03,858.1,industrial,Florida
16004,2024-11-04,918.4,industrial,California
16005,2024-11-05,721.2,commercial,Ohio
16006,2024-11-06,680.7,commercial,Texas
16007,2024-11-07,488.9,residential,New York
16008,2024-11-08,960.0,industrial,Ohio
16009,2024-11-09,481.4,residential,Florida
16010,2024-11-10,990.9,industrial,Texas
16011,2024-11-11,610.5,commercial,California
16012,2024-11-12,328.0,residential,Texas
16013,2024-11-13,665.9,commercial,Ohio
16014,2024-11-14,359.8,residential,California
16015,2024-11-15,929.5,industrial,Georgia
16016,2024-11-16,705.4,commercial,Texas
16017,2024-11-17,940.6,industrial,Illinois
16018,2024-11-18,412.0,residential,New York
16019,2024-11-19,900.7,industrial,California
16020,2024-11-20,625.1,commercial,Florida
16021,2024-11-21,667.8,commercial,Florida
16022,2024-11-22,668.6,commercial,Georgia
16023,2024-11-23,705.0,commercial,California
16024,2024-11-24,850.3,industrial,Ohio
16025,2024-11-25,668.1,commercial,Georgia
16026,2024-11-26,400.3,residential,Ohio
16027,2024-11-27,451.2,residential,Ohio
16028,2024-11-28,349.0,residential,Florida
16029,2024-11-29,852.1,industrial,Florida
16030,2024-11-30,589.2,commercial,Ohio
16031,2024-12-01,395.3,residential,Ohio
16032,2024-12-02,899.3,industrial,Illinois
16033,2024-12-03,853.1,industrial,New York
16034,2024-12-04,637.7,commercial,Illinois
16035,2024-12-05,432.4,residential,Ohio
16036,2024-12-06,843.6,industrial,Texas
16037,2024-12-07,322.7,residential,California
16038,2024-12-08,644.1,commercial,Florida
16039,2024-12-09,926.1,industrial,Georgia
16040,2024-12-10,864.9,industrial,California
16041,2024-12-11,725.6,commercial,California
16042,2024-12-12,661.6,commercial,Texas
16043,2024-12-13,845.5,industrial,Texas
16044,2024-12-14,568.3,commercial,Illinois
16045,2024-12-15,404.3,residential,Illinois
16046,2024-12-16,601.8,commercial,California
16047,2024-12-17,613.9,commercial,Illinois
16048,2024-12-18,635.5,commercial,Illinois
16049,2024-12-19,440.1,residential,Ohio
16050,2024-12-20,655.8,commercial,Illinois
16051,2024-12-21,931.4,industrial,Florida
16052,2024-12-22,944.3,industrial,Florida
16053,2024-12-23,674.5,commercial,Ohio
16054,2024-12-24,539.3,commercial,Florida
16055,2024-12-25,703.3,commercial,California
16056,2024-12-26,620.5,commercial,Ohio
16057,2024-12-27,886.8,industrial,Georgia
16058,2024-12-28,576.8,commercial,California
16059,2024-12-29,681.9,commercial,New York
16060,2024-12-30,389.2,residential,Texas
16061,2024-01-01,922.8,industrial,Ohio
16062,2024-01-02,603.8,commercial,Georgia
16063,2024-01-03,609.7,commercial,Georgia
16064,2024-01-04,389.3,residential,Texas
16065,2024-01-05,589.9,commercial,Florida
16066,2024-01-06,700.9,commercial,Ohio
16067,2024-01-07,927.1,industrial,Florida
16068,2024-01-08,648.0,commercial,Illinois
16069,2024-01-09,861.0,industrial,Florida
16070,2024-01-10,691.6,commercial,New York
16071,2024-01-11,369.5,residential,New York
16072,2024-01-12,833.8,industrial,Georgia
16073,2024-01-13,914.5,industrial,Ohio
16074,2024-01-14,916.2,industrial,Texas
16075,2024-01-15,888.1,industrial,New York
16076,2024-01-16,681.9,commercial,California
16077,2024-01-17,894.7,industrial,Illinois
16078,2024-01-18,615.2,commercial,Ohio
16079,2024-01-19,578.6,commercial,Illinois
16080,2024-01-20,429.0,residential,Ohio
16081,2024-01-21,439.7,residential,Florida
16082,2024-01-22,940.4,industrial,Georgia
16083,2024-01-23,800.8,industrial,Georgia
16084,2024-01-24,863.9,industrial,Illinois
16085,2024-01-25,453.1,residential,Georgia
16086,2024-01-26,624.2,commercial,Illinois
16087,2024-01-27,663.5,commercial,Texas
16088,2024-01-28,666.9,commercial,California
16089,2024-01-29,456.8,residential,California
16090,2024-01-30,402.7,residential,Texas
16091,2024-01-31,394.0,residential,Georgia
16092,2024-02-01,679.4,commercial,Texas
16093,2024-02-02,504.5,residential,California
16094,2024-02-03,380.8,residential,Florida
16095,2024-02-04,419.3,residential,Ohio
16096,2024-02-05,294.6,residential,Georgia
16097,2024-02-06,325.2,residential,Florida
16098,2024-02-07,441.2,residential,Florida
16099,2024-02-08,631.7,commercial,Georgia
16100,2024-02-09,446.2,residential,Illinois
16101,2024-02-10,404.5,residential,Ohio
16102,2024-02-11,467.6,residential,California
16103,2024-02-12,793.6,industrial,Ohio
16104,2024-02-13,417.6,residential,Illinois
16105,2024-02-14,388.0,residential,Texas
16106,2024-02-15,350.3,residential,Texas
16107,2024-02-16,403.1,residential,Georgia
16108,2024-02-17,570.6,commercial,Ohio
16109,2024-02-18,894.1,industrial,Florida
16110,2024-02-19,899.0,industrial,New York
16111,2024-02-20,899.8,industrial,Illinois
16112,2024-02-21,933.9,industrial,California
16113,2024-02-22,406.4,residential,California
16114,2024-02-23,395.5,residential,Texas
16115,2024-02-24,899.0,industrial,New York
16116,2024-02-25,355.7,residential,Florida
16117,2024-02-26,737.2,commercial,New York
16118,2024-02-27,664.1,commercial,Ohio
16119,2024-02-28,893.5,industrial,California
16120,2024-02-29,362.4,residential,Texas
16121,2024-03-01,422.9,residential,New York
16122,2024-03-02,683.4,commercial,New York
16123,2024-03-03,747.3,commercial,New York
16124,2024-03-04,945.3,industrial,Florida
16125,2024-03-05,671.8,commercial,Florida
16126,2024-03-06,701.3,commercial,Texas
16127,2024-03-07,601.5,commercial,Texas
16128,2024-03-08,708.4,commercial,Texas
16129,2024-03-09,618.0,commercial,Texas
16130,2024-03-10,467.9,residential,Illinois
16131,2024-03-11,633.0,commercial,Ohio
16132,2024-03-12,746.1,commercial,New York
16133,2024-03-13,623.0,commercial,Florida
16134,2024-03-14,432.6,residential,Ohio
16135,2024-03-15,886.5,industrial,New York
16136,2024-03-16,379.7,residential,New York
16137,2024-03-17,942.8,industrial,Ohio
16138,2024-03-18,586.3,residential,Ohio
16139,2024-03-19,853.9,industrial,Ohio
16140,2024-03-20,873.4,industrial,Illinois
16141,2024-03-21,854.0,industrial,New York
16142,2024-03-22,398.3,residential,Georgia
16143,2024-03-23,623.2,commercial,Illinois
16144,2024-03-24,269.5,residential,Ohio
16145,2024-03-25,916.3,industrial,Texas
16146,2024-03-26,403.6,residential,Illinois
16147,2024-03-27,903.2,industrial,Ohio
16148,2024-03-28,869.6,industrial,Ohio
16149,2024-03-29,676.9,commercial,Florida
16150,2024-03-30,520.9,commercial,Florida
16151,2024-03-31,316.6,residential,Ohio
16152,2024-04-01,681.3,commercial,New York
16153,2024-04-02,934.2,industrial,New York
16154,2024-04-03,644.5,commercial,Georgia
16155,2024-04-04,450.7,residential,Georgia
16156,2024-04-05,990.7,industrial,Florida
16157,2024-04-06,937.8,industrial,Florida
16158,2024-04-07,601.8,commercial,New York
16159,2024-04-08,790.5,industrial,Ohio
16160,2024-04-09,582.2,commercial,Ohio
16161,2024-04-10,869.3,industrial,Illinois
16162,2024-04-11,414.0,residential,New York
16163,2024-04-12,636.7,commercial,Illinois
16164,2024-04-13,618.4,commercial,Florida
16165,2024-04-14,534.0,residential,Ohio
16166,2024-04-15,614.7,commercial,Ohio
16167,2024-04-16,383.9,residential,Ohio
16168,2024-04-17,662.3,commercial,Texas
16169,2024-04-18,433.3,residential,Ohio
16170,2024-04-19,617.2,commercial,Florida
16171,2024-04-20,441.4,residential,Illinois
16172,2024-04-21,461.7,residential,Florida
16173,2024-04-22,354.3,residential,New York
16174,2024-04-23,372.9,residential,Texas
16175,2024-04-24,478.7,residential,Ohio
16176,2024-04-25,645.0,commercial,New York
16177,2024-04-26,909.2,industrial,Florida
16178,2024-04-27,425.9,residential,New York
16179,2024-04-28,892.4,industrial,Texas
16180,2024-04-29,628.9,commercial,Ohio
16181,2024-04-30,808.2,industrial,Georgia
16182,2024-05-01,937.6,industrial,California
16183,2024-05-02,950.5,industrial,Georgia
16184,2024-05-03,859.4,industrial,Georgia
16185,2024-05-04,621.7,commercial,Illinois
16186,2024-05-05,603.7,commercial,Illinois
16187,2024-05-06,678.7,commercial,Texas
16188,2024-05-07,951.0,industrial,California
16189,2024-05-08,663.6,commercial,Georgia
16190,2024-05-09,344.3,residential,Ohio
16191,2024-05-10,882.0,industrial,Ohio
16192,2024-05-11,682.2,commercial,Ohio
16193,2024-05-12,276.2,residential,Georgia
16194,2024-05-13,986.1,industrial,Texas
16195,2024-05-14,885.7,industrial,Georgia
16196,2024-05-15,892.4,industrial,New York
16197,2024-05-16,692.8,commercial,New York
16198,2024-05-17,569.7,commercial,Georgia
16199,2024-05-18,446.8,residential,Ohio
16200,2024-05-19,899.0,industrial,Ohio
16201,2024-05-20,685.6,commercial,California
16202,2024-05-21,918.4,industrial,New York
16203,2024-05-22,943.2,industrial,Texas
16204,2024-05-23,1034.8,industrial,Georgia
16205,2024-05-24,963.8,industrial,Illinois
16206,2024-05-25,406.9,residential,New York
16207,2024-05-26,603.1,commercial,New York
16208,2024-05-27,932.8,industrial,Ohio
16209,2024-05-28,1015.1,industrial,California
16210,2024-05-29,905.3,industrial,Ohio
16211,2024-05-30,375.7,residential,Georgia
16212,2024-05-31,432.0,residential,Texas
16213,2024-06-01,527.5,residential,Texas
16214,2024-06-02,691.1,commercial,Georgia
16215,2024-06-03,655.6,commercial,Texas
16216,2024-06-04,511.7,commercial,Illinois
16217,2024-06-05,886.5,industrial,California
16218,2024-06-06,354.2,residential,Illinois
16219,2024-06-07,662.4,commercial,Texas
16220,2024-06-08,933.4,industrial,Illinois
16221,2024-06-09,418.4,residential,Florida
16222,2024-06-10,886.4,industrial,Florida
16223,2024-06-11,681.1,commercial,Illinois
16224,2024-06-12,343.2,residential,Florida
16225,2024-06-13,434.4,residential,Ohio
16226,2024-06-14,884.9,industrial,Ohio
16227,2024-06-15,794.6,industrial,Georgia
16228,2024-06-16,957.8,industrial,Texas
16229,2024-06-17,638.0,commercial,Georgia
16230,2024-06-18,314.9,residential,Illinois
16231,2024-06-19,890.5,industrial,New York
16232,2024-06-20,881.2,industrial,Georgia
16233,2024-06-21,928.0,industrial,Georgia
16234,2024-06-22,653.5,commercial,Georgia
16235,2024-06-23,471.4,residential,Georgia
16236,2024-06-24,931.0,industrial,Florida
16237,2024-06-25,436.3,residential,Ohio
16238,2024-06-26,557.2,commercial,New York
16239,2024-06-27,518.8,residential,Georgia
16240,2024-06-28,659.8,commercial,Ohio
16241,2024-06-29,643.4,commercial,Ohio
16242,2024-06-30,308.2,residential,Ohio
16243,2024-07-01,383.9,residential,Florida
16244,2024-07-02,611.3,commercial,Texas
16245,2024-07-03,909.0,industrial,Texas
16246,2024-07-04,871.4,industrial,Texas
16247,2024-07-05,519.1,residential,Ohio
16248,2024-07-06,702.4,commercial,California
16249,2024-07-07,847.7,industrial,California
16250,2024-07-08,783.0,industrial,California
16251,2024-07-09,878.3,industrial,Ohio
16252,2024-07-10,323.7,residential,Illinois
16253,2024-07-11,415.3,residential,California
16254,2024-07-12,627.9,commercial,Ohio
16255,2024-07-13,668.2,commercial,New York
16256,2024-07-14,636.2,commercial,Florida
16257,2024-07-15,325.5,residential,Texas
16258,2024-07-16,986.7,industrial,Texas
16259,2024-07-17,846.9,industrial,Ohio
16260,2024-07-18,909.7,industrial,Texas
16261,2024-07-19,820.1,industrial,New York
16262,2024-07-20,410.6,residential,Texas
16263,2024-07-21,650.4,commercial,Texas
16264,2024-07-22,446.8,residential,Georgia
16265,2024-07-23,894.0,industrial,Ohio
16266,2024-07-24,654.9,commercial,Georgia
16267,2024-07-25,644.9,commercial,New York
16268,2024-07-26,871.7,industrial,Illinois
16269,2024-07-27,386.9,residential,Georgia
16270,2024-07-28,573.5,commercial,Illinois
16271,2024-07-29,692.3,commercial,Texas
16272,2024-07-30,683.7,commercial,Florida
16273,2024-07-31,434.5,residential,Ohio
16274,2024-08-01,509.5,residential,Illinois
16275,2024-08-02,466.8,residential,Georgia
16276,2024-08-03,459.4,residential,Georgia
16277,2024-08-04,577.8,commercial,Illinois
16278,2024-08-05,654.8,commercial,New York
16279,2024-08-06,606.1,commercial,California
16280,2024-08-07,880.8,industrial,Illinois
16281,2024-08-08,830.8,industrial,California
16282,2024-08-09,391.7,residential,California
16283,2024-08-10,404.8,residential,Georgia
16284,2024-08-11,721.5,commercial,Texas
16285,2024-08-12,802.8,industrial,Florida
16286,2024-08-13,324.8,residential,California
16287,2024-08-14,493.0,residential,New York
16288,2024-08-15,643.7,commercial,Texas
16289,2024-08-16,560.6,commercial,California
16290,2024-08-17,281.9,residential,California
16291,2024-08-18,590.9,commercial,Texas
16292,2024-08-19,878.1,industrial,Texas
16293,2024-08-20,1002.3,industrial,Georgia
16294,2024-08-21,644.0,commercial,New York
16295,2024-08-22,863.9,industrial,Florida
16296,2024-08-23,628.9,commercial,Georgia
16297,2024-08-24,945.5,industrial,Ohio
16298,2024-08-25,349.1,residential,Ohio
16299,2024-08-26,440.8,residential,Texas
16300,2024-08-27,351.2,residential,Florida
16301,2024-08-28,663.8,commercial,Georgia
16302,2024-08-29,662.3,commercial,Florida
16303,2024-08-30,982.2,industrial,Georgia
16304,2024-08-31,777.9,commercial,Florida
16305,2024-09-01,799.7,industrial,Georgia
16306,2024-09-02,609.0,commercial,Florida
16307,2024-09-03,371.6,residential,Texas
16308,2024-09-04,457.2,residential,Georgia
16309,2024-09-05,660.6,commercial,New York
16310,2024-09-06,699.3,commercial,California
16311,2024-09-07,1072.5,industrial,Illinois
16312,2024-09-08,889.1,industrial,New York
16313,2024-09-09,683.6,commercial,Texas
16314,2024-09-10,591.8,commercial,Florida
16315,2024-09-11,669.3,commercial,Florida
16316,2024-09-12,620.3,commercial,Texas
16317,2024-09-13,869.9,industrial,Florida
16318,2024-09-14,832.5,industrial,Texas
16319,2024-09-15,428.7,residential,California
16320,2024-09-16,550.2,commercial,Florida
16321,2024-09-17,734.7,commercial,Georgia
16322,2024-09-18,690.1,commercial,Texas
16323,2024-09-19,587.1,residential,Ohio
16324,2024-09-20,857.7,industrial,Ohio
16325,2024-09-21,865.8,industrial,Georgia
16326,2024-09-22,305.3,residential,Illinois
16327,2024-09-23,542.9,commercial,Florida
16328,2024-09-24,316.4,residential,Georgia
16329,2024-09-25,429.0,residential,Illinois
16330,2024-09-26,427.5,residential,Georgia
16331,2024-09-27,851.6,industrial,Texas
16332,2024-09-28,423.9,residential,California
16333,2024-09-29,324.1,residential,Florida
16334,2024-09-30,588.9,residential,Georgia
16335,2024-10-01,1009.3,industrial,Ohio
16336,2024-10-02,369.2,residential,Georgia
16337,2024-10-03,914.3,industrial,Ohio
16338,2024-10-04,727.2,commercial,Texas
16339,2024-10-05,569.8,commercial,Georgia
16340,2024-10-06,447.4,residential,Illinois
16341,2024-10-07,795.4,industrial,Texas
16342,2024-10-08,389.5,residential,Texas
16343,2024-10-09,722.2,commercial,Texas
16344,2024-10-10,791.2,commercial,California
16345,2024-10-11,287.6,residential,Georgia
16346,2024-10-12,611.3,commercial,Illinois
16347,2024-10-13,398.8,residential,New York
16348,2024-10-14,557.3,commercial,Georgia
16349,2024-10-15,359.2,residential,Illinois
16350,2024-10-16,852.0,industrial,Florida
16351,2024-10-17,669.6,commercial,Florida
16352,2024-10-18,686.0,commercial,Illinois
16353,2024-10-19,647.1,residential,Texas
16354,2024-10-20,346.6,residential,Georgia
16355,2024-10-21,671.0,commercial,Georgia
16356,2024-10-22,632.1,commercial,New York
16357,2024-10-23,984.7,industrial,Texas
16358,2024-10-24,860.0,industrial,Ohio
16359,2024-10-25,929.3,industrial,Ohio
16360,2024-10-26,657.4,commercial,Ohio
16361,2024-10-27,625.7,commercial,Florida
16362,2024-10-28,375.8,residential,Ohio
16363,2024-10-29,291.8,residential,Georgia
16364,2024-10-30,641.7,commercial,Florida
16365,2024-10-31,806.4,industrial,Ohio
16366,2024-11-01,895.3,industrial,California
16367,2024-11-02,740.2,commercial,New York
16368,2024-11-03,640.2,commercial,New York
16369,2024-11-04,489.9,residential,Texas
16370,2024-11-05,460.3,residential,Georgia
16371,2024-11-06,917.4,industrial,New York
16372,2024-11-07,878.6,industrial,Georgia
16373,2024-11-08,610.6,commercial,Texas
16374,2024-11-09,405.2,residential,Texas
16375,2024-11-10,915.0,industrial,Ohio
16376,2024-11-11,445.4,residential,Texas
16377,2024-11-12,940.5,industrial,Texas
16378,2024-11-13,462.9,residential,New York
16379,2024-11-14,403.1,residential,California
16380,2024-11-15,404.1,residential,Florida
16381,2024-11-16,521.4,commercial,New York
16382,2024-11-17,463.4,residential,Ohio
16383,2024-11-18,758.4,commercial,California
16384,2024-11-19,469.7,residential,Illinois
16385,2024-11-20,931.4,industrial,Florida
16386,2024-11-21,911.1,industrial,Ohio
16387,2024-11-22,882.9,industrial,Florida
16388,2024-11-23,445.4,residential,California
16389,2024-11-24,935.1,industrial,New York
16390,2024-11-25,417.1,residential,Illinois
16391,2024-11-26,388.0,residential,Ohio
16392,2024-11-27,899.8,industrial,Illinois
16393,2024-11-28,867.7,industrial,California
16394,2024-11-29,671.4,commercial,California
16395,2024-11-30,655.1,commercial,Illinois
16396,2024-12-01,858.6,industrial,Florida
16397,2024-12-02,615.1,commercial,Ohio
16398,2024-12-03,674.2,commercial,California
16399,2024-12-04,865.8,industrial,Illinois
16400,2024-12-05,914.6,industrial,Georgia
16401,2024-12-06,478.2,residential,Texas
16402,2024-12-07,906.3,industrial,Illinois
16403,2024-12-08,499.4,residential,Georgia
16404,2024-12-09,448.8,residential,Texas
16405,2024-12-10,641.4,commercial,Illinois
16406,2024-12-11,614.3,commercial,Illinois
16407,2024-12-12,383.1,residential,Ohio
16408,2024-12-13,508.9,residential,Illinois
16409,2024-12-14,479.7,residential,California
16410,2024-12-15,719.1,commercial,Ohio
16411,2024-12-16,698.3,commercial,California
16412,2024-12-17,938.5,industrial,Illinois
16413,2024-12-18,640.2,commercial,California
16414,2024-12-19,718.3,commercial,Texas
16415,2024-12-20,915.8,industrial,Georgia
16416,2024-12-21,846.4,industrial,New York
16417,2024-12-22,719.0,commercial,New York
16418,2024-12-23,686.3,commercial,Florida
16419,2024-12-24,682.9,commercial,Illinois
16420,2024-12-25,931.0,industrial,Texas
16421,2024-12-26,806.3,industrial,New York
16422,2024-12-27,837.5,industrial,Illinois
16423,2024-12-28,778.6,industrial,New York
16424,2024-12-29,691.4,commercial,California
16425,2024-12-30,956.2,industrial,Georgia
16426,2024-01-01,948.3,industrial,New York
16427,2024-01-02,858.2,industrial,Ohio
16428,2024-01-03,502.7,residential,Georgia
16429,2024-01-04,911.8,industrial,Illinois
16430,2024-01-05,653.8,commercial,New York
16431,2024-01-06,410.8,residential,Illinois
16432,2024-01-07,589.9,commercial,Ohio
16433,2024-01-08,428.4,residential,New York
16434,2024-01-09,866.2,industrial,Georgia
16435,2024-01-10,957.7,industrial,Ohio
16436,2024-01-11,962.0,industrial,New York
16437,2024-01-12,816.7,industrial,Florida
16438,2024-01-13,740.2,commercial,Ohio
16439,2024-01-14,368.1,residential,Florida
16440,2024-01-15,926.6,industrial,Florida
16441,2024-01-16,838.5,industrial,New York
16442,2024-01-17,879.3,industrial,Illinois
16443,2024-01-18,908.8,industrial,California
16444,2024-01-19,660.6,commercial,Illinois
16445,2024-01-20,671.6,commercial,Texas
16446,2024-01-21,443.1,residential,Texas
16447,2024-01-22,639.0,commercial,Georgia
16448,2024-01-23,372.2,residential,Georgia
16449,2024-01-24,641.7,commercial,Illinois
16450,2024-01-25,867.7,industrial,Georgia
16451,2024-01-26,736.4,commercial,Texas
16452,2024-01-27,635.5,commercial,Illinois
16453,2024-01-28,337.4,residential,Florida
16454,2024-01-29,882.7,industrial,California
16455,2024-01-30,372.0,residential,Georgia
16456,2024-01-31,402.1,residential,New York
16457,2024-02-01,641.6,commercial,Georgia
16458,2024-02-02,894.3,industrial,Georgia
16459,2024-02-03,763.9,commercial,California
16460,2024-02-04,597.6,commercial,Illinois
16461,2024-02-05,351.4,residential,New York
16462,2024-02-06,365.4,residential,Florida
16463,2024-02-07,794.5,industrial,Texas
16464,2024-02-08,335.2,residential,California
16465,2024-02-09,550.9,commercial,Florida
16466,2024-02-10,823.0,industrial,Texas
16467,2024-02-11,631.7,commercial,California
16468,2024-02-12,933.2,industrial,California
16469,2024-02-13,902.3,industrial,Georgia
16470,2024-02-14,923.4,industrial,Ohio
16471,2024-02-15,608.4,commercial,California
16472,2024-02-16,663.9,commercial,Florida
16473,2024-02-17,667.7,commercial,Florida
16474,2024-02-18,874.9,industrial,New York
16475,2024-02-19,907.9,industrial,California
16476,2024-02-20,377.5,residential,Illinois
16477,2024-02-21,594.1,commercial,Georgia
16478,2024-02-22,805.5,industrial,Florida
16479,2024-02-23,931.6,industrial,Texas
16480,2024-02-24,971.9,industrial,Texas
16481,2024-02-25,811.5,commercial,Florida
16482,2024-02-26,598.4,commercial,Illinois
16483,2024-02-27,731.1,commercial,California
16484,2024-02-28,736.3,commercial,Texas
16485,2024-02-29,428.2,residential,Georgia
16486,2024-03-01,736.5,commercial,Texas
16487,2024-03-02,502.1,commercial,Georgia
16488,2024-03-03,605.8,commercial,Ohio
16489,2024-03-04,936.8,industrial,Texas
16490,2024-03-05,888.9,industrial,Texas
16491,2024-03-06,650.1,commercial,Ohio
16492,2024-03-07,612.3,commercial,Texas
16493,2024-03-08,592.8,commercial,California
16494,2024-03-09,615.5,commercial,Illinois
16495,2024-03-10,838.0,industrial,Illinois
16496,2024-03-11,434.1,residential,Ohio
16497,2024-03-12,698.9,commercial,Ohio
16498,2024-03-13,630.5,commercial,Ohio
16499,2024-03-14,433.2,residential,California
16500,2024-03-15,658.8,commercial,Georgia
16501,2024-03-16,656.8,commercial,California
16502,2024-03-17,714.8,commercial,Georgia
16503,2024-03-18,959.6,industrial,New York
16504,2024-03-19,612.7,commercial,New York
16505,2024-03-20,972.6,industrial,California
16506,2024-03-21,472.3,residential,Ohio
16507,2024-03-22,390.5,residential,Ohio
16508,2024-03-23,981.2,industrial,Georgia
16509,2024-03-24,375.3,residential,Illinois
16510,2024-03-25,413.1,residential,Florida
16511,2024-03-26,538.6,residential,California
16512,2024-03-27,846.4,industrial,Georgia
16513,2024-03-28,815.8,industrial,New York
16514,2024-03-29,832.8,industrial,Ohio
16515,2024-03-30,651.1,commercial,Georgia
16516,2024-03-31,575.7,commercial,California
16517,2024-04-01,454.2,residential,Texas
16518,2024-04-02,628.1,commercial,Illinois
16519,2024-04-03,907.6,industrial,California
16520,2024-04-04,365.3,residential,Ohio
16521,2024-04-05,923.6,industrial,California
16522,2024-04-06,332.3,residential,California
16523,2024-04-07,912.8,industrial,Texas
16524,2024-04-08,245.0,residential,Georgia
16525,2024-04-09,325.2,residential,Ohio
16526,2024-04-10,568.8,commercial,California
16527,2024-04-11,939.6,industrial,Georgia
16528,2024-04-12,833.8,industrial,Ohio
16529,2024-04-13,973.5,industrial,New York
16530,2024-04-14,778.8,commercial,Ohio
16531,2024-04-15,828.4,industrial,Ohio
16532,2024-04-16,389.5,residential,California
16533,2024-04-17,353.7,residential,California
16534,2024-04-18,373.9,residential,Illinois
16535,2024-04-19,380.5,residential,New York
16536,2024-04-20,937.1,industrial,Georgia
16537,2024-04-21,356.7,residential,California
16538,2024-04-22,622.1,commercial,Georgia
16539,2024-04-23,613.2,commercial,Texas
16540,2024-04-24,639.3,commercial,Ohio
16541,2024-04-25,753.6,commercial,Illinois
16542,2024-04-26,715.5,commercial,Georgia
16543,2024-04-27,503.9,commercial,California
16544,2024-04-28,244.8,residential,Ohio
16545,2024-04-29,965.8,industrial,California
16546,2024-04-30,813.0,industrial,Ohio
16547,2024-05-01,639.4,commercial,Florida
16548,2024-05-02,886.5,industrial,Ohio
16549,2024-05-03,702.8,commercial,Florida
16550,2024-05-04,900.5,industrial,New York
16551,2024-05-05,973.6,industrial,Texas
16552,2024-05-06,746.0,commercial,California
16553,2024-05-07,924.4,industrial,Georgia
16554,2024-05-08,693.7,commercial,Illinois
16555,2024-05-09,665.5,commercial,Georgia
16556,2024-05-10,768.5,commercial,Illinois
16557,2024-05-11,238.3,residential,Florida
16558,2024-05-12,892.5,industrial,Illinois
16559,2024-05-13,810.3,industrial,Texas
16560,2024-05-14,633.0,commercial,Illinois
16561,2024-05-15,716.9,commercial,New York
16562,2024-05-16,444.9,residential,Florida
16563,2024-05-17,781.1,industrial,Florida
16564,2024-05-18,737.0,commercial,Georgia
16565,2024-05-19,361.4,residential,Florida
16566,2024-05-20,685.7,commercial,Illinois
16567,2024-05-21,673.3,commercial,Florida
16568,2024-05-22,813.7,industrial,Illinois
16569,2024-05-23,888.9,industrial,Illinois
16570,2024-05-24,443.8,residential,Ohio
16571,2024-05-25,920.0,industrial,Ohio
16572,2024-05-26,651.9,commercial,Georgia
16573,2024-05-27,913.2,industrial,Georgia
16574,2024-05-28,589.0,commercial,Texas
16575,2024-05-29,969.4,industrial,Georgia
16576,2024-05-30,808.7,industrial,New York
16577,2024-05-31,320.3,residential,California
16578,2024-06-01,684.3,commercial,New York
16579,2024-06-02,322.1,residential,Texas
16580,2024-06-03,834.0,industrial,New York
16581,2024-06-04,380.3,residential,New York
16582,2024-06-05,532.3,residential,Ohio
16583,2024-06-06,412.7,residential,Illinois
16584,2024-06-07,929.4,industrial,California
16585,2024-06-08,868.8,industrial,Georgia
16586,2024-06-09,513.0,commercial,Georgia
16587,2024-06-10,659.5,commercial,Florida
16588,2024-06-11,393.4,residential,Georgia
16589,2024-06-12,456.1,residential,Georgia
16590,2024-06-13,956.1,industrial,Florida
16591,2024-06-14,703.6,commercial,California
16592,2024-06-15,326.5,residential,Illinois
16593,2024-06-16,929.6,industrial,Georgia
16594,2024-06-17,498.5,residential,Texas
16595,2024-06-18,923.4,industrial,California
16596,2024-06-19,669.9,commercial,New York
16597,2024-06-20,465.4,residential,Ohio
16598,2024-06-21,438.3,residential,Florida
16599,2024-06-22,575.2,commercial,Georgia
16600,2024-06-23,422.4,residential,Illinois
16601,2024-06-24,832.0,industrial,Illinois
16602,2024-06-25,619.9,commercial,Georgia
16603,2024-06-26,582.4,commercial,California
16604,2024-06-27,427.9,residential,Florida
16605,2024-06-28,580.1,commercial,Illinois
16606,2024-06-29,661.5,commercial,Texas
16607,2024-06-30,684.7,commercial,Florida
16608,2024-07-01,614.4,commercial,Illinois
16609,2024-07-02,830.0,industrial,California
16610,2024-07-03,776.8,commercial,Illinois
16611,2024-07-04,670.5,commercial,Illinois
16612,2024-07-05,391.6,residential,New York
16613,2024-07-06,929.4,industrial,Georgia
16614,2024-07-07,508.3,residential,California
16615,2024-07-08,437.4,residential,Georgia
16616,2024-07-09,405.4,residential,Florida
16617,2024-07-10,826.1,industrial,Illinois
16618,2024-07-11,937.4,industrial,Georgia
16619,2024-07-12,927.9,industrial,Georgia
16620,2024-07-13,905.1,industrial,Texas
16621,2024-07-14,876.4,industrial,Ohio
16622,2024-07-15,647.2,commercial,Illinois
16623,2024-07-16,433.2,residential,Florida
16624,2024-07-17,677.6,commercial,New York
16625,2024-07-18,418.1,residential,Ohio
16626,2024-07-19,642.8,commercial,Texas
16627,2024-07-20,321.3,residential,Ohio
16628,2024-07-21,736.0,commercial,Ohio
16629,2024-07-22,913.2,industrial,California
16630,2024-07-23,706.5,commercial,Illinois
16631,2024-07-24,670.4,commercial,Georgia
16632,2024-07-25,383.7,residential,California
16633,2024-07-26,614.3,commercial,Texas
16634,2024-07-27,916.2,industrial,Georgia
16635,2024-07-28,905.9,industrial,Illinois
16636,2024-07-29,506.4,residential,Florida
16637,2024-07-30,741.9,commercial,Illinois
16638,2024-07-31,714.0,commercial,Texas
16639,2024-08-01,686.6,commercial,Florida
16640,2024-08-02,1002.6,industrial,Florida
16641,2024-08-03,839.8,industrial,Illinois
16642,2024-08-04,341.8,residential,Ohio
16643,2024-08-05,663.5,commercial,Illinois
16644,2024-08-06,567.6,commercial,Illinois
16645,2024-08-07,691.0,commercial,Illinois
16646,2024-08-08,967.1,industrial,Illinois
16647,2024-08-09,882.7,industrial,Ohio
16648,2024-08-10,213.3,residential,California
16649,2024-08-11,536.3,residential,Ohio
16650,2024-08-12,694.1,commercial,New York
16651,2024-08-13,605.4,commercial,Florida
16652,2024-08-14,358.5,residential,Georgia
16653,2024-08-15,791.1,industrial,California
16654,2024-08-16,825.2,industrial,Ohio
16655,2024-08-17,711.5,commercial,Ohio
16656,2024-08-18,497.3,residential,Georgia
16657,2024-08-19,547.2,commercial,Illinois
16658,2024-08-20,616.4,commercial,Texas
16659,2024-08-21,438.6,residential,Georgia
16660,2024-08-22,987.3,industrial,California
16661,2024-08-23,423.1,residential,California
16662,2024-08-24,627.9,commercial,Georgia
16663,2024-08-25,643.7,commercial,Georgia
16664,2024-08-26,961.6,industrial,Florida
16665,2024-08-27,913.2,industrial,New York
16666,2024-08-28,477.4,residential,Illinois
16667,2024-08-29,616.4,commercial,Georgia
16668,2024-08-30,701.3,commercial,Florida
16669,2024-08-31,661.6,commercial,Georgia
16670,2024-09-01,354.8,residential,New York
16671,2024-09-02,419.4,residential,Ohio
16672,2024-09-03,559.6,residential,New York
16673,2024-09-04,648.6,commercial,Illinois
16674,2024-09-05,896.2,industrial,Ohio
16675,2024-09-06,403.9,residential,Ohio
16676,2024-09-07,873.7,industrial,Texas
16677,2024-09-08,634.6,commercial,New York
16678,2024-09-09,1005.2,industrial,Texas
16679,2024-09-10,606.4,commercial,California
16680,2024-09-11,418.7,residential,Florida
16681,2024-09-12,905.8,industrial,Illinois
16682,2024-09-13,515.7,residential,New York
16683,2024-09-14,648.8,commercial,Illinois
16684,2024-09-15,708.8,commercial,New York
16685,2024-09-16,423.9,residential,California
16686,2024-09-17,394.7,residential,California
16687,2024-09-18,533.4,residential,Florida
16688,2024-09-19,760.7,commercial,Illinois
16689,2024-09-20,895.6,industrial,Ohio
16690,2024-09-21,681.3,commercial,California
16691,2024-09-22,851.6,industrial,Illinois
16692,2024-09-23,981.5,industrial,Illinois
16693,2024-09-24,346.9,residential,New York
16694,2024-09-25,1023.0,industrial,Florida
16695,2024-09-26,573.8,commercial,Illinois
16696,2024-09-27,782.1,industrial,Florida
16697,2024-09-28,874.7,industrial,New York
16698,2024-09-29,493.4,commercial,Georgia
16699,2024-09-30,957.7,industrial,Illinois
16700,2024-10-01,847.4,industrial,Georgia
16701,2024-10-02,548.4,commercial,Florida
16702,2024-10-03,328.1,residential,California
16703,2024-10-04,1010.3,industrial,Florida
16704,2024-10-05,738.2,commercial,Georgia
16705,2024-10-06,391.4,residential,New York
16706,2024-10-07,402.1,residential,New York
16707,2024-10-08,356.6,residential,Texas
16708,2024-10-09,918.5,industrial,Georgia
16709,2024-10-10,406.1,residential,Texas
16710,2024-10-11,796.8,industrial,Georgia
16711,2024-10-12,631.1,commercial,Ohio
16712,2024-10-13,673.2,commercial,Ohio
16713,2024-10-14,901.5,industrial,Georgia
16714,2024-10-15,697.0,commercial,Illinois
16715,2024-10-16,323.5,residential,Texas
16716,2024-10-17,356.9,residential,Florida
16717,2024-10-18,595.5,commercial,Ohio
16718,2024-10-19,962.0,industrial,Illinois
16719,2024-10-20,832.9,industrial,Texas
16720,2024-10-21,376.1,residential,Texas
16721,2024-10-22,854.5,industrial,Florida
16722,2024-10-23,371.9,residential,New York
16723,2024-10-24,707.9,commercial,Illinois
16724,2024-10-25,849.6,industrial,Florida
16725,2024-10-26,450.0,residential,Florida
16726,2024-10-27,443.3,residential,California
16727,2024-10-28,926.1,industrial,Ohio
16728,2024-10-29,297.9,residential,Texas
16729,2024-10-30,799.2,industrial,Ohio
16730,2024-10-31,405.4,residential,California
16731,2024-11-01,578.7,commercial,California
16732,2024-11-02,637.4,commercial,Georgia
16733,2024-11-03,736.4,commercial,Florida
16734,2024-11-04,772.7,industrial,New York
16735,2024-11-05,629.2,commercial,Florida
16736,2024-11-06,663.5,commercial,California
16737,2024-11-07,666.5,commercial,Texas
16738,2024-11-08,824.1,industrial,Ohio
16739,2024-11-09,397.2,residential,Ohio
16740,2024-11-10,454.1,residential,Florida
16741,2024-11-11,896.2,industrial,New York
16742,2024-11-12,589.8,commercial,Georgia
16743,2024-11-13,517.6,commercial,Georgia
16744,2024-11-14,906.5,industrial,Ohio
16745,2024-11-15,324.9,residential,Texas
16746,2024-11-16,886.4,industrial,Ohio
16747,2024-11-17,684.7,commercial,New York
16748,2024-11-18,955.2,industrial,Florida
16749,2024-11-19,865.0,industrial,Florida
16750,2024-11-20,878.5,industrial,Ohio
16751,2024-11-21,828.4,industrial,Florida
16752,2024-11-22,918.5,industrial,Ohio
16753,2024-11-23,337.4,residential,California
16754,2024-11-24,426.4,residential,Florida
16755,2024-11-25,877.5,industrial,Florida
16756,2024-11-26,649.2,commercial,Illinois
16757,2024-11-27,665.9,commercial,Texas
16758,2024-11-28,884.4,industrial,New York
16759,2024-11-29,705.5,commercial,Florida
16760,2024-11-30,392.6,residential,Georgia
16761,2024-12-01,278.0,residential,Florida
16762,2024-12-02,461.4,residential,Illinois
16763,2024-12-03,659.4,commercial,Georgia
16764,2024-12-04,538.5,residential,Illinois
16765,2024-12-05,1020.9,industrial,California
16766,2024-12-06,300.9,residential,Illinois
16767,2024-12-07,914.4,industrial,Ohio
16768,2024-12-08,504.6,residential,New York
16769,2024-12-09,806.0,commercial,California
16770,2024-12-10,631.5,commercial,California
16771,2024-12-11,971.8,industrial,Florida
16772,2024-12-12,479.6,residential,Florida
16773,2024-12-13,685.1,commercial,Illinois
16774,2024-12-14,463.0,residential,Florida
16775,2024-12-15,610.0,commercial,Illinois
16776,2024-12-16,384.5,residential,New York
16777,2024-12-17,936.6,industrial,New York
16778,2024-12-18,457.4,residential,Ohio
16779,2024-12-19,416.0,residential,Florida
16780,2024-12-20,329.8,residential,California
16781,2024-12-21,879.7,industrial,Ohio
16782,2024-12-22,363.2,residential,Ohio
16783,2024-12-23,942.9,industrial,Ohio
16784,2024-12-24,748.9,commercial,New York
16785,2024-12-25,588.1,commercial,Illinois
16786,2024-12-26,659.5,commercial,Georgia
16787,2024-12-27,894.0,industrial,Florida
16788,2024-12-28,600.1,commercial,Ohio
16789,2024-12-29,412.0,residential,New York
16790,2024-12-30,319.9,residential,New York
16791,2024-01-01,388.0,residential,New York
16792,2024-01-02,477.6,residential,Florida
16793,2024-01-03,396.8,residential,Florida
16794,2024-01-04,864.4,industrial,Illinois
16795,2024-01-05,653.5,commercial,Texas
16796,2024-01-06,878.9,industrial,Texas
16797,2024-01-07,644.8,commercial,Texas
16798,2024-01-08,736.4,commercial,California
16799,2024-01-09,905.4,industrial,New York
16800,2024-01-10,681.4,commercial,Illinois
16801,2024-01-11,634.1,commercial,Texas
16802,2024-01-12,731.6,commercial,Texas
16803,2024-01-13,617.8,commercial,Florida
16804,2024-01-14,581.1,commercial,Ohio
16805,2024-01-15,321.6,residential,Ohio
16806,2024-01-16,596.5,commercial,New York
16807,2024-01-17,576.5,commercial,California
16808,2024-01-18,661.0,commercial,Ohio
16809,2024-01-19,644.8,commercial,Georgia
16810,2024-01-20,913.0,industrial,Ohio
16811,2024-01-21,754.5,commercial,Illinois
16812,2024-01-22,375.0,residential,California
16813,2024-01-23,429.7,residential,Florida
16814,2024-01-24,648.9,commercial,California
16815,2024-01-25,786.9,industrial,Florida
16816,2024-01-26,339.4,residential,California
16817,2024-01-27,789.4,industrial,Georgia
16818,2024-01-28,507.8,residential,New York
16819,2024-01-29,388.8,residential,Georgia
16820,2024-01-30,686.3,commercial,Illinois
16821,2024-01-31,700.7,commercial,Georgia
16822,2024-02-01,835.6,industrial,Georgia
16823,2024-02-02,705.8,commercial,Georgia
16824,2024-02-03,641.4,commercial,New York
16825,2024-02-04,898.5,industrial,New York
16826,2024-02-05,330.6,residential,California
16827,2024-02-06,924.5,industrial,Illinois
16828,2024-02-07,358.5,residential,Texas
16829,2024-02-08,865.2,industrial,Illinois
16830,2024-02-09,337.5,residential,New York
16831,2024-02-10,402.4,residential,Georgia
16832,2024-02-11,670.6,commercial,Ohio
16833,2024-02-12,480.6,commercial,Illinois
16834,2024-02-13,946.9,industrial,Ohio
16835,2024-02-14,656.8,commercial,Florida
16836,2024-02-15,915.6,industrial,Texas
16837,2024-02-16,991.3,industrial,Illinois
16838,2024-02-17,850.2,industrial,Illinois
16839,2024-02-18,669.9,commercial,Texas
16840,2024-02-19,360.8,residential,Illinois
16841,2024-02-20,338.7,residential,Florida
16842,2024-02-21,379.6,residential,Ohio
16843,2024-02-22,637.7,commercial,New York
16844,2024-02-23,905.8,industrial,Georgia
16845,2024-02-24,294.3,residential,California
16846,2024-02-25,622.2,commercial,Illinois
16847,2024-02-26,426.1,residential,Texas
16848,2024-02-27,552.4,commercial,New York
16849,2024-02-28,391.3,residential,Florida
16850,2024-02-29,645.9,commercial,Texas
16851,2024-03-01,626.5,commercial,California
16852,2024-03-02,296.7,residential,Georgia
16853,2024-03-03,760.9,industrial,Florida
16854,2024-03-04,295.4,residential,Illinois
16855,2024-03-05,323.4,residential,Illinois
16856,2024-03-06,430.0,residential,Illinois
16857,2024-03-07,429.3,residential,Texas
16858,2024-03-08,900.8,industrial,Ohio
16859,2024-03-09,901.6,industrial,Ohio
16860,2024-03-10,361.0,residential,Ohio
16861,2024-03-11,433.0,residential,Illinois
16862,2024-03-12,521.6,commercial,Ohio
16863,2024-03-13,603.3,commercial,Illinois
16864,2024-03-14,794.2,industrial,Illinois
16865,2024-03-15,690.3,commercial,Georgia
16866,2024-03-16,682.3,commercial,Ohio
16867,2024-03-17,538.2,commercial,New York
16868,2024-03-18,441.6,residential,Texas
16869,2024-03-19,493.1,residential,Florida
16870,2024-03-20,1003.6,industrial,California
16871,2024-03-21,373.3,residential,Georgia
16872,2024-03-22,618.0,commercial,Georgia
16873,2024-03-23,279.0,residential,Ohio
16874,2024-03-24,514.3,residential,Texas
16875,2024-03-25,431.0,residential,Ohio
16876,2024-03-26,537.5,residential,New York
16877,2024-03-27,374.2,residential,Texas
16878,2024-03-28,606.6,commercial,Texas
16879,2024-03-29,1075.7,industrial,Georgia
16880,2024-03-30,390.4,residential,Illinois
16881,2024-03-31,916.7,industrial,Georgia
16882,2024-04-01,364.7,residential,California
16883,2024-04-02,697.5,commercial,Ohio
16884,2024-04-03,681.7,commercial,Georgia
16885,2024-04-04,535.4,residential,New York
16886,2024-04-05,713.2,commercial,Ohio
16887,2024-04-06,911.6,industrial,Illinois
16888,2024-04-07,741.3,commercial,Illinois
16889,2024-04-08,952.8,industrial,California
16890,2024-04-09,643.4,commercial,California
16891,2024-04-10,391.8,residential,California
16892,2024-04-11,674.2,commercial,Florida
16893,2024-04-12,413.6,residential,Georgia
16894,2024-04-13,650.4,commercial,California
16895,2024-04-14,671.8,commercial,New York
16896,2024-04-15,435.8,residential,Texas
16897,2024-04-16,358.0,residential,Illinois
16898,2024-04-17,610.0,commercial,Florida
16899,2024-04-18,718.9,commercial,Ohio
16900,2024-04-19,845.8,industrial,New York
16901,2024-04-20,654.3,commercial,Ohio
16902,2024-04-21,837.6,industrial,Florida
16903,2024-04-22,378.7,residential,California
16904,2024-04-23,848.2,industrial,Florida
16905,2024-04-24,665.7,commercial,Texas
16906,2024-04-25,441.0,residential,Georgia
16907,2024-04-26,916.9,industrial,Georgia
16908,2024-04-27,840.6,industrial,California
16909,2024-04-28,779.2,industrial,California
16910,2024-04-29,403.0,residential,Georgia
16911,2024-04-30,573.0,commercial,Illinois
16912,2024-05-01,591.2,commercial,New York
16913,2024-05-02,341.2,residential,Ohio
16914,2024-05-03,314.2,residential,Georgia
16915,2024-05-04,688.0,commercial,Illinois
16916,2024-05-05,995.8,industrial,Florida
16917,2024-05-06,537.4,commercial,Florida
16918,2024-05-07,669.5,commercial,Florida
16919,2024-05-08,623.1,commercial,Illinois
16920,2024-05-09,930.1,industrial,New York
16921,2024-05-10,609.5,commercial,Florida
16922,2024-05-11,702.0,commercial,Florida
16923,2024-05-12,732.1,commercial,Illinois
16924,2024-05-13,325.8,residential,Illinois
16925,2024-05-14,724.8,commercial,Ohio
16926,2024-05-15,373.3,residential,Georgia
16927,2024-05-16,919.8,industrial,Ohio
16928,2024-05-17,677.9,commercial,Ohio
16929,2024-05-18,372.2,residential,New York
16930,2024-05-19,405.8,residential,Illinois
16931,2024-05-20,413.8,residential,Ohio
16932,2024-05-21,644.6,commercial,Illinois
16933,2024-05-22,383.5,residential,Georgia
16934,2024-05-23,618.3,commercial,Texas
16935,2024-05-24,870.3,industrial,Texas
16936,2024-05-25,384.7,residential,Georgia
16937,2024-05-26,641.1,commercial,Georgia
16938,2024-05-27,373.6,residential,Georgia
16939,2024-05-28,575.7,commercial,New York
16940,2024-05-29,715.0,commercial,Florida
16941,2024-05-30,369.2,residential,Texas
16942,2024-05-31,376.9,residential,Ohio
16943,2024-06-01,681.5,commercial,California
16944,2024-06-02,647.2,commercial,New York
16945,2024-06-03,690.7,commercial,Florida
16946,2024-06-04,678.0,commercial,Ohio
16947,2024-06-05,938.3,industrial,New York
16948,2024-06-06,479.1,residential,New York
16949,2024-06-07,413.1,residential,California
16950,2024-06-08,630.6,commercial,New York
16951,2024-06-09,578.6,commercial,Ohio
16952,2024-06-10,447.1,residential,Georgia
16953,2024-06-11,493.8,residential,Ohio
16954,2024-06-12,699.0,commercial,Georgia
16955,2024-06-13,393.5,residential,New York
16956,2024-06-14,611.2,commercial,Florida
16957,2024-06-15,437.9,residential,Ohio
16958,2024-06-16,824.5,industrial,Illinois
16959,2024-06-17,926.7,industrial,Texas
16960,2024-06-18,443.0,residential,New York
16961,2024-06-19,406.9,residential,Texas
16962,2024-06-20,656.7,commercial,Ohio
16963,2024-06-21,510.8,commercial,Texas
16964,2024-06-22,689.0,commercial,Ohio
16965,2024-06-23,445.5,residential,Georgia
16966,2024-06-24,611.5,commercial,Texas
16967,2024-06-25,344.6,residential,New York
16968,2024-06-26,723.0,commercial,New York
16969,2024-06-27,674.2,commercial,California
16970,2024-06-28,523.1,commercial,California
16971,2024-06-29,607.8,commercial,Florida
16972,2024-06-30,565.6,commercial,New York
16973,2024-07-01,956.2,industrial,Ohio
16974,2024-07-02,966.6,industrial,Texas
16975,2024-07-03,624.2,commercial,Illinois
16976,2024-07-04,622.3,commercial,Texas
16977,2024-07-05,710.5,commercial,New York
16978,2024-07-06,906.1,industrial,Texas
16979,2024-07-07,868.7,industrial,Illinois
16980,2024-07-08,409.6,residential,Ohio
16981,2024-07-09,946.0,industrial,Illinois
16982,2024-07-10,378.5,residential,Florida
16983,2024-07-11,371.8,residential,New York
16984,2024-07-12,344.5,residential,Illinois
16985,2024-07-13,909.6,industrial,Ohio
16986,2024-07-14,869.4,industrial,New York
16987,2024-07-15,641.6,commercial,New York
16988,2024-07-16,706.4,commercial,Illinois
16989,2024-07-17,919.8,industrial,California
16990,2024-07-18,846.3,industrial,Florida
16991,2024-07-19,391.8,residential,Florida
16992,2024-07-20,853.8,industrial,Georgia
16993,2024-07-21,942.9,industrial,Georgia
16994,2024-07-22,393.6,residential,Georgia
16995,2024-07-23,981.2,industrial,California
16996,2024-07-24,918.3,industrial,New York
16997,2024-07-25,311.2,residential,New York
16998,2024-07-26,978.0,industrial,Georgia
16999,2024-07-27,317.8,residential,Illinois
17000,2024-07-28,879.3,industrial,Georgia
17001,2024-07-29,857.9,industrial,Texas
17002,2024-07-30,731.4,commercial,Illinois
17003,2024-07-31,860.3,industrial,Texas
17004,2024-08-01,454.7,residential,California
17005,2024-08-02,330.5,residential,Ohio
17006,2024-08-03,631.3,commercial,Florida
17007,2024-08-04,669.6,commercial,Ohio
17008,2024-08-05,611.6,commercial,Texas
17009,2024-08-06,874.3,industrial,Texas
17010,2024-08-07,633.0,commercial,Texas
17011,2024-08-08,922.2,industrial,New York
17012,2024-08-09,691.4,commercial,Texas
17013,2024-08-10,387.8,residential,Texas
17014,2024-08-11,509.6,commercial,Florida
17015,2024-08-12,939.9,industrial,Florida
17016,2024-08-13,826.6,industrial,Florida
17017,2024-08-14,625.6,commercial,New York
17018,2024-08-15,904.1,industrial,California
17019,2024-08-16,671.5,commercial,Ohio
17020,2024-08-17,879.5,industrial,New York
17021,2024-08-18,671.5,commercial,Ohio
17022,2024-08-19,667.5,commercial,Texas
17023,2024-08-20,887.6,industrial,Florida
17024,2024-08-21,951.0,industrial,Florida
17025,2024-08-22,971.7,industrial,Illinois
17026,2024-08-23,476.8,residential,Florida
17027,2024-08-24,717.4,commercial,New York
17028,2024-08-25,562.3,commercial,Texas
17029,2024-08-26,701.2,commercial,Georgia
17030,2024-08-27,701.7,commercial,Florida
17031,2024-08-28,526.0,residential,Texas
17032,2024-08-29,863.7,industrial,California
17033,2024-08-30,329.1,residential,Texas
17034,2024-08-31,419.9,residential,Ohio
17035,2024-09-01,496.4,residential,Illinois
17036,2024-09-02,665.2,commercial,Ohio
17037,2024-09-03,506.7,residential,Illinois
17038,2024-09-04,399.7,residential,Ohio
17039,2024-09-05,625.6,commercial,Georgia
17040,2024-09-06,856.2,industrial,Ohio
17041,2024-09-07,867.4,industrial,Georgia
17042,2024-09-08,666.7,commercial,Georgia
17043,2024-09-09,887.1,industrial,Georgia
17044,2024-09-10,929.9,industrial,New York
17045,2024-09-11,479.9,residential,Georgia
17046,2024-09-12,686.3,commercial,Illinois
17047,2024-09-13,803.5,industrial,Ohio
17048,2024-09-14,443.7,residential,Florida
17049,2024-09-15,351.7,residential,Florida
17050,2024-09-16,342.4,residential,Texas
17051,2024-09-17,669.1,commercial,Texas
17052,2024-09-18,682.4,commercial,Florida
17053,2024-09-19,653.3,commercial,Ohio
17054,2024-09-20,637.8,commercial,Texas
17055,2024-09-21,892.2,industrial,Florida
17056,2024-09-22,691.6,commercial,California
17057,2024-09-23,271.6,residential,New York
17058,2024-09-24,392.1,residential,Florida
17059,2024-09-25,308.8,residential,New York
17060,2024-09-26,711.8,commercial,New York
17061,2024-09-27,373.1,residential,Florida
17062,2024-09-28,822.2,industrial,Texas
17063,2024-09-29,642.3,commercial,Florida
17064,2024-09-30,476.7,residential,Florida
17065,2024-10-01,786.4,commercial,Florida
17066,2024-10-02,582.4,commercial,Illinois
17067,2024-10-03,380.4,residential,California
17068,2024-10-04,545.9,commercial,Georgia
17069,2024-10-05,484.1,residential,Florida
17070,2024-10-06,987.8,industrial,Florida
17071,2024-10-07,664.1,commercial,Texas
17072,2024-10-08,458.2,residential,Ohio
17073,2024-10-09,614.5,commercial,New York
17074,2024-10-10,447.2,residential,Florida
17075,2024-10-11,596.7,commercial,Florida
17076,2024-10-12,319.6,residential,Florida
17077,2024-10-13,947.2,industrial,Ohio
17078,2024-10-14,894.2,industrial,Georgia
17079,2024-10-15,667.4,commercial,Georgia
17080,2024-10-16,884.1,industrial,Florida
17081,2024-10-17,932.0,industrial,Ohio
17082,2024-10-18,413.0,residential,Illinois
17083,2024-10-19,882.7,industrial,Illinois
17084,2024-10-20,883.0,industrial,Georgia
17085,2024-10-21,328.7,residential,California
17086,2024-10-22,657.9,commercial,Florida
17087,2024-10-23,360.9,residential,Georgia
17088,2024-10-24,282.0,residential,Florida
17089,2024-10-25,301.8,residential,New York
17090,2024-10-26,944.6,industrial,California
17091,2024-10-27,667.2,commercial,California
17092,2024-10-28,362.4,residential,Georgia
17093,2024-10-29,394.7,residential,Texas
17094,2024-10-30,370.6,residential,Texas
17095,2024-10-31,704.4,commercial,Ohio
17096,2024-11-01,726.4,commercial,Florida
17097,2024-11-02,642.6,commercial,California
17098,2024-11-03,807.8,commercial,New York
17099,2024-11-04,437.9,residential,California
17100,2024-11-05,614.6,commercial,Georgia
17101,2024-11-06,922.1,industrial,Georgia
17102,2024-11-07,917.2,industrial,Florida
17103,2024-11-08,437.1,residential,Ohio
17104,2024-11-09,406.9,residential,California
17105,2024-11-10,351.4,residential,Illinois
17106,2024-11-11,867.0,industrial,Illinois
17107,2024-11-12,484.8,residential,Florida
17108,2024-11-13,695.6,commercial,California
17109,2024-11-14,391.2,residential,Florida
17110,2024-11-15,367.3,residential,California
17111,2024-11-16,965.6,industrial,California
17112,2024-11-17,460.7,residential,New York
17113,2024-11-18,438.2,residential,Ohio
17114,2024-11-19,369.7,residential,Texas
17115,2024-11-20,357.6,residential,Ohio
17116,2024-11-21,615.2,commercial,Florida
17117,2024-11-22,385.3,residential,Ohio
17118,2024-11-23,510.3,residential,Florida
17119,2024-11-24,446.1,residential,Ohio
17120,2024-11-25,874.2,industrial,Texas
17121,2024-11-26,441.7,residential,Ohio
17122,2024-11-27,683.8,commercial,Ohio
17123,2024-11-28,683.9,commercial,Illinois
17124,2024-11-29,678.5,commercial,California
17125,2024-11-30,974.2,industrial,Ohio
17126,2024-12-01,438.9,residential,Florida
17127,2024-12-02,705.9,commercial,Georgia
17128,2024-12-03,383.5,residential,Georgia
17129,2024-12-04,657.8,commercial,California
17130,2024-12-05,700.1,commercial,Texas
17131,2024-12-06,688.7,commercial,California
17132,2024-12-07,631.6,commercial,Florida
17133,2024-12-08,1012.6,industrial,New York
17134,2024-12-09,821.1,industrial,California
17135,2024-12-10,841.9,industrial,Georgia
17136,2024-12-11,393.4,residential,Ohio
17137,2024-12-12,880.4,industrial,California
17138,2024-12-13,860.8,industrial,Texas
17139,2024-12-14,646.3,commercial,Ohio
17140,2024-12-15,487.9,commercial,Florida
17141,2024-12-16,478.4,residential,Ohio
17142,2024-12-17,393.3,residential,Illinois
17143,2024-12-18,967.4,industrial,California
17144,2024-12-19,408.4,residential,Florida
17145,2024-12-20,480.0,residential,New York
17146,2024-12-21,366.5,residential,Texas
17147,2024-12-22,571.0,commercial,Florida
17148,2024-12-23,349.2,residential,Georgia
17149,2024-12-24,598.7,commercial,New York
17150,2024-12-25,896.0,industrial,Georgia
17151,2024-12-26,968.3,industrial,Texas
17152,2024-12-27,423.6,residential,Texas
17153,2024-12-28,705.2,commercial,Illinois
17154,2024-12-29,577.0,commercial,Georgia
17155,2024-12-30,929.9,industrial,Texas
17156,2024-01-01,480.6,residential,Illinois
17157,2024-01-02,818.9,industrial,Ohio
17158,2024-01-03,474.9,residential,Illinois
17159,2024-01-04,345.7,residential,Illinois
17160,2024-01-05,865.9,industrial,New York
17161,2024-01-06,741.7,commercial,Georgia
17162,2024-01-07,268.9,residential,Illinois
17163,2024-01-08,580.4,commercial,Georgia
17164,2024-01-09,367.2,residential,New York
17165,2024-01-10,972.8,industrial,Georgia
17166,2024-01-11,367.8,residential,California
17167,2024-01-12,402.9,residential,Texas
17168,2024-01-13,809.5,industrial,Ohio
17169,2024-01-14,950.8,industrial,Florida
17170,2024-01-15,1015.2,industrial,Texas
17171,2024-01-16,615.6,commercial,Ohio
17172,2024-01-17,500.2,residential,Texas
17173,2024-01-18,833.8,industrial,New York
17174,2024-01-19,605.0,commercial,Georgia
17175,2024-01-20,376.7,residential,Florida
17176,2024-01-21,676.1,commercial,Florida
17177,2024-01-22,395.1,residential,California
17178,2024-01-23,644.7,commercial,Texas
17179,2024-01-24,370.5,residential,New York
17180,2024-01-25,866.4,industrial,Illinois
17181,2024-01-26,376.1,residential,Ohio
17182,2024-01-27,370.0,residential,California
17183,2024-01-28,477.8,residential,New York
17184,2024-01-29,609.1,commercial,New York
17185,2024-01-30,728.9,commercial,Georgia
17186,2024-01-31,922.7,industrial,Florida
17187,2024-02-01,974.3,industrial,Texas
17188,2024-02-02,853.1,industrial,Texas
17189,2024-02-03,372.2,residential,Georgia
17190,2024-02-04,479.5,commercial,Texas
17191,2024-02-05,820.9,industrial,New York
17192,2024-02-06,379.9,residential,Ohio
17193,2024-02-07,603.3,commercial,Georgia
17194,2024-02-08,603.9,commercial,Texas
17195,2024-02-09,888.0,industrial,Texas
17196,2024-02-10,604.3,commercial,California
17197,2024-02-11,921.1,industrial,New York
17198,2024-02-12,490.1,residential,New York
17199,2024-02-13,618.0,commercial,California
17200,2024-02-14,486.5,residential,California
17201,2024-02-15,941.0,industrial,Illinois
17202,2024-02-16,333.1,residential,Texas
17203,2024-02-17,870.2,industrial,Illinois
17204,2024-02-18,711.8,commercial,California
17205,2024-02-19,272.4,residential,Texas
17206,2024-02-20,704.8,commercial,California
17207,2024-02-21,865.5,industrial,Georgia
17208,2024-02-22,872.4,industrial,Texas
17209,2024-02-23,449.5,residential,Illinois
17210,2024-02-24,647.9,commercial,Florida
17211,2024-02-25,637.3,commercial,Ohio
17212,2024-02-26,630.6,commercial,Florida
17213,2024-02-27,845.1,industrial,California
17214,2024-02-28,695.0,commercial,California
17215,2024-02-29,657.7,commercial,Texas
17216,2024-03-01,653.4,commercial,Ohio
17217,2024-03-02,549.9,commercial,New York
17218,2024-03-03,424.3,residential,Ohio
17219,2024-03-04,884.9,industrial,Ohio
17220,2024-03-05,348.3,residential,California
17221,2024-03-06,728.5,commercial,New York
17222,2024-03-07,415.5,residential,Texas
17223,2024-03-08,455.2,residential,Florida
17224,2024-03-09,728.9,industrial,Texas
17225,2024-03-10,355.8,residential,Illinois
17226,2024-03-11,891.0,industrial,Illinois
17227,2024-03-12,603.8,commercial,Illinois
17228,2024-03-13,595.9,commercial,Georgia
17229,2024-03-14,854.8,industrial,Ohio
17230,2024-03-15,477.3,residential,Illinois
17231,2024-03-16,314.8,residential,Texas
17232,2024-03-17,867.9,industrial,California
17233,2024-03-18,624.6,commercial,Ohio
17234,2024-03-19,376.5,residential,Georgia
17235,2024-03-20,664.2,commercial,Florida
17236,2024-03-21,402.6,residential,New York
17237,2024-03-22,645.7,commercial,Georgia
17238,2024-03-23,401.2,residential,Florida
17239,2024-03-24,706.1,commercial,New York
17240,2024-03-25,382.2,residential,Georgia
17241,2024-03-26,922.9,industrial,Illinois
17242,2024-03-27,406.0,residential,Ohio
17243,2024-03-28,388.4,residential,New York
17244,2024-03-29,894.3,industrial,New York
17245,2024-03-30,526.9,commercial,New York
17246,2024-03-31,389.0,residential,Georgia
17247,2024-04-01,912.7,industrial,California
17248,2024-04-02,342.9,residential,New York
17249,2024-04-03,748.1,commercial,Ohio
17250,2024-04-04,350.5,residential,Georgia
17251,2024-04-05,854.6,industrial,Illinois
17252,2024-04-06,619.8,commercial,Illinois
17253,2024-04-07,793.1,industrial,Georgia
17254,2024-04-08,699.6,commercial,New York
17255,2024-04-09,473.9,residential,Illinois
17256,2024-04-10,605.7,commercial,California
17257,2024-04-11,424.6,residential,California
17258,2024-04-12,905.3,industrial,Ohio
17259,2024-04-13,339.0,residential,California
17260,2024-04-14,578.7,commercial,Illinois
17261,2024-04-15,946.4,industrial,Illinois
17262,2024-04-16,691.1,commercial,California
17263,2024-04-17,633.7,commercial,Texas
17264,2024-04-18,817.8,industrial,Illinois
17265,2024-04-19,914.6,industrial,Texas
17266,2024-04-20,610.9,commercial,Florida
17267,2024-04-21,372.8,residential,Florida
17268,2024-04-22,424.2,residential,Illinois
17269,2024-04-23,883.8,industrial,New York
17270,2024-04-24,344.8,residential,Georgia
17271,2024-04-25,602.5,commercial,California
17272,2024-04-26,673.4,commercial,Ohio
17273,2024-04-27,628.2,commercial,New York
17274,2024-04-28,880.2,industrial,Georgia
17275,2024-04-29,666.8,commercial,Georgia
17276,2024-04-30,957.8,industrial,Ohio
17277,2024-05-01,830.6,industrial,New York
17278,2024-05-02,301.5,residential,California
17279,2024-05-03,367.2,residential,Georgia
17280,2024-05-04,748.6,commercial,Illinois
17281,2024-05-05,345.4,residential,Georgia
17282,2024-05-06,632.6,commercial,New York
17283,2024-05-07,608.9,commercial,Florida
17284,2024-05-08,455.3,residential,Texas
17285,2024-05-09,926.1,industrial,California
17286,2024-05-10,457.8,commercial,Texas
17287,2024-05-11,923.3,industrial,Illinois
17288,2024-05-12,690.9,commercial,Georgia
17289,2024-05-13,940.0,industrial,Texas
17290,2024-05-14,523.6,residential,New York
17291,2024-05-15,760.5,commercial,Georgia
17292,2024-05-16,802.8,industrial,Georgia
17293,2024-05-17,691.3,commercial,Texas
17294,2024-05-18,412.6,residential,California
17295,2024-05-19,335.5,residential,Illinois
17296,2024-05-20,327.4,residential,Illinois
17297,2024-05-21,631.9,commercial,New York
17298,2024-05-22,598.1,commercial,Texas
17299,2024-05-23,588.4,commercial,Ohio
17300,2024-05-24,980.8,industrial,New York
17301,2024-05-25,638.2,commercial,Illinois
17302,2024-05-26,401.3,residential,Illinois
17303,2024-05-27,744.8,commercial,Texas
17304,2024-05-28,649.1,commercial,New York
17305,2024-05-29,683.9,commercial,Georgia
17306,2024-05-30,1058.7,industrial,Illinois
17307,2024-05-31,341.4,residential,California
17308,2024-06-01,657.4,commercial,Texas
17309,2024-06-02,719.8,commercial,Georgia
17310,2024-06-03,858.7,industrial,Florida
17311,2024-06-04,560.5,commercial,Ohio
17312,2024-06-05,928.2,industrial,Texas
17313,2024-06-06,352.2,residential,California
17314,2024-06-07,693.8,commercial,Florida
17315,2024-06-08,501.0,residential,California
17316,2024-06-09,438.3,residential,California
17317,2024-06-10,370.0,residential,Illinois
17318,2024-06-11,947.3,industrial,California
17319,2024-06-12,930.4,industrial,California
17320,2024-06-13,678.7,commercial,Georgia
17321,2024-06-14,775.8,commercial,New York
17322,2024-06-15,625.9,commercial,Georgia
17323,2024-06-16,1004.7,industrial,Florida
17324,2024-06-17,422.5,residential,Illinois
17325,2024-06-18,570.3,commercial,Texas
17326,2024-06-19,833.0,industrial,New York
17327,2024-06-20,763.0,commercial,Texas
17328,2024-06-21,579.2,commercial,Illinois
17329,2024-06-22,462.3,residential,Texas
17330,2024-06-23,709.0,commercial,California
17331,2024-06-24,286.8,residential,Illinois
17332,2024-06-25,862.6,industrial,California
17333,2024-06-26,850.3,industrial,Illinois
17334,2024-06-27,471.0,commercial,California
17335,2024-06-28,568.0,commercial,New York
17336,2024-06-29,743.7,industrial,Florida
17337,2024-06-30,599.6,commercial,New York
17338,2024-07-01,458.1,residential,Ohio
17339,2024-07-02,394.1,residential,California
17340,2024-07-03,890.9,industrial,Georgia
17341,2024-07-04,305.1,residential,Ohio
17342,2024-07-05,457.5,residential,Ohio
17343,2024-07-06,586.4,commercial,Ohio
17344,2024-07-07,703.0,commercial,Florida
17345,2024-07-08,907.3,industrial,Florida
17346,2024-07-09,950.2,industrial,California
17347,2024-07-10,738.4,commercial,Texas
17348,2024-07-11,713.6,commercial,Texas
17349,2024-07-12,902.4,industrial,Georgia
17350,2024-07-13,639.2,commercial,New York
17351,2024-07-14,800.0,industrial,Illinois
17352,2024-07-15,438.2,residential,Texas
17353,2024-07-16,337.1,residential,Texas
17354,2024-07-17,721.7,commercial,New York
17355,2024-07-18,767.7,commercial,Georgia
17356,2024-07-19,481.6,residential,Ohio
17357,2024-07-20,908.1,industrial,California
17358,2024-07-21,444.1,residential,New York
17359,2024-07-22,368.0,residential,Ohio
17360,2024-07-23,739.7,commercial,Georgia
17361,2024-07-24,641.5,commercial,New York
17362,2024-07-25,877.8,industrial,Texas
17363,2024-07-26,850.0,industrial,Ohio
17364,2024-07-27,383.2,residential,New York
17365,2024-07-28,788.0,industrial,Ohio
17366,2024-07-29,698.8,commercial,California
17367,2024-07-30,321.0,residential,Illinois
17368,2024-07-31,1033.3,industrial,California
17369,2024-08-01,966.2,industrial,Ohio
17370,2024-08-02,694.2,commercial,Illinois
17371,2024-08-03,640.3,commercial,Illinois
17372,2024-08-04,690.2,commercial,California
17373,2024-08-05,673.3,commercial,Ohio
17374,2024-08-06,959.9,industrial,California
17375,2024-08-07,774.9,commercial,California
17376,2024-08-08,878.9,industrial,Florida
17377,2024-08-09,474.8,residential,Ohio
17378,2024-08-10,588.2,commercial,Ohio
17379,2024-08-11,896.2,industrial,New York
17380,2024-08-12,721.0,commercial,California
17381,2024-08-13,572.2,commercial,California
17382,2024-08-14,586.8,commercial,Ohio
17383,2024-08-15,601.3,commercial,New York
17384,2024-08-16,860.7,industrial,Texas
17385,2024-08-17,603.4,commercial,New York
17386,2024-08-18,368.7,residential,Florida
17387,2024-08-19,452.2,residential,Georgia
17388,2024-08-20,691.3,commercial,California
17389,2024-08-21,404.0,residential,Florida
17390,2024-08-22,909.0,industrial,Texas
17391,2024-08-23,525.2,residential,Georgia
17392,2024-08-24,634.8,commercial,California
17393,2024-08-25,862.6,industrial,New York
17394,2024-08-26,612.9,commercial,Illinois
17395,2024-08-27,434.8,residential,Georgia
17396,2024-08-28,426.5,residential,Ohio
17397,2024-08-29,939.0,industrial,Texas
17398,2024-08-30,671.2,commercial,Texas
17399,2024-08-31,980.3,industrial,New York
17400,2024-09-01,399.6,residential,New York
17401,2024-09-02,711.3,commercial,Florida
17402,2024-09-03,899.5,industrial,Texas
17403,2024-09-04,462.5,residential,New York
17404,2024-09-05,582.3,commercial,Texas
17405,2024-09-06,708.5,commercial,Ohio
17406,2024-09-07,359.0,residential,Texas
17407,2024-09-08,679.6,commercial,Ohio
17408,2024-09-09,696.9,commercial,Illinois
17409,2024-09-10,644.3,commercial,Illinois
17410,2024-09-11,630.4,commercial,New York
17411,2024-09-12,663.3,commercial,California
17412,2024-09-13,703.9,commercial,Ohio
17413,2024-09-14,380.4,residential,Illinois
17414,2024-09-15,620.2,commercial,Illinois
17415,2024-09-16,340.0,residential,Ohio
17416,2024-09-17,839.6,industrial,Georgia
17417,2024-09-18,919.9,industrial,California
17418,2024-09-19,907.2,industrial,Ohio
17419,2024-09-20,313.8,residential,Ohio
17420,2024-09-21,868.5,industrial,Florida
17421,2024-09-22,380.1,residential,New York
17422,2024-09-23,834.0,industrial,Florida
17423,2024-09-24,328.5,residential,Ohio
17424,2024-09-25,1014.2,industrial,Illinois
17425,2024-09-26,604.2,commercial,Ohio
17426,2024-09-27,401.1,residential,Ohio
17427,2024-09-28,605.1,commercial,Illinois
17428,2024-09-29,879.9,industrial,Illinois
17429,2024-09-30,437.6,residential,Georgia
17430,2024-10-01,600.4,commercial,Texas
17431,2024-10-02,854.4,industrial,California
17432,2024-10-03,718.3,commercial,Illinois
17433,2024-10-04,312.8,residential,Illinois
17434,2024-10-05,764.7,commercial,Illinois
17435,2024-10-06,791.9,industrial,Georgia
17436,2024-10-07,373.9,residential,Florida
17437,2024-10-08,613.9,commercial,Texas
17438,2024-10-09,582.1,commercial,Georgia
17439,2024-10-10,613.9,commercial,New York
17440,2024-10-11,890.4,industrial,Illinois
17441,2024-10-12,424.1,residential,Ohio
17442,2024-10-13,373.9,residential,New York
17443,2024-10-14,1018.4,industrial,Illinois
17444,2024-10-15,332.6,residential,California
17445,2024-10-16,653.9,commercial,Florida
17446,2024-10-17,477.8,residential,Florida
17447,2024-10-18,479.4,residential,Ohio
17448,2024-10-19,377.1,residential,Ohio
17449,2024-10-20,617.6,commercial,New York
17450,2024-10-21,706.5,commercial,Illinois
17451,2024-10-22,579.4,commercial,Illinois
17452,2024-10-23,330.9,residential,Texas
17453,2024-10-24,587.2,commercial,Illinois
17454,2024-10-25,828.9,industrial,California
17455,2024-10-26,808.9,industrial,Florida
17456,2024-10-27,659.2,commercial,Georgia
17457,2024-10-28,447.5,residential,Florida
17458,2024-10-29,367.6,residential,California
17459,2024-10-30,454.0,commercial,Florida
17460,2024-10-31,329.2,residential,Ohio
17461,2024-11-01,449.1,residential,California
17462,2024-11-02,610.6,commercial,Ohio
17463,2024-11-03,903.4,industrial,Georgia
17464,2024-11-04,411.1,residential,Texas
17465,2024-11-05,842.9,industrial,California
17466,2024-11-06,417.1,residential,California
17467,2024-11-07,823.4,industrial,Georgia
17468,2024-11-08,604.4,commercial,California
17469,2024-11-09,571.1,commercial,Illinois
17470,2024-11-10,765.8,industrial,Ohio
17471,2024-11-11,386.4,residential,Florida
17472,2024-11-12,721.5,commercial,Ohio
17473,2024-11-13,804.2,industrial,Florida
17474,2024-11-14,856.3,industrial,Illinois
17475,2024-11-15,984.3,industrial,Florida
17476,2024-11-16,940.7,industrial,California
17477,2024-11-17,832.8,industrial,Illinois
17478,2024-11-18,474.4,residential,New York
17479,2024-11-19,878.8,industrial,Georgia
17480,2024-11-20,859.1,industrial,New York
17481,2024-11-21,1024.3,industrial,Ohio
17482,2024-11-22,610.2,commercial,Illinois
17483,2024-11-23,905.0,industrial,Ohio
17484,2024-11-24,718.5,commercial,New York
17485,2024-11-25,245.8,residential,Illinois
17486,2024-11-26,386.5,residential,Georgia
17487,2024-11-27,813.7,industrial,Illinois
17488,2024-11-28,408.8,residential,California
17489,2024-11-29,898.7,industrial,New York
17490,2024-11-30,450.4,residential,Florida
17491,2024-12-01,1095.5,industrial,Ohio
17492,2024-12-02,630.4,commercial,Ohio
17493,2024-12-03,623.3,commercial,Illinois
17494,2024-12-04,924.9,industrial,Florida
17495,2024-12-05,672.7,commercial,Florida
17496,2024-12-06,410.9,residential,Florida
17497,2024-12-07,980.8,industrial,Ohio
17498,2024-12-08,442.9,commercial,Texas
17499,2024-12-09,389.7,residential,Georgia
17500,2024-12-10,229.6,residential,Illinois
17501,2024-12-11,314.9,residential,Ohio
17502,2024-12-12,493.7,commercial,New York
17503,2024-12-13,690.4,commercial,Texas
17504,2024-12-14,453.4,residential,Texas
17505,2024-12-15,327.1,residential,Illinois
17506,2024-12-16,542.5,commercial,Texas
17507,2024-12-17,383.4,residential,Illinois
17508,2024-12-18,579.3,commercial,Illinois
17509,2024-12-19,947.2,industrial,Illinois
17510,2024-12-20,545.2,commercial,Florida
17511,2024-12-21,647.1,commercial,Florida
17512,2024-12-22,370.6,residential,New York
17513,2024-12-23,339.0,residential,Illinois
17514,2024-12-24,441.7,residential,Florida
17515,2024-12-25,871.3,industrial,California
17516,2024-12-26,650.0,commercial,California
17517,2024-12-27,602.8,commercial,Ohio
17518,2024-12-28,682.4,commercial,Ohio
17519,2024-12-29,686.5,commercial,Illinois
17520,2024-12-30,721.9,commercial,Florida
17521,2024-01-01,726.7,commercial,Illinois
17522,2024-01-02,664.7,commercial,California
17523,2024-01-03,607.9,commercial,Florida
17524,2024-01-04,885.9,industrial,Illinois
17525,2024-01-05,804.4,industrial,California
17526,2024-01-06,575.1,commercial,Illinois
17527,2024-01-07,748.0,commercial,Ohio
17528,2024-01-08,396.6,residential,California
17529,2024-01-09,917.0,industrial,Illinois
17530,2024-01-10,377.5,residential,New York
17531,2024-01-11,471.4,residential,Texas
17532,2024-01-12,843.9,industrial,New York
17533,2024-01-13,354.4,residential,Texas
17534,2024-01-14,677.8,commercial,New York
17535,2024-01-15,880.9,industrial,Texas
17536,2024-01-16,472.1,residential,New York
17537,2024-01-17,678.8,commercial,Illinois
17538,2024-01-18,610.3,commercial,Georgia
17539,2024-01-19,321.3,residential,Florida
17540,2024-01-20,698.9,commercial,New York
17541,2024-01-21,919.5,industrial,Georgia
17542,2024-01-22,941.2,industrial,Georgia
17543,2024-01-23,824.6,industrial,Illinois
17544,2024-01-24,492.6,residential,Florida
17545,2024-01-25,685.0,commercial,Georgia
17546,2024-01-26,713.8,industrial,Georgia
17547,2024-01-27,971.5,industrial,New York
17548,2024-01-28,630.4,commercial,Florida
17549,2024-01-29,436.3,residential,Texas
17550,2024-01-30,845.4,industrial,California
17551,2024-01-31,347.4,residential,Ohio
17552,2024-02-01,503.1,residential,Florida
17553,2024-02-02,608.1,commercial,Ohio
17554,2024-02-03,606.0,commercial,Georgia
17555,2024-02-04,369.6,residential,Texas
17556,2024-02-05,353.4,residential,Florida
17557,2024-02-06,936.7,industrial,California
17558,2024-02-07,370.2,residential,Illinois
17559,2024-02-08,883.1,industrial,Texas
17560,2024-02-09,890.2,industrial,Ohio
17561,2024-02-10,600.7,commercial,Texas
17562,2024-02-11,670.0,commercial,Ohio
17563,2024-02-12,611.0,commercial,California
17564,2024-02-13,897.6,industrial,Texas
17565,2024-02-14,948.0,industrial,Illinois
17566,2024-02-15,910.0,industrial,Georgia
17567,2024-02-16,316.7,residential,Illinois
17568,2024-02-17,654.7,commercial,California
17569,2024-02-18,967.0,industrial,Texas
17570,2024-02-19,710.5,commercial,Illinois
17571,2024-02-20,900.5,industrial,California
17572,2024-02-21,667.4,commercial,Georgia
17573,2024-02-22,623.1,commercial,Illinois
17574,2024-02-23,436.3,residential,Illinois
17575,2024-02-24,667.6,commercial,California
17576,2024-02-25,394.9,residential,Georgia
17577,2024-02-26,1010.5,industrial,New York
17578,2024-02-27,771.0,commercial,Ohio
17579,2024-02-28,439.7,residential,New York
17580,2024-02-29,300.3,residential,New York
17581,2024-03-01,354.2,residential,Ohio
17582,2024-03-02,382.6,residential,Georgia
17583,2024-03-03,403.3,residential,Ohio
17584,2024-03-04,649.7,commercial,Texas
17585,2024-03-05,482.0,residential,New York
17586,2024-03-06,711.3,commercial,Ohio
17587,2024-03-07,984.4,industrial,Illinois
17588,2024-03-08,1039.1,industrial,Georgia
17589,2024-03-09,625.5,commercial,Georgia
17590,2024-03-10,944.5,industrial,Texas
17591,2024-03-11,503.9,commercial,Florida
17592,2024-03-12,585.3,commercial,Florida
17593,2024-03-13,610.4,commercial,Illinois
17594,2024-03-14,863.3,industrial,Ohio
17595,2024-03-15,847.2,industrial,Illinois
17596,2024-03-16,570.4,commercial,Florida
17597,2024-03-17,876.6,industrial,Georgia
17598,2024-03-18,343.0,residential,Illinois
17599,2024-03-19,724.8,commercial,Illinois
17600,2024-03-20,347.4,residential,Illinois
17601,2024-03-21,794.0,industrial,Illinois
17602,2024-03-22,947.1,industrial,Texas
17603,2024-03-23,355.5,residential,Texas
17604,2024-03-24,495.5,residential,Texas
17605,2024-03-25,566.5,commercial,California
17606,2024-03-26,904.0,industrial,California
17607,2024-03-27,438.1,residential,New York
17608,2024-03-28,700.6,commercial,Texas
17609,2024-03-29,856.7,industrial,New York
17610,2024-03-30,354.2,residential,New York
17611,2024-03-31,937.2,industrial,Texas
17612,2024-04-01,850.9,industrial,Florida
17613,2024-04-02,372.6,residential,California
17614,2024-04-03,347.1,residential,Ohio
17615,2024-04-04,630.2,commercial,Illinois
17616,2024-04-05,679.7,commercial,New York
17617,2024-04-06,400.5,residential,Georgia
17618,2024-04-07,664.6,commercial,New York
17619,2024-04-08,616.1,commercial,Georgia
17620,2024-04-09,447.2,residential,Illinois
17621,2024-04-10,387.7,residential,Georgia
17622,2024-04-11,488.2,residential,Ohio
17623,2024-04-12,897.3,industrial,Texas
17624,2024-04-13,916.5,industrial,Illinois
17625,2024-04-14,980.9,industrial,Georgia
17626,2024-04-15,701.0,commercial,Florida
17627,2024-04-16,816.4,industrial,Texas
17628,2024-04-17,315.2,residential,California
17629,2024-04-18,388.6,residential,Ohio
17630,2024-04-19,459.8,residential,Illinois
17631,2024-04-20,451.6,residential,Illinois
17632,2024-04-21,520.0,commercial,Georgia
17633,2024-04-22,860.9,industrial,Texas
17634,2024-04-23,701.0,commercial,Georgia
17635,2024-04-24,787.9,industrial,Ohio
17636,2024-04-25,693.7,commercial,Florida
17637,2024-04-26,781.6,commercial,New York
17638,2024-04-27,474.1,residential,Florida
17639,2024-04-28,411.9,residential,Ohio
17640,2024-04-29,873.8,industrial,New York
17641,2024-04-30,931.7,industrial,Ohio
17642,2024-05-01,670.6,commercial,Texas
17643,2024-05-02,916.6,industrial,Texas
17644,2024-05-03,908.6,industrial,Ohio
17645,2024-05-04,944.0,industrial,Illinois
17646,2024-05-05,362.7,residential,Florida
17647,2024-05-06,969.8,industrial,New York
17648,2024-05-07,373.3,residential,Florida
17649,2024-05-08,870.9,industrial,Florida
17650,2024-05-09,612.8,commercial,Florida
17651,2024-05-10,489.9,residential,Ohio
17652,2024-05-11,487.3,residential,New York
17653,2024-05-12,822.0,industrial,Illinois
17654,2024-05-13,687.0,commercial,Georgia
17655,2024-05-14,640.5,commercial,Illinois
17656,2024-05-15,877.0,industrial,Texas
17657,2024-05-16,679.1,commercial,Florida
17658,2024-05-17,313.9,residential,Florida
17659,2024-05-18,736.6,commercial,Georgia
17660,2024-05-19,880.8,industrial,Illinois
17661,2024-05-20,444.1,residential,Florida
17662,2024-05-21,671.5,commercial,Florida
17663,2024-05-22,899.2,industrial,Texas
17664,2024-05-23,628.3,commercial,California
17665,2024-05-24,717.7,commercial,California
17666,2024-05-25,992.4,industrial,Florida
17667,2024-05-26,742.3,commercial,Illinois
17668,2024-05-27,437.4,residential,Illinois
17669,2024-05-28,496.2,residential,New York
17670,2024-05-29,768.4,industrial,New York
17671,2024-05-30,811.5,industrial,Georgia
17672,2024-05-31,834.9,industrial,New York
17673,2024-06-01,407.2,residential,Texas
17674,2024-06-02,406.9,residential,Georgia
17675,2024-06-03,354.8,residential,Florida
17676,2024-06-04,528.7,commercial,Florida
17677,2024-06-05,692.4,commercial,Ohio
17678,2024-06-06,634.0,commercial,Texas
17679,2024-06-07,901.6,industrial,New York
17680,2024-06-08,971.1,industrial,Georgia
17681,2024-06-09,666.8,commercial,Florida
17682,2024-06-10,431.8,residential,Texas
17683,2024-06-11,365.7,residential,Ohio
17684,2024-06-12,919.7,industrial,New York
17685,2024-06-13,850.7,industrial,Georgia
17686,2024-06-14,944.7,industrial,Illinois
17687,2024-06-15,420.3,residential,Georgia
17688,2024-06-16,804.4,industrial,Florida
17689,2024-06-17,514.8,residential,Florida
17690,2024-06-18,800.0,industrial,Ohio
17691,2024-06-19,890.9,industrial,Georgia
17692,2024-06-20,313.9,residential,Florida
17693,2024-06-21,321.1,residential,Texas
17694,2024-06-22,900.2,industrial,Ohio
17695,2024-06-23,384.6,residential,New York
17696,2024-06-24,445.2,residential,Georgia
17697,2024-06-25,620.5,commercial,New York
17698,2024-06-26,660.0,commercial,Illinois
17699,2024-06-27,589.5,commercial,Illinois
17700,2024-06-28,378.1,residential,California
17701,2024-06-29,345.4,residential,New York
17702,2024-06-30,826.6,industrial,Georgia
17703,2024-07-01,404.7,residential,Illinois
17704,2024-07-02,912.6,industrial,California
17705,2024-07-03,897.6,industrial,New York
17706,2024-07-04,619.5,commercial,Texas
17707,2024-07-05,607.1,commercial,Florida
17708,2024-07-06,882.9,industrial,Georgia
17709,2024-07-07,689.4,commercial,Georgia
17710,2024-07-08,558.1,commercial,Texas
17711,2024-07-09,374.3,residential,Illinois
17712,2024-07-10,693.6,commercial,Georgia
17713,2024-07-11,904.2,industrial,Florida
17714,2024-07-12,897.7,industrial,Ohio
17715,2024-07-13,934.4,industrial,New York
17716,2024-07-14,602.5,commercial,Texas
17717,2024-07-15,445.5,residential,New York
17718,2024-07-16,455.7,residential,New York
17719,2024-07-17,842.2,industrial,Georgia
17720,2024-07-18,1021.9,industrial,Ohio
17721,2024-07-19,873.8,industrial,Texas
17722,2024-07-20,578.8,commercial,New York
17723,2024-07-21,427.0,residential,New York
17724,2024-07-22,376.2,residential,Ohio
17725,2024-07-23,689.0,commercial,New York
17726,2024-07-24,806.5,commercial,Florida
17727,2024-07-25,651.6,commercial,Illinois
17728,2024-07-26,827.4,industrial,Florida
17729,2024-07-27,771.8,commercial,Georgia
17730,2024-07-28,424.0,residential,Ohio
17731,2024-07-29,957.0,industrial,Illinois
17732,2024-07-30,907.3,industrial,California
17733,2024-07-31,606.4,commercial,Illinois
17734,2024-08-01,331.0,residential,Ohio
17735,2024-08-02,365.4,residential,Georgia
17736,2024-08-03,687.6,commercial,Florida
17737,2024-08-04,375.3,residential,Illinois
17738,2024-08-05,861.0,industrial,New York
17739,2024-08-06,798.4,industrial,Georgia
17740,2024-08-07,871.6,industrial,Ohio
17741,2024-08-08,589.2,commercial,Georgia
17742,2024-08-09,675.1,commercial,Florida
17743,2024-08-10,515.0,residential,Georgia
17744,2024-08-11,529.3,commercial,Ohio
17745,2024-08-12,733.9,commercial,California
17746,2024-08-13,587.8,commercial,Florida
17747,2024-08-14,912.6,industrial,Florida
17748,2024-08-15,444.3,residential,California
17749,2024-08-16,908.2,industrial,California
17750,2024-08-17,356.5,residential,Georgia
17751,2024-08-18,425.7,residential,Texas
17752,2024-08-19,398.4,residential,Georgia
17753,2024-08-20,376.0,residential,California
17754,2024-08-21,721.7,commercial,California
17755,2024-08-22,811.5,industrial,Florida
17756,2024-08-23,731.1,commercial,New York
17757,2024-08-24,740.7,commercial,California
17758,2024-08-25,833.6,industrial,Georgia
17759,2024-08-26,616.4,commercial,California
17760,2024-08-27,707.7,commercial,Illinois
17761,2024-08-28,887.9,industrial,New York
17762,2024-08-29,1001.5,industrial,Texas
17763,2024-08-30,502.8,residential,Illinois
17764,2024-08-31,377.4,residential,Ohio
17765,2024-09-01,684.9,commercial,Florida
17766,2024-09-02,612.4,commercial,New York
17767,2024-09-03,427.7,residential,Georgia
17768,2024-09-04,307.1,residential,New York
17769,2024-09-05,568.0,commercial,Florida
17770,2024-09-06,702.5,commercial,Ohio
17771,2024-09-07,943.9,industrial,Illinois
17772,2024-09-08,692.6,commercial,Georgia
17773,2024-09-09,966.8,industrial,Texas
17774,2024-09-10,943.7,industrial,New York
17775,2024-09-11,797.3,commercial,Ohio
17776,2024-09-12,535.4,commercial,New York
17777,2024-09-13,787.3,industrial,Ohio
17778,2024-09-14,668.4,commercial,Ohio
17779,2024-09-15,591.4,commercial,Illinois
17780,2024-09-16,841.3,industrial,Georgia
17781,2024-09-17,909.4,industrial,California
17782,2024-09-18,916.0,industrial,Ohio
17783,2024-09-19,582.1,commercial,Texas
17784,2024-09-20,333.4,residential,Florida
17785,2024-09-21,493.0,residential,New York
17786,2024-09-22,558.7,commercial,Illinois
17787,2024-09-23,339.6,residential,California
17788,2024-09-24,768.9,commercial,Florida
17789,2024-09-25,659.8,commercial,Illinois
17790,2024-09-26,955.8,industrial,Illinois
17791,2024-09-27,383.5,residential,Florida
17792,2024-09-28,423.4,residential,Illinois
17793,2024-09-29,369.7,residential,Texas
17794,2024-09-30,717.6,commercial,New York
17795,2024-10-01,704.6,commercial,Ohio
17796,2024-10-02,600.1,commercial,Illinois
17797,2024-10-03,547.0,residential,Texas
17798,2024-10-04,736.4,commercial,Texas
17799,2024-10-05,576.1,commercial,Georgia
17800,2024-10-06,650.0,commercial,California
17801,2024-10-07,435.0,residential,Texas
17802,2024-10-08,287.7,residential,Florida
17803,2024-10-09,407.2,residential,California
17804,2024-10-10,456.7,residential,Texas
17805,2024-10-11,609.7,commercial,Ohio
17806,2024-10-12,465.8,residential,California
17807,2024-10-13,435.7,residential,Georgia
17808,2024-10-14,881.7,industrial,Ohio
17809,2024-10-15,310.0,residential,Georgia
17810,2024-10-16,542.8,commercial,California
17811,2024-10-17,309.9,residential,California
17812,2024-10-18,648.8,commercial,Ohio
17813,2024-10-19,906.2,industrial,New York
17814,2024-10-20,629.4,commercial,Texas
17815,2024-10-21,441.6,residential,Georgia
17816,2024-10-22,975.8,industrial,Texas
17817,2024-10-23,400.4,residential,Florida
17818,2024-10-24,750.5,industrial,Illinois
17819,2024-10-25,571.5,commercial,Florida
17820,2024-10-26,647.7,commercial,Georgia
17821,2024-10-27,382.7,residential,New York
17822,2024-10-28,620.0,commercial,New York
17823,2024-10-29,395.4,residential,California
17824,2024-10-30,613.0,commercial,Illinois
17825,2024-10-31,644.3,commercial,California
17826,2024-11-01,387.4,residential,California
17827,2024-11-02,687.5,commercial,Texas
17828,2024-11-03,884.1,industrial,Illinois
17829,2024-11-04,331.7,residential,Texas
17830,2024-11-05,906.4,industrial,Ohio
17831,2024-11-06,589.9,commercial,Illinois
17832,2024-11-07,440.3,residential,Florida
17833,2024-11-08,989.7,industrial,Florida
17834,2024-11-09,751.9,commercial,California
17835,2024-11-10,347.3,residential,Texas
17836,2024-11-11,654.8,commercial,Florida
17837,2024-11-12,408.5,residential,New York
17838,2024-11-13,701.3,commercial,Texas
17839,2024-11-14,858.8,industrial,Georgia
17840,2024-11-15,668.7,commercial,Ohio
17841,2024-11-16,945.9,industrial,Ohio
17842,2024-11-17,732.1,commercial,Florida
17843,2024-11-18,317.6,residential,New York
17844,2024-11-19,607.8,commercial,Florida
17845,2024-11-20,913.4,industrial,Georgia
17846,2024-11-21,669.5,commercial,Ohio
17847,2024-11-22,895.5,industrial,Florida
17848,2024-11-23,697.9,commercial,Texas
17849,2024-11-24,954.4,industrial,California
17850,2024-11-25,871.1,industrial,Texas
17851,2024-11-26,575.9,commercial,Texas
17852,2024-11-27,385.0,residential,California
17853,2024-11-28,417.3,residential,Georgia
17854,2024-11-29,902.0,industrial,New York
17855,2024-11-30,519.0,commercial,Illinois
17856,2024-12-01,573.3,commercial,New York
17857,2024-12-02,334.4,residential,Florida
17858,2024-12-03,917.7,industrial,Ohio
17859,2024-12-04,577.2,commercial,Illinois
17860,2024-12-05,948.4,industrial,Georgia
17861,2024-12-06,361.7,residential,New York
17862,2024-12-07,902.1,industrial,Texas
17863,2024-12-08,951.4,industrial,Florida
17864,2024-12-09,692.2,commercial,New York
17865,2024-12-10,891.9,industrial,Ohio
17866,2024-12-11,702.7,commercial,Texas
17867,2024-12-12,643.6,commercial,Georgia
17868,2024-12-13,969.0,industrial,Texas
17869,2024-12-14,827.7,industrial,Georgia
17870,2024-12-15,956.7,industrial,Texas
17871,2024-12-16,435.4,residential,Texas
17872,2024-12-17,969.6,industrial,Florida
17873,2024-12-18,447.3,residential,Georgia
17874,2024-12-19,835.7,industrial,New York
17875,2024-12-20,908.5,industrial,Georgia
17876,2024-12-21,485.0,residential,Georgia
17877,2024-12-22,307.8,residential,California
17878,2024-12-23,968.9,industrial,Texas
17879,2024-12-24,820.3,industrial,Texas
17880,2024-12-25,417.6,residential,Illinois
17881,2024-12-26,759.5,commercial,Illinois
17882,2024-12-27,566.0,commercial,Illinois
17883,2024-12-28,539.2,commercial,Ohio
17884,2024-12-29,555.6,commercial,Illinois
17885,2024-12-30,856.8,industrial,Illinois
17886,2024-01-01,802.3,industrial,Illinois
17887,2024-01-02,904.8,industrial,Illinois
17888,2024-01-03,963.1,industrial,Texas
17889,2024-01-04,513.3,residential,Georgia
17890,2024-01-05,640.8,commercial,Florida
17891,2024-01-06,407.7,residential,New York
17892,2024-01-07,659.6,commercial,California
17893,2024-01-08,945.3,industrial,Texas
17894,2024-01-09,885.5,industrial,Georgia
17895,2024-01-10,918.3,industrial,California
17896,2024-01-11,313.7,residential,Ohio
17897,2024-01-12,435.2,residential,Georgia
17898,2024-01-13,379.7,residential,New York
17899,2024-01-14,629.7,commercial,Ohio
17900,2024-01-15,463.0,residential,New York
17901,2024-01-16,355.7,residential,Ohio
17902,2024-01-17,970.2,industrial,Florida
17903,2024-01-18,913.9,industrial,New York
17904,2024-01-19,710.7,commercial,New York
17905,2024-01-20,584.7,commercial,Illinois
17906,2024-01-21,810.2,commercial,Georgia
17907,2024-01-22,620.6,commercial,Georgia
17908,2024-01-23,743.4,commercial,Florida
17909,2024-01-24,678.5,commercial,Illinois
17910,2024-01-25,435.9,residential,Georgia
17911,2024-01-26,616.0,commercial,New York
17912,2024-01-27,368.2,residential,Illinois
17913,2024-01-28,835.3,industrial,Ohio
17914,2024-01-29,875.7,industrial,Texas
17915,2024-01-30,831.4,industrial,Ohio
17916,2024-01-31,295.6,residential,Georgia
17917,2024-02-01,917.5,industrial,Ohio
17918,2024-02-02,731.8,commercial,Ohio
17919,2024-02-03,533.1,commercial,Ohio
17920,2024-02-04,910.0,industrial,Illinois
17921,2024-02-05,712.3,commercial,Illinois
17922,2024-02-06,911.6,industrial,Ohio
17923,2024-02-07,1018.1,industrial,California
17924,2024-02-08,473.3,residential,Florida
17925,2024-02-09,935.8,industrial,Illinois
17926,2024-02-10,358.2,residential,Texas
17927,2024-02-11,572.7,commercial,New York
17928,2024-02-12,958.3,industrial,Georgia
17929,2024-02-13,775.6,commercial,Ohio
17930,2024-02-14,421.8,residential,Georgia
17931,2024-02-15,903.6,industrial,Ohio
17932,2024-02-16,938.9,industrial,Florida
17933,2024-02-17,693.5,commercial,Georgia
17934,2024-02-18,365.3,residential,Texas
17935,2024-02-19,567.9,residential,Ohio
17936,2024-02-20,363.5,residential,Ohio
17937,2024-02-21,748.2,commercial,Florida
17938,2024-02-22,375.4,residential,Georgia
17939,2024-02-23,359.6,residential,Florida
17940,2024-02-24,500.5,residential,Illinois
17941,2024-02-25,319.8,residential,California
17942,2024-02-26,888.3,industrial,Illinois
17943,2024-02-27,447.1,residential,Ohio
17944,2024-02-28,1055.1,industrial,Illinois
17945,2024-02-29,638.9,commercial,Florida
17946,2024-03-01,433.4,residential,Georgia
17947,2024-03-02,923.8,industrial,Illinois
17948,2024-03-03,925.3,industrial,Florida
17949,2024-03-04,464.1,residential,Ohio
17950,2024-03-05,458.6,commercial,Ohio
17951,2024-03-06,729.0,commercial,Florida
17952,2024-03-07,864.7,industrial,California
17953,2024-03-08,586.0,commercial,Ohio
17954,2024-03-09,790.0,industrial,California
17955,2024-03-10,943.6,industrial,Texas
17956,2024-03-11,856.7,industrial,Georgia
17957,2024-03-12,376.6,residential,New York
17958,2024-03-13,640.3,commercial,Ohio
17959,2024-03-14,861.9,industrial,Illinois
17960,2024-03-15,877.4,industrial,Texas
17961,2024-03-16,716.3,commercial,Georgia
17962,2024-03-17,868.0,industrial,Texas
17963,2024-03-18,582.6,commercial,Ohio
17964,2024-03-19,901.0,industrial,Ohio
17965,2024-03-20,696.8,commercial,Texas
17966,2024-03-21,406.2,residential,Florida
17967,2024-03-22,301.4,residential,Georgia
17968,2024-03-23,490.5,residential,California
17969,2024-03-24,907.7,industrial,Illinois
17970,2024-03-25,852.7,industrial,California
17971,2024-03-26,655.8,commercial,California
17972,2024-03-27,391.8,residential,California
17973,2024-03-28,627.0,commercial,California
17974,2024-03-29,895.6,industrial,California
17975,2024-03-30,902.6,industrial,Florida
17976,2024-03-31,673.1,commercial,Florida
17977,2024-04-01,419.2,residential,Texas
17978,2024-04-02,921.7,industrial,Florida
17979,2024-04-03,440.6,residential,Georgia
17980,2024-04-04,592.5,commercial,Ohio
17981,2024-04-05,879.0,industrial,California
17982,2024-04-06,541.4,commercial,Florida
17983,2024-04-07,483.7,residential,Florida
17984,2024-04-08,429.1,residential,New York
17985,2024-04-09,393.4,residential,New York
17986,2024-04-10,902.1,industrial,Texas
17987,2024-04-11,903.6,industrial,Texas
17988,2024-04-12,714.7,commercial,Illinois
17989,2024-04-13,576.6,commercial,Florida
17990,2024-04-14,725.2,commercial,California
17991,2024-04-15,807.6,industrial,Illinois
17992,2024-04-16,1038.7,industrial,California
17993,2024-04-17,441.4,residential,Illinois
17994,2024-04-18,572.3,commercial,Florida
17995,2024-04-19,623.9,commercial,Texas
17996,2024-04-20,672.6,commercial,Ohio
17997,2024-04-21,464.9,residential,Illinois
17998,2024-04-22,422.8,residential,Texas
17999,2024-04-23,912.6,industrial,California
18000,2024-04-24,526.6,commercial,Florida
18001,2024-04-25,977.8,industrial,Georgia
18002,2024-04-26,863.7,industrial,California
18003,2024-04-27,244.7,residential,Georgia
18004,2024-04-28,902.7,industrial,Ohio
18005,2024-04-29,911.4,industrial,Georgia
18006,2024-04-30,395.3,residential,Florida
18007,2024-05-01,980.1,industrial,Texas
18008,2024-05-02,364.2,residential,Texas
18009,2024-05-03,444.6,residential,Florida
18010,2024-05-04,866.7,industrial,California
18011,2024-05-05,678.5,commercial,New York
18012,2024-05-06,609.2,commercial,Florida
18013,2024-05-07,917.9,industrial,Ohio
18014,2024-05-08,577.5,commercial,Ohio
18015,2024-05-09,478.5,residential,Georgia
18016,2024-05-10,518.3,commercial,California
18017,2024-05-11,677.7,commercial,California
18018,2024-05-12,1001.9,industrial,California
18019,2024-05-13,735.4,commercial,Ohio
18020,2024-05-14,484.5,residential,Georgia
18021,2024-05-15,397.0,residential,Ohio
18022,2024-05-16,458.8,residential,Florida
18023,2024-05-17,459.9,residential,Texas
18024,2024-05-18,381.9,residential,Florida
18025,2024-05-19,853.1,industrial,California
18026,2024-05-20,841.2,industrial,Florida
18027,2024-05-21,550.8,commercial,Florida
18028,2024-05-22,567.0,commercial,Ohio
18029,2024-05-23,363.1,residential,New York
18030,2024-05-24,640.1,commercial,Florida
18031,2024-05-25,881.6,industrial,California
18032,2024-05-26,840.0,industrial,Ohio
18033,2024-05-27,923.8,industrial,Texas
18034,2024-05-28,606.5,commercial,Ohio
18035,2024-05-29,771.2,industrial,Ohio
18036,2024-05-30,424.5,residential,Texas
18037,2024-05-31,968.2,industrial,Texas
18038,2024-06-01,789.6,industrial,California
18039,2024-06-02,857.4,industrial,New York
18040,2024-06-03,959.4,industrial,Ohio
18041,2024-06-04,695.6,commercial,Texas
18042,2024-06-05,620.4,commercial,Ohio
18043,2024-06-06,936.4,industrial,Florida
18044,2024-06-07,901.5,industrial,New York
18045,2024-06-08,602.1,commercial,Georgia
18046,2024-06-09,322.7,residential,Ohio
18047,2024-06-10,676.9,commercial,California
18048,2024-06-11,881.3,industrial,Florida
18049,2024-06-12,507.3,residential,Illinois
18050,2024-06-13,604.8,commercial,Florida
18051,2024-06-14,671.8,commercial,New York
18052,2024-06-15,606.9,commercial,Florida
18053,2024-06-16,495.1,residential,Ohio
18054,2024-06-17,296.1,residential,Texas
18055,2024-06-18,922.2,industrial,Florida
18056,2024-06-19,615.1,commercial,California
18057,2024-06-20,715.2,commercial,Georgia
18058,2024-06-21,661.5,commercial,Georgia
18059,2024-06-22,835.4,industrial,New York
18060,2024-06-23,899.1,industrial,Ohio
18061,2024-06-24,532.4,commercial,Florida
18062,2024-06-25,950.2,industrial,Georgia
18063,2024-06-26,885.3,industrial,Florida
18064,2024-06-27,435.8,residential,Texas
18065,2024-06-28,419.9,residential,Illinois
18066,2024-06-29,654.5,commercial,California
18067,2024-06-30,666.8,commercial,Georgia
18068,2024-07-01,396.1,residential,New York
18069,2024-07-02,878.7,industrial,Illinois
18070,2024-07-03,786.1,commercial,Ohio
18071,2024-07-04,394.6,residential,Illinois
18072,2024-07-05,974.9,industrial,Texas
18073,2024-07-06,308.5,residential,Ohio
18074,2024-07-07,679.9,commercial,Illinois
18075,2024-07-08,762.6,commercial,California
18076,2024-07-09,983.6,industrial,New York
18077,2024-07-10,597.7,commercial,Florida
18078,2024-07-11,356.2,residential,Texas
18079,2024-07-12,567.2,commercial,Florida
18080,2024-07-13,510.8,residential,New York
18081,2024-07-14,859.3,industrial,Ohio
18082,2024-07-15,377.4,residential,Texas
18083,2024-07-16,356.9,residential,Florida
18084,2024-07-17,934.0,industrial,Georgia
18085,2024-07-18,973.4,industrial,Illinois
18086,2024-07-19,648.9,commercial,Illinois
18087,2024-07-20,584.8,commercial,Texas
18088,2024-07-21,889.7,industrial,Ohio
18089,2024-07-22,697.4,commercial,Illinois
18090,2024-07-23,659.0,commercial,California
18091,2024-07-24,693.1,commercial,Ohio
18092,2024-07-25,878.3,industrial,New York
18093,2024-07-26,911.9,industrial,Texas
18094,2024-07-27,749.9,commercial,Florida
18095,2024-07-28,436.0,residential,Texas
18096,2024-07-29,408.1,residential,New York
18097,2024-07-30,896.5,industrial,California
18098,2024-07-31,717.5,commercial,New York
18099,2024-08-01,849.0,industrial,Texas
18100,2024-08-02,621.7,commercial,Georgia
18101,2024-08-03,288.9,residential,Florida
18102,2024-08-04,730.2,commercial,New York
18103,2024-08-05,631.5,commercial,Texas
18104,2024-08-06,359.6,residential,Florida
18105,2024-08-07,682.6,commercial,Florida
18106,2024-08-08,655.6,commercial,Ohio
18107,2024-08-09,961.6,industrial,Ohio
18108,2024-08-10,281.0,residential,Illinois
18109,2024-08-11,393.2,residential,New York
18110,2024-08-12,426.1,residential,Texas
18111,2024-08-13,408.7,residential,Ohio
18112,2024-08-14,409.7,residential,Florida
18113,2024-08-15,938.0,industrial,New York
18114,2024-08-16,445.9,residential,Florida
18115,2024-08-17,499.0,residential,Illinois
18116,2024-08-18,813.8,industrial,California
18117,2024-08-19,891.3,industrial,Georgia
18118,2024-08-20,634.0,commercial,California
18119,2024-08-21,612.2,commercial,New York
18120,2024-08-22,613.0,commercial,Texas
18121,2024-08-23,628.9,commercial,Georgia
18122,2024-08-24,297.8,residential,Illinois
18123,2024-08-25,825.0,industrial,Texas
18124,2024-08-26,635.0,commercial,Florida
18125,2024-08-27,956.2,industrial,Texas
18126,2024-08-28,492.7,residential,Ohio
18127,2024-08-29,903.6,industrial,Texas
18128,2024-08-30,632.9,commercial,Ohio
18129,2024-08-31,645.6,commercial,Georgia
18130,2024-09-01,389.9,residential,Georgia
18131,2024-09-02,854.3,industrial,Florida
18132,2024-09-03,624.7,commercial,Texas
18133,2024-09-04,522.6,residential,California
18134,2024-09-05,889.3,industrial,Ohio
18135,2024-09-06,851.8,industrial,Florida
18136,2024-09-07,398.3,residential,Georgia
18137,2024-09-08,497.3,residential,Texas
18138,2024-09-09,338.7,residential,Florida
18139,2024-09-10,703.3,commercial,Florida
18140,2024-09-11,368.1,residential,Georgia
18141,2024-09-12,891.8,industrial,Texas
18142,2024-09-13,353.9,residential,Florida
18143,2024-09-14,338.2,residential,New York
18144,2024-09-15,446.1,residential,New York
18145,2024-09-16,592.5,commercial,New York
18146,2024-09-17,212.9,residential,Illinois
18147,2024-09-18,816.7,industrial,California
18148,2024-09-19,654.8,commercial,Florida
18149,2024-09-20,447.2,residential,Illinois
18150,2024-09-21,377.3,residential,Ohio
18151,2024-09-22,856.4,industrial,Ohio
18152,2024-09-23,585.9,commercial,Florida
18153,2024-09-24,942.6,industrial,California
18154,2024-09-25,460.2,residential,Ohio
18155,2024-09-26,962.5,industrial,Florida
18156,2024-09-27,385.8,residential,Ohio
18157,2024-09-28,941.9,industrial,Georgia
18158,2024-09-29,898.2,industrial,Ohio
18159,2024-09-30,698.2,commercial,Florida
18160,2024-10-01,703.4,commercial,Georgia
18161,2024-10-02,920.0,industrial,Texas
18162,2024-10-03,455.0,residential,Georgia
18163,2024-10-04,597.9,commercial,Illinois
18164,2024-10-05,408.6,residential,Ohio
18165,2024-10-06,705.7,commercial,Georgia
18166,2024-10-07,687.3,commercial,Illinois
18167,2024-10-08,387.6,residential,Ohio
18168,2024-10-09,425.8,residential,Florida
18169,2024-10-10,752.2,commercial,Florida
18170,2024-10-11,594.9,commercial,California
18171,2024-10-12,595.7,commercial,Ohio
18172,2024-10-13,396.2,residential,Illinois
18173,2024-10-14,530.5,residential,Ohio
18174,2024-10-15,613.0,commercial,Texas
18175,2024-10-16,716.9,commercial,Illinois
18176,2024-10-17,406.8,residential,Georgia
18177,2024-10-18,574.9,commercial,New York
18178,2024-10-19,394.8,residential,Ohio
18179,2024-10-20,338.1,residential,Illinois
18180,2024-10-21,634.0,commercial,New York
18181,2024-10-22,339.7,residential,Ohio
18182,2024-10-23,648.9,commercial,California
18183,2024-10-24,604.2,commercial,Illinois
18184,2024-10-25,965.7,industrial,New York
18185,2024-10-26,778.4,industrial,Ohio
18186,2024-10-27,260.2,residential,California
18187,2024-10-28,856.7,industrial,Illinois
18188,2024-10-29,950.6,industrial,Georgia
18189,2024-10-30,422.4,residential,New York
18190,2024-10-31,416.5,residential,Georgia
18191,2024-11-01,386.6,residential,New York
18192,2024-11-02,420.9,residential,Georgia
18193,2024-11-03,287.2,residential,California
18194,2024-11-04,743.4,commercial,Ohio
18195,2024-11-05,878.2,industrial,Illinois
18196,2024-11-06,351.6,residential,Illinois
18197,2024-11-07,818.4,commercial,Texas
18198,2024-11-08,744.7,commercial,New York
18199,2024-11-09,406.3,residential,California
18200,2024-11-10,834.6,industrial,Florida
18201,2024-11-11,445.3,residential,Florida
18202,2024-11-12,494.1,residential,California
18203,2024-11-13,408.1,residential,Ohio
18204,2024-11-14,869.1,industrial,California
18205,2024-11-15,962.8,industrial,Texas
18206,2024-11-16,657.7,commercial,Georgia
18207,2024-11-17,474.0,residential,Georgia
18208,2024-11-18,353.2,residential,California
18209,2024-11-19,396.4,residential,Texas
18210,2024-11-20,523.7,commercial,Florida
18211,2024-11-21,494.3,residential,Georgia
18212,2024-11-22,411.4,residential,New York
18213,2024-11-23,394.7,residential,New York
18214,2024-11-24,455.2,residential,Ohio
18215,2024-11-25,830.4,industrial,Ohio
18216,2024-11-26,799.7,industrial,Ohio
18217,2024-11-27,915.5,industrial,Florida
18218,2024-11-28,841.1,industrial,Texas
18219,2024-11-29,874.9,industrial,Illinois
18220,2024-11-30,973.6,industrial,Illinois
18221,2024-12-01,987.4,industrial,New York
18222,2024-12-02,575.6,commercial,California
18223,2024-12-03,763.4,industrial,Ohio
18224,2024-12-04,340.4,residential,New York
18225,2024-12-05,383.7,residential,Florida
18226,2024-12-06,633.6,commercial,Illinois
18227,2024-12-07,857.1,industrial,Ohio
18228,2024-12-08,469.9,residential,New York
18229,2024-12-09,447.7,residential,Ohio
18230,2024-12-10,951.5,industrial,Illinois
18231,2024-12-11,392.0,residential,California
18232,2024-12-12,689.1,commercial,California
18233,2024-12-13,783.1,industrial,New York
18234,2024-12-14,625.0,commercial,Illinois
18235,2024-12-15,548.1,residential,Georgia
18236,2024-12-16,870.6,industrial,California
18237,2024-12-17,645.8,commercial,New York
18238,2024-12-18,670.2,commercial,New York
18239,2024-12-19,604.9,commercial,California
18240,2024-12-20,431.6,residential,California
18241,2024-12-21,592.9,commercial,Texas
18242,2024-12-22,473.2,residential,New York
18243,2024-12-23,714.4,commercial,Georgia
18244,2024-12-24,526.3,residential,Florida
18245,2024-12-25,617.8,commercial,Ohio
18246,2024-12-26,904.6,industrial,Georgia
18247,2024-12-27,654.4,commercial,Florida
18248,2024-12-28,588.7,commercial,Texas
18249,2024-12-29,844.3,industrial,Florida
18250,2024-12-30,708.1,commercial,California
18251,2024-01-01,702.0,commercial,Ohio
18252,2024-01-02,463.4,residential,Illinois
18253,2024-01-03,460.9,residential,Ohio
18254,2024-01-04,391.4,residential,Florida
18255,2024-01-05,570.0,commercial,Florida
18256,2024-01-06,323.4,residential,Florida
18257,2024-01-07,804.4,commercial,Ohio
18258,2024-01-08,893.5,industrial,New York
18259,2024-01-09,476.7,residential,California
18260,2024-01-10,487.4,commercial,New York
18261,2024-01-11,872.3,industrial,Georgia
18262,2024-01-12,695.9,commercial,Florida
18263,2024-01-13,964.9,industrial,Texas
18264,2024-01-14,466.0,residential,Ohio
18265,2024-01-15,405.1,residential,Illinois
18266,2024-01-16,342.6,residential,Georgia
18267,2024-01-17,612.7,commercial,Ohio
18268,2024-01-18,612.8,commercial,Illinois
18269,2024-01-19,645.2,commercial,Texas
18270,2024-01-20,819.7,industrial,California
18271,2024-01-21,365.8,residential,Georgia
18272,2024-01-22,610.8,commercial,Illinois
18273,2024-01-23,343.9,residential,New York
18274,2024-01-24,725.6,commercial,Texas
18275,2024-01-25,555.6,commercial,Illinois
18276,2024-01-26,923.2,industrial,Illinois
18277,2024-01-27,612.2,commercial,Florida
18278,2024-01-28,868.8,industrial,Florida
18279,2024-01-29,491.2,residential,Georgia
18280,2024-01-30,671.1,commercial,Ohio
18281,2024-01-31,738.7,commercial,Texas
18282,2024-02-01,619.8,commercial,Ohio
18283,2024-02-02,506.1,residential,Illinois
18284,2024-02-03,930.2,industrial,Texas
18285,2024-02-04,618.2,commercial,Texas
18286,2024-02-05,915.7,industrial,Florida
18287,2024-02-06,352.0,residential,Georgia
18288,2024-02-07,390.3,residential,Illinois
18289,2024-02-08,970.5,industrial,Ohio
18290,2024-02-09,867.2,industrial,Texas
18291,2024-02-10,401.1,residential,Florida
18292,2024-02-11,608.3,commercial,Florida
18293,2024-02-12,837.6,industrial,Ohio
18294,2024-02-13,916.9,industrial,New York
18295,2024-02-14,1034.3,industrial,Ohio
18296,2024-02-15,364.5,residential,Ohio
18297,2024-02-16,873.5,industrial,New York
18298,2024-02-17,663.2,commercial,Florida
18299,2024-02-18,592.9,commercial,Texas
18300,2024-02-19,669.5,commercial,Florida
18301,2024-02-20,692.5,commercial,California
18302,2024-02-21,857.9,industrial,Georgia
18303,2024-02-22,929.4,industrial,California
18304,2024-02-23,625.1,residential,Florida
18305,2024-02-24,951.5,industrial,Georgia
18306,2024-02-25,425.0,residential,California
18307,2024-02-26,403.2,residential,Ohio
18308,2024-02-27,386.9,residential,Illinois
18309,2024-02-28,581.7,commercial,Georgia
18310,2024-02-29,628.5,commercial,Texas
18311,2024-03-01,872.9,industrial,Florida
18312,2024-03-02,869.7,industrial,California
18313,2024-03-03,714.0,commercial,Illinois
18314,2024-03-04,976.2,industrial,New York
18315,2024-03-05,302.2,residential,New York
18316,2024-03-06,266.9,residential,Texas
18317,2024-03-07,936.9,industrial,Ohio
18318,2024-03-08,874.7,industrial,Florida
18319,2024-03-09,393.5,residential,Illinois
18320,2024-03-10,948.9,industrial,Florida
18321,2024-03-11,303.4,residential,Ohio
18322,2024-03-12,383.5,residential,Georgia
18323,2024-03-13,653.8,commercial,Georgia
18324,2024-03-14,647.4,commercial,Illinois
18325,2024-03-15,698.1,commercial,Illinois
18326,2024-03-16,330.0,residential,Ohio
18327,2024-03-17,616.2,commercial,Texas
18328,2024-03-18,370.0,residential,Illinois
18329,2024-03-19,835.4,industrial,New York
18330,2024-03-20,663.5,commercial,Georgia
18331,2024-03-21,609.2,commercial,Florida
18332,2024-03-22,864.1,industrial,New York
18333,2024-03-23,915.9,industrial,New York
18334,2024-03-24,892.3,industrial,California
18335,2024-03-25,886.2,industrial,Texas
18336,2024-03-26,646.4,commercial,California
18337,2024-03-27,429.2,residential,Florida
18338,2024-03-28,725.0,commercial,Illinois
18339,2024-03-29,692.3,commercial,Ohio
18340,2024-03-30,384.0,residential,Ohio
18341,2024-03-31,400.2,residential,Texas
18342,2024-04-01,975.1,industrial,California
18343,2024-04-02,542.4,commercial,Texas
18344,2024-04-03,883.7,industrial,New York
18345,2024-04-04,977.0,industrial,Illinois
18346,2024-04-05,329.1,residential,Florida
18347,2024-04-06,868.2,industrial,Ohio
18348,2024-04-07,450.2,residential,Florida
18349,2024-04-08,539.2,commercial,Texas
18350,2024-04-09,935.4,industrial,New York
18351,2024-04-10,969.9,industrial,Texas
18352,2024-04-11,908.0,industrial,Texas
18353,2024-04-12,786.7,commercial,Texas
18354,2024-04-13,663.7,commercial,Illinois
18355,2024-04-14,616.1,commercial,Florida
18356,2024-04-15,888.8,industrial,Illinois
18357,2024-04-16,552.1,commercial,Ohio
18358,2024-04-17,593.7,commercial,Illinois
18359,2024-04-18,550.4,commercial,Ohio
18360,2024-04-19,780.3,commercial,New York
18361,2024-04-20,388.8,residential,Texas
18362,2024-04-21,612.3,commercial,Ohio
18363,2024-04-22,539.2,commercial,Ohio
18364,2024-04-23,556.4,commercial,Ohio
18365,2024-04-24,886.6,industrial,Illinois
18366,2024-04-25,476.5,residential,Illinois
18367,2024-04-26,860.9,industrial,Georgia
18368,2024-04-27,367.1,residential,Florida
18369,2024-04-28,861.3,industrial,Texas
18370,2024-04-29,436.0,residential,Georgia
18371,2024-04-30,896.4,industrial,Texas
18372,2024-05-01,903.2,industrial,Illinois
18373,2024-05-02,670.8,commercial,California
18374,2024-05-03,903.4,industrial,California
18375,2024-05-04,645.3,commercial,Illinois
18376,2024-05-05,694.2,commercial,Ohio
18377,2024-05-06,494.4,residential,Florida
18378,2024-05-07,856.8,industrial,Georgia
18379,2024-05-08,369.9,residential,California
18380,2024-05-09,748.2,commercial,Georgia
18381,2024-05-10,293.1,residential,Illinois
18382,2024-05-11,861.3,industrial,Georgia
18383,2024-05-12,540.0,commercial,Texas
18384,2024-05-13,619.0,commercial,New York
18385,2024-05-14,368.7,residential,Illinois
18386,2024-05-15,711.9,commercial,Florida
18387,2024-05-16,593.3,commercial,New York
18388,2024-05-17,708.0,commercial,California
18389,2024-05-18,425.6,residential,Texas
18390,2024-05-19,450.0,residential,Ohio
18391,2024-05-20,396.0,residential,New York
18392,2024-05-21,808.9,industrial,California
18393,2024-05-22,390.3,residential,California
18394,2024-05-23,411.7,residential,Illinois
18395,2024-05-24,266.6,residential,Illinois
18396,2024-05-25,586.7,commercial,Texas
18397,2024-05-26,585.1,commercial,Texas
18398,2024-05-27,484.1,residential,Texas
18399,2024-05-28,471.8,residential,Georgia
18400,2024-05-29,971.6,industrial,Florida
18401,2024-05-30,958.9,industrial,New York
18402,2024-05-31,684.8,commercial,Georgia
18403,2024-06-01,787.0,commercial,Ohio
18404,2024-06-02,678.4,commercial,Ohio
18405,2024-06-03,987.1,industrial,Ohio
18406,2024-06-04,395.6,residential,California
18407,2024-06-05,901.3,industrial,Georgia
18408,2024-06-06,398.3,residential,Florida
18409,2024-06-07,679.4,commercial,Texas
18410,2024-06-08,887.5,industrial,California
18411,2024-06-09,956.9,industrial,Illinois
18412,2024-06-10,420.8,residential,New York
18413,2024-06-11,888.2,industrial,Illinois
18414,2024-06-12,349.1,residential,California
18415,2024-06-13,540.5,commercial,Georgia
18416,2024-06-14,850.1,industrial,New York
18417,2024-06-15,417.5,residential,Illinois
18418,2024-06-16,566.1,commercial,Illinois
18419,2024-06-17,896.0,industrial,Illinois
18420,2024-06-18,1055.7,industrial,Illinois
18421,2024-06-19,577.5,commercial,Illinois
18422,2024-06-20,911.4,industrial,Illinois
18423,2024-06-21,900.8,industrial,Ohio
18424,2024-06-22,842.2,industrial,Texas
18425,2024-06-23,828.2,industrial,Florida
18426,2024-06-24,372.7,residential,Texas
18427,2024-06-25,607.1,commercial,Ohio
18428,2024-06-26,288.9,residential,Florida
18429,2024-06-27,691.8,commercial,New York
18430,2024-06-28,833.6,industrial,California
18431,2024-06-29,735.7,commercial,Illinois
18432,2024-06-30,522.0,residential,Texas
18433,2024-07-01,613.5,commercial,Ohio
18434,2024-07-02,859.1,industrial,Illinois
18435,2024-07-03,451.8,residential,Georgia
18436,2024-07-04,895.1,industrial,California
18437,2024-07-05,370.1,residential,Illinois
18438,2024-07-06,636.6,commercial,Florida
18439,2024-07-07,710.5,commercial,Florida
18440,2024-07-08,971.6,industrial,Illinois
18441,2024-07-09,909.7,industrial,Florida
18442,2024-07-10,641.4,commercial,Ohio
18443,2024-07-11,607.2,commercial,Ohio
18444,2024-07-12,347.5,residential,Ohio
18445,2024-07-13,487.3,residential,Florida
18446,2024-07-14,794.3,industrial,Illinois
18447,2024-07-15,443.0,residential,Georgia
18448,2024-07-16,435.3,residential,Georgia
18449,2024-07-17,683.1,commercial,Georgia
18450,2024-07-18,657.0,commercial,Ohio
18451,2024-07-19,711.4,commercial,New York
18452,2024-07-20,254.3,residential,Florida
18453,2024-07-21,934.2,industrial,Illinois
18454,2024-07-22,554.2,commercial,New York
18455,2024-07-23,573.3,commercial,California
18456,2024-07-24,964.7,industrial,Ohio
18457,2024-07-25,856.5,industrial,New York
18458,2024-07-26,665.9,commercial,Ohio
18459,2024-07-27,603.1,commercial,Illinois
18460,2024-07-28,659.8,commercial,Ohio
18461,2024-07-29,372.3,residential,Texas
18462,2024-07-30,627.5,commercial,Texas
18463,2024-07-31,392.0,residential,Florida
18464,2024-08-01,411.0,residential,Texas
18465,2024-08-02,388.0,residential,Florida
18466,2024-08-03,648.1,commercial,Florida
18467,2024-08-04,872.4,industrial,Texas
18468,2024-08-05,915.8,industrial,California
18469,2024-08-06,697.6,commercial,Ohio
18470,2024-08-07,494.7,residential,California
18471,2024-08-08,749.0,commercial,Texas
18472,2024-08-09,961.8,industrial,Georgia
18473,2024-08-10,971.3,industrial,Ohio
18474,2024-08-11,910.0,industrial,Florida
18475,2024-08-12,451.7,residential,Georgia
18476,2024-08-13,417.4,residential,Illinois
18477,2024-08-14,440.9,residential,Ohio
18478,2024-08-15,973.4,industrial,Illinois
18479,2024-08-16,740.2,commercial,Texas
18480,2024-08-17,883.4,industrial,California
18481,2024-08-18,438.1,residential,California
18482,2024-08-19,321.5,residential,Florida
18483,2024-08-20,513.7,residential,California
18484,2024-08-21,921.2,industrial,Georgia
18485,2024-08-22,824.8,industrial,New York
18486,2024-08-23,619.5,commercial,New York
18487,2024-08-24,934.2,industrial,California
18488,2024-08-25,855.5,industrial,Ohio
18489,2024-08-26,729.3,commercial,Georgia
18490,2024-08-27,874.9,industrial,Florida
18491,2024-08-28,970.3,industrial,Texas
18492,2024-08-29,430.5,residential,California
18493,2024-08-30,296.2,residential,Texas
18494,2024-08-31,541.3,commercial,Florida
18495,2024-09-01,338.9,residential,Illinois
18496,2024-09-02,646.1,commercial,Texas
18497,2024-09-03,788.2,industrial,Florida
18498,2024-09-04,898.8,industrial,New York
18499,2024-09-05,527.2,residential,Georgia
18500,2024-09-06,418.8,residential,Ohio
18501,2024-09-07,419.9,residential,Ohio
18502,2024-09-08,308.8,residential,Illinois
18503,2024-09-09,586.2,commercial,Georgia
18504,2024-09-10,993.3,industrial,New York
18505,2024-09-11,657.5,commercial,Texas
18506,2024-09-12,535.9,commercial,Texas
18507,2024-09-13,406.5,residential,Georgia
18508,2024-09-14,656.4,commercial,Ohio
18509,2024-09-15,453.3,residential,Florida
18510,2024-09-16,862.8,industrial,Florida
18511,2024-09-17,400.4,residential,Illinois
18512,2024-09-18,765.3,industrial,New York
18513,2024-09-19,415.2,residential,Georgia
18514,2024-09-20,887.1,industrial,Ohio
18515,2024-09-21,506.7,residential,Texas
18516,2024-09-22,442.8,residential,Georgia
18517,2024-09-23,395.8,residential,Georgia
18518,2024-09-24,607.3,commercial,Illinois
18519,2024-09-25,976.5,industrial,Florida
18520,2024-09-26,596.9,commercial,New York
18521,2024-09-27,371.9,residential,New York
18522,2024-09-28,857.0,industrial,Illinois
18523,2024-09-29,413.8,residential,California
18524,2024-09-30,487.9,residential,Illinois
18525,2024-10-01,911.2,industrial,Texas
18526,2024-10-02,808.0,industrial,Texas
18527,2024-10-03,396.9,residential,Florida
18528,2024-10-04,672.5,commercial,Illinois
18529,2024-10-05,817.3,industrial,Florida
18530,2024-10-06,746.6,commercial,Florida
18531,2024-10-07,677.0,commercial,Texas
18532,2024-10-08,584.4,commercial,New York
18533,2024-10-09,279.5,residential,Ohio
18534,2024-10-10,946.9,industrial,Illinois
18535,2024-10-11,933.4,industrial,Georgia
18536,2024-10-12,681.3,commercial,Texas
18537,2024-10-13,336.9,residential,Illinois
18538,2024-10-14,964.4,industrial,California
18539,2024-10-15,618.9,commercial,California
18540,2024-10-16,904.4,industrial,Georgia
18541,2024-10-17,697.3,commercial,New York
18542,2024-10-18,995.8,industrial,Illinois
18543,2024-10-19,848.5,industrial,Florida
18544,2024-10-20,587.7,commercial,Ohio
18545,2024-10-21,364.8,residential,California
18546,2024-10-22,723.9,commercial,Illinois
18547,2024-10-23,894.0,industrial,Florida
18548,2024-10-24,369.6,residential,California
18549,2024-10-25,345.7,residential,California
18550,2024-10-26,932.0,industrial,Ohio
18551,2024-10-27,356.8,residential,California
18552,2024-10-28,381.8,residential,Georgia
18553,2024-10-29,868.0,industrial,Illinois
18554,2024-10-30,624.3,commercial,California
18555,2024-10-31,411.3,residential,Texas
18556,2024-11-01,954.1,industrial,California
18557,2024-11-02,553.6,commercial,Georgia
18558,2024-11-03,343.8,residential,Georgia
18559,2024-11-04,475.7,residential,California
18560,2024-11-05,963.4,industrial,Georgia
18561,2024-11-06,966.7,industrial,Georgia
18562,2024-11-07,693.6,commercial,Ohio
18563,2024-11-08,461.1,residential,Illinois
18564,2024-11-09,424.5,residential,Ohio
18565,2024-11-10,512.9,commercial,Ohio
18566,2024-11-11,837.9,industrial,Ohio
18567,2024-11-12,729.3,commercial,California
18568,2024-11-13,412.2,residential,New York
18569,2024-11-14,992.0,industrial,Illinois
18570,2024-11-15,725.4,commercial,Illinois
18571,2024-11-16,414.7,residential,Ohio
18572,2024-11-17,905.8,industrial,Texas
18573,2024-11-18,893.4,industrial,Georgia
18574,2024-11-19,390.0,residential,California
18575,2024-11-20,479.1,residential,Florida
18576,2024-11-21,557.1,commercial,Ohio
18577,2024-11-22,962.4,industrial,California
18578,2024-11-23,390.9,residential,Illinois
18579,2024-11-24,859.1,industrial,Illinois
18580,2024-11-25,930.2,industrial,Ohio
18581,2024-11-26,329.9,residential,Texas
18582,2024-11-27,385.8,residential,Texas
18583,2024-11-28,336.5,residential,New York
18584,2024-11-29,922.3,industrial,New York
18585,2024-11-30,838.2,industrial,Ohio
18586,2024-12-01,608.8,commercial,Illinois
18587,2024-12-02,371.2,residential,Florida
18588,2024-12-03,503.3,residential,New York
18589,2024-12-04,376.4,residential,New York
18590,2024-12-05,406.7,residential,Ohio
18591,2024-12-06,408.2,residential,Georgia
18592,2024-12-07,679.4,commercial,Ohio
18593,2024-12-08,902.8,industrial,Texas
18594,2024-12-09,469.1,residential,Georgia
18595,2024-12-10,928.6,industrial,Florida
18596,2024-12-11,643.9,commercial,California
18597,2024-12-12,466.4,residential,New York
18598,2024-12-13,371.6,residential,Georgia
18599,2024-12-14,855.2,industrial,Texas
18600,2024-12-15,782.0,commercial,California
18601,2024-12-16,645.6,commercial,Illinois
18602,2024-12-17,350.3,residential,Georgia
18603,2024-12-18,816.4,industrial,Illinois
18604,2024-12-19,452.2,residential,New York
18605,2024-12-20,592.9,commercial,Georgia
18606,2024-12-21,986.0,industrial,Texas
18607,2024-12-22,915.9,industrial,California
18608,2024-12-23,671.0,commercial,Illinois
18609,2024-12-24,722.2,commercial,Illinois
18610,2024-12-25,923.8,industrial,Illinois
18611,2024-12-26,676.2,commercial,Georgia
18612,2024-12-27,376.7,residential,Illinois
18613,2024-12-28,693.5,commercial,Georgia
18614,2024-12-29,406.2,residential,Illinois
18615,2024-12-30,331.3,residential,Georgia
18616,2024-01-01,634.0,commercial,Georgia
18617,2024-01-02,530.0,commercial,Illinois
18618,2024-01-03,604.7,commercial,New York
18619,2024-01-04,690.8,commercial,Ohio
18620,2024-01-05,305.4,residential,Illinois
18621,2024-01-06,441.1,residential,Texas
18622,2024-01-07,999.8,industrial,Florida
18623,2024-01-08,892.6,industrial,Texas
18624,2024-01-09,661.6,commercial,Texas
18625,2024-01-10,690.7,commercial,New York
18626,2024-01-11,744.1,commercial,New York
18627,2024-01-12,862.4,industrial,Illinois
18628,2024-01-13,628.9,commercial,New York
18629,2024-01-14,390.1,residential,Illinois
18630,2024-01-15,420.7,residential,Ohio
18631,2024-01-16,312.1,residential,Ohio
18632,2024-01-17,725.1,commercial,Ohio
18633,2024-01-18,913.7,industrial,Illinois
18634,2024-01-19,382.2,residential,Florida
18635,2024-01-20,330.1,residential,Florida
18636,2024-01-21,581.2,commercial,New York
18637,2024-01-22,665.3,commercial,Ohio
18638,2024-01-23,389.8,residential,Texas
18639,2024-01-24,870.4,industrial,Georgia
18640,2024-01-25,698.1,commercial,Ohio
18641,2024-01-26,641.5,commercial,Texas
18642,2024-01-27,635.1,commercial,Ohio
18643,2024-01-28,590.7,commercial,Ohio
18644,2024-01-29,655.1,commercial,California
18645,2024-01-30,353.3,residential,California
18646,2024-01-31,871.1,industrial,Florida
18647,2024-02-01,711.1,commercial,Florida
18648,2024-02-02,896.7,industrial,Ohio
18649,2024-02-03,493.6,residential,Texas
18650,2024-02-04,709.1,commercial,Texas
18651,2024-02-05,822.7,industrial,Florida
18652,2024-02-06,359.1,residential,Florida
18653,2024-02-07,700.3,commercial,Illinois
18654,2024-02-08,965.1,industrial,New York
18655,2024-02-09,889.8,industrial,New York
18656,2024-02-10,386.5,residential,California
18657,2024-02-11,677.7,commercial,Georgia
18658,2024-02-12,407.9,residential,New York
18659,2024-02-13,467.0,residential,Illinois
18660,2024-02-14,528.7,commercial,Illinois
18661,2024-02-15,591.8,commercial,Florida
18662,2024-02-16,571.4,commercial,Texas
18663,2024-02-17,667.9,commercial,New York
18664,2024-02-18,671.7,commercial,Georgia
18665,2024-02-19,505.8,residential,California
18666,2024-02-20,603.5,commercial,Ohio
18667,2024-02-21,424.3,residential,Ohio
18668,2024-02-22,883.1,industrial,Florida
18669,2024-02-23,673.4,commercial,New York
18670,2024-02-24,682.7,commercial,Ohio
18671,2024-02-25,531.2,commercial,Georgia
18672,2024-02-26,386.6,residential,Florida
18673,2024-02-27,934.2,industrial,Illinois
18674,2024-02-28,468.8,residential,Georgia
18675,2024-02-29,562.7,residential,Ohio
18676,2024-03-01,656.6,commercial,California
18677,2024-03-02,857.6,industrial,Florida
18678,2024-03-03,738.0,commercial,Illinois
18679,2024-03-04,567.4,residential,Georgia
18680,2024-03-05,862.0,industrial,New York
18681,2024-03-06,931.5,industrial,Florida
18682,2024-03-07,658.9,commercial,Florida
18683,2024-03-08,957.9,industrial,Florida
18684,2024-03-09,509.0,residential,Florida
18685,2024-03-10,828.3,industrial,Ohio
18686,2024-03-11,910.0,industrial,California
18687,2024-03-12,640.2,commercial,Georgia
18688,2024-03-13,311.9,residential,Ohio
18689,2024-03-14,909.2,industrial,Texas
18690,2024-03-15,716.9,commercial,Texas
18691,2024-03-16,570.2,commercial,California
18692,2024-03-17,841.0,industrial,New York
18693,2024-03-18,607.7,commercial,California
18694,2024-03-19,876.8,industrial,Florida
18695,2024-03-20,403.9,residential,Florida
18696,2024-03-21,686.5,commercial,Ohio
18697,2024-03-22,952.2,industrial,New York
18698,2024-03-23,392.6,residential,Texas
18699,2024-03-24,951.2,industrial,Georgia
18700,2024-03-25,354.9,residential,Ohio
18701,2024-03-26,947.5,industrial,California
18702,2024-03-27,645.3,commercial,New York
18703,2024-03-28,886.2,industrial,New York
18704,2024-03-29,635.6,commercial,New York
18705,2024-03-30,910.3,industrial,Illinois
18706,2024-03-31,1000.9,industrial,Illinois
18707,2024-04-01,383.3,residential,Ohio
18708,2024-04-02,972.0,industrial,Texas
18709,2024-04-03,329.8,residential,Georgia
18710,2024-04-04,784.6,industrial,Florida
18711,2024-04-05,334.6,residential,California
18712,2024-04-06,876.6,industrial,Ohio
18713,2024-04-07,418.5,residential,Ohio
18714,2024-04-08,703.5,commercial,Texas
18715,2024-04-09,825.8,industrial,California
18716,2024-04-10,552.6,commercial,Illinois
18717,2024-04-11,580.5,commercial,Illinois
18718,2024-04-12,972.5,industrial,Illinois
18719,2024-04-13,440.4,residential,New York
18720,2024-04-14,834.5,industrial,New York
18721,2024-04-15,619.4,commercial,Illinois
18722,2024-04-16,823.1,industrial,New York
18723,2024-04-17,828.4,industrial,New York
18724,2024-04-18,625.9,commercial,New York
18725,2024-04-19,733.0,commercial,New York
18726,2024-04-20,607.3,commercial,Florida
18727,2024-04-21,636.6,commercial,Ohio
18728,2024-04-22,546.8,commercial,California
18729,2024-04-23,965.6,industrial,Florida
18730,2024-04-24,770.6,industrial,Texas
18731,2024-04-25,416.2,residential,California
18732,2024-04-26,603.0,commercial,New York
18733,2024-04-27,679.9,commercial,New York
18734,2024-04-28,850.9,industrial,New York
18735,2024-04-29,1033.5,industrial,Florida
18736,2024-04-30,340.7,residential,Georgia
18737,2024-05-01,396.2,residential,Florida
18738,2024-05-02,942.9,industrial,New York
18739,2024-05-03,429.3,residential,Illinois
18740,2024-05-04,709.1,commercial,Florida
18741,2024-05-05,778.0,commercial,Georgia
18742,2024-05-06,765.1,commercial,California
18743,2024-05-07,312.1,residential,Illinois
18744,2024-05-08,493.2,residential,Georgia
18745,2024-05-09,852.8,industrial,Ohio
18746,2024-05-10,660.3,commercial,Florida
18747,2024-05-11,701.6,commercial,New York
18748,2024-05-12,881.5,industrial,Texas
18749,2024-05-13,406.6,residential,Illinois
18750,2024-05-14,902.7,industrial,California
18751,2024-05-15,358.7,residential,New York
18752,2024-05-16,706.4,commercial,Illinois
18753,2024-05-17,437.9,residential,California
18754,2024-05-18,434.8,residential,California
18755,2024-05-19,703.9,commercial,Illinois
18756,2024-05-20,702.4,commercial,Ohio
18757,2024-05-21,627.4,commercial,Ohio
18758,2024-05-22,688.3,commercial,Florida
18759,2024-05-23,575.5,commercial,Ohio
18760,2024-05-24,933.2,industrial,New York
18761,2024-05-25,962.3,industrial,Ohio
18762,2024-05-26,886.3,industrial,Florida
18763,2024-05-27,334.0,residential,New York
18764,2024-05-28,331.0,residential,New York
18765,2024-05-29,493.2,residential,New York
18766,2024-05-30,285.2,residential,Illinois
18767,2024-05-31,584.6,commercial,Texas
18768,2024-06-01,603.5,commercial,Florida
18769,2024-06-02,635.6,commercial,Texas
18770,2024-06-03,860.6,industrial,California
18771,2024-06-04,1003.1,industrial,Texas
18772,2024-06-05,601.2,commercial,Ohio
18773,2024-06-06,995.4,industrial,Florida
18774,2024-06-07,718.9,commercial,Florida
18775,2024-06-08,815.8,industrial,California
18776,2024-06-09,319.6,residential,Florida
18777,2024-06-10,629.2,commercial,Ohio
18778,2024-06-11,801.1,industrial,Florida
18779,2024-06-12,326.8,residential,Georgia
18780,2024-06-13,652.9,commercial,Illinois
18781,2024-06-14,1051.0,industrial,Ohio
18782,2024-06-15,456.6,residential,California
18783,2024-06-16,420.2,residential,Texas
18784,2024-06-17,371.6,residential,New York
18785,2024-06-18,701.1,commercial,Georgia
18786,2024-06-19,440.8,residential,Ohio
18787,2024-06-20,851.5,industrial,Ohio
18788,2024-06-21,527.7,commercial,Texas
18789,2024-06-22,562.6,residential,Florida
18790,2024-06-23,913.4,industrial,Illinois
18791,2024-06-24,413.7,residential,California
18792,2024-06-25,701.5,commercial,Illinois
18793,2024-06-26,991.8,industrial,Florida
18794,2024-06-27,346.2,residential,Illinois
18795,2024-06-28,615.2,commercial,Florida
18796,2024-06-29,666.9,commercial,Illinois
18797,2024-06-30,576.4,commercial,Illinois
18798,2024-07-01,479.6,residential,Illinois
18799,2024-07-02,925.6,industrial,Georgia
18800,2024-07-03,627.6,commercial,Georgia
18801,2024-07-04,718.1,commercial,Ohio
18802,2024-07-05,887.1,industrial,Florida
18803,2024-07-06,816.8,industrial,Texas
18804,2024-07-07,250.4,residential,Texas
18805,2024-07-08,401.7,residential,Georgia
18806,2024-07-09,830.3,industrial,Texas
18807,2024-07-10,576.7,commercial,New York
18808,2024-07-11,412.1,residential,Texas
18809,2024-07-12,459.9,residential,Illinois
18810,2024-07-13,907.1,industrial,Texas
18811,2024-07-14,634.8,commercial,New York
18812,2024-07-15,626.1,commercial,California
18813,2024-07-16,870.1,industrial,Illinois
18814,2024-07-17,482.4,residential,Texas
18815,2024-07-18,872.1,industrial,Texas
18816,2024-07-19,778.2,industrial,California
18817,2024-07-20,934.1,industrial,Texas
18818,2024-07-21,880.6,industrial,Florida
18819,2024-07-22,559.9,commercial,Georgia
18820,2024-07-23,645.5,commercial,Texas
18821,2024-07-24,911.0,industrial,Illinois
18822,2024-07-25,520.7,residential,Georgia
18823,2024-07-26,684.0,commercial,New York
18824,2024-07-27,905.1,industrial,Florida
18825,2024-07-28,291.9,residential,Georgia
18826,2024-07-29,450.7,residential,Florida
18827,2024-07-30,895.0,industrial,New York
18828,2024-07-31,827.4,industrial,New York
18829,2024-08-01,666.5,commercial,Georgia
18830,2024-08-02,600.8,commercial,Ohio
18831,2024-08-03,664.7,commercial,New York
18832,2024-08-04,933.9,industrial,Illinois
18833,2024-08-05,915.2,industrial,Georgia
18834,2024-08-06,652.4,commercial,California
18835,2024-08-07,346.3,residential,Illinois
18836,2024-08-08,697.6,commercial,California
18837,2024-08-09,387.0,residential,Texas
18838,2024-08-10,844.3,industrial,Texas
18839,2024-08-11,442.8,residential,Ohio
18840,2024-08-12,988.8,industrial,New York
18841,2024-08-13,471.2,residential,Texas
18842,2024-08-14,653.5,commercial,Illinois
18843,2024-08-15,592.5,commercial,Texas
18844,2024-08-16,383.5,residential,Illinois
18845,2024-08-17,670.3,commercial,Ohio
18846,2024-08-18,928.4,industrial,Ohio
18847,2024-08-19,532.9,commercial,Florida
18848,2024-08-20,875.5,industrial,New York
18849,2024-08-21,633.9,commercial,Florida
18850,2024-08-22,676.2,commercial,Illinois
18851,2024-08-23,402.7,residential,Texas
18852,2024-08-24,896.6,industrial,Illinois
18853,2024-08-25,553.1,residential,Ohio
18854,2024-08-26,406.5,residential,Florida
18855,2024-08-27,596.8,commercial,Georgia
18856,2024-08-28,719.4,commercial,Texas
18857,2024-08-29,851.4,industrial,Ohio
18858,2024-08-30,686.8,commercial,California
18859,2024-08-31,357.9,residential,Georgia
18860,2024-09-01,884.7,industrial,New York
18861,2024-09-02,526.8,commercial,California
18862,2024-09-03,212.9,residential,New York
18863,2024-09-04,406.5,residential,Florida
18864,2024-09-05,738.5,commercial,Ohio
18865,2024-09-06,900.8,industrial,Texas
18866,2024-09-07,809.7,industrial,Georgia
18867,2024-09-08,863.3,industrial,California
18868,2024-09-09,349.4,residential,Ohio
18869,2024-09-10,525.8,commercial,Texas
18870,2024-09-11,577.4,commercial,Georgia
18871,2024-09-12,412.5,residential,New York
18872,2024-09-13,384.1,residential,Georgia
18873,2024-09-14,892.9,industrial,Texas
18874,2024-09-15,888.3,industrial,Florida
18875,2024-09-16,908.7,industrial,New York
18876,2024-09-17,426.9,residential,Illinois
18877,2024-09-18,351.1,residential,Texas
18878,2024-09-19,890.4,industrial,Florida
18879,2024-09-20,441.9,residential,Texas
18880,2024-09-21,684.2,commercial,Illinois
18881,2024-09-22,277.3,residential,New York
18882,2024-09-23,430.9,residential,California
18883,2024-09-24,624.8,commercial,Georgia
18884,2024-09-25,428.1,residential,Georgia
18885,2024-09-26,390.5,residential,Texas
18886,2024-09-27,666.5,commercial,New York
18887,2024-09-28,393.6,residential,Illinois
18888,2024-09-29,857.7,industrial,Ohio
18889,2024-09-30,664.7,commercial,Texas
18890,2024-10-01,840.3,industrial,Florida
18891,2024-10-02,613.0,commercial,Georgia
18892,2024-10-03,682.4,commercial,New York
18893,2024-10-04,702.8,commercial,Texas
18894,2024-10-05,893.4,industrial,New York
18895,2024-10-06,647.9,commercial,California
18896,2024-10-07,403.4,residential,New York
18897,2024-10-08,843.9,industrial,Ohio
18898,2024-10-09,302.4,residential,Ohio
18899,2024-10-10,602.4,commercial,Illinois
18900,2024-10-11,381.9,residential,Florida
18901,2024-10-12,883.4,industrial,New York
18902,2024-10-13,602.0,commercial,Florida
18903,2024-10-14,359.1,residential,Illinois
18904,2024-10-15,402.6,residential,California
18905,2024-10-16,444.4,residential,Texas
18906,2024-10-17,385.1,residential,California
18907,2024-10-18,795.2,industrial,Georgia
18908,2024-10-19,864.6,industrial,New York
18909,2024-10-20,313.0,residential,New York
18910,2024-10-21,899.9,industrial,Illinois
18911,2024-10-22,877.0,industrial,New York
18912,2024-10-23,697.9,commercial,Texas
18913,2024-10-24,424.8,residential,New York
18914,2024-10-25,506.6,residential,California
18915,2024-10-26,437.2,residential,California
18916,2024-10-27,368.7,residential,Texas
18917,2024-10-28,884.3,industrial,Texas
18918,2024-10-29,899.4,industrial,California
18919,2024-10-30,897.3,industrial,Florida
18920,2024-10-31,289.9,residential,New York
18921,2024-11-01,779.3,industrial,New York
18922,2024-11-02,375.6,residential,Ohio
18923,2024-11-03,978.7,industrial,Ohio
18924,2024-11-04,357.3,residential,Illinois
18925,2024-11-05,746.3,commercial,Florida
18926,2024-11-06,337.7,residential,Illinois
18927,2024-11-07,612.9,commercial,Ohio
18928,2024-11-08,376.4,residential,Texas
18929,2024-11-09,428.0,residential,Ohio
18930,2024-11-10,671.7,commercial,California
18931,2024-11-11,1035.3,industrial,New York
18932,2024-11-12,689.7,commercial,California
18933,2024-11-13,726.1,commercial,New York
18934,2024-11-14,389.6,residential,Ohio
18935,2024-11-15,331.8,residential,Texas
18936,2024-11-16,789.0,industrial,Florida
18937,2024-11-17,631.0,commercial,Georgia
18938,2024-11-18,595.4,commercial,New York
18939,2024-11-19,602.0,commercial,New York
18940,2024-11-20,320.0,residential,California
18941,2024-11-21,897.6,industrial,Texas
18942,2024-11-22,300.9,residential,Texas
18943,2024-11-23,663.2,commercial,Florida
18944,2024-11-24,382.3,residential,California
18945,2024-11-25,900.6,industrial,Texas
18946,2024-11-26,674.4,commercial,Georgia
18947,2024-11-27,843.1,industrial,Texas
18948,2024-11-28,735.1,commercial,Texas
18949,2024-11-29,918.8,industrial,New York
18950,2024-11-30,370.9,residential,Georgia
18951,2024-12-01,640.1,commercial,Florida
18952,2024-12-02,298.3,residential,New York
18953,2024-12-03,880.4,industrial,Ohio
18954,2024-12-04,315.4,residential,Texas
18955,2024-12-05,578.8,commercial,Texas
18956,2024-12-06,477.3,commercial,California
18957,2024-12-07,995.9,industrial,Florida
18958,2024-12-08,692.9,commercial,Georgia
18959,2024-12-09,895.1,industrial,Texas
18960,2024-12-10,696.9,commercial,Illinois
18961,2024-12-11,388.9,residential,Florida
18962,2024-12-12,648.0,commercial,New York
18963,2024-12-13,796.4,industrial,Illinois
18964,2024-12-14,697.3,commercial,Georgia
18965,2024-12-15,760.6,commercial,Florida
18966,2024-12-16,975.8,industrial,New York
18967,2024-12-17,356.1,residential,New York
18968,2024-12-18,445.2,residential,Illinois
18969,2024-12-19,272.9,residential,New York
18970,2024-12-20,423.3,residential,Illinois
18971,2024-12-21,452.4,residential,California
18972,2024-12-22,742.4,commercial,Texas
18973,2024-12-23,808.2,industrial,Florida
18974,2024-12-24,647.8,commercial,California
18975,2024-12-25,362.9,residential,Illinois
18976,2024-12-26,843.3,industrial,Ohio
18977,2024-12-27,456.8,residential,Georgia
18978,2024-12-28,765.9,commercial,New York
18979,2024-12-29,490.8,residential,California
18980,2024-12-30,317.2,residential,Ohio
18981,2024-01-01,704.2,commercial,Florida
18982,2024-01-02,377.5,residential,Texas
18983,2024-01-03,885.4,industrial,Florida
18984,2024-01-04,945.3,industrial,Ohio
18985,2024-01-05,443.0,residential,Texas
18986,2024-01-06,618.5,commercial,Florida
18987,2024-01-07,686.5,commercial,Texas
18988,2024-01-08,704.6,commercial,Texas
18989,2024-01-09,623.6,commercial,Illinois
18990,2024-01-10,381.5,residential,Ohio
18991,2024-01-11,826.4,industrial,Illinois
18992,2024-01-12,875.6,industrial,Illinois
18993,2024-01-13,914.2,industrial,California
18994,2024-01-14,738.5,commercial,Georgia
18995,2024-01-15,262.2,residential,Florida
18996,2024-01-16,591.0,commercial,Florida
18997,2024-01-17,657.2,commercial,Texas
18998,2024-01-18,414.9,residential,Florida
18999,2024-01-19,652.3,commercial,Illinois
19000,2024-01-20,907.2,industrial,Florida
19001,2024-01-21,684.8,commercial,California
19002,2024-01-22,919.2,industrial,New York
19003,2024-01-23,635.7,commercial,Georgia
19004,2024-01-24,441.6,residential,Texas
19005,2024-01-25,351.6,residential,California
19006,2024-01-26,335.2,residential,New York
19007,2024-01-27,425.9,residential,Georgia
19008,2024-01-28,1004.3,industrial,Ohio
19009,2024-01-29,894.1,industrial,Texas
19010,2024-01-30,377.1,residential,Texas
19011,2024-01-31,716.1,commercial,California
19012,2024-02-01,449.8,residential,Ohio
19013,2024-02-02,565.4,commercial,Texas
19014,2024-02-03,389.3,residential,Illinois
19015,2024-02-04,707.9,commercial,New York
19016,2024-02-05,642.1,commercial,New York
19017,2024-02-06,955.2,industrial,Ohio
19018,2024-02-07,913.4,industrial,California
19019,2024-02-08,928.0,industrial,Texas
19020,2024-02-09,862.7,industrial,Illinois
19021,2024-02-10,386.8,residential,New York
19022,2024-02-11,698.4,commercial,Florida
19023,2024-02-12,677.5,commercial,California
19024,2024-02-13,374.6,residential,Texas
19025,2024-02-14,403.0,residential,New York
19026,2024-02-15,653.0,commercial,New York
19027,2024-02-16,795.3,commercial,New York
19028,2024-02-17,747.7,commercial,Illinois
19029,2024-02-18,774.0,commercial,California
19030,2024-02-19,410.0,residential,Texas
19031,2024-02-20,478.0,residential,California
19032,2024-02-21,567.1,commercial,California
19033,2024-02-22,1102.9,industrial,Georgia
19034,2024-02-23,673.6,commercial,California
19035,2024-02-24,904.2,industrial,California
19036,2024-02-25,871.7,industrial,Illinois
19037,2024-02-26,363.3,residential,Illinois
19038,2024-02-27,777.9,commercial,Illinois
19039,2024-02-28,697.3,commercial,Florida
19040,2024-02-29,314.1,residential,Texas
19041,2024-03-01,419.3,residential,Ohio
19042,2024-03-02,723.2,commercial,Illinois
19043,2024-03-03,736.4,commercial,California
19044,2024-03-04,366.9,residential,Georgia
19045,2024-03-05,995.0,industrial,Illinois
19046,2024-03-06,893.9,industrial,Georgia
19047,2024-03-07,660.1,commercial,Texas
19048,2024-03-08,407.3,residential,Georgia
19049,2024-03-09,596.4,commercial,Georgia
19050,2024-03-10,491.1,commercial,New York
19051,2024-03-11,689.3,commercial,Georgia
19052,2024-03-12,969.7,industrial,Texas
19053,2024-03-13,377.6,residential,Florida
19054,2024-03-14,707.3,commercial,Georgia
19055,2024-03-15,970.4,industrial,Texas
19056,2024-03-16,569.2,commercial,New York
19057,2024-03-17,905.1,industrial,Texas
19058,2024-03-18,778.8,industrial,California
19059,2024-03-19,372.6,residential,Texas
19060,2024-03-20,758.6,industrial,New York
19061,2024-03-21,451.4,residential,Georgia
19062,2024-03-22,574.0,commercial,Florida
19063,2024-03-23,587.8,residential,New York
19064,2024-03-24,564.9,commercial,Texas
19065,2024-03-25,639.7,commercial,Texas
19066,2024-03-26,442.0,residential,Ohio
19067,2024-03-27,712.2,commercial,Ohio
19068,2024-03-28,684.9,commercial,Florida
19069,2024-03-29,429.4,residential,New York
19070,2024-03-30,477.3,residential,California
19071,2024-03-31,918.9,industrial,Georgia
19072,2024-04-01,389.6,residential,Georgia
19073,2024-04-02,755.0,commercial,Florida
19074,2024-04-03,398.9,residential,Ohio
19075,2024-04-04,382.7,residential,Florida
19076,2024-04-05,544.3,residential,New York
19077,2024-04-06,656.9,commercial,California
19078,2024-04-07,735.8,commercial,New York
19079,2024-04-08,670.5,commercial,Texas
19080,2024-04-09,584.5,commercial,Florida
19081,2024-04-10,457.5,residential,Illinois
19082,2024-04-11,903.9,industrial,California
19083,2024-04-12,433.4,residential,Ohio
19084,2024-04-13,601.2,commercial,Illinois
19085,2024-04-14,275.1,residential,Texas
19086,2024-04-15,845.0,industrial,Georgia
19087,2024-04-16,467.2,residential,California
19088,2024-04-17,589.5,commercial,Illinois
19089,2024-04-18,792.3,commercial,Florida
19090,2024-04-19,617.9,commercial,Ohio
19091,2024-04-20,492.8,commercial,California
19092,2024-04-21,680.6,commercial,Texas
19093,2024-04-22,830.3,industrial,Florida
19094,2024-04-23,613.5,commercial,Texas
19095,2024-04-24,502.7,residential,Florida
19096,2024-04-25,960.1,industrial,California
19097,2024-04-26,891.6,industrial,Florida
19098,2024-04-27,598.2,commercial,Georgia
19099,2024-04-28,366.6,residential,New York
19100,2024-04-29,660.5,commercial,Illinois
19101,2024-04-30,309.5,residential,New York
19102,2024-05-01,650.4,commercial,Georgia
19103,2024-05-02,325.2,residential,Illinois
19104,2024-05-03,961.0,industrial,Georgia
19105,2024-05-04,601.9,commercial,Texas
19106,2024-05-05,394.3,residential,Ohio
19107,2024-05-06,397.0,residential,New York
19108,2024-05-07,581.0,commercial,Illinois
19109,2024-05-08,993.4,industrial,California
19110,2024-05-09,278.5,residential,Illinois
19111,2024-05-10,863.3,industrial,Illinois
19112,2024-05-11,360.2,residential,Illinois
19113,2024-05-12,576.1,commercial,Texas
19114,2024-05-13,406.6,residential,Illinois
19115,2024-05-14,385.9,residential,New York
19116,2024-05-15,400.5,residential,Ohio
19117,2024-05-16,425.4,residential,New York
19118,2024-05-17,859.0,industrial,New York
19119,2024-05-18,707.5,commercial,Georgia
19120,2024-05-19,296.6,residential,Ohio
19121,2024-05-20,919.2,industrial,Ohio
19122,2024-05-21,881.3,industrial,Georgia
19123,2024-05-22,410.9,residential,Georgia
19124,2024-05-23,729.5,commercial,Florida
19125,2024-05-24,305.6,residential,Illinois
19126,2024-05-25,667.9,commercial,Texas
19127,2024-05-26,637.0,commercial,Ohio
19128,2024-05-27,899.4,industrial,Georgia
19129,2024-05-28,815.0,industrial,Georgia
19130,2024-05-29,1012.8,industrial,Texas
19131,2024-05-30,653.0,commercial,Florida
19132,2024-05-31,393.6,residential,New York
19133,2024-06-01,919.0,industrial,Illinois
19134,2024-06-02,593.2,commercial,Illinois
19135,2024-06-03,417.1,residential,Texas
19136,2024-06-04,391.5,residential,Ohio
19137,2024-06-05,398.9,residential,Florida
19138,2024-06-06,807.6,industrial,Illinois
19139,2024-06-07,654.6,commercial,Illinois
19140,2024-06-08,390.9,residential,Texas
19141,2024-06-09,674.7,commercial,Illinois
19142,2024-06-10,610.1,commercial,Georgia
19143,2024-06-11,877.7,industrial,Ohio
19144,2024-06-12,676.2,commercial,Georgia
19145,2024-06-13,282.4,residential,New York
19146,2024-06-14,545.8,commercial,Florida
19147,2024-06-15,898.7,industrial,California
19148,2024-06-16,962.5,industrial,Illinois
19149,2024-06-17,348.9,residential,Ohio
19150,2024-06-18,287.4,residential,New York
19151,2024-06-19,482.5,residential,Ohio
19152,2024-06-20,387.2,residential,Texas
19153,2024-06-21,955.1,industrial,California
19154,2024-06-22,276.5,residential,California
19155,2024-06-23,883.2,industrial,New York
19156,2024-06-24,824.7,industrial,Texas
19157,2024-06-25,354.7,residential,Ohio
19158,2024-06-26,952.2,industrial,Texas
19159,2024-06-27,1006.6,industrial,Georgia
19160,2024-06-28,754.2,commercial,Ohio
19161,2024-06-29,903.2,industrial,Georgia
19162,2024-06-30,559.1,commercial,Texas
19163,2024-07-01,552.1,commercial,Florida
19164,2024-07-02,884.2,industrial,Ohio
19165,2024-07-03,768.4,industrial,Georgia
19166,2024-07-04,927.7,industrial,Georgia
19167,2024-07-05,707.7,commercial,Illinois
19168,2024-07-06,908.3,industrial,Illinois
19169,2024-07-07,944.5,industrial,New York
19170,2024-07-08,442.5,residential,Ohio
19171,2024-07-09,622.7,commercial,California
19172,2024-07-10,860.1,industrial,California
19173,2024-07-11,757.7,commercial,Georgia
19174,2024-07-12,489.9,residential,Florida
19175,2024-07-13,518.8,residential,Illinois
19176,2024-07-14,344.6,residential,Illinois
19177,2024-07-15,373.4,residential,New York
19178,2024-07-16,592.4,commercial,New York
19179,2024-07-17,910.0,industrial,Florida
19180,2024-07-18,358.7,residential,Georgia
19181,2024-07-19,560.4,commercial,Texas
19182,2024-07-20,962.8,industrial,California
19183,2024-07-21,437.2,residential,Illinois
19184,2024-07-22,656.6,commercial,Florida
19185,2024-07-23,960.3,industrial,Florida
19186,2024-07-24,813.1,industrial,New York
19187,2024-07-25,844.5,industrial,Florida
19188,2024-07-26,873.6,industrial,Texas
19189,2024-07-27,653.1,commercial,Illinois
19190,2024-07-28,708.6,commercial,Georgia
19191,2024-07-29,827.3,industrial,Texas
19192,2024-07-30,622.6,commercial,California
19193,2024-07-31,816.1,industrial,Georgia
19194,2024-08-01,1003.3,industrial,California
19195,2024-08-02,854.9,industrial,Florida
19196,2024-08-03,956.0,industrial,New York
19197,2024-08-04,859.5,industrial,Texas
19198,2024-08-05,600.9,commercial,Georgia
19199,2024-08-06,986.9,industrial,California
19200,2024-08-07,646.4,commercial,Texas
19201,2024-08-08,648.0,commercial,Illinois
19202,2024-08-09,285.6,residential,Texas
19203,2024-08-10,832.3,industrial,California
19204,2024-08-11,921.3,industrial,Illinois
19205,2024-08-12,645.8,commercial,Illinois
19206,2024-08-13,973.4,industrial,Florida
19207,2024-08-14,325.0,residential,New York
19208,2024-08-15,957.9,industrial,Ohio
19209,2024-08-16,496.6,residential,Georgia
19210,2024-08-17,428.7,residential,Texas
19211,2024-08-18,832.6,industrial,Ohio
19212,2024-08-19,851.1,industrial,Georgia
19213,2024-08-20,647.2,commercial,Georgia
19214,2024-08-21,458.6,residential,Florida
19215,2024-08-22,418.6,residential,New York
19216,2024-08-23,793.7,commercial,Florida
19217,2024-08-24,325.4,residential,New York
19218,2024-08-25,880.2,industrial,California
19219,2024-08-26,455.0,residential,Florida
19220,2024-08-27,654.2,commercial,Georgia
19221,2024-08-28,361.3,residential,Illinois
19222,2024-08-29,597.4,commercial,Texas
19223,2024-08-30,382.1,residential,Georgia
19224,2024-08-31,312.1,residential,Ohio
19225,2024-09-01,963.1,industrial,Ohio
19226,2024-09-02,854.9,industrial,California
19227,2024-09-03,651.2,commercial,Florida
19228,2024-09-04,643.0,commercial,Florida
19229,2024-09-05,1080.0,industrial,Illinois
19230,2024-09-06,692.7,commercial,Ohio
19231,2024-09-07,330.4,residential,Georgia
19232,2024-09-08,392.5,residential,California
19233,2024-09-09,999.4,industrial,Texas
19234,2024-09-10,665.3,commercial,New York
19235,2024-09-11,386.4,residential,California
19236,2024-09-12,401.9,residential,New York
19237,2024-09-13,684.6,commercial,Florida
19238,2024-09-14,763.2,commercial,Georgia
19239,2024-09-15,950.7,industrial,Florida
19240,2024-09-16,971.5,industrial,Florida
19241,2024-09-17,582.5,commercial,New York
19242,2024-09-18,936.9,industrial,Georgia
19243,2024-09-19,945.5,industrial,Florida
19244,2024-09-20,419.0,residential,Florida
19245,2024-09-21,799.1,industrial,California
19246,2024-09-22,644.2,commercial,Florida
19247,2024-09-23,827.1,industrial,Texas
19248,2024-09-24,446.4,residential,Georgia
19249,2024-09-25,720.1,commercial,New York
19250,2024-09-26,676.8,commercial,Florida
19251,2024-09-27,865.2,industrial,Illinois
19252,2024-09-28,752.8,commercial,Illinois
19253,2024-09-29,675.1,commercial,Florida
19254,2024-09-30,647.3,commercial,Illinois
19255,2024-10-01,340.4,residential,New York
19256,2024-10-02,822.0,industrial,Ohio
19257,2024-10-03,935.8,industrial,California
19258,2024-10-04,876.3,industrial,Illinois
19259,2024-10-05,365.9,residential,California
19260,2024-10-06,410.0,residential,New York
19261,2024-10-07,437.3,residential,Florida
19262,2024-10-08,869.0,industrial,New York
19263,2024-10-09,458.6,residential,Florida
19264,2024-10-10,900.9,industrial,Ohio
19265,2024-10-11,706.7,commercial,Georgia
19266,2024-10-12,320.8,residential,California
19267,2024-10-13,384.7,residential,Illinois
19268,2024-10-14,932.4,industrial,Georgia
19269,2024-10-15,706.5,commercial,Texas
19270,2024-10-16,819.5,industrial,Georgia
19271,2024-10-17,341.0,residential,Ohio
19272,2024-10-18,435.0,residential,Ohio
19273,2024-10-19,1038.7,industrial,Florida
19274,2024-10-20,612.7,commercial,Georgia
19275,2024-10-21,405.3,residential,California
19276,2024-10-22,598.6,commercial,Georgia
19277,2024-10-23,625.2,commercial,Florida
19278,2024-10-24,896.1,industrial,California
19279,2024-10-25,872.9,industrial,California
19280,2024-10-26,322.9,residential,Ohio
19281,2024-10-27,503.6,residential,New York
19282,2024-10-28,881.6,industrial,Ohio
19283,2024-10-29,640.7,commercial,New York
19284,2024-10-30,414.4,residential,California
19285,2024-10-31,753.2,commercial,Georgia
19286,2024-11-01,803.7,industrial,California
19287,2024-11-02,940.0,industrial,Georgia
19288,2024-11-03,877.7,industrial,New York
19289,2024-11-04,750.4,commercial,Ohio
19290,2024-11-05,448.4,residential,Georgia
19291,2024-11-06,708.8,commercial,Illinois
19292,2024-11-07,676.1,commercial,Texas
19293,2024-11-08,849.6,industrial,Florida
19294,2024-11-09,321.2,residential,Florida
19295,2024-11-10,418.1,residential,Texas
19296,2024-11-11,911.8,industrial,Texas
19297,2024-11-12,625.6,commercial,Illinois
19298,2024-11-13,481.4,residential,Georgia
19299,2024-11-14,442.3,residential,New York
19300,2024-11-15,596.6,commercial,Illinois
19301,2024-11-16,351.9,residential,New York
19302,2024-11-17,792.4,industrial,Ohio
19303,2024-11-18,633.3,commercial,Florida
19304,2024-11-19,934.3,industrial,Texas
19305,2024-11-20,908.9,industrial,Ohio
19306,2024-11-21,914.2,industrial,Georgia
19307,2024-11-22,396.4,residential,Georgia
19308,2024-11-23,499.5,residential,Texas
19309,2024-11-24,792.5,industrial,Florida
19310,2024-11-25,363.7,residential,Illinois
19311,2024-11-26,705.4,commercial,Texas
19312,2024-11-27,431.1,residential,Florida
19313,2024-11-28,691.8,commercial,California
19314,2024-11-29,832.5,industrial,Illinois
19315,2024-11-30,433.7,residential,Florida
19316,2024-12-01,887.5,industrial,Ohio
19317,2024-12-02,584.8,commercial,New York
19318,2024-12-03,901.2,industrial,Ohio
19319,2024-12-04,903.8,industrial,Florida
19320,2024-12-05,437.1,residential,Texas
19321,2024-12-06,876.6,industrial,Texas
19322,2024-12-07,718.4,commercial,Illinois
19323,2024-12-08,633.3,commercial,New York
19324,2024-12-09,407.0,residential,Georgia
19325,2024-12-10,524.4,residential,Ohio
19326,2024-12-11,586.2,commercial,California
19327,2024-12-12,321.3,residential,California
19328,2024-12-13,915.9,industrial,Texas
19329,2024-12-14,832.6,industrial,Ohio
19330,2024-12-15,693.3,commercial,New York
19331,2024-12-16,901.7,industrial,Florida
19332,2024-12-17,402.6,residential,New York
19333,2024-12-18,446.2,residential,New York
19334,2024-12-19,894.2,industrial,California
19335,2024-12-20,582.7,commercial,New York
19336,2024-12-21,932.2,industrial,Florida
19337,2024-12-22,855.2,industrial,Illinois
19338,2024-12-23,684.0,commercial,California
19339,2024-12-24,936.4,industrial,Florida
19340,2024-12-25,893.8,industrial,New York
19341,2024-12-26,886.2,industrial,Illinois
19342,2024-12-27,533.8,commercial,Florida
19343,2024-12-28,575.0,commercial,Georgia
19344,2024-12-29,462.5,residential,New York
19345,2024-12-30,390.6,residential,California
19346,2024-01-01,654.8,commercial,California
19347,2024-01-02,420.6,residential,New York
19348,2024-01-03,869.2,industrial,New York
19349,2024-01-04,405.8,residential,New York
19350,2024-01-05,303.0,residential,Texas
19351,2024-01-06,939.7,industrial,Illinois
19352,2024-01-07,1015.7,industrial,California
19353,2024-01-08,720.5,commercial,Georgia
19354,2024-01-09,304.7,residential,Illinois
19355,2024-01-10,725.0,commercial,Florida
19356,2024-01-11,927.3,industrial,Ohio
19357,2024-01-12,534.6,residential,Georgia
19358,2024-01-13,698.3,commercial,Illinois
19359,2024-01-14,557.5,commercial,California
19360,2024-01-15,362.3,residential,Florida
19361,2024-01-16,871.2,industrial,Texas
19362,2024-01-17,815.9,industrial,Ohio
19363,2024-01-18,629.5,commercial,California
19364,2024-01-19,777.5,industrial,Texas
19365,2024-01-20,546.9,commercial,Illinois
19366,2024-01-21,723.7,commercial,Texas
19367,2024-01-22,373.7,residential,Georgia
19368,2024-01-23,832.1,industrial,Ohio
19369,2024-01-24,957.5,industrial,California
19370,2024-01-25,696.7,commercial,Florida
19371,2024-01-26,889.7,industrial,Georgia
19372,2024-01-27,304.7,residential,Illinois
19373,2024-01-28,646.4,commercial,New York
19374,2024-01-29,834.8,industrial,Ohio
19375,2024-01-30,333.8,residential,New York
19376,2024-01-31,694.1,commercial,California
19377,2024-02-01,982.3,industrial,New York
19378,2024-02-02,1002.9,industrial,Illinois
19379,2024-02-03,695.4,commercial,Ohio
19380,2024-02-04,673.6,commercial,Ohio
19381,2024-02-05,752.5,commercial,Florida
19382,2024-02-06,323.5,residential,New York
19383,2024-02-07,959.9,industrial,Georgia
19384,2024-02-08,821.2,industrial,Florida
19385,2024-02-09,850.8,industrial,Ohio
19386,2024-02-10,372.9,residential,California
19387,2024-02-11,379.8,residential,New York
19388,2024-02-12,408.5,residential,New York
19389,2024-02-13,934.1,industrial,Florida
19390,2024-02-14,398.3,residential,Florida
19391,2024-02-15,711.8,commercial,Texas
19392,2024-02-16,574.0,commercial,Ohio
19393,2024-02-17,916.2,industrial,California
19394,2024-02-18,646.1,commercial,Texas
19395,2024-02-19,390.1,residential,Texas
19396,2024-02-20,683.6,commercial,Florida
19397,2024-02-21,413.8,residential,California
19398,2024-02-22,941.7,industrial,Texas
19399,2024-02-23,975.7,industrial,Georgia
19400,2024-02-24,534.7,commercial,Georgia
19401,2024-02-25,989.8,industrial,New York
19402,2024-02-26,748.9,commercial,California
19403,2024-02-27,890.2,industrial,Texas
19404,2024-02-28,407.1,residential,Ohio
19405,2024-02-29,836.5,industrial,Illinois
19406,2024-03-01,401.8,residential,Illinois
19407,2024-03-02,394.1,residential,Texas
19408,2024-03-03,483.7,residential,Texas
19409,2024-03-04,645.7,commercial,Texas
19410,2024-03-05,720.9,commercial,Texas
19411,2024-03-06,915.1,industrial,Florida
19412,2024-03-07,648.1,commercial,Florida
19413,2024-03-08,478.2,residential,Illinois
19414,2024-03-09,684.5,commercial,Florida
19415,2024-03-10,465.9,commercial,Florida
19416,2024-03-11,878.5,industrial,California
19417,2024-03-12,599.7,commercial,California
19418,2024-03-13,658.3,commercial,Florida
19419,2024-03-14,400.6,residential,Texas
19420,2024-03-15,636.9,commercial,Ohio
19421,2024-03-16,256.3,residential,Florida
19422,2024-03-17,709.1,commercial,New York
19423,2024-03-18,888.3,industrial,Illinois
19424,2024-03-19,323.1,residential,Illinois
19425,2024-03-20,865.5,industrial,Florida
19426,2024-03-21,373.2,residential,Texas
19427,2024-03-22,480.6,residential,California
19428,2024-03-23,592.7,commercial,Texas
19429,2024-03-24,560.6,commercial,California
19430,2024-03-25,861.2,industrial,Georgia
19431,2024-03-26,731.8,industrial,Texas
19432,2024-03-27,441.5,residential,Florida
19433,2024-03-28,470.8,residential,Florida
19434,2024-03-29,886.8,industrial,Illinois
19435,2024-03-30,483.5,commercial,Ohio
19436,2024-03-31,956.7,industrial,Illinois
19437,2024-04-01,538.7,residential,Texas
19438,2024-04-02,398.6,residential,Florida
19439,2024-04-03,916.1,industrial,Illinois
19440,2024-04-04,721.3,commercial,Illinois
19441,2024-04-05,899.7,industrial,New York
19442,2024-04-06,904.4,industrial,California
19443,2024-04-07,499.6,residential,Texas
19444,2024-04-08,722.5,commercial,Texas
19445,2024-04-09,951.0,industrial,Texas
19446,2024-04-10,829.0,industrial,New York
19447,2024-04-11,401.9,residential,Florida
19448,2024-04-12,736.2,commercial,Florida
19449,2024-04-13,629.3,commercial,Illinois
19450,2024-04-14,977.6,industrial,Ohio
19451,2024-04-15,601.7,commercial,New York
19452,2024-04-16,1025.6,industrial,Georgia
19453,2024-04-17,702.1,commercial,Texas
19454,2024-04-18,664.4,commercial,Georgia
19455,2024-04-19,839.2,industrial,Georgia
19456,2024-04-20,836.6,industrial,Georgia
19457,2024-04-21,782.0,commercial,Texas
19458,2024-04-22,388.9,residential,Texas
19459,2024-04-23,923.3,industrial,Florida
19460,2024-04-24,636.8,commercial,Florida
19461,2024-04-25,593.2,commercial,New York
19462,2024-04-26,402.7,residential,Ohio
19463,2024-04-27,825.3,industrial,Illinois
19464,2024-04-28,346.2,residential,Texas
19465,2024-04-29,625.1,commercial,New York
19466,2024-04-30,353.7,residential,New York
19467,2024-05-01,972.9,industrial,California
19468,2024-05-02,952.7,industrial,California
19469,2024-05-03,389.8,residential,Texas
19470,2024-05-04,334.8,residential,California
19471,2024-05-05,620.2,commercial,Illinois
19472,2024-05-06,582.8,commercial,California
19473,2024-05-07,896.2,industrial,Illinois
19474,2024-05-08,571.9,commercial,Florida
19475,2024-05-09,389.8,residential,Florida
19476,2024-05-10,643.0,commercial,Georgia
19477,2024-05-11,947.3,industrial,Illinois
19478,2024-05-12,545.7,commercial,Florida
19479,2024-05-13,947.6,industrial,Ohio
19480,2024-05-14,662.7,commercial,Texas
19481,2024-05-15,901.1,industrial,Ohio
19482,2024-05-16,609.8,commercial,Ohio
19483,2024-05-17,907.1,industrial,Ohio
19484,2024-05-18,752.8,commercial,Georgia
19485,2024-05-19,945.7,industrial,Florida
19486,2024-05-20,714.4,commercial,Georgia
19487,2024-05-21,343.1,residential,Texas
19488,2024-05-22,437.9,residential,New York
19489,2024-05-23,890.9,industrial,California
19490,2024-05-24,964.3,industrial,California
19491,2024-05-25,618.9,commercial,Georgia
19492,2024-05-26,495.7,residential,Texas
19493,2024-05-27,918.9,industrial,Georgia
19494,2024-05-28,431.3,residential,New York
19495,2024-05-29,669.3,commercial,Georgia
19496,2024-05-30,467.9,residential,Georgia
19497,2024-05-31,945.8,industrial,New York
19498,2024-06-01,376.3,residential,Illinois
19499,2024-06-02,963.6,industrial,Georgia
19500,2024-06-03,503.9,residential,Ohio
19501,2024-06-04,896.6,industrial,New York
19502,2024-06-05,387.0,residential,Illinois
19503,2024-06-06,563.3,residential,New York
19504,2024-06-07,473.0,residential,California
19505,2024-06-08,390.2,residential,Texas
19506,2024-06-09,624.4,commercial,New York
19507,2024-06-10,731.1,commercial,Ohio
19508,2024-06-11,684.8,commercial,Georgia
19509,2024-06-12,933.1,industrial,California
19510,2024-06-13,831.1,industrial,Texas
19511,2024-06-14,511.7,commercial,Georgia
19512,2024-06-15,882.1,industrial,Illinois
19513,2024-06-16,673.5,commercial,New York
19514,2024-06-17,826.5,industrial,California
19515,2024-06-18,456.5,residential,California
19516,2024-06-19,875.4,industrial,Illinois
19517,2024-06-20,848.8,industrial,Georgia
19518,2024-06-21,878.4,industrial,California
19519,2024-06-22,431.1,residential,Texas
19520,2024-06-23,959.6,industrial,Ohio
19521,2024-06-24,839.8,industrial,California
19522,2024-06-25,619.3,commercial,Ohio
19523,2024-06-26,351.4,residential,Illinois
19524,2024-06-27,660.2,commercial,Texas
19525,2024-06-28,851.8,industrial,Ohio
19526,2024-06-29,715.2,commercial,Georgia
19527,2024-06-30,615.7,commercial,Georgia
19528,2024-07-01,1037.0,industrial,New York
19529,2024-07-02,939.7,industrial,California
19530,2024-07-03,698.5,commercial,Illinois
19531,2024-07-04,632.1,commercial,New York
19532,2024-07-05,347.7,residential,California
19533,2024-07-06,267.3,residential,Georgia
19534,2024-07-07,598.9,commercial,California
19535,2024-07-08,850.0,industrial,Illinois
19536,2024-07-09,742.8,commercial,Illinois
19537,2024-07-10,933.6,industrial,Florida
19538,2024-07-11,450.0,residential,Georgia
19539,2024-07-12,400.7,residential,Texas
19540,2024-07-13,843.6,industrial,California
19541,2024-07-14,878.6,industrial,Ohio
19542,2024-07-15,350.9,residential,Florida
19543,2024-07-16,975.7,industrial,Georgia
19544,2024-07-17,430.5,residential,Texas
19545,2024-07-18,933.2,industrial,Florida
19546,2024-07-19,859.3,industrial,New York
19547,2024-07-20,407.6,residential,Texas
19548,2024-07-21,385.4,residential,Illinois
19549,2024-07-22,922.7,industrial,Texas
19550,2024-07-23,862.1,industrial,Illinois
19551,2024-07-24,908.3,industrial,California
19552,2024-07-25,845.3,industrial,Ohio
19553,2024-07-26,519.5,residential,Georgia
19554,2024-07-27,668.4,commercial,Illinois
19555,2024-07-28,386.9,residential,California
19556,2024-07-29,642.2,commercial,Illinois
19557,2024-07-30,639.0,commercial,Texas
19558,2024-07-31,510.3,residential,Georgia
19559,2024-08-01,617.9,commercial,California
19560,2024-08-02,885.0,industrial,Illinois
19561,2024-08-03,695.7,commercial,Ohio
19562,2024-08-04,784.7,industrial,Illinois
19563,2024-08-05,623.2,commercial,California
19564,2024-08-06,661.9,commercial,California
19565,2024-08-07,635.9,commercial,Illinois
19566,2024-08-08,947.6,industrial,Georgia
19567,2024-08-09,378.3,residential,Texas
19568,2024-08-10,361.9,residential,Ohio
19569,2024-08-11,339.2,residential,Ohio
19570,2024-08-12,663.1,commercial,New York
19571,2024-08-13,898.1,industrial,Texas
19572,2024-08-14,901.6,industrial,Florida
19573,2024-08-15,429.2,residential,Illinois
19574,2024-08-16,697.0,commercial,Georgia
19575,2024-08-17,929.8,industrial,Illinois
19576,2024-08-18,614.0,commercial,New York
19577,2024-08-19,490.5,residential,New York
19578,2024-08-20,804.4,industrial,Florida
19579,2024-08-21,402.5,residential,Texas
19580,2024-08-22,426.3,residential,California
19581,2024-08-23,1018.0,industrial,Texas
19582,2024-08-24,455.0,residential,Texas
19583,2024-08-25,920.4,industrial,Ohio
19584,2024-08-26,606.3,commercial,Ohio
19585,2024-08-27,393.4,residential,Florida
19586,2024-08-28,598.2,commercial,Illinois
19587,2024-08-29,322.2,residential,Florida
19588,2024-08-30,374.9,residential,Texas
19589,2024-08-31,915.5,industrial,Ohio
19590,2024-09-01,860.6,industrial,Ohio
19591,2024-09-02,818.3,industrial,New York
19592,2024-09-03,749.7,commercial,Texas
19593,2024-09-04,372.7,residential,Illinois
19594,2024-09-05,667.2,commercial,Texas
19595,2024-09-06,606.9,commercial,New York
19596,2024-09-07,708.7,commercial,Florida
19597,2024-09-08,383.5,residential,Ohio
19598,2024-09-09,948.5,industrial,New York
19599,2024-09-10,721.2,commercial,Texas
19600,2024-09-11,993.8,industrial,Illinois
19601,2024-09-12,287.4,residential,New York
19602,2024-09-13,932.9,industrial,Georgia
19603,2024-09-14,890.7,industrial,Florida
19604,2024-09-15,634.2,commercial,Ohio
19605,2024-09-16,631.4,commercial,California
19606,2024-09-17,935.3,industrial,New York
19607,2024-09-18,483.6,residential,California
19608,2024-09-19,442.7,residential,Georgia
19609,2024-09-20,903.8,industrial,Ohio
19610,2024-09-21,376.2,residential,New York
19611,2024-09-22,895.4,industrial,California
19612,2024-09-23,641.7,commercial,Texas
19613,2024-09-24,653.6,commercial,Illinois
19614,2024-09-25,856.2,industrial,California
19615,2024-09-26,435.8,residential,New York
19616,2024-09-27,628.6,commercial,New York
19617,2024-09-28,464.1,residential,Ohio
19618,2024-09-29,904.1,industrial,Texas
19619,2024-09-30,944.9,industrial,Florida
19620,2024-10-01,843.6,industrial,Ohio
19621,2024-10-02,828.0,industrial,Georgia
19622,2024-10-03,634.0,commercial,Georgia
19623,2024-10-04,374.1,residential,Florida
19624,2024-10-05,872.2,industrial,Illinois
19625,2024-10-06,608.1,commercial,California
19626,2024-10-07,626.4,commercial,Ohio
19627,2024-10-08,459.4,residential,Florida
19628,2024-10-09,718.7,commercial,New York
19629,2024-10-10,1038.8,industrial,New York
19630,2024-10-11,814.1,industrial,Illinois
19631,2024-10-12,831.7,industrial,California
19632,2024-10-13,743.0,commercial,Ohio
19633,2024-10-14,687.1,commercial,Florida
19634,2024-10-15,414.9,residential,Texas
19635,2024-10-16,632.1,commercial,Florida
19636,2024-10-17,250.4,residential,Texas
19637,2024-10-18,712.4,commercial,Texas
19638,2024-10-19,944.8,industrial,Florida
19639,2024-10-20,627.4,commercial,Florida
19640,2024-10-21,912.9,industrial,Georgia
19641,2024-10-22,573.8,commercial,Georgia
19642,2024-10-23,556.1,commercial,Illinois
19643,2024-10-24,383.7,residential,Georgia
19644,2024-10-25,653.5,commercial,California
19645,2024-10-26,628.8,commercial,California
19646,2024-10-27,663.2,commercial,New York
19647,2024-10-28,464.7,residential,Texas
19648,2024-10-29,462.7,residential,Florida
19649,2024-10-30,371.0,residential,Texas
19650,2024-10-31,773.1,commercial,California
19651,2024-11-01,451.8,residential,Florida
19652,2024-11-02,716.4,commercial,Ohio
19653,2024-11-03,862.0,industrial,Texas
19654,2024-11-04,396.1,residential,Ohio
19655,2024-11-05,698.6,commercial,Florida
19656,2024-11-06,410.7,residential,New York
19657,2024-11-07,676.2,commercial,Illinois
19658,2024-11-08,845.8,industrial,Illinois
19659,2024-11-09,902.6,industrial,Texas
19660,2024-11-10,871.8,industrial,Illinois
19661,2024-11-11,845.2,industrial,Florida
19662,2024-11-12,433.9,residential,Florida
19663,2024-11-13,425.4,residential,Georgia
19664,2024-11-14,882.8,industrial,Florida
19665,2024-11-15,387.5,residential,Ohio
19666,2024-11-16,940.6,industrial,New York
19667,2024-11-17,907.1,industrial,Illinois
19668,2024-11-18,884.5,industrial,Illinois
19669,2024-11-19,649.5,commercial,California
19670,2024-11-20,818.1,industrial,Florida
19671,2024-11-21,343.3,residential,New York
19672,2024-11-22,605.2,commercial,New York
19673,2024-11-23,783.4,industrial,Ohio
19674,2024-11-24,668.5,commercial,New York
19675,2024-11-25,916.1,industrial,Texas
19676,2024-11-26,912.9,industrial,Georgia
19677,2024-11-27,915.2,industrial,Illinois
19678,2024-11-28,679.1,commercial,New York
19679,2024-11-29,636.2,commercial,Georgia
19680,2024-11-30,507.8,residential,California
19681,2024-12-01,421.8,residential,California
19682,2024-12-02,396.7,residential,Georgia
19683,2024-12-03,552.3,residential,California
19684,2024-12-04,673.9,commercial,Illinois
19685,2024-12-05,925.6,industrial,New York
19686,2024-12-06,320.4,residential,Ohio
19687,2024-12-07,345.0,residential,New York
19688,2024-12-08,814.0,industrial,Illinois
19689,2024-12-09,877.5,industrial,Ohio
19690,2024-12-10,737.4,commercial,Illinois
19691,2024-12-11,933.1,industrial,Illinois
19692,2024-12-12,419.4,residential,Georgia
19693,2024-12-13,875.4,industrial,California
19694,2024-12-14,889.6,industrial,Georgia
19695,2024-12-15,871.9,industrial,New York
19696,2024-12-16,816.4,industrial,Texas
19697,2024-12-17,749.8,commercial,California
19698,2024-12-18,748.1,industrial,New York
19699,2024-12-19,969.0,industrial,Texas
19700,2024-12-20,932.5,industrial,California
19701,2024-12-21,398.5,residential,New York
19702,2024-12-22,623.5,commercial,Florida
19703,2024-12-23,821.5,industrial,New York
19704,2024-12-24,384.7,residential,Florida
19705,2024-12-25,878.0,industrial,Florida
19706,2024-12-26,652.5,commercial,Ohio
19707,2024-12-27,858.6,industrial,Georgia
19708,2024-12-28,327.0,residential,New York
19709,2024-12-29,850.3,industrial,Ohio
19710,2024-12-30,374.2,residential,Ohio
19711,2024-01-01,814.8,industrial,California
19712,2024-01-02,325.1,residential,Illinois
19713,2024-01-03,474.2,residential,Georgia
19714,2024-01-04,877.0,industrial,California
19715,2024-01-05,371.3,residential,New York
19716,2024-01-06,422.7,residential,Illinois
19717,2024-01-07,457.1,residential,Ohio
19718,2024-01-08,661.8,commercial,Georgia
19719,2024-01-09,678.5,commercial,California
19720,2024-01-10,548.2,commercial,Florida
19721,2024-01-11,565.1,commercial,Florida
19722,2024-01-12,584.2,commercial,New York
19723,2024-01-13,392.2,residential,Florida
19724,2024-01-14,621.6,commercial,California
19725,2024-01-15,605.5,commercial,Georgia
19726,2024-01-16,1004.3,industrial,Texas
19727,2024-01-17,349.3,residential,Ohio
19728,2024-01-18,954.6,industrial,Texas
19729,2024-01-19,566.4,residential,Florida
19730,2024-01-20,605.1,commercial,Florida
19731,2024-01-21,450.4,residential,California
19732,2024-01-22,356.3,residential,Florida
19733,2024-01-23,327.9,residential,Florida
19734,2024-01-24,462.5,residential,Georgia
19735,2024-01-25,867.0,industrial,New York
19736,2024-01-26,410.6,residential,California
19737,2024-01-27,883.0,industrial,Florida
19738,2024-01-28,655.7,commercial,Texas
19739,2024-01-29,673.7,commercial,Texas
19740,2024-01-30,918.9,industrial,Illinois
19741,2024-01-31,743.0,industrial,Ohio
19742,2024-02-01,860.4,industrial,California
19743,2024-02-02,376.0,residential,Florida
19744,2024-02-03,682.9,commercial,California
19745,2024-02-04,817.9,industrial,California
19746,2024-02-05,385.6,residential,Florida
19747,2024-02-06,582.1,commercial,Illinois
19748,2024-02-07,332.1,residential,New York
19749,2024-02-08,655.8,commercial,California
19750,2024-02-09,572.9,commercial,Texas
19751,2024-02-10,600.9,commercial,Georgia
19752,2024-02-11,623.5,commercial,Illinois
19753,2024-02-12,903.0,industrial,New York
19754,2024-02-13,694.3,commercial,Illinois
19755,2024-02-14,679.5,commercial,Illinois
19756,2024-02-15,403.1,residential,Ohio
19757,2024-02-16,398.7,residential,Texas
19758,2024-02-17,910.9,industrial,New York
19759,2024-02-18,896.0,industrial,New York
19760,2024-02-19,857.6,industrial,California
19761,2024-02-20,874.3,industrial,New York
19762,2024-02-21,711.6,commercial,New York
19763,2024-02-22,474.2,residential,New York
19764,2024-02-23,317.1,residential,Ohio
19765,2024-02-24,756.9,commercial,Texas
19766,2024-02-25,859.5,industrial,Ohio
19767,2024-02-26,620.5,commercial,Texas
19768,2024-02-27,622.5,commercial,Ohio
19769,2024-02-28,418.4,residential,Georgia
19770,2024-02-29,865.5,industrial,Georgia
19771,2024-03-01,929.4,industrial,Ohio
19772,2024-03-02,1029.1,industrial,Florida
19773,2024-03-03,427.8,residential,California
19774,2024-03-04,366.6,residential,California
19775,2024-03-05,888.0,industrial,Ohio
19776,2024-03-06,662.4,commercial,California
19777,2024-03-07,899.6,industrial,Texas
19778,2024-03-08,421.5,residential,New York
19779,2024-03-09,758.2,commercial,Illinois
19780,2024-03-10,408.0,residential,Florida
19781,2024-03-11,318.6,residential,Illinois
19782,2024-03-12,348.9,residential,Georgia
19783,2024-03-13,737.8,commercial,California
19784,2024-03-14,897.7,industrial,Florida
19785,2024-03-15,675.2,commercial,California
19786,2024-03-16,455.5,residential,Florida
19787,2024-03-17,946.0,industrial,Ohio
19788,2024-03-18,913.9,industrial,Illinois
19789,2024-03-19,852.6,industrial,New York
19790,2024-03-20,460.4,residential,California
19791,2024-03-21,422.9,residential,New York
19792,2024-03-22,649.9,commercial,Texas
19793,2024-03-23,916.9,industrial,Ohio
19794,2024-03-24,608.4,commercial,New York
19795,2024-03-25,1045.1,industrial,California
19796,2024-03-26,831.4,industrial,California
19797,2024-03-27,732.3,commercial,Texas
19798,2024-03-28,872.1,industrial,Florida
19799,2024-03-29,577.3,commercial,Ohio
19800,2024-03-30,562.4,commercial,Illinois
19801,2024-03-31,990.2,industrial,Texas
19802,2024-04-01,447.8,residential,New York
19803,2024-04-02,398.1,residential,California
19804,2024-04-03,846.0,industrial,Florida
19805,2024-04-04,418.8,residential,Illinois
19806,2024-04-05,760.9,industrial,Illinois
19807,2024-04-06,365.8,residential,Georgia
19808,2024-04-07,440.3,residential,Texas
19809,2024-04-08,694.8,commercial,Texas
19810,2024-04-09,967.0,industrial,Texas
19811,2024-04-10,412.0,residential,Illinois
19812,2024-04-11,391.3,residential,Georgia
19813,2024-04-12,924.9,industrial,Texas
19814,2024-04-13,783.0,industrial,Ohio
19815,2024-04-14,661.3,commercial,California
19816,2024-04-15,924.6,industrial,California
19817,2024-04-16,707.3,commercial,Florida
19818,2024-04-17,427.8,residential,Illinois
19819,2024-04-18,347.9,residential,Georgia
19820,2024-04-19,763.0,industrial,Texas
19821,2024-04-20,676.4,commercial,California
19822,2024-04-21,429.5,residential,New York
19823,2024-04-22,632.4,commercial,Georgia
19824,2024-04-23,544.2,commercial,Florida
19825,2024-04-24,635.1,commercial,Georgia
19826,2024-04-25,469.7,residential,Florida
19827,2024-04-26,348.2,residential,New York
19828,2024-04-27,327.2,residential,Illinois
19829,2024-04-28,1008.0,industrial,Texas
19830,2024-04-29,722.1,commercial,Texas
19831,2024-04-30,640.3,commercial,Florida
19832,2024-05-01,311.6,residential,Texas
19833,2024-05-02,426.2,residential,Florida
19834,2024-05-03,907.1,industrial,Ohio
19835,2024-05-04,564.8,commercial,Ohio
19836,2024-05-05,562.8,residential,New York
19837,2024-05-06,613.5,commercial,Georgia
19838,2024-05-07,451.4,residential,Texas
19839,2024-05-08,717.0,commercial,Georgia
19840,2024-05-09,399.4,residential,Georgia
19841,2024-05-10,801.0,industrial,Illinois
19842,2024-05-11,655.2,commercial,Georgia
19843,2024-05-12,453.0,residential,Illinois
19844,2024-05-13,617.0,commercial,Ohio
19845,2024-05-14,579.3,commercial,Georgia
19846,2024-05-15,934.1,industrial,California
19847,2024-05-16,958.9,industrial,Texas
19848,2024-05-17,682.9,commercial,Texas
19849,2024-05-18,368.5,residential,Florida
19850,2024-05-19,851.2,industrial,New York
19851,2024-05-20,508.2,residential,California
19852,2024-05-21,540.3,commercial,New York
19853,2024-05-22,938.4,industrial,Georgia
19854,2024-05-23,413.3,residential,New York
19855,2024-05-24,372.0,residential,New York
19856,2024-05-25,958.0,industrial,Georgia
19857,2024-05-26,449.2,residential,Ohio
19858,2024-05-27,894.6,industrial,Ohio
19859,2024-05-28,902.2,industrial,Texas
19860,2024-05-29,719.6,commercial,Georgia
19861,2024-05-30,400.1,residential,Illinois
19862,2024-05-31,432.1,residential,Georgia
19863,2024-06-01,900.2,industrial,Ohio
19864,2024-06-02,824.2,industrial,California
19865,2024-06-03,940.3,industrial,Texas
19866,2024-06-04,653.6,commercial,Illinois
19867,2024-06-05,940.1,industrial,Ohio
19868,2024-06-06,573.2,commercial,California
19869,2024-06-07,814.0,industrial,Ohio
19870,2024-06-08,417.8,residential,California
19871,2024-06-09,922.3,industrial,Texas
19872,2024-06-10,442.8,residential,Florida
19873,2024-06-11,574.6,commercial,Georgia
19874,2024-06-12,508.0,residential,Florida
19875,2024-06-13,301.7,residential,Ohio
19876,2024-06-14,347.8,residential,California
19877,2024-06-15,324.8,residential,California
19878,2024-06-16,622.9,commercial,Illinois
19879,2024-06-17,456.9,residential,Texas
19880,2024-06-18,849.9,industrial,Texas
19881,2024-06-19,714.6,commercial,Illinois
19882,2024-06-20,488.2,residential,Florida
19883,2024-06-21,629.8,commercial,Texas
19884,2024-06-22,426.9,residential,Georgia
19885,2024-06-23,246.5,residential,New York
19886,2024-06-24,827.0,industrial,Georgia
19887,2024-06-25,551.7,residential,Texas
19888,2024-06-26,346.1,residential,Texas
19889,2024-06-27,946.7,industrial,New York
19890,2024-06-28,892.6,industrial,Ohio
19891,2024-06-29,958.6,industrial,Illinois
19892,2024-06-30,640.5,commercial,Ohio
19893,2024-07-01,355.4,residential,New York
19894,2024-07-02,840.8,industrial,Texas
19895,2024-07-03,320.0,residential,Texas
19896,2024-07-04,660.2,commercial,Ohio
19897,2024-07-05,966.0,industrial,Florida
19898,2024-07-06,398.9,residential,Texas
19899,2024-07-07,892.2,industrial,Georgia
19900,2024-07-08,866.4,industrial,Illinois
19901,2024-07-09,444.5,residential,Illinois
19902,2024-07-10,672.3,commercial,Florida
19903,2024-07-11,340.6,residential,Ohio
19904,2024-07-12,311.3,residential,Illinois
19905,2024-07-13,448.9,residential,Georgia
19906,2024-07-14,878.7,industrial,New York
19907,2024-07-15,590.4,commercial,Ohio
19908,2024-07-16,677.7,commercial,Florida
19909,2024-07-17,921.6,industrial,Texas
19910,2024-07-18,619.0,commercial,New York
19911,2024-07-19,956.7,industrial,Illinois
19912,2024-07-20,833.7,industrial,Texas
19913,2024-07-21,642.1,commercial,Illinois
19914,2024-07-22,417.1,residential,Georgia
19915,2024-07-23,332.3,residential,Illinois
19916,2024-07-24,915.3,industrial,Texas
19917,2024-07-25,665.7,commercial,New York
19918,2024-07-26,423.8,residential,Ohio
19919,2024-07-27,361.6,residential,Georgia
19920,2024-07-28,842.5,industrial,California
19921,2024-07-29,293.5,residential,Texas
19922,2024-07-30,694.0,commercial,Florida
19923,2024-07-31,878.5,industrial,California
19924,2024-08-01,750.4,commercial,Ohio
19925,2024-08-02,825.2,industrial,Texas
19926,2024-08-03,310.0,residential,Georgia
19927,2024-08-04,608.6,commercial,California
19928,2024-08-05,587.6,commercial,Ohio
19929,2024-08-06,392.2,residential,Ohio
19930,2024-08-07,406.8,residential,California
19931,2024-08-08,401.6,residential,Ohio
19932,2024-08-09,915.5,industrial,California
19933,2024-08-10,917.8,industrial,Ohio
19934,2024-08-11,723.6,commercial,Georgia
19935,2024-08-12,664.7,commercial,California
19936,2024-08-13,344.2,residential,New York
19937,2024-08-14,882.9,industrial,California
19938,2024-08-15,326.5,residential,Illinois
19939,2024-08-16,648.9,commercial,Ohio
19940,2024-08-17,957.2,industrial,Texas
19941,2024-08-18,948.7,industrial,New York
19942,2024-08-19,915.0,industrial,Florida
19943,2024-08-20,378.4,residential,Georgia
19944,2024-08-21,827.6,industrial,New York
19945,2024-08-22,712.3,commercial,Ohio
19946,2024-08-23,579.3,residential,New York
19947,2024-08-24,682.9,commercial,Georgia
19948,2024-08-25,774.5,industrial,Florida
19949,2024-08-26,677.6,commercial,Ohio
19950,2024-08-27,578.5,commercial,Ohio
19951,2024-08-28,455.4,residential,Illinois
19952,2024-08-29,833.0,industrial,New York
19953,2024-08-30,807.2,industrial,Texas
19954,2024-08-31,729.4,commercial,New York
19955,2024-09-01,948.9,industrial,California
19956,2024-09-02,936.3,industrial,California
19957,2024-09-03,343.7,residential,Georgia
19958,2024-09-04,929.2,industrial,Illinois
19959,2024-09-05,535.2,residential,Illinois
19960,2024-09-06,352.6,residential,California
19961,2024-09-07,660.3,commercial,Ohio
19962,2024-09-08,493.2,residential,Texas
19963,2024-09-09,964.9,industrial,Texas
19964,2024-09-10,702.1,commercial,New York
19965,2024-09-11,481.2,residential,Florida
19966,2024-09-12,677.6,commercial,Texas
19967,2024-09-13,368.3,residential,California
19968,2024-09-14,394.7,residential,Illinois
19969,2024-09-15,865.9,industrial,New York
19970,2024-09-16,855.0,industrial,Florida
19971,2024-09-17,638.0,commercial,Florida
19972,2024-09-18,795.1,industrial,California
19973,2024-09-19,977.7,industrial,Florida
19974,2024-09-20,396.2,residential,Georgia
19975,2024-09-21,797.3,industrial,Illinois
19976,2024-09-22,870.5,industrial,New York
19977,2024-09-23,596.4,commercial,Ohio
19978,2024-09-24,323.2,residential,Ohio
19979,2024-09-25,925.4,industrial,Texas
19980,2024-09-26,397.9,residential,California
19981,2024-09-27,659.2,commercial,New York
19982,2024-09-28,326.9,residential,Ohio
19983,2024-09-29,913.4,industrial,Illinois
19984,2024-09-30,349.7,residential,Texas
19985,2024-10-01,582.1,commercial,Texas
19986,2024-10-02,595.2,commercial,Texas
19987,2024-10-03,941.1,industrial,California
19988,2024-10-04,560.6,commercial,Illinois
19989,2024-10-05,945.7,industrial,Georgia
19990,2024-10-06,359.0,residential,Georgia
19991,2024-10-07,920.2,industrial,Illinois
19992,2024-10-08,933.2,industrial,Georgia
19993,2024-10-09,718.8,commercial,Georgia
19994,2024-10-10,418.9,residential,New York
19995,2024-10-11,924.3,industrial,New York
19996,2024-10-12,972.0,industrial,Illinois
19997,2024-10-13,903.2,industrial,Florida
19998,2024-10-14,456.2,residential,Georgia
19999,2024-10-15,472.0,residential,Ohio
20000,2024-10-16,434.9,residential,Illinois
