dataset_id,date,value,sector,location
1,2020-01-01,402.25,residential,India
1,2020-01-02,375.77,residential,India
1,2020-01-03,397.45,residential,India
1,2020-01-04,430.32,residential,India
1,2020-01-05,407.77,residential,India
1,2020-01-06,409.59,residential,India
1,2020-01-07,415.77,residential,India
1,2020-01-08,420.41,residential,India
1,2020-01-09,414.48,residential,India
1,2020-01-10,364.74,residential,India
1,2020-01-11,416.95,residential,India
1,2020-01-12,402.98,residential,India
1,2020-01-13,460.13,residential,India
1,2020-01-14,429.96,residential,India
1,2020-01-15,372.83,residential,India
1,2020-01-16,403.02,residential,India
1,2020-01-17,379.88,residential,India
1,2020-01-18,420.03,residential,India
1,2020-01-19,416.37,residential,India
1,2020-01-20,401.28,residential,India
1,2020-01-21,403.48,residential,India
1,2020-01-22,379.87,residential,India
1,2020-01-23,408.61,residential,India
1,2020-01-24,375.59,residential,India
1,2020-01-25,344.12,residential,India
1,2020-01-26,392.88,residential,India
1,2020-01-27,397.64,residential,India
1,2020-01-28,397.93,residential,India
1,2020-01-29,394.05,residential,India
1,2020-01-30,399.64,residential,India
1,2020-01-31,376.24,residential,India
1,2020-02-01,438.76,residential,India
1,2020-02-02,420.9,residential,India
1,2020-02-03,418.79,residential,India
1,2020-02-04,364.61,residential,India
1,2020-02-05,390.13,residential,India
1,2020-02-06,410.31,residential,India
1,2020-02-07,390.24,residential,India
1,2020-02-08,427.8,residential,India
1,2020-02-09,368.72,residential,India
1,2020-02-10,455.38,residential,India
1,2020-02-11,394.7,residential,India
1,2020-02-12,442.5,residential,India
1,2020-02-13,389.82,residential,India
1,2020-02-14,415.56,residential,India
1,2020-02-15,387.22,residential,India
1,2020-02-16,423.68,residential,India
1,2020-02-17,414.0,residential,India
1,2020-02-18,414.78,residential,India
1,2020-02-19,424.14,residential,India
1,2020-02-20,424.38,residential,India
1,2020-02-21,429.5,residential,India
1,2020-02-22,440.66,residential,India
1,2020-02-23,396.91,residential,India
1,2020-02-24,427.12,residential,India
1,2020-02-25,383.89,residential,India
1,2020-02-26,405.91,residential,India
1,2020-02-27,433.39,residential,India
1,2020-02-28,369.16,residential,India
1,2020-02-29,413.15,residential,India
1,2020-03-01,417.05,residential,India
1,2020-03-02,362.34,residential,India
1,2020-03-03,392.48,residential,India
1,2020-03-04,448.5,residential,India
1,2020-03-05,407.18,residential,India
1,2020-03-06,407.05,residential,India
1,2020-03-07,424.72,residential,India
1,2020-03-08,417.58,residential,India
1,2020-03-09,400.06,residential,India
1,2020-03-10,405.12,residential,India
1,2020-03-11,417.88,residential,India
1,2020-03-12,428.44,residential,India
1,2020-03-13,427.19,residential,India
1,2020-03-14,424.58,residential,India
1,2020-03-15,425.89,residential,India
1,2020-03-16,392.82,residential,India
1,2020-03-17,389.34,residential,India
1,2020-03-18,418.0,residential,India
1,2020-03-19,453.95,residential,India
1,2020-03-20,452.36,residential,India
1,2020-03-21,381.17,residential,India
1,2020-03-22,435.65,residential,India
1,2020-03-23,401.26,residential,India
1,2020-03-24,434.92,residential,India
1,2020-03-25,412.98,residential,India
1,2020-03-26,406.84,residential,India
1,2020-03-27,407.47,residential,India
1,2020-03-28,422.76,residential,India
1,2020-03-29,442.26,residential,India
1,2020-03-30,448.1,residential,India
1,2020-03-31,416.22,residential,India
1,2020-04-01,432.68,residential,India
1,2020-04-02,398.6,residential,India
1,2020-04-03,418.28,residential,India
1,2020-04-04,427.35,residential,India
1,2020-04-05,438.19,residential,India
1,2020-04-06,411.47,residential,India
1,2020-04-07,381.71,residential,India
1,2020-04-08,437.62,residential,India
1,2020-04-09,445.45,residential,India
1,2020-04-10,415.92,residential,India
1,2020-04-11,428.54,residential,India
1,2020-04-12,435.75,residential,India
1,2020-04-13,408.82,residential,India
1,2020-04-14,436.75,residential,India
1,2020-04-15,371.05,residential,India
1,2020-04-16,411.29,residential,India
1,2020-04-17,403.59,residential,India
1,2020-04-18,420.05,residential,India
1,2020-04-19,423.07,residential,India
1,2020-04-20,416.75,residential,India
1,2020-04-21,415.82,residential,India
1,2020-04-22,435.77,residential,India
1,2020-04-23,424.64,residential,India
1,2020-04-24,367.19,residential,India
1,2020-04-25,400.68,residential,India
1,2020-04-26,452.02,residential,India
1,2020-04-27,385.75,residential,India
1,2020-04-28,446.7,residential,India
1,2020-04-29,438.64,residential,India
1,2020-04-30,414.02,residential,India
1,2020-05-01,466.5,residential,India
1,2020-05-02,407.58,residential,India
1,2020-05-03,408.93,residential,India
1,2020-05-04,430.92,residential,India
1,2020-05-05,425.32,residential,India
1,2020-05-06,411.55,residential,India
1,2020-05-07,431.0,residential,India
1,2020-05-08,412.01,residential,India
1,2020-05-09,423.6,residential,India
1,2020-05-10,432.3,residential,India
1,2020-05-11,435.95,residential,India
1,2020-05-12,381.18,residential,India
1,2020-05-13,455.76,residential,India
1,2020-05-14,400.53,residential,India
1,2020-05-15,412.0,residential,India
1,2020-05-16,413.46,residential,India
1,2020-05-17,433.58,residential,India
1,2020-05-18,403.65,residential,India
1,2020-05-19,434.7,residential,India
1,2020-05-20,430.28,residential,India
1,2020-05-21,429.29,residential,India
1,2020-05-22,406.54,residential,India
1,2020-05-23,424.19,residential,India
1,2020-05-24,394.35,residential,India
1,2020-05-25,422.28,residential,India
1,2020-05-26,406.65,residential,India
1,2020-05-27,418.29,residential,India
1,2020-05-28,415.0,residential,India
1,2020-05-29,425.61,residential,India
1,2020-05-30,422.37,residential,India
1,2020-05-31,415.76,residential,India
1,2020-06-01,423.71,residential,India
1,2020-06-02,444.12,residential,India
1,2020-06-03,430.23,residential,India
1,2020-06-04,400.68,residential,India
1,2020-06-05,432.08,residential,India
1,2020-06-06,417.57,residential,India
1,2020-06-07,411.81,residential,India
1,2020-06-08,401.29,residential,India
1,2020-06-09,419.17,residential,India
1,2020-06-10,447.07,residential,India
1,2020-06-11,409.91,residential,India
1,2020-06-12,405.23,residential,India
1,2020-06-13,438.7,residential,India
1,2020-06-14,441.65,residential,India
1,2020-06-15,457.04,residential,India
1,2020-06-16,431.38,residential,India
1,2020-06-17,432.15,residential,India
1,2020-06-18,448.36,residential,India
1,2020-06-19,457.77,residential,India
1,2020-06-20,446.32,residential,India
1,2020-06-21,419.6,residential,India
1,2020-06-22,431.59,residential,India
1,2020-06-23,410.87,residential,India
1,2020-06-24,444.2,residential,India
1,2020-06-25,406.88,residential,India
1,2020-06-26,435.3,residential,India
1,2020-06-27,433.85,residential,India
1,2020-06-28,428.45,residential,India
1,2020-06-29,446.92,residential,India
1,2020-06-30,423.4,residential,India
1,2020-07-01,440.52,residential,India
1,2020-07-02,397.94,residential,India
1,2020-07-03,386.59,residential,India
1,2020-07-04,419.87,residential,India
1,2020-07-05,461.16,residential,India
1,2020-07-06,437.08,residential,India
1,2020-07-07,444.94,residential,India
1,2020-07-08,448.71,residential,India
1,2020-07-09,397.54,residential,India
1,2020-07-10,412.2,residential,India
1,2020-07-11,430.44,residential,India
1,2020-07-12,445.39,residential,India
1,2020-07-13,430.21,residential,India
1,2020-07-14,427.87,residential,India
1,2020-07-15,398.41,residential,India
1,2020-07-16,407.74,residential,India
1,2020-07-17,469.65,residential,India
1,2020-07-18,430.08,residential,India
1,2020-07-19,465.15,residential,India
1,2020-07-20,419.24,residential,India
1,2020-07-21,397.52,residential,India
1,2020-07-22,433.84,residential,India
1,2020-07-23,421.75,residential,India
1,2020-07-24,436.13,residential,India
1,2020-07-25,407.62,residential,India
1,2020-07-26,440.42,residential,India
1,2020-07-27,412.14,residential,India
1,2020-07-28,440.76,residential,India
1,2020-07-29,431.21,residential,India
1,2020-07-30,442.39,residential,India
1,2020-07-31,435.8,residential,India
1,2020-08-01,445.66,residential,India
1,2020-08-02,438.47,residential,India
1,2020-08-03,489.74,residential,India
1,2020-08-04,437.68,residential,India
1,2020-08-05,432.91,residential,India
1,2020-08-06,442.08,residential,India
1,2020-08-07,416.52,residential,India
1,2020-08-08,411.15,residential,India
1,2020-08-09,427.01,residential,India
1,2020-08-10,457.61,residential,India
1,2020-08-11,416.46,residential,India
1,2020-08-12,435.69,residential,India
1,2020-08-13,421.79,residential,India
1,2020-08-14,402.68,residential,India
1,2020-08-15,464.38,residential,India
1,2020-08-16,469.96,residential,India
1,2020-08-17,433.29,residential,India
1,2020-08-18,431.99,residential,India
1,2020-08-19,446.61,residential,India
1,2020-08-20,422.15,residential,India
1,2020-08-21,437.43,residential,India
1,2020-08-22,460.55,residential,India
1,2020-08-23,407.9,residential,India
1,2020-08-24,429.6,residential,India
1,2020-08-25,450.86,residential,India
1,2020-08-26,407.54,residential,India
1,2020-08-27,414.92,residential,India
1,2020-08-28,415.88,residential,India
1,2020-08-29,420.47,residential,India
1,2020-08-30,454.55,residential,India
1,2020-08-31,440.85,residential,India
1,2020-09-01,459.89,residential,India
1,2020-09-02,479.85,residential,India
1,2020-09-03,457.25,residential,India
1,2020-09-04,441.97,residential,India
1,2020-09-05,421.26,residential,India
1,2020-09-06,454.68,residential,India
1,2020-09-07,423.33,residential,India
1,2020-09-08,481.44,residential,India
1,2020-09-09,444.8,residential,India
1,2020-09-10,473.34,residential,India
1,2020-09-11,415.47,residential,India
1,2020-09-12,436.18,residential,India
1,2020-09-13,431.61,residential,India
1,2020-09-14,454.47,residential,India
1,2020-09-15,465.18,residential,India
1,2020-09-16,438.76,residential,India
1,2020-09-17,430.09,residential,India
1,2020-09-18,423.92,residential,India
1,2020-09-19,475.01,residential,India
1,2020-09-20,464.42,residential,India
1,2020-09-21,429.72,residential,India
1,2020-09-22,401.61,residential,India
1,2020-09-23,432.62,residential,India
1,2020-09-24,449.86,residential,India
1,2020-09-25,437.24,residential,India
1,2020-09-26,424.6,residential,India
1,2020-09-27,485.41,residential,India
1,2020-09-28,472.85,residential,India
1,2020-09-29,477.17,residential,India
1,2020-09-30,444.46,residential,India
1,2020-10-01,429.03,residential,India
1,2020-10-02,430.0,residential,India
1,2020-10-03,469.96,residential,India
1,2020-10-04,449.69,residential,India
1,2020-10-05,446.77,residential,India
1,2020-10-06,441.91,residential,India
1,2020-10-07,425.27,residential,India
1,2020-10-08,445.41,residential,India
1,2020-10-09,456.05,residential,India
1,2020-10-10,467.31,residential,India
1,2020-10-11,465.33,residential,India
1,2020-10-12,441.79,residential,India
1,2020-10-13,423.97,residential,India
1,2020-10-14,459.61,residential,India
1,2020-10-15,434.63,residential,India
1,2020-10-16,435.49,residential,India
1,2020-10-17,455.81,residential,India
1,2020-10-18,505.73,residential,India
1,2020-10-19,460.05,residential,India
1,2020-10-20,451.93,residential,India
1,2020-10-21,468.18,residential,India
1,2020-10-22,448.51,residential,India
1,2020-10-23,446.62,residential,India
1,2020-10-24,468.69,residential,India
1,2020-10-25,453.55,residential,India
1,2020-10-26,438.98,residential,India
1,2020-10-27,446.73,residential,India
1,2020-10-28,434.15,residential,India
1,2020-10-29,467.29,residential,India
1,2020-10-30,453.73,residential,India
1,2020-10-31,415.57,residential,India
1,2020-11-01,457.93,residential,India
1,2020-11-02,414.81,residential,India
1,2020-11-03,438.8,residential,India
1,2020-11-04,463.03,residential,India
1,2020-11-05,447.35,residential,India
1,2020-11-06,448.95,residential,India
1,2020-11-07,452.88,residential,India
1,2020-11-08,431.32,residential,India
1,2020-11-09,462.37,residential,India
1,2020-11-10,424.53,residential,India
1,2020-11-11,444.6,residential,India
1,2020-11-12,467.35,residential,India
1,2020-11-13,449.55,residential,India
1,2020-11-14,406.91,residential,India
1,2020-11-15,477.16,residential,India
1,2020-11-16,475.56,residential,India
1,2020-11-17,470.13,residential,India
1,2020-11-18,414.63,residential,India
1,2020-11-19,449.05,residential,India
1,2020-11-20,479.5,residential,India
1,2020-11-21,458.95,residential,India
1,2020-11-22,434.42,residential,India
1,2020-11-23,429.6,residential,India
1,2020-11-24,416.37,residential,India
1,2020-11-25,446.67,residential,India
1,2020-11-26,471.99,residential,India
1,2020-11-27,447.85,residential,India
1,2020-11-28,451.24,residential,India
1,2020-11-29,487.84,residential,India
1,2020-11-30,482.68,residential,India
1,2020-12-01,479.48,residential,India
1,2020-12-02,440.96,residential,India
1,2020-12-03,452.1,residential,India
1,2020-12-04,473.67,residential,India
1,2020-12-05,445.63,residential,India
1,2020-12-06,438.9,residential,India
1,2020-12-07,470.54,residential,India
1,2020-12-08,490.11,residential,India
1,2020-12-09,468.7,residential,India
1,2020-12-10,461.35,residential,India
1,2020-12-11,427.17,residential,India
1,2020-12-12,467.29,residential,India
1,2020-12-13,439.29,residential,India
1,2020-12-14,450.14,residential,India
1,2020-12-15,477.73,residential,India
1,2020-12-16,477.46,residential,India
1,2020-12-17,445.23,residential,India
1,2020-12-18,424.47,residential,India
1,2020-12-19,452.1,residential,India
1,2020-12-20,427.89,residential,India
1,2020-12-21,469.66,residential,India
1,2020-12-22,437.07,residential,India
1,2020-12-23,444.05,residential,India
1,2020-12-24,456.7,residential,India
1,2020-12-25,455.63,residential,India
1,2020-12-26,440.75,residential,India
1,2020-12-27,456.77,residential,India
1,2020-12-28,437.96,residential,India
1,2020-12-29,404.37,residential,India
1,2020-12-30,445.96,residential,India
1,2020-12-31,500.9,residential,India
1,2021-01-01,445.33,residential,India
1,2021-01-02,441.61,residential,India
1,2021-01-03,446.29,residential,India
1,2021-01-04,488.37,residential,India
1,2021-01-05,459.77,residential,India
1,2021-01-06,440.57,residential,India
1,2021-01-07,420.69,residential,India
1,2021-01-08,458.89,residential,India
1,2021-01-09,454.48,residential,India
1,2021-01-10,473.37,residential,India
1,2021-01-11,444.58,residential,India
1,2021-01-12,479.06,residential,India
1,2021-01-13,487.73,residential,India
1,2021-01-14,457.36,residential,India
1,2021-01-15,422.25,residential,India
1,2021-01-16,407.23,residential,India
1,2021-01-17,445.1,residential,India
1,2021-01-18,439.16,residential,India
1,2021-01-19,447.29,residential,India
1,2021-01-20,464.35,residential,India
1,2021-01-21,446.51,residential,India
1,2021-01-22,449.28,residential,India
1,2021-01-23,420.27,residential,India
1,2021-01-24,426.72,residential,India
1,2021-01-25,432.43,residential,India
1,2021-01-26,453.12,residential,India
1,2021-01-27,447.84,residential,India
1,2021-01-28,431.45,residential,India
1,2021-01-29,481.81,residential,India
1,2021-01-30,461.57,residential,India
1,2021-01-31,469.09,residential,India
1,2021-02-01,466.91,residential,India
1,2021-02-02,444.39,residential,India
1,2021-02-03,441.54,residential,India
1,2021-02-04,471.15,residential,India
1,2021-02-05,471.37,residential,India
1,2021-02-06,436.27,residential,India
1,2021-02-07,468.8,residential,India
1,2021-02-08,438.68,residential,India
1,2021-02-09,469.51,residential,India
1,2021-02-10,483.21,residential,India
1,2021-02-11,481.55,residential,India
1,2021-02-12,471.98,residential,India
1,2021-02-13,450.04,residential,India
1,2021-02-14,466.68,residential,India
1,2021-02-15,458.14,residential,India
1,2021-02-16,448.59,residential,India
1,2021-02-17,465.04,residential,India
1,2021-02-18,438.16,residential,India
1,2021-02-19,478.31,residential,India
1,2021-02-20,430.73,residential,India
1,2021-02-21,478.06,residential,India
1,2021-02-22,455.15,residential,India
1,2021-02-23,483.65,residential,India
1,2021-02-24,449.45,residential,India
1,2021-02-25,481.69,residential,India
1,2021-02-26,467.97,residential,India
1,2021-02-27,438.24,residential,India
1,2021-02-28,483.3,residential,India
1,2021-03-01,431.85,residential,India
1,2021-03-02,448.21,residential,India
1,2021-03-03,500.58,residential,India
1,2021-03-04,486.97,residential,India
1,2021-03-05,476.73,residential,India
1,2021-03-06,448.79,residential,India
1,2021-03-07,475.78,residential,India
1,2021-03-08,453.18,residential,India
1,2021-03-09,446.03,residential,India
1,2021-03-10,468.54,residential,India
1,2021-03-11,452.08,residential,India
1,2021-03-12,452.32,residential,India
1,2021-03-13,469.46,residential,India
1,2021-03-14,450.73,residential,India
1,2021-03-15,446.97,residential,India
1,2021-03-16,426.45,residential,India
1,2021-03-17,473.92,residential,India
1,2021-03-18,482.91,residential,India
1,2021-03-19,448.28,residential,India
1,2021-03-20,449.29,residential,India
1,2021-03-21,493.52,residential,India
1,2021-03-22,469.27,residential,India
1,2021-03-23,437.93,residential,India
1,2021-03-24,449.54,residential,India
1,2021-03-25,435.73,residential,India
1,2021-03-26,459.0,residential,India
1,2021-03-27,464.65,residential,India
1,2021-03-28,435.64,residential,India
1,2021-03-29,472.67,residential,India
1,2021-03-30,461.64,residential,India
1,2021-03-31,471.25,residential,India
1,2021-04-01,459.97,residential,India
1,2021-04-02,469.92,residential,India
1,2021-04-03,449.06,residential,India
1,2021-04-04,455.6,residential,India
1,2021-04-05,457.09,residential,India
1,2021-04-06,421.37,residential,India
1,2021-04-07,473.2,residential,India
1,2021-04-08,462.98,residential,India
1,2021-04-09,447.71,residential,India
1,2021-04-10,434.09,residential,India
1,2021-04-11,457.37,residential,India
1,2021-04-12,432.37,residential,India
1,2021-04-13,455.1,residential,India
1,2021-04-14,460.6,residential,India
1,2021-04-15,458.48,residential,India
1,2021-04-16,435.82,residential,India
1,2021-04-17,515.65,residential,India
1,2021-04-18,463.75,residential,India
1,2021-04-19,463.65,residential,India
1,2021-04-20,468.26,residential,India
1,2021-04-21,456.68,residential,India
1,2021-04-22,494.62,residential,India
1,2021-04-23,446.57,residential,India
1,2021-04-24,402.96,residential,India
1,2021-04-25,446.85,residential,India
1,2021-04-26,445.43,residential,India
1,2021-04-27,439.84,residential,India
1,2021-04-28,464.26,residential,India
1,2021-04-29,455.46,residential,India
1,2021-04-30,448.39,residential,India
1,2021-05-01,501.69,residential,India
1,2021-05-02,414.26,residential,India
1,2021-05-03,466.71,residential,India
1,2021-05-04,469.3,residential,India
1,2021-05-05,440.69,residential,India
1,2021-05-06,434.27,residential,India
1,2021-05-07,475.71,residential,India
1,2021-05-08,470.81,residential,India
1,2021-05-09,458.65,residential,India
1,2021-05-10,473.36,residential,India
1,2021-05-11,472.87,residential,India
1,2021-05-12,473.17,residential,India
1,2021-05-13,446.9,residential,India
1,2021-05-14,436.46,residential,India
1,2021-05-15,483.43,residential,India
1,2021-05-16,472.26,residential,India
1,2021-05-17,461.07,residential,India
1,2021-05-18,468.96,residential,India
1,2021-05-19,457.0,residential,India
1,2021-05-20,473.51,residential,India
1,2021-05-21,439.07,residential,India
1,2021-05-22,488.52,residential,India
1,2021-05-23,455.43,residential,India
1,2021-05-24,466.19,residential,India
1,2021-05-25,446.38,residential,India
1,2021-05-26,444.67,residential,India
1,2021-05-27,466.83,residential,India
1,2021-05-28,471.16,residential,India
1,2021-05-29,481.83,residential,India
1,2021-05-30,463.58,residential,India
1,2021-05-31,479.23,residential,India
1,2021-06-01,453.2,residential,India
1,2021-06-02,483.37,residential,India
1,2021-06-03,480.36,residential,India
1,2021-06-04,482.26,residential,India
1,2021-06-05,500.22,residential,India
1,2021-06-06,448.08,residential,India
1,2021-06-07,479.1,residential,India
1,2021-06-08,477.03,residential,India
1,2021-06-09,458.85,residential,India
1,2021-06-10,455.81,residential,India
1,2021-06-11,428.44,residential,India
1,2021-06-12,455.37,residential,India
1,2021-06-13,454.21,residential,India
1,2021-06-14,487.43,residential,India
1,2021-06-15,433.08,residential,India
1,2021-06-16,433.24,residential,India
1,2021-06-17,438.21,residential,India
1,2021-06-18,501.16,residential,India
1,2021-06-19,456.89,residential,India
1,2021-06-20,470.77,residential,India
1,2021-06-21,480.45,residential,India
1,2021-06-22,418.07,residential,India
1,2021-06-23,432.87,residential,India
1,2021-06-24,464.21,residential,India
1,2021-06-25,410.12,residential,India
1,2021-06-26,473.6,residential,India
1,2021-06-27,458.05,residential,India
1,2021-06-28,434.55,residential,India
1,2021-06-29,489.98,residential,India
1,2021-06-30,473.95,residential,India
1,2021-07-01,481.49,residential,India
1,2021-07-02,454.65,residential,India
1,2021-07-03,459.76,residential,India
1,2021-07-04,483.64,residential,India
1,2021-07-05,442.21,residential,India
1,2021-07-06,411.44,residential,India
1,2021-07-07,447.14,residential,India
1,2021-07-08,459.02,residential,India
1,2021-07-09,491.73,residential,India
1,2021-07-10,449.05,residential,India
1,2021-07-11,463.98,residential,India
1,2021-07-12,491.24,residential,India
1,2021-07-13,476.33,residential,India
1,2021-07-14,505.1,residential,India
1,2021-07-15,477.7,residential,India
1,2021-07-16,463.07,residential,India
1,2021-07-17,454.9,residential,India
1,2021-07-18,468.7,residential,India
1,2021-07-19,476.22,residential,India
1,2021-07-20,467.76,residential,India
1,2021-07-21,440.1,residential,India
1,2021-07-22,466.62,residential,India
1,2021-07-23,501.44,residential,India
1,2021-07-24,474.21,residential,India
1,2021-07-25,438.3,residential,India
1,2021-07-26,454.59,residential,India
1,2021-07-27,458.02,residential,India
1,2021-07-28,431.26,residential,India
1,2021-07-29,463.9,residential,India
1,2021-07-30,470.13,residential,India
1,2021-07-31,476.9,residential,India
1,2021-08-01,488.92,residential,India
1,2021-08-02,449.74,residential,India
1,2021-08-03,453.52,residential,India
1,2021-08-04,449.63,residential,India
1,2021-08-05,452.27,residential,India
1,2021-08-06,435.43,residential,India
1,2021-08-07,431.99,residential,India
1,2021-08-08,440.55,residential,India
1,2021-08-09,460.54,residential,India
1,2021-08-10,476.2,residential,India
1,2021-08-11,455.03,residential,India
1,2021-08-12,462.86,residential,India
1,2021-08-13,455.94,residential,India
1,2021-08-14,494.74,residential,India
1,2021-08-15,461.94,residential,India
1,2021-08-16,487.27,residential,India
1,2021-08-17,473.22,residential,India
1,2021-08-18,451.63,residential,India
1,2021-08-19,424.62,residential,India
1,2021-08-20,455.85,residential,India
1,2021-08-21,476.14,residential,India
1,2021-08-22,479.34,residential,India
1,2021-08-23,444.77,residential,India
1,2021-08-24,458.83,residential,India
1,2021-08-25,506.09,residential,India
1,2021-08-26,456.15,residential,India
1,2021-08-27,456.4,residential,India
1,2021-08-28,468.19,residential,India
1,2021-08-29,463.85,residential,India
1,2021-08-30,458.84,residential,India
1,2021-08-31,456.86,residential,India
1,2021-09-01,483.84,residential,India
1,2021-09-02,455.54,residential,India
1,2021-09-03,464.57,residential,India
1,2021-09-04,461.99,residential,India
1,2021-09-05,444.96,residential,India
1,2021-09-06,456.6,residential,India
1,2021-09-07,474.73,residential,India
1,2021-09-08,476.53,residential,India
1,2021-09-09,464.47,residential,India
1,2021-09-10,486.74,residential,India
1,2021-09-11,456.36,residential,India
1,2021-09-12,439.9,residential,India
1,2021-09-13,457.19,residential,India
1,2021-09-14,470.39,residential,India
1,2021-09-15,434.57,residential,India
1,2021-09-16,500.1,residential,India
1,2021-09-17,444.42,residential,India
1,2021-09-18,457.13,residential,India
1,2021-09-19,447.34,residential,India
1,2021-09-20,446.24,residential,India
1,2021-09-21,505.11,residential,India
1,2021-09-22,426.14,residential,India
1,2021-09-23,427.88,residential,India
1,2021-09-24,440.6,residential,India
1,2021-09-25,435.96,residential,India
1,2021-09-26,492.86,residential,India
1,2021-09-27,438.95,residential,India
1,2021-09-28,458.34,residential,India
1,2021-09-29,470.9,residential,India
1,2021-09-30,456.37,residential,India
1,2021-10-01,442.44,residential,India
1,2021-10-02,424.76,residential,India
1,2021-10-03,468.09,residential,India
1,2021-10-04,423.81,residential,India
1,2021-10-05,417.52,residential,India
1,2021-10-06,461.45,residential,India
1,2021-10-07,459.63,residential,India
1,2021-10-08,455.48,residential,India
1,2021-10-09,459.07,residential,India
1,2021-10-10,465.71,residential,India
1,2021-10-11,460.95,residential,India
1,2021-10-12,444.83,residential,India
1,2021-10-13,479.66,residential,India
1,2021-10-14,498.96,residential,India
1,2021-10-15,482.28,residential,India
1,2021-10-16,466.97,residential,India
1,2021-10-17,445.7,residential,India
1,2021-10-18,451.76,residential,India
1,2021-10-19,455.82,residential,India
1,2021-10-20,483.69,residential,India
1,2021-10-21,440.3,residential,India
1,2021-10-22,462.35,residential,India
1,2021-10-23,455.12,residential,India
1,2021-10-24,468.21,residential,India
1,2021-10-25,426.73,residential,India
1,2021-10-26,462.23,residential,India
1,2021-10-27,408.85,residential,India
1,2021-10-28,447.58,residential,India
1,2021-10-29,455.5,residential,India
1,2021-10-30,457.91,residential,India
1,2021-10-31,466.42,residential,India
1,2021-11-01,443.57,residential,India
1,2021-11-02,452.99,residential,India
1,2021-11-03,482.04,residential,India
1,2021-11-04,483.1,residential,India
1,2021-11-05,454.13,residential,India
1,2021-11-06,468.49,residential,India
1,2021-11-07,470.4,residential,India
1,2021-11-08,474.96,residential,India
1,2021-11-09,456.27,residential,India
1,2021-11-10,448.73,residential,India
1,2021-11-11,477.31,residential,India
1,2021-11-12,388.64,residential,India
1,2021-11-13,448.37,residential,India
1,2021-11-14,483.64,residential,India
1,2021-11-15,485.35,residential,India
1,2021-11-16,436.61,residential,India
1,2021-11-17,474.98,residential,India
1,2021-11-18,457.86,residential,India
1,2021-11-19,449.61,residential,India
1,2021-11-20,439.97,residential,India
1,2021-11-21,471.46,residential,India
1,2021-11-22,460.06,residential,India
1,2021-11-23,466.75,residential,India
1,2021-11-24,479.07,residential,India
1,2021-11-25,419.4,residential,India
1,2021-11-26,445.01,residential,India
1,2021-11-27,442.39,residential,India
1,2021-11-28,448.77,residential,India
1,2021-11-29,470.07,residential,India
1,2021-11-30,456.41,residential,India
1,2021-12-01,456.31,residential,India
1,2021-12-02,454.1,residential,India
1,2021-12-03,445.96,residential,India
1,2021-12-04,424.26,residential,India
1,2021-12-05,446.49,residential,India
1,2021-12-06,458.31,residential,India
1,2021-12-07,456.2,residential,India
1,2021-12-08,475.91,residential,India
1,2021-12-09,487.85,residential,India
1,2021-12-10,453.65,residential,India
1,2021-12-11,484.88,residential,India
1,2021-12-12,441.14,residential,India
1,2021-12-13,436.67,residential,India
1,2021-12-14,442.26,residential,India
1,2021-12-15,448.35,residential,India
1,2021-12-16,461.3,residential,India
1,2021-12-17,434.01,residential,India
1,2021-12-18,438.2,residential,India
1,2021-12-19,453.73,residential,India
1,2021-12-20,452.78,residential,India
1,2021-12-21,446.31,residential,India
1,2021-12-22,436.5,residential,India
1,2021-12-23,418.43,residential,India
1,2021-12-24,397.27,residential,India
1,2021-12-25,469.78,residential,India
1,2021-12-26,433.88,residential,India
1,2021-12-27,496.46,residential,India
1,2021-12-28,434.87,residential,India
1,2021-12-29,460.16,residential,India
1,2021-12-30,448.57,residential,India
1,2021-12-31,441.69,residential,India
1,2022-01-01,447.06,residential,India
1,2022-01-02,468.28,residential,India
1,2022-01-03,446.29,residential,India
1,2022-01-04,451.1,residential,India
1,2022-01-05,474.35,residential,India
1,2022-01-06,467.88,residential,India
1,2022-01-07,478.81,residential,India
1,2022-01-08,413.22,residential,India
1,2022-01-09,471.9,residential,India
1,2022-01-10,427.79,residential,India
1,2022-01-11,458.41,residential,India
1,2022-01-12,473.67,residential,India
1,2022-01-13,477.17,residential,India
1,2022-01-14,462.16,residential,India
1,2022-01-15,443.3,residential,India
1,2022-01-16,483.46,residential,India
1,2022-01-17,458.23,residential,India
1,2022-01-18,444.0,residential,India
1,2022-01-19,442.44,residential,India
1,2022-01-20,454.61,residential,India
1,2022-01-21,459.02,residential,India
1,2022-01-22,466.92,residential,India
1,2022-01-23,446.41,residential,India
1,2022-01-24,466.38,residential,India
1,2022-01-25,439.06,residential,India
1,2022-01-26,460.94,residential,India
1,2022-01-27,439.15,residential,India
1,2022-01-28,454.7,residential,India
1,2022-01-29,456.3,residential,India
1,2022-01-30,456.4,residential,India
1,2022-01-31,433.97,residential,India
1,2022-02-01,463.59,residential,India
1,2022-02-02,407.27,residential,India
1,2022-02-03,420.57,residential,India
1,2022-02-04,455.82,residential,India
1,2022-02-05,446.78,residential,India
1,2022-02-06,472.83,residential,India
1,2022-02-07,420.59,residential,India
1,2022-02-08,456.76,residential,India
1,2022-02-09,471.11,residential,India
1,2022-02-10,454.72,residential,India
1,2022-02-11,416.61,residential,India
1,2022-02-12,435.86,residential,India
1,2022-02-13,469.74,residential,India
1,2022-02-14,442.19,residential,India
1,2022-02-15,438.98,residential,India
1,2022-02-16,433.17,residential,India
1,2022-02-17,460.6,residential,India
1,2022-02-18,453.6,residential,India
1,2022-02-19,468.47,residential,India
1,2022-02-20,464.38,residential,India
1,2022-02-21,445.66,residential,India
1,2022-02-22,452.41,residential,India
1,2022-02-23,456.63,residential,India
1,2022-02-24,445.48,residential,India
1,2022-02-25,432.18,residential,India
1,2022-02-26,443.12,residential,India
1,2022-02-27,463.89,residential,India
1,2022-02-28,423.62,residential,India
1,2022-03-01,445.86,residential,India
1,2022-03-02,464.59,residential,India
1,2022-03-03,455.84,residential,India
1,2022-03-04,469.52,residential,India
1,2022-03-05,429.2,residential,India
1,2022-03-06,444.51,residential,India
1,2022-03-07,429.92,residential,India
1,2022-03-08,455.44,residential,India
1,2022-03-09,430.2,residential,India
1,2022-03-10,439.18,residential,India
1,2022-03-11,445.14,residential,India
1,2022-03-12,448.62,residential,India
1,2022-03-13,432.1,residential,India
1,2022-03-14,459.88,residential,India
1,2022-03-15,463.89,residential,India
1,2022-03-16,460.16,residential,India
1,2022-03-17,440.21,residential,India
1,2022-03-18,443.01,residential,India
1,2022-03-19,439.94,residential,India
1,2022-03-20,456.71,residential,India
1,2022-03-21,481.48,residential,India
1,2022-03-22,397.28,residential,India
1,2022-03-23,451.72,residential,India
1,2022-03-24,495.1,residential,India
1,2022-03-25,413.92,residential,India
1,2022-03-26,463.83,residential,India
1,2022-03-27,457.95,residential,India
1,2022-03-28,445.32,residential,India
1,2022-03-29,457.34,residential,India
1,2022-03-30,421.1,residential,India
1,2022-03-31,466.95,residential,India
1,2022-04-01,449.72,residential,India
1,2022-04-02,428.78,residential,India
1,2022-04-03,456.44,residential,India
1,2022-04-04,470.95,residential,India
1,2022-04-05,437.16,residential,India
1,2022-04-06,416.79,residential,India
1,2022-04-07,475.84,residential,India
1,2022-04-08,421.14,residential,India
1,2022-04-09,431.19,residential,India
1,2022-04-10,433.97,residential,India
1,2022-04-11,413.28,residential,India
1,2022-04-12,402.71,residential,India
1,2022-04-13,455.9,residential,India
1,2022-04-14,451.58,residential,India
1,2022-04-15,424.67,residential,India
1,2022-04-16,420.66,residential,India
1,2022-04-17,431.0,residential,India
1,2022-04-18,430.44,residential,India
1,2022-04-19,465.49,residential,India
1,2022-04-20,419.2,residential,India
1,2022-04-21,418.8,residential,India
1,2022-04-22,432.82,residential,India
1,2022-04-23,452.65,residential,India
1,2022-04-24,427.24,residential,India
1,2022-04-25,444.43,residential,India
1,2022-04-26,409.44,residential,India
1,2022-04-27,459.13,residential,India
1,2022-04-28,445.51,residential,India
1,2022-04-29,462.53,residential,India
1,2022-04-30,423.6,residential,India
1,2022-05-01,420.77,residential,India
1,2022-05-02,435.96,residential,India
1,2022-05-03,445.18,residential,India
1,2022-05-04,432.25,residential,India
1,2022-05-05,423.84,residential,India
1,2022-05-06,413.06,residential,India
1,2022-05-07,447.53,residential,India
1,2022-05-08,448.81,residential,India
1,2022-05-09,462.88,residential,India
1,2022-05-10,470.81,residential,India
1,2022-05-11,421.54,residential,India
1,2022-05-12,423.26,residential,India
1,2022-05-13,443.48,residential,India
1,2022-05-14,431.09,residential,India
1,2022-05-15,446.8,residential,India
1,2022-05-16,454.87,residential,India
1,2022-05-17,444.38,residential,India
1,2022-05-18,442.07,residential,India
1,2022-05-19,444.56,residential,India
1,2022-05-20,427.31,residential,India
1,2022-05-21,447.02,residential,India
1,2022-05-22,429.61,residential,India
1,2022-05-23,440.74,residential,India
1,2022-05-24,436.38,residential,India
1,2022-05-25,466.14,residential,India
1,2022-05-26,432.23,residential,India
1,2022-05-27,421.92,residential,India
1,2022-05-28,436.63,residential,India
1,2022-05-29,403.39,residential,India
1,2022-05-30,467.41,residential,India
1,2022-05-31,444.51,residential,India
1,2022-06-01,448.54,residential,India
1,2022-06-02,440.1,residential,India
1,2022-06-03,490.97,residential,India
1,2022-06-04,453.48,residential,India
1,2022-06-05,428.55,residential,India
1,2022-06-06,452.17,residential,India
1,2022-06-07,469.83,residential,India
1,2022-06-08,452.1,residential,India
1,2022-06-09,480.98,residential,India
1,2022-06-10,412.43,residential,India
1,2022-06-11,407.91,residential,India
1,2022-06-12,450.65,residential,India
1,2022-06-13,421.4,residential,India
1,2022-06-14,459.78,residential,India
1,2022-06-15,432.28,residential,India
1,2022-06-16,440.31,residential,India
1,2022-06-17,446.93,residential,India
1,2022-06-18,425.83,residential,India
1,2022-06-19,448.52,residential,India
1,2022-06-20,440.55,residential,India
1,2022-06-21,467.82,residential,India
1,2022-06-22,474.55,residential,India
1,2022-06-23,442.13,residential,India
1,2022-06-24,448.17,residential,India
1,2022-06-25,410.24,residential,India
1,2022-06-26,447.49,residential,India
1,2022-06-27,458.02,residential,India
1,2022-06-28,411.98,residential,India
1,2022-06-29,457.0,residential,India
1,2022-06-30,425.79,residential,India
1,2022-07-01,462.86,residential,India
1,2022-07-02,459.03,residential,India
1,2022-07-03,425.95,residential,India
1,2022-07-04,431.44,residential,India
1,2022-07-05,449.78,residential,India
1,2022-07-06,448.57,residential,India
1,2022-07-07,452.49,residential,India
1,2022-07-08,402.35,residential,India
1,2022-07-09,428.16,residential,India
1,2022-07-10,408.32,residential,India
1,2022-07-11,387.95,residential,India
1,2022-07-12,451.55,residential,India
1,2022-07-13,448.28,residential,India
1,2022-07-14,436.72,residential,India
1,2022-07-15,443.12,residential,India
1,2022-07-16,417.14,residential,India
1,2022-07-17,440.51,residential,India
1,2022-07-18,423.92,residential,India
1,2022-07-19,416.39,residential,India
1,2022-07-20,412.41,residential,India
1,2022-07-21,420.94,residential,India
1,2022-07-22,422.27,residential,India
1,2022-07-23,415.74,residential,India
1,2022-07-24,442.29,residential,India
1,2022-07-25,425.45,residential,India
1,2022-07-26,403.28,residential,India
1,2022-07-27,454.05,residential,India
1,2022-07-28,436.27,residential,India
1,2022-07-29,430.27,residential,India
1,2022-07-30,429.43,residential,India
1,2022-07-31,432.22,residential,India
1,2022-08-01,446.01,residential,India
1,2022-08-02,441.41,residential,India
1,2022-08-03,435.14,residential,India
1,2022-08-04,418.46,residential,India
1,2022-08-05,443.43,residential,India
1,2022-08-06,395.68,residential,India
1,2022-08-07,414.83,residential,India
1,2022-08-08,433.13,residential,India
1,2022-08-09,406.04,residential,India
1,2022-08-10,424.64,residential,India
1,2022-08-11,400.56,residential,India
1,2022-08-12,424.17,residential,India
1,2022-08-13,444.95,residential,India
1,2022-08-14,432.23,residential,India
1,2022-08-15,403.87,residential,India
1,2022-08-16,412.42,residential,India
1,2022-08-17,437.12,residential,India
1,2022-08-18,455.77,residential,India
1,2022-08-19,409.73,residential,India
1,2022-08-20,420.23,residential,India
1,2022-08-21,403.49,residential,India
1,2022-08-22,402.15,residential,India
1,2022-08-23,445.55,residential,India
1,2022-08-24,412.41,residential,India
1,2022-08-25,427.07,residential,India
1,2022-08-26,411.72,residential,India
1,2022-08-27,421.33,residential,India
1,2022-08-28,397.66,residential,India
1,2022-08-29,394.89,residential,India
1,2022-08-30,374.3,residential,India
1,2022-08-31,431.11,residential,India
1,2022-09-01,447.37,residential,India
1,2022-09-02,418.28,residential,India
1,2022-09-03,377.44,residential,India
1,2022-09-04,426.25,residential,India
1,2022-09-05,412.04,residential,India
1,2022-09-06,389.83,residential,India
1,2022-09-07,441.95,residential,India
1,2022-09-08,467.07,residential,India
1,2022-09-09,424.52,residential,India
1,2022-09-10,385.7,residential,India
1,2022-09-11,401.93,residential,India
1,2022-09-12,442.25,residential,India
1,2022-09-13,379.96,residential,India
1,2022-09-14,431.14,residential,India
1,2022-09-15,420.94,residential,India
1,2022-09-16,430.72,residential,India
1,2022-09-17,413.16,residential,India
1,2022-09-18,453.93,residential,India
1,2022-09-19,430.92,residential,India
1,2022-09-20,386.25,residential,India
1,2022-09-21,431.63,residential,India
1,2022-09-22,441.13,residential,India
1,2022-09-23,412.36,residential,India
1,2022-09-24,415.25,residential,India
1,2022-09-25,416.02,residential,India
1,2022-09-26,401.12,residential,India
1,2022-09-27,434.95,residential,India
1,2022-09-28,420.63,residential,India
1,2022-09-29,402.08,residential,India
1,2022-09-30,426.01,residential,India
1,2022-10-01,449.67,residential,India
1,2022-10-02,437.16,residential,India
1,2022-10-03,437.91,residential,India
1,2022-10-04,441.66,residential,India
1,2022-10-05,424.75,residential,India
1,2022-10-06,400.24,residential,India
1,2022-10-07,412.6,residential,India
1,2022-10-08,443.61,residential,India
1,2022-10-09,427.45,residential,India
1,2022-10-10,441.99,residential,India
1,2022-10-11,414.59,residential,India
1,2022-10-12,464.06,residential,India
1,2022-10-13,396.89,residential,India
1,2022-10-14,396.93,residential,India
1,2022-10-15,411.56,residential,India
1,2022-10-16,437.97,residential,India
1,2022-10-17,411.36,residential,India
1,2022-10-18,420.53,residential,India
1,2022-10-19,463.04,residential,India
1,2022-10-20,435.88,residential,India
1,2022-10-21,386.7,residential,India
1,2022-10-22,447.0,residential,India
1,2022-10-23,400.78,residential,India
1,2022-10-24,420.12,residential,India
1,2022-10-25,444.88,residential,India
1,2022-10-26,399.74,residential,India
1,2022-10-27,416.44,residential,India
1,2022-10-28,419.44,residential,India
1,2022-10-29,411.67,residential,India
1,2022-10-30,422.43,residential,India
1,2022-10-31,432.91,residential,India
1,2022-11-01,409.05,residential,India
1,2022-11-02,403.99,residential,India
1,2022-11-03,397.92,residential,India
1,2022-11-04,431.87,residential,India
1,2022-11-05,412.95,residential,India
1,2022-11-06,409.15,residential,India
1,2022-11-07,419.85,residential,India
1,2022-11-08,434.28,residential,India
1,2022-11-09,423.72,residential,India
1,2022-11-10,419.1,residential,India
1,2022-11-11,386.55,residential,India
1,2022-11-12,414.11,residential,India
1,2022-11-13,419.73,residential,India
1,2022-11-14,373.95,residential,India
1,2022-11-15,400.11,residential,India
1,2022-11-16,414.68,residential,India
1,2022-11-17,412.75,residential,India
1,2022-11-18,421.81,residential,India
1,2022-11-19,441.14,residential,India
1,2022-11-20,396.99,residential,India
1,2022-11-21,380.96,residential,India
1,2022-11-22,408.85,residential,India
1,2022-11-23,394.22,residential,India
1,2022-11-24,433.23,residential,India
1,2022-11-25,417.63,residential,India
1,2022-11-26,394.18,residential,India
1,2022-11-27,399.71,residential,India
1,2022-11-28,383.22,residential,India
1,2022-11-29,404.06,residential,India
1,2022-11-30,425.1,residential,India
1,2022-12-01,401.35,residential,India
1,2022-12-02,407.33,residential,India
1,2022-12-03,453.27,residential,India
1,2022-12-04,431.91,residential,India
1,2022-12-05,410.9,residential,India
1,2022-12-06,401.11,residential,India
1,2022-12-07,435.96,residential,India
1,2022-12-08,411.73,residential,India
1,2022-12-09,397.88,residential,India
1,2022-12-10,391.9,residential,India
1,2022-12-11,440.27,residential,India
1,2022-12-12,392.64,residential,India
1,2022-12-13,417.12,residential,India
1,2022-12-14,413.54,residential,India
1,2022-12-15,419.65,residential,India
1,2022-12-16,380.0,residential,India
1,2022-12-17,422.05,residential,India
1,2022-12-18,422.67,residential,India
1,2022-12-19,457.11,residential,India
1,2022-12-20,402.35,residential,India
1,2022-12-21,439.14,residential,India
1,2022-12-22,417.87,residential,India
1,2022-12-23,395.63,residential,India
1,2022-12-24,415.23,residential,India
1,2022-12-25,389.91,residential,India
1,2022-12-26,415.91,residential,India
1,2022-12-27,422.12,residential,India
1,2022-12-28,377.62,residential,India
1,2022-12-29,400.62,residential,India
1,2022-12-30,401.71,residential,India
1,2022-12-31,410.73,residential,India
1,2023-01-01,419.65,residential,India
1,2023-01-02,418.03,residential,India
1,2023-01-03,375.9,residential,India
1,2023-01-04,405.49,residential,India
1,2023-01-05,419.03,residential,India
1,2023-01-06,366.84,residential,India
1,2023-01-07,423.93,residential,India
1,2023-01-08,390.24,residential,India
1,2023-01-09,423.58,residential,India
1,2023-01-10,383.69,residential,India
1,2023-01-11,427.23,residential,India
1,2023-01-12,420.19,residential,India
1,2023-01-13,430.04,residential,India
1,2023-01-14,403.1,residential,India
1,2023-01-15,390.05,residential,India
1,2023-01-16,383.45,residential,India
1,2023-01-17,422.28,residential,India
1,2023-01-18,408.66,residential,India
1,2023-01-19,424.42,residential,India
1,2023-01-20,403.06,residential,India
1,2023-01-21,378.54,residential,India
1,2023-01-22,381.92,residential,India
1,2023-01-23,397.0,residential,India
1,2023-01-24,389.08,residential,India
1,2023-01-25,383.63,residential,India
1,2023-01-26,411.41,residential,India
1,2023-01-27,405.44,residential,India
1,2023-01-28,403.81,residential,India
1,2023-01-29,410.23,residential,India
1,2023-01-30,379.53,residential,India
1,2023-01-31,385.03,residential,India
1,2023-02-01,410.2,residential,India
1,2023-02-02,383.89,residential,India
1,2023-02-03,409.17,residential,India
1,2023-02-04,406.69,residential,India
1,2023-02-05,406.04,residential,India
1,2023-02-06,412.12,residential,India
1,2023-02-07,406.35,residential,India
1,2023-02-08,394.17,residential,India
1,2023-02-09,385.35,residential,India
1,2023-02-10,389.33,residential,India
1,2023-02-11,377.15,residential,India
1,2023-02-12,436.7,residential,India
1,2023-02-13,400.07,residential,India
1,2023-02-14,366.3,residential,India
1,2023-02-15,411.81,residential,India
1,2023-02-16,389.62,residential,India
1,2023-02-17,412.05,residential,India
1,2023-02-18,404.76,residential,India
1,2023-02-19,398.79,residential,India
1,2023-02-20,428.14,residential,India
1,2023-02-21,374.47,residential,India
1,2023-02-22,410.11,residential,India
1,2023-02-23,404.32,residential,India
1,2023-02-24,400.51,residential,India
1,2023-02-25,423.9,residential,India
1,2023-02-26,379.68,residential,India
1,2023-02-27,427.86,residential,India
1,2023-02-28,335.98,residential,India
1,2023-03-01,447.28,residential,India
1,2023-03-02,406.45,residential,India
1,2023-03-03,360.28,residential,India
1,2023-03-04,384.33,residential,India
1,2023-03-05,417.55,residential,India
1,2023-03-06,412.16,residential,India
1,2023-03-07,376.25,residential,India
1,2023-03-08,398.22,residential,India
1,2023-03-09,375.23,residential,India
1,2023-03-10,414.96,residential,India
1,2023-03-11,405.58,residential,India
1,2023-03-12,375.28,residential,India
1,2023-03-13,392.88,residential,India
1,2023-03-14,450.96,residential,India
1,2023-03-15,395.02,residential,India
1,2023-03-16,446.41,residential,India
1,2023-03-17,408.12,residential,India
1,2023-03-18,423.23,residential,India
1,2023-03-19,400.13,residential,India
1,2023-03-20,408.62,residential,India
1,2023-03-21,425.66,residential,India
1,2023-03-22,382.33,residential,India
1,2023-03-23,384.91,residential,India
1,2023-03-24,383.61,residential,India
1,2023-03-25,380.71,residential,India
1,2023-03-26,404.6,residential,India
1,2023-03-27,410.72,residential,India
1,2023-03-28,398.46,residential,India
1,2023-03-29,403.19,residential,India
1,2023-03-30,408.22,residential,India
1,2023-03-31,370.14,residential,India
1,2023-04-01,394.14,residential,India
1,2023-04-02,385.13,residential,India
1,2023-04-03,384.7,residential,India
1,2023-04-04,373.13,residential,India
1,2023-04-05,436.5,residential,India
1,2023-04-06,381.18,residential,India
1,2023-04-07,374.68,residential,India
1,2023-04-08,406.98,residential,India
1,2023-04-09,393.58,residential,India
1,2023-04-10,412.42,residential,India
1,2023-04-11,392.67,residential,India
1,2023-04-12,387.45,residential,India
1,2023-04-13,390.27,residential,India
1,2023-04-14,385.07,residential,India
1,2023-04-15,406.81,residential,India
1,2023-04-16,371.17,residential,India
1,2023-04-17,414.58,residential,India
1,2023-04-18,400.24,residential,India
1,2023-04-19,409.24,residential,India
1,2023-04-20,402.57,residential,India
1,2023-04-21,390.58,residential,India
1,2023-04-22,380.94,residential,India
1,2023-04-23,377.96,residential,India
1,2023-04-24,384.66,residential,India
1,2023-04-25,422.82,residential,India
1,2023-04-26,351.43,residential,India
1,2023-04-27,405.45,residential,India
1,2023-04-28,390.79,residential,India
1,2023-04-29,372.34,residential,India
1,2023-04-30,390.81,residential,India
1,2023-05-01,397.51,residential,India
1,2023-05-02,407.86,residential,India
1,2023-05-03,428.16,residential,India
1,2023-05-04,394.35,residential,India
1,2023-05-05,363.44,residential,India
1,2023-05-06,376.88,residential,India
1,2023-05-07,407.58,residential,India
1,2023-05-08,361.11,residential,India
1,2023-05-09,390.98,residential,India
1,2023-05-10,392.1,residential,India
1,2023-05-11,442.9,residential,India
1,2023-05-12,417.0,residential,India
1,2023-05-13,385.14,residential,India
1,2023-05-14,382.12,residential,India
1,2023-05-15,439.98,residential,India
1,2023-05-16,352.34,residential,India
1,2023-05-17,406.78,residential,India
1,2023-05-18,446.58,residential,India
1,2023-05-19,414.57,residential,India
1,2023-05-20,363.69,residential,India
1,2023-05-21,372.25,residential,India
1,2023-05-22,399.69,residential,India
1,2023-05-23,372.56,residential,India
1,2023-05-24,405.72,residential,India
1,2023-05-25,439.78,residential,India
1,2023-05-26,372.94,residential,India
1,2023-05-27,366.21,residential,India
1,2023-05-28,385.41,residential,India
1,2023-05-29,375.49,residential,India
1,2023-05-30,381.4,residential,India
1,2023-05-31,366.37,residential,India
1,2023-06-01,387.6,residential,India
1,2023-06-02,401.09,residential,India
1,2023-06-03,393.84,residential,India
1,2023-06-04,407.05,residential,India
1,2023-06-05,420.99,residential,India
1,2023-06-06,395.87,residential,India
1,2023-06-07,392.12,residential,India
1,2023-06-08,375.57,residential,India
1,2023-06-09,344.9,residential,India
1,2023-06-10,382.5,residential,India
1,2023-06-11,381.55,residential,India
1,2023-06-12,379.93,residential,India
1,2023-06-13,402.87,residential,India
1,2023-06-14,411.22,residential,India
1,2023-06-15,422.69,residential,India
1,2023-06-16,352.85,residential,India
1,2023-06-17,361.58,residential,India
1,2023-06-18,421.08,residential,India
1,2023-06-19,382.68,residential,India
1,2023-06-20,417.37,residential,India
1,2023-06-21,366.92,residential,India
1,2023-06-22,349.11,residential,India
1,2023-06-23,389.87,residential,India
1,2023-06-24,375.73,residential,India
1,2023-06-25,399.83,residential,India
1,2023-06-26,388.37,residential,India
1,2023-06-27,396.14,residential,India
1,2023-06-28,402.0,residential,India
1,2023-06-29,388.45,residential,India
1,2023-06-30,398.25,residential,India
1,2023-07-01,368.93,residential,India
1,2023-07-02,381.08,residential,India
1,2023-07-03,394.18,residential,India
1,2023-07-04,432.53,residential,India
1,2023-07-05,344.93,residential,India
1,2023-07-06,343.84,residential,India
1,2023-07-07,400.83,residential,India
1,2023-07-08,407.29,residential,India
1,2023-07-09,354.21,residential,India
1,2023-07-10,373.98,residential,India
1,2023-07-11,391.02,residential,India
1,2023-07-12,396.94,residential,India
1,2023-07-13,356.82,residential,India
1,2023-07-14,390.48,residential,India
1,2023-07-15,373.97,residential,India
1,2023-07-16,372.06,residential,India
1,2023-07-17,371.39,residential,India
1,2023-07-18,378.09,residential,India
1,2023-07-19,369.75,residential,India
1,2023-07-20,379.42,residential,India
1,2023-07-21,379.84,residential,India
1,2023-07-22,383.39,residential,India
1,2023-07-23,398.4,residential,India
1,2023-07-24,388.72,residential,India
1,2023-07-25,349.52,residential,India
1,2023-07-26,378.68,residential,India
1,2023-07-27,361.64,residential,India
1,2023-07-28,348.84,residential,India
1,2023-07-29,365.66,residential,India
1,2023-07-30,375.74,residential,India
1,2023-07-31,415.33,residential,India
1,2023-08-01,370.21,residential,India
1,2023-08-02,335.4,residential,India
1,2023-08-03,373.48,residential,India
1,2023-08-04,380.45,residential,India
1,2023-08-05,362.87,residential,India
1,2023-08-06,360.14,residential,India
1,2023-08-07,410.8,residential,India
1,2023-08-08,350.79,residential,India
1,2023-08-09,419.1,residential,India
1,2023-08-10,375.81,residential,India
1,2023-08-11,378.67,residential,India
1,2023-08-12,402.46,residential,India
1,2023-08-13,383.39,residential,India
1,2023-08-14,380.37,residential,India
1,2023-08-15,396.39,residential,India
1,2023-08-16,385.19,residential,India
1,2023-08-17,404.22,residential,India
1,2023-08-18,361.67,residential,India
1,2023-08-19,400.44,residential,India
1,2023-08-20,386.44,residential,India
1,2023-08-21,385.17,residential,India
1,2023-08-22,393.88,residential,India
1,2023-08-23,393.26,residential,India
1,2023-08-24,397.03,residential,India
1,2023-08-25,389.86,residential,India
1,2023-08-26,341.58,residential,India
1,2023-08-27,380.08,residential,India
1,2023-08-28,380.33,residential,India
1,2023-08-29,396.67,residential,India
1,2023-08-30,373.06,residential,India
1,2023-08-31,331.5,residential,India
1,2023-09-01,374.18,residential,India
1,2023-09-02,374.14,residential,India
1,2023-09-03,399.36,residential,India
1,2023-09-04,396.45,residential,India
1,2023-09-05,403.43,residential,India
1,2023-09-06,365.08,residential,India
1,2023-09-07,374.58,residential,India
1,2023-09-08,364.29,residential,India
1,2023-09-09,406.47,residential,India
1,2023-09-10,349.74,residential,India
1,2023-09-11,388.66,residential,India
1,2023-09-12,386.37,residential,India
1,2023-09-13,398.12,residential,India
1,2023-09-14,393.21,residential,India
1,2023-09-15,383.23,residential,India
1,2023-09-16,401.28,residential,India
1,2023-09-17,337.01,residential,India
1,2023-09-18,418.53,residential,India
1,2023-09-19,392.05,residential,India
1,2023-09-20,368.23,residential,India
1,2023-09-21,390.12,residential,India
1,2023-09-22,381.35,residential,India
1,2023-09-23,403.21,residential,India
1,2023-09-24,382.59,residential,India
1,2023-09-25,393.05,residential,India
1,2023-09-26,381.17,residential,India
1,2023-09-27,393.62,residential,India
1,2023-09-28,370.58,residential,India
1,2023-09-29,398.5,residential,India
1,2023-09-30,385.5,residential,India
1,2023-10-01,379.15,residential,India
1,2023-10-02,379.38,residential,India
1,2023-10-03,375.58,residential,India
1,2023-10-04,411.98,residential,India
1,2023-10-05,393.03,residential,India
1,2023-10-06,357.05,residential,India
1,2023-10-07,360.51,residential,India
1,2023-10-08,353.59,residential,India
1,2023-10-09,379.51,residential,India
1,2023-10-10,372.34,residential,India
1,2023-10-11,380.47,residential,India
1,2023-10-12,415.9,residential,India
1,2023-10-13,375.8,residential,India
1,2023-10-14,378.71,residential,India
1,2023-10-15,407.15,residential,India
1,2023-10-16,374.65,residential,India
1,2023-10-17,375.65,residential,India
1,2023-10-18,397.67,residential,India
1,2023-10-19,342.6,residential,India
1,2023-10-20,335.59,residential,India
1,2023-10-21,389.82,residential,India
1,2023-10-22,398.37,residential,India
1,2023-10-23,337.38,residential,India
1,2023-10-24,379.4,residential,India
1,2023-10-25,372.6,residential,India
1,2023-10-26,356.15,residential,India
1,2023-10-27,361.74,residential,India
1,2023-10-28,368.36,residential,India
1,2023-10-29,364.05,residential,India
1,2023-10-30,360.72,residential,India
1,2023-10-31,360.14,residential,India
1,2023-11-01,385.62,residential,India
1,2023-11-02,387.94,residential,India
1,2023-11-03,383.17,residential,India
1,2023-11-04,385.04,residential,India
1,2023-11-05,403.77,residential,India
1,2023-11-06,377.86,residential,India
1,2023-11-07,407.49,residential,India
1,2023-11-08,384.09,residential,India
1,2023-11-09,407.1,residential,India
1,2023-11-10,409.44,residential,India
1,2023-11-11,347.46,residential,India
1,2023-11-12,378.55,residential,India
1,2023-11-13,340.95,residential,India
1,2023-11-14,366.16,residential,India
1,2023-11-15,393.6,residential,India
1,2023-11-16,381.34,residential,India
1,2023-11-17,401.52,residential,India
1,2023-11-18,403.98,residential,India
1,2023-11-19,390.09,residential,India
1,2023-11-20,401.69,residential,India
1,2023-11-21,349.36,residential,India
1,2023-11-22,393.75,residential,India
1,2023-11-23,359.51,residential,India
1,2023-11-24,403.73,residential,India
1,2023-11-25,393.38,residential,India
1,2023-11-26,410.08,residential,India
1,2023-11-27,355.3,residential,India
1,2023-11-28,372.86,residential,India
1,2023-11-29,388.77,residential,India
1,2023-11-30,372.42,residential,India
1,2023-12-01,350.63,residential,India
1,2023-12-02,371.8,residential,India
1,2023-12-03,371.42,residential,India
1,2023-12-04,402.12,residential,India
1,2023-12-05,365.18,residential,India
1,2023-12-06,357.34,residential,India
1,2023-12-07,368.17,residential,India
1,2023-12-08,387.21,residential,India
1,2023-12-09,376.9,residential,India
1,2023-12-10,378.72,residential,India
1,2023-12-11,378.51,residential,India
1,2023-12-12,423.12,residential,India
1,2023-12-13,402.13,residential,India
1,2023-12-14,352.79,residential,India
1,2023-12-15,343.61,residential,India
1,2023-12-16,350.1,residential,India
1,2023-12-17,363.52,residential,India
1,2023-12-18,393.04,residential,India
1,2023-12-19,372.3,residential,India
1,2023-12-20,370.63,residential,India
1,2023-12-21,384.52,residential,India
1,2023-12-22,385.42,residential,India
1,2023-12-23,382.38,residential,India
1,2023-12-24,363.76,residential,India
1,2023-12-25,398.0,residential,India
1,2023-12-26,410.29,residential,India
1,2023-12-27,364.23,residential,India
1,2023-12-28,357.56,residential,India
1,2023-12-29,360.09,residential,India
1,2023-12-30,373.2,residential,India
1,2023-12-31,373.03,residential,India
1,2024-01-01,370.87,residential,India
1,2024-01-02,395.8,residential,India
1,2024-01-03,375.43,residential,India
1,2024-01-04,396.32,residential,India
1,2024-01-05,387.29,residential,India
1,2024-01-06,369.37,residential,India
1,2024-01-07,388.5,residential,India
1,2024-01-08,388.42,residential,India
1,2024-01-09,408.59,residential,India
1,2024-01-10,398.75,residential,India
1,2024-01-11,369.3,residential,India
1,2024-01-12,347.34,residential,India
1,2024-01-13,401.63,residential,India
1,2024-01-14,404.44,residential,India
1,2024-01-15,353.51,residential,India
1,2024-01-16,373.09,residential,India
1,2024-01-17,386.3,residential,India
1,2024-01-18,382.88,residential,India
1,2024-01-19,372.79,residential,India
1,2024-01-20,403.45,residential,India
1,2024-01-21,334.77,residential,India
1,2024-01-22,391.88,residential,India
1,2024-01-23,412.18,residential,India
1,2024-01-24,370.55,residential,India
1,2024-01-25,379.06,residential,India
1,2024-01-26,390.12,residential,India
1,2024-01-27,371.31,residential,India
1,2024-01-28,400.66,residential,India
1,2024-01-29,375.13,residential,India
1,2024-01-30,395.96,residential,India
1,2024-01-31,382.83,residential,India
1,2024-02-01,374.33,residential,India
1,2024-02-02,363.55,residential,India
1,2024-02-03,336.38,residential,India
1,2024-02-04,388.88,residential,India
1,2024-02-05,380.65,residential,India
1,2024-02-06,351.88,residential,India
1,2024-02-07,429.65,residential,India
1,2024-02-08,363.42,residential,India
1,2024-02-09,348.62,residential,India
1,2024-02-10,394.43,residential,India
1,2024-02-11,383.55,residential,India
1,2024-02-12,398.74,residential,India
1,2024-02-13,386.36,residential,India
1,2024-02-14,390.34,residential,India
1,2024-02-15,399.63,residential,India
1,2024-02-16,362.19,residential,India
1,2024-02-17,389.41,residential,India
1,2024-02-18,392.75,residential,India
1,2024-02-19,390.77,residential,India
1,2024-02-20,361.1,residential,India
1,2024-02-21,379.21,residential,India
1,2024-02-22,366.11,residential,India
1,2024-02-23,359.48,residential,India
1,2024-02-24,376.77,residential,India
1,2024-02-25,377.59,residential,India
1,2024-02-26,408.34,residential,India
1,2024-02-27,407.01,residential,India
1,2024-02-28,392.7,residential,India
1,2024-02-29,391.85,residential,India
1,2024-03-01,362.27,residential,India
1,2024-03-02,379.81,residential,India
1,2024-03-03,365.42,residential,India
1,2024-03-04,388.0,residential,India
1,2024-03-05,393.16,residential,India
1,2024-03-06,384.32,residential,India
1,2024-03-07,388.22,residential,India
1,2024-03-08,405.92,residential,India
1,2024-03-09,390.29,residential,India
1,2024-03-10,400.16,residential,India
1,2024-03-11,433.29,residential,India
1,2024-03-12,386.62,residential,India
1,2024-03-13,340.59,residential,India
1,2024-03-14,389.35,residential,India
1,2024-03-15,416.64,residential,India
1,2024-03-16,378.89,residential,India
1,2024-03-17,371.98,residential,India
1,2024-03-18,381.35,residential,India
1,2024-03-19,373.54,residential,India
1,2024-03-20,402.11,residential,India
1,2024-03-21,366.27,residential,India
1,2024-03-22,377.01,residential,India
1,2024-03-23,413.07,residential,India
1,2024-03-24,372.67,residential,India
1,2024-03-25,359.52,residential,India
1,2024-03-26,375.05,residential,India
1,2024-03-27,344.51,residential,India
1,2024-03-28,352.98,residential,India
1,2024-03-29,369.93,residential,India
1,2024-03-30,364.06,residential,India
1,2024-03-31,391.12,residential,India
1,2024-04-01,401.55,residential,India
1,2024-04-02,370.51,residential,India
1,2024-04-03,360.88,residential,India
1,2024-04-04,347.64,residential,India
1,2024-04-05,401.85,residential,India
1,2024-04-06,355.92,residential,India
1,2024-04-07,390.95,residential,India
1,2024-04-08,377.79,residential,India
1,2024-04-09,363.04,residential,India
1,2024-04-10,377.44,residential,India
1,2024-04-11,408.43,residential,India
1,2024-04-12,345.31,residential,India
1,2024-04-13,351.29,residential,India
1,2024-04-14,379.09,residential,India
1,2024-04-15,357.23,residential,India
1,2024-04-16,387.71,residential,India
1,2024-04-17,351.11,residential,India
1,2024-04-18,371.64,residential,India
1,2024-04-19,369.23,residential,India
1,2024-04-20,384.12,residential,India
1,2024-04-21,408.26,residential,India
1,2024-04-22,356.3,residential,India
1,2024-04-23,356.49,residential,India
1,2024-04-24,368.96,residential,India
1,2024-04-25,402.27,residential,India
1,2024-04-26,403.71,residential,India
1,2024-04-27,381.15,residential,India
1,2024-04-28,391.57,residential,India
1,2024-04-29,418.31,residential,India
1,2024-04-30,396.73,residential,India
1,2024-05-01,380.69,residential,India
1,2024-05-02,369.26,residential,India
1,2024-05-03,386.89,residential,India
1,2024-05-04,375.57,residential,India
1,2024-05-05,389.87,residential,India
1,2024-05-06,360.38,residential,India
1,2024-05-07,398.87,residential,India
1,2024-05-08,409.2,residential,India
1,2024-05-09,378.38,residential,India
1,2024-05-10,385.0,residential,India
1,2024-05-11,403.88,residential,India
1,2024-05-12,360.66,residential,India
1,2024-05-13,402.65,residential,India
1,2024-05-14,382.7,residential,India
1,2024-05-15,403.65,residential,India
1,2024-05-16,399.16,residential,India
1,2024-05-17,367.33,residential,India
1,2024-05-18,353.8,residential,India
1,2024-05-19,374.04,residential,India
1,2024-05-20,389.05,residential,India
1,2024-05-21,382.38,residential,India
1,2024-05-22,371.22,residential,India
1,2024-05-23,384.5,residential,India
1,2024-05-24,362.16,residential,India
1,2024-05-25,380.89,residential,India
1,2024-05-26,418.26,residential,India
1,2024-05-27,393.67,residential,India
1,2024-05-28,388.78,residential,India
1,2024-05-29,404.17,residential,India
1,2024-05-30,374.3,residential,India
1,2024-05-31,398.45,residential,India
1,2024-06-01,398.8,residential,India
1,2024-06-02,373.9,residential,India
1,2024-06-03,379.37,residential,India
1,2024-06-04,354.34,residential,India
1,2024-06-05,349.02,residential,India
1,2024-06-06,380.98,residential,India
1,2024-06-07,375.9,residential,India
1,2024-06-08,379.9,residential,India
1,2024-06-09,391.41,residential,India
1,2024-06-10,383.27,residential,India
1,2024-06-11,405.12,residential,India
1,2024-06-12,403.06,residential,India
1,2024-06-13,374.89,residential,India
1,2024-06-14,390.83,residential,India
1,2024-06-15,364.48,residential,India
1,2024-06-16,420.57,residential,India
1,2024-06-17,405.88,residential,India
1,2024-06-18,369.48,residential,India
1,2024-06-19,384.41,residential,India
1,2024-06-20,389.63,residential,India
1,2024-06-21,410.34,residential,India
1,2024-06-22,387.53,residential,India
1,2024-06-23,396.76,residential,India
1,2024-06-24,409.39,residential,India
1,2024-06-25,376.79,residential,India
1,2024-06-26,385.38,residential,India
1,2024-06-27,395.74,residential,India
1,2024-06-28,387.89,residential,India
1,2024-06-29,376.16,residential,India
1,2024-06-30,403.48,residential,India
1,2024-07-01,371.09,residential,India
1,2024-07-02,391.53,residential,India
1,2024-07-03,397.52,residential,India
1,2024-07-04,369.57,residential,India
1,2024-07-05,413.32,residential,India
1,2024-07-06,388.25,residential,India
1,2024-07-07,381.6,residential,India
1,2024-07-08,377.19,residential,India
1,2024-07-09,344.39,residential,India
1,2024-07-10,344.23,residential,India
1,2024-07-11,396.28,residential,India
1,2024-07-12,375.63,residential,India
1,2024-07-13,403.89,residential,India
1,2024-07-14,374.74,residential,India
1,2024-07-15,365.12,residential,India
1,2024-07-16,407.52,residential,India
1,2024-07-17,399.14,residential,India
1,2024-07-18,402.05,residential,India
1,2024-07-19,417.7,residential,India
1,2024-07-20,385.74,residential,India
1,2024-07-21,379.33,residential,India
1,2024-07-22,375.66,residential,India
1,2024-07-23,384.45,residential,India
1,2024-07-24,421.95,residential,India
1,2024-07-25,372.04,residential,India
1,2024-07-26,380.69,residential,India
1,2024-07-27,390.39,residential,India
1,2024-07-28,363.39,residential,India
1,2024-07-29,389.56,residential,India
1,2024-07-30,441.55,residential,India
1,2024-07-31,405.13,residential,India
1,2024-08-01,388.09,residential,India
1,2024-08-02,372.25,residential,India
1,2024-08-03,366.78,residential,India
1,2024-08-04,393.91,residential,India
1,2024-08-05,404.28,residential,India
1,2024-08-06,404.84,residential,India
1,2024-08-07,359.57,residential,India
1,2024-08-08,376.01,residential,India
1,2024-08-09,382.11,residential,India
1,2024-08-10,366.8,residential,India
1,2024-08-11,358.68,residential,India
1,2024-08-12,422.75,residential,India
1,2024-08-13,363.44,residential,India
1,2024-08-14,358.72,residential,India
1,2024-08-15,388.81,residential,India
1,2024-08-16,378.3,residential,India
1,2024-08-17,394.64,residential,India
1,2024-08-18,414.99,residential,India
1,2024-08-19,408.69,residential,India
1,2024-08-20,396.72,residential,India
1,2024-08-21,410.46,residential,India
1,2024-08-22,396.14,residential,India
1,2024-08-23,397.48,residential,India
1,2024-08-24,417.44,residential,India
1,2024-08-25,435.78,residential,India
1,2024-08-26,409.12,residential,India
1,2024-08-27,409.57,residential,India
1,2024-08-28,373.15,residential,India
1,2024-08-29,372.54,residential,India
1,2024-08-30,379.72,residential,India
1,2024-08-31,384.24,residential,India
1,2024-09-01,375.13,residential,India
1,2024-09-02,399.29,residential,India
1,2024-09-03,392.59,residential,India
1,2024-09-04,416.31,residential,India
1,2024-09-05,401.41,residential,India
1,2024-09-06,394.39,residential,India
1,2024-09-07,397.19,residential,India
1,2024-09-08,407.89,residential,India
1,2024-09-09,399.44,residential,India
1,2024-09-10,380.6,residential,India
1,2024-09-11,395.96,residential,India
1,2024-09-12,357.54,residential,India
1,2024-09-13,396.93,residential,India
1,2024-09-14,407.41,residential,India
1,2024-09-15,382.75,residential,India
1,2024-09-16,381.89,residential,India
1,2024-09-17,392.7,residential,India
1,2024-09-18,389.42,residential,India
1,2024-09-19,406.51,residential,India
1,2024-09-20,402.26,residential,India
1,2024-09-21,396.87,residential,India
1,2024-09-22,405.26,residential,India
1,2024-09-23,409.55,residential,India
1,2024-09-24,410.24,residential,India
1,2024-09-25,363.37,residential,India
1,2024-09-26,426.78,residential,India
1,2024-09-27,388.84,residential,India
1,2024-09-28,394.54,residential,India
1,2024-09-29,384.92,residential,India
1,2024-09-30,390.57,residential,India
1,2024-10-01,394.85,residential,India
1,2024-10-02,388.38,residential,India
1,2024-10-03,415.0,residential,India
1,2024-10-04,393.26,residential,India
1,2024-10-05,399.1,residential,India
1,2024-10-06,368.47,residential,India
1,2024-10-07,413.11,residential,India
1,2024-10-08,406.9,residential,India
1,2024-10-09,424.09,residential,India
1,2024-10-10,423.0,residential,India
1,2024-10-11,392.11,residential,India
1,2024-10-12,403.93,residential,India
1,2024-10-13,411.86,residential,India
1,2024-10-14,404.2,residential,India
1,2024-10-15,402.66,residential,India
1,2024-10-16,375.56,residential,India
1,2024-10-17,391.98,residential,India
1,2024-10-18,436.35,residential,India
1,2024-10-19,386.91,residential,India
1,2024-10-20,386.49,residential,India
1,2024-10-21,369.74,residential,India
1,2024-10-22,383.23,residential,India
1,2024-10-23,405.28,residential,India
1,2024-10-24,403.07,residential,India
1,2024-10-25,399.74,residential,India
1,2024-10-26,410.27,residential,India
1,2024-10-27,406.94,residential,India
1,2024-10-28,390.91,residential,India
1,2024-10-29,416.29,residential,India
1,2024-10-30,405.09,residential,India
1,2024-10-31,394.03,residential,India
1,2024-11-01,388.49,residential,India
1,2024-11-02,405.5,residential,India
1,2024-11-03,410.96,residential,India
1,2024-11-04,378.35,residential,India
1,2024-11-05,373.89,residential,India
1,2024-11-06,435.92,residential,India
1,2024-11-07,398.03,residential,India
1,2024-11-08,420.66,residential,India
1,2024-11-09,408.98,residential,India
1,2024-11-10,411.82,residential,India
1,2024-11-11,396.52,residential,India
1,2024-11-12,404.22,residential,India
1,2024-11-13,374.3,residential,India
1,2024-11-14,387.48,residential,India
1,2024-11-15,361.62,residential,India
1,2024-11-16,444.21,residential,India
1,2024-11-17,426.03,residential,India
1,2024-11-18,402.98,residential,India
1,2024-11-19,405.96,residential,India
1,2024-11-20,377.07,residential,India
1,2024-11-21,405.18,residential,India
1,2024-11-22,412.26,residential,India
1,2024-11-23,359.83,residential,India
1,2024-11-24,428.63,residential,India
1,2024-11-25,385.93,residential,India
1,2024-11-26,407.28,residential,India
1,2024-11-27,415.62,residential,India
1,2024-11-28,417.66,residential,India
1,2024-11-29,384.59,residential,India
1,2024-11-30,379.67,residential,India
1,2024-12-01,384.63,residential,India
1,2024-12-02,369.56,residential,India
1,2024-12-03,387.76,residential,India
1,2024-12-04,425.84,residential,India
1,2024-12-05,403.78,residential,India
1,2024-12-06,399.72,residential,India
1,2024-12-07,409.65,residential,India
1,2024-12-08,410.32,residential,India
1,2024-12-09,428.67,residential,India
1,2024-12-10,425.28,residential,India
1,2024-12-11,405.32,residential,India
1,2024-12-12,423.28,residential,India
1,2024-12-13,400.42,residential,India
1,2024-12-14,412.8,residential,India
1,2024-12-15,420.31,residential,India
1,2024-12-16,373.24,residential,India
1,2024-12-17,427.63,residential,India
1,2024-12-18,428.3,residential,India
1,2024-12-19,401.33,residential,India
1,2024-12-20,454.13,residential,India
1,2024-12-21,397.64,residential,India
1,2024-12-22,391.87,residential,India
1,2024-12-23,442.13,residential,India
1,2024-12-24,422.22,residential,India
1,2024-12-25,406.97,residential,India
1,2024-12-26,413.17,residential,India
1,2024-12-27,408.65,residential,India
1,2024-12-28,389.55,residential,India
1,2024-12-29,392.46,residential,India
1,2024-12-30,411.79,residential,India
1,2024-12-31,366.44,residential,India
1,2025-01-01,426.1,residential,India
1,2025-01-02,401.96,residential,India
1,2025-01-03,398.61,residential,India
1,2025-01-04,426.18,residential,India
1,2025-01-05,416.58,residential,India
1,2025-01-06,403.54,residential,India
1,2025-01-07,433.77,residential,India
1,2025-01-08,425.21,residential,India
1,2025-01-09,384.87,residential,India
1,2025-01-10,432.05,residential,India
1,2025-01-11,418.78,residential,India
1,2025-01-12,406.92,residential,India
1,2025-01-13,402.99,residential,India
1,2025-01-14,420.54,residential,India
1,2025-01-15,395.69,residential,India
1,2025-01-16,444.55,residential,India
1,2025-01-17,393.65,residential,India
1,2025-01-18,433.67,residential,India
1,2025-01-19,393.06,residential,India
1,2025-01-20,392.01,residential,India
1,2025-01-21,412.3,residential,India
1,2025-01-22,388.37,residential,India
1,2025-01-23,408.71,residential,India
1,2025-01-24,413.85,residential,India
1,2025-01-25,424.85,residential,India
1,2025-01-26,416.74,residential,India
1,2025-01-27,427.63,residential,India
1,2025-01-28,430.6,residential,India
1,2025-01-29,419.64,residential,India
1,2025-01-30,405.3,residential,India
1,2025-01-31,417.0,residential,India
1,2025-02-01,444.5,residential,India
1,2025-02-02,391.18,residential,India
1,2025-02-03,408.89,residential,India
1,2025-02-04,390.72,residential,India
1,2025-02-05,412.14,residential,India
1,2025-02-06,418.31,residential,India
1,2025-02-07,463.55,residential,India
1,2025-02-08,433.73,residential,India
1,2025-02-09,400.72,residential,India
1,2025-02-10,394.83,residential,India
1,2025-02-11,440.2,residential,India
1,2025-02-12,430.99,residential,India
1,2025-02-13,412.39,residential,India
1,2025-02-14,380.74,residential,India
1,2025-02-15,399.65,residential,India
1,2025-02-16,401.26,residential,India
1,2025-02-17,424.44,residential,India
1,2025-02-18,413.66,residential,India
1,2025-02-19,413.17,residential,India
1,2025-02-20,437.69,residential,India
1,2025-02-21,380.44,residential,India
1,2025-02-22,423.34,residential,India
1,2025-02-23,432.9,residential,India
1,2025-02-24,438.35,residential,India
1,2025-02-25,420.51,residential,India
1,2025-02-26,394.85,residential,India
1,2025-02-27,373.11,residential,India
1,2025-02-28,418.93,residential,India
1,2025-03-01,365.15,residential,India
1,2025-03-02,446.15,residential,India
1,2025-03-03,431.34,residential,India
1,2025-03-04,425.94,residential,India
1,2025-03-05,417.31,residential,India
1,2025-03-06,417.1,residential,India
1,2025-03-07,434.93,residential,India
1,2025-03-08,426.47,residential,India
1,2025-03-09,386.04,residential,India
1,2025-03-10,436.49,residential,India
1,2025-03-11,425.02,residential,India
1,2025-03-12,403.18,residential,India
1,2025-03-13,449.36,residential,India
1,2025-03-14,408.12,residential,India
1,2025-03-15,435.27,residential,India
1,2025-03-16,419.47,residential,India
1,2025-03-17,413.66,residential,India
1,2025-03-18,406.93,residential,India
1,2025-03-19,435.53,residential,India
1,2025-03-20,433.36,residential,India
1,2025-03-21,419.85,residential,India
1,2025-03-22,431.55,residential,India
1,2025-03-23,428.72,residential,India
1,2025-03-24,428.67,residential,India
1,2025-03-25,409.25,residential,India
1,2025-03-26,438.78,residential,India
1,2025-03-27,466.75,residential,India
1,2025-03-28,426.03,residential,India
1,2025-03-29,461.7,residential,India
1,2025-03-30,418.99,residential,India
1,2025-03-31,441.65,residential,India
1,2025-04-01,434.84,residential,India
1,2025-04-02,420.51,residential,India
1,2025-04-03,452.6,residential,India
1,2025-04-04,453.46,residential,India
1,2025-04-05,389.42,residential,India
1,2025-04-06,441.57,residential,India
1,2025-04-07,415.21,residential,India
1,2025-04-08,429.62,residential,India
1,2025-04-09,415.82,residential,India
1,2025-04-10,449.28,residential,India
1,2025-04-11,419.04,residential,India
1,2025-04-12,398.89,residential,India
1,2025-04-13,429.26,residential,India
1,2025-04-14,426.16,residential,India
1,2025-04-15,429.44,residential,India
1,2025-04-16,452.65,residential,India
1,2025-04-17,435.66,residential,India
1,2025-04-18,418.72,residential,India
1,2025-04-19,439.96,residential,India
1,2025-04-20,432.46,residential,India
1,2025-04-21,410.61,residential,India
1,2025-04-22,420.04,residential,India
1,2025-04-23,452.49,residential,India
1,2025-04-24,445.6,residential,India
1,2025-04-25,439.97,residential,India
1,2025-04-26,448.95,residential,India
1,2025-04-27,434.93,residential,India
1,2025-04-28,445.23,residential,India
1,2025-04-29,432.12,residential,India
1,2025-04-30,407.38,residential,India
1,2025-05-01,439.5,residential,India
1,2025-05-02,427.32,residential,India
1,2025-05-03,466.19,residential,India
1,2025-05-04,433.23,residential,India
1,2025-05-05,415.79,residential,India
1,2025-05-06,459.68,residential,India
1,2025-05-07,437.56,residential,India
1,2025-05-08,444.89,residential,India
1,2025-05-09,446.33,residential,India
1,2025-05-10,424.91,residential,India
1,2025-05-11,460.01,residential,India
1,2025-05-12,433.45,residential,India
1,2025-05-13,449.86,residential,India
1,2025-05-14,422.09,residential,India
1,2025-05-15,416.63,residential,India
1,2025-05-16,441.53,residential,India
1,2025-05-17,421.36,residential,India
1,2025-05-18,453.22,residential,India
1,2025-05-19,452.23,residential,India
1,2025-05-20,454.64,residential,India
1,2025-05-21,425.26,residential,India
1,2025-05-22,419.94,residential,India
1,2025-05-23,432.35,residential,India
1,2025-05-24,440.06,residential,India
1,2025-05-25,425.54,residential,India
1,2025-05-26,431.03,residential,India
1,2025-05-27,450.87,residential,India
1,2025-05-28,433.8,residential,India
1,2025-05-29,415.71,residential,India
1,2025-05-30,454.36,residential,India
1,2025-05-31,450.64,residential,India
1,2025-06-01,449.09,residential,India
1,2025-06-02,423.11,residential,India
1,2025-06-03,443.88,residential,India
1,2025-06-04,448.45,residential,India
1,2025-06-05,430.98,residential,India
1,2025-06-06,434.72,residential,India
1,2025-06-07,450.74,residential,India
1,2025-06-08,439.92,residential,India
1,2025-06-09,432.66,residential,India
1,2025-06-10,427.53,residential,India
1,2025-06-11,401.39,residential,India
1,2025-06-12,474.64,residential,India
1,2025-06-13,415.6,residential,India
1,2025-06-14,461.46,residential,India
1,2025-06-15,445.48,residential,India
1,2025-06-16,437.63,residential,India
1,2025-06-17,428.87,residential,India
1,2025-06-18,418.05,residential,India
1,2025-06-19,426.71,residential,India
1,2025-06-20,446.81,residential,India
1,2025-06-21,413.04,residential,India
1,2025-06-22,429.08,residential,India
1,2025-06-23,464.55,residential,India
1,2025-06-24,474.45,residential,India
1,2025-06-25,442.19,residential,India
1,2025-06-26,473.26,residential,India
1,2025-06-27,434.39,residential,India
1,2025-06-28,468.68,residential,India
1,2025-06-29,445.77,residential,India
1,2025-06-30,438.5,residential,India
1,2025-07-01,479.65,residential,India
1,2025-07-02,470.78,residential,India
1,2025-07-03,437.45,residential,India
1,2025-07-04,446.82,residential,India
1,2025-07-05,458.87,residential,India
1,2025-07-06,458.75,residential,India
1,2025-07-07,438.16,residential,India
1,2025-07-08,449.45,residential,India
1,2025-07-09,454.24,residential,India
1,2025-07-10,457.59,residential,India
1,2025-07-11,424.44,residential,India
1,2025-07-12,417.5,residential,India
1,2025-07-13,413.75,residential,India
1,2025-07-14,434.42,residential,India
1,2025-07-15,410.13,residential,India
1,2025-07-16,463.09,residential,India
1,2025-07-17,440.0,residential,India
1,2025-07-18,410.74,residential,India
1,2025-07-19,448.54,residential,India
1,2025-07-20,491.84,residential,India
1,2025-07-21,425.13,residential,India
1,2025-07-22,475.37,residential,India
1,2025-07-23,466.3,residential,India
1,2025-07-24,420.02,residential,India
1,2025-07-25,420.52,residential,India
1,2025-07-26,420.51,residential,India
1,2025-07-27,463.65,residential,India
1,2025-07-28,424.55,residential,India
1,2025-07-29,439.55,residential,India
1,2025-07-30,429.09,residential,India
1,2025-07-31,426.7,residential,India
1,2025-08-01,451.96,residential,India
1,2025-08-02,450.21,residential,India
1,2025-08-03,444.54,residential,India
1,2025-08-04,465.0,residential,India
1,2025-08-05,420.81,residential,India
1,2025-08-06,453.34,residential,India
1,2025-08-07,456.02,residential,India
1,2025-08-08,451.33,residential,India
1,2025-08-09,441.25,residential,India
1,2025-08-10,493.91,residential,India
1,2025-08-11,473.23,residential,India
1,2025-08-12,441.22,residential,India
1,2025-08-13,471.95,residential,India
1,2025-08-14,434.6,residential,India
1,2025-08-15,435.34,residential,India
1,2025-08-16,461.2,residential,India
1,2025-08-17,443.44,residential,India
1,2025-08-18,453.71,residential,India
1,2025-08-19,447.03,residential,India
1,2025-08-20,465.4,residential,India
1,2025-08-21,451.05,residential,India
1,2025-08-22,418.83,residential,India
1,2025-08-23,464.25,residential,India
1,2025-08-24,434.1,residential,India
1,2025-08-25,443.75,residential,India
1,2025-08-26,458.06,residential,India
1,2025-08-27,441.94,residential,India
1,2025-08-28,458.48,residential,India
1,2025-08-29,468.46,residential,India
1,2025-08-30,459.17,residential,India
1,2025-08-31,458.41,residential,India
1,2025-09-01,462.05,residential,India
1,2025-09-02,419.2,residential,India
1,2025-09-03,455.35,residential,India
1,2025-09-04,467.77,residential,India
1,2025-09-05,459.42,residential,India
1,2025-09-06,446.24,residential,India
1,2025-09-07,418.28,residential,India
1,2025-09-08,476.98,residential,India
1,2025-09-09,489.14,residential,India
1,2025-09-10,476.17,residential,India
1,2025-09-11,466.9,residential,India
1,2025-09-12,471.63,residential,India
1,2025-09-13,425.32,residential,India
1,2025-09-14,474.52,residential,India
1,2025-09-15,441.91,residential,India
1,2025-09-16,421.93,residential,India
1,2025-09-17,444.72,residential,India
1,2025-09-18,418.94,residential,India
1,2025-09-19,460.14,residential,India
1,2025-09-20,428.81,residential,India
1,2025-09-21,444.26,residential,India
1,2025-09-22,482.53,residential,India
1,2025-09-23,462.2,residential,India
1,2025-09-24,438.53,residential,India
1,2025-09-25,463.79,residential,India
1,2025-09-26,457.92,residential,India
1,2025-09-27,473.09,residential,India
1,2025-09-28,461.4,residential,India
1,2025-09-29,440.14,residential,India
1,2025-09-30,450.65,residential,India
1,2025-10-01,472.04,residential,India
1,2025-10-02,447.76,residential,India
1,2025-10-03,453.64,residential,India
1,2025-10-04,441.32,residential,India
1,2025-10-05,451.29,residential,India
1,2025-10-06,452.66,residential,India
1,2025-10-07,472.51,residential,India
1,2025-10-08,452.85,residential,India
1,2025-10-09,458.11,residential,India
1,2025-10-10,454.52,residential,India
1,2025-10-11,481.03,residential,India
1,2025-10-12,453.96,residential,India
1,2025-10-13,453.94,residential,India
1,2025-10-14,487.13,residential,India
1,2025-10-15,451.43,residential,India
1,2025-10-16,426.6,residential,India
1,2025-10-17,477.31,residential,India
1,2025-10-18,489.23,residential,India
1,2025-10-19,457.82,residential,India
1,2025-10-20,496.91,residential,India
1,2025-10-21,464.92,residential,India
1,2025-10-22,455.7,residential,India
1,2025-10-23,458.22,residential,India
1,2025-10-24,444.36,residential,India
1,2025-10-25,446.21,residential,India
1,2025-10-26,461.26,residential,India
1,2025-10-27,435.38,residential,India
1,2025-10-28,463.13,residential,India
1,2025-10-29,489.5,residential,India
1,2025-10-30,444.72,residential,India
1,2025-10-31,444.45,residential,India
1,2025-11-01,428.84,residential,India
1,2025-11-02,444.86,residential,India
1,2025-11-03,450.32,residential,India
1,2025-11-04,509.35,residential,India
1,2025-11-05,482.59,residential,India
1,2025-11-06,480.36,residential,India
1,2025-11-07,467.93,residential,India
1,2025-11-08,458.8,residential,India
1,2025-11-09,477.13,residential,India
1,2025-11-10,430.5,residential,India
1,2025-11-11,477.31,residential,India
1,2025-11-12,481.32,residential,India
1,2025-11-13,450.9,residential,India
1,2025-11-14,507.42,residential,India
1,2025-11-15,477.68,residential,India
1,2025-11-16,473.45,residential,India
1,2025-11-17,473.82,residential,India
1,2025-11-18,422.97,residential,India
1,2025-11-19,436.61,residential,India
1,2025-11-20,499.54,residential,India
1,2025-11-21,484.55,residential,India
1,2025-11-22,524.3,residential,India
1,2025-11-23,451.32,residential,India
1,2025-11-24,477.29,residential,India
1,2025-11-25,430.4,residential,India
1,2025-11-26,501.97,residential,India
1,2025-11-27,478.6,residential,India
1,2025-11-28,458.83,residential,India
1,2025-11-29,453.46,residential,India
1,2025-11-30,451.13,residential,India
1,2025-12-01,460.53,residential,India
1,2025-12-02,447.75,residential,India
1,2025-12-03,485.17,residential,India
1,2025-12-04,476.4,residential,India
1,2025-12-05,458.85,residential,India
1,2025-12-06,480.52,residential,India
1,2025-12-07,435.88,residential,India
1,2025-12-08,441.77,residential,India
1,2025-12-09,467.08,residential,India
1,2025-12-10,478.24,residential,India
1,2025-12-11,495.22,residential,India
1,2025-12-12,446.13,residential,India
1,2025-12-13,488.64,residential,India
1,2025-12-14,453.78,residential,India
1,2025-12-15,490.75,residential,India
1,2025-12-16,464.15,residential,India
1,2025-12-17,477.38,residential,India
1,2025-12-18,494.24,residential,India
1,2025-12-19,428.67,residential,India
1,2025-12-20,455.33,residential,India
1,2025-12-21,480.23,residential,India
1,2025-12-22,482.9,residential,India
1,2025-12-23,494.82,residential,India
1,2025-12-24,445.87,residential,India
1,2025-12-25,482.84,residential,India
1,2025-12-26,483.18,residential,India
1,2025-12-27,471.96,residential,India
1,2025-12-28,497.62,residential,India
1,2025-12-29,435.72,residential,India
1,2025-12-30,469.38,residential,India
1,2025-12-31,463.84,residential,India
1,2026-01-01,449.69,residential,India
1,2026-01-02,451.89,residential,India
1,2026-01-03,482.79,residential,India
1,2026-01-04,474.09,residential,India
1,2026-01-05,473.82,residential,India
1,2026-01-06,491.91,residential,India
1,2026-01-07,461.34,residential,India
1,2026-01-08,474.74,residential,India
1,2026-01-09,490.0,residential,India
1,2026-01-10,466.61,residential,India
1,2026-01-11,526.95,residential,India
1,2026-01-12,452.48,residential,India
1,2026-01-13,460.15,residential,India
1,2026-01-14,485.96,residential,India
1,2026-01-15,495.35,residential,India
1,2026-01-16,451.05,residential,India
1,2026-01-17,487.61,residential,India
1,2026-01-18,439.31,residential,India
1,2026-01-19,486.33,residential,India
1,2026-01-20,493.54,residential,India
1,2026-01-21,450.48,residential,India
1,2026-01-22,473.65,residential,India
1,2026-01-23,464.54,residential,India
1,2026-01-24,453.69,residential,India
1,2026-01-25,466.1,residential,India
1,2026-01-26,469.25,residential,India
1,2026-01-27,472.73,residential,India
1,2026-01-28,475.7,residential,India
1,2026-01-29,466.47,residential,India
1,2026-01-30,476.82,residential,India
1,2026-01-31,474.41,residential,India
1,2026-02-01,494.64,residential,India
1,2026-02-02,487.22,residential,India
1,2026-02-03,485.06,residential,India
1,2026-02-04,470.16,residential,India
1,2026-02-05,468.19,residential,India
1,2026-02-06,469.62,residential,India
1,2026-02-07,527.65,residential,India
1,2026-02-08,457.02,residential,India
1,2026-02-09,468.06,residential,India
1,2026-02-10,476.64,residential,India
1,2026-02-11,506.26,residential,India
1,2026-02-12,465.29,residential,India
1,2026-02-13,475.19,residential,India
1,2026-02-14,486.15,residential,India
1,2026-02-15,510.96,residential,India
1,2026-02-16,471.26,residential,India
1,2026-02-17,470.39,residential,India
1,2026-02-18,475.23,residential,India
1,2026-02-19,478.58,residential,India
1,2026-02-20,480.32,residential,India
1,2026-02-21,460.8,residential,India
1,2026-02-22,495.94,residential,India
1,2026-02-23,494.72,residential,India
1,2026-02-24,485.06,residential,India
1,2026-02-25,485.88,residential,India
1,2026-02-26,479.93,residential,India
1,2026-02-27,485.74,residential,India
1,2026-02-28,476.32,residential,India
1,2026-03-01,468.55,residential,India
1,2026-03-02,462.86,residential,India
1,2026-03-03,490.08,residential,India
1,2026-03-04,459.01,residential,India
1,2026-03-05,462.69,residential,India
1,2026-03-06,483.26,residential,India
1,2026-03-07,456.2,residential,India
1,2026-03-08,518.56,residential,India
1,2026-03-09,506.82,residential,India
1,2026-03-10,498.96,residential,India
1,2026-03-11,480.13,residential,India
1,2026-03-12,465.51,residential,India
1,2026-03-13,499.07,residential,India
1,2026-03-14,457.3,residential,India
1,2026-03-15,495.96,residential,India
1,2026-03-16,499.07,residential,India
1,2026-03-17,487.22,residential,India
1,2026-03-18,468.04,residential,India
1,2026-03-19,459.81,residential,India
1,2026-03-20,475.53,residential,India
1,2026-03-21,454.57,residential,India
1,2026-03-22,464.38,residential,India
1,2026-03-23,491.94,residential,India
1,2026-03-24,494.86,residential,India
1,2026-03-25,504.2,residential,India
1,2026-03-26,493.54,residential,India
1,2026-03-27,470.92,residential,India
1,2026-03-28,468.52,residential,India
1,2026-03-29,451.23,residential,India
1,2026-03-30,492.81,residential,India
1,2026-03-31,495.11,residential,India
1,2026-04-01,464.33,residential,India
1,2026-04-02,494.96,residential,India
1,2026-04-03,493.49,residential,India
1,2026-04-04,496.09,residential,India
1,2026-04-05,436.12,residential,India
1,2026-04-06,483.53,residential,India
1,2026-04-07,471.02,residential,India
1,2026-04-08,466.8,residential,India
1,2026-04-09,474.12,residential,India
1,2026-04-10,466.38,residential,India
1,2026-04-11,485.23,residential,India
1,2026-04-12,465.97,residential,India
1,2026-04-13,448.82,residential,India
1,2026-04-14,509.57,residential,India
1,2026-04-15,483.65,residential,India
1,2026-04-16,479.09,residential,India
1,2026-04-17,480.64,residential,India
1,2026-04-18,484.02,residential,India
1,2026-04-19,481.94,residential,India
1,2026-04-20,449.18,residential,India
1,2026-04-21,491.9,residential,India
1,2026-04-22,479.7,residential,India
1,2026-04-23,492.68,residential,India
1,2026-04-24,477.29,residential,India
1,2026-04-25,480.86,residential,India
1,2026-04-26,500.87,residential,India
1,2026-04-27,464.45,residential,India
1,2026-04-28,497.19,residential,India
1,2026-04-29,470.44,residential,India
1,2026-04-30,470.46,residential,India
1,2026-05-01,466.33,residential,India
1,2026-05-02,489.25,residential,India
1,2026-05-03,448.36,residential,India
1,2026-05-04,491.26,residential,India
1,2026-05-05,466.35,residential,India
1,2026-05-06,479.49,residential,India
1,2026-05-07,465.35,residential,India
1,2026-05-08,462.03,residential,India
1,2026-05-09,503.19,residential,India
1,2026-05-10,491.46,residential,India
1,2026-05-11,521.61,residential,India
1,2026-05-12,497.65,residential,India
1,2026-05-13,467.41,residential,India
1,2026-05-14,455.75,residential,India
1,2026-05-15,508.11,residential,India
1,2026-05-16,503.01,residential,India
1,2026-05-17,507.37,residential,India
1,2026-05-18,458.86,residential,India
1,2026-05-19,488.94,residential,India
1,2026-05-20,526.83,residential,India
1,2026-05-21,484.46,residential,India
1,2026-05-22,515.27,residential,India
1,2026-05-23,484.82,residential,India
1,2026-05-24,503.6,residential,India
1,2026-05-25,466.79,residential,India
1,2026-05-26,468.44,residential,India
1,2026-05-27,477.03,residential,India
1,2026-05-28,488.57,residential,India
1,2026-05-29,501.87,residential,India
1,2026-05-30,495.48,residential,India
1,2026-05-31,488.42,residential,India
1,2026-06-01,503.5,residential,India
1,2026-06-02,489.2,residential,India
1,2026-06-03,520.37,residential,India
1,2026-06-04,487.59,residential,India
1,2026-06-05,461.15,residential,India
1,2026-06-06,519.14,residential,India
1,2026-06-07,444.05,residential,India
1,2026-06-08,510.37,residential,India
1,2026-06-09,525.39,residential,India
1,2026-06-10,484.8,residential,India
1,2026-06-11,505.21,residential,India
1,2026-06-12,486.97,residential,India
1,2026-06-13,492.16,residential,India
1,2026-06-14,501.55,residential,India
1,2026-06-15,463.11,residential,India
1,2026-06-16,488.65,residential,India
1,2026-06-17,480.97,residential,India
1,2026-06-18,476.23,residential,India
1,2026-06-19,544.93,residential,India
1,2026-06-20,507.67,residential,India
1,2026-06-21,528.76,residential,India
1,2026-06-22,502.64,residential,India
1,2026-06-23,504.39,residential,India
1,2026-06-24,480.24,residential,India
1,2026-06-25,497.26,residential,India
1,2026-06-26,469.91,residential,India
1,2026-06-27,498.9,residential,India
1,2026-06-28,484.18,residential,India
1,2026-06-29,507.09,residential,India
1,2026-06-30,485.18,residential,India
1,2026-07-01,519.45,residential,India
1,2026-07-02,517.73,residential,India
1,2026-07-03,487.32,residential,India
1,2026-07-04,515.11,residential,India
1,2026-07-05,475.07,residential,India
1,2026-07-06,495.44,residential,India
1,2026-07-07,488.42,residential,India
1,2026-07-08,499.7,residential,India
1,2026-07-09,500.78,residential,India
1,2026-07-10,491.5,residential,India
1,2026-07-11,453.33,residential,India
1,2026-07-12,513.88,residential,India
1,2026-07-13,498.92,residential,India
1,2026-07-14,542.62,residential,India
1,2026-07-15,517.29,residential,India
1,2026-07-16,521.92,residential,India
1,2026-07-17,507.15,residential,India
1,2026-07-18,506.1,residential,India
1,2026-07-19,494.07,residential,India
1,2026-07-20,502.8,residential,India
1,2026-07-21,514.79,residential,India
1,2026-07-22,521.42,residential,India
1,2026-07-23,479.16,residential,India
1,2026-07-24,537.23,residential,India
1,2026-07-25,470.34,residential,India
1,2026-07-26,505.3,residential,India
1,2026-07-27,497.34,residential,India
1,2026-07-28,491.75,residential,India
1,2026-07-29,521.51,residential,India
1,2026-07-30,486.02,residential,India
1,2026-07-31,509.88,residential,India
1,2026-08-01,493.35,residential,India
1,2026-08-02,478.6,residential,India
1,2026-08-03,488.38,residential,India
1,2026-08-04,509.24,residential,India
1,2026-08-05,521.8,residential,India
1,2026-08-06,480.47,residential,India
1,2026-08-07,515.62,residential,India
1,2026-08-08,519.35,residential,India
1,2026-08-09,484.71,residential,India
1,2026-08-10,511.51,residential,India
1,2026-08-11,507.38,residential,India
1,2026-08-12,474.37,residential,India
1,2026-08-13,515.25,residential,India
1,2026-08-14,492.45,residential,India
1,2026-08-15,452.05,residential,India
1,2026-08-16,507.62,residential,India
1,2026-08-17,486.28,residential,India
1,2026-08-18,545.2,residential,India
1,2026-08-19,478.13,residential,India
1,2026-08-20,479.1,residential,India
1,2026-08-21,482.78,residential,India
1,2026-08-22,506.25,residential,India
1,2026-08-23,465.07,residential,India
1,2026-08-24,508.66,residential,India
1,2026-08-25,479.84,residential,India
1,2026-08-26,489.68,residential,India
1,2026-08-27,497.04,residential,India
1,2026-08-28,509.4,residential,India
1,2026-08-29,509.05,residential,India
1,2026-08-30,489.8,residential,India
1,2026-08-31,532.83,residential,India
1,2026-09-01,458.1,residential,India
1,2026-09-02,514.37,residential,India
1,2026-09-03,479.02,residential,India
1,2026-09-04,499.3,residential,India
1,2026-09-05,506.29,residential,India
1,2026-09-06,505.55,residential,India
1,2026-09-07,512.05,residential,India
1,2026-09-08,488.34,residential,India
1,2026-09-09,494.76,residential,India
1,2026-09-10,469.34,residential,India
1,2026-09-11,522.73,residential,India
1,2026-09-12,518.51,residential,India
1,2026-09-13,489.86,residential,India
1,2026-09-14,482.81,residential,India
1,2026-09-15,519.26,residential,India
1,2026-09-16,506.53,residential,India
1,2026-09-17,516.98,residential,India
1,2026-09-18,489.57,residential,India
1,2026-09-19,503.09,residential,India
1,2026-09-20,512.71,residential,India
1,2026-09-21,509.91,residential,India
1,2026-09-22,489.07,residential,India
1,2026-09-23,506.79,residential,India
1,2026-09-24,502.26,residential,India
1,2026-09-25,498.4,residential,India
1,2026-09-26,500.38,residential,India
1,2026-09-27,492.56,residential,India
1,2026-09-28,527.81,residential,India
1,2026-09-29,482.73,residential,India
1,2026-09-30,496.82,residential,India
1,2026-10-01,510.2,residential,India
1,2026-10-02,531.05,residential,India
1,2026-10-03,501.21,residential,India
1,2026-10-04,524.08,residential,India
1,2026-10-05,506.8,residential,India
1,2026-10-06,461.52,residential,India
1,2026-10-07,508.06,residential,India
1,2026-10-08,502.32,residential,India
1,2026-10-09,500.18,residential,India
1,2026-10-10,495.43,residential,India
1,2026-10-11,488.98,residential,India
1,2026-10-12,436.27,residential,India
1,2026-10-13,491.79,residential,India
1,2026-10-14,504.93,residential,India
1,2026-10-15,490.66,residential,India
1,2026-10-16,474.06,residential,India
1,2026-10-17,492.91,residential,India
1,2026-10-18,486.0,residential,India
1,2026-10-19,506.05,residential,India
1,2026-10-20,479.43,residential,India
1,2026-10-21,498.99,residential,India
1,2026-10-22,478.16,residential,India
1,2026-10-23,473.8,residential,India
1,2026-10-24,520.37,residential,India
1,2026-10-25,498.22,residential,India
1,2026-10-26,497.24,residential,India
1,2026-10-27,466.75,residential,India
1,2026-10-28,480.67,residential,India
1,2026-10-29,486.84,residential,India
1,2026-10-30,503.56,residential,India
1,2026-10-31,500.33,residential,India
1,2026-11-01,516.08,residential,India
1,2026-11-02,522.16,residential,India
1,2026-11-03,508.41,residential,India
1,2026-11-04,500.09,residential,India
1,2026-11-05,518.72,residential,India
1,2026-11-06,489.09,residential,India
1,2026-11-07,503.41,residential,India
1,2026-11-08,512.36,residential,India
1,2026-11-09,529.35,residential,India
1,2026-11-10,478.34,residential,India
1,2026-11-11,489.05,residential,India
1,2026-11-12,491.91,residential,India
1,2026-11-13,530.69,residential,India
1,2026-11-14,504.64,residential,India
1,2026-11-15,505.11,residential,India
1,2026-11-16,538.01,residential,India
1,2026-11-17,486.99,residential,India
1,2026-11-18,467.98,residential,India
1,2026-11-19,515.7,residential,India
1,2026-11-20,509.03,residential,India
1,2026-11-21,505.43,residential,India
1,2026-11-22,507.3,residential,India
1,2026-11-23,493.25,residential,India
1,2026-11-24,497.72,residential,India
1,2026-11-25,505.04,residential,India
1,2026-11-26,502.15,residential,India
1,2026-11-27,494.4,residential,India
1,2026-11-28,489.37,residential,India
1,2026-11-29,485.24,residential,India
1,2026-11-30,511.24,residential,India
1,2026-12-01,496.03,residential,India
1,2026-12-02,524.72,residential,India
1,2026-12-03,514.3,residential,India
1,2026-12-04,450.69,residential,India
1,2026-12-05,511.94,residential,India
1,2026-12-06,497.04,residential,India
1,2026-12-07,472.04,residential,India
1,2026-12-08,483.1,residential,India
1,2026-12-09,509.35,residential,India
1,2026-12-10,508.8,residential,India
1,2026-12-11,471.58,residential,India
1,2026-12-12,513.22,residential,India
1,2026-12-13,500.24,residential,India
1,2026-12-14,528.72,residential,India
1,2026-12-15,518.78,residential,India
1,2026-12-16,456.68,residential,India
1,2026-12-17,514.35,residential,India
1,2026-12-18,480.64,residential,India
1,2026-12-19,492.1,residential,India
1,2026-12-20,519.27,residential,India
1,2026-12-21,497.6,residential,India
1,2026-12-22,492.64,residential,India
1,2026-12-23,532.22,residential,India
1,2026-12-24,472.48,residential,India
1,2026-12-25,530.34,residential,India
1,2026-12-26,465.63,residential,India
1,2026-12-27,511.33,residential,India
1,2026-12-28,522.91,residential,India
1,2026-12-29,505.22,residential,India
1,2026-12-30,535.57,residential,India
1,2026-12-31,514.92,residential,India
1,2027-01-01,487.49,residential,India
1,2027-01-02,502.32,residential,India
1,2027-01-03,507.73,residential,India
1,2027-01-04,516.66,residential,India
1,2027-01-05,490.75,residential,India
1,2027-01-06,482.42,residential,India
1,2027-01-07,501.86,residential,India
1,2027-01-08,521.15,residential,India
1,2027-01-09,495.6,residential,India
1,2027-01-10,493.42,residential,India
1,2027-01-11,492.72,residential,India
1,2027-01-12,496.31,residential,India
1,2027-01-13,481.69,residential,India
1,2027-01-14,499.17,residential,India
1,2027-01-15,532.5,residential,India
1,2027-01-16,498.7,residential,India
1,2027-01-17,508.45,residential,India
1,2027-01-18,466.24,residential,India
1,2027-01-19,502.3,residential,India
1,2027-01-20,476.57,residential,India
1,2027-01-21,529.26,residential,India
1,2027-01-22,475.67,residential,India
1,2027-01-23,521.28,residential,India
1,2027-01-24,493.74,residential,India
1,2027-01-25,504.86,residential,India
1,2027-01-26,502.52,residential,India
1,2027-01-27,518.11,residential,India
1,2027-01-28,494.69,residential,India
1,2027-01-29,534.42,residential,India
1,2027-01-30,524.29,residential,India
1,2027-01-31,478.35,residential,India
1,2027-02-01,500.44,residential,India
1,2027-02-02,526.45,residential,India
1,2027-02-03,493.5,residential,India
1,2027-02-04,519.93,residential,India
1,2027-02-05,526.05,residential,India
1,2027-02-06,532.88,residential,India
1,2027-02-07,542.52,residential,India
1,2027-02-08,491.85,residential,India
1,2027-02-09,496.86,residential,India
1,2027-02-10,492.58,residential,India
1,2027-02-11,512.49,residential,India
1,2027-02-12,526.83,residential,India
1,2027-02-13,517.08,residential,India
1,2027-02-14,518.28,residential,India
1,2027-02-15,484.79,residential,India
1,2027-02-16,523.99,residential,India
1,2027-02-17,524.0,residential,India
1,2027-02-18,517.8,residential,India
1,2027-02-19,518.92,residential,India
1,2027-02-20,479.39,residential,India
1,2027-02-21,493.98,residential,India
1,2027-02-22,492.87,residential,India
1,2027-02-23,512.54,residential,India
1,2027-02-24,495.09,residential,India
1,2027-02-25,530.16,residential,India
1,2027-02-26,525.68,residential,India
1,2027-02-27,488.27,residential,India
1,2027-02-28,488.28,residential,India
1,2027-03-01,474.45,residential,India
1,2027-03-02,516.14,residential,India
1,2027-03-03,510.25,residential,India
1,2027-03-04,501.19,residential,India
1,2027-03-05,478.03,residential,India
1,2027-03-06,486.15,residential,India
1,2027-03-07,497.92,residential,India
1,2027-03-08,528.46,residential,India
1,2027-03-09,503.39,residential,India
1,2027-03-10,498.49,residential,India
1,2027-03-11,485.81,residential,India
1,2027-03-12,538.3,residential,India
1,2027-03-13,497.95,residential,India
1,2027-03-14,469.42,residential,India
1,2027-03-15,512.62,residential,India
1,2027-03-16,489.75,residential,India
1,2027-03-17,487.14,residential,India
1,2027-03-18,528.74,residential,India
1,2027-03-19,487.57,residential,India
1,2027-03-20,528.55,residential,India
1,2027-03-21,520.33,residential,India
1,2027-03-22,521.87,residential,India
1,2027-03-23,468.25,residential,India
1,2027-03-24,514.34,residential,India
1,2027-03-25,509.85,residential,India
1,2027-03-26,497.88,residential,India
1,2027-03-27,481.56,residential,India
1,2027-03-28,456.1,residential,India
1,2027-03-29,496.42,residential,India
1,2027-03-30,499.08,residential,India
1,2027-03-31,505.29,residential,India
1,2027-04-01,494.85,residential,India
1,2027-04-02,505.6,residential,India
1,2027-04-03,441.23,residential,India
1,2027-04-04,518.37,residential,India
1,2027-04-05,482.81,residential,India
1,2027-04-06,485.14,residential,India
1,2027-04-07,475.28,residential,India
1,2027-04-08,512.37,residential,India
1,2027-04-09,522.03,residential,India
1,2027-04-10,506.28,residential,India
1,2027-04-11,507.59,residential,India
1,2027-04-12,504.21,residential,India
1,2027-04-13,470.61,residential,India
1,2027-04-14,516.77,residential,India
1,2027-04-15,506.39,residential,India
1,2027-04-16,461.67,residential,India
1,2027-04-17,507.11,residential,India
1,2027-04-18,495.97,residential,India
1,2027-04-19,530.75,residential,India
1,2027-04-20,502.77,residential,India
1,2027-04-21,486.6,residential,India
1,2027-04-22,528.17,residential,India
1,2027-04-23,504.52,residential,India
1,2027-04-24,494.89,residential,India
1,2027-04-25,490.06,residential,India
1,2027-04-26,493.04,residential,India
1,2027-04-27,470.53,residential,India
1,2027-04-28,477.95,residential,India
1,2027-04-29,502.95,residential,India
1,2027-04-30,502.09,residential,India
1,2027-05-01,484.42,residential,India
1,2027-05-02,505.45,residential,India
1,2027-05-03,514.1,residential,India
1,2027-05-04,500.05,residential,India
1,2027-05-05,501.05,residential,India
1,2027-05-06,494.14,residential,India
1,2027-05-07,486.98,residential,India
1,2027-05-08,515.88,residential,India
1,2027-05-09,477.42,residential,India
1,2027-05-10,485.54,residential,India
1,2027-05-11,492.91,residential,India
1,2027-05-12,498.47,residential,India
1,2027-05-13,502.14,residential,India
1,2027-05-14,504.42,residential,India
1,2027-05-15,489.37,residential,India
1,2027-05-16,462.37,residential,India
1,2027-05-17,520.8,residential,India
1,2027-05-18,519.22,residential,India
1,2027-05-19,490.75,residential,India
1,2027-05-20,486.8,residential,India
1,2027-05-21,495.98,residential,India
1,2027-05-22,520.35,residential,India
1,2027-05-23,505.63,residential,India
1,2027-05-24,510.77,residential,India
1,2027-05-25,500.13,residential,India
1,2027-05-26,488.33,residential,India
1,2027-05-27,481.37,residential,India
1,2027-05-28,470.05,residential,India
1,2027-05-29,471.78,residential,India
1,2027-05-30,466.94,residential,India
1,2027-05-31,495.13,residential,India
1,2027-06-01,512.56,residential,India
1,2027-06-02,488.93,residential,India
1,2027-06-03,525.2,residential,India
1,2027-06-04,453.13,residential,India
1,2027-06-05,504.9,residential,India
1,2027-06-06,481.15,residential,India
1,2027-06-07,495.58,residential,India
1,2027-06-08,478.07,residential,India
1,2027-06-09,481.91,residential,India
1,2027-06-10,530.19,residential,India
1,2027-06-11,515.08,residential,India
1,2027-06-12,521.29,residential,India
1,2027-06-13,482.86,residential,India
1,2027-06-14,504.09,residential,India
1,2027-06-15,503.45,residential,India
1,2027-06-16,506.42,residential,India
1,2027-06-17,529.09,residential,India
1,2027-06-18,507.63,residential,India
1,2027-06-19,498.41,residential,India
1,2027-06-20,487.99,residential,India
1,2027-06-21,495.62,residential,India
1,2027-06-22,516.46,residential,India
1,2027-06-23,460.6,residential,India
1,2027-06-24,506.82,residential,India
1,2027-06-25,509.47,residential,India
1,2027-06-26,525.17,residential,India
1,2027-06-27,504.49,residential,India
1,2027-06-28,486.68,residential,India
1,2027-06-29,460.95,residential,India
1,2027-06-30,537.07,residential,India
1,2027-07-01,499.35,residential,India
1,2027-07-02,469.75,residential,India
1,2027-07-03,510.48,residential,India
1,2027-07-04,519.01,residential,India
1,2027-07-05,494.23,residential,India
1,2027-07-06,466.03,residential,India
1,2027-07-07,512.16,residential,India
1,2027-07-08,504.62,residential,India
1,2027-07-09,488.52,residential,India
1,2027-07-10,484.39,residential,India
1,2027-07-11,495.19,residential,India
1,2027-07-12,495.14,residential,India
1,2027-07-13,494.48,residential,India
1,2027-07-14,506.84,residential,India
1,2027-07-15,495.93,residential,India
1,2027-07-16,506.82,residential,India
1,2027-07-17,483.06,residential,India
1,2027-07-18,504.84,residential,India
1,2027-07-19,493.08,residential,India
1,2027-07-20,477.6,residential,India
1,2027-07-21,529.95,residential,India
1,2027-07-22,504.85,residential,India
1,2027-07-23,482.72,residential,India
1,2027-07-24,428.43,residential,India
1,2027-07-25,502.57,residential,India
1,2027-07-26,473.19,residential,India
1,2027-07-27,441.97,residential,India
1,2027-07-28,507.32,residential,India
1,2027-07-29,482.09,residential,India
1,2027-07-30,485.26,residential,India
1,2027-07-31,473.84,residential,India
1,2027-08-01,480.3,residential,India
1,2027-08-02,499.74,residential,India
1,2027-08-03,495.37,residential,India
1,2027-08-04,467.23,residential,India
1,2027-08-05,514.46,residential,India
1,2027-08-06,461.11,residential,India
1,2027-08-07,432.38,residential,India
1,2027-08-08,454.65,residential,India
1,2027-08-09,498.51,residential,India
1,2027-08-10,493.19,residential,India
1,2027-08-11,507.52,residential,India
1,2027-08-12,523.66,residential,India
1,2027-08-13,487.86,residential,India
1,2027-08-14,483.2,residential,India
1,2027-08-15,465.85,residential,India
1,2027-08-16,467.37,residential,India
1,2027-08-17,489.09,residential,India
1,2027-08-18,477.8,residential,India
1,2027-08-19,470.26,residential,India
1,2027-08-20,488.09,residential,India
1,2027-08-21,483.9,residential,India
1,2027-08-22,479.76,residential,India
1,2027-08-23,495.02,residential,India
1,2027-08-24,528.56,residential,India
1,2027-08-25,480.98,residential,India
1,2027-08-26,488.88,residential,India
1,2027-08-27,488.97,residential,India
1,2027-08-28,484.77,residential,India
1,2027-08-29,461.84,residential,India
1,2027-08-30,486.57,residential,India
1,2027-08-31,437.34,residential,India
1,2027-09-01,501.25,residential,India
1,2027-09-02,488.92,residential,India
1,2027-09-03,502.61,residential,India
1,2027-09-04,479.66,residential,India
1,2027-09-05,507.24,residential,India
1,2027-09-06,506.91,residential,India
1,2027-09-07,480.05,residential,India
1,2027-09-08,514.49,residential,India
1,2027-09-09,467.25,residential,India
1,2027-09-10,516.48,residential,India
1,2027-09-11,501.72,residential,India
1,2027-09-12,477.14,residential,India
1,2027-09-13,511.37,residential,India
1,2027-09-14,483.71,residential,India
1,2027-09-15,453.92,residential,India
1,2027-09-16,492.09,residential,India
1,2027-09-17,477.84,residential,India
1,2027-09-18,482.0,residential,India
1,2027-09-19,494.78,residential,India
1,2027-09-20,462.72,residential,India
1,2027-09-21,514.34,residential,India
1,2027-09-22,498.83,residential,India
1,2027-09-23,473.72,residential,India
1,2027-09-24,515.22,residential,India
1,2027-09-25,437.63,residential,India
1,2027-09-26,467.0,residential,India
1,2027-09-27,489.14,residential,India
1,2027-09-28,464.91,residential,India
1,2027-09-29,467.79,residential,India
1,2027-09-30,499.97,residential,India
1,2027-10-01,483.01,residential,India
1,2027-10-02,498.08,residential,India
1,2027-10-03,510.32,residential,India
1,2027-10-04,497.87,residential,India
1,2027-10-05,483.33,residential,India
1,2027-10-06,501.38,residential,India
1,2027-10-07,483.69,residential,India
1,2027-10-08,486.37,residential,India
1,2027-10-09,457.14,residential,India
1,2027-10-10,506.43,residential,India
1,2027-10-11,466.42,residential,India
1,2027-10-12,507.03,residential,India
1,2027-10-13,465.11,residential,India
1,2027-10-14,470.61,residential,India
1,2027-10-15,487.24,residential,India
1,2027-10-16,504.44,residential,India
1,2027-10-17,462.06,residential,India
1,2027-10-18,478.23,residential,India
1,2027-10-19,448.83,residential,India
1,2027-10-20,454.09,residential,India
1,2027-10-21,457.26,residential,India
1,2027-10-22,497.64,residential,India
1,2027-10-23,480.51,residential,India
1,2027-10-24,470.09,residential,India
1,2027-10-25,468.87,residential,India
1,2027-10-26,459.31,residential,India
1,2027-10-27,512.2,residential,India
1,2027-10-28,468.48,residential,India
1,2027-10-29,452.19,residential,India
1,2027-10-30,477.79,residential,India
1,2027-10-31,481.3,residential,India
1,2027-11-01,453.54,residential,India
1,2027-11-02,468.72,residential,India
1,2027-11-03,514.68,residential,India
1,2027-11-04,483.76,residential,India
1,2027-11-05,508.48,residential,India
1,2027-11-06,490.03,residential,India
1,2027-11-07,490.22,residential,India
1,2027-11-08,462.0,residential,India
1,2027-11-09,483.39,residential,India
1,2027-11-10,459.38,residential,India
1,2027-11-11,472.89,residential,India
1,2027-11-12,486.19,residential,India
1,2027-11-13,499.18,residential,India
1,2027-11-14,473.56,residential,India
1,2027-11-15,458.05,residential,India
1,2027-11-16,460.77,residential,India
1,2027-11-17,490.88,residential,India
1,2027-11-18,460.58,residential,India
1,2027-11-19,467.14,residential,India
1,2027-11-20,475.37,residential,India
1,2027-11-21,504.0,residential,India
1,2027-11-22,521.84,residential,India
1,2027-11-23,521.05,residential,India
1,2027-11-24,454.42,residential,India
1,2027-11-25,471.18,residential,India
1,2027-11-26,472.33,residential,India
1,2027-11-27,461.06,residential,India
1,2027-11-28,449.51,residential,India
1,2027-11-29,479.59,residential,India
1,2027-11-30,461.57,residential,India
1,2027-12-01,463.52,residential,India
1,2027-12-02,479.33,residential,India
1,2027-12-03,497.53,residential,India
1,2027-12-04,489.6,residential,India
1,2027-12-05,456.67,residential,India
1,2027-12-06,492.27,residential,India
1,2027-12-07,486.49,residential,India
1,2027-12-08,442.26,residential,India
1,2027-12-09,449.17,residential,India
1,2027-12-10,484.09,residential,India
1,2027-12-11,498.92,residential,India
1,2027-12-12,491.09,residential,India
1,2027-12-13,471.47,residential,India
1,2027-12-14,418.42,residential,India
1,2027-12-15,488.55,residential,India
1,2027-12-16,481.64,residential,India
1,2027-12-17,454.39,residential,India
1,2027-12-18,448.86,residential,India
1,2027-12-19,473.86,residential,India
1,2027-12-20,440.4,residential,India
1,2027-12-21,493.79,residential,India
1,2027-12-22,457.2,residential,India
1,2027-12-23,462.27,residential,India
1,2027-12-24,459.77,residential,India
1,2027-12-25,451.92,residential,India
1,2027-12-26,460.49,residential,India
1,2027-12-27,488.32,residential,India
1,2027-12-28,462.89,residential,India
1,2027-12-29,460.57,residential,India
1,2027-12-30,437.91,residential,India
1,2027-12-31,424.11,residential,India
1,2028-01-01,476.18,residential,India
1,2028-01-02,493.03,residential,India
1,2028-01-03,488.6,residential,India
1,2028-01-04,466.02,residential,India
1,2028-01-05,486.87,residential,India
1,2028-01-06,482.63,residential,India
1,2028-01-07,418.58,residential,India
1,2028-01-08,490.25,residential,India
1,2028-01-09,475.91,residential,India
1,2028-01-10,489.7,residential,India
1,2028-01-11,475.25,residential,India
1,2028-01-12,476.83,residential,India
1,2028-01-13,462.1,residential,India
1,2028-01-14,463.64,residential,India
1,2028-01-15,453.12,residential,India
1,2028-01-16,488.88,residential,India
1,2028-01-17,469.16,residential,India
1,2028-01-18,446.57,residential,India
1,2028-01-19,443.8,residential,India
1,2028-01-20,457.07,residential,India
1,2028-01-21,468.71,residential,India
1,2028-01-22,467.82,residential,India
1,2028-01-23,468.33,residential,India
1,2028-01-24,491.97,residential,India
1,2028-01-25,437.31,residential,India
1,2028-01-26,453.21,residential,India
1,2028-01-27,455.32,residential,India
1,2028-01-28,498.33,residential,India
1,2028-01-29,447.05,residential,India
1,2028-01-30,490.06,residential,India
1,2028-01-31,439.27,residential,India
1,2028-02-01,435.76,residential,India
1,2028-02-02,445.47,residential,India
1,2028-02-03,481.51,residential,India
1,2028-02-04,453.15,residential,India
1,2028-02-05,476.07,residential,India
1,2028-02-06,479.45,residential,India
1,2028-02-07,480.06,residential,India
1,2028-02-08,448.09,residential,India
1,2028-02-09,489.55,residential,India
1,2028-02-10,448.93,residential,India
1,2028-02-11,500.04,residential,India
1,2028-02-12,467.01,residential,India
1,2028-02-13,474.36,residential,India
1,2028-02-14,463.38,residential,India
1,2028-02-15,481.63,residential,India
1,2028-02-16,445.89,residential,India
1,2028-02-17,448.42,residential,India
1,2028-02-18,439.91,residential,India
1,2028-02-19,465.57,residential,India
1,2028-02-20,474.21,residential,India
1,2028-02-21,435.79,residential,India
1,2028-02-22,470.86,residential,India
1,2028-02-23,489.24,residential,India
1,2028-02-24,463.45,residential,India
1,2028-02-25,468.87,residential,India
1,2028-02-26,468.44,residential,India
1,2028-02-27,435.86,residential,India
1,2028-02-28,426.22,residential,India
1,2028-02-29,458.1,residential,India
1,2028-03-01,465.7,residential,India
1,2028-03-02,484.2,residential,India
1,2028-03-03,451.22,residential,India
1,2028-03-04,487.64,residential,India
1,2028-03-05,450.45,residential,India
1,2028-03-06,485.53,residential,India
1,2028-03-07,457.71,residential,India
1,2028-03-08,456.32,residential,India
1,2028-03-09,461.69,residential,India
1,2028-03-10,464.1,residential,India
1,2028-03-11,494.54,residential,India
1,2028-03-12,455.15,residential,India
1,2028-03-13,447.7,residential,India
1,2028-03-14,448.64,residential,India
1,2028-03-15,470.94,residential,India
1,2028-03-16,439.86,residential,India
1,2028-03-17,494.31,residential,India
1,2028-03-18,419.92,residential,India
1,2028-03-19,479.47,residential,India
1,2028-03-20,435.75,residential,India
1,2028-03-21,469.6,residential,India
1,2028-03-22,456.16,residential,India
1,2028-03-23,431.3,residential,India
1,2028-03-24,423.89,residential,India
1,2028-03-25,426.22,residential,India
1,2028-03-26,479.99,residential,India
1,2028-03-27,420.56,residential,India
1,2028-03-28,447.3,residential,India
1,2028-03-29,444.22,residential,India
1,2028-03-30,463.02,residential,India
1,2028-03-31,462.58,residential,India
1,2028-04-01,441.28,residential,India
1,2028-04-02,480.33,residential,India
1,2028-04-03,457.37,residential,India
1,2028-04-04,473.86,residential,India
1,2028-04-05,466.22,residential,India
1,2028-04-06,452.92,residential,India
1,2028-04-07,443.44,residential,India
1,2028-04-08,474.18,residential,India
1,2028-04-09,448.63,residential,India
1,2028-04-10,436.51,residential,India
1,2028-04-11,432.25,residential,India
1,2028-04-12,435.01,residential,India
1,2028-04-13,457.62,residential,India
1,2028-04-14,453.2,residential,India
1,2028-04-15,447.64,residential,India
1,2028-04-16,470.3,residential,India
1,2028-04-17,480.22,residential,India
1,2028-04-18,456.89,residential,India
1,2028-04-19,449.92,residential,India
1,2028-04-20,487.12,residential,India
1,2028-04-21,456.08,residential,India
1,2028-04-22,455.75,residential,India
1,2028-04-23,451.0,residential,India
1,2028-04-24,442.0,residential,India
1,2028-04-25,478.41,residential,India
1,2028-04-26,476.5,residential,India
1,2028-04-27,482.99,residential,India
1,2028-04-28,445.93,residential,India
1,2028-04-29,438.15,residential,India
1,2028-04-30,488.44,residential,India
1,2028-05-01,460.35,residential,India
1,2028-05-02,440.76,residential,India
1,2028-05-03,431.15,residential,India
1,2028-05-04,439.62,residential,India
1,2028-05-05,474.6,residential,India
1,2028-05-06,470.59,residential,India
1,2028-05-07,447.46,residential,India
1,2028-05-08,449.75,residential,India
1,2028-05-09,489.48,residential,India
1,2028-05-10,443.64,residential,India
1,2028-05-11,473.34,residential,India
1,2028-05-12,419.81,residential,India
1,2028-05-13,485.0,residential,India
1,2028-05-14,452.46,residential,India
1,2028-05-15,439.1,residential,India
1,2028-05-16,497.7,residential,India
1,2028-05-17,481.22,residential,India
1,2028-05-18,451.75,residential,India
1,2028-05-19,451.89,residential,India
1,2028-05-20,461.75,residential,India
1,2028-05-21,461.38,residential,India
1,2028-05-22,460.42,residential,India
1,2028-05-23,461.85,residential,India
1,2028-05-24,509.05,residential,India
1,2028-05-25,445.46,residential,India
1,2028-05-26,455.2,residential,India
1,2028-05-27,451.81,residential,India
1,2028-05-28,449.66,residential,India
1,2028-05-29,443.0,residential,India
1,2028-05-30,454.13,residential,India
1,2028-05-31,437.9,residential,India
1,2028-06-01,426.5,residential,India
1,2028-06-02,453.96,residential,India
1,2028-06-03,451.31,residential,India
1,2028-06-04,479.41,residential,India
1,2028-06-05,494.43,residential,India
1,2028-06-06,418.94,residential,India
1,2028-06-07,448.1,residential,India
1,2028-06-08,457.2,residential,India
1,2028-06-09,425.43,residential,India
1,2028-06-10,411.89,residential,India
1,2028-06-11,438.58,residential,India
1,2028-06-12,451.2,residential,India
1,2028-06-13,464.7,residential,India
1,2028-06-14,427.33,residential,India
1,2028-06-15,460.76,residential,India
1,2028-06-16,435.07,residential,India
1,2028-06-17,452.88,residential,India
1,2028-06-18,434.7,residential,India
1,2028-06-19,443.24,residential,India
1,2028-06-20,444.28,residential,India
1,2028-06-21,434.29,residential,India
1,2028-06-22,469.3,residential,India
1,2028-06-23,435.33,residential,India
1,2028-06-24,444.27,residential,India
1,2028-06-25,423.7,residential,India
1,2028-06-26,486.0,residential,India
1,2028-06-27,440.58,residential,India
1,2028-06-28,457.39,residential,India
1,2028-06-29,418.31,residential,India
1,2028-06-30,473.26,residential,India
1,2028-07-01,455.06,residential,India
1,2028-07-02,436.29,residential,India
1,2028-07-03,422.8,residential,India
1,2028-07-04,444.92,residential,India
1,2028-07-05,453.99,residential,India
1,2028-07-06,495.41,residential,India
1,2028-07-07,429.08,residential,India
1,2028-07-08,443.12,residential,India
1,2028-07-09,437.11,residential,India
1,2028-07-10,478.61,residential,India
1,2028-07-11,456.5,residential,India
1,2028-07-12,425.88,residential,India
1,2028-07-13,454.66,residential,India
1,2028-07-14,415.72,residential,India
1,2028-07-15,444.24,residential,India
1,2028-07-16,433.47,residential,India
1,2028-07-17,474.5,residential,India
1,2028-07-18,439.67,residential,India
1,2028-07-19,450.19,residential,India
1,2028-07-20,427.42,residential,India
1,2028-07-21,397.05,residential,India
1,2028-07-22,469.16,residential,India
1,2028-07-23,417.64,residential,India
1,2028-07-24,411.28,residential,India
1,2028-07-25,437.89,residential,India
1,2028-07-26,430.88,residential,India
1,2028-07-27,429.74,residential,India
1,2028-07-28,453.19,residential,India
1,2028-07-29,469.99,residential,India
1,2028-07-30,442.54,residential,India
1,2028-07-31,441.27,residential,India
1,2028-08-01,469.82,residential,India
1,2028-08-02,429.95,residential,India
1,2028-08-03,408.38,residential,India
1,2028-08-04,420.78,residential,India
1,2028-08-05,463.38,residential,India
1,2028-08-06,446.01,residential,India
1,2028-08-07,465.96,residential,India
1,2028-08-08,447.17,residential,India
1,2028-08-09,451.98,residential,India
1,2028-08-10,461.5,residential,India
1,2028-08-11,455.0,residential,India
1,2028-08-12,428.08,residential,India
1,2028-08-13,417.28,residential,India
1,2028-08-14,438.0,residential,India
1,2028-08-15,449.48,residential,India
1,2028-08-16,459.27,residential,India
1,2028-08-17,444.61,residential,India
1,2028-08-18,456.29,residential,India
1,2028-08-19,437.72,residential,India
1,2028-08-20,442.44,residential,India
1,2028-08-21,445.31,residential,India
1,2028-08-22,441.94,residential,India
1,2028-08-23,435.26,residential,India
1,2028-08-24,443.52,residential,India
1,2028-08-25,440.39,residential,India
1,2028-08-26,445.68,residential,India
1,2028-08-27,414.52,residential,India
1,2028-08-28,449.38,residential,India
1,2028-08-29,421.18,residential,India
1,2028-08-30,431.59,residential,India
1,2028-08-31,424.8,residential,India
1,2028-09-01,416.04,residential,India
1,2028-09-02,442.94,residential,India
1,2028-09-03,404.42,residential,India
1,2028-09-04,451.59,residential,India
1,2028-09-05,447.39,residential,India
1,2028-09-06,439.01,residential,India
1,2028-09-07,403.31,residential,India
1,2028-09-08,439.74,residential,India
1,2028-09-09,459.84,residential,India
1,2028-09-10,449.7,residential,India
1,2028-09-11,422.35,residential,India
1,2028-09-12,431.29,residential,India
1,2028-09-13,413.51,residential,India
1,2028-09-14,466.73,residential,India
1,2028-09-15,397.48,residential,India
1,2028-09-16,450.95,residential,India
1,2028-09-17,464.27,residential,India
1,2028-09-18,459.35,residential,India
1,2028-09-19,464.45,residential,India
1,2028-09-20,432.41,residential,India
1,2028-09-21,428.29,residential,India
1,2028-09-22,471.87,residential,India
1,2028-09-23,449.58,residential,India
1,2028-09-24,427.74,residential,India
1,2028-09-25,450.44,residential,India
1,2028-09-26,407.59,residential,India
1,2028-09-27,430.05,residential,India
1,2028-09-28,431.72,residential,India
1,2028-09-29,402.19,residential,India
1,2028-09-30,409.94,residential,India
1,2028-10-01,428.73,residential,India
1,2028-10-02,445.89,residential,India
1,2028-10-03,441.81,residential,India
1,2028-10-04,475.83,residential,India
1,2028-10-05,445.73,residential,India
1,2028-10-06,437.46,residential,India
1,2028-10-07,407.59,residential,India
1,2028-10-08,391.76,residential,India
1,2028-10-09,452.3,residential,India
1,2028-10-10,419.78,residential,India
1,2028-10-11,437.67,residential,India
1,2028-10-12,459.3,residential,India
1,2028-10-13,437.3,residential,India
1,2028-10-14,440.4,residential,India
1,2028-10-15,437.31,residential,India
1,2028-10-16,439.5,residential,India
1,2028-10-17,435.85,residential,India
1,2028-10-18,435.41,residential,India
1,2028-10-19,425.17,residential,India
1,2028-10-20,415.22,residential,India
1,2028-10-21,413.55,residential,India
1,2028-10-22,401.28,residential,India
1,2028-10-23,424.12,residential,India
1,2028-10-24,430.88,residential,India
1,2028-10-25,417.93,residential,India
1,2028-10-26,431.1,residential,India
1,2028-10-27,401.57,residential,India
1,2028-10-28,438.25,residential,India
1,2028-10-29,415.88,residential,India
1,2028-10-30,415.0,residential,India
1,2028-10-31,429.98,residential,India
1,2028-11-01,435.88,residential,India
1,2028-11-02,429.99,residential,India
1,2028-11-03,405.46,residential,India
1,2028-11-04,407.66,residential,India
1,2028-11-05,452.59,residential,India
1,2028-11-06,435.85,residential,India
1,2028-11-07,411.19,residential,India
1,2028-11-08,398.39,residential,India
1,2028-11-09,431.17,residential,India
1,2028-11-10,442.97,residential,India
1,2028-11-11,390.0,residential,India
1,2028-11-12,437.28,residential,India
1,2028-11-13,432.34,residential,India
1,2028-11-14,426.12,residential,India
1,2028-11-15,388.11,residential,India
1,2028-11-16,445.03,residential,India
1,2028-11-17,423.64,residential,India
1,2028-11-18,460.06,residential,India
1,2028-11-19,445.9,residential,India
1,2028-11-20,436.85,residential,India
1,2028-11-21,399.16,residential,India
1,2028-11-22,451.66,residential,India
1,2028-11-23,492.19,residential,India
1,2028-11-24,441.18,residential,India
1,2028-11-25,425.0,residential,India
1,2028-11-26,426.54,residential,India
1,2028-11-27,439.03,residential,India
1,2028-11-28,425.16,residential,India
1,2028-11-29,413.14,residential,India
1,2028-11-30,404.81,residential,India
1,2028-12-01,424.25,residential,India
1,2028-12-02,458.65,residential,India
1,2028-12-03,438.37,residential,India
1,2028-12-04,430.93,residential,India
1,2028-12-05,399.48,residential,India
1,2028-12-06,437.29,residential,India
1,2028-12-07,426.57,residential,India
1,2028-12-08,414.47,residential,India
1,2028-12-09,404.06,residential,India
1,2028-12-10,410.96,residential,India
1,2028-12-11,436.7,residential,India
1,2028-12-12,419.56,residential,India
1,2028-12-13,409.97,residential,India
1,2028-12-14,439.97,residential,India
1,2028-12-15,377.69,residential,India
1,2028-12-16,418.89,residential,India
1,2028-12-17,431.16,residential,India
1,2028-12-18,400.82,residential,India
1,2028-12-19,383.66,residential,India
1,2028-12-20,415.22,residential,India
1,2028-12-21,423.02,residential,India
1,2028-12-22,438.17,residential,India
1,2028-12-23,449.53,residential,India
1,2028-12-24,426.18,residential,India
1,2028-12-25,448.26,residential,India
1,2028-12-26,411.17,residential,India
1,2028-12-27,432.86,residential,India
1,2028-12-28,425.51,residential,India
1,2028-12-29,407.59,residential,India
1,2028-12-30,414.05,residential,India
1,2028-12-31,422.73,residential,India
1,2029-01-01,437.36,residential,India
1,2029-01-02,443.95,residential,India
1,2029-01-03,421.96,residential,India
1,2029-01-04,471.82,residential,India
1,2029-01-05,435.65,residential,India
1,2029-01-06,429.99,residential,India
1,2029-01-07,422.4,residential,India
1,2029-01-08,422.16,residential,India
1,2029-01-09,422.52,residential,India
1,2029-01-10,413.72,residential,India
1,2029-01-11,432.4,residential,India
1,2029-01-12,407.26,residential,India
1,2029-01-13,424.13,residential,India
1,2029-01-14,411.79,residential,India
1,2029-01-15,459.31,residential,India
1,2029-01-16,415.83,residential,India
1,2029-01-17,427.17,residential,India
1,2029-01-18,428.99,residential,India
1,2029-01-19,428.78,residential,India
1,2029-01-20,415.23,residential,India
1,2029-01-21,442.74,residential,India
1,2029-01-22,425.03,residential,India
1,2029-01-23,412.45,residential,India
1,2029-01-24,410.0,residential,India
1,2029-01-25,419.05,residential,India
1,2029-01-26,433.26,residential,India
1,2029-01-27,422.96,residential,India
1,2029-01-28,417.47,residential,India
1,2029-01-29,397.48,residential,India
1,2029-01-30,422.88,residential,India
1,2029-01-31,458.6,residential,India
1,2029-02-01,426.81,residential,India
1,2029-02-02,440.58,residential,India
1,2029-02-03,410.92,residential,India
1,2029-02-04,453.02,residential,India
1,2029-02-05,437.15,residential,India
1,2029-02-06,410.49,residential,India
1,2029-02-07,414.65,residential,India
1,2029-02-08,378.36,residential,India
1,2029-02-09,459.42,residential,India
1,2029-02-10,446.63,residential,India
1,2029-02-11,463.21,residential,India
1,2029-02-12,426.19,residential,India
1,2029-02-13,398.4,residential,India
1,2029-02-14,430.79,residential,India
1,2029-02-15,415.66,residential,India
1,2029-02-16,430.06,residential,India
1,2029-02-17,410.94,residential,India
1,2029-02-18,389.01,residential,India
1,2029-02-19,443.96,residential,India
1,2029-02-20,396.1,residential,India
1,2029-02-21,395.42,residential,India
1,2029-02-22,427.55,residential,India
1,2029-02-23,446.86,residential,India
1,2029-02-24,422.13,residential,India
1,2029-02-25,424.44,residential,India
1,2029-02-26,423.86,residential,India
1,2029-02-27,399.13,residential,India
1,2029-02-28,381.41,residential,India
1,2029-03-01,423.59,residential,India
1,2029-03-02,431.71,residential,India
1,2029-03-03,357.08,residential,India
1,2029-03-04,412.37,residential,India
1,2029-03-05,432.07,residential,India
1,2029-03-06,416.23,residential,India
1,2029-03-07,411.26,residential,India
1,2029-03-08,414.62,residential,India
1,2029-03-09,402.21,residential,India
1,2029-03-10,425.84,residential,India
1,2029-03-11,443.45,residential,India
1,2029-03-12,404.99,residential,India
1,2029-03-13,410.67,residential,India
1,2029-03-14,411.08,residential,India
1,2029-03-15,428.19,residential,India
1,2029-03-16,400.65,residential,India
1,2029-03-17,432.29,residential,India
1,2029-03-18,408.22,residential,India
1,2029-03-19,431.96,residential,India
1,2029-03-20,405.68,residential,India
1,2029-03-21,402.9,residential,India
1,2029-03-22,410.61,residential,India
1,2029-03-23,417.8,residential,India
1,2029-03-24,423.51,residential,India
1,2029-03-25,433.34,residential,India
1,2029-03-26,443.04,residential,India
1,2029-03-27,424.82,residential,India
1,2029-03-28,412.14,residential,India
1,2029-03-29,388.06,residential,India
1,2029-03-30,410.29,residential,India
1,2029-03-31,419.99,residential,India
1,2029-04-01,425.7,residential,India
1,2029-04-02,411.66,residential,India
1,2029-04-03,407.32,residential,India
1,2029-04-04,431.81,residential,India
1,2029-04-05,429.33,residential,India
1,2029-04-06,449.73,residential,India
1,2029-04-07,423.25,residential,India
1,2029-04-08,435.01,residential,India
1,2029-04-09,386.83,residential,India
1,2029-04-10,452.1,residential,India
1,2029-04-11,452.98,residential,India
1,2029-04-12,395.12,residential,India
1,2029-04-13,384.01,residential,India
1,2029-04-14,446.33,residential,India
1,2029-04-15,419.32,residential,India
1,2029-04-16,437.02,residential,India
1,2029-04-17,421.26,residential,India
1,2029-04-18,421.81,residential,India
1,2029-04-19,406.37,residential,India
1,2029-04-20,420.33,residential,India
1,2029-04-21,450.74,residential,India
1,2029-04-22,454.52,residential,India
1,2029-04-23,403.55,residential,India
1,2029-04-24,409.34,residential,India
1,2029-04-25,424.95,residential,India
1,2029-04-26,406.62,residential,India
1,2029-04-27,415.78,residential,India
1,2029-04-28,445.02,residential,India
1,2029-04-29,421.51,residential,India
1,2029-04-30,400.8,residential,India
1,2029-05-01,403.89,residential,India
1,2029-05-02,412.12,residential,India
1,2029-05-03,390.51,residential,India
1,2029-05-04,450.33,residential,India
1,2029-05-05,426.56,residential,India
1,2029-05-06,409.2,residential,India
1,2029-05-07,410.84,residential,India
1,2029-05-08,398.6,residential,India
1,2029-05-09,390.11,residential,India
1,2029-05-10,444.56,residential,India
1,2029-05-11,382.73,residential,India
1,2029-05-12,414.85,residential,India
1,2029-05-13,428.4,residential,India
1,2029-05-14,398.91,residential,India
1,2029-05-15,400.79,residential,India
1,2029-05-16,406.79,residential,India
1,2029-05-17,444.12,residential,India
1,2029-05-18,392.37,residential,India
1,2029-05-19,413.79,residential,India
1,2029-05-20,404.92,residential,India
1,2029-05-21,444.02,residential,India
1,2029-05-22,420.48,residential,India
1,2029-05-23,397.54,residential,India
1,2029-05-24,427.76,residential,India
1,2029-05-25,419.8,residential,India
1,2029-05-26,433.42,residential,India
1,2029-05-27,413.67,residential,India
1,2029-05-28,389.46,residential,India
1,2029-05-29,393.23,residential,India
1,2029-05-30,415.78,residential,India
1,2029-05-31,435.19,residential,India
1,2029-06-01,429.71,residential,India
1,2029-06-02,418.47,residential,India
1,2029-06-03,442.32,residential,India
1,2029-06-04,428.57,residential,India
1,2029-06-05,425.41,residential,India
1,2029-06-06,450.24,residential,India
1,2029-06-07,441.74,residential,India
1,2029-06-08,406.14,residential,India
1,2029-06-09,421.09,residential,India
1,2029-06-10,430.66,residential,India
1,2029-06-11,436.75,residential,India
1,2029-06-12,415.62,residential,India
1,2029-06-13,421.7,residential,India
1,2029-06-14,451.63,residential,India
1,2029-06-15,448.93,residential,India
1,2029-06-16,410.75,residential,India
1,2029-06-17,449.11,residential,India
1,2029-06-18,417.09,residential,India
1,2029-06-19,418.81,residential,India
1,2029-06-20,446.24,residential,India
1,2029-06-21,424.58,residential,India
1,2029-06-22,408.06,residential,India
1,2029-06-23,417.43,residential,India
1,2029-06-24,407.95,residential,India
1,2029-06-25,410.55,residential,India
1,2029-06-26,414.66,residential,India
1,2029-06-27,403.81,residential,India
1,2029-06-28,404.64,residential,India
1,2029-06-29,436.21,residential,India
1,2029-06-30,384.99,residential,India
1,2029-07-01,418.02,residential,India
1,2029-07-02,421.43,residential,India
1,2029-07-03,383.75,residential,India
1,2029-07-04,448.84,residential,India
1,2029-07-05,411.16,residential,India
1,2029-07-06,420.24,residential,India
1,2029-07-07,419.46,residential,India
1,2029-07-08,436.05,residential,India
1,2029-07-09,398.69,residential,India
1,2029-07-10,401.61,residential,India
1,2029-07-11,440.27,residential,India
1,2029-07-12,422.7,residential,India
1,2029-07-13,386.81,residential,India
1,2029-07-14,397.61,residential,India
1,2029-07-15,437.37,residential,India
1,2029-07-16,441.03,residential,India
1,2029-07-17,425.11,residential,India
1,2029-07-18,449.69,residential,India
1,2029-07-19,432.14,residential,India
1,2029-07-20,409.65,residential,India
1,2029-07-21,440.58,residential,India
1,2029-07-22,408.53,residential,India
1,2029-07-23,389.02,residential,India
1,2029-07-24,409.91,residential,India
1,2029-07-25,398.77,residential,India
1,2029-07-26,388.81,residential,India
1,2029-07-27,423.96,residential,India
1,2029-07-28,444.43,residential,India
1,2029-07-29,414.26,residential,India
1,2029-07-30,396.97,residential,India
1,2029-07-31,393.88,residential,India
1,2029-08-01,397.17,residential,India
1,2029-08-02,425.61,residential,India
1,2029-08-03,459.92,residential,India
1,2029-08-04,412.8,residential,India
1,2029-08-05,422.84,residential,India
1,2029-08-06,413.52,residential,India
1,2029-08-07,433.29,residential,India
1,2029-08-08,390.09,residential,India
1,2029-08-09,447.03,residential,India
1,2029-08-10,413.08,residential,India
1,2029-08-11,419.14,residential,India
1,2029-08-12,414.53,residential,India
1,2029-08-13,410.04,residential,India
1,2029-08-14,433.22,residential,India
1,2029-08-15,394.4,residential,India
1,2029-08-16,423.22,residential,India
1,2029-08-17,411.52,residential,India
1,2029-08-18,430.32,residential,India
1,2029-08-19,428.38,residential,India
1,2029-08-20,405.58,residential,India
1,2029-08-21,407.63,residential,India
1,2029-08-22,387.87,residential,India
1,2029-08-23,410.62,residential,India
1,2029-08-24,435.12,residential,India
1,2029-08-25,447.75,residential,India
1,2029-08-26,435.9,residential,India
1,2029-08-27,453.22,residential,India
1,2029-08-28,462.42,residential,India
1,2029-08-29,419.84,residential,India
1,2029-08-30,400.42,residential,India
1,2029-08-31,419.13,residential,India
1,2029-09-01,429.04,residential,India
1,2029-09-02,417.56,residential,India
1,2029-09-03,389.51,residential,India
1,2029-09-04,414.89,residential,India
1,2029-09-05,430.17,residential,India
1,2029-09-06,408.53,residential,India
1,2029-09-07,428.56,residential,India
1,2029-09-08,437.91,residential,India
1,2029-09-09,426.13,residential,India
1,2029-09-10,457.16,residential,India
1,2029-09-11,424.17,residential,India
1,2029-09-12,393.26,residential,India
1,2029-09-13,432.49,residential,India
1,2029-09-14,429.38,residential,India
1,2029-09-15,415.5,residential,India
1,2029-09-16,408.44,residential,India
1,2029-09-17,411.59,residential,India
1,2029-09-18,452.96,residential,India
1,2029-09-19,434.84,residential,India
1,2029-09-20,415.99,residential,India
1,2029-09-21,436.2,residential,India
1,2029-09-22,411.13,residential,India
1,2029-09-23,399.43,residential,India
1,2029-09-24,429.77,residential,India
1,2029-09-25,434.83,residential,India
1,2029-09-26,432.28,residential,India
1,2029-09-27,402.21,residential,India
1,2029-09-28,411.64,residential,India
1,2029-09-29,406.07,residential,India
1,2029-09-30,424.77,residential,India
1,2029-10-01,442.52,residential,India
1,2029-10-02,414.32,residential,India
1,2029-10-03,407.57,residential,India
1,2029-10-04,413.68,residential,India
1,2029-10-05,430.08,residential,India
1,2029-10-06,438.6,residential,India
1,2029-10-07,406.33,residential,India
1,2029-10-08,415.14,residential,India
1,2029-10-09,429.65,residential,India
1,2029-10-10,447.06,residential,India
1,2029-10-11,447.82,residential,India
1,2029-10-12,479.25,residential,India
1,2029-10-13,394.37,residential,India
1,2029-10-14,439.57,residential,India
1,2029-10-15,378.82,residential,India
1,2029-10-16,410.98,residential,India
1,2029-10-17,426.62,residential,India
1,2029-10-18,439.26,residential,India
1,2029-10-19,415.24,residential,India
1,2029-10-20,445.44,residential,India
1,2029-10-21,414.43,residential,India
1,2029-10-22,393.41,residential,India
1,2029-10-23,422.55,residential,India
1,2029-10-24,438.99,residential,India
1,2029-10-25,418.15,residential,India
1,2029-10-26,414.23,residential,India
1,2029-10-27,426.27,residential,India
1,2029-10-28,436.84,residential,India
1,2029-10-29,438.95,residential,India
1,2029-10-30,463.43,residential,India
1,2029-10-31,452.93,residential,India
1,2029-11-01,446.71,residential,India
1,2029-11-02,427.64,residential,India
1,2029-11-03,436.87,residential,India
1,2029-11-04,426.23,residential,India
1,2029-11-05,455.56,residential,India
1,2029-11-06,427.57,residential,India
1,2029-11-07,436.69,residential,India
1,2029-11-08,431.73,residential,India
1,2029-11-09,422.28,residential,India
1,2029-11-10,424.29,residential,India
1,2029-11-11,454.61,residential,India
1,2029-11-12,397.52,residential,India
1,2029-11-13,425.29,residential,India
1,2029-11-14,447.43,residential,India
1,2029-11-15,388.8,residential,India
1,2029-11-16,414.0,residential,India
1,2029-11-17,429.16,residential,India
1,2029-11-18,443.87,residential,India
1,2029-11-19,431.79,residential,India
1,2029-11-20,445.45,residential,India
1,2029-11-21,438.12,residential,India
1,2029-11-22,424.91,residential,India
1,2029-11-23,393.54,residential,India
1,2029-11-24,415.92,residential,India
1,2029-11-25,416.64,residential,India
1,2029-11-26,430.26,residential,India
1,2029-11-27,448.72,residential,India
1,2029-11-28,394.73,residential,India
1,2029-11-29,429.11,residential,India
1,2029-11-30,444.72,residential,India
1,2029-12-01,444.25,residential,India
1,2029-12-02,418.87,residential,India
1,2029-12-03,461.34,residential,India
1,2029-12-04,380.73,residential,India
1,2029-12-05,402.24,residential,India
1,2029-12-06,416.08,residential,India
1,2029-12-07,434.54,residential,India
1,2029-12-08,396.29,residential,India
1,2029-12-09,391.62,residential,India
1,2029-12-10,440.34,residential,India
1,2029-12-11,457.71,residential,India
1,2029-12-12,446.19,residential,India
1,2029-12-13,444.97,residential,India
1,2029-12-14,408.81,residential,India
1,2029-12-15,400.61,residential,India
1,2029-12-16,408.54,residential,India
1,2029-12-17,392.14,residential,India
1,2029-12-18,401.95,residential,India
1,2029-12-19,423.52,residential,India
1,2029-12-20,437.31,residential,India
1,2029-12-21,442.37,residential,India
1,2029-12-22,402.61,residential,India
1,2029-12-23,420.8,residential,India
1,2029-12-24,445.09,residential,India
1,2029-12-25,394.76,residential,India
1,2029-12-26,389.19,residential,India
1,2029-12-27,416.4,residential,India
1,2029-12-28,417.42,residential,India
1,2029-12-29,422.37,residential,India
1,2029-12-30,445.82,residential,India
1,2029-12-31,426.61,residential,India
1,2030-01-01,419.6,residential,India
1,2030-01-02,435.27,residential,India
1,2030-01-03,429.34,residential,India
1,2030-01-04,419.05,residential,India
1,2030-01-05,458.13,residential,India
1,2030-01-06,429.4,residential,India
1,2030-01-07,444.91,residential,India
1,2030-01-08,390.46,residential,India
1,2030-01-09,433.26,residential,India
1,2030-01-10,444.44,residential,India
1,2030-01-11,431.56,residential,India
1,2030-01-12,421.08,residential,India
1,2030-01-13,394.08,residential,India
1,2030-01-14,430.09,residential,India
1,2030-01-15,443.37,residential,India
1,2030-01-16,444.95,residential,India
1,2030-01-17,431.62,residential,India
1,2030-01-18,421.3,residential,India
1,2030-01-19,396.55,residential,India
1,2030-01-20,450.61,residential,India
1,2030-01-21,443.7,residential,India
1,2030-01-22,411.83,residential,India
1,2030-01-23,439.77,residential,India
1,2030-01-24,428.48,residential,India
1,2030-01-25,452.21,residential,India
1,2030-01-26,417.9,residential,India
1,2030-01-27,440.43,residential,India
1,2030-01-28,416.7,residential,India
1,2030-01-29,446.04,residential,India
1,2030-01-30,410.06,residential,India
1,2030-01-31,425.53,residential,India
1,2030-02-01,428.92,residential,India
1,2030-02-02,445.69,residential,India
1,2030-02-03,442.24,residential,India
1,2030-02-04,415.92,residential,India
1,2030-02-05,396.11,residential,India
1,2030-02-06,453.54,residential,India
1,2030-02-07,459.71,residential,India
1,2030-02-08,468.81,residential,India
1,2030-02-09,426.93,residential,India
1,2030-02-10,444.87,residential,India
1,2030-02-11,411.33,residential,India
1,2030-02-12,438.25,residential,India
1,2030-02-13,447.6,residential,India
1,2030-02-14,435.21,residential,India
1,2030-02-15,445.71,residential,India
1,2030-02-16,455.54,residential,India
1,2030-02-17,463.75,residential,India
1,2030-02-18,409.14,residential,India
1,2030-02-19,422.36,residential,India
1,2030-02-20,419.09,residential,India
1,2030-02-21,465.51,residential,India
1,2030-02-22,419.17,residential,India
1,2030-02-23,445.11,residential,India
1,2030-02-24,453.2,residential,India
1,2030-02-25,416.69,residential,India
1,2030-02-26,428.33,residential,India
1,2030-02-27,476.35,residential,India
1,2030-02-28,442.63,residential,India
1,2030-03-01,416.64,residential,India
1,2030-03-02,421.29,residential,India
1,2030-03-03,444.52,residential,India
1,2030-03-04,466.78,residential,India
1,2030-03-05,444.27,residential,India
1,2030-03-06,466.53,residential,India
1,2030-03-07,407.95,residential,India
1,2030-03-08,424.47,residential,India
1,2030-03-09,462.97,residential,India
1,2030-03-10,422.89,residential,India
1,2030-03-11,434.55,residential,India
1,2030-03-12,461.65,residential,India
1,2030-03-13,439.19,residential,India
1,2030-03-14,447.28,residential,India
1,2030-03-15,431.13,residential,India
1,2030-03-16,405.87,residential,India
1,2030-03-17,414.38,residential,India
1,2030-03-18,455.59,residential,India
1,2030-03-19,450.0,residential,India
1,2030-03-20,416.59,residential,India
1,2030-03-21,453.93,residential,India
1,2030-03-22,438.74,residential,India
1,2030-03-23,443.1,residential,India
1,2030-03-24,420.25,residential,India
1,2030-03-25,410.94,residential,India
1,2030-03-26,416.19,residential,India
1,2030-03-27,422.85,residential,India
1,2030-03-28,436.15,residential,India
1,2030-03-29,418.83,residential,India
1,2030-03-30,451.9,residential,India
1,2030-03-31,410.68,residential,India
1,2030-04-01,429.14,residential,India
1,2030-04-02,413.31,residential,India
1,2030-04-03,438.94,residential,India
1,2030-04-04,474.22,residential,India
1,2030-04-05,435.04,residential,India
1,2030-04-06,448.2,residential,India
1,2030-04-07,486.06,residential,India
1,2030-04-08,432.5,residential,India
1,2030-04-09,413.74,residential,India
1,2030-04-10,438.22,residential,India
1,2030-04-11,409.0,residential,India
1,2030-04-12,456.46,residential,India
1,2030-04-13,402.29,residential,India
1,2030-04-14,441.05,residential,India
1,2030-04-15,444.57,residential,India
1,2030-04-16,447.36,residential,India
1,2030-04-17,452.51,residential,India
1,2030-04-18,449.3,residential,India
1,2030-04-19,432.98,residential,India
1,2030-04-20,418.44,residential,India
1,2030-04-21,410.88,residential,India
1,2030-04-22,436.2,residential,India
1,2030-04-23,438.69,residential,India
1,2030-04-24,417.68,residential,India
1,2030-04-25,447.33,residential,India
1,2030-04-26,441.95,residential,India
1,2030-04-27,386.15,residential,India
1,2030-04-28,413.65,residential,India
1,2030-04-29,460.25,residential,India
1,2030-04-30,449.85,residential,India
1,2030-05-01,469.34,residential,India
1,2030-05-02,415.01,residential,India
1,2030-05-03,395.8,residential,India
1,2030-05-04,401.54,residential,India
1,2030-05-05,460.13,residential,India
1,2030-05-06,445.29,residential,India
1,2030-05-07,429.39,residential,India
1,2030-05-08,432.18,residential,India
1,2030-05-09,454.57,residential,India
1,2030-05-10,424.52,residential,India
1,2030-05-11,464.45,residential,India
1,2030-05-12,412.69,residential,India
1,2030-05-13,435.42,residential,India
1,2030-05-14,427.47,residential,India
1,2030-05-15,416.98,residential,India
1,2030-05-16,468.5,residential,India
1,2030-05-17,448.75,residential,India
1,2030-05-18,431.62,residential,India
1,2030-05-19,468.49,residential,India
1,2030-05-20,419.83,residential,India
1,2030-05-21,452.06,residential,India
1,2030-05-22,420.22,residential,India
1,2030-05-23,447.75,residential,India
1,2030-05-24,408.03,residential,India
1,2030-05-25,481.54,residential,India
1,2030-05-26,450.44,residential,India
1,2030-05-27,440.16,residential,India
1,2030-05-28,430.77,residential,India
1,2030-05-29,431.76,residential,India
1,2030-05-30,452.26,residential,India
1,2030-05-31,437.76,residential,India
1,2030-06-01,456.14,residential,India
1,2030-06-02,435.92,residential,India
1,2030-06-03,445.56,residential,India
1,2030-06-04,428.23,residential,India
1,2030-06-05,453.63,residential,India
1,2030-06-06,433.19,residential,India
1,2030-06-07,437.02,residential,India
1,2030-06-08,434.61,residential,India
1,2030-06-09,446.15,residential,India
1,2030-06-10,446.07,residential,India
1,2030-06-11,426.07,residential,India
1,2030-06-12,443.33,residential,India
1,2030-06-13,455.03,residential,India
1,2030-06-14,457.79,residential,India
1,2030-06-15,415.38,residential,India
1,2030-06-16,456.28,residential,India
1,2030-06-17,437.86,residential,India
1,2030-06-18,445.86,residential,India
1,2030-06-19,450.85,residential,India
1,2030-06-20,445.97,residential,India
1,2030-06-21,491.11,residential,India
1,2030-06-22,452.96,residential,India
1,2030-06-23,460.43,residential,India
1,2030-06-24,460.73,residential,India
1,2030-06-25,440.77,residential,India
1,2030-06-26,455.55,residential,India
1,2030-06-27,491.64,residential,India
1,2030-06-28,448.83,residential,India
1,2030-06-29,452.97,residential,India
1,2030-06-30,450.53,residential,India
1,2030-07-01,429.61,residential,India
1,2030-07-02,447.41,residential,India
1,2030-07-03,439.95,residential,India
1,2030-07-04,450.2,residential,India
1,2030-07-05,457.17,residential,India
1,2030-07-06,440.37,residential,India
1,2030-07-07,462.24,residential,India
1,2030-07-08,448.02,residential,India
1,2030-07-09,466.87,residential,India
1,2030-07-10,429.73,residential,India
1,2030-07-11,447.7,residential,India
1,2030-07-12,471.77,residential,India
1,2030-07-13,493.22,residential,India
1,2030-07-14,430.57,residential,India
1,2030-07-15,460.42,residential,India
1,2030-07-16,453.5,residential,India
1,2030-07-17,447.42,residential,India
1,2030-07-18,474.77,residential,India
1,2030-07-19,458.28,residential,India
1,2030-07-20,439.1,residential,India
1,2030-07-21,446.99,residential,India
1,2030-07-22,423.4,residential,India
1,2030-07-23,462.92,residential,India
1,2030-07-24,443.87,residential,India
1,2030-07-25,467.03,residential,India
1,2030-07-26,457.4,residential,India
1,2030-07-27,471.4,residential,India
1,2030-07-28,448.34,residential,India
1,2030-07-29,451.46,residential,India
1,2030-07-30,471.16,residential,India
1,2030-07-31,488.09,residential,India
1,2030-08-01,484.28,residential,India
1,2030-08-02,417.06,residential,India
1,2030-08-03,483.53,residential,India
1,2030-08-04,484.42,residential,India
1,2030-08-05,453.74,residential,India
1,2030-08-06,479.63,residential,India
1,2030-08-07,467.31,residential,India
1,2030-08-08,450.44,residential,India
1,2030-08-09,458.38,residential,India
1,2030-08-10,454.96,residential,India
1,2030-08-11,472.1,residential,India
1,2030-08-12,448.95,residential,India
1,2030-08-13,465.55,residential,India
1,2030-08-14,450.67,residential,India
1,2030-08-15,452.91,residential,India
1,2030-08-16,430.48,residential,India
1,2030-08-17,441.72,residential,India
1,2030-08-18,447.26,residential,India
1,2030-08-19,455.77,residential,India
1,2030-08-20,444.14,residential,India
1,2030-08-21,447.92,residential,India
1,2030-08-22,446.98,residential,India
1,2030-08-23,482.17,residential,India
1,2030-08-24,509.82,residential,India
1,2030-08-25,444.76,residential,India
1,2030-08-26,489.3,residential,India
1,2030-08-27,440.62,residential,India
1,2030-08-28,444.22,residential,India
1,2030-08-29,456.0,residential,India
1,2030-08-30,444.88,residential,India
1,2030-08-31,412.96,residential,India
1,2030-09-01,429.96,residential,India
1,2030-09-02,459.51,residential,India
1,2030-09-03,473.58,residential,India
1,2030-09-04,483.66,residential,India
1,2030-09-05,459.76,residential,India
1,2030-09-06,489.8,residential,India
1,2030-09-07,453.34,residential,India
1,2030-09-08,442.14,residential,India
1,2030-09-09,471.47,residential,India
1,2030-09-10,446.63,residential,India
1,2030-09-11,482.9,residential,India
1,2030-09-12,471.31,residential,India
1,2030-09-13,476.78,residential,India
1,2030-09-14,488.9,residential,India
1,2030-09-15,463.91,residential,India
1,2030-09-16,449.57,residential,India
1,2030-09-17,460.07,residential,India
1,2030-09-18,465.49,residential,India
1,2030-09-19,470.4,residential,India
1,2030-09-20,472.5,residential,India
1,2030-09-21,512.04,residential,India
1,2030-09-22,450.41,residential,India
1,2030-09-23,470.19,residential,India
1,2030-09-24,467.41,residential,India
1,2030-09-25,439.89,residential,India
1,2030-09-26,463.11,residential,India
1,2030-09-27,474.45,residential,India
1,2030-09-28,473.27,residential,India
1,2030-09-29,477.71,residential,India
1,2030-09-30,514.48,residential,India
1,2030-10-01,477.38,residential,India
1,2030-10-02,462.08,residential,India
1,2030-10-03,472.4,residential,India
1,2030-10-04,461.52,residential,India
1,2030-10-05,489.78,residential,India
1,2030-10-06,494.31,residential,India
1,2030-10-07,467.91,residential,India
1,2030-10-08,475.19,residential,India
1,2030-10-09,445.73,residential,India
1,2030-10-10,495.57,residential,India
1,2030-10-11,437.87,residential,India
1,2030-10-12,478.62,residential,India
1,2030-10-13,460.77,residential,India
1,2030-10-14,473.28,residential,India
1,2030-10-15,461.36,residential,India
1,2030-10-16,454.92,residential,India
1,2030-10-17,475.0,residential,India
1,2030-10-18,467.57,residential,India
1,2030-10-19,473.09,residential,India
1,2030-10-20,506.41,residential,India
1,2030-10-21,465.39,residential,India
1,2030-10-22,475.1,residential,India
1,2030-10-23,463.14,residential,India
1,2030-10-24,477.38,residential,India
1,2030-10-25,473.3,residential,India
1,2030-10-26,491.95,residential,India
1,2030-10-27,454.02,residential,India
1,2030-10-28,467.21,residential,India
1,2030-10-29,456.61,residential,India
1,2030-10-30,468.64,residential,India
1,2030-10-31,495.26,residential,India
1,2030-11-01,438.44,residential,India
1,2030-11-02,500.16,residential,India
1,2030-11-03,496.51,residential,India
1,2030-11-04,457.25,residential,India
1,2030-11-05,470.85,residential,India
1,2030-11-06,464.14,residential,India
1,2030-11-07,476.35,residential,India
1,2030-11-08,472.38,residential,India
1,2030-11-09,461.68,residential,India
1,2030-11-10,454.56,residential,India
1,2030-11-11,504.47,residential,India
1,2030-11-12,498.19,residential,India
1,2030-11-13,448.9,residential,India
1,2030-11-14,467.57,residential,India
1,2030-11-15,486.01,residential,India
1,2030-11-16,453.55,residential,India
1,2030-11-17,504.54,residential,India
1,2030-11-18,460.85,residential,India
1,2030-11-19,461.1,residential,India
1,2030-11-20,481.54,residential,India
1,2030-11-21,486.85,residential,India
1,2030-11-22,461.01,residential,India
1,2030-11-23,480.29,residential,India
1,2030-11-24,492.44,residential,India
1,2030-11-25,454.4,residential,India
1,2030-11-26,480.93,residential,India
1,2030-11-27,491.64,residential,India
1,2030-11-28,493.6,residential,India
1,2030-11-29,476.22,residential,India
1,2030-11-30,476.48,residential,India
1,2030-12-01,480.35,residential,India
1,2030-12-02,473.23,residential,India
1,2030-12-03,511.84,residential,India
1,2030-12-04,499.47,residential,India
1,2030-12-05,493.03,residential,India
1,2030-12-06,512.9,residential,India
1,2030-12-07,444.26,residential,India
1,2030-12-08,471.5,residential,India
1,2030-12-09,498.61,residential,India
1,2030-12-10,504.78,residential,India
1,2030-12-11,506.43,residential,India
1,2030-12-12,467.96,residential,India
1,2030-12-13,455.55,residential,India
1,2030-12-14,473.26,residential,India
1,2030-12-15,481.16,residential,India
1,2030-12-16,500.17,residential,India
1,2030-12-17,477.96,residential,India
1,2030-12-18,483.86,residential,India
1,2030-12-19,473.9,residential,India
1,2030-12-20,461.84,residential,India
1,2030-12-21,467.81,residential,India
1,2030-12-22,466.9,residential,India
1,2030-12-23,512.4,residential,India
1,2030-12-24,464.83,residential,India
1,2030-12-25,496.75,residential,India
1,2030-12-26,493.44,residential,India
1,2030-12-27,474.44,residential,India
1,2030-12-28,477.56,residential,India
1,2030-12-29,464.86,residential,India
1,2030-12-30,516.49,residential,India
1,2030-12-31,518.06,residential,India
1,2031-01-01,494.17,residential,India
1,2031-01-02,456.89,residential,India
1,2031-01-03,501.24,residential,India
1,2031-01-04,487.62,residential,India
1,2031-01-05,473.27,residential,India
1,2031-01-06,473.13,residential,India
1,2031-01-07,461.08,residential,India
1,2031-01-08,520.74,residential,India
1,2031-01-09,437.82,residential,India
1,2031-01-10,500.58,residential,India
1,2031-01-11,492.77,residential,India
1,2031-01-12,521.43,residential,India
1,2031-01-13,467.33,residential,India
1,2031-01-14,493.3,residential,India
1,2031-01-15,476.84,residential,India
1,2031-01-16,509.88,residential,India
1,2031-01-17,512.18,residential,India
1,2031-01-18,478.29,residential,India
1,2031-01-19,498.82,residential,India
1,2031-01-20,499.79,residential,India
1,2031-01-21,482.18,residential,India
1,2031-01-22,483.91,residential,India
1,2031-01-23,500.53,residential,India
1,2031-01-24,484.37,residential,India
1,2031-01-25,514.71,residential,India
1,2031-01-26,471.22,residential,India
1,2031-01-27,438.69,residential,India
1,2031-01-28,476.26,residential,India
1,2031-01-29,458.4,residential,India
1,2031-01-30,503.61,residential,India
1,2031-01-31,507.43,residential,India
1,2031-02-01,490.43,residential,India
1,2031-02-02,493.29,residential,India
1,2031-02-03,500.08,residential,India
1,2031-02-04,539.28,residential,India
1,2031-02-05,519.63,residential,India
1,2031-02-06,477.07,residential,India
1,2031-02-07,455.26,residential,India
1,2031-02-08,428.78,residential,India
1,2031-02-09,520.5,residential,India
1,2031-02-10,528.55,residential,India
1,2031-02-11,474.34,residential,India
1,2031-02-12,481.05,residential,India
1,2031-02-13,495.95,residential,India
1,2031-02-14,494.14,residential,India
1,2031-02-15,497.82,residential,India
1,2031-02-16,490.92,residential,India
1,2031-02-17,472.6,residential,India
1,2031-02-18,463.11,residential,India
1,2031-02-19,488.67,residential,India
1,2031-02-20,503.53,residential,India
1,2031-02-21,512.69,residential,India
1,2031-02-22,497.12,residential,India
1,2031-02-23,499.34,residential,India
1,2031-02-24,476.14,residential,India
1,2031-02-25,507.36,residential,India
1,2031-02-26,464.17,residential,India
1,2031-02-27,484.45,residential,India
1,2031-02-28,513.36,residential,India
1,2031-03-01,490.77,residential,India
1,2031-03-02,478.06,residential,India
1,2031-03-03,516.62,residential,India
1,2031-03-04,477.83,residential,India
1,2031-03-05,445.85,residential,India
1,2031-03-06,459.08,residential,India
1,2031-03-07,465.18,residential,India
1,2031-03-08,514.29,residential,India
1,2031-03-09,469.91,residential,India
1,2031-03-10,462.43,residential,India
1,2031-03-11,481.72,residential,India
1,2031-03-12,513.01,residential,India
1,2031-03-13,491.23,residential,India
1,2031-03-14,494.74,residential,India
1,2031-03-15,445.65,residential,India
1,2031-03-16,499.14,residential,India
1,2031-03-17,501.14,residential,India
1,2031-03-18,502.92,residential,India
1,2031-03-19,469.84,residential,India
1,2031-03-20,476.8,residential,India
1,2031-03-21,476.86,residential,India
1,2031-03-22,468.86,residential,India
1,2031-03-23,496.46,residential,India
1,2031-03-24,508.63,residential,India
1,2031-03-25,436.49,residential,India
1,2031-03-26,492.07,residential,India
1,2031-03-27,501.09,residential,India
1,2031-03-28,504.27,residential,India
1,2031-03-29,479.24,residential,India
1,2031-03-30,493.6,residential,India
1,2031-03-31,495.42,residential,India
1,2031-04-01,498.09,residential,India
1,2031-04-02,485.81,residential,India
1,2031-04-03,492.09,residential,India
1,2031-04-04,502.27,residential,India
1,2031-04-05,521.2,residential,India
1,2031-04-06,488.39,residential,India
1,2031-04-07,495.8,residential,India
1,2031-04-08,530.13,residential,India
1,2031-04-09,503.89,residential,India
1,2031-04-10,520.77,residential,India
1,2031-04-11,493.32,residential,India
1,2031-04-12,509.14,residential,India
1,2031-04-13,452.78,residential,India
1,2031-04-14,524.87,residential,India
1,2031-04-15,481.28,residential,India
1,2031-04-16,542.61,residential,India
1,2031-04-17,492.68,residential,India
1,2031-04-18,491.91,residential,India
1,2031-04-19,458.57,residential,India
1,2031-04-20,481.88,residential,India
1,2031-04-21,517.48,residential,India
1,2031-04-22,467.09,residential,India
1,2031-04-23,503.05,residential,India
1,2031-04-24,529.68,residential,India
1,2031-04-25,492.81,residential,India
1,2031-04-26,529.45,residential,India
1,2031-04-27,480.72,residential,India
1,2031-04-28,495.55,residential,India
1,2031-04-29,476.46,residential,India
1,2031-04-30,494.51,residential,India
1,2031-05-01,485.87,residential,India
1,2031-05-02,543.67,residential,India
1,2031-05-03,510.34,residential,India
1,2031-05-04,521.67,residential,India
1,2031-05-05,523.67,residential,India
1,2031-05-06,489.44,residential,India
1,2031-05-07,483.7,residential,India
1,2031-05-08,501.29,residential,India
1,2031-05-09,490.32,residential,India
1,2031-05-10,513.56,residential,India
1,2031-05-11,493.59,residential,India
1,2031-05-12,516.79,residential,India
1,2031-05-13,496.02,residential,India
1,2031-05-14,514.08,residential,India
1,2031-05-15,532.82,residential,India
1,2031-05-16,537.08,residential,India
1,2031-05-17,499.1,residential,India
1,2031-05-18,507.52,residential,India
1,2031-05-19,526.36,residential,India
1,2031-05-20,497.87,residential,India
1,2031-05-21,522.36,residential,India
1,2031-05-22,481.69,residential,India
1,2031-05-23,491.11,residential,India
1,2031-05-24,477.89,residential,India
1,2031-05-25,518.33,residential,India
1,2031-05-26,503.0,residential,India
1,2031-05-27,521.63,residential,India
1,2031-05-28,471.08,residential,India
1,2031-05-29,515.17,residential,India
1,2031-05-30,536.29,residential,India
1,2031-05-31,501.46,residential,India
1,2031-06-01,495.86,residential,India
1,2031-06-02,522.5,residential,India
1,2031-06-03,520.83,residential,India
1,2031-06-04,473.8,residential,India
1,2031-06-05,472.6,residential,India
1,2031-06-06,491.47,residential,India
1,2031-06-07,525.66,residential,India
1,2031-06-08,536.86,residential,India
1,2031-06-09,504.62,residential,India
1,2031-06-10,538.4,residential,India
1,2031-06-11,560.17,residential,India
1,2031-06-12,526.95,residential,India
1,2031-06-13,512.63,residential,India
1,2031-06-14,538.06,residential,India
1,2031-06-15,541.55,residential,India
1,2031-06-16,476.11,residential,India
1,2031-06-17,541.98,residential,India
1,2031-06-18,489.69,residential,India
1,2031-06-19,505.61,residential,India
1,2031-06-20,544.67,residential,India
1,2031-06-21,533.55,residential,India
1,2031-06-22,479.42,residential,India
1,2031-06-23,539.24,residential,India
1,2031-06-24,497.98,residential,India
1,2031-06-25,500.63,residential,India
1,2031-06-26,490.22,residential,India
1,2031-06-27,529.68,residential,India
1,2031-06-28,493.02,residential,India
1,2031-06-29,528.08,residential,India
1,2031-06-30,490.24,residential,India
1,2031-07-01,505.54,residential,India
1,2031-07-02,541.34,residential,India
1,2031-07-03,528.15,residential,India
1,2031-07-04,534.95,residential,India
1,2031-07-05,509.48,residential,India
1,2031-07-06,521.22,residential,India
1,2031-07-07,508.69,residential,India
1,2031-07-08,519.08,residential,India
1,2031-07-09,502.74,residential,India
1,2031-07-10,516.58,residential,India
1,2031-07-11,515.37,residential,India
1,2031-07-12,545.82,residential,India
1,2031-07-13,522.93,residential,India
1,2031-07-14,521.18,residential,India
1,2031-07-15,521.19,residential,India
1,2031-07-16,551.16,residential,India
1,2031-07-17,546.15,residential,India
1,2031-07-18,511.62,residential,India
1,2031-07-19,521.83,residential,India
1,2031-07-20,502.46,residential,India
1,2031-07-21,492.01,residential,India
1,2031-07-22,517.07,residential,India
1,2031-07-23,504.61,residential,India
1,2031-07-24,536.23,residential,India
1,2031-07-25,541.87,residential,India
1,2031-07-26,532.47,residential,India
1,2031-07-27,532.61,residential,India
1,2031-07-28,489.23,residential,India
1,2031-07-29,525.97,residential,India
1,2031-07-30,522.56,residential,India
1,2031-07-31,512.08,residential,India
1,2031-08-01,528.33,residential,India
1,2031-08-02,508.45,residential,India
1,2031-08-03,521.95,residential,India
1,2031-08-04,502.41,residential,India
1,2031-08-05,514.52,residential,India
1,2031-08-06,502.61,residential,India
1,2031-08-07,485.61,residential,India
1,2031-08-08,523.25,residential,India
1,2031-08-09,521.09,residential,India
1,2031-08-10,521.74,residential,India
1,2031-08-11,544.02,residential,India
1,2031-08-12,523.64,residential,India
1,2031-08-13,498.81,residential,India
1,2031-08-14,532.11,residential,India
1,2031-08-15,509.37,residential,India
1,2031-08-16,522.5,residential,India
1,2031-08-17,519.27,residential,India
1,2031-08-18,525.94,residential,India
1,2031-08-19,498.09,residential,India
1,2031-08-20,481.62,residential,India
1,2031-08-21,497.8,residential,India
1,2031-08-22,494.83,residential,India
1,2031-08-23,517.98,residential,India
1,2031-08-24,549.01,residential,India
1,2031-08-25,508.13,residential,India
1,2031-08-26,539.15,residential,India
1,2031-08-27,533.09,residential,India
1,2031-08-28,517.21,residential,India
1,2031-08-29,507.32,residential,India
1,2031-08-30,551.43,residential,India
1,2031-08-31,540.01,residential,India
1,2031-09-01,525.24,residential,India
1,2031-09-02,549.34,residential,India
1,2031-09-03,523.9,residential,India
1,2031-09-04,539.47,residential,India
1,2031-09-05,550.91,residential,India
1,2031-09-06,541.48,residential,India
1,2031-09-07,530.6,residential,India
1,2031-09-08,576.18,residential,India
1,2031-09-09,523.84,residential,India
1,2031-09-10,530.18,residential,India
1,2031-09-11,482.55,residential,India
1,2031-09-12,519.3,residential,India
1,2031-09-13,517.34,residential,India
1,2031-09-14,523.96,residential,India
1,2031-09-15,540.62,residential,India
1,2031-09-16,519.92,residential,India
1,2031-09-17,499.97,residential,India
1,2031-09-18,543.22,residential,India
1,2031-09-19,526.66,residential,India
1,2031-09-20,501.77,residential,India
1,2031-09-21,525.19,residential,India
1,2031-09-22,536.14,residential,India
1,2031-09-23,551.34,residential,India
1,2031-09-24,531.2,residential,India
1,2031-09-25,544.56,residential,India
1,2031-09-26,528.43,residential,India
1,2031-09-27,539.31,residential,India
1,2031-09-28,509.35,residential,India
1,2031-09-29,507.6,residential,India
1,2031-09-30,546.89,residential,India
1,2031-10-01,514.83,residential,India
1,2031-10-02,497.01,residential,India
1,2031-10-03,512.12,residential,India
1,2031-10-04,534.01,residential,India
1,2031-10-05,522.38,residential,India
1,2031-10-06,532.74,residential,India
1,2031-10-07,503.61,residential,India
1,2031-10-08,497.6,residential,India
1,2031-10-09,513.59,residential,India
1,2031-10-10,541.73,residential,India
1,2031-10-11,553.85,residential,India
1,2031-10-12,520.39,residential,India
1,2031-10-13,532.45,residential,India
1,2031-10-14,535.27,residential,India
1,2031-10-15,513.67,residential,India
1,2031-10-16,544.55,residential,India
1,2031-10-17,556.93,residential,India
1,2031-10-18,537.98,residential,India
1,2031-10-19,512.17,residential,India
1,2031-10-20,521.86,residential,India
1,2031-10-21,541.0,residential,India
1,2031-10-22,538.27,residential,India
1,2031-10-23,541.26,residential,India
1,2031-10-24,548.77,residential,India
1,2031-10-25,530.35,residential,India
1,2031-10-26,526.61,residential,India
1,2031-10-27,539.87,residential,India
1,2031-10-28,553.94,residential,India
1,2031-10-29,548.87,residential,India
1,2031-10-30,533.38,residential,India
1,2031-10-31,515.79,residential,India
1,2031-11-01,540.9,residential,India
1,2031-11-02,516.5,residential,India
1,2031-11-03,499.66,residential,India
1,2031-11-04,551.17,residential,India
1,2031-11-05,528.44,residential,India
1,2031-11-06,551.5,residential,India
1,2031-11-07,534.39,residential,India
1,2031-11-08,522.44,residential,India
1,2031-11-09,543.25,residential,India
1,2031-11-10,530.31,residential,India
1,2031-11-11,494.95,residential,India
1,2031-11-12,521.9,residential,India
1,2031-11-13,556.19,residential,India
1,2031-11-14,547.37,residential,India
1,2031-11-15,534.31,residential,India
1,2031-11-16,543.72,residential,India
1,2031-11-17,527.54,residential,India
1,2031-11-18,542.68,residential,India
1,2031-11-19,519.34,residential,India
1,2031-11-20,551.31,residential,India
1,2031-11-21,545.75,residential,India
1,2031-11-22,542.5,residential,India
1,2031-11-23,551.89,residential,India
1,2031-11-24,549.8,residential,India
1,2031-11-25,497.06,residential,India
1,2031-11-26,526.3,residential,India
1,2031-11-27,539.46,residential,India
1,2031-11-28,496.79,residential,India
1,2031-11-29,534.75,residential,India
1,2031-11-30,548.34,residential,India
1,2031-12-01,544.91,residential,India
1,2031-12-02,515.39,residential,India
1,2031-12-03,574.51,residential,India
1,2031-12-04,533.21,residential,India
1,2031-12-05,496.39,residential,India
1,2031-12-06,505.37,residential,India
1,2031-12-07,512.72,residential,India
1,2031-12-08,513.77,residential,India
1,2031-12-09,521.25,residential,India
1,2031-12-10,540.9,residential,India
1,2031-12-11,544.05,residential,India
1,2031-12-12,535.93,residential,India
1,2031-12-13,568.15,residential,India
1,2031-12-14,551.36,residential,India
1,2031-12-15,529.56,residential,India
1,2031-12-16,545.26,residential,India
1,2031-12-17,538.84,residential,India
1,2031-12-18,533.91,residential,India
1,2031-12-19,522.29,residential,India
1,2031-12-20,509.6,residential,India
1,2031-12-21,557.25,residential,India
1,2031-12-22,515.22,residential,India
1,2031-12-23,503.98,residential,India
1,2031-12-24,563.15,residential,India
1,2031-12-25,540.17,residential,India
1,2031-12-26,571.15,residential,India
1,2031-12-27,525.09,residential,India
1,2031-12-28,530.19,residential,India
1,2031-12-29,504.42,residential,India
1,2031-12-30,505.5,residential,India
1,2031-12-31,512.1,residential,India
1,2032-01-01,583.45,residential,India
1,2032-01-02,536.92,residential,India
1,2032-01-03,533.73,residential,India
1,2032-01-04,501.01,residential,India
1,2032-01-05,512.24,residential,India
1,2032-01-06,562.26,residential,India
1,2032-01-07,540.0,residential,India
1,2032-01-08,523.43,residential,India
1,2032-01-09,551.96,residential,India
1,2032-01-10,544.56,residential,India
1,2032-01-11,542.05,residential,India
1,2032-01-12,533.65,residential,India
1,2032-01-13,499.82,residential,India
1,2032-01-14,519.62,residential,India
1,2032-01-15,538.39,residential,India
1,2032-01-16,568.53,residential,India
1,2032-01-17,552.57,residential,India
1,2032-01-18,518.1,residential,India
1,2032-01-19,524.22,residential,India
1,2032-01-20,554.04,residential,India
1,2032-01-21,537.91,residential,India
1,2032-01-22,575.23,residential,India
1,2032-01-23,527.48,residential,India
1,2032-01-24,540.55,residential,India
1,2032-01-25,554.59,residential,India
1,2032-01-26,538.25,residential,India
1,2032-01-27,546.05,residential,India
1,2032-01-28,549.33,residential,India
1,2032-01-29,540.38,residential,India
1,2032-01-30,518.64,residential,India
1,2032-01-31,542.56,residential,India
1,2032-02-01,564.29,residential,India
1,2032-02-02,537.86,residential,India
1,2032-02-03,555.7,residential,India
1,2032-02-04,566.66,residential,India
1,2032-02-05,523.14,residential,India
1,2032-02-06,534.23,residential,India
1,2032-02-07,524.27,residential,India
1,2032-02-08,533.55,residential,India
1,2032-02-09,547.51,residential,India
1,2032-02-10,525.43,residential,India
1,2032-02-11,543.37,residential,India
1,2032-02-12,551.93,residential,India
1,2032-02-13,551.55,residential,India
1,2032-02-14,575.16,residential,India
1,2032-02-15,564.69,residential,India
1,2032-02-16,549.35,residential,India
1,2032-02-17,538.27,residential,India
1,2032-02-18,547.05,residential,India
1,2032-02-19,533.05,residential,India
1,2032-02-20,490.81,residential,India
1,2032-02-21,542.74,residential,India
1,2032-02-22,534.78,residential,India
1,2032-02-23,547.1,residential,India
1,2032-02-24,538.5,residential,India
1,2032-02-25,512.13,residential,India
1,2032-02-26,532.79,residential,India
1,2032-02-27,562.32,residential,India
1,2032-02-28,535.36,residential,India
1,2032-02-29,533.29,residential,India
1,2032-03-01,549.58,residential,India
1,2032-03-02,528.31,residential,India
1,2032-03-03,540.86,residential,India
1,2032-03-04,520.73,residential,India
1,2032-03-05,544.25,residential,India
1,2032-03-06,516.66,residential,India
1,2032-03-07,526.85,residential,India
1,2032-03-08,576.45,residential,India
1,2032-03-09,573.55,residential,India
1,2032-03-10,558.87,residential,India
1,2032-03-11,524.36,residential,India
1,2032-03-12,551.89,residential,India
1,2032-03-13,518.64,residential,India
1,2032-03-14,570.82,residential,India
1,2032-03-15,565.76,residential,India
1,2032-03-16,551.59,residential,India
1,2032-03-17,544.93,residential,India
1,2032-03-18,506.16,residential,India
1,2032-03-19,559.61,residential,India
1,2032-03-20,562.8,residential,India
1,2032-03-21,507.57,residential,India
1,2032-03-22,566.81,residential,India
1,2032-03-23,529.25,residential,India
1,2032-03-24,546.27,residential,India
1,2032-03-25,533.27,residential,India
1,2032-03-26,569.73,residential,India
1,2032-03-27,547.54,residential,India
1,2032-03-28,534.79,residential,India
1,2032-03-29,533.77,residential,India
1,2032-03-30,519.14,residential,India
1,2032-03-31,560.37,residential,India
1,2032-04-01,545.14,residential,India
1,2032-04-02,569.71,residential,India
1,2032-04-03,530.8,residential,India
1,2032-04-04,599.43,residential,India
1,2032-04-05,568.44,residential,India
1,2032-04-06,522.31,residential,India
1,2032-04-07,520.92,residential,India
1,2032-04-08,544.97,residential,India
1,2032-04-09,535.59,residential,India
1,2032-04-10,513.34,residential,India
1,2032-04-11,566.67,residential,India
1,2032-04-12,534.65,residential,India
1,2032-04-13,540.79,residential,India
1,2032-04-14,530.03,residential,India
1,2032-04-15,561.67,residential,India
1,2032-04-16,559.68,residential,India
1,2032-04-17,516.37,residential,India
1,2032-04-18,521.17,residential,India
1,2032-04-19,565.37,residential,India
1,2032-04-20,543.96,residential,India
1,2032-04-21,533.67,residential,India
1,2032-04-22,560.32,residential,India
1,2032-04-23,557.79,residential,India
1,2032-04-24,541.75,residential,India
1,2032-04-25,583.55,residential,India
1,2032-04-26,554.24,residential,India
1,2032-04-27,549.12,residential,India
1,2032-04-28,586.02,residential,India
1,2032-04-29,517.51,residential,India
1,2032-04-30,509.87,residential,India
1,2032-05-01,523.93,residential,India
1,2032-05-02,520.87,residential,India
1,2032-05-03,590.88,residential,India
1,2032-05-04,581.81,residential,India
1,2032-05-05,497.96,residential,India
1,2032-05-06,527.63,residential,India
1,2032-05-07,544.77,residential,India
1,2032-05-08,544.5,residential,India
1,2032-05-09,530.68,residential,India
1,2032-05-10,533.82,residential,India
1,2032-05-11,533.2,residential,India
1,2032-05-12,543.75,residential,India
1,2032-05-13,550.8,residential,India
1,2032-05-14,552.35,residential,India
1,2032-05-15,525.77,residential,India
1,2032-05-16,522.54,residential,India
1,2032-05-17,528.2,residential,India
1,2032-05-18,532.93,residential,India
1,2032-05-19,513.26,residential,India
1,2032-05-20,549.86,residential,India
1,2032-05-21,534.93,residential,India
1,2032-05-22,555.74,residential,India
1,2032-05-23,539.78,residential,India
1,2032-05-24,508.71,residential,India
1,2032-05-25,562.32,residential,India
1,2032-05-26,542.37,residential,India
1,2032-05-27,536.76,residential,India
1,2032-05-28,569.09,residential,India
1,2032-05-29,546.67,residential,India
1,2032-05-30,550.11,residential,India
1,2032-05-31,529.36,residential,India
1,2032-06-01,538.81,residential,India
1,2032-06-02,565.27,residential,India
1,2032-06-03,535.43,residential,India
1,2032-06-04,537.45,residential,India
1,2032-06-05,532.11,residential,India
1,2032-06-06,546.68,residential,India
1,2032-06-07,585.3,residential,India
1,2032-06-08,526.11,residential,India
1,2032-06-09,550.27,residential,India
1,2032-06-10,528.56,residential,India
1,2032-06-11,557.59,residential,India
1,2032-06-12,556.53,residential,India
1,2032-06-13,550.02,residential,India
1,2032-06-14,558.86,residential,India
1,2032-06-15,560.5,residential,India
1,2032-06-16,492.6,residential,India
1,2032-06-17,519.18,residential,India
1,2032-06-18,567.64,residential,India
1,2032-06-19,557.03,residential,India
1,2032-06-20,544.77,residential,India
1,2032-06-21,500.69,residential,India
1,2032-06-22,519.62,residential,India
1,2032-06-23,542.11,residential,India
1,2032-06-24,519.94,residential,India
1,2032-06-25,533.21,residential,India
1,2032-06-26,510.9,residential,India
1,2032-06-27,555.2,residential,India
1,2032-06-28,562.38,residential,India
1,2032-06-29,538.57,residential,India
1,2032-06-30,531.11,residential,India
1,2032-07-01,511.84,residential,India
1,2032-07-02,510.54,residential,India
1,2032-07-03,519.45,residential,India
1,2032-07-04,524.68,residential,India
1,2032-07-05,521.26,residential,India
1,2032-07-06,558.74,residential,India
1,2032-07-07,539.62,residential,India
1,2032-07-08,536.49,residential,India
1,2032-07-09,559.73,residential,India
1,2032-07-10,543.12,residential,India
1,2032-07-11,534.25,residential,India
1,2032-07-12,536.24,residential,India
1,2032-07-13,499.96,residential,India
1,2032-07-14,544.72,residential,India
1,2032-07-15,544.66,residential,India
1,2032-07-16,551.77,residential,India
1,2032-07-17,553.66,residential,India
1,2032-07-18,581.61,residential,India
1,2032-07-19,526.49,residential,India
1,2032-07-20,513.33,residential,India
1,2032-07-21,547.76,residential,India
1,2032-07-22,503.35,residential,India
1,2032-07-23,549.88,residential,India
1,2032-07-24,525.22,residential,India
1,2032-07-25,537.33,residential,India
1,2032-07-26,560.87,residential,India
1,2032-07-27,532.91,residential,India
1,2032-07-28,565.58,residential,India
1,2032-07-29,521.46,residential,India
1,2032-07-30,541.4,residential,India
1,2032-07-31,513.37,residential,India
1,2032-08-01,570.53,residential,India
1,2032-08-02,525.47,residential,India
1,2032-08-03,562.07,residential,India
1,2032-08-04,565.16,residential,India
1,2032-08-05,517.54,residential,India
1,2032-08-06,533.73,residential,India
1,2032-08-07,525.9,residential,India
1,2032-08-08,549.05,residential,India
1,2032-08-09,553.41,residential,India
1,2032-08-10,533.69,residential,India
1,2032-08-11,505.47,residential,India
1,2032-08-12,567.05,residential,India
1,2032-08-13,536.38,residential,India
1,2032-08-14,576.33,residential,India
1,2032-08-15,566.22,residential,India
1,2032-08-16,512.78,residential,India
1,2032-08-17,531.92,residential,India
1,2032-08-18,560.23,residential,India
1,2032-08-19,518.54,residential,India
1,2032-08-20,556.98,residential,India
1,2032-08-21,560.39,residential,India
1,2032-08-22,560.17,residential,India
1,2032-08-23,518.12,residential,India
1,2032-08-24,539.86,residential,India
1,2032-08-25,549.65,residential,India
1,2032-08-26,525.89,residential,India
1,2032-08-27,544.84,residential,India
1,2032-08-28,508.94,residential,India
1,2032-08-29,552.37,residential,India
1,2032-08-30,515.86,residential,India
1,2032-08-31,549.3,residential,India
1,2032-09-01,554.91,residential,India
1,2032-09-02,530.65,residential,India
1,2032-09-03,544.31,residential,India
1,2032-09-04,545.26,residential,India
1,2032-09-05,569.75,residential,India
1,2032-09-06,546.33,residential,India
1,2032-09-07,546.28,residential,India
1,2032-09-08,545.74,residential,India
1,2032-09-09,538.75,residential,India
1,2032-09-10,544.52,residential,India
1,2032-09-11,546.1,residential,India
1,2032-09-12,540.4,residential,India
1,2032-09-13,509.37,residential,India
1,2032-09-14,561.03,residential,India
1,2032-09-15,555.44,residential,India
1,2032-09-16,525.3,residential,India
1,2032-09-17,537.0,residential,India
1,2032-09-18,538.82,residential,India
1,2032-09-19,529.57,residential,India
1,2032-09-20,541.91,residential,India
1,2032-09-21,554.05,residential,India
1,2032-09-22,489.04,residential,India
1,2032-09-23,499.6,residential,India
1,2032-09-24,563.59,residential,India
1,2032-09-25,553.45,residential,India
1,2032-09-26,542.18,residential,India
1,2032-09-27,528.13,residential,India
1,2032-09-28,516.87,residential,India
1,2032-09-29,530.4,residential,India
1,2032-09-30,545.89,residential,India
1,2032-10-01,550.08,residential,India
1,2032-10-02,523.21,residential,India
1,2032-10-03,514.84,residential,India
1,2032-10-04,540.91,residential,India
1,2032-10-05,522.67,residential,India
1,2032-10-06,521.3,residential,India
1,2032-10-07,535.8,residential,India
1,2032-10-08,550.88,residential,India
1,2032-10-09,540.03,residential,India
1,2032-10-10,532.82,residential,India
1,2032-10-11,526.83,residential,India
1,2032-10-12,529.54,residential,India
1,2032-10-13,548.84,residential,India
1,2032-10-14,514.13,residential,India
1,2032-10-15,514.05,residential,India
1,2032-10-16,562.83,residential,India
1,2032-10-17,550.33,residential,India
1,2032-10-18,515.92,residential,India
1,2032-10-19,522.57,residential,India
1,2032-10-20,571.75,residential,India
1,2032-10-21,565.72,residential,India
1,2032-10-22,539.89,residential,India
1,2032-10-23,532.21,residential,India
1,2032-10-24,573.51,residential,India
1,2032-10-25,527.65,residential,India
1,2032-10-26,542.21,residential,India
1,2032-10-27,523.37,residential,India
1,2032-10-28,538.27,residential,India
1,2032-10-29,563.29,residential,India
1,2032-10-30,511.09,residential,India
1,2032-10-31,508.7,residential,India
1,2032-11-01,536.52,residential,India
1,2032-11-02,570.2,residential,India
1,2032-11-03,536.92,residential,India
1,2032-11-04,520.06,residential,India
1,2032-11-05,522.63,residential,India
1,2032-11-06,504.03,residential,India
1,2032-11-07,531.44,residential,India
1,2032-11-08,540.82,residential,India
1,2032-11-09,496.03,residential,India
1,2032-11-10,533.85,residential,India
1,2032-11-11,528.08,residential,India
1,2032-11-12,512.93,residential,India
1,2032-11-13,589.65,residential,India
1,2032-11-14,533.92,residential,India
1,2032-11-15,536.76,residential,India
1,2032-11-16,509.1,residential,India
1,2032-11-17,539.47,residential,India
1,2032-11-18,568.31,residential,India
1,2032-11-19,528.58,residential,India
1,2032-11-20,589.24,residential,India
1,2032-11-21,508.11,residential,India
1,2032-11-22,556.32,residential,India
1,2032-11-23,540.41,residential,India
1,2032-11-24,534.32,residential,India
1,2032-11-25,535.23,residential,India
1,2032-11-26,515.42,residential,India
1,2032-11-27,533.12,residential,India
1,2032-11-28,532.55,residential,India
1,2032-11-29,516.45,residential,India
1,2032-11-30,562.74,residential,India
1,2032-12-01,515.75,residential,India
1,2032-12-02,537.49,residential,India
1,2032-12-03,517.18,residential,India
1,2032-12-04,548.25,residential,India
1,2032-12-05,564.58,residential,India
1,2032-12-06,509.72,residential,India
1,2032-12-07,553.88,residential,India
1,2032-12-08,539.62,residential,India
1,2032-12-09,527.54,residential,India
1,2032-12-10,536.99,residential,India
1,2032-12-11,538.43,residential,India
1,2032-12-12,539.69,residential,India
1,2032-12-13,517.84,residential,India
1,2032-12-14,509.77,residential,India
1,2032-12-15,543.27,residential,India
1,2032-12-16,528.16,residential,India
1,2032-12-17,531.88,residential,India
1,2032-12-18,557.33,residential,India
1,2032-12-19,527.29,residential,India
1,2032-12-20,550.66,residential,India
1,2032-12-21,544.55,residential,India
1,2032-12-22,501.4,residential,India
1,2032-12-23,537.64,residential,India
1,2032-12-24,536.72,residential,India
1,2032-12-25,516.68,residential,India
1,2032-12-26,510.12,residential,India
1,2032-12-27,542.67,residential,India
1,2032-12-28,483.77,residential,India
1,2032-12-29,516.26,residential,India
1,2032-12-30,538.34,residential,India
1,2032-12-31,504.83,residential,India
1,2033-01-01,546.79,residential,India
1,2033-01-02,496.72,residential,India
1,2033-01-03,555.5,residential,India
1,2033-01-04,550.08,residential,India
1,2033-01-05,534.07,residential,India
1,2033-01-06,536.32,residential,India
1,2033-01-07,526.91,residential,India
1,2033-01-08,513.62,residential,India
1,2033-01-09,560.89,residential,India
1,2033-01-10,531.95,residential,India
1,2033-01-11,560.95,residential,India
1,2033-01-12,531.47,residential,India
1,2033-01-13,504.24,residential,India
1,2033-01-14,515.49,residential,India
1,2033-01-15,524.58,residential,India
1,2033-01-16,531.8,residential,India
1,2033-01-17,526.97,residential,India
1,2033-01-18,526.88,residential,India
1,2033-01-19,532.39,residential,India
1,2033-01-20,508.56,residential,India
1,2033-01-21,523.19,residential,India
1,2033-01-22,528.59,residential,India
1,2033-01-23,499.02,residential,India
1,2033-01-24,528.86,residential,India
1,2033-01-25,522.93,residential,India
1,2033-01-26,509.48,residential,India
1,2033-01-27,509.45,residential,India
1,2033-01-28,520.04,residential,India
1,2033-01-29,545.59,residential,India
1,2033-01-30,502.05,residential,India
1,2033-01-31,530.93,residential,India
1,2033-02-01,525.89,residential,India
1,2033-02-02,511.09,residential,India
1,2033-02-03,530.53,residential,India
1,2033-02-04,529.95,residential,India
1,2033-02-05,537.04,residential,India
1,2033-02-06,509.5,residential,India
1,2033-02-07,497.62,residential,India
1,2033-02-08,549.94,residential,India
1,2033-02-09,526.39,residential,India
1,2033-02-10,565.2,residential,India
1,2033-02-11,499.18,residential,India
1,2033-02-12,511.79,residential,India
1,2033-02-13,527.46,residential,India
1,2033-02-14,537.93,residential,India
1,2033-02-15,497.8,residential,India
1,2033-02-16,520.92,residential,India
1,2033-02-17,523.65,residential,India
1,2033-02-18,528.79,residential,India
1,2033-02-19,526.94,residential,India
1,2033-02-20,560.34,residential,India
1,2033-02-21,537.87,residential,India
1,2033-02-22,548.53,residential,India
1,2033-02-23,560.47,residential,India
1,2033-02-24,521.18,residential,India
1,2033-02-25,530.06,residential,India
1,2033-02-26,516.75,residential,India
1,2033-02-27,504.72,residential,India
1,2033-02-28,526.71,residential,India
1,2033-03-01,518.08,residential,India
1,2033-03-02,515.42,residential,India
1,2033-03-03,540.45,residential,India
1,2033-03-04,507.6,residential,India
1,2033-03-05,539.06,residential,India
1,2033-03-06,529.86,residential,India
1,2033-03-07,486.79,residential,India
1,2033-03-08,476.47,residential,India
1,2033-03-09,487.08,residential,India
1,2033-03-10,558.63,residential,India
1,2033-03-11,536.25,residential,India
1,2033-03-12,533.32,residential,India
1,2033-03-13,496.05,residential,India
1,2033-03-14,577.13,residential,India
1,2033-03-15,550.18,residential,India
1,2033-03-16,522.24,residential,India
1,2033-03-17,470.24,residential,India
1,2033-03-18,495.96,residential,India
1,2033-03-19,494.81,residential,India
1,2033-03-20,577.6,residential,India
1,2033-03-21,558.87,residential,India
1,2033-03-22,502.04,residential,India
1,2033-03-23,530.47,residential,India
1,2033-03-24,520.09,residential,India
1,2033-03-25,534.37,residential,India
1,2033-03-26,516.12,residential,India
1,2033-03-27,533.82,residential,India
1,2033-03-28,512.89,residential,India
1,2033-03-29,524.77,residential,India
1,2033-03-30,515.77,residential,India
1,2033-03-31,504.11,residential,India
1,2033-04-01,501.09,residential,India
1,2033-04-02,498.17,residential,India
1,2033-04-03,501.8,residential,India
1,2033-04-04,517.66,residential,India
1,2033-04-05,506.86,residential,India
1,2033-04-06,548.19,residential,India
1,2033-04-07,501.03,residential,India
1,2033-04-08,509.73,residential,India
1,2033-04-09,495.65,residential,India
1,2033-04-10,545.12,residential,India
1,2033-04-11,505.56,residential,India
1,2033-04-12,532.51,residential,India
1,2033-04-13,477.58,residential,India
1,2033-04-14,527.39,residential,India
1,2033-04-15,519.15,residential,India
1,2033-04-16,514.19,residential,India
1,2033-04-17,488.0,residential,India
1,2033-04-18,485.96,residential,India
1,2033-04-19,544.74,residential,India
1,2033-04-20,541.47,residential,India
1,2033-04-21,495.0,residential,India
1,2033-04-22,510.13,residential,India
1,2033-04-23,521.21,residential,India
1,2033-04-24,508.13,residential,India
1,2033-04-25,518.8,residential,India
1,2033-04-26,506.26,residential,India
1,2033-04-27,532.25,residential,India
1,2033-04-28,454.0,residential,India
1,2033-04-29,567.59,residential,India
1,2033-04-30,502.4,residential,India
1,2033-05-01,530.26,residential,India
1,2033-05-02,542.26,residential,India
1,2033-05-03,498.83,residential,India
1,2033-05-04,527.52,residential,India
1,2033-05-05,518.14,residential,India
1,2033-05-06,535.57,residential,India
1,2033-05-07,543.67,residential,India
1,2033-05-08,523.09,residential,India
1,2033-05-09,506.52,residential,India
1,2033-05-10,480.6,residential,India
1,2033-05-11,519.73,residential,India
1,2033-05-12,496.44,residential,India
1,2033-05-13,534.59,residential,India
1,2033-05-14,541.01,residential,India
1,2033-05-15,526.71,residential,India
1,2033-05-16,525.79,residential,India
1,2033-05-17,558.25,residential,India
1,2033-05-18,516.64,residential,India
1,2033-05-19,500.34,residential,India
1,2033-05-20,540.03,residential,India
1,2033-05-21,546.07,residential,India
1,2033-05-22,498.49,residential,India
1,2033-05-23,504.96,residential,India
1,2033-05-24,503.93,residential,India
1,2033-05-25,509.86,residential,India
1,2033-05-26,500.22,residential,India
1,2033-05-27,533.77,residential,India
1,2033-05-28,515.2,residential,India
1,2033-05-29,511.84,residential,India
1,2033-05-30,524.17,residential,India
1,2033-05-31,540.51,residential,India
1,2033-06-01,533.48,residential,India
1,2033-06-02,533.81,residential,India
1,2033-06-03,519.3,residential,India
1,2033-06-04,488.95,residential,India
1,2033-06-05,516.7,residential,India
1,2033-06-06,528.64,residential,India
1,2033-06-07,494.07,residential,India
1,2033-06-08,524.92,residential,India
1,2033-06-09,509.66,residential,India
1,2033-06-10,468.44,residential,India
1,2033-06-11,512.01,residential,India
1,2033-06-12,504.25,residential,India
1,2033-06-13,535.04,residential,India
1,2033-06-14,501.67,residential,India
1,2033-06-15,488.94,residential,India
1,2033-06-16,540.29,residential,India
1,2033-06-17,531.16,residential,India
1,2033-06-18,480.67,residential,India
1,2033-06-19,485.79,residential,India
1,2033-06-20,509.09,residential,India
1,2033-06-21,491.66,residential,India
1,2033-06-22,528.67,residential,India
1,2033-06-23,501.19,residential,India
1,2033-06-24,524.17,residential,India
1,2033-06-25,518.71,residential,India
1,2033-06-26,485.5,residential,India
1,2033-06-27,514.44,residential,India
1,2033-06-28,538.94,residential,India
1,2033-06-29,479.42,residential,India
1,2033-06-30,496.31,residential,India
1,2033-07-01,509.76,residential,India
1,2033-07-02,511.07,residential,India
1,2033-07-03,495.39,residential,India
1,2033-07-04,524.82,residential,India
1,2033-07-05,471.54,residential,India
1,2033-07-06,479.09,residential,India
1,2033-07-07,516.35,residential,India
1,2033-07-08,519.87,residential,India
1,2033-07-09,531.78,residential,India
1,2033-07-10,513.89,residential,India
1,2033-07-11,501.44,residential,India
1,2033-07-12,500.87,residential,India
1,2033-07-13,503.83,residential,India
1,2033-07-14,500.82,residential,India
1,2033-07-15,490.93,residential,India
1,2033-07-16,525.54,residential,India
1,2033-07-17,529.96,residential,India
1,2033-07-18,483.17,residential,India
1,2033-07-19,510.84,residential,India
1,2033-07-20,530.55,residential,India
1,2033-07-21,529.9,residential,India
1,2033-07-22,508.86,residential,India
1,2033-07-23,504.28,residential,India
1,2033-07-24,512.26,residential,India
1,2033-07-25,498.25,residential,India
1,2033-07-26,524.66,residential,India
1,2033-07-27,506.27,residential,India
1,2033-07-28,505.38,residential,India
1,2033-07-29,490.24,residential,India
1,2033-07-30,480.92,residential,India
1,2033-07-31,518.6,residential,India
1,2033-08-01,528.88,residential,India
1,2033-08-02,526.95,residential,India
1,2033-08-03,510.45,residential,India
1,2033-08-04,489.95,residential,India
1,2033-08-05,481.58,residential,India
1,2033-08-06,484.71,residential,India
1,2033-08-07,509.76,residential,India
1,2033-08-08,515.58,residential,India
1,2033-08-09,505.89,residential,India
1,2033-08-10,494.52,residential,India
1,2033-08-11,507.18,residential,India
1,2033-08-12,490.0,residential,India
1,2033-08-13,463.27,residential,India
1,2033-08-14,497.88,residential,India
1,2033-08-15,513.05,residential,India
1,2033-08-16,487.2,residential,India
1,2033-08-17,503.2,residential,India
1,2033-08-18,523.79,residential,India
1,2033-08-19,493.14,residential,India
1,2033-08-20,509.31,residential,India
1,2033-08-21,514.84,residential,India
1,2033-08-22,508.3,residential,India
1,2033-08-23,517.37,residential,India
1,2033-08-24,475.35,residential,India
1,2033-08-25,498.52,residential,India
1,2033-08-26,498.27,residential,India
1,2033-08-27,506.9,residential,India
1,2033-08-28,500.09,residential,India
1,2033-08-29,530.62,residential,India
1,2033-08-30,503.47,residential,India
1,2033-08-31,462.16,residential,India
1,2033-09-01,502.28,residential,India
1,2033-09-02,490.43,residential,India
1,2033-09-03,460.96,residential,India
1,2033-09-04,479.02,residential,India
1,2033-09-05,511.18,residential,India
1,2033-09-06,489.41,residential,India
1,2033-09-07,514.12,residential,India
1,2033-09-08,495.03,residential,India
1,2033-09-09,537.09,residential,India
1,2033-09-10,531.39,residential,India
1,2033-09-11,516.36,residential,India
1,2033-09-12,489.75,residential,India
1,2033-09-13,504.78,residential,India
1,2033-09-14,513.53,residential,India
1,2033-09-15,511.59,residential,India
1,2033-09-16,510.95,residential,India
1,2033-09-17,484.07,residential,India
1,2033-09-18,481.74,residential,India
1,2033-09-19,502.99,residential,India
1,2033-09-20,528.01,residential,India
1,2033-09-21,460.28,residential,India
1,2033-09-22,466.94,residential,India
1,2033-09-23,448.16,residential,India
1,2033-09-24,492.81,residential,India
1,2033-09-25,489.63,residential,India
1,2033-09-26,506.09,residential,India
1,2033-09-27,508.43,residential,India
1,2033-09-28,501.63,residential,India
1,2033-09-29,493.48,residential,India
1,2033-09-30,503.38,residential,India
1,2033-10-01,514.24,residential,India
1,2033-10-02,489.03,residential,India
1,2033-10-03,488.33,residential,India
1,2033-10-04,470.25,residential,India
1,2033-10-05,490.78,residential,India
1,2033-10-06,513.54,residential,India
1,2033-10-07,530.99,residential,India
1,2033-10-08,497.83,residential,India
1,2033-10-09,503.64,residential,India
1,2033-10-10,509.77,residential,India
1,2033-10-11,493.23,residential,India
1,2033-10-12,479.4,residential,India
1,2033-10-13,506.1,residential,India
1,2033-10-14,538.97,residential,India
1,2033-10-15,493.96,residential,India
1,2033-10-16,516.06,residential,India
1,2033-10-17,503.21,residential,India
1,2033-10-18,479.27,residential,India
1,2033-10-19,496.83,residential,India
1,2033-10-20,491.22,residential,India
1,2033-10-21,464.0,residential,India
1,2033-10-22,486.07,residential,India
1,2033-10-23,490.99,residential,India
1,2033-10-24,482.31,residential,India
1,2033-10-25,493.28,residential,India
1,2033-10-26,510.32,residential,India
1,2033-10-27,466.02,residential,India
1,2033-10-28,460.5,residential,India
1,2033-10-29,466.27,residential,India
1,2033-10-30,502.56,residential,India
1,2033-10-31,472.34,residential,India
1,2033-11-01,506.57,residential,India
1,2033-11-02,482.94,residential,India
1,2033-11-03,478.19,residential,India
1,2033-11-04,481.2,residential,India
1,2033-11-05,480.37,residential,India
1,2033-11-06,500.84,residential,India
1,2033-11-07,519.64,residential,India
1,2033-11-08,467.01,residential,India
1,2033-11-09,511.37,residential,India
1,2033-11-10,449.02,residential,India
1,2033-11-11,502.25,residential,India
1,2033-11-12,522.27,residential,India
1,2033-11-13,516.81,residential,India
1,2033-11-14,524.95,residential,India
1,2033-11-15,510.98,residential,India
1,2033-11-16,470.79,residential,India
1,2033-11-17,530.68,residential,India
1,2033-11-18,479.82,residential,India
1,2033-11-19,486.77,residential,India
1,2033-11-20,490.53,residential,India
1,2033-11-21,469.88,residential,India
1,2033-11-22,497.63,residential,India
1,2033-11-23,497.16,residential,India
1,2033-11-24,472.98,residential,India
1,2033-11-25,489.3,residential,India
1,2033-11-26,510.98,residential,India
1,2033-11-27,499.68,residential,India
1,2033-11-28,513.64,residential,India
1,2033-11-29,500.23,residential,India
1,2033-11-30,505.74,residential,India
1,2033-12-01,509.14,residential,India
1,2033-12-02,505.96,residential,India
1,2033-12-03,486.11,residential,India
1,2033-12-04,502.74,residential,India
1,2033-12-05,523.99,residential,India
1,2033-12-06,494.63,residential,India
1,2033-12-07,477.35,residential,India
1,2033-12-08,472.55,residential,India
1,2033-12-09,458.47,residential,India
1,2033-12-10,472.91,residential,India
1,2033-12-11,506.5,residential,India
1,2033-12-12,491.66,residential,India
1,2033-12-13,488.82,residential,India
1,2033-12-14,453.58,residential,India
1,2033-12-15,472.18,residential,India
1,2033-12-16,498.11,residential,India
1,2033-12-17,490.91,residential,India
1,2033-12-18,463.13,residential,India
1,2033-12-19,484.98,residential,India
1,2033-12-20,499.68,residential,India
1,2033-12-21,516.21,residential,India
1,2033-12-22,466.95,residential,India
1,2033-12-23,457.61,residential,India
1,2033-12-24,452.79,residential,India
1,2033-12-25,454.37,residential,India
1,2033-12-26,471.09,residential,India
1,2033-12-27,471.18,residential,India
1,2033-12-28,487.57,residential,India
1,2033-12-29,489.51,residential,India
1,2033-12-30,524.11,residential,India
1,2033-12-31,489.8,residential,India
1,2034-01-01,473.8,residential,India
1,2034-01-02,471.11,residential,India
1,2034-01-03,512.0,residential,India
1,2034-01-04,486.12,residential,India
1,2034-01-05,506.26,residential,India
1,2034-01-06,445.89,residential,India
1,2034-01-07,481.82,residential,India
1,2034-01-08,489.82,residential,India
1,2034-01-09,462.88,residential,India
1,2034-01-10,493.21,residential,India
1,2034-01-11,470.09,residential,India
1,2034-01-12,482.46,residential,India
1,2034-01-13,446.98,residential,India
1,2034-01-14,446.93,residential,India
1,2034-01-15,495.64,residential,India
1,2034-01-16,457.84,residential,India
1,2034-01-17,491.74,residential,India
1,2034-01-18,479.94,residential,India
1,2034-01-19,458.54,residential,India
1,2034-01-20,478.73,residential,India
1,2034-01-21,475.89,residential,India
1,2034-01-22,516.31,residential,India
1,2034-01-23,472.39,residential,India
1,2034-01-24,480.11,residential,India
1,2034-01-25,491.94,residential,India
1,2034-01-26,468.92,residential,India
1,2034-01-27,496.63,residential,India
1,2034-01-28,507.57,residential,India
1,2034-01-29,449.31,residential,India
1,2034-01-30,468.8,residential,India
1,2034-01-31,489.67,residential,India
1,2034-02-01,515.56,residential,India
1,2034-02-02,458.6,residential,India
1,2034-02-03,487.38,residential,India
1,2034-02-04,476.25,residential,India
1,2034-02-05,485.72,residential,India
1,2034-02-06,478.82,residential,India
1,2034-02-07,476.98,residential,India
1,2034-02-08,474.09,residential,India
1,2034-02-09,485.26,residential,India
1,2034-02-10,480.87,residential,India
1,2034-02-11,497.54,residential,India
1,2034-02-12,520.51,residential,India
1,2034-02-13,448.54,residential,India
1,2034-02-14,488.94,residential,India
1,2034-02-15,480.42,residential,India
1,2034-02-16,482.05,residential,India
1,2034-02-17,502.81,residential,India
1,2034-02-18,493.41,residential,India
1,2034-02-19,494.21,residential,India
1,2034-02-20,489.43,residential,India
1,2034-02-21,446.27,residential,India
1,2034-02-22,441.85,residential,India
1,2034-02-23,468.5,residential,India
1,2034-02-24,484.52,residential,India
1,2034-02-25,458.27,residential,India
1,2034-02-26,502.62,residential,India
1,2034-02-27,499.66,residential,India
1,2034-02-28,474.03,residential,India
1,2034-03-01,461.36,residential,India
1,2034-03-02,481.95,residential,India
1,2034-03-03,502.13,residential,India
1,2034-03-04,471.96,residential,India
1,2034-03-05,423.95,residential,India
1,2034-03-06,453.3,residential,India
1,2034-03-07,511.24,residential,India
1,2034-03-08,467.42,residential,India
1,2034-03-09,462.1,residential,India
1,2034-03-10,483.02,residential,India
1,2034-03-11,467.74,residential,India
1,2034-03-12,479.25,residential,India
1,2034-03-13,510.9,residential,India
1,2034-03-14,491.33,residential,India
1,2034-03-15,472.73,residential,India
1,2034-03-16,489.31,residential,India
1,2034-03-17,484.13,residential,India
1,2034-03-18,523.87,residential,India
1,2034-03-19,450.17,residential,India
1,2034-03-20,515.63,residential,India
1,2034-03-21,493.03,residential,India
1,2034-03-22,472.4,residential,India
1,2034-03-23,479.12,residential,India
1,2034-03-24,453.39,residential,India
1,2034-03-25,432.78,residential,India
1,2034-03-26,446.78,residential,India
1,2034-03-27,486.97,residential,India
1,2034-03-28,484.04,residential,India
1,2034-03-29,499.03,residential,India
1,2034-03-30,487.89,residential,India
1,2034-03-31,481.72,residential,India
1,2034-04-01,490.74,residential,India
1,2034-04-02,490.55,residential,India
1,2034-04-03,479.88,residential,India
1,2034-04-04,474.37,residential,India
1,2034-04-05,489.67,residential,India
1,2034-04-06,448.13,residential,India
1,2034-04-07,474.39,residential,India
1,2034-04-08,460.92,residential,India
1,2034-04-09,453.3,residential,India
1,2034-04-10,500.46,residential,India
1,2034-04-11,500.28,residential,India
1,2034-04-12,460.56,residential,India
1,2034-04-13,434.99,residential,India
1,2034-04-14,448.06,residential,India
1,2034-04-15,504.51,residential,India
1,2034-04-16,488.59,residential,India
1,2034-04-17,447.04,residential,India
1,2034-04-18,478.0,residential,India
1,2034-04-19,510.83,residential,India
1,2034-04-20,469.01,residential,India
1,2034-04-21,486.08,residential,India
1,2034-04-22,436.09,residential,India
1,2034-04-23,429.93,residential,India
1,2034-04-24,464.52,residential,India
1,2034-04-25,469.99,residential,India
1,2034-04-26,494.25,residential,India
1,2034-04-27,477.67,residential,India
1,2034-04-28,474.84,residential,India
1,2034-04-29,481.3,residential,India
1,2034-04-30,451.0,residential,India
1,2034-05-01,489.69,residential,India
1,2034-05-02,457.84,residential,India
1,2034-05-03,467.13,residential,India
1,2034-05-04,464.55,residential,India
1,2034-05-05,453.01,residential,India
1,2034-05-06,485.75,residential,India
1,2034-05-07,496.87,residential,India
1,2034-05-08,460.58,residential,India
1,2034-05-09,477.12,residential,India
1,2034-05-10,459.08,residential,India
1,2034-05-11,457.65,residential,India
1,2034-05-12,475.63,residential,India
1,2034-05-13,461.57,residential,India
1,2034-05-14,461.64,residential,India
1,2034-05-15,483.97,residential,India
1,2034-05-16,486.67,residential,India
1,2034-05-17,452.44,residential,India
1,2034-05-18,495.25,residential,India
1,2034-05-19,496.66,residential,India
1,2034-05-20,446.72,residential,India
1,2034-05-21,464.29,residential,India
1,2034-05-22,507.77,residential,India
1,2034-05-23,468.51,residential,India
1,2034-05-24,469.79,residential,India
1,2034-05-25,474.74,residential,India
1,2034-05-26,491.83,residential,India
1,2034-05-27,439.95,residential,India
1,2034-05-28,483.14,residential,India
1,2034-05-29,474.11,residential,India
1,2034-05-30,478.67,residential,India
1,2034-05-31,488.56,residential,India
1,2034-06-01,480.28,residential,India
1,2034-06-02,473.0,residential,India
1,2034-06-03,435.42,residential,India
1,2034-06-04,459.18,residential,India
1,2034-06-05,458.51,residential,India
1,2034-06-06,447.93,residential,India
1,2034-06-07,449.76,residential,India
1,2034-06-08,463.66,residential,India
1,2034-06-09,475.43,residential,India
1,2034-06-10,468.75,residential,India
1,2034-06-11,448.87,residential,India
1,2034-06-12,465.12,residential,India
1,2034-06-13,481.79,residential,India
1,2034-06-14,479.94,residential,India
1,2034-06-15,482.98,residential,India
1,2034-06-16,449.35,residential,India
1,2034-06-17,479.7,residential,India
1,2034-06-18,500.41,residential,India
1,2034-06-19,517.09,residential,India
1,2034-06-20,449.87,residential,India
1,2034-06-21,492.06,residential,India
1,2034-06-22,501.41,residential,India
1,2034-06-23,442.64,residential,India
1,2034-06-24,465.16,residential,India
1,2034-06-25,473.27,residential,India
1,2034-06-26,447.03,residential,India
1,2034-06-27,479.62,residential,India
1,2034-06-28,446.12,residential,India
1,2034-06-29,457.56,residential,India
1,2034-06-30,507.85,residential,India
1,2034-07-01,461.59,residential,India
1,2034-07-02,489.36,residential,India
1,2034-07-03,425.7,residential,India
1,2034-07-04,483.68,residential,India
1,2034-07-05,443.9,residential,India
1,2034-07-06,462.33,residential,India
1,2034-07-07,428.91,residential,India
1,2034-07-08,471.65,residential,India
1,2034-07-09,471.97,residential,India
1,2034-07-10,477.12,residential,India
1,2034-07-11,421.83,residential,India
1,2034-07-12,454.99,residential,India
1,2034-07-13,459.92,residential,India
1,2034-07-14,442.37,residential,India
1,2034-07-15,471.96,residential,India
1,2034-07-16,422.91,residential,India
1,2034-07-17,486.63,residential,India
1,2034-07-18,485.55,residential,India
1,2034-07-19,482.35,residential,India
1,2034-07-20,477.73,residential,India
1,2034-07-21,493.85,residential,India
1,2034-07-22,450.3,residential,India
1,2034-07-23,478.41,residential,India
1,2034-07-24,501.65,residential,India
1,2034-07-25,435.22,residential,India
1,2034-07-26,458.87,residential,India
1,2034-07-27,453.27,residential,India
1,2034-07-28,447.74,residential,India
1,2034-07-29,438.11,residential,India
1,2034-07-30,450.71,residential,India
1,2034-07-31,486.27,residential,India
1,2034-08-01,480.13,residential,India
1,2034-08-02,484.77,residential,India
1,2034-08-03,457.7,residential,India
1,2034-08-04,488.61,residential,India
1,2034-08-05,475.48,residential,India
1,2034-08-06,493.96,residential,India
1,2034-08-07,459.79,residential,India
1,2034-08-08,437.36,residential,India
1,2034-08-09,456.86,residential,India
1,2034-08-10,463.11,residential,India
1,2034-08-11,463.13,residential,India
1,2034-08-12,464.76,residential,India
1,2034-08-13,454.09,residential,India
1,2034-08-14,488.51,residential,India
1,2034-08-15,461.81,residential,India
1,2034-08-16,484.39,residential,India
1,2034-08-17,448.27,residential,India
1,2034-08-18,441.79,residential,India
1,2034-08-19,447.9,residential,India
1,2034-08-20,464.52,residential,India
1,2034-08-21,438.73,residential,India
1,2034-08-22,459.44,residential,India
1,2034-08-23,481.36,residential,India
1,2034-08-24,496.98,residential,India
1,2034-08-25,450.73,residential,India
1,2034-08-26,467.35,residential,India
1,2034-08-27,483.0,residential,India
1,2034-08-28,439.4,residential,India
1,2034-08-29,457.21,residential,India
1,2034-08-30,510.62,residential,India
1,2034-08-31,472.49,residential,India
1,2034-09-01,489.3,residential,India
1,2034-09-02,465.64,residential,India
1,2034-09-03,469.35,residential,India
1,2034-09-04,486.54,residential,India
1,2034-09-05,456.85,residential,India
1,2034-09-06,467.89,residential,India
1,2034-09-07,464.71,residential,India
1,2034-09-08,498.14,residential,India
1,2034-09-09,449.21,residential,India
1,2034-09-10,466.91,residential,India
1,2034-09-11,462.5,residential,India
1,2034-09-12,451.23,residential,India
1,2034-09-13,506.42,residential,India
1,2034-09-14,436.91,residential,India
1,2034-09-15,416.42,residential,India
1,2034-09-16,432.23,residential,India
1,2034-09-17,478.28,residential,India
1,2034-09-18,456.25,residential,India
1,2034-09-19,469.26,residential,India
1,2034-09-20,471.99,residential,India
1,2034-09-21,494.13,residential,India
1,2034-09-22,458.21,residential,India
1,2034-09-23,483.31,residential,India
1,2034-09-24,490.17,residential,India
1,2034-09-25,456.77,residential,India
1,2034-09-26,429.35,residential,India
1,2034-09-27,479.45,residential,India
1,2034-09-28,456.68,residential,India
1,2034-09-29,455.14,residential,India
1,2034-09-30,471.91,residential,India
1,2034-10-01,472.38,residential,India
1,2034-10-02,463.69,residential,India
1,2034-10-03,475.66,residential,India
1,2034-10-04,440.34,residential,India
1,2034-10-05,445.46,residential,India
1,2034-10-06,483.0,residential,India
1,2034-10-07,448.84,residential,India
1,2034-10-08,487.03,residential,India
1,2034-10-09,473.57,residential,India
1,2034-10-10,506.99,residential,India
1,2034-10-11,440.92,residential,India
1,2034-10-12,469.92,residential,India
1,2034-10-13,439.09,residential,India
1,2034-10-14,442.94,residential,India
1,2034-10-15,439.3,residential,India
1,2034-10-16,444.43,residential,India
1,2034-10-17,431.43,residential,India
1,2034-10-18,490.0,residential,India
1,2034-10-19,450.72,residential,India
1,2034-10-20,467.06,residential,India
1,2034-10-21,454.5,residential,India
1,2034-10-22,448.73,residential,India
1,2034-10-23,446.64,residential,India
1,2034-10-24,432.15,residential,India
1,2034-10-25,452.03,residential,India
1,2034-10-26,481.91,residential,India
1,2034-10-27,479.64,residential,India
1,2034-10-28,463.8,residential,India
1,2034-10-29,430.87,residential,India
1,2034-10-30,448.07,residential,India
1,2034-10-31,493.59,residential,India
1,2034-11-01,441.37,residential,India
1,2034-11-02,432.49,residential,India
1,2034-11-03,488.31,residential,India
1,2034-11-04,470.03,residential,India
1,2034-11-05,449.21,residential,India
1,2034-11-06,459.49,residential,India
1,2034-11-07,463.69,residential,India
1,2034-11-08,442.92,residential,India
1,2034-11-09,483.64,residential,India
1,2034-11-10,484.05,residential,India
1,2034-11-11,468.64,residential,India
1,2034-11-12,474.12,residential,India
1,2034-11-13,439.3,residential,India
1,2034-11-14,449.82,residential,India
1,2034-11-15,479.49,residential,India
1,2034-11-16,435.86,residential,India
1,2034-11-17,418.44,residential,India
1,2034-11-18,469.7,residential,India
1,2034-11-19,466.04,residential,India
1,2034-11-20,462.16,residential,India
1,2034-11-21,485.59,residential,India
1,2034-11-22,466.26,residential,India
1,2034-11-23,412.74,residential,India
1,2034-11-24,453.26,residential,India
1,2034-11-25,437.12,residential,India
1,2034-11-26,492.87,residential,India
1,2034-11-27,441.41,residential,India
1,2034-11-28,493.93,residential,India
1,2034-11-29,482.13,residential,India
1,2034-11-30,451.47,residential,India
1,2034-12-01,447.02,residential,India
1,2034-12-02,483.69,residential,India
1,2034-12-03,477.7,residential,India
1,2034-12-04,488.31,residential,India
1,2034-12-05,421.19,residential,India
1,2034-12-06,458.47,residential,India
1,2034-12-07,477.71,residential,India
1,2034-12-08,480.71,residential,India
1,2034-12-09,470.58,residential,India
1,2034-12-10,447.06,residential,India
1,2034-12-11,437.06,residential,India
1,2034-12-12,504.96,residential,India
1,2034-12-13,445.22,residential,India
1,2034-12-14,459.09,residential,India
1,2034-12-15,459.45,residential,India
1,2034-12-16,462.33,residential,India
1,2034-12-17,432.03,residential,India
1,2034-12-18,438.55,residential,India
1,2034-12-19,424.77,residential,India
1,2034-12-20,461.82,residential,India
1,2034-12-21,473.1,residential,India
1,2034-12-22,470.53,residential,India
1,2034-12-23,480.37,residential,India
1,2034-12-24,461.08,residential,India
1,2034-12-25,498.63,residential,India
1,2034-12-26,489.17,residential,India
1,2034-12-27,477.79,residential,India
1,2034-12-28,439.45,residential,India
1,2034-12-29,433.33,residential,India
1,2034-12-30,459.5,residential,India
1,2034-12-31,444.22,residential,India
1,2035-01-01,460.76,residential,India
1,2035-01-02,421.2,residential,India
1,2035-01-03,435.37,residential,India
1,2035-01-04,447.84,residential,India
1,2035-01-05,452.25,residential,India
1,2035-01-06,483.53,residential,India
1,2035-01-07,438.03,residential,India
1,2035-01-08,480.37,residential,India
1,2035-01-09,473.99,residential,India
1,2035-01-10,461.74,residential,India
1,2035-01-11,468.88,residential,India
1,2035-01-12,485.27,residential,India
1,2035-01-13,457.63,residential,India
1,2035-01-14,464.43,residential,India
1,2035-01-15,503.85,residential,India
1,2035-01-16,470.87,residential,India
1,2035-01-17,434.76,residential,India
1,2035-01-18,490.15,residential,India
1,2035-01-19,505.02,residential,India
1,2035-01-20,486.08,residential,India
1,2035-01-21,420.69,residential,India
1,2035-01-22,440.53,residential,India
1,2035-01-23,437.15,residential,India
1,2035-01-24,439.59,residential,India
1,2035-01-25,461.66,residential,India
1,2035-01-26,497.53,residential,India
1,2035-01-27,424.05,residential,India
1,2035-01-28,438.25,residential,India
1,2035-01-29,438.53,residential,India
1,2035-01-30,438.23,residential,India
1,2035-01-31,454.98,residential,India
1,2035-02-01,437.3,residential,India
1,2035-02-02,460.84,residential,India
1,2035-02-03,489.75,residential,India
1,2035-02-04,455.93,residential,India
1,2035-02-05,455.17,residential,India
1,2035-02-06,475.81,residential,India
1,2035-02-07,461.26,residential,India
1,2035-02-08,454.29,residential,India
1,2035-02-09,433.34,residential,India
1,2035-02-10,461.78,residential,India
1,2035-02-11,435.0,residential,India
1,2035-02-12,465.39,residential,India
1,2035-02-13,472.21,residential,India
1,2035-02-14,454.27,residential,India
1,2035-02-15,481.12,residential,India
1,2035-02-16,442.98,residential,India
1,2035-02-17,485.19,residential,India
1,2035-02-18,472.9,residential,India
1,2035-02-19,431.55,residential,India
1,2035-02-20,446.95,residential,India
1,2035-02-21,449.28,residential,India
1,2035-02-22,469.2,residential,India
1,2035-02-23,443.45,residential,India
1,2035-02-24,435.86,residential,India
1,2035-02-25,473.19,residential,India
1,2035-02-26,484.94,residential,India
1,2035-02-27,482.47,residential,India
1,2035-02-28,460.92,residential,India
1,2035-03-01,469.32,residential,India
1,2035-03-02,470.3,residential,India
1,2035-03-03,456.48,residential,India
1,2035-03-04,449.89,residential,India
1,2035-03-05,464.13,residential,India
1,2035-03-06,465.9,residential,India
1,2035-03-07,447.48,residential,India
1,2035-03-08,474.25,residential,India
1,2035-03-09,473.79,residential,India
1,2035-03-10,477.56,residential,India
1,2035-03-11,436.05,residential,India
1,2035-03-12,485.34,residential,India
1,2035-03-13,461.12,residential,India
1,2035-03-14,464.47,residential,India
1,2035-03-15,480.3,residential,India
1,2035-03-16,484.36,residential,India
1,2035-03-17,463.17,residential,India
1,2035-03-18,458.2,residential,India
1,2035-03-19,488.47,residential,India
1,2035-03-20,455.44,residential,India
1,2035-03-21,478.63,residential,India
1,2035-03-22,459.26,residential,India
1,2035-03-23,449.93,residential,India
1,2035-03-24,428.18,residential,India
1,2035-03-25,433.76,residential,India
1,2035-03-26,447.84,residential,India
1,2035-03-27,476.73,residential,India
1,2035-03-28,508.59,residential,India
1,2035-03-29,427.48,residential,India
1,2035-03-30,488.05,residential,India
1,2035-03-31,479.11,residential,India
1,2035-04-01,463.62,residential,India
1,2035-04-02,440.19,residential,India
1,2035-04-03,450.14,residential,India
1,2035-04-04,483.81,residential,India
1,2035-04-05,444.15,residential,India
1,2035-04-06,434.58,residential,India
1,2035-04-07,432.58,residential,India
1,2035-04-08,438.82,residential,India
1,2035-04-09,454.43,residential,India
1,2035-04-10,478.7,residential,India
1,2035-04-11,450.02,residential,India
1,2035-04-12,473.58,residential,India
1,2035-04-13,441.48,residential,India
1,2035-04-14,470.07,residential,India
1,2035-04-15,453.03,residential,India
1,2035-04-16,450.05,residential,India
1,2035-04-17,499.99,residential,India
1,2035-04-18,456.54,residential,India
1,2035-04-19,469.09,residential,India
1,2035-04-20,450.56,residential,India
1,2035-04-21,449.52,residential,India
1,2035-04-22,463.55,residential,India
1,2035-04-23,460.52,residential,India
1,2035-04-24,490.94,residential,India
1,2035-04-25,483.27,residential,India
1,2035-04-26,508.84,residential,India
1,2035-04-27,435.59,residential,India
1,2035-04-28,453.44,residential,India
1,2035-04-29,460.97,residential,India
1,2035-04-30,470.37,residential,India
1,2035-05-01,469.42,residential,India
1,2035-05-02,480.59,residential,India
1,2035-05-03,434.35,residential,India
1,2035-05-04,441.72,residential,India
1,2035-05-05,452.56,residential,India
1,2035-05-06,449.1,residential,India
1,2035-05-07,428.11,residential,India
1,2035-05-08,470.7,residential,India
1,2035-05-09,447.24,residential,India
1,2035-05-10,497.22,residential,India
1,2035-05-11,446.73,residential,India
1,2035-05-12,480.34,residential,India
1,2035-05-13,469.1,residential,India
1,2035-05-14,470.7,residential,India
1,2035-05-15,483.92,residential,India
1,2035-05-16,458.96,residential,India
1,2035-05-17,447.55,residential,India
1,2035-05-18,456.16,residential,India
1,2035-05-19,454.07,residential,India
1,2035-05-20,433.04,residential,India
1,2035-05-21,480.35,residential,India
1,2035-05-22,457.44,residential,India
1,2035-05-23,428.64,residential,India
1,2035-05-24,469.04,residential,India
1,2035-05-25,485.39,residential,India
1,2035-05-26,457.65,residential,India
1,2035-05-27,468.62,residential,India
1,2035-05-28,480.57,residential,India
1,2035-05-29,449.53,residential,India
1,2035-05-30,469.23,residential,India
1,2035-05-31,455.72,residential,India
1,2035-06-01,453.06,residential,India
1,2035-06-02,499.08,residential,India
1,2035-06-03,451.62,residential,India
1,2035-06-04,476.34,residential,India
1,2035-06-05,456.56,residential,India
1,2035-06-06,500.2,residential,India
1,2035-06-07,474.15,residential,India
1,2035-06-08,491.02,residential,India
1,2035-06-09,448.54,residential,India
1,2035-06-10,472.36,residential,India
1,2035-06-11,478.85,residential,India
1,2035-06-12,456.03,residential,India
1,2035-06-13,451.07,residential,India
1,2035-06-14,498.91,residential,India
1,2035-06-15,448.08,residential,India
1,2035-06-16,475.51,residential,India
1,2035-06-17,451.96,residential,India
1,2035-06-18,493.97,residential,India
1,2035-06-19,484.76,residential,India
1,2035-06-20,439.74,residential,India
1,2035-06-21,450.39,residential,India
1,2035-06-22,486.06,residential,India
1,2035-06-23,488.05,residential,India
1,2035-06-24,476.94,residential,India
1,2035-06-25,490.57,residential,India
1,2035-06-26,466.83,residential,India
1,2035-06-27,433.12,residential,India
1,2035-06-28,465.26,residential,India
1,2035-06-29,438.08,residential,India
1,2035-06-30,465.55,residential,India
1,2035-07-01,479.62,residential,India
1,2035-07-02,492.2,residential,India
1,2035-07-03,483.17,residential,India
1,2035-07-04,457.55,residential,India
1,2035-07-05,477.9,residential,India
1,2035-07-06,433.46,residential,India
1,2035-07-07,457.66,residential,India
1,2035-07-08,463.46,residential,India
1,2035-07-09,473.44,residential,India
1,2035-07-10,474.47,residential,India
1,2035-07-11,477.65,residential,India
1,2035-07-12,474.36,residential,India
1,2035-07-13,454.39,residential,India
1,2035-07-14,493.55,residential,India
1,2035-07-15,461.99,residential,India
1,2035-07-16,482.69,residential,India
1,2035-07-17,475.59,residential,India
1,2035-07-18,461.79,residential,India
1,2035-07-19,447.22,residential,India
1,2035-07-20,482.24,residential,India
1,2035-07-21,469.52,residential,India
1,2035-07-22,493.49,residential,India
1,2035-07-23,484.05,residential,India
1,2035-07-24,457.76,residential,India
1,2035-07-25,471.89,residential,India
1,2035-07-26,483.07,residential,India
1,2035-07-27,461.8,residential,India
1,2035-07-28,482.92,residential,India
1,2035-07-29,451.71,residential,India
1,2035-07-30,478.38,residential,India
1,2035-07-31,456.32,residential,India
1,2035-08-01,441.0,residential,India
1,2035-08-02,474.33,residential,India
1,2035-08-03,472.9,residential,India
1,2035-08-04,442.98,residential,India
1,2035-08-05,488.46,residential,India
1,2035-08-06,459.36,residential,India
1,2035-08-07,483.92,residential,India
1,2035-08-08,453.99,residential,India
1,2035-08-09,483.38,residential,India
1,2035-08-10,447.71,residential,India
1,2035-08-11,472.61,residential,India
1,2035-08-12,447.78,residential,India
1,2035-08-13,487.93,residential,India
1,2035-08-14,482.67,residential,India
1,2035-08-15,439.9,residential,India
1,2035-08-16,492.92,residential,India
1,2035-08-17,432.47,residential,India
1,2035-08-18,498.33,residential,India
1,2035-08-19,526.24,residential,India
1,2035-08-20,475.7,residential,India
1,2035-08-21,510.53,residential,India
1,2035-08-22,453.11,residential,India
1,2035-08-23,494.17,residential,India
1,2035-08-24,486.83,residential,India
1,2035-08-25,486.68,residential,India
1,2035-08-26,486.27,residential,India
1,2035-08-27,462.0,residential,India
1,2035-08-28,473.19,residential,India
1,2035-08-29,469.38,residential,India
1,2035-08-30,455.7,residential,India
1,2035-08-31,473.06,residential,India
1,2035-09-01,494.01,residential,India
1,2035-09-02,484.22,residential,India
1,2035-09-03,514.92,residential,India
1,2035-09-04,472.13,residential,India
1,2035-09-05,440.22,residential,India
1,2035-09-06,530.13,residential,India
1,2035-09-07,457.24,residential,India
1,2035-09-08,455.79,residential,India
1,2035-09-09,451.84,residential,India
1,2035-09-10,488.75,residential,India
1,2035-09-11,461.34,residential,India
1,2035-09-12,428.58,residential,India
1,2035-09-13,479.86,residential,India
1,2035-09-14,496.8,residential,India
1,2035-09-15,498.42,residential,India
1,2035-09-16,472.95,residential,India
1,2035-09-17,495.68,residential,India
1,2035-09-18,456.13,residential,India
1,2035-09-19,487.73,residential,India
1,2035-09-20,478.48,residential,India
1,2035-09-21,458.09,residential,India
1,2035-09-22,422.86,residential,India
1,2035-09-23,467.2,residential,India
1,2035-09-24,492.15,residential,India
1,2035-09-25,501.4,residential,India
1,2035-09-26,524.73,residential,India
1,2035-09-27,454.77,residential,India
1,2035-09-28,483.0,residential,India
1,2035-09-29,490.07,residential,India
1,2035-09-30,492.69,residential,India
1,2035-10-01,462.79,residential,India
1,2035-10-02,496.58,residential,India
1,2035-10-03,474.02,residential,India
1,2035-10-04,507.71,residential,India
1,2035-10-05,454.38,residential,India
1,2035-10-06,527.39,residential,India
1,2035-10-07,474.23,residential,India
1,2035-10-08,497.55,residential,India
1,2035-10-09,505.8,residential,India
1,2035-10-10,524.78,residential,India
1,2035-10-11,490.1,residential,India
1,2035-10-12,481.5,residential,India
1,2035-10-13,547.49,residential,India
1,2035-10-14,486.3,residential,India
1,2035-10-15,483.96,residential,India
1,2035-10-16,473.19,residential,India
1,2035-10-17,465.96,residential,India
1,2035-10-18,444.25,residential,India
1,2035-10-19,474.95,residential,India
1,2035-10-20,495.85,residential,India
1,2035-10-21,479.34,residential,India
1,2035-10-22,485.2,residential,India
1,2035-10-23,495.55,residential,India
1,2035-10-24,494.49,residential,India
1,2035-10-25,476.97,residential,India
1,2035-10-26,484.05,residential,India
1,2035-10-27,469.83,residential,India
1,2035-10-28,480.62,residential,India
1,2035-10-29,474.0,residential,India
1,2035-10-30,472.62,residential,India
1,2035-10-31,510.02,residential,India
1,2035-11-01,493.39,residential,India
1,2035-11-02,471.47,residential,India
1,2035-11-03,519.08,residential,India
1,2035-11-04,488.84,residential,India
1,2035-11-05,528.7,residential,India
1,2035-11-06,490.58,residential,India
1,2035-11-07,463.04,residential,India
1,2035-11-08,485.03,residential,India
1,2035-11-09,472.96,residential,India
1,2035-11-10,489.72,residential,India
1,2035-11-11,470.52,residential,India
1,2035-11-12,475.22,residential,India
1,2035-11-13,471.64,residential,India
1,2035-11-14,486.28,residential,India
1,2035-11-15,470.11,residential,India
1,2035-11-16,469.98,residential,India
1,2035-11-17,475.78,residential,India
1,2035-11-18,498.38,residential,India
1,2035-11-19,471.44,residential,India
1,2035-11-20,507.53,residential,India
1,2035-11-21,484.33,residential,India
1,2035-11-22,503.59,residential,India
1,2035-11-23,481.46,residential,India
1,2035-11-24,504.38,residential,India
1,2035-11-25,508.29,residential,India
1,2035-11-26,518.24,residential,India
1,2035-11-27,487.41,residential,India
1,2035-11-28,491.77,residential,India
1,2035-11-29,496.15,residential,India
1,2035-11-30,473.24,residential,India
1,2035-12-01,484.48,residential,India
1,2035-12-02,502.78,residential,India
1,2035-12-03,502.29,residential,India
1,2035-12-04,509.58,residential,India
1,2035-12-05,468.57,residential,India
1,2035-12-06,487.45,residential,India
1,2035-12-07,490.17,residential,India
1,2035-12-08,504.88,residential,India
1,2035-12-09,460.11,residential,India
1,2035-12-10,494.16,residential,India
1,2035-12-11,516.89,residential,India
1,2035-12-12,520.56,residential,India
1,2035-12-13,523.35,residential,India
1,2035-12-14,519.5,residential,India
1,2035-12-15,474.89,residential,India
1,2035-12-16,475.09,residential,India
1,2035-12-17,485.47,residential,India
1,2035-12-18,484.88,residential,India
1,2035-12-19,490.99,residential,India
1,2035-12-20,481.95,residential,India
1,2035-12-21,467.46,residential,India
1,2035-12-22,477.34,residential,India
1,2035-12-23,532.76,residential,India
1,2035-12-24,451.06,residential,India
1,2035-12-25,497.33,residential,India
1,2035-12-26,474.76,residential,India
1,2035-12-27,479.44,residential,India
1,2035-12-28,472.45,residential,India
1,2035-12-29,492.12,residential,India
1,2035-12-30,502.14,residential,India
1,2035-12-31,484.06,residential,India
1,2036-01-01,487.37,residential,India
1,2036-01-02,438.91,residential,India
1,2036-01-03,511.53,residential,India
1,2036-01-04,523.52,residential,India
1,2036-01-05,503.89,residential,India
1,2036-01-06,516.87,residential,India
1,2036-01-07,483.83,residential,India
1,2036-01-08,499.57,residential,India
1,2036-01-09,516.37,residential,India
1,2036-01-10,493.47,residential,India
1,2036-01-11,513.81,residential,India
1,2036-01-12,474.79,residential,India
1,2036-01-13,493.5,residential,India
1,2036-01-14,506.31,residential,India
1,2036-01-15,494.27,residential,India
1,2036-01-16,498.35,residential,India
1,2036-01-17,518.59,residential,India
1,2036-01-18,480.8,residential,India
1,2036-01-19,492.06,residential,India
1,2036-01-20,479.16,residential,India
1,2036-01-21,491.17,residential,India
1,2036-01-22,496.33,residential,India
1,2036-01-23,530.71,residential,India
1,2036-01-24,502.9,residential,India
1,2036-01-25,494.39,residential,India
1,2036-01-26,487.12,residential,India
1,2036-01-27,525.68,residential,India
1,2036-01-28,498.35,residential,India
1,2036-01-29,517.79,residential,India
1,2036-01-30,482.33,residential,India
1,2036-01-31,503.41,residential,India
1,2036-02-01,478.29,residential,India
1,2036-02-02,505.7,residential,India
1,2036-02-03,480.72,residential,India
1,2036-02-04,480.34,residential,India
1,2036-02-05,501.68,residential,India
1,2036-02-06,533.77,residential,India
1,2036-02-07,519.14,residential,India
1,2036-02-08,511.05,residential,India
1,2036-02-09,491.33,residential,India
1,2036-02-10,483.5,residential,India
1,2036-02-11,477.22,residential,India
1,2036-02-12,533.57,residential,India
1,2036-02-13,516.43,residential,India
1,2036-02-14,509.68,residential,India
1,2036-02-15,519.94,residential,India
1,2036-02-16,503.48,residential,India
1,2036-02-17,478.99,residential,India
1,2036-02-18,487.87,residential,India
1,2036-02-19,479.65,residential,India
1,2036-02-20,470.39,residential,India
1,2036-02-21,529.8,residential,India
1,2036-02-22,496.88,residential,India
1,2036-02-23,522.05,residential,India
1,2036-02-24,532.4,residential,India
1,2036-02-25,491.1,residential,India
1,2036-02-26,497.89,residential,India
1,2036-02-27,512.51,residential,India
1,2036-02-28,504.24,residential,India
1,2036-02-29,466.54,residential,India
1,2036-03-01,493.16,residential,India
1,2036-03-02,486.46,residential,India
1,2036-03-03,509.28,residential,India
1,2036-03-04,490.41,residential,India
1,2036-03-05,509.01,residential,India
1,2036-03-06,502.37,residential,India
1,2036-03-07,491.58,residential,India
1,2036-03-08,527.26,residential,India
1,2036-03-09,533.98,residential,India
1,2036-03-10,489.79,residential,India
1,2036-03-11,524.67,residential,India
1,2036-03-12,529.41,residential,India
1,2036-03-13,516.05,residential,India
1,2036-03-14,503.04,residential,India
1,2036-03-15,533.49,residential,India
1,2036-03-16,490.04,residential,India
1,2036-03-17,518.44,residential,India
1,2036-03-18,510.04,residential,India
1,2036-03-19,481.81,residential,India
1,2036-03-20,529.72,residential,India
1,2036-03-21,482.78,residential,India
1,2036-03-22,490.26,residential,India
1,2036-03-23,478.01,residential,India
1,2036-03-24,483.46,residential,India
1,2036-03-25,511.26,residential,India
1,2036-03-26,513.71,residential,India
1,2036-03-27,520.39,residential,India
1,2036-03-28,498.99,residential,India
1,2036-03-29,534.62,residential,India
1,2036-03-30,496.44,residential,India
1,2036-03-31,518.02,residential,India
1,2036-04-01,503.81,residential,India
1,2036-04-02,531.73,residential,India
1,2036-04-03,534.7,residential,India
1,2036-04-04,507.98,residential,India
1,2036-04-05,497.22,residential,India
1,2036-04-06,545.01,residential,India
1,2036-04-07,502.21,residential,India
1,2036-04-08,526.98,residential,India
1,2036-04-09,503.11,residential,India
1,2036-04-10,513.37,residential,India
1,2036-04-11,489.78,residential,India
1,2036-04-12,502.98,residential,India
1,2036-04-13,538.0,residential,India
1,2036-04-14,522.09,residential,India
1,2036-04-15,519.67,residential,India
1,2036-04-16,534.94,residential,India
1,2036-04-17,513.39,residential,India
1,2036-04-18,486.64,residential,India
1,2036-04-19,504.36,residential,India
1,2036-04-20,516.9,residential,India
1,2036-04-21,518.32,residential,India
1,2036-04-22,515.6,residential,India
1,2036-04-23,525.05,residential,India
1,2036-04-24,498.59,residential,India
1,2036-04-25,509.0,residential,India
1,2036-04-26,530.4,residential,India
1,2036-04-27,506.49,residential,India
1,2036-04-28,537.56,residential,India
1,2036-04-29,519.36,residential,India
1,2036-04-30,540.28,residential,India
1,2036-05-01,477.15,residential,India
1,2036-05-02,514.67,residential,India
1,2036-05-03,482.89,residential,India
1,2036-05-04,493.56,residential,India
1,2036-05-05,534.43,residential,India
1,2036-05-06,503.71,residential,India
1,2036-05-07,490.0,residential,India
1,2036-05-08,513.03,residential,India
1,2036-05-09,516.52,residential,India
1,2036-05-10,542.11,residential,India
1,2036-05-11,504.86,residential,India
1,2036-05-12,534.74,residential,India
1,2036-05-13,460.45,residential,India
1,2036-05-14,525.75,residential,India
1,2036-05-15,520.29,residential,India
1,2036-05-16,488.92,residential,India
1,2036-05-17,489.7,residential,India
1,2036-05-18,513.15,residential,India
1,2036-05-19,531.29,residential,India
1,2036-05-20,541.41,residential,India
1,2036-05-21,515.73,residential,India
1,2036-05-22,480.15,residential,India
1,2036-05-23,534.43,residential,India
1,2036-05-24,484.91,residential,India
1,2036-05-25,498.91,residential,India
1,2036-05-26,520.56,residential,India
1,2036-05-27,495.03,residential,India
1,2036-05-28,513.03,residential,India
1,2036-05-29,524.4,residential,India
1,2036-05-30,528.44,residential,India
1,2036-05-31,512.17,residential,India
1,2036-06-01,545.28,residential,India
1,2036-06-02,555.07,residential,India
1,2036-06-03,541.27,residential,India
1,2036-06-04,491.76,residential,India
1,2036-06-05,513.9,residential,India
1,2036-06-06,537.76,residential,India
1,2036-06-07,496.73,residential,India
1,2036-06-08,542.87,residential,India
1,2036-06-09,530.45,residential,India
1,2036-06-10,562.2,residential,India
1,2036-06-11,500.84,residential,India
1,2036-06-12,522.62,residential,India
1,2036-06-13,513.14,residential,India
1,2036-06-14,508.13,residential,India
1,2036-06-15,525.01,residential,India
1,2036-06-16,542.2,residential,India
1,2036-06-17,505.5,residential,India
1,2036-06-18,545.48,residential,India
1,2036-06-19,526.12,residential,India
1,2036-06-20,509.84,residential,India
1,2036-06-21,522.28,residential,India
1,2036-06-22,539.04,residential,India
1,2036-06-23,532.5,residential,India
1,2036-06-24,544.13,residential,India
1,2036-06-25,534.1,residential,India
1,2036-06-26,518.21,residential,India
1,2036-06-27,518.77,residential,India
1,2036-06-28,552.06,residential,India
1,2036-06-29,553.98,residential,India
1,2036-06-30,532.65,residential,India
1,2036-07-01,503.7,residential,India
1,2036-07-02,522.12,residential,India
1,2036-07-03,517.22,residential,India
1,2036-07-04,568.86,residential,India
1,2036-07-05,542.08,residential,India
1,2036-07-06,531.54,residential,India
1,2036-07-07,540.47,residential,India
1,2036-07-08,508.7,residential,India
1,2036-07-09,535.28,residential,India
1,2036-07-10,489.26,residential,India
1,2036-07-11,529.0,residential,India
1,2036-07-12,544.59,residential,India
1,2036-07-13,527.61,residential,India
1,2036-07-14,535.36,residential,India
1,2036-07-15,552.56,residential,India
1,2036-07-16,497.68,residential,India
1,2036-07-17,546.62,residential,India
1,2036-07-18,506.48,residential,India
1,2036-07-19,526.91,residential,India
1,2036-07-20,535.98,residential,India
1,2036-07-21,530.79,residential,India
1,2036-07-22,534.95,residential,India
1,2036-07-23,532.84,residential,India
1,2036-07-24,530.35,residential,India
1,2036-07-25,518.17,residential,India
1,2036-07-26,534.28,residential,India
1,2036-07-27,515.35,residential,India
1,2036-07-28,513.11,residential,India
1,2036-07-29,533.38,residential,India
1,2036-07-30,542.27,residential,India
1,2036-07-31,559.35,residential,India
1,2036-08-01,511.45,residential,India
1,2036-08-02,513.61,residential,India
1,2036-08-03,546.22,residential,India
1,2036-08-04,514.59,residential,India
1,2036-08-05,516.87,residential,India
1,2036-08-06,522.68,residential,India
1,2036-08-07,532.07,residential,India
1,2036-08-08,548.23,residential,India
1,2036-08-09,527.45,residential,India
1,2036-08-10,528.88,residential,India
1,2036-08-11,528.05,residential,India
1,2036-08-12,512.69,residential,India
1,2036-08-13,557.52,residential,India
1,2036-08-14,516.89,residential,India
1,2036-08-15,528.34,residential,India
1,2036-08-16,544.33,residential,India
1,2036-08-17,575.59,residential,India
1,2036-08-18,522.09,residential,India
1,2036-08-19,522.82,residential,India
1,2036-08-20,512.01,residential,India
1,2036-08-21,518.01,residential,India
1,2036-08-22,505.62,residential,India
1,2036-08-23,544.23,residential,India
1,2036-08-24,513.34,residential,India
1,2036-08-25,553.32,residential,India
1,2036-08-26,510.59,residential,India
1,2036-08-27,544.33,residential,India
1,2036-08-28,553.77,residential,India
1,2036-08-29,530.73,residential,India
1,2036-08-30,518.07,residential,India
1,2036-08-31,541.96,residential,India
1,2036-09-01,560.91,residential,India
1,2036-09-02,520.56,residential,India
1,2036-09-03,540.76,residential,India
1,2036-09-04,541.01,residential,India
1,2036-09-05,536.93,residential,India
1,2036-09-06,518.84,residential,India
1,2036-09-07,516.91,residential,India
1,2036-09-08,534.15,residential,India
1,2036-09-09,521.64,residential,India
1,2036-09-10,537.96,residential,India
1,2036-09-11,513.31,residential,India
1,2036-09-12,538.97,residential,India
1,2036-09-13,466.3,residential,India
1,2036-09-14,522.89,residential,India
1,2036-09-15,517.05,residential,India
1,2036-09-16,538.68,residential,India
1,2036-09-17,516.99,residential,India
1,2036-09-18,564.47,residential,India
1,2036-09-19,509.84,residential,India
1,2036-09-20,550.65,residential,India
1,2036-09-21,502.21,residential,India
1,2036-09-22,498.69,residential,India
1,2036-09-23,562.07,residential,India
1,2036-09-24,579.41,residential,India
1,2036-09-25,509.85,residential,India
1,2036-09-26,570.45,residential,India
1,2036-09-27,520.96,residential,India
1,2036-09-28,545.51,residential,India
1,2036-09-29,568.07,residential,India
1,2036-09-30,557.57,residential,India
1,2036-10-01,575.02,residential,India
1,2036-10-02,551.04,residential,India
1,2036-10-03,527.62,residential,India
1,2036-10-04,553.01,residential,India
1,2036-10-05,549.04,residential,India
1,2036-10-06,527.33,residential,India
1,2036-10-07,541.44,residential,India
1,2036-10-08,524.78,residential,India
1,2036-10-09,554.13,residential,India
1,2036-10-10,515.91,residential,India
1,2036-10-11,550.31,residential,India
1,2036-10-12,514.27,residential,India
1,2036-10-13,556.3,residential,India
1,2036-10-14,542.79,residential,India
1,2036-10-15,515.05,residential,India
1,2036-10-16,527.75,residential,India
1,2036-10-17,557.65,residential,India
1,2036-10-18,558.59,residential,India
1,2036-10-19,561.67,residential,India
1,2036-10-20,530.52,residential,India
1,2036-10-21,526.0,residential,India
1,2036-10-22,519.38,residential,India
1,2036-10-23,527.72,residential,India
1,2036-10-24,568.32,residential,India
1,2036-10-25,557.45,residential,India
1,2036-10-26,524.3,residential,India
1,2036-10-27,532.78,residential,India
1,2036-10-28,554.37,residential,India
1,2036-10-29,537.75,residential,India
1,2036-10-30,540.5,residential,India
1,2036-10-31,564.08,residential,India
1,2036-11-01,536.17,residential,India
1,2036-11-02,527.74,residential,India
1,2036-11-03,532.79,residential,India
1,2036-11-04,538.59,residential,India
1,2036-11-05,584.56,residential,India
1,2036-11-06,572.71,residential,India
1,2036-11-07,576.26,residential,India
1,2036-11-08,526.61,residential,India
1,2036-11-09,568.62,residential,India
1,2036-11-10,568.28,residential,India
1,2036-11-11,540.8,residential,India
1,2036-11-12,549.5,residential,India
1,2036-11-13,527.19,residential,India
1,2036-11-14,566.79,residential,India
1,2036-11-15,511.08,residential,India
1,2036-11-16,560.42,residential,India
1,2036-11-17,552.4,residential,India
1,2036-11-18,561.02,residential,India
1,2036-11-19,555.34,residential,India
1,2036-11-20,552.36,residential,India
1,2036-11-21,545.22,residential,India
1,2036-11-22,584.77,residential,India
1,2036-11-23,549.09,residential,India
1,2036-11-24,528.74,residential,India
1,2036-11-25,509.13,residential,India
1,2036-11-26,553.11,residential,India
1,2036-11-27,561.68,residential,India
1,2036-11-28,542.07,residential,India
1,2036-11-29,560.36,residential,India
1,2036-11-30,541.97,residential,India
1,2036-12-01,559.63,residential,India
1,2036-12-02,580.52,residential,India
1,2036-12-03,554.18,residential,India
1,2036-12-04,528.97,residential,India
1,2036-12-05,535.3,residential,India
1,2036-12-06,577.47,residential,India
1,2036-12-07,551.66,residential,India
1,2036-12-08,531.72,residential,India
1,2036-12-09,541.32,residential,India
1,2036-12-10,535.09,residential,India
1,2036-12-11,531.84,residential,India
1,2036-12-12,577.15,residential,India
1,2036-12-13,538.66,residential,India
1,2036-12-14,581.91,residential,India
1,2036-12-15,554.83,residential,India
1,2036-12-16,541.01,residential,India
1,2036-12-17,556.79,residential,India
1,2036-12-18,545.18,residential,India
1,2036-12-19,535.98,residential,India
1,2036-12-20,573.63,residential,India
1,2036-12-21,551.19,residential,India
1,2036-12-22,573.67,residential,India
1,2036-12-23,570.52,residential,India
1,2036-12-24,551.96,residential,India
1,2036-12-25,589.02,residential,India
1,2036-12-26,556.64,residential,India
1,2036-12-27,587.57,residential,India
1,2036-12-28,575.43,residential,India
1,2036-12-29,550.92,residential,India
1,2036-12-30,596.03,residential,India
1,2036-12-31,575.83,residential,India
1,2037-01-01,532.65,residential,India
1,2037-01-02,558.3,residential,India
1,2037-01-03,541.16,residential,India
1,2037-01-04,533.02,residential,India
1,2037-01-05,584.24,residential,India
1,2037-01-06,549.48,residential,India
1,2037-01-07,537.34,residential,India
1,2037-01-08,546.1,residential,India
1,2037-01-09,577.42,residential,India
1,2037-01-10,560.03,residential,India
1,2037-01-11,528.67,residential,India
1,2037-01-12,536.92,residential,India
1,2037-01-13,566.64,residential,India
1,2037-01-14,556.48,residential,India
1,2037-01-15,555.08,residential,India
1,2037-01-16,552.43,residential,India
1,2037-01-17,568.85,residential,India
1,2037-01-18,538.32,residential,India
1,2037-01-19,559.68,residential,India
1,2037-01-20,586.58,residential,India
1,2037-01-21,558.5,residential,India
1,2037-01-22,572.81,residential,India
1,2037-01-23,563.58,residential,India
1,2037-01-24,593.62,residential,India
1,2037-01-25,547.3,residential,India
1,2037-01-26,558.19,residential,India
1,2037-01-27,541.05,residential,India
1,2037-01-28,550.46,residential,India
1,2037-01-29,567.29,residential,India
1,2037-01-30,591.87,residential,India
1,2037-01-31,560.46,residential,India
1,2037-02-01,546.85,residential,India
1,2037-02-02,517.72,residential,India
1,2037-02-03,569.58,residential,India
1,2037-02-04,598.73,residential,India
1,2037-02-05,529.56,residential,India
1,2037-02-06,584.53,residential,India
1,2037-02-07,580.33,residential,India
1,2037-02-08,566.2,residential,India
1,2037-02-09,541.08,residential,India
1,2037-02-10,529.29,residential,India
1,2037-02-11,537.54,residential,India
1,2037-02-12,496.27,residential,India
1,2037-02-13,570.55,residential,India
1,2037-02-14,574.08,residential,India
1,2037-02-15,575.2,residential,India
1,2037-02-16,541.17,residential,India
1,2037-02-17,542.45,residential,India
1,2037-02-18,528.34,residential,India
1,2037-02-19,578.62,residential,India
1,2037-02-20,563.62,residential,India
1,2037-02-21,568.66,residential,India
1,2037-02-22,579.82,residential,India
1,2037-02-23,523.13,residential,India
1,2037-02-24,584.1,residential,India
1,2037-02-25,566.93,residential,India
1,2037-02-26,537.67,residential,India
1,2037-02-27,586.88,residential,India
1,2037-02-28,550.45,residential,India
1,2037-03-01,570.67,residential,India
1,2037-03-02,576.88,residential,India
1,2037-03-03,584.13,residential,India
1,2037-03-04,568.81,residential,India
1,2037-03-05,556.68,residential,India
1,2037-03-06,536.36,residential,India
1,2037-03-07,591.19,residential,India
1,2037-03-08,592.01,residential,India
1,2037-03-09,569.23,residential,India
1,2037-03-10,574.19,residential,India
1,2037-03-11,557.13,residential,India
1,2037-03-12,557.88,residential,India
1,2037-03-13,543.67,residential,India
1,2037-03-14,598.41,residential,India
1,2037-03-15,591.07,residential,India
1,2037-03-16,589.09,residential,India
1,2037-03-17,565.75,residential,India
1,2037-03-18,573.51,residential,India
1,2037-03-19,546.87,residential,India
1,2037-03-20,551.89,residential,India
1,2037-03-21,517.64,residential,India
1,2037-03-22,541.63,residential,India
1,2037-03-23,566.04,residential,India
1,2037-03-24,555.12,residential,India
1,2037-03-25,587.33,residential,India
1,2037-03-26,595.79,residential,India
1,2037-03-27,575.69,residential,India
1,2037-03-28,569.08,residential,India
1,2037-03-29,586.45,residential,India
1,2037-03-30,532.89,residential,India
1,2037-03-31,584.71,residential,India
1,2037-04-01,579.52,residential,India
1,2037-04-02,554.13,residential,India
1,2037-04-03,589.31,residential,India
1,2037-04-04,576.9,residential,India
1,2037-04-05,576.77,residential,India
1,2037-04-06,555.37,residential,India
1,2037-04-07,569.06,residential,India
1,2037-04-08,576.78,residential,India
1,2037-04-09,580.64,residential,India
1,2037-04-10,561.13,residential,India
1,2037-04-11,560.92,residential,India
1,2037-04-12,545.72,residential,India
1,2037-04-13,586.91,residential,India
1,2037-04-14,563.11,residential,India
1,2037-04-15,575.43,residential,India
1,2037-04-16,570.22,residential,India
1,2037-04-17,590.53,residential,India
1,2037-04-18,589.16,residential,India
1,2037-04-19,519.71,residential,India
1,2037-04-20,578.41,residential,India
1,2037-04-21,618.62,residential,India
1,2037-04-22,571.97,residential,India
1,2037-04-23,577.52,residential,India
1,2037-04-24,570.87,residential,India
1,2037-04-25,559.28,residential,India
1,2037-04-26,539.08,residential,India
1,2037-04-27,576.61,residential,India
1,2037-04-28,583.16,residential,India
1,2037-04-29,577.55,residential,India
1,2037-04-30,574.35,residential,India
1,2037-05-01,623.5,residential,India
1,2037-05-02,507.39,residential,India
1,2037-05-03,561.49,residential,India
1,2037-05-04,554.68,residential,India
1,2037-05-05,557.5,residential,India
1,2037-05-06,562.12,residential,India
1,2037-05-07,555.43,residential,India
1,2037-05-08,549.58,residential,India
1,2037-05-09,567.15,residential,India
1,2037-05-10,532.28,residential,India
1,2037-05-11,567.47,residential,India
1,2037-05-12,588.44,residential,India
1,2037-05-13,624.71,residential,India
1,2037-05-14,556.8,residential,India
1,2037-05-15,591.34,residential,India
1,2037-05-16,567.94,residential,India
1,2037-05-17,554.8,residential,India
1,2037-05-18,572.75,residential,India
1,2037-05-19,569.7,residential,India
1,2037-05-20,540.3,residential,India
1,2037-05-21,599.43,residential,India
1,2037-05-22,618.53,residential,India
1,2037-05-23,569.66,residential,India
1,2037-05-24,569.18,residential,India
1,2037-05-25,591.91,residential,India
1,2037-05-26,580.44,residential,India
1,2037-05-27,551.58,residential,India
1,2037-05-28,549.91,residential,India
1,2037-05-29,577.41,residential,India
1,2037-05-30,603.73,residential,India
1,2037-05-31,588.97,residential,India
1,2037-06-01,561.97,residential,India
1,2037-06-02,563.92,residential,India
1,2037-06-03,553.12,residential,India
1,2037-06-04,568.64,residential,India
1,2037-06-05,581.76,residential,India
1,2037-06-06,559.65,residential,India
1,2037-06-07,600.51,residential,India
1,2037-06-08,578.62,residential,India
1,2037-06-09,593.4,residential,India
1,2037-06-10,573.22,residential,India
1,2037-06-11,578.23,residential,India
1,2037-06-12,576.49,residential,India
1,2037-06-13,579.3,residential,India
1,2037-06-14,543.27,residential,India
1,2037-06-15,569.85,residential,India
1,2037-06-16,579.58,residential,India
1,2037-06-17,583.69,residential,India
1,2037-06-18,594.28,residential,India
1,2037-06-19,571.11,residential,India
1,2037-06-20,581.37,residential,India
1,2037-06-21,612.49,residential,India
1,2037-06-22,607.83,residential,India
1,2037-06-23,571.04,residential,India
1,2037-06-24,583.32,residential,India
1,2037-06-25,566.29,residential,India
1,2037-06-26,542.21,residential,India
1,2037-06-27,577.37,residential,India
1,2037-06-28,557.52,residential,India
1,2037-06-29,601.93,residential,India
1,2037-06-30,577.07,residential,India
1,2037-07-01,620.64,residential,India
1,2037-07-02,569.01,residential,India
1,2037-07-03,564.78,residential,India
1,2037-07-04,529.79,residential,India
1,2037-07-05,608.22,residential,India
1,2037-07-06,552.55,residential,India
1,2037-07-07,578.67,residential,India
1,2037-07-08,572.63,residential,India
1,2037-07-09,576.62,residential,India
1,2037-07-10,559.45,residential,India
1,2037-07-11,528.49,residential,India
1,2037-07-12,593.35,residential,India
1,2037-07-13,565.55,residential,India
1,2037-07-14,572.92,residential,India
1,2037-07-15,568.97,residential,India
1,2037-07-16,572.61,residential,India
1,2037-07-17,563.44,residential,India
1,2037-07-18,557.22,residential,India
1,2037-07-19,586.65,residential,India
1,2037-07-20,597.55,residential,India
1,2037-07-21,575.54,residential,India
1,2037-07-22,575.09,residential,India
1,2037-07-23,568.78,residential,India
1,2037-07-24,584.69,residential,India
1,2037-07-25,545.13,residential,India
1,2037-07-26,619.19,residential,India
1,2037-07-27,560.87,residential,India
1,2037-07-28,582.74,residential,India
1,2037-07-29,582.91,residential,India
1,2037-07-30,584.45,residential,India
1,2037-07-31,604.15,residential,India
1,2037-08-01,562.25,residential,India
1,2037-08-02,567.75,residential,India
1,2037-08-03,544.85,residential,India
1,2037-08-04,556.88,residential,India
1,2037-08-05,551.73,residential,India
1,2037-08-06,569.28,residential,India
1,2037-08-07,599.55,residential,India
1,2037-08-08,562.71,residential,India
1,2037-08-09,514.81,residential,India
1,2037-08-10,566.96,residential,India
1,2037-08-11,598.85,residential,India
1,2037-08-12,580.2,residential,India
1,2037-08-13,567.09,residential,India
1,2037-08-14,590.36,residential,India
1,2037-08-15,567.93,residential,India
1,2037-08-16,591.13,residential,India
1,2037-08-17,576.05,residential,India
1,2037-08-18,602.24,residential,India
1,2037-08-19,593.82,residential,India
1,2037-08-20,589.19,residential,India
1,2037-08-21,567.14,residential,India
1,2037-08-22,598.23,residential,India
1,2037-08-23,531.51,residential,India
1,2037-08-24,598.59,residential,India
1,2037-08-25,595.71,residential,India
1,2037-08-26,609.56,residential,India
1,2037-08-27,566.0,residential,India
1,2037-08-28,612.47,residential,India
1,2037-08-29,594.02,residential,India
1,2037-08-30,591.4,residential,India
1,2037-08-31,575.87,residential,India
1,2037-09-01,575.44,residential,India
1,2037-09-02,591.99,residential,India
1,2037-09-03,580.01,residential,India
1,2037-09-04,562.48,residential,India
1,2037-09-05,562.04,residential,India
1,2037-09-06,580.29,residential,India
1,2037-09-07,606.35,residential,India
1,2037-09-08,536.3,residential,India
1,2037-09-09,588.49,residential,India
1,2037-09-10,575.45,residential,India
1,2037-09-11,563.05,residential,India
1,2037-09-12,527.98,residential,India
1,2037-09-13,532.3,residential,India
1,2037-09-14,609.44,residential,India
1,2037-09-15,548.06,residential,India
1,2037-09-16,599.4,residential,India
1,2037-09-17,560.34,residential,India
1,2037-09-18,573.81,residential,India
1,2037-09-19,572.83,residential,India
1,2037-09-20,567.13,residential,India
1,2037-09-21,592.37,residential,India
1,2037-09-22,573.9,residential,India
1,2037-09-23,571.61,residential,India
1,2037-09-24,567.8,residential,India
1,2037-09-25,540.34,residential,India
1,2037-09-26,597.72,residential,India
1,2037-09-27,572.49,residential,India
1,2037-09-28,572.66,residential,India
1,2037-09-29,576.43,residential,India
1,2037-09-30,596.61,residential,India
1,2037-10-01,608.13,residential,India
1,2037-10-02,544.16,residential,India
1,2037-10-03,571.85,residential,India
1,2037-10-04,570.05,residential,India
1,2037-10-05,559.26,residential,India
1,2037-10-06,623.83,residential,India
1,2037-10-07,597.67,residential,India
1,2037-10-08,564.74,residential,India
1,2037-10-09,557.03,residential,India
1,2037-10-10,558.25,residential,India
1,2037-10-11,553.93,residential,India
1,2037-10-12,600.61,residential,India
1,2037-10-13,562.8,residential,India
1,2037-10-14,589.85,residential,India
1,2037-10-15,577.67,residential,India
1,2037-10-16,597.22,residential,India
1,2037-10-17,627.8,residential,India
1,2037-10-18,570.25,residential,India
1,2037-10-19,556.64,residential,India
1,2037-10-20,592.25,residential,India
1,2037-10-21,563.94,residential,India
1,2037-10-22,566.84,residential,India
1,2037-10-23,598.93,residential,India
1,2037-10-24,574.78,residential,India
1,2037-10-25,598.41,residential,India
1,2037-10-26,570.14,residential,India
1,2037-10-27,623.71,residential,India
1,2037-10-28,594.79,residential,India
1,2037-10-29,589.54,residential,India
1,2037-10-30,576.24,residential,India
1,2037-10-31,589.51,residential,India
1,2037-11-01,558.98,residential,India
1,2037-11-02,577.52,residential,India
1,2037-11-03,580.07,residential,India
1,2037-11-04,606.8,residential,India
1,2037-11-05,586.58,residential,India
1,2037-11-06,564.38,residential,India
1,2037-11-07,574.22,residential,India
1,2037-11-08,588.5,residential,India
1,2037-11-09,563.27,residential,India
1,2037-11-10,574.59,residential,India
1,2037-11-11,563.05,residential,India
1,2037-11-12,600.67,residential,India
1,2037-11-13,594.54,residential,India
1,2037-11-14,564.3,residential,India
1,2037-11-15,582.75,residential,India
1,2037-11-16,570.6,residential,India
1,2037-11-17,571.88,residential,India
1,2037-11-18,556.77,residential,India
1,2037-11-19,573.96,residential,India
1,2037-11-20,605.02,residential,India
1,2037-11-21,593.77,residential,India
1,2037-11-22,582.46,residential,India
1,2037-11-23,589.74,residential,India
1,2037-11-24,576.13,residential,India
1,2037-11-25,601.77,residential,India
1,2037-11-26,586.73,residential,India
1,2037-11-27,592.57,residential,India
1,2037-11-28,582.77,residential,India
1,2037-11-29,568.51,residential,India
1,2037-11-30,555.02,residential,India
1,2037-12-01,546.91,residential,India
1,2037-12-02,554.59,residential,India
1,2037-12-03,603.17,residential,India
1,2037-12-04,624.2,residential,India
1,2037-12-05,585.75,residential,India
1,2037-12-06,585.72,residential,India
1,2037-12-07,611.99,residential,India
1,2037-12-08,607.5,residential,India
1,2037-12-09,573.89,residential,India
1,2037-12-10,601.97,residential,India
1,2037-12-11,576.63,residential,India
1,2037-12-12,594.81,residential,India
1,2037-12-13,602.19,residential,India
1,2037-12-14,590.35,residential,India
1,2037-12-15,592.49,residential,India
1,2037-12-16,592.32,residential,India
1,2037-12-17,595.88,residential,India
1,2037-12-18,617.93,residential,India
1,2037-12-19,580.84,residential,India
1,2037-12-20,604.75,residential,India
1,2037-12-21,600.24,residential,India
1,2037-12-22,581.39,residential,India
1,2037-12-23,562.4,residential,India
1,2037-12-24,583.68,residential,India
1,2037-12-25,579.32,residential,India
1,2037-12-26,570.27,residential,India
1,2037-12-27,573.52,residential,India
1,2037-12-28,554.18,residential,India
1,2037-12-29,585.47,residential,India
1,2037-12-30,611.07,residential,India
1,2037-12-31,578.04,residential,India
1,2038-01-01,567.35,residential,India
1,2038-01-02,573.74,residential,India
1,2038-01-03,576.54,residential,India
1,2038-01-04,576.15,residential,India
1,2038-01-05,580.35,residential,India
1,2038-01-06,586.97,residential,India
1,2038-01-07,555.89,residential,India
1,2038-01-08,581.23,residential,India
1,2038-01-09,561.86,residential,India
1,2038-01-10,598.8,residential,India
1,2038-01-11,573.67,residential,India
1,2038-01-12,615.05,residential,India
1,2038-01-13,555.98,residential,India
1,2038-01-14,576.33,residential,India
1,2038-01-15,586.16,residential,India
1,2038-01-16,573.54,residential,India
1,2038-01-17,597.71,residential,India
1,2038-01-18,571.88,residential,India
1,2038-01-19,590.34,residential,India
1,2038-01-20,615.75,residential,India
1,2038-01-21,559.7,residential,India
1,2038-01-22,582.16,residential,India
1,2038-01-23,539.27,residential,India
1,2038-01-24,571.16,residential,India
1,2038-01-25,584.32,residential,India
1,2038-01-26,584.44,residential,India
1,2038-01-27,602.16,residential,India
1,2038-01-28,568.46,residential,India
1,2038-01-29,579.96,residential,India
1,2038-01-30,593.28,residential,India
1,2038-01-31,568.85,residential,India
1,2038-02-01,586.7,residential,India
1,2038-02-02,554.42,residential,India
1,2038-02-03,571.34,residential,India
1,2038-02-04,575.65,residential,India
1,2038-02-05,561.65,residential,India
1,2038-02-06,601.1,residential,India
1,2038-02-07,603.87,residential,India
1,2038-02-08,604.72,residential,India
1,2038-02-09,590.74,residential,India
1,2038-02-10,581.43,residential,India
1,2038-02-11,589.57,residential,India
1,2038-02-12,593.42,residential,India
1,2038-02-13,602.37,residential,India
1,2038-02-14,580.42,residential,India
1,2038-02-15,606.9,residential,India
1,2038-02-16,571.24,residential,India
1,2038-02-17,606.58,residential,India
1,2038-02-18,588.15,residential,India
1,2038-02-19,540.63,residential,India
1,2038-02-20,565.78,residential,India
1,2038-02-21,570.83,residential,India
1,2038-02-22,577.66,residential,India
1,2038-02-23,574.15,residential,India
1,2038-02-24,622.56,residential,India
1,2038-02-25,591.91,residential,India
1,2038-02-26,589.95,residential,India
1,2038-02-27,566.79,residential,India
1,2038-02-28,549.04,residential,India
1,2038-03-01,576.8,residential,India
1,2038-03-02,555.29,residential,India
1,2038-03-03,587.85,residential,India
1,2038-03-04,571.67,residential,India
1,2038-03-05,603.61,residential,India
1,2038-03-06,593.9,residential,India
1,2038-03-07,587.7,residential,India
1,2038-03-08,585.12,residential,India
1,2038-03-09,579.28,residential,India
1,2038-03-10,561.87,residential,India
1,2038-03-11,557.26,residential,India
1,2038-03-12,566.68,residential,India
1,2038-03-13,551.93,residential,India
1,2038-03-14,589.25,residential,India
1,2038-03-15,611.03,residential,India
1,2038-03-16,559.29,residential,India
1,2038-03-17,581.84,residential,India
1,2038-03-18,589.33,residential,India
1,2038-03-19,559.68,residential,India
1,2038-03-20,565.14,residential,India
1,2038-03-21,565.48,residential,India
1,2038-03-22,575.52,residential,India
1,2038-03-23,565.67,residential,India
1,2038-03-24,569.07,residential,India
1,2038-03-25,569.06,residential,India
1,2038-03-26,599.5,residential,India
1,2038-03-27,571.65,residential,India
1,2038-03-28,566.37,residential,India
1,2038-03-29,567.06,residential,India
1,2038-03-30,654.86,residential,India
1,2038-03-31,553.45,residential,India
1,2038-04-01,590.32,residential,India
1,2038-04-02,597.94,residential,India
1,2038-04-03,589.57,residential,India
1,2038-04-04,579.86,residential,India
1,2038-04-05,578.9,residential,India
1,2038-04-06,565.03,residential,India
1,2038-04-07,564.33,residential,India
1,2038-04-08,573.99,residential,India
1,2038-04-09,596.58,residential,India
1,2038-04-10,598.2,residential,India
1,2038-04-11,547.76,residential,India
1,2038-04-12,588.43,residential,India
1,2038-04-13,550.34,residential,India
1,2038-04-14,588.77,residential,India
1,2038-04-15,591.94,residential,India
1,2038-04-16,529.64,residential,India
1,2038-04-17,572.91,residential,India
1,2038-04-18,567.94,residential,India
1,2038-04-19,598.52,residential,India
1,2038-04-20,589.85,residential,India
1,2038-04-21,600.11,residential,India
1,2038-04-22,582.27,residential,India
1,2038-04-23,542.63,residential,India
1,2038-04-24,585.92,residential,India
1,2038-04-25,557.86,residential,India
1,2038-04-26,589.86,residential,India
1,2038-04-27,568.89,residential,India
1,2038-04-28,582.56,residential,India
1,2038-04-29,594.34,residential,India
1,2038-04-30,614.81,residential,India
1,2038-05-01,560.2,residential,India
1,2038-05-02,546.48,residential,India
1,2038-05-03,616.82,residential,India
1,2038-05-04,546.27,residential,India
1,2038-05-05,603.18,residential,India
1,2038-05-06,580.32,residential,India
1,2038-05-07,576.24,residential,India
1,2038-05-08,598.52,residential,India
1,2038-05-09,580.84,residential,India
1,2038-05-10,594.15,residential,India
1,2038-05-11,583.1,residential,India
1,2038-05-12,582.79,residential,India
1,2038-05-13,571.07,residential,India
1,2038-05-14,533.28,residential,India
1,2038-05-15,546.47,residential,India
1,2038-05-16,553.92,residential,India
1,2038-05-17,587.59,residential,India
1,2038-05-18,600.28,residential,India
1,2038-05-19,578.03,residential,India
1,2038-05-20,586.07,residential,India
1,2038-05-21,591.95,residential,India
1,2038-05-22,598.85,residential,India
1,2038-05-23,568.57,residential,India
1,2038-05-24,587.51,residential,India
1,2038-05-25,563.18,residential,India
1,2038-05-26,573.2,residential,India
1,2038-05-27,578.17,residential,India
1,2038-05-28,585.01,residential,India
1,2038-05-29,579.15,residential,India
1,2038-05-30,572.87,residential,India
1,2038-05-31,558.54,residential,India
1,2038-06-01,571.22,residential,India
1,2038-06-02,581.11,residential,India
1,2038-06-03,572.91,residential,India
1,2038-06-04,633.87,residential,India
1,2038-06-05,564.49,residential,India
1,2038-06-06,600.36,residential,India
1,2038-06-07,571.62,residential,India
1,2038-06-08,548.0,residential,India
1,2038-06-09,596.83,residential,India
1,2038-06-10,567.96,residential,India
1,2038-06-11,558.04,residential,India
1,2038-06-12,538.91,residential,India
1,2038-06-13,564.96,residential,India
1,2038-06-14,575.87,residential,India
1,2038-06-15,577.24,residential,India
1,2038-06-16,551.0,residential,India
1,2038-06-17,579.69,residential,India
1,2038-06-18,575.08,residential,India
1,2038-06-19,560.58,residential,India
1,2038-06-20,559.1,residential,India
1,2038-06-21,567.57,residential,India
1,2038-06-22,560.92,residential,India
1,2038-06-23,619.35,residential,India
1,2038-06-24,596.66,residential,India
1,2038-06-25,543.79,residential,India
1,2038-06-26,577.2,residential,India
1,2038-06-27,541.99,residential,India
1,2038-06-28,584.97,residential,India
1,2038-06-29,573.32,residential,India
1,2038-06-30,574.11,residential,India
1,2038-07-01,587.48,residential,India
1,2038-07-02,565.63,residential,India
1,2038-07-03,554.47,residential,India
1,2038-07-04,555.88,residential,India
1,2038-07-05,561.42,residential,India
1,2038-07-06,545.03,residential,India
1,2038-07-07,590.85,residential,India
1,2038-07-08,581.28,residential,India
1,2038-07-09,568.04,residential,India
1,2038-07-10,561.96,residential,India
1,2038-07-11,573.56,residential,India
1,2038-07-12,578.25,residential,India
1,2038-07-13,577.14,residential,India
1,2038-07-14,562.15,residential,India
1,2038-07-15,598.91,residential,India
1,2038-07-16,561.32,residential,India
1,2038-07-17,583.45,residential,India
1,2038-07-18,567.88,residential,India
1,2038-07-19,567.97,residential,India
1,2038-07-20,567.32,residential,India
1,2038-07-21,556.97,residential,India
1,2038-07-22,542.45,residential,India
1,2038-07-23,552.58,residential,India
1,2038-07-24,564.72,residential,India
1,2038-07-25,563.25,residential,India
1,2038-07-26,575.04,residential,India
1,2038-07-27,584.53,residential,India
1,2038-07-28,597.01,residential,India
1,2038-07-29,601.11,residential,India
1,2038-07-30,591.53,residential,India
1,2038-07-31,585.22,residential,India
1,2038-08-01,545.44,residential,India
1,2038-08-02,555.02,residential,India
1,2038-08-03,617.49,residential,India
1,2038-08-04,599.38,residential,India
1,2038-08-05,593.17,residential,India
1,2038-08-06,591.66,residential,India
1,2038-08-07,523.58,residential,India
1,2038-08-08,549.79,residential,India
1,2038-08-09,562.65,residential,India
1,2038-08-10,565.98,residential,India
1,2038-08-11,566.05,residential,India
1,2038-08-12,584.03,residential,India
1,2038-08-13,578.11,residential,India
1,2038-08-14,560.18,residential,India
1,2038-08-15,537.02,residential,India
1,2038-08-16,571.85,residential,India
1,2038-08-17,560.47,residential,India
1,2038-08-18,602.52,residential,India
1,2038-08-19,599.88,residential,India
1,2038-08-20,535.22,residential,India
1,2038-08-21,554.65,residential,India
1,2038-08-22,563.68,residential,India
1,2038-08-23,551.84,residential,India
1,2038-08-24,564.69,residential,India
1,2038-08-25,555.68,residential,India
1,2038-08-26,558.66,residential,India
1,2038-08-27,568.23,residential,India
1,2038-08-28,563.02,residential,India
1,2038-08-29,527.82,residential,India
1,2038-08-30,549.35,residential,India
1,2038-08-31,549.64,residential,India
1,2038-09-01,570.45,residential,India
1,2038-09-02,552.46,residential,India
1,2038-09-03,537.52,residential,India
1,2038-09-04,585.69,residential,India
1,2038-09-05,572.24,residential,India
1,2038-09-06,527.84,residential,India
1,2038-09-07,575.63,residential,India
1,2038-09-08,564.79,residential,India
1,2038-09-09,546.95,residential,India
1,2038-09-10,535.24,residential,India
1,2038-09-11,556.87,residential,India
1,2038-09-12,522.74,residential,India
1,2038-09-13,586.35,residential,India
1,2038-09-14,521.28,residential,India
1,2038-09-15,580.82,residential,India
1,2038-09-16,582.19,residential,India
1,2038-09-17,565.1,residential,India
1,2038-09-18,556.1,residential,India
1,2038-09-19,574.48,residential,India
1,2038-09-20,567.73,residential,India
1,2038-09-21,525.62,residential,India
1,2038-09-22,576.18,residential,India
1,2038-09-23,598.22,residential,India
1,2038-09-24,566.62,residential,India
1,2038-09-25,565.36,residential,India
1,2038-09-26,576.75,residential,India
1,2038-09-27,550.01,residential,India
1,2038-09-28,587.53,residential,India
1,2038-09-29,566.87,residential,India
1,2038-09-30,569.5,residential,India
1,2038-10-01,548.79,residential,India
1,2038-10-02,569.15,residential,India
1,2038-10-03,531.27,residential,India
1,2038-10-04,580.45,residential,India
1,2038-10-05,571.63,residential,India
1,2038-10-06,551.96,residential,India
1,2038-10-07,578.57,residential,India
1,2038-10-08,581.79,residential,India
1,2038-10-09,524.02,residential,India
1,2038-10-10,616.59,residential,India
1,2038-10-11,574.17,residential,India
1,2038-10-12,568.5,residential,India
1,2038-10-13,557.19,residential,India
1,2038-10-14,540.76,residential,India
1,2038-10-15,559.99,residential,India
1,2038-10-16,570.32,residential,India
1,2038-10-17,570.92,residential,India
1,2038-10-18,535.38,residential,India
1,2038-10-19,561.29,residential,India
1,2038-10-20,569.65,residential,India
1,2038-10-21,515.84,residential,India
1,2038-10-22,526.88,residential,India
1,2038-10-23,514.16,residential,India
1,2038-10-24,577.7,residential,India
1,2038-10-25,537.55,residential,India
1,2038-10-26,504.39,residential,India
1,2038-10-27,545.08,residential,India
1,2038-10-28,561.26,residential,India
1,2038-10-29,533.2,residential,India
1,2038-10-30,574.27,residential,India
1,2038-10-31,545.81,residential,India
1,2038-11-01,562.04,residential,India
1,2038-11-02,573.13,residential,India
1,2038-11-03,582.03,residential,India
1,2038-11-04,577.57,residential,India
1,2038-11-05,525.54,residential,India
1,2038-11-06,547.64,residential,India
1,2038-11-07,550.59,residential,India
1,2038-11-08,515.25,residential,India
1,2038-11-09,547.3,residential,India
1,2038-11-10,579.63,residential,India
1,2038-11-11,532.98,residential,India
1,2038-11-12,564.67,residential,India
1,2038-11-13,575.56,residential,India
1,2038-11-14,585.06,residential,India
1,2038-11-15,599.34,residential,India
1,2038-11-16,573.65,residential,India
1,2038-11-17,544.6,residential,India
1,2038-11-18,524.54,residential,India
1,2038-11-19,542.14,residential,India
1,2038-11-20,535.53,residential,India
1,2038-11-21,532.59,residential,India
1,2038-11-22,556.54,residential,India
1,2038-11-23,551.01,residential,India
1,2038-11-24,565.69,residential,India
1,2038-11-25,543.42,residential,India
1,2038-11-26,498.01,residential,India
1,2038-11-27,564.8,residential,India
1,2038-11-28,566.46,residential,India
1,2038-11-29,539.66,residential,India
1,2038-11-30,537.85,residential,India
1,2038-12-01,564.28,residential,India
1,2038-12-02,531.96,residential,India
1,2038-12-03,543.27,residential,India
1,2038-12-04,580.16,residential,India
1,2038-12-05,579.13,residential,India
1,2038-12-06,551.67,residential,India
1,2038-12-07,551.2,residential,India
1,2038-12-08,547.66,residential,India
1,2038-12-09,563.71,residential,India
1,2038-12-10,538.59,residential,India
1,2038-12-11,577.44,residential,India
1,2038-12-12,566.97,residential,India
1,2038-12-13,557.48,residential,India
1,2038-12-14,558.83,residential,India
1,2038-12-15,552.79,residential,India
1,2038-12-16,585.03,residential,India
1,2038-12-17,507.58,residential,India
1,2038-12-18,540.98,residential,India
1,2038-12-19,565.8,residential,India
1,2038-12-20,561.0,residential,India
1,2038-12-21,565.88,residential,India
1,2038-12-22,537.07,residential,India
1,2038-12-23,552.54,residential,India
1,2038-12-24,555.41,residential,India
1,2038-12-25,559.5,residential,India
1,2038-12-26,545.99,residential,India
1,2038-12-27,535.29,residential,India
1,2038-12-28,543.39,residential,India
1,2038-12-29,545.2,residential,India
1,2038-12-30,544.86,residential,India
1,2038-12-31,578.68,residential,India
1,2039-01-01,537.58,residential,India
1,2039-01-02,545.49,residential,India
1,2039-01-03,534.14,residential,India
1,2039-01-04,564.19,residential,India
1,2039-01-05,557.13,residential,India
1,2039-01-06,515.65,residential,India
1,2039-01-07,551.84,residential,India
1,2039-01-08,570.94,residential,India
1,2039-01-09,520.93,residential,India
1,2039-01-10,512.65,residential,India
1,2039-01-11,576.71,residential,India
1,2039-01-12,562.59,residential,India
1,2039-01-13,546.4,residential,India
1,2039-01-14,538.31,residential,India
1,2039-01-15,510.06,residential,India
1,2039-01-16,560.65,residential,India
1,2039-01-17,529.06,residential,India
1,2039-01-18,566.14,residential,India
1,2039-01-19,552.72,residential,India
1,2039-01-20,510.13,residential,India
1,2039-01-21,531.96,residential,India
1,2039-01-22,573.09,residential,India
1,2039-01-23,548.15,residential,India
1,2039-01-24,584.29,residential,India
1,2039-01-25,500.71,residential,India
1,2039-01-26,495.01,residential,India
1,2039-01-27,515.08,residential,India
1,2039-01-28,531.71,residential,India
1,2039-01-29,554.76,residential,India
1,2039-01-30,542.02,residential,India
1,2039-01-31,550.91,residential,India
1,2039-02-01,492.31,residential,India
1,2039-02-02,534.91,residential,India
1,2039-02-03,517.31,residential,India
1,2039-02-04,543.75,residential,India
1,2039-02-05,548.14,residential,India
1,2039-02-06,554.98,residential,India
1,2039-02-07,549.16,residential,India
1,2039-02-08,523.08,residential,India
1,2039-02-09,557.98,residential,India
1,2039-02-10,527.93,residential,India
1,2039-02-11,534.79,residential,India
1,2039-02-12,570.22,residential,India
1,2039-02-13,563.88,residential,India
1,2039-02-14,552.83,residential,India
1,2039-02-15,551.38,residential,India
1,2039-02-16,550.8,residential,India
1,2039-02-17,544.09,residential,India
1,2039-02-18,549.93,residential,India
1,2039-02-19,541.05,residential,India
1,2039-02-20,498.09,residential,India
1,2039-02-21,564.92,residential,India
1,2039-02-22,546.76,residential,India
1,2039-02-23,577.34,residential,India
1,2039-02-24,550.33,residential,India
1,2039-02-25,503.12,residential,India
1,2039-02-26,514.59,residential,India
1,2039-02-27,525.61,residential,India
1,2039-02-28,537.4,residential,India
1,2039-03-01,541.66,residential,India
1,2039-03-02,513.28,residential,India
1,2039-03-03,525.77,residential,India
1,2039-03-04,570.51,residential,India
1,2039-03-05,547.16,residential,India
1,2039-03-06,526.02,residential,India
1,2039-03-07,546.97,residential,India
1,2039-03-08,543.11,residential,India
1,2039-03-09,538.95,residential,India
1,2039-03-10,496.66,residential,India
1,2039-03-11,536.02,residential,India
1,2039-03-12,532.02,residential,India
1,2039-03-13,533.91,residential,India
1,2039-03-14,554.88,residential,India
1,2039-03-15,528.89,residential,India
1,2039-03-16,539.07,residential,India
1,2039-03-17,516.01,residential,India
1,2039-03-18,567.76,residential,India
1,2039-03-19,590.11,residential,India
1,2039-03-20,539.82,residential,India
1,2039-03-21,490.8,residential,India
1,2039-03-22,550.97,residential,India
1,2039-03-23,540.42,residential,India
1,2039-03-24,546.49,residential,India
1,2039-03-25,543.11,residential,India
1,2039-03-26,544.91,residential,India
1,2039-03-27,532.54,residential,India
1,2039-03-28,519.32,residential,India
1,2039-03-29,542.06,residential,India
1,2039-03-30,547.29,residential,India
1,2039-03-31,509.73,residential,India
1,2039-04-01,515.42,residential,India
1,2039-04-02,529.3,residential,India
1,2039-04-03,552.08,residential,India
1,2039-04-04,560.63,residential,India
1,2039-04-05,489.1,residential,India
1,2039-04-06,490.2,residential,India
1,2039-04-07,527.96,residential,India
1,2039-04-08,541.96,residential,India
1,2039-04-09,552.24,residential,India
1,2039-04-10,565.27,residential,India
1,2039-04-11,561.24,residential,India
1,2039-04-12,480.98,residential,India
1,2039-04-13,553.89,residential,India
1,2039-04-14,489.14,residential,India
1,2039-04-15,486.0,residential,India
1,2039-04-16,545.99,residential,India
1,2039-04-17,542.72,residential,India
1,2039-04-18,500.56,residential,India
1,2039-04-19,527.89,residential,India
1,2039-04-20,549.5,residential,India
1,2039-04-21,549.54,residential,India
1,2039-04-22,542.21,residential,India
1,2039-04-23,528.73,residential,India
1,2039-04-24,521.1,residential,India
1,2039-04-25,548.54,residential,India
1,2039-04-26,534.89,residential,India
1,2039-04-27,534.58,residential,India
1,2039-04-28,526.04,residential,India
1,2039-04-29,562.58,residential,India
1,2039-04-30,541.06,residential,India
1,2039-05-01,537.0,residential,India
1,2039-05-02,523.57,residential,India
1,2039-05-03,513.73,residential,India
1,2039-05-04,553.22,residential,India
1,2039-05-05,568.6,residential,India
1,2039-05-06,527.91,residential,India
1,2039-05-07,571.55,residential,India
1,2039-05-08,517.56,residential,India
1,2039-05-09,498.94,residential,India
1,2039-05-10,501.12,residential,India
1,2039-05-11,527.1,residential,India
1,2039-05-12,521.8,residential,India
1,2039-05-13,524.87,residential,India
1,2039-05-14,543.9,residential,India
1,2039-05-15,511.75,residential,India
1,2039-05-16,525.72,residential,India
1,2039-05-17,533.22,residential,India
1,2039-05-18,506.79,residential,India
1,2039-05-19,548.28,residential,India
1,2039-05-20,540.63,residential,India
1,2039-05-21,537.3,residential,India
1,2039-05-22,544.14,residential,India
1,2039-05-23,534.53,residential,India
1,2039-05-24,558.54,residential,India
1,2039-05-25,550.07,residential,India
1,2039-05-26,537.1,residential,India
1,2039-05-27,536.31,residential,India
1,2039-05-28,539.2,residential,India
1,2039-05-29,554.83,residential,India
1,2039-05-30,536.43,residential,India
1,2039-05-31,567.61,residential,India
1,2039-06-01,531.31,residential,India
1,2039-06-02,530.25,residential,India
1,2039-06-03,499.28,residential,India
1,2039-06-04,540.69,residential,India
1,2039-06-05,526.76,residential,India
1,2039-06-06,513.65,residential,India
1,2039-06-07,537.8,residential,India
1,2039-06-08,506.97,residential,India
1,2039-06-09,513.34,residential,India
1,2039-06-10,527.24,residential,India
1,2039-06-11,543.55,residential,India
1,2039-06-12,523.33,residential,India
1,2039-06-13,530.92,residential,India
1,2039-06-14,526.52,residential,India
1,2039-06-15,481.13,residential,India
1,2039-06-16,521.14,residential,India
1,2039-06-17,487.13,residential,India
1,2039-06-18,516.0,residential,India
1,2039-06-19,490.09,residential,India
1,2039-06-20,537.18,residential,India
1,2039-06-21,516.92,residential,India
1,2039-06-22,543.2,residential,India
1,2039-06-23,547.44,residential,India
1,2039-06-24,530.72,residential,India
1,2039-06-25,499.57,residential,India
1,2039-06-26,512.2,residential,India
1,2039-06-27,533.89,residential,India
1,2039-06-28,512.22,residential,India
1,2039-06-29,514.96,residential,India
1,2039-06-30,552.47,residential,India
1,2039-07-01,537.53,residential,India
1,2039-07-02,550.02,residential,India
1,2039-07-03,547.88,residential,India
1,2039-07-04,494.24,residential,India
1,2039-07-05,541.42,residential,India
1,2039-07-06,516.44,residential,India
1,2039-07-07,515.79,residential,India
1,2039-07-08,533.63,residential,India
1,2039-07-09,497.73,residential,India
1,2039-07-10,534.89,residential,India
1,2039-07-11,514.34,residential,India
1,2039-07-12,551.0,residential,India
1,2039-07-13,521.87,residential,India
1,2039-07-14,496.68,residential,India
1,2039-07-15,474.42,residential,India
1,2039-07-16,500.94,residential,India
1,2039-07-17,537.37,residential,India
1,2039-07-18,519.05,residential,India
1,2039-07-19,510.72,residential,India
1,2039-07-20,526.75,residential,India
1,2039-07-21,559.68,residential,India
1,2039-07-22,538.12,residential,India
1,2039-07-23,531.34,residential,India
1,2039-07-24,508.54,residential,India
1,2039-07-25,551.98,residential,India
1,2039-07-26,512.0,residential,India
1,2039-07-27,523.14,residential,India
1,2039-07-28,518.75,residential,India
1,2039-07-29,530.89,residential,India
1,2039-07-30,516.16,residential,India
1,2039-07-31,509.62,residential,India
1,2039-08-01,483.73,residential,India
1,2039-08-02,562.25,residential,India
1,2039-08-03,478.25,residential,India
1,2039-08-04,531.82,residential,India
1,2039-08-05,530.19,residential,India
1,2039-08-06,501.68,residential,India
1,2039-08-07,530.39,residential,India
1,2039-08-08,507.02,residential,India
1,2039-08-09,520.86,residential,India
1,2039-08-10,526.06,residential,India
1,2039-08-11,492.8,residential,India
1,2039-08-12,517.74,residential,India
1,2039-08-13,504.5,residential,India
1,2039-08-14,567.43,residential,India
1,2039-08-15,505.06,residential,India
1,2039-08-16,527.36,residential,India
1,2039-08-17,515.5,residential,India
1,2039-08-18,519.91,residential,India
1,2039-08-19,534.59,residential,India
1,2039-08-20,505.25,residential,India
1,2039-08-21,506.58,residential,India
1,2039-08-22,522.96,residential,India
1,2039-08-23,514.56,residential,India
1,2039-08-24,511.94,residential,India
1,2039-08-25,543.95,residential,India
1,2039-08-26,529.0,residential,India
1,2039-08-27,478.31,residential,India
1,2039-08-28,522.48,residential,India
1,2039-08-29,540.89,residential,India
1,2039-08-30,506.44,residential,India
1,2039-08-31,514.99,residential,India
1,2039-09-01,524.06,residential,India
1,2039-09-02,520.58,residential,India
1,2039-09-03,488.3,residential,India
1,2039-09-04,509.57,residential,India
1,2039-09-05,542.02,residential,India
1,2039-09-06,540.35,residential,India
1,2039-09-07,508.99,residential,India
1,2039-09-08,538.62,residential,India
1,2039-09-09,527.43,residential,India
1,2039-09-10,533.23,residential,India
1,2039-09-11,497.18,residential,India
1,2039-09-12,500.11,residential,India
1,2039-09-13,499.87,residential,India
1,2039-09-14,502.97,residential,India
1,2039-09-15,519.65,residential,India
1,2039-09-16,547.02,residential,India
1,2039-09-17,501.98,residential,India
1,2039-09-18,528.9,residential,India
1,2039-09-19,541.74,residential,India
1,2039-09-20,552.05,residential,India
1,2039-09-21,517.51,residential,India
1,2039-09-22,535.04,residential,India
1,2039-09-23,525.52,residential,India
1,2039-09-24,503.19,residential,India
1,2039-09-25,550.81,residential,India
1,2039-09-26,477.54,residential,India
1,2039-09-27,490.59,residential,India
1,2039-09-28,519.66,residential,India
1,2039-09-29,515.73,residential,India
1,2039-09-30,501.0,residential,India
1,2039-10-01,511.06,residential,India
1,2039-10-02,495.46,residential,India
1,2039-10-03,491.17,residential,India
1,2039-10-04,502.67,residential,India
1,2039-10-05,526.15,residential,India
1,2039-10-06,526.82,residential,India
1,2039-10-07,526.48,residential,India
1,2039-10-08,509.62,residential,India
1,2039-10-09,546.08,residential,India
1,2039-10-10,527.42,residential,India
1,2039-10-11,496.86,residential,India
1,2039-10-12,514.61,residential,India
1,2039-10-13,481.72,residential,India
1,2039-10-14,517.75,residential,India
1,2039-10-15,524.64,residential,India
1,2039-10-16,542.89,residential,India
1,2039-10-17,517.69,residential,India
1,2039-10-18,537.07,residential,India
1,2039-10-19,525.07,residential,India
1,2039-10-20,463.2,residential,India
1,2039-10-21,518.63,residential,India
1,2039-10-22,521.87,residential,India
1,2039-10-23,527.55,residential,India
1,2039-10-24,507.2,residential,India
1,2039-10-25,472.58,residential,India
1,2039-10-26,485.07,residential,India
1,2039-10-27,487.3,residential,India
1,2039-10-28,489.03,residential,India
1,2039-10-29,547.99,residential,India
1,2039-10-30,522.18,residential,India
1,2039-10-31,522.97,residential,India
1,2039-11-01,509.44,residential,India
1,2039-11-02,478.1,residential,India
1,2039-11-03,542.91,residential,India
1,2039-11-04,490.89,residential,India
1,2039-11-05,528.28,residential,India
1,2039-11-06,501.45,residential,India
1,2039-11-07,493.64,residential,India
1,2039-11-08,507.74,residential,India
1,2039-11-09,538.55,residential,India
1,2039-11-10,521.36,residential,India
1,2039-11-11,518.8,residential,India
1,2039-11-12,517.0,residential,India
1,2039-11-13,547.78,residential,India
1,2039-11-14,534.13,residential,India
1,2039-11-15,523.17,residential,India
1,2039-11-16,463.48,residential,India
1,2039-11-17,537.73,residential,India
1,2039-11-18,506.19,residential,India
1,2039-11-19,532.19,residential,India
1,2039-11-20,491.28,residential,India
1,2039-11-21,524.82,residential,India
1,2039-11-22,531.37,residential,India
1,2039-11-23,532.64,residential,India
1,2039-11-24,526.23,residential,India
1,2039-11-25,498.72,residential,India
1,2039-11-26,490.1,residential,India
1,2039-11-27,500.15,residential,India
1,2039-11-28,507.28,residential,India
1,2039-11-29,536.17,residential,India
1,2039-11-30,539.04,residential,India
1,2039-12-01,497.5,residential,India
1,2039-12-02,533.56,residential,India
1,2039-12-03,551.51,residential,India
1,2039-12-04,527.47,residential,India
1,2039-12-05,525.88,residential,India
1,2039-12-06,524.91,residential,India
1,2039-12-07,509.36,residential,India
1,2039-12-08,532.66,residential,India
1,2039-12-09,491.12,residential,India
1,2039-12-10,518.81,residential,India
1,2039-12-11,505.75,residential,India
1,2039-12-12,516.41,residential,India
1,2039-12-13,501.48,residential,India
1,2039-12-14,480.89,residential,India
1,2039-12-15,499.28,residential,India
1,2039-12-16,489.9,residential,India
1,2039-12-17,482.58,residential,India
1,2039-12-18,478.12,residential,India
1,2039-12-19,518.86,residential,India
1,2039-12-20,511.03,residential,India
1,2039-12-21,500.83,residential,India
1,2039-12-22,509.58,residential,India
1,2039-12-23,521.25,residential,India
1,2039-12-24,480.53,residential,India
1,2039-12-25,526.98,residential,India
1,2039-12-26,517.24,residential,India
1,2039-12-27,513.16,residential,India
1,2039-12-28,519.84,residential,India
1,2039-12-29,550.56,residential,India
1,2039-12-30,495.48,residential,India
1,2039-12-31,485.31,residential,India
1,2040-01-01,486.06,residential,India
1,2040-01-02,532.16,residential,India
1,2040-01-03,487.84,residential,India
1,2040-01-04,515.16,residential,India
1,2040-01-05,483.21,residential,India
1,2040-01-06,514.33,residential,India
1,2040-01-07,505.06,residential,India
1,2040-01-08,482.48,residential,India
1,2040-01-09,522.19,residential,India
1,2040-01-10,496.7,residential,India
1,2040-01-11,530.86,residential,India
1,2040-01-12,464.6,residential,India
1,2040-01-13,535.98,residential,India
1,2040-01-14,530.16,residential,India
1,2040-01-15,523.76,residential,India
1,2040-01-16,513.18,residential,India
1,2040-01-17,509.86,residential,India
1,2040-01-18,489.96,residential,India
1,2040-01-19,526.56,residential,India
1,2040-01-20,467.13,residential,India
1,2040-01-21,485.73,residential,India
1,2040-01-22,512.24,residential,India
1,2040-01-23,523.35,residential,India
1,2040-01-24,519.37,residential,India
1,2040-01-25,517.42,residential,India
1,2040-01-26,491.56,residential,India
1,2040-01-27,512.9,residential,India
1,2040-01-28,509.62,residential,India
1,2040-01-29,522.27,residential,India
1,2040-01-30,459.0,residential,India
1,2040-01-31,470.62,residential,India
1,2040-02-01,503.76,residential,India
1,2040-02-02,506.01,residential,India
1,2040-02-03,500.86,residential,India
1,2040-02-04,503.67,residential,India
1,2040-02-05,498.6,residential,India
1,2040-02-06,483.22,residential,India
1,2040-02-07,530.77,residential,India
1,2040-02-08,463.93,residential,India
1,2040-02-09,515.1,residential,India
1,2040-02-10,486.13,residential,India
1,2040-02-11,501.43,residential,India
1,2040-02-12,497.96,residential,India
1,2040-02-13,517.45,residential,India
1,2040-02-14,516.36,residential,India
1,2040-02-15,500.71,residential,India
1,2040-02-16,477.81,residential,India
1,2040-02-17,480.14,residential,India
1,2040-02-18,502.7,residential,India
1,2040-02-19,503.62,residential,India
1,2040-02-20,485.28,residential,India
1,2040-02-21,504.5,residential,India
1,2040-02-22,486.35,residential,India
1,2040-02-23,453.68,residential,India
1,2040-02-24,493.9,residential,India
1,2040-02-25,496.66,residential,India
1,2040-02-26,510.74,residential,India
1,2040-02-27,482.44,residential,India
1,2040-02-28,511.45,residential,India
1,2040-02-29,456.25,residential,India
1,2040-03-01,473.47,residential,India
1,2040-03-02,468.26,residential,India
1,2040-03-03,504.97,residential,India
1,2040-03-04,473.98,residential,India
1,2040-03-05,479.71,residential,India
1,2040-03-06,503.56,residential,India
1,2040-03-07,509.86,residential,India
1,2040-03-08,502.71,residential,India
1,2040-03-09,508.47,residential,India
1,2040-03-10,504.28,residential,India
1,2040-03-11,508.76,residential,India
1,2040-03-12,532.17,residential,India
1,2040-03-13,504.93,residential,India
1,2040-03-14,537.31,residential,India
1,2040-03-15,550.12,residential,India
1,2040-03-16,475.18,residential,India
1,2040-03-17,531.94,residential,India
1,2040-03-18,483.91,residential,India
1,2040-03-19,485.21,residential,India
1,2040-03-20,504.13,residential,India
1,2040-03-21,515.75,residential,India
1,2040-03-22,508.46,residential,India
1,2040-03-23,497.12,residential,India
1,2040-03-24,504.83,residential,India
1,2040-03-25,486.86,residential,India
1,2040-03-26,502.12,residential,India
1,2040-03-27,544.55,residential,India
1,2040-03-28,496.57,residential,India
1,2040-03-29,485.97,residential,India
1,2040-03-30,533.28,residential,India
1,2040-03-31,492.1,residential,India
1,2040-04-01,466.44,residential,India
1,2040-04-02,484.87,residential,India
1,2040-04-03,518.47,residential,India
1,2040-04-04,466.41,residential,India
1,2040-04-05,459.78,residential,India
1,2040-04-06,510.59,residential,India
1,2040-04-07,500.3,residential,India
1,2040-04-08,489.87,residential,India
1,2040-04-09,530.63,residential,India
1,2040-04-10,502.86,residential,India
1,2040-04-11,492.17,residential,India
1,2040-04-12,532.25,residential,India
1,2040-04-13,544.76,residential,India
1,2040-04-14,471.67,residential,India
1,2040-04-15,501.39,residential,India
1,2040-04-16,515.35,residential,India
1,2040-04-17,505.26,residential,India
1,2040-04-18,516.62,residential,India
1,2040-04-19,499.83,residential,India
1,2040-04-20,482.42,residential,India
1,2040-04-21,480.72,residential,India
1,2040-04-22,520.64,residential,India
1,2040-04-23,486.55,residential,India
1,2040-04-24,495.47,residential,India
1,2040-04-25,516.71,residential,India
1,2040-04-26,524.51,residential,India
1,2040-04-27,522.3,residential,India
1,2040-04-28,479.25,residential,India
1,2040-04-29,493.85,residential,India
1,2040-04-30,490.22,residential,India
1,2040-05-01,477.07,residential,India
1,2040-05-02,507.13,residential,India
1,2040-05-03,482.59,residential,India
1,2040-05-04,503.45,residential,India
1,2040-05-05,500.37,residential,India
1,2040-05-06,509.42,residential,India
1,2040-05-07,497.05,residential,India
1,2040-05-08,529.68,residential,India
1,2040-05-09,491.72,residential,India
1,2040-05-10,478.49,residential,India
1,2040-05-11,494.79,residential,India
1,2040-05-12,492.65,residential,India
1,2040-05-13,512.12,residential,India
1,2040-05-14,520.9,residential,India
1,2040-05-15,489.28,residential,India
1,2040-05-16,486.79,residential,India
1,2040-05-17,490.13,residential,India
1,2040-05-18,476.62,residential,India
1,2040-05-19,508.63,residential,India
1,2040-05-20,525.71,residential,India
1,2040-05-21,495.1,residential,India
1,2040-05-22,503.1,residential,India
1,2040-05-23,457.99,residential,India
1,2040-05-24,522.01,residential,India
1,2040-05-25,533.51,residential,India
1,2040-05-26,516.14,residential,India
1,2040-05-27,485.18,residential,India
1,2040-05-28,505.27,residential,India
1,2040-05-29,497.37,residential,India
1,2040-05-30,493.9,residential,India
1,2040-05-31,515.21,residential,India
1,2040-06-01,509.53,residential,India
1,2040-06-02,486.07,residential,India
1,2040-06-03,506.67,residential,India
1,2040-06-04,485.09,residential,India
1,2040-06-05,506.32,residential,India
1,2040-06-06,494.39,residential,India
1,2040-06-07,470.16,residential,India
1,2040-06-08,492.92,residential,India
1,2040-06-09,479.3,residential,India
1,2040-06-10,497.46,residential,India
1,2040-06-11,493.25,residential,India
1,2040-06-12,508.63,residential,India
1,2040-06-13,539.27,residential,India
1,2040-06-14,508.5,residential,India
1,2040-06-15,496.16,residential,India
1,2040-06-16,485.78,residential,India
1,2040-06-17,499.99,residential,India
1,2040-06-18,487.24,residential,India
1,2040-06-19,472.24,residential,India
1,2040-06-20,463.36,residential,India
1,2040-06-21,483.94,residential,India
1,2040-06-22,488.77,residential,India
1,2040-06-23,506.32,residential,India
1,2040-06-24,498.19,residential,India
1,2040-06-25,505.92,residential,India
1,2040-06-26,521.74,residential,India
1,2040-06-27,480.91,residential,India
1,2040-06-28,514.72,residential,India
1,2040-06-29,495.63,residential,India
1,2040-06-30,504.16,residential,India
1,2040-07-01,510.77,residential,India
1,2040-07-02,498.79,residential,India
1,2040-07-03,486.87,residential,India
1,2040-07-04,515.8,residential,India
1,2040-07-05,490.25,residential,India
1,2040-07-06,480.33,residential,India
1,2040-07-07,484.67,residential,India
1,2040-07-08,516.38,residential,India
1,2040-07-09,535.41,residential,India
1,2040-07-10,489.38,residential,India
1,2040-07-11,474.53,residential,India
1,2040-07-12,514.57,residential,India
1,2040-07-13,508.43,residential,India
1,2040-07-14,501.94,residential,India
1,2040-07-15,480.65,residential,India
1,2040-07-16,484.68,residential,India
1,2040-07-17,477.72,residential,India
1,2040-07-18,534.91,residential,India
1,2040-07-19,515.8,residential,India
1,2040-07-20,507.09,residential,India
1,2040-07-21,512.8,residential,India
1,2040-07-22,501.62,residential,India
1,2040-07-23,509.82,residential,India
1,2040-07-24,517.1,residential,India
1,2040-07-25,476.54,residential,India
1,2040-07-26,536.17,residential,India
1,2040-07-27,507.43,residential,India
1,2040-07-28,509.86,residential,India
1,2040-07-29,488.0,residential,India
1,2040-07-30,500.87,residential,India
1,2040-07-31,513.23,residential,India
1,2040-08-01,517.1,residential,India
1,2040-08-02,493.61,residential,India
1,2040-08-03,489.11,residential,India
1,2040-08-04,512.9,residential,India
1,2040-08-05,523.06,residential,India
1,2040-08-06,518.38,residential,India
1,2040-08-07,469.17,residential,India
1,2040-08-08,493.89,residential,India
1,2040-08-09,486.81,residential,India
1,2040-08-10,496.46,residential,India
1,2040-08-11,485.53,residential,India
1,2040-08-12,488.26,residential,India
1,2040-08-13,445.28,residential,India
1,2040-08-14,487.93,residential,India
1,2040-08-15,502.33,residential,India
1,2040-08-16,511.93,residential,India
1,2040-08-17,486.46,residential,India
1,2040-08-18,541.55,residential,India
1,2040-08-19,494.6,residential,India
1,2040-08-20,511.83,residential,India
1,2040-08-21,509.33,residential,India
1,2040-08-22,498.39,residential,India
1,2040-08-23,453.82,residential,India
1,2040-08-24,546.27,residential,India
1,2040-08-25,544.46,residential,India
1,2040-08-26,486.71,residential,India
1,2040-08-27,482.91,residential,India
1,2040-08-28,481.28,residential,India
1,2040-08-29,511.39,residential,India
1,2040-08-30,504.32,residential,India
1,2040-08-31,541.84,residential,India
1,2040-09-01,507.35,residential,India
1,2040-09-02,493.52,residential,India
1,2040-09-03,505.54,residential,India
1,2040-09-04,500.98,residential,India
1,2040-09-05,485.84,residential,India
1,2040-09-06,484.34,residential,India
1,2040-09-07,508.9,residential,India
1,2040-09-08,483.84,residential,India
1,2040-09-09,481.21,residential,India
1,2040-09-10,488.95,residential,India
1,2040-09-11,493.04,residential,India
1,2040-09-12,490.69,residential,India
1,2040-09-13,509.72,residential,India
1,2040-09-14,507.75,residential,India
1,2040-09-15,528.62,residential,India
1,2040-09-16,510.4,residential,India
1,2040-09-17,482.19,residential,India
1,2040-09-18,498.25,residential,India
1,2040-09-19,485.22,residential,India
1,2040-09-20,480.77,residential,India
1,2040-09-21,543.88,residential,India
1,2040-09-22,474.68,residential,India
1,2040-09-23,492.56,residential,India
1,2040-09-24,498.67,residential,India
1,2040-09-25,490.72,residential,India
1,2040-09-26,517.96,residential,India
1,2040-09-27,494.83,residential,India
1,2040-09-28,522.61,residential,India
1,2040-09-29,531.27,residential,India
1,2040-09-30,482.16,residential,India
1,2040-10-01,474.46,residential,India
1,2040-10-02,530.66,residential,India
1,2040-10-03,507.22,residential,India
1,2040-10-04,499.7,residential,India
1,2040-10-05,520.09,residential,India
1,2040-10-06,509.16,residential,India
1,2040-10-07,511.42,residential,India
1,2040-10-08,537.48,residential,India
1,2040-10-09,510.45,residential,India
1,2040-10-10,507.8,residential,India
1,2040-10-11,484.62,residential,India
1,2040-10-12,519.47,residential,India
1,2040-10-13,486.96,residential,India
1,2040-10-14,516.97,residential,India
1,2040-10-15,491.76,residential,India
1,2040-10-16,492.81,residential,India
1,2040-10-17,497.73,residential,India
1,2040-10-18,510.95,residential,India
1,2040-10-19,528.08,residential,India
1,2040-10-20,510.72,residential,India
1,2040-10-21,484.91,residential,India
1,2040-10-22,545.26,residential,India
1,2040-10-23,520.72,residential,India
1,2040-10-24,490.65,residential,India
1,2040-10-25,507.37,residential,India
1,2040-10-26,489.25,residential,India
1,2040-10-27,483.94,residential,India
1,2040-10-28,500.23,residential,India
1,2040-10-29,518.16,residential,India
1,2040-10-30,503.76,residential,India
1,2040-10-31,505.52,residential,India
1,2040-11-01,529.42,residential,India
1,2040-11-02,485.89,residential,India
1,2040-11-03,498.98,residential,India
1,2040-11-04,532.7,residential,India
1,2040-11-05,512.41,residential,India
1,2040-11-06,522.31,residential,India
1,2040-11-07,481.54,residential,India
1,2040-11-08,509.03,residential,India
1,2040-11-09,490.24,residential,India
1,2040-11-10,486.77,residential,India
1,2040-11-11,517.36,residential,India
1,2040-11-12,521.66,residential,India
1,2040-11-13,497.91,residential,India
1,2040-11-14,497.21,residential,India
1,2040-11-15,532.11,residential,India
1,2040-11-16,484.05,residential,India
1,2040-11-17,542.61,residential,India
1,2040-11-18,476.94,residential,India
1,2040-11-19,509.73,residential,India
1,2040-11-20,519.19,residential,India
1,2040-11-21,499.92,residential,India
1,2040-11-22,510.62,residential,India
1,2040-11-23,520.77,residential,India
1,2040-11-24,517.23,residential,India
1,2040-11-25,502.06,residential,India
1,2040-11-26,505.87,residential,India
1,2040-11-27,497.79,residential,India
1,2040-11-28,498.88,residential,India
1,2040-11-29,476.79,residential,India
1,2040-11-30,498.82,residential,India
1,2040-12-01,497.88,residential,India
1,2040-12-02,510.95,residential,India
1,2040-12-03,468.8,residential,India
1,2040-12-04,528.21,residential,India
1,2040-12-05,516.89,residential,India
1,2040-12-06,512.36,residential,India
1,2040-12-07,484.6,residential,India
1,2040-12-08,543.78,residential,India
1,2040-12-09,535.15,residential,India
1,2040-12-10,526.96,residential,India
1,2040-12-11,511.16,residential,India
1,2040-12-12,555.87,residential,India
1,2040-12-13,482.82,residential,India
1,2040-12-14,495.46,residential,India
1,2040-12-15,509.06,residential,India
1,2040-12-16,496.67,residential,India
1,2040-12-17,495.99,residential,India
1,2040-12-18,493.34,residential,India
1,2040-12-19,526.2,residential,India
1,2040-12-20,477.3,residential,India
1,2040-12-21,510.03,residential,India
1,2040-12-22,537.8,residential,India
1,2040-12-23,533.05,residential,India
1,2040-12-24,510.02,residential,India
1,2040-12-25,510.09,residential,India
1,2040-12-26,533.04,residential,India
1,2040-12-27,498.9,residential,India
1,2040-12-28,499.87,residential,India
1,2040-12-29,511.25,residential,India
1,2040-12-30,516.5,residential,India
1,2040-12-31,526.74,residential,India
1,2041-01-01,503.66,residential,India
1,2041-01-02,529.35,residential,India
1,2041-01-03,517.79,residential,India
1,2041-01-04,510.4,residential,India
1,2041-01-05,523.02,residential,India
1,2041-01-06,516.35,residential,India
1,2041-01-07,490.6,residential,India
1,2041-01-08,509.27,residential,India
1,2041-01-09,515.51,residential,India
1,2041-01-10,500.89,residential,India
1,2041-01-11,464.14,residential,India
1,2041-01-12,508.03,residential,India
1,2041-01-13,516.71,residential,India
1,2041-01-14,520.23,residential,India
1,2041-01-15,530.43,residential,India
1,2041-01-16,518.83,residential,India
1,2041-01-17,526.24,residential,India
1,2041-01-18,558.22,residential,India
1,2041-01-19,511.16,residential,India
1,2041-01-20,525.22,residential,India
1,2041-01-21,511.21,residential,India
1,2041-01-22,510.19,residential,India
1,2041-01-23,508.43,residential,India
1,2041-01-24,503.22,residential,India
1,2041-01-25,542.73,residential,India
1,2041-01-26,487.4,residential,India
1,2041-01-27,521.89,residential,India
1,2041-01-28,506.04,residential,India
1,2041-01-29,508.27,residential,India
1,2041-01-30,532.19,residential,India
1,2041-01-31,536.81,residential,India
1,2041-02-01,475.89,residential,India
1,2041-02-02,477.26,residential,India
1,2041-02-03,518.17,residential,India
1,2041-02-04,526.35,residential,India
1,2041-02-05,518.66,residential,India
1,2041-02-06,522.43,residential,India
1,2041-02-07,526.45,residential,India
1,2041-02-08,527.31,residential,India
1,2041-02-09,493.62,residential,India
1,2041-02-10,514.41,residential,India
1,2041-02-11,525.28,residential,India
1,2041-02-12,516.79,residential,India
1,2041-02-13,521.15,residential,India
1,2041-02-14,509.26,residential,India
1,2041-02-15,527.03,residential,India
1,2041-02-16,500.76,residential,India
1,2041-02-17,515.67,residential,India
1,2041-02-18,533.52,residential,India
1,2041-02-19,542.83,residential,India
1,2041-02-20,529.19,residential,India
1,2041-02-21,521.1,residential,India
1,2041-02-22,515.99,residential,India
1,2041-02-23,522.84,residential,India
1,2041-02-24,481.07,residential,India
1,2041-02-25,506.34,residential,India
1,2041-02-26,546.03,residential,India
1,2041-02-27,511.48,residential,India
1,2041-02-28,525.26,residential,India
1,2041-03-01,505.56,residential,India
1,2041-03-02,544.45,residential,India
1,2041-03-03,529.35,residential,India
1,2041-03-04,541.36,residential,India
1,2041-03-05,533.13,residential,India
1,2041-03-06,573.13,residential,India
1,2041-03-07,505.89,residential,India
1,2041-03-08,513.27,residential,India
1,2041-03-09,517.23,residential,India
1,2041-03-10,528.85,residential,India
1,2041-03-11,535.18,residential,India
1,2041-03-12,513.3,residential,India
1,2041-03-13,512.58,residential,India
1,2041-03-14,503.01,residential,India
1,2041-03-15,523.66,residential,India
1,2041-03-16,521.07,residential,India
1,2041-03-17,530.7,residential,India
1,2041-03-18,496.79,residential,India
1,2041-03-19,515.96,residential,India
1,2041-03-20,522.48,residential,India
1,2041-03-21,546.06,residential,India
1,2041-03-22,518.28,residential,India
1,2041-03-23,500.62,residential,India
1,2041-03-24,544.42,residential,India
1,2041-03-25,531.26,residential,India
1,2041-03-26,513.25,residential,India
1,2041-03-27,522.0,residential,India
1,2041-03-28,513.86,residential,India
1,2041-03-29,533.2,residential,India
1,2041-03-30,547.2,residential,India
1,2041-03-31,521.39,residential,India
1,2041-04-01,530.94,residential,India
1,2041-04-02,501.66,residential,India
1,2041-04-03,525.47,residential,India
1,2041-04-04,519.16,residential,India
1,2041-04-05,520.21,residential,India
1,2041-04-06,506.68,residential,India
1,2041-04-07,531.97,residential,India
1,2041-04-08,548.77,residential,India
1,2041-04-09,508.58,residential,India
1,2041-04-10,545.19,residential,India
1,2041-04-11,482.54,residential,India
1,2041-04-12,488.56,residential,India
1,2041-04-13,518.88,residential,India
1,2041-04-14,533.9,residential,India
1,2041-04-15,553.99,residential,India
1,2041-04-16,548.72,residential,India
1,2041-04-17,517.27,residential,India
1,2041-04-18,499.5,residential,India
1,2041-04-19,516.12,residential,India
1,2041-04-20,569.48,residential,India
1,2041-04-21,506.64,residential,India
1,2041-04-22,482.19,residential,India
1,2041-04-23,510.98,residential,India
1,2041-04-24,522.71,residential,India
1,2041-04-25,526.61,residential,India
1,2041-04-26,520.0,residential,India
1,2041-04-27,515.67,residential,India
1,2041-04-28,527.46,residential,India
1,2041-04-29,467.56,residential,India
1,2041-04-30,527.3,residential,India
1,2041-05-01,514.56,residential,India
1,2041-05-02,570.82,residential,India
1,2041-05-03,514.16,residential,India
1,2041-05-04,521.46,residential,India
1,2041-05-05,534.64,residential,India
1,2041-05-06,530.8,residential,India
1,2041-05-07,541.4,residential,India
1,2041-05-08,522.78,residential,India
1,2041-05-09,540.35,residential,India
1,2041-05-10,527.4,residential,India
1,2041-05-11,529.47,residential,India
1,2041-05-12,494.96,residential,India
1,2041-05-13,531.27,residential,India
1,2041-05-14,537.02,residential,India
1,2041-05-15,506.33,residential,India
1,2041-05-16,520.68,residential,India
1,2041-05-17,482.88,residential,India
1,2041-05-18,490.45,residential,India
1,2041-05-19,547.07,residential,India
1,2041-05-20,536.44,residential,India
1,2041-05-21,524.88,residential,India
1,2041-05-22,516.72,residential,India
1,2041-05-23,533.33,residential,India
1,2041-05-24,523.68,residential,India
1,2041-05-25,534.3,residential,India
1,2041-05-26,515.63,residential,India
1,2041-05-27,527.62,residential,India
1,2041-05-28,532.64,residential,India
1,2041-05-29,533.72,residential,India
1,2041-05-30,508.87,residential,India
1,2041-05-31,549.81,residential,India
1,2041-06-01,538.89,residential,India
1,2041-06-02,508.44,residential,India
1,2041-06-03,523.04,residential,India
1,2041-06-04,514.2,residential,India
1,2041-06-05,522.49,residential,India
1,2041-06-06,493.63,residential,India
1,2041-06-07,518.98,residential,India
1,2041-06-08,545.8,residential,India
1,2041-06-09,533.95,residential,India
1,2041-06-10,541.23,residential,India
1,2041-06-11,548.21,residential,India
1,2041-06-12,496.19,residential,India
1,2041-06-13,530.36,residential,India
1,2041-06-14,552.1,residential,India
1,2041-06-15,520.4,residential,India
1,2041-06-16,543.85,residential,India
1,2041-06-17,553.48,residential,India
1,2041-06-18,544.41,residential,India
1,2041-06-19,519.85,residential,India
1,2041-06-20,505.12,residential,India
1,2041-06-21,533.19,residential,India
1,2041-06-22,551.95,residential,India
1,2041-06-23,543.28,residential,India
1,2041-06-24,568.34,residential,India
1,2041-06-25,514.68,residential,India
1,2041-06-26,514.49,residential,India
1,2041-06-27,518.38,residential,India
1,2041-06-28,514.54,residential,India
1,2041-06-29,550.61,residential,India
1,2041-06-30,520.42,residential,India
1,2041-07-01,545.55,residential,India
1,2041-07-02,573.78,residential,India
1,2041-07-03,574.71,residential,India
1,2041-07-04,544.85,residential,India
1,2041-07-05,515.8,residential,India
1,2041-07-06,536.95,residential,India
1,2041-07-07,563.39,residential,India
1,2041-07-08,551.71,residential,India
1,2041-07-09,538.94,residential,India
1,2041-07-10,529.53,residential,India
1,2041-07-11,569.76,residential,India
1,2041-07-12,546.95,residential,India
1,2041-07-13,548.58,residential,India
1,2041-07-14,553.24,residential,India
1,2041-07-15,579.84,residential,India
1,2041-07-16,579.74,residential,India
1,2041-07-17,556.65,residential,India
1,2041-07-18,558.8,residential,India
1,2041-07-19,511.2,residential,India
1,2041-07-20,536.75,residential,India
1,2041-07-21,533.26,residential,India
1,2041-07-22,555.79,residential,India
1,2041-07-23,517.48,residential,India
1,2041-07-24,520.19,residential,India
1,2041-07-25,531.94,residential,India
1,2041-07-26,552.04,residential,India
1,2041-07-27,533.23,residential,India
1,2041-07-28,541.53,residential,India
1,2041-07-29,549.8,residential,India
1,2041-07-30,547.16,residential,India
1,2041-07-31,503.77,residential,India
1,2041-08-01,545.11,residential,India
1,2041-08-02,570.62,residential,India
1,2041-08-03,514.19,residential,India
1,2041-08-04,515.37,residential,India
1,2041-08-05,537.37,residential,India
1,2041-08-06,526.56,residential,India
1,2041-08-07,541.27,residential,India
1,2041-08-08,544.01,residential,India
1,2041-08-09,570.31,residential,India
1,2041-08-10,565.72,residential,India
1,2041-08-11,548.06,residential,India
1,2041-08-12,545.14,residential,India
1,2041-08-13,532.91,residential,India
1,2041-08-14,559.1,residential,India
1,2041-08-15,548.35,residential,India
1,2041-08-16,506.69,residential,India
1,2041-08-17,555.52,residential,India
1,2041-08-18,529.37,residential,India
1,2041-08-19,550.53,residential,India
1,2041-08-20,505.84,residential,India
1,2041-08-21,540.05,residential,India
1,2041-08-22,524.29,residential,India
1,2041-08-23,562.53,residential,India
1,2041-08-24,554.21,residential,India
1,2041-08-25,575.43,residential,India
1,2041-08-26,525.86,residential,India
1,2041-08-27,587.91,residential,India
1,2041-08-28,546.91,residential,India
1,2041-08-29,547.83,residential,India
1,2041-08-30,515.4,residential,India
1,2041-08-31,552.31,residential,India
1,2041-09-01,553.13,residential,India
1,2041-09-02,530.44,residential,India
1,2041-09-03,529.89,residential,India
1,2041-09-04,555.14,residential,India
1,2041-09-05,594.75,residential,India
1,2041-09-06,533.01,residential,India
1,2041-09-07,495.27,residential,India
1,2041-09-08,590.55,residential,India
1,2041-09-09,559.58,residential,India
1,2041-09-10,540.57,residential,India
1,2041-09-11,500.34,residential,India
1,2041-09-12,544.7,residential,India
1,2041-09-13,493.31,residential,India
1,2041-09-14,533.87,residential,India
1,2041-09-15,575.49,residential,India
1,2041-09-16,558.74,residential,India
1,2041-09-17,537.32,residential,India
1,2041-09-18,536.19,residential,India
1,2041-09-19,540.23,residential,India
1,2041-09-20,545.54,residential,India
1,2041-09-21,533.63,residential,India
1,2041-09-22,510.68,residential,India
1,2041-09-23,566.29,residential,India
1,2041-09-24,577.34,residential,India
1,2041-09-25,576.49,residential,India
1,2041-09-26,538.48,residential,India
1,2041-09-27,520.43,residential,India
1,2041-09-28,576.52,residential,India
1,2041-09-29,583.13,residential,India
1,2041-09-30,519.89,residential,India
1,2041-10-01,557.36,residential,India
1,2041-10-02,526.71,residential,India
1,2041-10-03,563.2,residential,India
1,2041-10-04,539.5,residential,India
1,2041-10-05,543.89,residential,India
1,2041-10-06,557.39,residential,India
1,2041-10-07,554.36,residential,India
1,2041-10-08,548.88,residential,India
1,2041-10-09,557.87,residential,India
1,2041-10-10,513.89,residential,India
1,2041-10-11,535.13,residential,India
1,2041-10-12,542.16,residential,India
1,2041-10-13,553.71,residential,India
1,2041-10-14,564.17,residential,India
1,2041-10-15,539.93,residential,India
1,2041-10-16,580.18,residential,India
1,2041-10-17,555.05,residential,India
1,2041-10-18,575.34,residential,India
1,2041-10-19,554.35,residential,India
1,2041-10-20,547.64,residential,India
1,2041-10-21,539.02,residential,India
1,2041-10-22,534.66,residential,India
1,2041-10-23,552.22,residential,India
1,2041-10-24,527.82,residential,India
1,2041-10-25,550.69,residential,India
1,2041-10-26,580.75,residential,India
1,2041-10-27,556.17,residential,India
1,2041-10-28,525.68,residential,India
1,2041-10-29,561.86,residential,India
1,2041-10-30,528.88,residential,India
1,2041-10-31,559.07,residential,India
1,2041-11-01,541.57,residential,India
1,2041-11-02,556.4,residential,India
1,2041-11-03,552.83,residential,India
1,2041-11-04,535.75,residential,India
1,2041-11-05,551.66,residential,India
1,2041-11-06,579.78,residential,India
1,2041-11-07,562.85,residential,India
1,2041-11-08,554.53,residential,India
1,2041-11-09,574.34,residential,India
1,2041-11-10,544.76,residential,India
1,2041-11-11,537.4,residential,India
1,2041-11-12,561.12,residential,India
1,2041-11-13,585.41,residential,India
1,2041-11-14,580.45,residential,India
1,2041-11-15,578.26,residential,India
1,2041-11-16,482.52,residential,India
1,2041-11-17,567.14,residential,India
1,2041-11-18,585.4,residential,India
1,2041-11-19,546.37,residential,India
1,2041-11-20,546.14,residential,India
1,2041-11-21,565.59,residential,India
1,2041-11-22,535.65,residential,India
1,2041-11-23,553.75,residential,India
1,2041-11-24,533.79,residential,India
1,2041-11-25,590.95,residential,India
1,2041-11-26,579.85,residential,India
1,2041-11-27,572.1,residential,India
1,2041-11-28,573.47,residential,India
1,2041-11-29,573.24,residential,India
1,2041-11-30,529.26,residential,India
1,2041-12-01,592.64,residential,India
1,2041-12-02,587.66,residential,India
1,2041-12-03,550.06,residential,India
1,2041-12-04,594.02,residential,India
1,2041-12-05,586.88,residential,India
1,2041-12-06,571.69,residential,India
1,2041-12-07,561.43,residential,India
1,2041-12-08,517.89,residential,India
1,2041-12-09,567.38,residential,India
1,2041-12-10,577.09,residential,India
1,2041-12-11,565.65,residential,India
1,2041-12-12,538.74,residential,India
1,2041-12-13,547.6,residential,India
1,2041-12-14,564.92,residential,India
1,2041-12-15,589.21,residential,India
1,2041-12-16,548.85,residential,India
1,2041-12-17,584.09,residential,India
1,2041-12-18,555.28,residential,India
1,2041-12-19,608.41,residential,India
1,2041-12-20,560.71,residential,India
1,2041-12-21,561.85,residential,India
1,2041-12-22,590.2,residential,India
1,2041-12-23,588.5,residential,India
1,2041-12-24,597.05,residential,India
1,2041-12-25,556.07,residential,India
1,2041-12-26,549.75,residential,India
1,2041-12-27,583.65,residential,India
1,2041-12-28,594.26,residential,India
1,2041-12-29,545.85,residential,India
1,2041-12-30,546.5,residential,India
1,2041-12-31,606.38,residential,India
1,2042-01-01,568.89,residential,India
1,2042-01-02,543.93,residential,India
1,2042-01-03,545.82,residential,India
1,2042-01-04,545.99,residential,India
1,2042-01-05,565.87,residential,India
1,2042-01-06,545.59,residential,India
1,2042-01-07,552.76,residential,India
1,2042-01-08,576.03,residential,India
1,2042-01-09,576.46,residential,India
1,2042-01-10,575.87,residential,India
1,2042-01-11,566.76,residential,India
1,2042-01-12,571.08,residential,India
1,2042-01-13,562.02,residential,India
1,2042-01-14,572.78,residential,India
1,2042-01-15,583.49,residential,India
1,2042-01-16,579.13,residential,India
1,2042-01-17,546.15,residential,India
1,2042-01-18,558.41,residential,India
1,2042-01-19,575.63,residential,India
1,2042-01-20,576.4,residential,India
1,2042-01-21,590.86,residential,India
1,2042-01-22,582.97,residential,India
1,2042-01-23,576.92,residential,India
1,2042-01-24,562.98,residential,India
1,2042-01-25,584.84,residential,India
1,2042-01-26,578.82,residential,India
1,2042-01-27,549.41,residential,India
1,2042-01-28,574.49,residential,India
1,2042-01-29,596.68,residential,India
1,2042-01-30,579.54,residential,India
1,2042-01-31,575.55,residential,India
1,2042-02-01,552.34,residential,India
1,2042-02-02,605.85,residential,India
1,2042-02-03,556.05,residential,India
1,2042-02-04,587.75,residential,India
1,2042-02-05,555.08,residential,India
1,2042-02-06,571.78,residential,India
1,2042-02-07,567.54,residential,India
1,2042-02-08,611.85,residential,India
1,2042-02-09,617.21,residential,India
1,2042-02-10,572.11,residential,India
1,2042-02-11,566.1,residential,India
1,2042-02-12,580.89,residential,India
1,2042-02-13,574.99,residential,India
1,2042-02-14,598.98,residential,India
1,2042-02-15,615.17,residential,India
1,2042-02-16,577.86,residential,India
1,2042-02-17,587.87,residential,India
1,2042-02-18,584.67,residential,India
1,2042-02-19,537.52,residential,India
1,2042-02-20,570.35,residential,India
1,2042-02-21,564.33,residential,India
1,2042-02-22,562.84,residential,India
1,2042-02-23,561.94,residential,India
1,2042-02-24,611.92,residential,India
1,2042-02-25,573.05,residential,India
1,2042-02-26,598.12,residential,India
1,2042-02-27,550.12,residential,India
1,2042-02-28,620.25,residential,India
1,2042-03-01,567.67,residential,India
1,2042-03-02,592.38,residential,India
1,2042-03-03,545.44,residential,India
1,2042-03-04,579.51,residential,India
1,2042-03-05,546.2,residential,India
1,2042-03-06,558.48,residential,India
1,2042-03-07,583.15,residential,India
1,2042-03-08,585.27,residential,India
1,2042-03-09,606.86,residential,India
1,2042-03-10,595.74,residential,India
1,2042-03-11,607.17,residential,India
1,2042-03-12,579.88,residential,India
1,2042-03-13,603.54,residential,India
1,2042-03-14,573.36,residential,India
1,2042-03-15,599.44,residential,India
1,2042-03-16,587.32,residential,India
1,2042-03-17,550.05,residential,India
1,2042-03-18,564.62,residential,India
1,2042-03-19,577.37,residential,India
1,2042-03-20,591.23,residential,India
1,2042-03-21,567.26,residential,India
1,2042-03-22,571.34,residential,India
1,2042-03-23,600.13,residential,India
1,2042-03-24,566.99,residential,India
1,2042-03-25,588.29,residential,India
1,2042-03-26,619.22,residential,India
1,2042-03-27,588.8,residential,India
1,2042-03-28,531.96,residential,India
1,2042-03-29,579.49,residential,India
1,2042-03-30,595.84,residential,India
1,2042-03-31,572.23,residential,India
1,2042-04-01,600.43,residential,India
1,2042-04-02,594.84,residential,India
1,2042-04-03,563.79,residential,India
1,2042-04-04,581.02,residential,India
1,2042-04-05,559.43,residential,India
1,2042-04-06,603.99,residential,India
1,2042-04-07,599.34,residential,India
1,2042-04-08,567.98,residential,India
1,2042-04-09,594.63,residential,India
1,2042-04-10,569.51,residential,India
1,2042-04-11,580.89,residential,India
1,2042-04-12,550.19,residential,India
1,2042-04-13,559.72,residential,India
1,2042-04-14,577.22,residential,India
1,2042-04-15,599.28,residential,India
1,2042-04-16,604.82,residential,India
1,2042-04-17,578.57,residential,India
1,2042-04-18,559.01,residential,India
1,2042-04-19,570.59,residential,India
1,2042-04-20,573.49,residential,India
1,2042-04-21,554.76,residential,India
1,2042-04-22,606.06,residential,India
1,2042-04-23,578.48,residential,India
1,2042-04-24,599.12,residential,India
1,2042-04-25,590.69,residential,India
1,2042-04-26,583.39,residential,India
1,2042-04-27,592.88,residential,India
1,2042-04-28,565.61,residential,India
1,2042-04-29,579.11,residential,India
1,2042-04-30,579.62,residential,India
1,2042-05-01,533.34,residential,India
1,2042-05-02,557.25,residential,India
1,2042-05-03,598.9,residential,India
1,2042-05-04,607.18,residential,India
1,2042-05-05,592.94,residential,India
1,2042-05-06,593.73,residential,India
1,2042-05-07,579.03,residential,India
1,2042-05-08,611.56,residential,India
1,2042-05-09,578.52,residential,India
1,2042-05-10,589.82,residential,India
1,2042-05-11,616.05,residential,India
1,2042-05-12,596.83,residential,India
1,2042-05-13,548.2,residential,India
1,2042-05-14,586.51,residential,India
1,2042-05-15,588.33,residential,India
1,2042-05-16,610.34,residential,India
1,2042-05-17,583.96,residential,India
1,2042-05-18,617.03,residential,India
1,2042-05-19,615.03,residential,India
1,2042-05-20,579.3,residential,India
1,2042-05-21,579.42,residential,India
1,2042-05-22,616.4,residential,India
1,2042-05-23,634.12,residential,India
1,2042-05-24,567.76,residential,India
1,2042-05-25,583.49,residential,India
1,2042-05-26,566.88,residential,India
1,2042-05-27,604.15,residential,India
1,2042-05-28,609.42,residential,India
1,2042-05-29,584.11,residential,India
1,2042-05-30,566.2,residential,India
1,2042-05-31,572.28,residential,India
1,2042-06-01,610.32,residential,India
1,2042-06-02,645.83,residential,India
1,2042-06-03,565.03,residential,India
1,2042-06-04,590.76,residential,India
1,2042-06-05,606.27,residential,India
1,2042-06-06,625.43,residential,India
1,2042-06-07,593.55,residential,India
1,2042-06-08,616.67,residential,India
1,2042-06-09,579.99,residential,India
1,2042-06-10,554.62,residential,India
1,2042-06-11,619.36,residential,India
1,2042-06-12,596.96,residential,India
1,2042-06-13,569.7,residential,India
1,2042-06-14,555.56,residential,India
1,2042-06-15,612.51,residential,India
1,2042-06-16,574.22,residential,India
1,2042-06-17,592.05,residential,India
1,2042-06-18,576.55,residential,India
1,2042-06-19,601.5,residential,India
1,2042-06-20,575.78,residential,India
1,2042-06-21,596.07,residential,India
1,2042-06-22,600.98,residential,India
1,2042-06-23,578.99,residential,India
1,2042-06-24,609.53,residential,India
1,2042-06-25,590.51,residential,India
1,2042-06-26,600.05,residential,India
1,2042-06-27,585.21,residential,India
1,2042-06-28,598.22,residential,India
1,2042-06-29,594.16,residential,India
1,2042-06-30,548.5,residential,India
1,2042-07-01,633.86,residential,India
1,2042-07-02,585.18,residential,India
1,2042-07-03,576.06,residential,India
1,2042-07-04,602.89,residential,India
1,2042-07-05,576.93,residential,India
1,2042-07-06,634.16,residential,India
1,2042-07-07,627.7,residential,India
1,2042-07-08,600.72,residential,India
1,2042-07-09,606.73,residential,India
1,2042-07-10,622.49,residential,India
1,2042-07-11,580.14,residential,India
1,2042-07-12,590.29,residential,India
1,2042-07-13,597.97,residential,India
1,2042-07-14,600.31,residential,India
1,2042-07-15,583.04,residential,India
1,2042-07-16,626.84,residential,India
1,2042-07-17,598.0,residential,India
1,2042-07-18,582.31,residential,India
1,2042-07-19,633.73,residential,India
1,2042-07-20,608.71,residential,India
1,2042-07-21,606.64,residential,India
1,2042-07-22,606.35,residential,India
1,2042-07-23,616.46,residential,India
1,2042-07-24,578.34,residential,India
1,2042-07-25,586.21,residential,India
1,2042-07-26,597.1,residential,India
1,2042-07-27,617.23,residential,India
1,2042-07-28,607.38,residential,India
1,2042-07-29,604.02,residential,India
1,2042-07-30,580.29,residential,India
1,2042-07-31,580.07,residential,India
1,2042-08-01,625.05,residential,India
1,2042-08-02,604.25,residential,India
1,2042-08-03,609.11,residential,India
1,2042-08-04,620.79,residential,India
1,2042-08-05,588.3,residential,India
1,2042-08-06,634.54,residential,India
1,2042-08-07,601.27,residential,India
1,2042-08-08,603.69,residential,India
1,2042-08-09,588.95,residential,India
1,2042-08-10,638.27,residential,India
1,2042-08-11,616.61,residential,India
1,2042-08-12,573.71,residential,India
1,2042-08-13,600.73,residential,India
1,2042-08-14,579.39,residential,India
1,2042-08-15,624.1,residential,India
1,2042-08-16,601.91,residential,India
1,2042-08-17,596.26,residential,India
1,2042-08-18,608.05,residential,India
1,2042-08-19,617.95,residential,India
1,2042-08-20,642.38,residential,India
1,2042-08-21,581.45,residential,India
1,2042-08-22,629.03,residential,India
1,2042-08-23,602.92,residential,India
1,2042-08-24,632.45,residential,India
1,2042-08-25,609.34,residential,India
1,2042-08-26,583.9,residential,India
1,2042-08-27,585.8,residential,India
1,2042-08-28,598.58,residential,India
1,2042-08-29,605.04,residential,India
1,2042-08-30,628.64,residential,India
1,2042-08-31,621.91,residential,India
1,2042-09-01,603.43,residential,India
1,2042-09-02,606.92,residential,India
1,2042-09-03,624.46,residential,India
1,2042-09-04,622.09,residential,India
1,2042-09-05,618.73,residential,India
1,2042-09-06,597.36,residential,India
1,2042-09-07,569.21,residential,India
1,2042-09-08,579.26,residential,India
1,2042-09-09,611.28,residential,India
1,2042-09-10,596.58,residential,India
1,2042-09-11,632.76,residential,India
1,2042-09-12,605.39,residential,India
1,2042-09-13,590.23,residential,India
1,2042-09-14,630.97,residential,India
1,2042-09-15,622.27,residential,India
1,2042-09-16,626.66,residential,India
1,2042-09-17,613.51,residential,India
1,2042-09-18,609.17,residential,India
1,2042-09-19,607.85,residential,India
1,2042-09-20,570.45,residential,India
1,2042-09-21,590.26,residential,India
1,2042-09-22,609.71,residential,India
1,2042-09-23,601.58,residential,India
1,2042-09-24,605.53,residential,India
1,2042-09-25,609.09,residential,India
1,2042-09-26,629.44,residential,India
1,2042-09-27,625.6,residential,India
1,2042-09-28,634.71,residential,India
1,2042-09-29,590.74,residential,India
1,2042-09-30,610.7,residential,India
1,2042-10-01,616.01,residential,India
1,2042-10-02,609.85,residential,India
1,2042-10-03,631.81,residential,India
1,2042-10-04,576.65,residential,India
1,2042-10-05,605.75,residential,India
1,2042-10-06,573.91,residential,India
1,2042-10-07,601.98,residential,India
1,2042-10-08,589.74,residential,India
1,2042-10-09,632.14,residential,India
1,2042-10-10,648.85,residential,India
1,2042-10-11,617.05,residential,India
1,2042-10-12,586.91,residential,India
1,2042-10-13,627.42,residential,India
1,2042-10-14,624.9,residential,India
1,2042-10-15,586.87,residential,India
1,2042-10-16,629.7,residential,India
1,2042-10-17,609.99,residential,India
1,2042-10-18,637.4,residential,India
1,2042-10-19,578.1,residential,India
1,2042-10-20,603.5,residential,India
1,2042-10-21,614.1,residential,India
1,2042-10-22,622.01,residential,India
1,2042-10-23,608.11,residential,India
1,2042-10-24,596.78,residential,India
1,2042-10-25,605.1,residential,India
1,2042-10-26,598.92,residential,India
1,2042-10-27,589.57,residential,India
1,2042-10-28,581.78,residential,India
1,2042-10-29,606.63,residential,India
1,2042-10-30,626.07,residential,India
1,2042-10-31,623.3,residential,India
1,2042-11-01,634.78,residential,India
1,2042-11-02,557.35,residential,India
1,2042-11-03,642.15,residential,India
1,2042-11-04,636.54,residential,India
1,2042-11-05,626.33,residential,India
1,2042-11-06,644.21,residential,India
1,2042-11-07,590.14,residential,India
1,2042-11-08,627.42,residential,India
1,2042-11-09,612.92,residential,India
1,2042-11-10,621.4,residential,India
1,2042-11-11,616.62,residential,India
1,2042-11-12,606.08,residential,India
1,2042-11-13,598.42,residential,India
1,2042-11-14,616.33,residential,India
1,2042-11-15,610.42,residential,India
1,2042-11-16,636.72,residential,India
1,2042-11-17,586.92,residential,India
1,2042-11-18,620.79,residential,India
1,2042-11-19,645.7,residential,India
1,2042-11-20,605.72,residential,India
1,2042-11-21,652.93,residential,India
1,2042-11-22,608.03,residential,India
1,2042-11-23,620.53,residential,India
1,2042-11-24,605.79,residential,India
1,2042-11-25,613.39,residential,India
1,2042-11-26,619.99,residential,India
1,2042-11-27,569.32,residential,India
1,2042-11-28,605.27,residential,India
1,2042-11-29,629.46,residential,India
1,2042-11-30,632.94,residential,India
1,2042-12-01,629.23,residential,India
1,2042-12-02,616.52,residential,India
1,2042-12-03,596.97,residential,India
1,2042-12-04,630.35,residential,India
1,2042-12-05,617.29,residential,India
1,2042-12-06,644.14,residential,India
1,2042-12-07,632.56,residential,India
1,2042-12-08,609.32,residential,India
1,2042-12-09,576.35,residential,India
1,2042-12-10,616.92,residential,India
1,2042-12-11,575.71,residential,India
1,2042-12-12,603.2,residential,India
1,2042-12-13,598.61,residential,India
1,2042-12-14,622.9,residential,India
1,2042-12-15,617.0,residential,India
1,2042-12-16,632.96,residential,India
1,2042-12-17,591.98,residential,India
1,2042-12-18,620.02,residential,India
1,2042-12-19,615.87,residential,India
1,2042-12-20,570.39,residential,India
1,2042-12-21,603.57,residential,India
1,2042-12-22,623.66,residential,India
1,2042-12-23,608.39,residential,India
1,2042-12-24,611.17,residential,India
1,2042-12-25,594.87,residential,India
1,2042-12-26,593.88,residential,India
1,2042-12-27,596.74,residential,India
1,2042-12-28,575.2,residential,India
1,2042-12-29,591.77,residential,India
1,2042-12-30,631.28,residential,India
1,2042-12-31,590.98,residential,India
1,2043-01-01,636.98,residential,India
1,2043-01-02,600.52,residential,India
1,2043-01-03,591.99,residential,India
1,2043-01-04,603.6,residential,India
1,2043-01-05,609.7,residential,India
1,2043-01-06,611.3,residential,India
1,2043-01-07,633.77,residential,India
1,2043-01-08,587.58,residential,India
1,2043-01-09,601.26,residential,India
1,2043-01-10,603.93,residential,India
1,2043-01-11,632.02,residential,India
1,2043-01-12,611.59,residential,India
1,2043-01-13,631.84,residential,India
1,2043-01-14,557.25,residential,India
1,2043-01-15,607.9,residential,India
1,2043-01-16,630.78,residential,India
1,2043-01-17,609.79,residential,India
1,2043-01-18,637.99,residential,India
1,2043-01-19,589.45,residential,India
1,2043-01-20,638.65,residential,India
1,2043-01-21,596.12,residential,India
1,2043-01-22,599.1,residential,India
1,2043-01-23,646.0,residential,India
1,2043-01-24,614.39,residential,India
1,2043-01-25,606.08,residential,India
1,2043-01-26,586.26,residential,India
1,2043-01-27,614.5,residential,India
1,2043-01-28,618.6,residential,India
1,2043-01-29,597.28,residential,India
1,2043-01-30,623.66,residential,India
1,2043-01-31,583.67,residential,India
1,2043-02-01,580.69,residential,India
1,2043-02-02,624.8,residential,India
1,2043-02-03,633.19,residential,India
1,2043-02-04,607.6,residential,India
1,2043-02-05,607.97,residential,India
1,2043-02-06,604.71,residential,India
1,2043-02-07,618.77,residential,India
1,2043-02-08,631.28,residential,India
1,2043-02-09,597.33,residential,India
1,2043-02-10,613.76,residential,India
1,2043-02-11,599.2,residential,India
1,2043-02-12,635.59,residential,India
1,2043-02-13,615.98,residential,India
1,2043-02-14,614.7,residential,India
1,2043-02-15,659.14,residential,India
1,2043-02-16,613.68,residential,India
1,2043-02-17,580.5,residential,India
1,2043-02-18,619.37,residential,India
1,2043-02-19,599.73,residential,India
1,2043-02-20,624.06,residential,India
1,2043-02-21,628.21,residential,India
1,2043-02-22,637.16,residential,India
1,2043-02-23,626.74,residential,India
1,2043-02-24,628.93,residential,India
1,2043-02-25,626.18,residential,India
1,2043-02-26,628.41,residential,India
1,2043-02-27,647.0,residential,India
1,2043-02-28,654.93,residential,India
1,2043-03-01,606.61,residential,India
1,2043-03-02,647.16,residential,India
1,2043-03-03,649.89,residential,India
1,2043-03-04,634.02,residential,India
1,2043-03-05,604.7,residential,India
1,2043-03-06,554.02,residential,India
1,2043-03-07,626.36,residential,India
1,2043-03-08,601.21,residential,India
1,2043-03-09,613.49,residential,India
1,2043-03-10,639.71,residential,India
1,2043-03-11,585.82,residential,India
1,2043-03-12,630.43,residential,India
1,2043-03-13,637.5,residential,India
1,2043-03-14,652.87,residential,India
1,2043-03-15,577.73,residential,India
1,2043-03-16,649.3,residential,India
1,2043-03-17,617.51,residential,India
1,2043-03-18,637.45,residential,India
1,2043-03-19,617.65,residential,India
1,2043-03-20,619.23,residential,India
1,2043-03-21,627.51,residential,India
1,2043-03-22,638.47,residential,India
1,2043-03-23,610.61,residential,India
1,2043-03-24,616.19,residential,India
1,2043-03-25,631.33,residential,India
1,2043-03-26,615.36,residential,India
1,2043-03-27,605.53,residential,India
1,2043-03-28,596.09,residential,India
1,2043-03-29,649.69,residential,India
1,2043-03-30,656.35,residential,India
1,2043-03-31,584.72,residential,India
1,2043-04-01,665.89,residential,India
1,2043-04-02,588.88,residential,India
1,2043-04-03,610.27,residential,India
1,2043-04-04,624.29,residential,India
1,2043-04-05,615.18,residential,India
1,2043-04-06,613.71,residential,India
1,2043-04-07,621.24,residential,India
1,2043-04-08,655.42,residential,India
1,2043-04-09,641.5,residential,India
1,2043-04-10,608.89,residential,India
1,2043-04-11,642.59,residential,India
1,2043-04-12,621.22,residential,India
1,2043-04-13,627.77,residential,India
1,2043-04-14,599.71,residential,India
1,2043-04-15,638.27,residential,India
1,2043-04-16,615.48,residential,India
1,2043-04-17,620.1,residential,India
1,2043-04-18,646.56,residential,India
1,2043-04-19,630.42,residential,India
1,2043-04-20,625.5,residential,India
1,2043-04-21,630.46,residential,India
1,2043-04-22,596.96,residential,India
1,2043-04-23,631.95,residential,India
1,2043-04-24,611.44,residential,India
1,2043-04-25,617.86,residential,India
1,2043-04-26,631.45,residential,India
1,2043-04-27,622.4,residential,India
1,2043-04-28,611.62,residential,India
1,2043-04-29,577.75,residential,India
1,2043-04-30,598.21,residential,India
1,2043-05-01,595.71,residential,India
1,2043-05-02,618.47,residential,India
1,2043-05-03,589.35,residential,India
1,2043-05-04,607.13,residential,India
1,2043-05-05,624.72,residential,India
1,2043-05-06,628.01,residential,India
1,2043-05-07,624.46,residential,India
1,2043-05-08,603.74,residential,India
1,2043-05-09,590.97,residential,India
1,2043-05-10,648.23,residential,India
1,2043-05-11,599.81,residential,India
1,2043-05-12,629.83,residential,India
1,2043-05-13,603.94,residential,India
1,2043-05-14,628.65,residential,India
1,2043-05-15,625.08,residential,India
1,2043-05-16,635.16,residential,India
1,2043-05-17,650.57,residential,India
1,2043-05-18,630.95,residential,India
1,2043-05-19,619.83,residential,India
1,2043-05-20,603.28,residential,India
1,2043-05-21,626.96,residential,India
1,2043-05-22,611.44,residential,India
1,2043-05-23,633.18,residential,India
1,2043-05-24,601.18,residential,India
1,2043-05-25,634.06,residential,India
1,2043-05-26,593.74,residential,India
1,2043-05-27,605.43,residential,India
1,2043-05-28,642.72,residential,India
1,2043-05-29,607.36,residential,India
1,2043-05-30,616.95,residential,India
1,2043-05-31,614.21,residential,India
1,2043-06-01,612.81,residential,India
1,2043-06-02,620.99,residential,India
1,2043-06-03,630.89,residential,India
1,2043-06-04,634.09,residential,India
1,2043-06-05,611.31,residential,India
1,2043-06-06,623.08,residential,India
1,2043-06-07,668.38,residential,India
1,2043-06-08,594.02,residential,India
1,2043-06-09,627.19,residential,India
1,2043-06-10,609.63,residential,India
1,2043-06-11,575.64,residential,India
1,2043-06-12,620.49,residential,India
1,2043-06-13,606.3,residential,India
1,2043-06-14,604.95,residential,India
1,2043-06-15,665.35,residential,India
1,2043-06-16,620.9,residential,India
1,2043-06-17,622.36,residential,India
1,2043-06-18,605.16,residential,India
1,2043-06-19,582.77,residential,India
1,2043-06-20,587.95,residential,India
1,2043-06-21,663.34,residential,India
1,2043-06-22,615.69,residential,India
1,2043-06-23,616.03,residential,India
1,2043-06-24,594.76,residential,India
1,2043-06-25,648.53,residential,India
1,2043-06-26,655.28,residential,India
1,2043-06-27,628.47,residential,India
1,2043-06-28,617.76,residential,India
1,2043-06-29,640.38,residential,India
1,2043-06-30,622.07,residential,India
1,2043-07-01,628.55,residential,India
1,2043-07-02,629.06,residential,India
1,2043-07-03,602.07,residential,India
1,2043-07-04,625.61,residential,India
1,2043-07-05,613.41,residential,India
1,2043-07-06,601.09,residential,India
1,2043-07-07,629.39,residential,India
1,2043-07-08,593.15,residential,India
1,2043-07-09,603.58,residential,India
1,2043-07-10,641.57,residential,India
1,2043-07-11,645.76,residential,India
1,2043-07-12,603.39,residential,India
1,2043-07-13,609.43,residential,India
1,2043-07-14,611.22,residential,India
1,2043-07-15,604.56,residential,India
1,2043-07-16,640.89,residential,India
1,2043-07-17,626.03,residential,India
1,2043-07-18,590.18,residential,India
1,2043-07-19,603.45,residential,India
1,2043-07-20,619.64,residential,India
1,2043-07-21,612.2,residential,India
1,2043-07-22,622.21,residential,India
1,2043-07-23,653.21,residential,India
1,2043-07-24,620.91,residential,India
1,2043-07-25,631.39,residential,India
1,2043-07-26,615.88,residential,India
1,2043-07-27,625.6,residential,India
1,2043-07-28,622.37,residential,India
1,2043-07-29,646.44,residential,India
1,2043-07-30,600.01,residential,India
1,2043-07-31,637.94,residential,India
1,2043-08-01,613.81,residential,India
1,2043-08-02,648.01,residential,India
1,2043-08-03,647.41,residential,India
1,2043-08-04,644.1,residential,India
1,2043-08-05,609.65,residential,India
1,2043-08-06,618.31,residential,India
1,2043-08-07,610.45,residential,India
1,2043-08-08,577.27,residential,India
1,2043-08-09,623.44,residential,India
1,2043-08-10,601.87,residential,India
1,2043-08-11,638.88,residential,India
1,2043-08-12,617.49,residential,India
1,2043-08-13,591.08,residential,India
1,2043-08-14,604.22,residential,India
1,2043-08-15,639.23,residential,India
1,2043-08-16,639.1,residential,India
1,2043-08-17,616.87,residential,India
1,2043-08-18,640.28,residential,India
1,2043-08-19,644.7,residential,India
1,2043-08-20,617.08,residential,India
1,2043-08-21,649.72,residential,India
1,2043-08-22,592.16,residential,India
1,2043-08-23,674.45,residential,India
1,2043-08-24,603.72,residential,India
1,2043-08-25,610.05,residential,India
1,2043-08-26,634.19,residential,India
1,2043-08-27,608.07,residential,India
1,2043-08-28,620.27,residential,India
1,2043-08-29,621.35,residential,India
1,2043-08-30,611.38,residential,India
1,2043-08-31,580.76,residential,India
1,2043-09-01,658.58,residential,India
1,2043-09-02,615.81,residential,India
1,2043-09-03,578.46,residential,India
1,2043-09-04,612.34,residential,India
1,2043-09-05,607.56,residential,India
1,2043-09-06,613.22,residential,India
1,2043-09-07,597.58,residential,India
1,2043-09-08,631.74,residential,India
1,2043-09-09,626.58,residential,India
1,2043-09-10,555.28,residential,India
1,2043-09-11,614.55,residential,India
1,2043-09-12,612.15,residential,India
1,2043-09-13,654.51,residential,India
1,2043-09-14,580.26,residential,India
1,2043-09-15,616.77,residential,India
1,2043-09-16,613.13,residential,India
1,2043-09-17,630.51,residential,India
1,2043-09-18,613.8,residential,India
1,2043-09-19,611.37,residential,India
1,2043-09-20,610.77,residential,India
1,2043-09-21,613.93,residential,India
1,2043-09-22,658.59,residential,India
1,2043-09-23,614.65,residential,India
1,2043-09-24,649.3,residential,India
1,2043-09-25,612.02,residential,India
1,2043-09-26,602.32,residential,India
1,2043-09-27,636.8,residential,India
1,2043-09-28,591.42,residential,India
1,2043-09-29,654.67,residential,India
1,2043-09-30,653.4,residential,India
1,2043-10-01,636.6,residential,India
1,2043-10-02,604.8,residential,India
1,2043-10-03,587.81,residential,India
1,2043-10-04,602.05,residential,India
1,2043-10-05,598.76,residential,India
1,2043-10-06,603.41,residential,India
1,2043-10-07,624.59,residential,India
1,2043-10-08,598.08,residential,India
1,2043-10-09,654.02,residential,India
1,2043-10-10,617.48,residential,India
1,2043-10-11,620.28,residential,India
1,2043-10-12,627.13,residential,India
1,2043-10-13,598.61,residential,India
1,2043-10-14,632.51,residential,India
1,2043-10-15,643.01,residential,India
1,2043-10-16,596.04,residential,India
1,2043-10-17,604.11,residential,India
1,2043-10-18,627.31,residential,India
1,2043-10-19,626.28,residential,India
1,2043-10-20,640.37,residential,India
1,2043-10-21,642.25,residential,India
1,2043-10-22,599.5,residential,India
1,2043-10-23,663.57,residential,India
1,2043-10-24,575.78,residential,India
1,2043-10-25,619.05,residential,India
1,2043-10-26,604.39,residential,India
1,2043-10-27,624.78,residential,India
1,2043-10-28,632.71,residential,India
1,2043-10-29,646.25,residential,India
1,2043-10-30,553.07,residential,India
1,2043-10-31,583.64,residential,India
1,2043-11-01,649.65,residential,India
1,2043-11-02,601.57,residential,India
1,2043-11-03,605.15,residential,India
1,2043-11-04,635.45,residential,India
1,2043-11-05,572.85,residential,India
1,2043-11-06,599.53,residential,India
1,2043-11-07,600.11,residential,India
1,2043-11-08,610.73,residential,India
1,2043-11-09,607.74,residential,India
1,2043-11-10,604.21,residential,India
1,2043-11-11,627.32,residential,India
1,2043-11-12,619.93,residential,India
1,2043-11-13,622.91,residential,India
1,2043-11-14,639.73,residential,India
1,2043-11-15,619.03,residential,India
1,2043-11-16,591.31,residential,India
1,2043-11-17,625.34,residential,India
1,2043-11-18,615.1,residential,India
1,2043-11-19,605.75,residential,India
1,2043-11-20,628.39,residential,India
1,2043-11-21,612.57,residential,India
1,2043-11-22,615.12,residential,India
1,2043-11-23,623.85,residential,India
1,2043-11-24,603.11,residential,India
1,2043-11-25,601.3,residential,India
1,2043-11-26,660.39,residential,India
1,2043-11-27,614.58,residential,India
1,2043-11-28,623.43,residential,India
1,2043-11-29,598.02,residential,India
1,2043-11-30,618.5,residential,India
1,2043-12-01,612.45,residential,India
1,2043-12-02,630.97,residential,India
1,2043-12-03,628.92,residential,India
1,2043-12-04,587.71,residential,India
1,2043-12-05,618.22,residential,India
1,2043-12-06,609.1,residential,India
1,2043-12-07,608.53,residential,India
1,2043-12-08,604.35,residential,India
1,2043-12-09,600.14,residential,India
1,2043-12-10,561.51,residential,India
1,2043-12-11,603.77,residential,India
1,2043-12-12,639.15,residential,India
1,2043-12-13,588.09,residential,India
1,2043-12-14,601.52,residential,India
1,2043-12-15,627.59,residential,India
1,2043-12-16,595.39,residential,India
1,2043-12-17,630.23,residential,India
1,2043-12-18,624.24,residential,India
1,2043-12-19,607.24,residential,India
1,2043-12-20,642.49,residential,India
1,2043-12-21,629.03,residential,India
1,2043-12-22,580.89,residential,India
1,2043-12-23,621.91,residential,India
1,2043-12-24,599.65,residential,India
1,2043-12-25,626.0,residential,India
1,2043-12-26,588.9,residential,India
1,2043-12-27,602.44,residential,India
1,2043-12-28,633.63,residential,India
1,2043-12-29,579.88,residential,India
1,2043-12-30,587.82,residential,India
1,2043-12-31,609.7,residential,India
1,2044-01-01,618.4,residential,India
1,2044-01-02,623.61,residential,India
1,2044-01-03,601.22,residential,India
1,2044-01-04,624.16,residential,India
1,2044-01-05,594.12,residential,India
1,2044-01-06,603.3,residential,India
1,2044-01-07,623.52,residential,India
1,2044-01-08,637.13,residential,India
1,2044-01-09,625.89,residential,India
1,2044-01-10,615.91,residential,India
1,2044-01-11,608.61,residential,India
1,2044-01-12,612.98,residential,India
1,2044-01-13,599.92,residential,India
1,2044-01-14,604.76,residential,India
1,2044-01-15,577.13,residential,India
1,2044-01-16,636.1,residential,India
1,2044-01-17,592.74,residential,India
1,2044-01-18,621.06,residential,India
1,2044-01-19,566.06,residential,India
1,2044-01-20,594.16,residential,India
1,2044-01-21,607.5,residential,India
1,2044-01-22,591.31,residential,India
1,2044-01-23,624.91,residential,India
1,2044-01-24,620.72,residential,India
1,2044-01-25,618.9,residential,India
1,2044-01-26,642.62,residential,India
1,2044-01-27,611.95,residential,India
1,2044-01-28,601.62,residential,India
1,2044-01-29,580.25,residential,India
1,2044-01-30,640.9,residential,India
1,2044-01-31,596.5,residential,India
1,2044-02-01,599.54,residential,India
1,2044-02-02,602.39,residential,India
1,2044-02-03,606.48,residential,India
1,2044-02-04,597.16,residential,India
1,2044-02-05,633.78,residential,India
1,2044-02-06,638.1,residential,India
1,2044-02-07,598.08,residential,India
1,2044-02-08,598.53,residential,India
1,2044-02-09,568.06,residential,India
1,2044-02-10,599.84,residential,India
1,2044-02-11,628.28,residential,India
1,2044-02-12,594.7,residential,India
1,2044-02-13,594.83,residential,India
1,2044-02-14,594.75,residential,India
1,2044-02-15,614.2,residential,India
1,2044-02-16,621.46,residential,India
1,2044-02-17,597.51,residential,India
1,2044-02-18,643.66,residential,India
1,2044-02-19,591.05,residential,India
1,2044-02-20,602.26,residential,India
1,2044-02-21,614.64,residential,India
1,2044-02-22,612.81,residential,India
1,2044-02-23,585.22,residential,India
1,2044-02-24,620.08,residential,India
1,2044-02-25,602.0,residential,India
1,2044-02-26,607.95,residential,India
1,2044-02-27,589.59,residential,India
1,2044-02-28,621.83,residential,India
1,2044-02-29,612.31,residential,India
1,2044-03-01,621.72,residential,India
1,2044-03-02,594.77,residential,India
1,2044-03-03,589.11,residential,India
1,2044-03-04,637.14,residential,India
1,2044-03-05,593.89,residential,India
1,2044-03-06,576.13,residential,India
1,2044-03-07,629.69,residential,India
1,2044-03-08,596.15,residential,India
1,2044-03-09,581.54,residential,India
1,2044-03-10,637.61,residential,India
1,2044-03-11,616.3,residential,India
1,2044-03-12,641.11,residential,India
1,2044-03-13,593.05,residential,India
1,2044-03-14,572.89,residential,India
1,2044-03-15,637.72,residential,India
1,2044-03-16,583.87,residential,India
1,2044-03-17,604.84,residential,India
1,2044-03-18,650.67,residential,India
1,2044-03-19,615.95,residential,India
1,2044-03-20,623.92,residential,India
1,2044-03-21,567.99,residential,India
1,2044-03-22,607.2,residential,India
1,2044-03-23,598.2,residential,India
1,2044-03-24,589.84,residential,India
1,2044-03-25,606.29,residential,India
1,2044-03-26,583.57,residential,India
1,2044-03-27,569.98,residential,India
1,2044-03-28,584.92,residential,India
1,2044-03-29,630.12,residential,India
1,2044-03-30,616.47,residential,India
1,2044-03-31,600.44,residential,India
1,2044-04-01,588.43,residential,India
1,2044-04-02,595.8,residential,India
1,2044-04-03,621.36,residential,India
1,2044-04-04,603.45,residential,India
1,2044-04-05,554.72,residential,India
1,2044-04-06,595.86,residential,India
1,2044-04-07,610.25,residential,India
1,2044-04-08,563.12,residential,India
1,2044-04-09,566.57,residential,India
1,2044-04-10,547.61,residential,India
1,2044-04-11,627.53,residential,India
1,2044-04-12,570.97,residential,India
1,2044-04-13,576.21,residential,India
1,2044-04-14,592.4,residential,India
1,2044-04-15,638.6,residential,India
1,2044-04-16,610.61,residential,India
1,2044-04-17,621.08,residential,India
1,2044-04-18,554.75,residential,India
1,2044-04-19,595.96,residential,India
1,2044-04-20,610.88,residential,India
1,2044-04-21,553.33,residential,India
1,2044-04-22,588.05,residential,India
1,2044-04-23,607.86,residential,India
1,2044-04-24,609.67,residential,India
1,2044-04-25,594.2,residential,India
1,2044-04-26,613.25,residential,India
1,2044-04-27,613.62,residential,India
1,2044-04-28,610.2,residential,India
1,2044-04-29,608.49,residential,India
1,2044-04-30,601.03,residential,India
1,2044-05-01,597.23,residential,India
1,2044-05-02,597.48,residential,India
1,2044-05-03,604.78,residential,India
1,2044-05-04,634.79,residential,India
1,2044-05-05,592.15,residential,India
1,2044-05-06,602.1,residential,India
1,2044-05-07,586.42,residential,India
1,2044-05-08,559.66,residential,India
1,2044-05-09,569.71,residential,India
1,2044-05-10,599.2,residential,India
1,2044-05-11,567.35,residential,India
1,2044-05-12,587.61,residential,India
1,2044-05-13,618.38,residential,India
1,2044-05-14,598.04,residential,India
1,2044-05-15,588.32,residential,India
1,2044-05-16,564.91,residential,India
1,2044-05-17,572.17,residential,India
1,2044-05-18,595.95,residential,India
1,2044-05-19,591.08,residential,India
1,2044-05-20,622.0,residential,India
1,2044-05-21,607.55,residential,India
1,2044-05-22,598.27,residential,India
1,2044-05-23,588.06,residential,India
1,2044-05-24,581.65,residential,India
1,2044-05-25,617.79,residential,India
1,2044-05-26,587.66,residential,India
1,2044-05-27,592.44,residential,India
1,2044-05-28,583.28,residential,India
1,2044-05-29,598.86,residential,India
1,2044-05-30,557.3,residential,India
1,2044-05-31,609.19,residential,India
1,2044-06-01,561.86,residential,India
1,2044-06-02,600.11,residential,India
1,2044-06-03,588.94,residential,India
1,2044-06-04,562.87,residential,India
1,2044-06-05,582.16,residential,India
1,2044-06-06,599.73,residential,India
1,2044-06-07,569.01,residential,India
1,2044-06-08,608.45,residential,India
1,2044-06-09,603.31,residential,India
1,2044-06-10,599.47,residential,India
1,2044-06-11,588.39,residential,India
1,2044-06-12,632.87,residential,India
1,2044-06-13,560.34,residential,India
1,2044-06-14,571.77,residential,India
1,2044-06-15,615.77,residential,India
1,2044-06-16,561.37,residential,India
1,2044-06-17,601.32,residential,India
1,2044-06-18,584.26,residential,India
1,2044-06-19,613.76,residential,India
1,2044-06-20,580.11,residential,India
1,2044-06-21,622.45,residential,India
1,2044-06-22,616.63,residential,India
1,2044-06-23,580.92,residential,India
1,2044-06-24,572.21,residential,India
1,2044-06-25,570.75,residential,India
1,2044-06-26,539.49,residential,India
1,2044-06-27,588.46,residential,India
1,2044-06-28,578.13,residential,India
1,2044-06-29,585.51,residential,India
1,2044-06-30,590.58,residential,India
1,2044-07-01,580.56,residential,India
1,2044-07-02,620.83,residential,India
1,2044-07-03,576.99,residential,India
1,2044-07-04,618.47,residential,India
1,2044-07-05,606.02,residential,India
1,2044-07-06,554.9,residential,India
1,2044-07-07,619.03,residential,India
1,2044-07-08,576.44,residential,India
1,2044-07-09,570.54,residential,India
1,2044-07-10,580.19,residential,India
1,2044-07-11,591.33,residential,India
1,2044-07-12,615.75,residential,India
1,2044-07-13,574.3,residential,India
1,2044-07-14,577.97,residential,India
1,2044-07-15,577.27,residential,India
1,2044-07-16,631.99,residential,India
1,2044-07-17,602.1,residential,India
1,2044-07-18,559.51,residential,India
1,2044-07-19,565.18,residential,India
1,2044-07-20,612.23,residential,India
1,2044-07-21,596.89,residential,India
1,2044-07-22,598.68,residential,India
1,2044-07-23,598.67,residential,India
1,2044-07-24,600.47,residential,India
1,2044-07-25,587.35,residential,India
1,2044-07-26,562.57,residential,India
1,2044-07-27,567.4,residential,India
1,2044-07-28,580.72,residential,India
1,2044-07-29,581.6,residential,India
1,2044-07-30,569.06,residential,India
1,2044-07-31,586.27,residential,India
1,2044-08-01,556.93,residential,India
1,2044-08-02,561.84,residential,India
1,2044-08-03,612.99,residential,India
1,2044-08-04,532.79,residential,India
1,2044-08-05,597.41,residential,India
1,2044-08-06,566.61,residential,India
1,2044-08-07,611.18,residential,India
1,2044-08-08,590.69,residential,India
1,2044-08-09,583.74,residential,India
1,2044-08-10,591.22,residential,India
1,2044-08-11,586.03,residential,India
1,2044-08-12,586.8,residential,India
1,2044-08-13,536.54,residential,India
1,2044-08-14,589.0,residential,India
1,2044-08-15,590.97,residential,India
1,2044-08-16,590.58,residential,India
1,2044-08-17,566.71,residential,India
1,2044-08-18,569.7,residential,India
1,2044-08-19,615.45,residential,India
1,2044-08-20,582.68,residential,India
1,2044-08-21,587.74,residential,India
1,2044-08-22,598.36,residential,India
1,2044-08-23,604.2,residential,India
1,2044-08-24,569.59,residential,India
1,2044-08-25,576.53,residential,India
1,2044-08-26,579.97,residential,India
1,2044-08-27,589.7,residential,India
1,2044-08-28,580.69,residential,India
1,2044-08-29,566.07,residential,India
1,2044-08-30,594.18,residential,India
1,2044-08-31,548.67,residential,India
1,2044-09-01,564.81,residential,India
1,2044-09-02,599.2,residential,India
1,2044-09-03,550.49,residential,India
1,2044-09-04,576.45,residential,India
1,2044-09-05,567.76,residential,India
1,2044-09-06,541.54,residential,India
1,2044-09-07,583.46,residential,India
1,2044-09-08,602.44,residential,India
1,2044-09-09,589.2,residential,India
1,2044-09-10,581.05,residential,India
1,2044-09-11,546.99,residential,India
1,2044-09-12,594.27,residential,India
1,2044-09-13,548.25,residential,India
1,2044-09-14,563.48,residential,India
1,2044-09-15,573.98,residential,India
1,2044-09-16,596.12,residential,India
1,2044-09-17,559.5,residential,India
1,2044-09-18,614.55,residential,India
1,2044-09-19,548.15,residential,India
1,2044-09-20,586.38,residential,India
1,2044-09-21,588.71,residential,India
1,2044-09-22,542.6,residential,India
1,2044-09-23,523.98,residential,India
1,2044-09-24,588.23,residential,India
1,2044-09-25,596.72,residential,India
1,2044-09-26,537.24,residential,India
1,2044-09-27,577.52,residential,India
1,2044-09-28,586.46,residential,India
1,2044-09-29,555.28,residential,India
1,2044-09-30,583.18,residential,India
1,2044-10-01,587.87,residential,India
1,2044-10-02,590.56,residential,India
1,2044-10-03,557.33,residential,India
1,2044-10-04,577.58,residential,India
1,2044-10-05,543.6,residential,India
1,2044-10-06,589.86,residential,India
1,2044-10-07,579.33,residential,India
1,2044-10-08,578.36,residential,India
1,2044-10-09,570.63,residential,India
1,2044-10-10,580.03,residential,India
1,2044-10-11,586.51,residential,India
1,2044-10-12,548.0,residential,India
1,2044-10-13,575.9,residential,India
1,2044-10-14,554.46,residential,India
1,2044-10-15,585.15,residential,India
1,2044-10-16,567.51,residential,India
1,2044-10-17,542.45,residential,India
1,2044-10-18,562.13,residential,India
1,2044-10-19,591.24,residential,India
1,2044-10-20,568.18,residential,India
1,2044-10-21,613.9,residential,India
1,2044-10-22,550.75,residential,India
1,2044-10-23,598.39,residential,India
1,2044-10-24,575.38,residential,India
1,2044-10-25,568.58,residential,India
1,2044-10-26,580.59,residential,India
1,2044-10-27,602.05,residential,India
1,2044-10-28,556.11,residential,India
1,2044-10-29,540.46,residential,India
1,2044-10-30,590.04,residential,India
1,2044-10-31,597.92,residential,India
1,2044-11-01,575.51,residential,India
1,2044-11-02,588.38,residential,India
1,2044-11-03,563.57,residential,India
1,2044-11-04,580.26,residential,India
1,2044-11-05,559.51,residential,India
1,2044-11-06,613.9,residential,India
1,2044-11-07,587.81,residential,India
1,2044-11-08,543.04,residential,India
1,2044-11-09,612.18,residential,India
1,2044-11-10,549.13,residential,India
1,2044-11-11,575.05,residential,India
1,2044-11-12,559.81,residential,India
1,2044-11-13,556.28,residential,India
1,2044-11-14,590.07,residential,India
1,2044-11-15,587.54,residential,India
1,2044-11-16,574.41,residential,India
1,2044-11-17,580.0,residential,India
1,2044-11-18,557.35,residential,India
1,2044-11-19,568.6,residential,India
1,2044-11-20,575.49,residential,India
1,2044-11-21,542.03,residential,India
1,2044-11-22,561.94,residential,India
1,2044-11-23,548.25,residential,India
1,2044-11-24,561.81,residential,India
1,2044-11-25,538.93,residential,India
1,2044-11-26,579.02,residential,India
1,2044-11-27,546.56,residential,India
1,2044-11-28,564.33,residential,India
1,2044-11-29,534.16,residential,India
1,2044-11-30,556.54,residential,India
1,2044-12-01,555.95,residential,India
1,2044-12-02,549.66,residential,India
1,2044-12-03,543.34,residential,India
1,2044-12-04,589.14,residential,India
1,2044-12-05,587.61,residential,India
1,2044-12-06,543.58,residential,India
1,2044-12-07,590.82,residential,India
1,2044-12-08,571.41,residential,India
1,2044-12-09,559.19,residential,India
1,2044-12-10,563.55,residential,India
1,2044-12-11,582.57,residential,India
1,2044-12-12,570.04,residential,India
1,2044-12-13,531.71,residential,India
1,2044-12-14,534.25,residential,India
1,2044-12-15,563.23,residential,India
1,2044-12-16,553.82,residential,India
1,2044-12-17,563.11,residential,India
1,2044-12-18,575.15,residential,India
1,2044-12-19,568.4,residential,India
1,2044-12-20,554.05,residential,India
1,2044-12-21,577.46,residential,India
1,2044-12-22,545.65,residential,India
1,2044-12-23,578.87,residential,India
1,2044-12-24,581.96,residential,India
1,2044-12-25,517.23,residential,India
1,2044-12-26,578.12,residential,India
1,2044-12-27,555.7,residential,India
1,2044-12-28,580.75,residential,India
1,2044-12-29,596.26,residential,India
1,2044-12-30,600.26,residential,India
1,2044-12-31,544.97,residential,India
1,2045-01-01,572.08,residential,India
1,2045-01-02,563.62,residential,India
1,2045-01-03,533.65,residential,India
1,2045-01-04,571.52,residential,India
1,2045-01-05,575.72,residential,India
1,2045-01-06,550.07,residential,India
1,2045-01-07,529.41,residential,India
1,2045-01-08,578.68,residential,India
1,2045-01-09,537.35,residential,India
1,2045-01-10,542.63,residential,India
1,2045-01-11,572.23,residential,India
1,2045-01-12,581.15,residential,India
1,2045-01-13,524.9,residential,India
1,2045-01-14,598.68,residential,India
1,2045-01-15,558.42,residential,India
1,2045-01-16,557.63,residential,India
1,2045-01-17,540.37,residential,India
1,2045-01-18,588.91,residential,India
1,2045-01-19,566.3,residential,India
1,2045-01-20,585.8,residential,India
1,2045-01-21,550.4,residential,India
1,2045-01-22,543.54,residential,India
1,2045-01-23,558.58,residential,India
1,2045-01-24,562.22,residential,India
1,2045-01-25,540.74,residential,India
1,2045-01-26,549.87,residential,India
1,2045-01-27,542.89,residential,India
1,2045-01-28,532.44,residential,India
1,2045-01-29,549.9,residential,India
1,2045-01-30,592.2,residential,India
1,2045-01-31,594.19,residential,India
1,2045-02-01,590.14,residential,India
1,2045-02-02,550.69,residential,India
1,2045-02-03,580.96,residential,India
1,2045-02-04,546.82,residential,India
1,2045-02-05,571.43,residential,India
1,2045-02-06,585.42,residential,India
1,2045-02-07,555.5,residential,India
1,2045-02-08,566.79,residential,India
1,2045-02-09,543.25,residential,India
1,2045-02-10,564.59,residential,India
1,2045-02-11,584.47,residential,India
1,2045-02-12,563.75,residential,India
1,2045-02-13,552.83,residential,India
1,2045-02-14,565.89,residential,India
1,2045-02-15,517.75,residential,India
1,2045-02-16,554.91,residential,India
1,2045-02-17,529.94,residential,India
1,2045-02-18,555.57,residential,India
1,2045-02-19,551.45,residential,India
1,2045-02-20,537.08,residential,India
1,2045-02-21,537.74,residential,India
1,2045-02-22,533.82,residential,India
1,2045-02-23,554.89,residential,India
1,2045-02-24,548.96,residential,India
1,2045-02-25,562.47,residential,India
1,2045-02-26,552.58,residential,India
1,2045-02-27,551.22,residential,India
1,2045-02-28,528.3,residential,India
1,2045-03-01,543.81,residential,India
1,2045-03-02,540.77,residential,India
1,2045-03-03,538.64,residential,India
1,2045-03-04,555.77,residential,India
1,2045-03-05,554.64,residential,India
1,2045-03-06,563.7,residential,India
1,2045-03-07,582.94,residential,India
1,2045-03-08,503.75,residential,India
1,2045-03-09,558.83,residential,India
1,2045-03-10,526.34,residential,India
1,2045-03-11,539.14,residential,India
1,2045-03-12,526.26,residential,India
1,2045-03-13,556.39,residential,India
1,2045-03-14,594.93,residential,India
1,2045-03-15,548.74,residential,India
1,2045-03-16,572.23,residential,India
1,2045-03-17,551.08,residential,India
1,2045-03-18,501.35,residential,India
1,2045-03-19,557.45,residential,India
1,2045-03-20,559.54,residential,India
1,2045-03-21,557.18,residential,India
1,2045-03-22,535.25,residential,India
1,2045-03-23,546.65,residential,India
1,2045-03-24,600.37,residential,India
1,2045-03-25,547.56,residential,India
1,2045-03-26,604.89,residential,India
1,2045-03-27,533.27,residential,India
1,2045-03-28,502.18,residential,India
1,2045-03-29,547.97,residential,India
1,2045-03-30,582.91,residential,India
1,2045-03-31,572.14,residential,India
1,2045-04-01,553.99,residential,India
1,2045-04-02,563.34,residential,India
1,2045-04-03,557.87,residential,India
1,2045-04-04,542.22,residential,India
1,2045-04-05,576.8,residential,India
1,2045-04-06,566.87,residential,India
1,2045-04-07,546.66,residential,India
1,2045-04-08,546.57,residential,India
1,2045-04-09,560.99,residential,India
1,2045-04-10,576.43,residential,India
1,2045-04-11,548.69,residential,India
1,2045-04-12,587.19,residential,India
1,2045-04-13,552.41,residential,India
1,2045-04-14,561.68,residential,India
1,2045-04-15,551.68,residential,India
1,2045-04-16,541.95,residential,India
1,2045-04-17,562.16,residential,India
1,2045-04-18,579.81,residential,India
1,2045-04-19,589.54,residential,India
1,2045-04-20,545.81,residential,India
1,2045-04-21,540.38,residential,India
1,2045-04-22,552.42,residential,India
1,2045-04-23,547.9,residential,India
1,2045-04-24,581.25,residential,India
1,2045-04-25,557.88,residential,India
1,2045-04-26,561.81,residential,India
1,2045-04-27,548.14,residential,India
1,2045-04-28,524.79,residential,India
1,2045-04-29,504.46,residential,India
1,2045-04-30,530.26,residential,India
1,2045-05-01,528.82,residential,India
1,2045-05-02,554.86,residential,India
1,2045-05-03,559.31,residential,India
1,2045-05-04,578.82,residential,India
1,2045-05-05,548.37,residential,India
1,2045-05-06,556.94,residential,India
1,2045-05-07,555.33,residential,India
1,2045-05-08,565.33,residential,India
1,2045-05-09,540.78,residential,India
1,2045-05-10,539.03,residential,India
1,2045-05-11,531.74,residential,India
1,2045-05-12,557.52,residential,India
1,2045-05-13,517.08,residential,India
1,2045-05-14,544.3,residential,India
1,2045-05-15,561.85,residential,India
1,2045-05-16,547.8,residential,India
1,2045-05-17,576.6,residential,India
1,2045-05-18,560.29,residential,India
1,2045-05-19,557.86,residential,India
1,2045-05-20,572.93,residential,India
1,2045-05-21,543.6,residential,India
1,2045-05-22,570.1,residential,India
1,2045-05-23,572.01,residential,India
1,2045-05-24,568.39,residential,India
1,2045-05-25,529.42,residential,India
1,2045-05-26,544.59,residential,India
1,2045-05-27,552.8,residential,India
1,2045-05-28,517.93,residential,India
1,2045-05-29,554.72,residential,India
1,2045-05-30,572.16,residential,India
1,2045-05-31,582.92,residential,India
1,2045-06-01,557.09,residential,India
1,2045-06-02,583.2,residential,India
1,2045-06-03,559.88,residential,India
1,2045-06-04,550.0,residential,India
1,2045-06-05,549.13,residential,India
1,2045-06-06,552.93,residential,India
1,2045-06-07,558.59,residential,India
1,2045-06-08,532.64,residential,India
1,2045-06-09,548.28,residential,India
1,2045-06-10,563.83,residential,India
1,2045-06-11,522.78,residential,India
1,2045-06-12,539.84,residential,India
1,2045-06-13,559.14,residential,India
1,2045-06-14,534.94,residential,India
1,2045-06-15,516.41,residential,India
1,2045-06-16,525.24,residential,India
1,2045-06-17,560.39,residential,India
1,2045-06-18,551.03,residential,India
1,2045-06-19,540.87,residential,India
1,2045-06-20,525.65,residential,India
1,2045-06-21,548.87,residential,India
1,2045-06-22,518.61,residential,India
1,2045-06-23,524.88,residential,India
1,2045-06-24,513.05,residential,India
1,2045-06-25,533.63,residential,India
1,2045-06-26,519.28,residential,India
1,2045-06-27,548.63,residential,India
1,2045-06-28,527.43,residential,India
1,2045-06-29,562.16,residential,India
1,2045-06-30,565.22,residential,India
1,2045-07-01,523.49,residential,India
1,2045-07-02,537.81,residential,India
1,2045-07-03,534.06,residential,India
1,2045-07-04,510.47,residential,India
1,2045-07-05,532.84,residential,India
1,2045-07-06,537.56,residential,India
1,2045-07-07,529.69,residential,India
1,2045-07-08,541.11,residential,India
1,2045-07-09,522.82,residential,India
1,2045-07-10,539.69,residential,India
1,2045-07-11,557.48,residential,India
1,2045-07-12,517.95,residential,India
1,2045-07-13,512.12,residential,India
1,2045-07-14,570.71,residential,India
1,2045-07-15,504.83,residential,India
1,2045-07-16,513.72,residential,India
1,2045-07-17,530.78,residential,India
1,2045-07-18,563.02,residential,India
1,2045-07-19,533.85,residential,India
1,2045-07-20,555.02,residential,India
1,2045-07-21,551.86,residential,India
1,2045-07-22,572.44,residential,India
1,2045-07-23,527.53,residential,India
1,2045-07-24,517.84,residential,India
1,2045-07-25,541.46,residential,India
1,2045-07-26,548.13,residential,India
1,2045-07-27,515.07,residential,India
1,2045-07-28,531.19,residential,India
1,2045-07-29,554.55,residential,India
1,2045-07-30,548.37,residential,India
1,2045-07-31,566.93,residential,India
1,2045-08-01,536.28,residential,India
1,2045-08-02,529.72,residential,India
1,2045-08-03,546.47,residential,India
1,2045-08-04,571.1,residential,India
1,2045-08-05,532.73,residential,India
1,2045-08-06,532.79,residential,India
1,2045-08-07,559.98,residential,India
1,2045-08-08,540.59,residential,India
1,2045-08-09,546.8,residential,India
1,2045-08-10,526.14,residential,India
1,2045-08-11,522.27,residential,India
1,2045-08-12,549.62,residential,India
1,2045-08-13,547.67,residential,India
1,2045-08-14,567.8,residential,India
1,2045-08-15,539.98,residential,India
1,2045-08-16,550.78,residential,India
1,2045-08-17,560.76,residential,India
1,2045-08-18,537.52,residential,India
1,2045-08-19,532.32,residential,India
1,2045-08-20,571.54,residential,India
1,2045-08-21,540.0,residential,India
1,2045-08-22,531.41,residential,India
1,2045-08-23,535.5,residential,India
1,2045-08-24,561.16,residential,India
1,2045-08-25,547.71,residential,India
1,2045-08-26,517.42,residential,India
1,2045-08-27,566.37,residential,India
1,2045-08-28,548.92,residential,India
1,2045-08-29,557.27,residential,India
1,2045-08-30,533.82,residential,India
1,2045-08-31,543.46,residential,India
1,2045-09-01,550.13,residential,India
1,2045-09-02,516.2,residential,India
1,2045-09-03,540.69,residential,India
1,2045-09-04,544.76,residential,India
1,2045-09-05,540.45,residential,India
1,2045-09-06,553.49,residential,India
1,2045-09-07,541.1,residential,India
1,2045-09-08,508.52,residential,India
1,2045-09-09,557.88,residential,India
1,2045-09-10,529.6,residential,India
1,2045-09-11,540.52,residential,India
1,2045-09-12,558.45,residential,India
1,2045-09-13,543.64,residential,India
1,2045-09-14,529.87,residential,India
1,2045-09-15,538.7,residential,India
1,2045-09-16,552.03,residential,India
1,2045-09-17,566.86,residential,India
1,2045-09-18,509.87,residential,India
1,2045-09-19,504.45,residential,India
1,2045-09-20,544.05,residential,India
1,2045-09-21,535.66,residential,India
1,2045-09-22,531.55,residential,India
1,2045-09-23,530.13,residential,India
1,2045-09-24,507.31,residential,India
1,2045-09-25,530.91,residential,India
1,2045-09-26,576.25,residential,India
1,2045-09-27,525.65,residential,India
1,2045-09-28,517.8,residential,India
1,2045-09-29,550.75,residential,India
1,2045-09-30,560.04,residential,India
1,2045-10-01,544.05,residential,India
1,2045-10-02,570.46,residential,India
1,2045-10-03,501.94,residential,India
1,2045-10-04,538.32,residential,India
1,2045-10-05,555.27,residential,India
1,2045-10-06,567.72,residential,India
1,2045-10-07,542.15,residential,India
1,2045-10-08,551.19,residential,India
1,2045-10-09,516.79,residential,India
1,2045-10-10,553.07,residential,India
1,2045-10-11,552.51,residential,India
1,2045-10-12,538.56,residential,India
1,2045-10-13,551.79,residential,India
1,2045-10-14,544.81,residential,India
1,2045-10-15,519.27,residential,India
1,2045-10-16,514.26,residential,India
1,2045-10-17,580.36,residential,India
1,2045-10-18,534.88,residential,India
1,2045-10-19,560.42,residential,India
1,2045-10-20,503.25,residential,India
1,2045-10-21,547.07,residential,India
1,2045-10-22,511.64,residential,India
1,2045-10-23,529.03,residential,India
1,2045-10-24,506.4,residential,India
1,2045-10-25,586.29,residential,India
1,2045-10-26,497.56,residential,India
1,2045-10-27,536.54,residential,India
1,2045-10-28,511.92,residential,India
1,2045-10-29,558.37,residential,India
1,2045-10-30,516.37,residential,India
1,2045-10-31,545.54,residential,India
1,2045-11-01,538.5,residential,India
1,2045-11-02,542.87,residential,India
1,2045-11-03,531.81,residential,India
1,2045-11-04,556.75,residential,India
1,2045-11-05,557.11,residential,India
1,2045-11-06,537.05,residential,India
1,2045-11-07,558.67,residential,India
1,2045-11-08,512.15,residential,India
1,2045-11-09,541.51,residential,India
1,2045-11-10,553.65,residential,India
1,2045-11-11,572.5,residential,India
1,2045-11-12,524.74,residential,India
1,2045-11-13,576.23,residential,India
1,2045-11-14,506.17,residential,India
1,2045-11-15,536.95,residential,India
1,2045-11-16,549.0,residential,India
1,2045-11-17,507.95,residential,India
1,2045-11-18,555.98,residential,India
1,2045-11-19,553.44,residential,India
1,2045-11-20,529.72,residential,India
1,2045-11-21,525.77,residential,India
1,2045-11-22,534.21,residential,India
1,2045-11-23,564.35,residential,India
1,2045-11-24,523.87,residential,India
1,2045-11-25,490.6,residential,India
1,2045-11-26,537.34,residential,India
1,2045-11-27,550.3,residential,India
1,2045-11-28,559.32,residential,India
1,2045-11-29,583.16,residential,India
1,2045-11-30,528.96,residential,India
1,2045-12-01,538.96,residential,India
1,2045-12-02,567.82,residential,India
1,2045-12-03,539.26,residential,India
1,2045-12-04,532.9,residential,India
1,2045-12-05,584.82,residential,India
1,2045-12-06,505.84,residential,India
1,2045-12-07,549.49,residential,India
1,2045-12-08,526.33,residential,India
1,2045-12-09,544.21,residential,India
1,2045-12-10,565.49,residential,India
1,2045-12-11,539.17,residential,India
1,2045-12-12,514.52,residential,India
1,2045-12-13,521.61,residential,India
1,2045-12-14,540.2,residential,India
1,2045-12-15,559.79,residential,India
1,2045-12-16,524.74,residential,India
1,2045-12-17,545.39,residential,India
1,2045-12-18,559.29,residential,India
1,2045-12-19,511.06,residential,India
1,2045-12-20,558.76,residential,India
1,2045-12-21,502.73,residential,India
1,2045-12-22,559.91,residential,India
1,2045-12-23,565.0,residential,India
1,2045-12-24,515.05,residential,India
1,2045-12-25,527.5,residential,India
1,2045-12-26,519.71,residential,India
1,2045-12-27,557.5,residential,India
1,2045-12-28,564.05,residential,India
1,2045-12-29,544.19,residential,India
1,2045-12-30,535.21,residential,India
1,2045-12-31,557.72,residential,India
1,2046-01-01,553.82,residential,India
1,2046-01-02,535.43,residential,India
1,2046-01-03,574.41,residential,India
1,2046-01-04,543.95,residential,India
1,2046-01-05,512.53,residential,India
1,2046-01-06,541.34,residential,India
1,2046-01-07,546.47,residential,India
1,2046-01-08,546.95,residential,India
1,2046-01-09,539.67,residential,India
1,2046-01-10,532.15,residential,India
1,2046-01-11,508.88,residential,India
1,2046-01-12,532.4,residential,India
1,2046-01-13,529.24,residential,India
1,2046-01-14,524.83,residential,India
1,2046-01-15,586.73,residential,India
1,2046-01-16,561.28,residential,India
1,2046-01-17,543.23,residential,India
1,2046-01-18,528.07,residential,India
1,2046-01-19,542.67,residential,India
1,2046-01-20,534.21,residential,India
1,2046-01-21,531.19,residential,India
1,2046-01-22,543.36,residential,India
1,2046-01-23,550.55,residential,India
1,2046-01-24,533.33,residential,India
1,2046-01-25,561.85,residential,India
1,2046-01-26,542.37,residential,India
1,2046-01-27,551.18,residential,India
1,2046-01-28,527.69,residential,India
1,2046-01-29,555.65,residential,India
1,2046-01-30,547.47,residential,India
1,2046-01-31,507.21,residential,India
1,2046-02-01,544.84,residential,India
1,2046-02-02,537.45,residential,India
1,2046-02-03,527.49,residential,India
1,2046-02-04,549.36,residential,India
1,2046-02-05,560.76,residential,India
1,2046-02-06,538.28,residential,India
1,2046-02-07,581.11,residential,India
1,2046-02-08,554.68,residential,India
1,2046-02-09,552.2,residential,India
1,2046-02-10,531.36,residential,India
1,2046-02-11,544.15,residential,India
1,2046-02-12,557.22,residential,India
1,2046-02-13,532.86,residential,India
1,2046-02-14,550.88,residential,India
1,2046-02-15,517.61,residential,India
1,2046-02-16,538.88,residential,India
1,2046-02-17,563.22,residential,India
1,2046-02-18,523.61,residential,India
1,2046-02-19,516.04,residential,India
1,2046-02-20,573.55,residential,India
1,2046-02-21,534.59,residential,India
1,2046-02-22,546.52,residential,India
1,2046-02-23,540.62,residential,India
1,2046-02-24,564.53,residential,India
1,2046-02-25,530.66,residential,India
1,2046-02-26,559.61,residential,India
1,2046-02-27,505.6,residential,India
1,2046-02-28,540.35,residential,India
1,2046-03-01,516.74,residential,India
1,2046-03-02,553.07,residential,India
1,2046-03-03,546.98,residential,India
1,2046-03-04,544.11,residential,India
1,2046-03-05,540.57,residential,India
1,2046-03-06,548.06,residential,India
1,2046-03-07,545.22,residential,India
1,2046-03-08,564.67,residential,India
1,2046-03-09,536.32,residential,India
1,2046-03-10,540.68,residential,India
1,2046-03-11,556.11,residential,India
1,2046-03-12,558.84,residential,India
1,2046-03-13,544.63,residential,India
1,2046-03-14,581.31,residential,India
1,2046-03-15,537.23,residential,India
1,2046-03-16,553.83,residential,India
1,2046-03-17,510.66,residential,India
1,2046-03-18,510.61,residential,India
1,2046-03-19,543.17,residential,India
1,2046-03-20,546.19,residential,India
1,2046-03-21,507.29,residential,India
1,2046-03-22,542.16,residential,India
1,2046-03-23,537.15,residential,India
1,2046-03-24,538.49,residential,India
1,2046-03-25,551.78,residential,India
1,2046-03-26,538.54,residential,India
1,2046-03-27,561.89,residential,India
1,2046-03-28,536.11,residential,India
1,2046-03-29,554.42,residential,India
1,2046-03-30,569.43,residential,India
1,2046-03-31,545.41,residential,India
1,2046-04-01,538.17,residential,India
1,2046-04-02,556.88,residential,India
1,2046-04-03,557.74,residential,India
1,2046-04-04,556.1,residential,India
1,2046-04-05,541.29,residential,India
1,2046-04-06,579.27,residential,India
1,2046-04-07,531.41,residential,India
1,2046-04-08,505.01,residential,India
1,2046-04-09,512.96,residential,India
1,2046-04-10,581.75,residential,India
1,2046-04-11,566.45,residential,India
1,2046-04-12,517.63,residential,India
1,2046-04-13,523.88,residential,India
1,2046-04-14,539.22,residential,India
1,2046-04-15,551.68,residential,India
1,2046-04-16,533.91,residential,India
1,2046-04-17,582.21,residential,India
1,2046-04-18,547.84,residential,India
1,2046-04-19,565.61,residential,India
1,2046-04-20,556.49,residential,India
1,2046-04-21,525.58,residential,India
1,2046-04-22,529.52,residential,India
1,2046-04-23,516.41,residential,India
1,2046-04-24,557.69,residential,India
1,2046-04-25,559.41,residential,India
1,2046-04-26,561.68,residential,India
1,2046-04-27,566.58,residential,India
1,2046-04-28,533.45,residential,India
1,2046-04-29,562.58,residential,India
1,2046-04-30,533.82,residential,India
1,2046-05-01,559.74,residential,India
1,2046-05-02,492.77,residential,India
1,2046-05-03,530.59,residential,India
1,2046-05-04,546.14,residential,India
1,2046-05-05,562.29,residential,India
1,2046-05-06,551.87,residential,India
1,2046-05-07,538.03,residential,India
1,2046-05-08,538.45,residential,India
1,2046-05-09,534.02,residential,India
1,2046-05-10,521.97,residential,India
1,2046-05-11,534.4,residential,India
1,2046-05-12,532.09,residential,India
1,2046-05-13,536.67,residential,India
1,2046-05-14,547.99,residential,India
1,2046-05-15,553.32,residential,India
1,2046-05-16,529.48,residential,India
1,2046-05-17,563.76,residential,India
1,2046-05-18,540.95,residential,India
1,2046-05-19,534.88,residential,India
1,2046-05-20,556.88,residential,India
1,2046-05-21,543.47,residential,India
1,2046-05-22,519.85,residential,India
1,2046-05-23,559.68,residential,India
1,2046-05-24,591.53,residential,India
1,2046-05-25,558.09,residential,India
1,2046-05-26,535.96,residential,India
1,2046-05-27,532.62,residential,India
1,2046-05-28,514.13,residential,India
1,2046-05-29,559.1,residential,India
1,2046-05-30,543.54,residential,India
1,2046-05-31,534.58,residential,India
1,2046-06-01,578.13,residential,India
1,2046-06-02,538.54,residential,India
1,2046-06-03,573.41,residential,India
1,2046-06-04,559.82,residential,India
1,2046-06-05,564.28,residential,India
1,2046-06-06,531.12,residential,India
1,2046-06-07,567.23,residential,India
1,2046-06-08,567.39,residential,India
1,2046-06-09,545.3,residential,India
1,2046-06-10,569.09,residential,India
1,2046-06-11,531.92,residential,India
1,2046-06-12,531.4,residential,India
1,2046-06-13,567.97,residential,India
1,2046-06-14,552.34,residential,India
1,2046-06-15,531.25,residential,India
1,2046-06-16,550.31,residential,India
1,2046-06-17,547.56,residential,India
1,2046-06-18,559.16,residential,India
1,2046-06-19,538.65,residential,India
1,2046-06-20,562.0,residential,India
1,2046-06-21,537.15,residential,India
1,2046-06-22,551.21,residential,India
1,2046-06-23,567.85,residential,India
1,2046-06-24,521.59,residential,India
1,2046-06-25,561.46,residential,India
1,2046-06-26,538.45,residential,India
1,2046-06-27,538.53,residential,India
1,2046-06-28,564.25,residential,India
1,2046-06-29,540.61,residential,India
1,2046-06-30,517.89,residential,India
1,2046-07-01,576.26,residential,India
1,2046-07-02,550.17,residential,India
1,2046-07-03,538.56,residential,India
1,2046-07-04,531.11,residential,India
1,2046-07-05,552.8,residential,India
1,2046-07-06,565.56,residential,India
1,2046-07-07,571.57,residential,India
1,2046-07-08,534.48,residential,India
1,2046-07-09,568.98,residential,India
1,2046-07-10,524.4,residential,India
1,2046-07-11,539.5,residential,India
1,2046-07-12,576.99,residential,India
1,2046-07-13,556.59,residential,India
1,2046-07-14,583.26,residential,India
1,2046-07-15,569.87,residential,India
1,2046-07-16,565.5,residential,India
1,2046-07-17,540.77,residential,India
1,2046-07-18,565.43,residential,India
1,2046-07-19,576.53,residential,India
1,2046-07-20,589.15,residential,India
1,2046-07-21,502.04,residential,India
1,2046-07-22,561.39,residential,India
1,2046-07-23,533.5,residential,India
1,2046-07-24,524.71,residential,India
1,2046-07-25,565.24,residential,India
1,2046-07-26,525.03,residential,India
1,2046-07-27,539.02,residential,India
1,2046-07-28,499.45,residential,India
1,2046-07-29,559.49,residential,India
1,2046-07-30,579.32,residential,India
1,2046-07-31,564.07,residential,India
1,2046-08-01,554.09,residential,India
1,2046-08-02,531.12,residential,India
1,2046-08-03,574.74,residential,India
1,2046-08-04,544.46,residential,India
1,2046-08-05,541.3,residential,India
1,2046-08-06,539.22,residential,India
1,2046-08-07,558.84,residential,India
1,2046-08-08,584.88,residential,India
1,2046-08-09,574.72,residential,India
1,2046-08-10,557.82,residential,India
1,2046-08-11,554.97,residential,India
1,2046-08-12,569.9,residential,India
1,2046-08-13,537.36,residential,India
1,2046-08-14,549.68,residential,India
1,2046-08-15,588.25,residential,India
1,2046-08-16,570.7,residential,India
1,2046-08-17,555.11,residential,India
1,2046-08-18,553.15,residential,India
1,2046-08-19,527.64,residential,India
1,2046-08-20,546.15,residential,India
1,2046-08-21,534.74,residential,India
1,2046-08-22,541.39,residential,India
1,2046-08-23,523.57,residential,India
1,2046-08-24,571.58,residential,India
1,2046-08-25,578.75,residential,India
1,2046-08-26,558.92,residential,India
1,2046-08-27,520.47,residential,India
1,2046-08-28,533.28,residential,India
1,2046-08-29,545.43,residential,India
1,2046-08-30,517.6,residential,India
1,2046-08-31,549.46,residential,India
1,2046-09-01,583.55,residential,India
1,2046-09-02,571.23,residential,India
1,2046-09-03,591.44,residential,India
1,2046-09-04,548.46,residential,India
1,2046-09-05,556.32,residential,India
1,2046-09-06,555.69,residential,India
1,2046-09-07,558.6,residential,India
1,2046-09-08,570.71,residential,India
1,2046-09-09,554.87,residential,India
1,2046-09-10,565.94,residential,India
1,2046-09-11,522.51,residential,India
1,2046-09-12,573.67,residential,India
1,2046-09-13,574.53,residential,India
1,2046-09-14,533.35,residential,India
1,2046-09-15,542.29,residential,India
1,2046-09-16,570.54,residential,India
1,2046-09-17,546.11,residential,India
1,2046-09-18,563.87,residential,India
1,2046-09-19,555.61,residential,India
1,2046-09-20,555.4,residential,India
1,2046-09-21,598.54,residential,India
1,2046-09-22,532.66,residential,India
1,2046-09-23,572.62,residential,India
1,2046-09-24,552.46,residential,India
1,2046-09-25,568.73,residential,India
1,2046-09-26,535.57,residential,India
1,2046-09-27,560.67,residential,India
1,2046-09-28,551.6,residential,India
1,2046-09-29,575.48,residential,India
1,2046-09-30,543.11,residential,India
1,2046-10-01,535.95,residential,India
1,2046-10-02,585.18,residential,India
1,2046-10-03,578.88,residential,India
1,2046-10-04,543.95,residential,India
1,2046-10-05,560.13,residential,India
1,2046-10-06,552.34,residential,India
1,2046-10-07,584.03,residential,India
1,2046-10-08,562.25,residential,India
1,2046-10-09,567.41,residential,India
1,2046-10-10,577.26,residential,India
1,2046-10-11,569.66,residential,India
1,2046-10-12,587.97,residential,India
1,2046-10-13,558.22,residential,India
1,2046-10-14,571.46,residential,India
1,2046-10-15,552.01,residential,India
1,2046-10-16,587.01,residential,India
1,2046-10-17,540.25,residential,India
1,2046-10-18,558.7,residential,India
1,2046-10-19,536.54,residential,India
1,2046-10-20,519.44,residential,India
1,2046-10-21,564.65,residential,India
1,2046-10-22,590.9,residential,India
1,2046-10-23,526.94,residential,India
1,2046-10-24,558.42,residential,India
1,2046-10-25,569.31,residential,India
1,2046-10-26,580.88,residential,India
1,2046-10-27,563.27,residential,India
1,2046-10-28,556.53,residential,India
1,2046-10-29,570.22,residential,India
1,2046-10-30,572.84,residential,India
1,2046-10-31,566.25,residential,India
1,2046-11-01,546.57,residential,India
1,2046-11-02,566.7,residential,India
1,2046-11-03,564.51,residential,India
1,2046-11-04,563.85,residential,India
1,2046-11-05,576.58,residential,India
1,2046-11-06,548.31,residential,India
1,2046-11-07,550.45,residential,India
1,2046-11-08,554.64,residential,India
1,2046-11-09,549.58,residential,India
1,2046-11-10,579.51,residential,India
1,2046-11-11,566.69,residential,India
1,2046-11-12,560.75,residential,India
1,2046-11-13,573.02,residential,India
1,2046-11-14,563.14,residential,India
1,2046-11-15,575.99,residential,India
1,2046-11-16,595.81,residential,India
1,2046-11-17,575.22,residential,India
1,2046-11-18,581.06,residential,India
1,2046-11-19,552.39,residential,India
1,2046-11-20,585.16,residential,India
1,2046-11-21,551.12,residential,India
1,2046-11-22,564.74,residential,India
1,2046-11-23,558.48,residential,India
1,2046-11-24,511.52,residential,India
1,2046-11-25,536.92,residential,India
1,2046-11-26,607.09,residential,India
1,2046-11-27,568.79,residential,India
1,2046-11-28,584.7,residential,India
1,2046-11-29,583.85,residential,India
1,2046-11-30,536.68,residential,India
1,2046-12-01,612.46,residential,India
1,2046-12-02,616.44,residential,India
1,2046-12-03,566.38,residential,India
1,2046-12-04,567.29,residential,India
1,2046-12-05,568.62,residential,India
1,2046-12-06,609.8,residential,India
1,2046-12-07,597.39,residential,India
1,2046-12-08,584.63,residential,India
1,2046-12-09,579.18,residential,India
1,2046-12-10,588.59,residential,India
1,2046-12-11,588.58,residential,India
1,2046-12-12,578.73,residential,India
1,2046-12-13,550.83,residential,India
1,2046-12-14,553.66,residential,India
1,2046-12-15,572.5,residential,India
1,2046-12-16,596.49,residential,India
1,2046-12-17,568.07,residential,India
1,2046-12-18,545.56,residential,India
1,2046-12-19,575.72,residential,India
1,2046-12-20,543.09,residential,India
1,2046-12-21,556.82,residential,India
1,2046-12-22,576.35,residential,India
1,2046-12-23,585.49,residential,India
1,2046-12-24,587.27,residential,India
1,2046-12-25,550.64,residential,India
1,2046-12-26,552.21,residential,India
1,2046-12-27,606.07,residential,India
1,2046-12-28,585.32,residential,India
1,2046-12-29,589.0,residential,India
1,2046-12-30,572.12,residential,India
1,2046-12-31,581.82,residential,India
1,2047-01-01,578.82,residential,India
1,2047-01-02,597.5,residential,India
1,2047-01-03,589.99,residential,India
1,2047-01-04,600.48,residential,India
1,2047-01-05,557.48,residential,India
1,2047-01-06,533.93,residential,India
1,2047-01-07,574.02,residential,India
1,2047-01-08,586.7,residential,India
1,2047-01-09,572.19,residential,India
1,2047-01-10,602.88,residential,India
1,2047-01-11,554.33,residential,India
1,2047-01-12,583.76,residential,India
1,2047-01-13,583.24,residential,India
1,2047-01-14,581.59,residential,India
1,2047-01-15,589.89,residential,India
1,2047-01-16,577.59,residential,India
1,2047-01-17,582.24,residential,India
1,2047-01-18,596.62,residential,India
1,2047-01-19,592.42,residential,India
1,2047-01-20,539.11,residential,India
1,2047-01-21,599.93,residential,India
1,2047-01-22,588.05,residential,India
1,2047-01-23,581.91,residential,India
1,2047-01-24,583.48,residential,India
1,2047-01-25,546.1,residential,India
1,2047-01-26,596.04,residential,India
1,2047-01-27,617.42,residential,India
1,2047-01-28,567.34,residential,India
1,2047-01-29,571.09,residential,India
1,2047-01-30,551.63,residential,India
1,2047-01-31,591.08,residential,India
1,2047-02-01,590.25,residential,India
1,2047-02-02,602.83,residential,India
1,2047-02-03,596.3,residential,India
1,2047-02-04,561.66,residential,India
1,2047-02-05,571.24,residential,India
1,2047-02-06,569.89,residential,India
1,2047-02-07,556.35,residential,India
1,2047-02-08,569.02,residential,India
1,2047-02-09,595.11,residential,India
1,2047-02-10,598.32,residential,India
1,2047-02-11,561.24,residential,India
1,2047-02-12,586.11,residential,India
1,2047-02-13,555.4,residential,India
1,2047-02-14,576.55,residential,India
1,2047-02-15,589.48,residential,India
1,2047-02-16,598.6,residential,India
1,2047-02-17,588.59,residential,India
1,2047-02-18,595.74,residential,India
1,2047-02-19,621.23,residential,India
1,2047-02-20,583.68,residential,India
1,2047-02-21,563.31,residential,India
1,2047-02-22,607.13,residential,India
1,2047-02-23,569.38,residential,India
1,2047-02-24,596.95,residential,India
1,2047-02-25,590.1,residential,India
1,2047-02-26,598.66,residential,India
1,2047-02-27,558.21,residential,India
1,2047-02-28,622.24,residential,India
1,2047-03-01,605.91,residential,India
1,2047-03-02,594.35,residential,India
1,2047-03-03,572.58,residential,India
1,2047-03-04,545.24,residential,India
1,2047-03-05,578.4,residential,India
1,2047-03-06,590.78,residential,India
1,2047-03-07,568.8,residential,India
1,2047-03-08,604.38,residential,India
1,2047-03-09,572.8,residential,India
1,2047-03-10,568.54,residential,India
1,2047-03-11,543.33,residential,India
1,2047-03-12,628.51,residential,India
1,2047-03-13,555.67,residential,India
1,2047-03-14,602.32,residential,India
1,2047-03-15,565.95,residential,India
1,2047-03-16,609.15,residential,India
1,2047-03-17,602.28,residential,India
1,2047-03-18,601.25,residential,India
1,2047-03-19,607.61,residential,India
1,2047-03-20,565.42,residential,India
1,2047-03-21,583.72,residential,India
1,2047-03-22,580.77,residential,India
1,2047-03-23,570.72,residential,India
1,2047-03-24,605.1,residential,India
1,2047-03-25,580.13,residential,India
1,2047-03-26,585.33,residential,India
1,2047-03-27,584.94,residential,India
1,2047-03-28,578.91,residential,India
1,2047-03-29,599.39,residential,India
1,2047-03-30,583.37,residential,India
1,2047-03-31,597.41,residential,India
1,2047-04-01,576.84,residential,India
1,2047-04-02,611.84,residential,India
1,2047-04-03,583.98,residential,India
1,2047-04-04,579.73,residential,India
1,2047-04-05,566.13,residential,India
1,2047-04-06,583.23,residential,India
1,2047-04-07,554.18,residential,India
1,2047-04-08,640.09,residential,India
1,2047-04-09,620.82,residential,India
1,2047-04-10,581.42,residential,India
1,2047-04-11,588.36,residential,India
1,2047-04-12,594.56,residential,India
1,2047-04-13,615.82,residential,India
1,2047-04-14,603.38,residential,India
1,2047-04-15,582.1,residential,India
1,2047-04-16,600.97,residential,India
1,2047-04-17,585.28,residential,India
1,2047-04-18,613.37,residential,India
1,2047-04-19,556.06,residential,India
1,2047-04-20,606.17,residential,India
1,2047-04-21,580.59,residential,India
1,2047-04-22,619.7,residential,India
1,2047-04-23,624.45,residential,India
1,2047-04-24,584.71,residential,India
1,2047-04-25,582.69,residential,India
1,2047-04-26,587.34,residential,India
1,2047-04-27,588.92,residential,India
1,2047-04-28,612.96,residential,India
1,2047-04-29,591.14,residential,India
1,2047-04-30,604.07,residential,India
1,2047-05-01,606.89,residential,India
1,2047-05-02,618.4,residential,India
1,2047-05-03,608.01,residential,India
1,2047-05-04,577.57,residential,India
1,2047-05-05,612.24,residential,India
1,2047-05-06,589.31,residential,India
1,2047-05-07,565.3,residential,India
1,2047-05-08,618.84,residential,India
1,2047-05-09,610.81,residential,India
1,2047-05-10,597.01,residential,India
1,2047-05-11,618.66,residential,India
1,2047-05-12,615.29,residential,India
1,2047-05-13,574.86,residential,India
1,2047-05-14,600.92,residential,India
1,2047-05-15,594.34,residential,India
1,2047-05-16,590.52,residential,India
1,2047-05-17,625.82,residential,India
1,2047-05-18,635.95,residential,India
1,2047-05-19,615.2,residential,India
1,2047-05-20,592.97,residential,India
1,2047-05-21,584.62,residential,India
1,2047-05-22,602.51,residential,India
1,2047-05-23,598.15,residential,India
1,2047-05-24,590.1,residential,India
1,2047-05-25,599.32,residential,India
1,2047-05-26,601.39,residential,India
1,2047-05-27,634.63,residential,India
1,2047-05-28,576.88,residential,India
1,2047-05-29,639.85,residential,India
1,2047-05-30,605.32,residential,India
1,2047-05-31,607.41,residential,India
1,2047-06-01,592.58,residential,India
1,2047-06-02,635.98,residential,India
1,2047-06-03,653.03,residential,India
1,2047-06-04,620.29,residential,India
1,2047-06-05,605.37,residential,India
1,2047-06-06,646.35,residential,India
1,2047-06-07,580.41,residential,India
1,2047-06-08,592.98,residential,India
1,2047-06-09,611.45,residential,India
1,2047-06-10,570.23,residential,India
1,2047-06-11,582.32,residential,India
1,2047-06-12,598.08,residential,India
1,2047-06-13,636.54,residential,India
1,2047-06-14,622.15,residential,India
1,2047-06-15,582.43,residential,India
1,2047-06-16,592.08,residential,India
1,2047-06-17,589.86,residential,India
1,2047-06-18,626.35,residential,India
1,2047-06-19,550.28,residential,India
1,2047-06-20,631.45,residential,India
1,2047-06-21,574.22,residential,India
1,2047-06-22,585.06,residential,India
1,2047-06-23,627.82,residential,India
1,2047-06-24,607.77,residential,India
1,2047-06-25,579.1,residential,India
1,2047-06-26,584.5,residential,India
1,2047-06-27,635.6,residential,India
1,2047-06-28,586.69,residential,India
1,2047-06-29,574.36,residential,India
1,2047-06-30,588.62,residential,India
1,2047-07-01,612.63,residential,India
1,2047-07-02,625.68,residential,India
1,2047-07-03,592.84,residential,India
1,2047-07-04,635.4,residential,India
1,2047-07-05,563.42,residential,India
1,2047-07-06,595.94,residential,India
1,2047-07-07,630.93,residential,India
1,2047-07-08,596.84,residential,India
1,2047-07-09,600.71,residential,India
1,2047-07-10,571.74,residential,India
1,2047-07-11,584.45,residential,India
1,2047-07-12,641.71,residential,India
1,2047-07-13,603.92,residential,India
1,2047-07-14,586.32,residential,India
1,2047-07-15,611.29,residential,India
1,2047-07-16,604.2,residential,India
1,2047-07-17,602.21,residential,India
1,2047-07-18,602.33,residential,India
1,2047-07-19,599.54,residential,India
1,2047-07-20,582.72,residential,India
1,2047-07-21,592.39,residential,India
1,2047-07-22,588.77,residential,India
1,2047-07-23,618.54,residential,India
1,2047-07-24,590.56,residential,India
1,2047-07-25,604.25,residential,India
1,2047-07-26,612.93,residential,India
1,2047-07-27,585.3,residential,India
1,2047-07-28,595.43,residential,India
1,2047-07-29,607.05,residential,India
1,2047-07-30,568.01,residential,India
1,2047-07-31,576.74,residential,India
1,2047-08-01,634.78,residential,India
1,2047-08-02,621.62,residential,India
1,2047-08-03,627.67,residential,India
1,2047-08-04,604.78,residential,India
1,2047-08-05,618.62,residential,India
1,2047-08-06,621.2,residential,India
1,2047-08-07,586.38,residential,India
1,2047-08-08,615.98,residential,India
1,2047-08-09,621.92,residential,India
1,2047-08-10,621.81,residential,India
1,2047-08-11,613.06,residential,India
1,2047-08-12,605.44,residential,India
1,2047-08-13,593.5,residential,India
1,2047-08-14,668.12,residential,India
1,2047-08-15,615.5,residential,India
1,2047-08-16,597.74,residential,India
1,2047-08-17,589.44,residential,India
1,2047-08-18,600.63,residential,India
1,2047-08-19,616.51,residential,India
1,2047-08-20,600.85,residential,India
1,2047-08-21,611.75,residential,India
1,2047-08-22,598.0,residential,India
1,2047-08-23,586.26,residential,India
1,2047-08-24,615.23,residential,India
1,2047-08-25,643.85,residential,India
1,2047-08-26,607.7,residential,India
1,2047-08-27,587.25,residential,India
1,2047-08-28,635.14,residential,India
1,2047-08-29,647.84,residential,India
1,2047-08-30,610.47,residential,India
1,2047-08-31,634.39,residential,India
1,2047-09-01,580.76,residential,India
1,2047-09-02,605.27,residential,India
1,2047-09-03,572.75,residential,India
1,2047-09-04,607.86,residential,India
1,2047-09-05,614.33,residential,India
1,2047-09-06,634.71,residential,India
1,2047-09-07,628.34,residential,India
1,2047-09-08,673.19,residential,India
1,2047-09-09,636.96,residential,India
1,2047-09-10,613.1,residential,India
1,2047-09-11,601.57,residential,India
1,2047-09-12,646.22,residential,India
1,2047-09-13,611.7,residential,India
1,2047-09-14,624.54,residential,India
1,2047-09-15,622.1,residential,India
1,2047-09-16,607.03,residential,India
1,2047-09-17,616.23,residential,India
1,2047-09-18,613.52,residential,India
1,2047-09-19,646.38,residential,India
1,2047-09-20,638.15,residential,India
1,2047-09-21,610.13,residential,India
1,2047-09-22,636.57,residential,India
1,2047-09-23,614.46,residential,India
1,2047-09-24,638.5,residential,India
1,2047-09-25,622.55,residential,India
1,2047-09-26,625.37,residential,India
1,2047-09-27,615.01,residential,India
1,2047-09-28,619.14,residential,India
1,2047-09-29,618.71,residential,India
1,2047-09-30,638.38,residential,India
1,2047-10-01,640.23,residential,India
1,2047-10-02,613.87,residential,India
1,2047-10-03,636.65,residential,India
1,2047-10-04,627.5,residential,India
1,2047-10-05,640.94,residential,India
1,2047-10-06,616.84,residential,India
1,2047-10-07,668.08,residential,India
1,2047-10-08,630.65,residential,India
1,2047-10-09,646.39,residential,India
1,2047-10-10,597.64,residential,India
1,2047-10-11,600.07,residential,India
1,2047-10-12,579.56,residential,India
1,2047-10-13,656.86,residential,India
1,2047-10-14,649.86,residential,India
1,2047-10-15,622.5,residential,India
1,2047-10-16,630.53,residential,India
1,2047-10-17,621.82,residential,India
1,2047-10-18,630.26,residential,India
1,2047-10-19,617.27,residential,India
1,2047-10-20,644.24,residential,India
1,2047-10-21,614.55,residential,India
1,2047-10-22,632.66,residential,India
1,2047-10-23,622.49,residential,India
1,2047-10-24,627.49,residential,India
1,2047-10-25,607.03,residential,India
1,2047-10-26,652.71,residential,India
1,2047-10-27,627.88,residential,India
1,2047-10-28,592.99,residential,India
1,2047-10-29,588.73,residential,India
1,2047-10-30,623.61,residential,India
1,2047-10-31,654.41,residential,India
1,2047-11-01,611.49,residential,India
1,2047-11-02,633.99,residential,India
1,2047-11-03,642.63,residential,India
1,2047-11-04,584.55,residential,India
1,2047-11-05,645.62,residential,India
1,2047-11-06,646.43,residential,India
1,2047-11-07,649.48,residential,India
1,2047-11-08,647.19,residential,India
1,2047-11-09,596.6,residential,India
1,2047-11-10,619.54,residential,India
1,2047-11-11,625.63,residential,India
1,2047-11-12,639.8,residential,India
1,2047-11-13,611.29,residential,India
1,2047-11-14,622.94,residential,India
1,2047-11-15,598.43,residential,India
1,2047-11-16,634.46,residential,India
1,2047-11-17,677.43,residential,India
1,2047-11-18,600.03,residential,India
1,2047-11-19,626.23,residential,India
1,2047-11-20,628.65,residential,India
1,2047-11-21,658.4,residential,India
1,2047-11-22,595.18,residential,India
1,2047-11-23,620.04,residential,India
1,2047-11-24,601.53,residential,India
1,2047-11-25,658.25,residential,India
1,2047-11-26,639.45,residential,India
1,2047-11-27,627.95,residential,India
1,2047-11-28,624.82,residential,India
1,2047-11-29,650.36,residential,India
1,2047-11-30,618.34,residential,India
1,2047-12-01,664.65,residential,India
1,2047-12-02,642.32,residential,India
1,2047-12-03,638.44,residential,India
1,2047-12-04,628.36,residential,India
1,2047-12-05,607.49,residential,India
1,2047-12-06,640.31,residential,India
1,2047-12-07,656.07,residential,India
1,2047-12-08,628.86,residential,India
1,2047-12-09,645.51,residential,India
1,2047-12-10,666.68,residential,India
1,2047-12-11,581.33,residential,India
1,2047-12-12,622.33,residential,India
1,2047-12-13,629.45,residential,India
1,2047-12-14,622.09,residential,India
1,2047-12-15,650.13,residential,India
1,2047-12-16,647.49,residential,India
1,2047-12-17,651.22,residential,India
1,2047-12-18,625.25,residential,India
1,2047-12-19,620.0,residential,India
1,2047-12-20,644.34,residential,India
1,2047-12-21,628.37,residential,India
1,2047-12-22,618.92,residential,India
1,2047-12-23,665.96,residential,India
1,2047-12-24,639.05,residential,India
1,2047-12-25,639.36,residential,India
1,2047-12-26,632.34,residential,India
1,2047-12-27,623.97,residential,India
1,2047-12-28,642.57,residential,India
1,2047-12-29,647.59,residential,India
1,2047-12-30,593.96,residential,India
1,2047-12-31,629.7,residential,India
1,2048-01-01,639.26,residential,India
1,2048-01-02,662.03,residential,India
1,2048-01-03,649.71,residential,India
1,2048-01-04,640.3,residential,India
1,2048-01-05,637.35,residential,India
1,2048-01-06,625.21,residential,India
1,2048-01-07,603.72,residential,India
1,2048-01-08,640.9,residential,India
1,2048-01-09,632.4,residential,India
1,2048-01-10,614.51,residential,India
1,2048-01-11,600.37,residential,India
1,2048-01-12,631.39,residential,India
1,2048-01-13,643.86,residential,India
1,2048-01-14,611.39,residential,India
1,2048-01-15,642.68,residential,India
1,2048-01-16,626.71,residential,India
1,2048-01-17,634.08,residential,India
1,2048-01-18,620.54,residential,India
1,2048-01-19,587.63,residential,India
1,2048-01-20,634.46,residential,India
1,2048-01-21,661.51,residential,India
1,2048-01-22,633.46,residential,India
1,2048-01-23,628.19,residential,India
1,2048-01-24,624.24,residential,India
1,2048-01-25,658.98,residential,India
1,2048-01-26,615.67,residential,India
1,2048-01-27,599.02,residential,India
1,2048-01-28,658.57,residential,India
1,2048-01-29,648.84,residential,India
1,2048-01-30,665.6,residential,India
1,2048-01-31,642.02,residential,India
1,2048-02-01,634.15,residential,India
1,2048-02-02,637.1,residential,India
1,2048-02-03,649.67,residential,India
1,2048-02-04,638.88,residential,India
1,2048-02-05,630.77,residential,India
1,2048-02-06,653.94,residential,India
1,2048-02-07,661.9,residential,India
1,2048-02-08,652.9,residential,India
1,2048-02-09,658.69,residential,India
1,2048-02-10,620.5,residential,India
1,2048-02-11,669.43,residential,India
1,2048-02-12,623.56,residential,India
1,2048-02-13,612.1,residential,India
1,2048-02-14,642.65,residential,India
1,2048-02-15,655.8,residential,India
1,2048-02-16,635.74,residential,India
1,2048-02-17,628.57,residential,India
1,2048-02-18,654.18,residential,India
1,2048-02-19,656.61,residential,India
1,2048-02-20,606.81,residential,India
1,2048-02-21,670.67,residential,India
1,2048-02-22,636.39,residential,India
1,2048-02-23,610.6,residential,India
1,2048-02-24,627.54,residential,India
1,2048-02-25,628.64,residential,India
1,2048-02-26,658.89,residential,India
1,2048-02-27,642.67,residential,India
1,2048-02-28,651.23,residential,India
1,2048-02-29,664.84,residential,India
1,2048-03-01,634.63,residential,India
1,2048-03-02,639.38,residential,India
1,2048-03-03,621.18,residential,India
1,2048-03-04,630.89,residential,India
1,2048-03-05,670.07,residential,India
1,2048-03-06,661.2,residential,India
1,2048-03-07,614.63,residential,India
1,2048-03-08,656.71,residential,India
1,2048-03-09,636.96,residential,India
1,2048-03-10,607.81,residential,India
1,2048-03-11,646.01,residential,India
1,2048-03-12,660.85,residential,India
1,2048-03-13,607.29,residential,India
1,2048-03-14,644.38,residential,India
1,2048-03-15,627.65,residential,India
1,2048-03-16,640.29,residential,India
1,2048-03-17,605.08,residential,India
1,2048-03-18,680.73,residential,India
1,2048-03-19,666.37,residential,India
1,2048-03-20,624.28,residential,India
1,2048-03-21,635.5,residential,India
1,2048-03-22,697.98,residential,India
1,2048-03-23,666.29,residential,India
1,2048-03-24,655.95,residential,India
1,2048-03-25,639.04,residential,India
1,2048-03-26,656.17,residential,India
1,2048-03-27,636.08,residential,India
1,2048-03-28,584.34,residential,India
1,2048-03-29,649.65,residential,India
1,2048-03-30,656.22,residential,India
1,2048-03-31,685.76,residential,India
1,2048-04-01,623.84,residential,India
1,2048-04-02,625.24,residential,India
1,2048-04-03,657.3,residential,India
1,2048-04-04,619.79,residential,India
1,2048-04-05,659.54,residential,India
1,2048-04-06,638.57,residential,India
1,2048-04-07,658.9,residential,India
1,2048-04-08,655.25,residential,India
1,2048-04-09,650.58,residential,India
1,2048-04-10,682.98,residential,India
1,2048-04-11,627.94,residential,India
1,2048-04-12,635.88,residential,India
1,2048-04-13,655.5,residential,India
1,2048-04-14,653.23,residential,India
1,2048-04-15,638.22,residential,India
1,2048-04-16,676.38,residential,India
1,2048-04-17,669.03,residential,India
1,2048-04-18,631.05,residential,India
1,2048-04-19,675.22,residential,India
1,2048-04-20,668.43,residential,India
1,2048-04-21,669.78,residential,India
1,2048-04-22,674.3,residential,India
1,2048-04-23,617.12,residential,India
1,2048-04-24,601.86,residential,India
1,2048-04-25,664.23,residential,India
1,2048-04-26,648.41,residential,India
1,2048-04-27,671.61,residential,India
1,2048-04-28,683.23,residential,India
1,2048-04-29,668.68,residential,India
1,2048-04-30,654.55,residential,India
1,2048-05-01,665.11,residential,India
1,2048-05-02,631.21,residential,India
1,2048-05-03,660.63,residential,India
1,2048-05-04,645.5,residential,India
1,2048-05-05,635.69,residential,India
1,2048-05-06,608.0,residential,India
1,2048-05-07,603.13,residential,India
1,2048-05-08,671.76,residential,India
1,2048-05-09,637.39,residential,India
1,2048-05-10,666.67,residential,India
1,2048-05-11,626.11,residential,India
1,2048-05-12,646.04,residential,India
1,2048-05-13,641.0,residential,India
1,2048-05-14,662.44,residential,India
1,2048-05-15,659.76,residential,India
1,2048-05-16,626.4,residential,India
1,2048-05-17,655.46,residential,India
1,2048-05-18,680.1,residential,India
1,2048-05-19,636.16,residential,India
1,2048-05-20,644.91,residential,India
1,2048-05-21,675.87,residential,India
1,2048-05-22,659.56,residential,India
1,2048-05-23,630.97,residential,India
1,2048-05-24,643.62,residential,India
1,2048-05-25,637.63,residential,India
1,2048-05-26,659.11,residential,India
1,2048-05-27,645.97,residential,India
1,2048-05-28,661.92,residential,India
1,2048-05-29,685.72,residential,India
1,2048-05-30,663.04,residential,India
1,2048-05-31,646.43,residential,India
1,2048-06-01,652.65,residential,India
1,2048-06-02,649.33,residential,India
1,2048-06-03,664.84,residential,India
1,2048-06-04,618.3,residential,India
1,2048-06-05,674.95,residential,India
1,2048-06-06,681.37,residential,India
1,2048-06-07,693.26,residential,India
1,2048-06-08,647.25,residential,India
1,2048-06-09,648.91,residential,India
1,2048-06-10,676.97,residential,India
1,2048-06-11,634.23,residential,India
1,2048-06-12,662.8,residential,India
1,2048-06-13,646.11,residential,India
1,2048-06-14,646.75,residential,India
1,2048-06-15,682.89,residential,India
1,2048-06-16,665.64,residential,India
1,2048-06-17,644.58,residential,India
1,2048-06-18,656.8,residential,India
1,2048-06-19,681.84,residential,India
1,2048-06-20,662.3,residential,India
1,2048-06-21,661.17,residential,India
1,2048-06-22,658.76,residential,India
1,2048-06-23,665.34,residential,India
1,2048-06-24,645.55,residential,India
1,2048-06-25,678.61,residential,India
1,2048-06-26,656.25,residential,India
1,2048-06-27,656.59,residential,India
1,2048-06-28,669.17,residential,India
1,2048-06-29,593.35,residential,India
1,2048-06-30,654.24,residential,India
1,2048-07-01,642.1,residential,India
1,2048-07-02,657.84,residential,India
1,2048-07-03,654.72,residential,India
1,2048-07-04,663.18,residential,India
1,2048-07-05,651.8,residential,India
1,2048-07-06,637.96,residential,India
1,2048-07-07,633.96,residential,India
1,2048-07-08,649.16,residential,India
1,2048-07-09,666.05,residential,India
1,2048-07-10,676.85,residential,India
1,2048-07-11,678.09,residential,India
1,2048-07-12,664.77,residential,India
1,2048-07-13,673.92,residential,India
1,2048-07-14,641.67,residential,India
1,2048-07-15,680.18,residential,India
1,2048-07-16,668.03,residential,India
1,2048-07-17,694.26,residential,India
1,2048-07-18,665.15,residential,India
1,2048-07-19,658.38,residential,India
1,2048-07-20,692.0,residential,India
1,2048-07-21,660.23,residential,India
1,2048-07-22,685.75,residential,India
1,2048-07-23,651.69,residential,India
1,2048-07-24,649.04,residential,India
1,2048-07-25,677.54,residential,India
1,2048-07-26,649.4,residential,India
1,2048-07-27,643.26,residential,India
1,2048-07-28,641.75,residential,India
1,2048-07-29,652.92,residential,India
1,2048-07-30,655.07,residential,India
1,2048-07-31,690.25,residential,India
1,2048-08-01,650.04,residential,India
1,2048-08-02,658.99,residential,India
1,2048-08-03,652.71,residential,India
1,2048-08-04,669.86,residential,India
1,2048-08-05,683.35,residential,India
1,2048-08-06,668.87,residential,India
1,2048-08-07,658.89,residential,India
1,2048-08-08,650.87,residential,India
1,2048-08-09,683.29,residential,India
1,2048-08-10,676.26,residential,India
1,2048-08-11,674.83,residential,India
1,2048-08-12,651.97,residential,India
1,2048-08-13,672.67,residential,India
1,2048-08-14,654.7,residential,India
1,2048-08-15,644.76,residential,India
1,2048-08-16,707.25,residential,India
1,2048-08-17,664.41,residential,India
1,2048-08-18,677.42,residential,India
1,2048-08-19,683.29,residential,India
1,2048-08-20,643.64,residential,India
1,2048-08-21,635.79,residential,India
1,2048-08-22,694.89,residential,India
1,2048-08-23,648.61,residential,India
1,2048-08-24,665.54,residential,India
1,2048-08-25,627.88,residential,India
1,2048-08-26,675.34,residential,India
1,2048-08-27,658.72,residential,India
1,2048-08-28,688.59,residential,India
1,2048-08-29,662.11,residential,India
1,2048-08-30,642.32,residential,India
1,2048-08-31,660.96,residential,India
1,2048-09-01,676.17,residential,India
1,2048-09-02,690.49,residential,India
1,2048-09-03,662.86,residential,India
1,2048-09-04,672.73,residential,India
1,2048-09-05,657.1,residential,India
1,2048-09-06,627.04,residential,India
1,2048-09-07,648.19,residential,India
1,2048-09-08,671.99,residential,India
1,2048-09-09,629.73,residential,India
1,2048-09-10,657.15,residential,India
1,2048-09-11,647.82,residential,India
1,2048-09-12,636.15,residential,India
1,2048-09-13,658.52,residential,India
1,2048-09-14,635.83,residential,India
1,2048-09-15,688.39,residential,India
1,2048-09-16,659.9,residential,India
1,2048-09-17,662.04,residential,India
1,2048-09-18,660.94,residential,India
1,2048-09-19,650.71,residential,India
1,2048-09-20,678.48,residential,India
1,2048-09-21,659.16,residential,India
1,2048-09-22,662.98,residential,India
1,2048-09-23,664.2,residential,India
1,2048-09-24,672.99,residential,India
1,2048-09-25,614.21,residential,India
1,2048-09-26,658.93,residential,India
1,2048-09-27,678.31,residential,India
1,2048-09-28,634.77,residential,India
1,2048-09-29,664.03,residential,India
1,2048-09-30,667.23,residential,India
1,2048-10-01,676.91,residential,India
1,2048-10-02,663.94,residential,India
1,2048-10-03,655.21,residential,India
1,2048-10-04,673.37,residential,India
1,2048-10-05,659.61,residential,India
1,2048-10-06,654.04,residential,India
1,2048-10-07,652.15,residential,India
1,2048-10-08,702.49,residential,India
1,2048-10-09,676.39,residential,India
1,2048-10-10,700.95,residential,India
1,2048-10-11,680.56,residential,India
1,2048-10-12,640.26,residential,India
1,2048-10-13,655.2,residential,India
1,2048-10-14,674.03,residential,India
1,2048-10-15,671.6,residential,India
1,2048-10-16,648.66,residential,India
1,2048-10-17,679.09,residential,India
1,2048-10-18,636.12,residential,India
1,2048-10-19,674.42,residential,India
1,2048-10-20,676.73,residential,India
1,2048-10-21,639.23,residential,India
1,2048-10-22,667.17,residential,India
1,2048-10-23,637.86,residential,India
1,2048-10-24,719.34,residential,India
1,2048-10-25,654.79,residential,India
1,2048-10-26,690.19,residential,India
1,2048-10-27,658.77,residential,India
1,2048-10-28,653.35,residential,India
1,2048-10-29,635.72,residential,India
1,2048-10-30,672.83,residential,India
1,2048-10-31,643.01,residential,India
1,2048-11-01,660.99,residential,India
1,2048-11-02,671.21,residential,India
1,2048-11-03,636.06,residential,India
1,2048-11-04,667.23,residential,India
1,2048-11-05,644.75,residential,India
1,2048-11-06,631.6,residential,India
1,2048-11-07,667.19,residential,India
1,2048-11-08,671.59,residential,India
1,2048-11-09,640.74,residential,India
1,2048-11-10,680.06,residential,India
1,2048-11-11,668.99,residential,India
1,2048-11-12,629.91,residential,India
1,2048-11-13,663.78,residential,India
1,2048-11-14,647.72,residential,India
1,2048-11-15,647.91,residential,India
1,2048-11-16,685.4,residential,India
1,2048-11-17,646.07,residential,India
1,2048-11-18,640.76,residential,India
1,2048-11-19,646.96,residential,India
1,2048-11-20,648.76,residential,India
1,2048-11-21,694.53,residential,India
1,2048-11-22,670.74,residential,India
1,2048-11-23,645.81,residential,India
1,2048-11-24,654.23,residential,India
1,2048-11-25,652.74,residential,India
1,2048-11-26,662.97,residential,India
1,2048-11-27,676.17,residential,India
1,2048-11-28,680.44,residential,India
1,2048-11-29,631.51,residential,India
1,2048-11-30,669.94,residential,India
1,2048-12-01,681.93,residential,India
1,2048-12-02,641.1,residential,India
1,2048-12-03,647.77,residential,India
1,2048-12-04,673.33,residential,India
1,2048-12-05,674.48,residential,India
1,2048-12-06,639.08,residential,India
1,2048-12-07,662.6,residential,India
1,2048-12-08,678.03,residential,India
1,2048-12-09,659.4,residential,India
1,2048-12-10,698.53,residential,India
1,2048-12-11,618.93,residential,India
1,2048-12-12,654.94,residential,India
1,2048-12-13,653.85,residential,India
1,2048-12-14,694.99,residential,India
1,2048-12-15,693.99,residential,India
1,2048-12-16,688.03,residential,India
1,2048-12-17,659.0,residential,India
1,2048-12-18,671.29,residential,India
1,2048-12-19,692.99,residential,India
1,2048-12-20,682.84,residential,India
1,2048-12-21,674.37,residential,India
1,2048-12-22,705.69,residential,India
1,2048-12-23,638.58,residential,India
1,2048-12-24,660.97,residential,India
1,2048-12-25,642.9,residential,India
1,2048-12-26,648.46,residential,India
1,2048-12-27,718.33,residential,India
1,2048-12-28,626.54,residential,India
1,2048-12-29,684.45,residential,India
1,2048-12-30,646.92,residential,India
1,2048-12-31,643.94,residential,India
1,2049-01-01,666.36,residential,India
1,2049-01-02,637.27,residential,India
1,2049-01-03,641.33,residential,India
1,2049-01-04,613.47,residential,India
1,2049-01-05,660.84,residential,India
1,2049-01-06,631.95,residential,India
1,2049-01-07,646.14,residential,India
1,2049-01-08,668.22,residential,India
1,2049-01-09,634.93,residential,India
1,2049-01-10,656.84,residential,India
1,2049-01-11,680.08,residential,India
1,2049-01-12,697.41,residential,India
1,2049-01-13,671.91,residential,India
1,2049-01-14,636.61,residential,India
1,2049-01-15,660.7,residential,India
1,2049-01-16,664.95,residential,India
1,2049-01-17,644.5,residential,India
1,2049-01-18,654.25,residential,India
1,2049-01-19,648.91,residential,India
1,2049-01-20,662.37,residential,India
1,2049-01-21,644.25,residential,India
1,2049-01-22,647.8,residential,India
1,2049-01-23,654.83,residential,India
1,2049-01-24,678.06,residential,India
1,2049-01-25,676.18,residential,India
1,2049-01-26,655.27,residential,India
1,2049-01-27,680.53,residential,India
1,2049-01-28,663.48,residential,India
1,2049-01-29,657.32,residential,India
1,2049-01-30,679.23,residential,India
1,2049-01-31,624.29,residential,India
1,2049-02-01,674.76,residential,India
1,2049-02-02,631.0,residential,India
1,2049-02-03,679.27,residential,India
1,2049-02-04,619.63,residential,India
1,2049-02-05,681.2,residential,India
1,2049-02-06,665.98,residential,India
1,2049-02-07,624.62,residential,India
1,2049-02-08,614.96,residential,India
1,2049-02-09,666.97,residential,India
1,2049-02-10,660.6,residential,India
1,2049-02-11,655.21,residential,India
1,2049-02-12,645.83,residential,India
1,2049-02-13,671.87,residential,India
1,2049-02-14,651.93,residential,India
1,2049-02-15,618.28,residential,India
1,2049-02-16,665.55,residential,India
1,2049-02-17,675.67,residential,India
1,2049-02-18,661.41,residential,India
1,2049-02-19,697.33,residential,India
1,2049-02-20,660.03,residential,India
1,2049-02-21,671.17,residential,India
1,2049-02-22,637.78,residential,India
1,2049-02-23,629.74,residential,India
1,2049-02-24,668.95,residential,India
1,2049-02-25,664.87,residential,India
1,2049-02-26,629.68,residential,India
1,2049-02-27,665.31,residential,India
1,2049-02-28,661.27,residential,India
1,2049-03-01,646.81,residential,India
1,2049-03-02,676.45,residential,India
1,2049-03-03,674.67,residential,India
1,2049-03-04,641.6,residential,India
1,2049-03-05,675.61,residential,India
1,2049-03-06,676.94,residential,India
1,2049-03-07,613.89,residential,India
1,2049-03-08,643.93,residential,India
1,2049-03-09,661.3,residential,India
1,2049-03-10,665.14,residential,India
1,2049-03-11,672.14,residential,India
1,2049-03-12,654.32,residential,India
1,2049-03-13,702.11,residential,India
1,2049-03-14,655.94,residential,India
1,2049-03-15,639.55,residential,India
1,2049-03-16,689.84,residential,India
1,2049-03-17,648.78,residential,India
1,2049-03-18,651.4,residential,India
1,2049-03-19,637.99,residential,India
1,2049-03-20,635.69,residential,India
1,2049-03-21,653.0,residential,India
1,2049-03-22,630.8,residential,India
1,2049-03-23,651.7,residential,India
1,2049-03-24,699.83,residential,India
1,2049-03-25,622.22,residential,India
1,2049-03-26,662.55,residential,India
1,2049-03-27,658.9,residential,India
1,2049-03-28,642.48,residential,India
1,2049-03-29,606.1,residential,India
1,2049-03-30,670.79,residential,India
1,2049-03-31,655.51,residential,India
1,2049-04-01,685.78,residential,India
1,2049-04-02,677.68,residential,India
1,2049-04-03,637.95,residential,India
1,2049-04-04,676.21,residential,India
1,2049-04-05,663.72,residential,India
1,2049-04-06,664.53,residential,India
1,2049-04-07,663.64,residential,India
1,2049-04-08,635.72,residential,India
1,2049-04-09,644.39,residential,India
1,2049-04-10,648.02,residential,India
1,2049-04-11,658.99,residential,India
1,2049-04-12,653.55,residential,India
1,2049-04-13,655.75,residential,India
1,2049-04-14,607.28,residential,India
1,2049-04-15,658.12,residential,India
1,2049-04-16,657.56,residential,India
1,2049-04-17,675.57,residential,India
1,2049-04-18,634.95,residential,India
1,2049-04-19,697.47,residential,India
1,2049-04-20,625.5,residential,India
1,2049-04-21,681.49,residential,India
1,2049-04-22,655.25,residential,India
1,2049-04-23,670.07,residential,India
1,2049-04-24,655.46,residential,India
1,2049-04-25,654.77,residential,India
1,2049-04-26,674.66,residential,India
1,2049-04-27,672.0,residential,India
1,2049-04-28,664.81,residential,India
1,2049-04-29,674.32,residential,India
1,2049-04-30,651.37,residential,India
1,2049-05-01,641.39,residential,India
1,2049-05-02,645.75,residential,India
1,2049-05-03,644.43,residential,India
1,2049-05-04,639.67,residential,India
1,2049-05-05,646.79,residential,India
1,2049-05-06,650.56,residential,India
1,2049-05-07,646.36,residential,India
1,2049-05-08,651.95,residential,India
1,2049-05-09,619.23,residential,India
1,2049-05-10,681.79,residential,India
1,2049-05-11,668.97,residential,India
1,2049-05-12,660.24,residential,India
1,2049-05-13,676.25,residential,India
1,2049-05-14,625.59,residential,India
1,2049-05-15,691.56,residential,India
1,2049-05-16,650.64,residential,India
1,2049-05-17,645.65,residential,India
1,2049-05-18,651.83,residential,India
1,2049-05-19,618.88,residential,India
1,2049-05-20,675.29,residential,India
1,2049-05-21,658.39,residential,India
1,2049-05-22,644.53,residential,India
1,2049-05-23,684.38,residential,India
1,2049-05-24,610.08,residential,India
1,2049-05-25,639.08,residential,India
1,2049-05-26,644.13,residential,India
1,2049-05-27,631.55,residential,India
1,2049-05-28,625.71,residential,India
1,2049-05-29,647.64,residential,India
1,2049-05-30,676.08,residential,India
1,2049-05-31,681.53,residential,India
1,2049-06-01,631.87,residential,India
1,2049-06-02,634.34,residential,India
1,2049-06-03,638.84,residential,India
1,2049-06-04,639.89,residential,India
1,2049-06-05,667.25,residential,India
1,2049-06-06,721.9,residential,India
1,2049-06-07,646.34,residential,India
1,2049-06-08,661.88,residential,India
1,2049-06-09,644.46,residential,India
1,2049-06-10,668.65,residential,India
1,2049-06-11,667.73,residential,India
1,2049-06-12,658.86,residential,India
1,2049-06-13,629.92,residential,India
1,2049-06-14,649.39,residential,India
1,2049-06-15,680.28,residential,India
1,2049-06-16,644.68,residential,India
1,2049-06-17,620.14,residential,India
1,2049-06-18,636.35,residential,India
1,2049-06-19,647.86,residential,India
1,2049-06-20,630.3,residential,India
1,2049-06-21,678.16,residential,India
1,2049-06-22,644.91,residential,India
1,2049-06-23,650.59,residential,India
1,2049-06-24,644.34,residential,India
1,2049-06-25,639.19,residential,India
1,2049-06-26,631.49,residential,India
1,2049-06-27,638.64,residential,India
1,2049-06-28,671.01,residential,India
1,2049-06-29,648.93,residential,India
1,2049-06-30,668.38,residential,India
1,2049-07-01,667.58,residential,India
1,2049-07-02,656.95,residential,India
1,2049-07-03,654.22,residential,India
1,2049-07-04,621.95,residential,India
1,2049-07-05,638.6,residential,India
1,2049-07-06,611.65,residential,India
1,2049-07-07,626.01,residential,India
1,2049-07-08,625.2,residential,India
1,2049-07-09,593.85,residential,India
1,2049-07-10,662.13,residential,India
1,2049-07-11,630.75,residential,India
1,2049-07-12,627.96,residential,India
1,2049-07-13,635.17,residential,India
1,2049-07-14,645.58,residential,India
1,2049-07-15,668.25,residential,India
1,2049-07-16,669.28,residential,India
1,2049-07-17,688.25,residential,India
1,2049-07-18,635.76,residential,India
1,2049-07-19,665.08,residential,India
1,2049-07-20,635.7,residential,India
1,2049-07-21,632.5,residential,India
1,2049-07-22,634.92,residential,India
1,2049-07-23,621.64,residential,India
1,2049-07-24,650.12,residential,India
1,2049-07-25,638.51,residential,India
1,2049-07-26,674.17,residential,India
1,2049-07-27,669.23,residential,India
1,2049-07-28,653.2,residential,India
1,2049-07-29,637.14,residential,India
1,2049-07-30,684.68,residential,India
1,2049-07-31,626.4,residential,India
1,2049-08-01,652.84,residential,India
1,2049-08-02,633.19,residential,India
1,2049-08-03,636.01,residential,India
1,2049-08-04,618.83,residential,India
1,2049-08-05,632.65,residential,India
1,2049-08-06,637.51,residential,India
1,2049-08-07,668.96,residential,India
1,2049-08-08,651.27,residential,India
1,2049-08-09,636.24,residential,India
1,2049-08-10,641.05,residential,India
1,2049-08-11,638.32,residential,India
1,2049-08-12,621.43,residential,India
1,2049-08-13,651.56,residential,India
1,2049-08-14,674.23,residential,India
1,2049-08-15,666.91,residential,India
1,2049-08-16,664.43,residential,India
1,2049-08-17,616.85,residential,India
1,2049-08-18,651.69,residential,India
1,2049-08-19,613.88,residential,India
1,2049-08-20,642.48,residential,India
1,2049-08-21,623.8,residential,India
1,2049-08-22,649.9,residential,India
1,2049-08-23,656.54,residential,India
1,2049-08-24,618.37,residential,India
1,2049-08-25,633.89,residential,India
1,2049-08-26,660.4,residential,India
1,2049-08-27,670.76,residential,India
1,2049-08-28,618.31,residential,India
1,2049-08-29,670.19,residential,India
1,2049-08-30,643.83,residential,India
1,2049-08-31,617.64,residential,India
1,2049-09-01,649.67,residential,India
1,2049-09-02,640.15,residential,India
1,2049-09-03,626.69,residential,India
1,2049-09-04,637.8,residential,India
1,2049-09-05,664.4,residential,India
1,2049-09-06,620.38,residential,India
1,2049-09-07,652.24,residential,India
1,2049-09-08,628.08,residential,India
1,2049-09-09,649.48,residential,India
1,2049-09-10,636.49,residential,India
1,2049-09-11,676.8,residential,India
1,2049-09-12,641.99,residential,India
1,2049-09-13,626.26,residential,India
1,2049-09-14,663.15,residential,India
1,2049-09-15,611.83,residential,India
1,2049-09-16,653.84,residential,India
1,2049-09-17,574.26,residential,India
1,2049-09-18,617.39,residential,India
1,2049-09-19,640.59,residential,India
1,2049-09-20,610.56,residential,India
1,2049-09-21,660.68,residential,India
1,2049-09-22,610.95,residential,India
1,2049-09-23,642.21,residential,India
1,2049-09-24,652.67,residential,India
1,2049-09-25,632.59,residential,India
1,2049-09-26,621.71,residential,India
1,2049-09-27,642.98,residential,India
1,2049-09-28,626.66,residential,India
1,2049-09-29,657.77,residential,India
1,2049-09-30,635.46,residential,India
1,2049-10-01,644.55,residential,India
1,2049-10-02,631.4,residential,India
1,2049-10-03,631.3,residential,India
1,2049-10-04,624.29,residential,India
1,2049-10-05,619.6,residential,India
1,2049-10-06,597.37,residential,India
1,2049-10-07,626.83,residential,India
1,2049-10-08,649.85,residential,India
1,2049-10-09,628.97,residential,India
1,2049-10-10,647.46,residential,India
1,2049-10-11,662.64,residential,India
1,2049-10-12,641.96,residential,India
1,2049-10-13,622.88,residential,India
1,2049-10-14,642.57,residential,India
1,2049-10-15,619.88,residential,India
1,2049-10-16,633.26,residential,India
1,2049-10-17,645.41,residential,India
1,2049-10-18,648.7,residential,India
1,2049-10-19,629.99,residential,India
1,2049-10-20,613.27,residential,India
1,2049-10-21,632.71,residential,India
1,2049-10-22,625.0,residential,India
1,2049-10-23,628.2,residential,India
1,2049-10-24,641.9,residential,India
1,2049-10-25,634.53,residential,India
1,2049-10-26,666.64,residential,India
1,2049-10-27,636.06,residential,India
1,2049-10-28,634.96,residential,India
1,2049-10-29,609.76,residential,India
1,2049-10-30,641.82,residential,India
1,2049-10-31,669.8,residential,India
1,2049-11-01,627.31,residential,India
1,2049-11-02,659.14,residential,India
1,2049-11-03,630.7,residential,India
1,2049-11-04,621.37,residential,India
1,2049-11-05,626.17,residential,India
1,2049-11-06,665.28,residential,India
1,2049-11-07,643.82,residential,India
1,2049-11-08,632.84,residential,India
1,2049-11-09,616.06,residential,India
1,2049-11-10,645.58,residential,India
1,2049-11-11,587.87,residential,India
1,2049-11-12,650.5,residential,India
1,2049-11-13,650.67,residential,India
1,2049-11-14,616.77,residential,India
1,2049-11-15,610.14,residential,India
1,2049-11-16,626.49,residential,India
1,2049-11-17,616.95,residential,India
1,2049-11-18,628.66,residential,India
1,2049-11-19,652.76,residential,India
1,2049-11-20,645.43,residential,India
1,2049-11-21,619.12,residential,India
1,2049-11-22,634.05,residential,India
1,2049-11-23,592.72,residential,India
1,2049-11-24,641.61,residential,India
1,2049-11-25,642.27,residential,India
1,2049-11-26,611.33,residential,India
1,2049-11-27,667.13,residential,India
1,2049-11-28,623.95,residential,India
1,2049-11-29,627.7,residential,India
1,2049-11-30,660.41,residential,India
1,2049-12-01,624.54,residential,India
1,2049-12-02,614.1,residential,India
1,2049-12-03,633.12,residential,India
1,2049-12-04,629.68,residential,India
1,2049-12-05,624.43,residential,India
1,2049-12-06,604.79,residential,India
1,2049-12-07,625.64,residential,India
1,2049-12-08,666.86,residential,India
1,2049-12-09,606.36,residential,India
1,2049-12-10,630.31,residential,India
1,2049-12-11,645.26,residential,India
1,2049-12-12,625.88,residential,India
1,2049-12-13,632.22,residential,India
1,2049-12-14,595.41,residential,India
1,2049-12-15,616.2,residential,India
1,2049-12-16,598.39,residential,India
1,2049-12-17,639.36,residential,India
1,2049-12-18,656.57,residential,India
1,2049-12-19,604.14,residential,India
1,2049-12-20,643.6,residential,India
1,2049-12-21,627.92,residential,India
1,2049-12-22,613.56,residential,India
1,2049-12-23,650.5,residential,India
1,2049-12-24,643.23,residential,India
1,2049-12-25,634.57,residential,India
1,2049-12-26,617.33,residential,India
1,2049-12-27,624.99,residential,India
1,2049-12-28,639.44,residential,India
1,2049-12-29,613.63,residential,India
1,2049-12-30,658.37,residential,India
1,2049-12-31,631.63,residential,India
1,2050-01-01,637.13,residential,India
1,2050-01-02,629.21,residential,India
1,2050-01-03,628.72,residential,India
1,2050-01-04,653.07,residential,India
1,2050-01-05,587.35,residential,India
1,2050-01-06,655.85,residential,India
1,2050-01-07,657.89,residential,India
1,2050-01-08,627.66,residential,India
1,2050-01-09,609.66,residential,India
1,2050-01-10,623.66,residential,India
1,2050-01-11,586.47,residential,India
1,2050-01-12,656.34,residential,India
1,2050-01-13,642.94,residential,India
1,2050-01-14,622.96,residential,India
1,2050-01-15,635.41,residential,India
1,2050-01-16,619.83,residential,India
1,2050-01-17,672.95,residential,India
1,2050-01-18,624.43,residential,India
1,2050-01-19,590.77,residential,India
1,2050-01-20,644.15,residential,India
1,2050-01-21,662.32,residential,India
1,2050-01-22,630.33,residential,India
1,2050-01-23,638.89,residential,India
1,2050-01-24,621.67,residential,India
1,2050-01-25,613.28,residential,India
1,2050-01-26,621.94,residential,India
1,2050-01-27,594.26,residential,India
1,2050-01-28,625.93,residential,India
1,2050-01-29,569.35,residential,India
1,2050-01-30,608.88,residential,India
1,2050-01-31,621.53,residential,India
1,2050-02-01,620.17,residential,India
1,2050-02-02,627.4,residential,India
1,2050-02-03,596.11,residential,India
1,2050-02-04,644.22,residential,India
1,2050-02-05,628.77,residential,India
1,2050-02-06,595.97,residential,India
1,2050-02-07,620.56,residential,India
1,2050-02-08,609.13,residential,India
1,2050-02-09,617.58,residential,India
1,2050-02-10,573.89,residential,India
1,2050-02-11,579.61,residential,India
1,2050-02-12,649.51,residential,India
1,2050-02-13,613.67,residential,India
1,2050-02-14,626.76,residential,India
1,2050-02-15,609.43,residential,India
1,2050-02-16,625.82,residential,India
1,2050-02-17,597.33,residential,India
1,2050-02-18,602.43,residential,India
1,2050-02-19,612.59,residential,India
1,2050-02-20,642.06,residential,India
1,2050-02-21,661.76,residential,India
1,2050-02-22,600.41,residential,India
1,2050-02-23,582.43,residential,India
1,2050-02-24,618.81,residential,India
1,2050-02-25,579.04,residential,India
1,2050-02-26,593.89,residential,India
1,2050-02-27,612.23,residential,India
1,2050-02-28,605.55,residential,India
1,2050-03-01,625.14,residential,India
1,2050-03-02,635.01,residential,India
1,2050-03-03,602.87,residential,India
1,2050-03-04,598.19,residential,India
1,2050-03-05,620.03,residential,India
1,2050-03-06,605.07,residential,India
1,2050-03-07,631.49,residential,India
1,2050-03-08,624.63,residential,India
1,2050-03-09,608.7,residential,India
1,2050-03-10,607.07,residential,India
1,2050-03-11,605.51,residential,India
1,2050-03-12,591.09,residential,India
1,2050-03-13,589.34,residential,India
1,2050-03-14,574.14,residential,India
1,2050-03-15,625.58,residential,India
1,2050-03-16,595.33,residential,India
1,2050-03-17,611.87,residential,India
1,2050-03-18,604.7,residential,India
1,2050-03-19,579.23,residential,India
1,2050-03-20,604.23,residential,India
1,2050-03-21,632.64,residential,India
1,2050-03-22,611.37,residential,India
1,2050-03-23,594.39,residential,India
1,2050-03-24,626.51,residential,India
1,2050-03-25,616.42,residential,India
1,2050-03-26,614.76,residential,India
1,2050-03-27,657.29,residential,India
1,2050-03-28,618.12,residential,India
1,2050-03-29,605.49,residential,India
1,2050-03-30,610.65,residential,India
1,2050-03-31,596.38,residential,India
1,2050-04-01,617.04,residential,India
1,2050-04-02,599.27,residential,India
1,2050-04-03,601.52,residential,India
1,2050-04-04,614.99,residential,India
1,2050-04-05,601.17,residential,India
1,2050-04-06,618.76,residential,India
1,2050-04-07,607.45,residential,India
1,2050-04-08,607.28,residential,India
1,2050-04-09,596.25,residential,India
1,2050-04-10,637.52,residential,India
1,2050-04-11,618.45,residential,India
1,2050-04-12,607.13,residential,India
1,2050-04-13,584.92,residential,India
1,2050-04-14,609.31,residential,India
1,2050-04-15,589.02,residential,India
1,2050-04-16,590.54,residential,India
1,2050-04-17,594.59,residential,India
1,2050-04-18,592.72,residential,India
1,2050-04-19,607.57,residential,India
1,2050-04-20,588.87,residential,India
1,2050-04-21,574.43,residential,India
1,2050-04-22,601.15,residential,India
1,2050-04-23,673.0,residential,India
1,2050-04-24,616.79,residential,India
1,2050-04-25,655.19,residential,India
1,2050-04-26,620.75,residential,India
1,2050-04-27,637.38,residential,India
1,2050-04-28,608.23,residential,India
1,2050-04-29,602.57,residential,India
1,2050-04-30,563.54,residential,India
1,2050-05-01,607.49,residential,India
1,2050-05-02,572.38,residential,India
1,2050-05-03,612.57,residential,India
1,2050-05-04,613.04,residential,India
1,2050-05-05,606.81,residential,India
1,2050-05-06,597.71,residential,India
1,2050-05-07,611.59,residential,India
1,2050-05-08,593.23,residential,India
1,2050-05-09,599.61,residential,India
1,2050-05-10,619.5,residential,India
1,2050-05-11,581.63,residential,India
1,2050-05-12,612.55,residential,India
1,2050-05-13,625.03,residential,India
1,2050-05-14,600.27,residential,India
1,2050-05-15,592.47,residential,India
1,2050-05-16,579.48,residential,India
1,2050-05-17,626.8,residential,India
1,2050-05-18,594.07,residential,India
1,2050-05-19,614.16,residential,India
1,2050-05-20,558.7,residential,India
1,2050-05-21,617.33,residential,India
1,2050-05-22,620.45,residential,India
1,2050-05-23,584.21,residential,India
1,2050-05-24,650.01,residential,India
1,2050-05-25,606.62,residential,India
1,2050-05-26,652.14,residential,India
1,2050-05-27,621.95,residential,India
1,2050-05-28,612.26,residential,India
1,2050-05-29,605.32,residential,India
1,2050-05-30,594.74,residential,India
1,2050-05-31,592.69,residential,India
1,2050-06-01,608.01,residential,India
1,2050-06-02,581.58,residential,India
1,2050-06-03,619.88,residential,India
1,2050-06-04,621.49,residential,India
1,2050-06-05,573.13,residential,India
1,2050-06-06,578.65,residential,India
1,2050-06-07,605.38,residential,India
1,2050-06-08,572.66,residential,India
1,2050-06-09,600.86,residential,India
1,2050-06-10,591.66,residential,India
1,2050-06-11,601.65,residential,India
1,2050-06-12,594.39,residential,India
1,2050-06-13,620.0,residential,India
1,2050-06-14,581.84,residential,India
1,2050-06-15,608.08,residential,India
1,2050-06-16,605.62,residential,India
1,2050-06-17,624.13,residential,India
1,2050-06-18,635.21,residential,India
1,2050-06-19,593.9,residential,India
1,2050-06-20,597.81,residential,India
1,2050-06-21,645.07,residential,India
1,2050-06-22,555.46,residential,India
1,2050-06-23,635.44,residential,India
1,2050-06-24,599.58,residential,India
1,2050-06-25,613.02,residential,India
1,2050-06-26,596.83,residential,India
1,2050-06-27,630.59,residential,India
1,2050-06-28,607.54,residential,India
1,2050-06-29,622.17,residential,India
1,2050-06-30,614.6,residential,India
1,2050-07-01,581.41,residential,India
1,2050-07-02,611.84,residential,India
1,2050-07-03,595.57,residential,India
1,2050-07-04,578.89,residential,India
1,2050-07-05,603.78,residential,India
1,2050-07-06,597.99,residential,India
1,2050-07-07,603.38,residential,India
1,2050-07-08,586.69,residential,India
1,2050-07-09,601.53,residential,India
1,2050-07-10,614.66,residential,India
1,2050-07-11,649.65,residential,India
1,2050-07-12,616.6,residential,India
1,2050-07-13,614.5,residential,India
1,2050-07-14,594.63,residential,India
1,2050-07-15,599.28,residential,India
1,2050-07-16,587.25,residential,India
1,2050-07-17,607.4,residential,India
1,2050-07-18,643.6,residential,India
1,2050-07-19,642.17,residential,India
1,2050-07-20,588.92,residential,India
1,2050-07-21,609.49,residential,India
1,2050-07-22,556.66,residential,India
1,2050-07-23,578.45,residential,India
1,2050-07-24,591.53,residential,India
1,2050-07-25,593.06,residential,India
1,2050-07-26,608.62,residential,India
1,2050-07-27,561.31,residential,India
1,2050-07-28,635.02,residential,India
1,2050-07-29,589.67,residential,India
1,2050-07-30,586.47,residential,India
1,2050-07-31,592.92,residential,India
1,2050-08-01,600.86,residential,India
1,2050-08-02,591.39,residential,India
1,2050-08-03,611.11,residential,India
1,2050-08-04,601.58,residential,India
1,2050-08-05,591.67,residential,India
1,2050-08-06,572.25,residential,India
1,2050-08-07,604.59,residential,India
1,2050-08-08,586.5,residential,India
1,2050-08-09,584.57,residential,India
1,2050-08-10,614.34,residential,India
1,2050-08-11,593.25,residential,India
1,2050-08-12,630.38,residential,India
1,2050-08-13,637.34,residential,India
1,2050-08-14,584.65,residential,India
1,2050-08-15,621.6,residential,India
1,2050-08-16,610.89,residential,India
1,2050-08-17,601.62,residential,India
1,2050-08-18,606.46,residential,India
1,2050-08-19,614.01,residential,India
1,2050-08-20,582.68,residential,India
1,2050-08-21,647.98,residential,India
1,2050-08-22,599.87,residential,India
1,2050-08-23,601.87,residential,India
1,2050-08-24,609.08,residential,India
1,2050-08-25,573.46,residential,India
1,2050-08-26,590.0,residential,India
1,2050-08-27,595.6,residential,India
1,2050-08-28,591.59,residential,India
1,2050-08-29,612.26,residential,India
1,2050-08-30,598.86,residential,India
1,2050-08-31,604.31,residential,India
1,2050-09-01,603.52,residential,India
1,2050-09-02,601.85,residential,India
1,2050-09-03,570.05,residential,India
1,2050-09-04,593.75,residential,India
1,2050-09-05,613.53,residential,India
1,2050-09-06,593.1,residential,India
1,2050-09-07,599.42,residential,India
1,2050-09-08,590.16,residential,India
1,2050-09-09,582.42,residential,India
1,2050-09-10,609.0,residential,India
1,2050-09-11,575.0,residential,India
1,2050-09-12,606.34,residential,India
1,2050-09-13,579.95,residential,India
1,2050-09-14,598.77,residential,India
1,2050-09-15,611.47,residential,India
1,2050-09-16,596.01,residential,India
1,2050-09-17,614.77,residential,India
1,2050-09-18,595.83,residential,India
1,2050-09-19,557.65,residential,India
1,2050-09-20,614.63,residential,India
1,2050-09-21,600.07,residential,India
1,2050-09-22,608.54,residential,India
1,2050-09-23,609.41,residential,India
1,2050-09-24,600.2,residential,India
1,2050-09-25,583.07,residential,India
1,2050-09-26,573.75,residential,India
1,2050-09-27,568.49,residential,India
1,2050-09-28,562.91,residential,India
1,2050-09-29,566.63,residential,India
1,2050-09-30,566.94,residential,India
1,2050-10-01,595.05,residential,India
1,2050-10-02,593.85,residential,India
1,2050-10-03,575.81,residential,India
1,2050-10-04,596.27,residential,India
1,2050-10-05,568.4,residential,India
1,2050-10-06,580.81,residential,India
1,2050-10-07,590.18,residential,India
1,2050-10-08,608.91,residential,India
1,2050-10-09,567.98,residential,India
1,2050-10-10,563.29,residential,India
1,2050-10-11,563.61,residential,India
1,2050-10-12,572.52,residential,India
1,2050-10-13,608.94,residential,India
1,2050-10-14,568.49,residential,India
1,2050-10-15,584.12,residential,India
1,2050-10-16,592.96,residential,India
1,2050-10-17,597.99,residential,India
1,2050-10-18,599.4,residential,India
1,2050-10-19,580.55,residential,India
1,2050-10-20,604.42,residential,India
1,2050-10-21,587.05,residential,India
1,2050-10-22,568.87,residential,India
1,2050-10-23,560.69,residential,India
1,2050-10-24,598.79,residential,India
1,2050-10-25,608.76,residential,India
1,2050-10-26,576.57,residential,India
1,2050-10-27,619.36,residential,India
1,2050-10-28,568.88,residential,India
1,2050-10-29,597.48,residential,India
1,2050-10-30,605.81,residential,India
1,2050-10-31,586.26,residential,India
1,2050-11-01,609.94,residential,India
1,2050-11-02,618.62,residential,India
1,2050-11-03,582.45,residential,India
1,2050-11-04,607.75,residential,India
1,2050-11-05,577.85,residential,India
1,2050-11-06,576.6,residential,India
1,2050-11-07,593.63,residential,India
1,2050-11-08,589.78,residential,India
1,2050-11-09,591.4,residential,India
1,2050-11-10,578.6,residential,India
1,2050-11-11,624.42,residential,India
1,2050-11-12,560.96,residential,India
1,2050-11-13,579.34,residential,India
1,2050-11-14,613.92,residential,India
1,2050-11-15,590.9,residential,India
1,2050-11-16,576.69,residential,India
1,2050-11-17,577.21,residential,India
1,2050-11-18,590.29,residential,India
1,2050-11-19,575.97,residential,India
1,2050-11-20,559.58,residential,India
1,2050-11-21,605.63,residential,India
1,2050-11-22,599.15,residential,India
1,2050-11-23,611.44,residential,India
1,2050-11-24,578.89,residential,India
1,2050-11-25,605.71,residential,India
1,2050-11-26,595.13,residential,India
1,2050-11-27,615.87,residential,India
1,2050-11-28,570.53,residential,India
1,2050-11-29,573.96,residential,India
1,2050-11-30,559.73,residential,India
1,2050-12-01,589.26,residential,India
1,2050-12-02,586.25,residential,India
1,2050-12-03,579.79,residential,India
1,2050-12-04,595.92,residential,India
1,2050-12-05,569.36,residential,India
1,2050-12-06,566.76,residential,India
1,2050-12-07,575.9,residential,India
1,2050-12-08,604.2,residential,India
1,2050-12-09,545.34,residential,India
1,2050-12-10,569.94,residential,India
1,2050-12-11,584.46,residential,India
1,2050-12-12,580.33,residential,India
1,2050-12-13,560.32,residential,India
1,2050-12-14,581.57,residential,India
1,2050-12-15,567.87,residential,India
1,2050-12-16,625.23,residential,India
1,2050-12-17,588.74,residential,India
1,2050-12-18,590.97,residential,India
1,2050-12-19,607.81,residential,India
1,2050-12-20,572.68,residential,India
1,2050-12-21,553.96,residential,India
1,2050-12-22,579.77,residential,India
1,2050-12-23,589.39,residential,India
1,2050-12-24,616.38,residential,India
1,2050-12-25,580.68,residential,India
1,2050-12-26,583.45,residential,India
1,2050-12-27,586.06,residential,India
1,2050-12-28,619.55,residential,India
1,2050-12-29,564.86,residential,India
1,2050-12-30,577.68,residential,India
1,2050-12-31,559.74,residential,India
1,2051-01-01,554.38,residential,India
1,2051-01-02,613.9,residential,India
1,2051-01-03,596.12,residential,India
1,2051-01-04,567.06,residential,India
1,2051-01-05,600.19,residential,India
1,2051-01-06,606.32,residential,India
1,2051-01-07,541.74,residential,India
1,2051-01-08,587.04,residential,India
1,2051-01-09,621.53,residential,India
1,2051-01-10,558.22,residential,India
1,2051-01-11,576.63,residential,India
1,2051-01-12,580.73,residential,India
1,2051-01-13,607.17,residential,India
1,2051-01-14,563.57,residential,India
1,2051-01-15,575.4,residential,India
1,2051-01-16,576.54,residential,India
1,2051-01-17,590.26,residential,India
1,2051-01-18,599.76,residential,India
1,2051-01-19,600.01,residential,India
1,2051-01-20,578.64,residential,India
1,2051-01-21,583.05,residential,India
1,2051-01-22,576.29,residential,India
1,2051-01-23,592.29,residential,India
1,2051-01-24,567.93,residential,India
1,2051-01-25,587.42,residential,India
1,2051-01-26,563.41,residential,India
1,2051-01-27,602.44,residential,India
1,2051-01-28,550.88,residential,India
1,2051-01-29,592.44,residential,India
1,2051-01-30,569.79,residential,India
1,2051-01-31,559.35,residential,India
1,2051-02-01,628.15,residential,India
1,2051-02-02,533.94,residential,India
1,2051-02-03,565.56,residential,India
1,2051-02-04,568.02,residential,India
1,2051-02-05,586.41,residential,India
1,2051-02-06,576.32,residential,India
1,2051-02-07,610.79,residential,India
1,2051-02-08,599.79,residential,India
1,2051-02-09,556.66,residential,India
1,2051-02-10,584.19,residential,India
1,2051-02-11,576.99,residential,India
1,2051-02-12,575.4,residential,India
1,2051-02-13,542.22,residential,India
1,2051-02-14,564.88,residential,India
1,2051-02-15,561.96,residential,India
1,2051-02-16,600.82,residential,India
1,2051-02-17,555.27,residential,India
1,2051-02-18,583.78,residential,India
1,2051-02-19,592.99,residential,India
1,2051-02-20,579.31,residential,India
1,2051-02-21,589.07,residential,India
1,2051-02-22,563.6,residential,India
1,2051-02-23,569.5,residential,India
1,2051-02-24,591.21,residential,India
1,2051-02-25,593.25,residential,India
1,2051-02-26,580.77,residential,India
1,2051-02-27,602.01,residential,India
1,2051-02-28,569.7,residential,India
1,2051-03-01,565.66,residential,India
1,2051-03-02,559.37,residential,India
1,2051-03-03,566.3,residential,India
1,2051-03-04,595.11,residential,India
1,2051-03-05,568.55,residential,India
1,2051-03-06,540.37,residential,India
1,2051-03-07,590.63,residential,India
1,2051-03-08,561.02,residential,India
1,2051-03-09,613.36,residential,India
1,2051-03-10,612.69,residential,India
1,2051-03-11,594.96,residential,India
1,2051-03-12,574.45,residential,India
1,2051-03-13,625.56,residential,India
1,2051-03-14,568.33,residential,India
1,2051-03-15,550.74,residential,India
1,2051-03-16,568.33,residential,India
1,2051-03-17,567.11,residential,India
1,2051-03-18,554.74,residential,India
1,2051-03-19,586.19,residential,India
1,2051-03-20,582.65,residential,India
1,2051-03-21,587.69,residential,India
1,2051-03-22,633.8,residential,India
1,2051-03-23,595.43,residential,India
1,2051-03-24,559.77,residential,India
1,2051-03-25,615.06,residential,India
1,2051-03-26,561.21,residential,India
1,2051-03-27,568.33,residential,India
1,2051-03-28,609.01,residential,India
1,2051-03-29,553.76,residential,India
1,2051-03-30,587.55,residential,India
1,2051-03-31,548.99,residential,India
1,2051-04-01,573.7,residential,India
1,2051-04-02,571.96,residential,India
1,2051-04-03,623.05,residential,India
1,2051-04-04,571.55,residential,India
1,2051-04-05,548.7,residential,India
1,2051-04-06,586.72,residential,India
1,2051-04-07,581.51,residential,India
1,2051-04-08,590.71,residential,India
1,2051-04-09,565.28,residential,India
1,2051-04-10,555.45,residential,India
1,2051-04-11,559.42,residential,India
1,2051-04-12,562.7,residential,India
1,2051-04-13,539.34,residential,India
1,2051-04-14,564.3,residential,India
1,2051-04-15,547.36,residential,India
1,2051-04-16,577.03,residential,India
1,2051-04-17,592.48,residential,India
1,2051-04-18,573.58,residential,India
1,2051-04-19,604.33,residential,India
1,2051-04-20,581.31,residential,India
1,2051-04-21,589.6,residential,India
1,2051-04-22,570.78,residential,India
1,2051-04-23,569.96,residential,India
1,2051-04-24,551.63,residential,India
1,2051-04-25,570.56,residential,India
1,2051-04-26,574.08,residential,India
1,2051-04-27,617.93,residential,India
1,2051-04-28,566.97,residential,India
1,2051-04-29,581.96,residential,India
1,2051-04-30,566.2,residential,India
1,2051-05-01,589.98,residential,India
1,2051-05-02,558.79,residential,India
1,2051-05-03,562.47,residential,India
1,2051-05-04,645.18,residential,India
1,2051-05-05,591.98,residential,India
1,2051-05-06,586.21,residential,India
1,2051-05-07,571.25,residential,India
1,2051-05-08,571.0,residential,India
1,2051-05-09,624.25,residential,India
1,2051-05-10,568.16,residential,India
1,2051-05-11,558.32,residential,India
1,2051-05-12,609.96,residential,India
1,2051-05-13,580.07,residential,India
1,2051-05-14,585.79,residential,India
1,2051-05-15,556.68,residential,India
1,2051-05-16,597.53,residential,India
1,2051-05-17,567.63,residential,India
1,2051-05-18,589.9,residential,India
1,2051-05-19,549.17,residential,India
1,2051-05-20,563.54,residential,India
1,2051-05-21,583.18,residential,India
1,2051-05-22,578.1,residential,India
1,2051-05-23,575.6,residential,India
1,2051-05-24,574.6,residential,India
1,2051-05-25,576.28,residential,India
1,2051-05-26,574.81,residential,India
1,2051-05-27,592.28,residential,India
1,2051-05-28,575.69,residential,India
1,2051-05-29,585.1,residential,India
1,2051-05-30,566.55,residential,India
1,2051-05-31,579.28,residential,India
1,2051-06-01,614.99,residential,India
1,2051-06-02,581.05,residential,India
1,2051-06-03,551.9,residential,India
1,2051-06-04,600.38,residential,India
1,2051-06-05,567.08,residential,India
1,2051-06-06,543.97,residential,India
1,2051-06-07,582.21,residential,India
1,2051-06-08,575.11,residential,India
1,2051-06-09,603.91,residential,India
1,2051-06-10,542.69,residential,India
1,2051-06-11,521.05,residential,India
1,2051-06-12,569.99,residential,India
1,2051-06-13,592.21,residential,India
1,2051-06-14,575.55,residential,India
1,2051-06-15,558.27,residential,India
1,2051-06-16,559.8,residential,India
1,2051-06-17,587.01,residential,India
1,2051-06-18,605.97,residential,India
1,2051-06-19,574.86,residential,India
1,2051-06-20,583.42,residential,India
1,2051-06-21,603.86,residential,India
1,2051-06-22,597.28,residential,India
1,2051-06-23,591.11,residential,India
1,2051-06-24,561.69,residential,India
1,2051-06-25,581.35,residential,India
1,2051-06-26,589.48,residential,India
1,2051-06-27,591.19,residential,India
1,2051-06-28,560.67,residential,India
1,2051-06-29,556.33,residential,India
1,2051-06-30,539.62,residential,India
1,2051-07-01,532.32,residential,India
1,2051-07-02,607.06,residential,India
1,2051-07-03,568.61,residential,India
1,2051-07-04,578.74,residential,India
1,2051-07-05,580.9,residential,India
1,2051-07-06,585.94,residential,India
1,2051-07-07,606.39,residential,India
1,2051-07-08,605.75,residential,India
1,2051-07-09,550.69,residential,India
1,2051-07-10,600.36,residential,India
1,2051-07-11,578.45,residential,India
1,2051-07-12,567.42,residential,India
1,2051-07-13,579.28,residential,India
1,2051-07-14,599.56,residential,India
1,2051-07-15,604.43,residential,India
1,2051-07-16,612.98,residential,India
1,2051-07-17,589.67,residential,India
1,2051-07-18,600.83,residential,India
1,2051-07-19,572.71,residential,India
1,2051-07-20,596.96,residential,India
1,2051-07-21,575.83,residential,India
1,2051-07-22,552.97,residential,India
1,2051-07-23,570.17,residential,India
1,2051-07-24,566.65,residential,India
1,2051-07-25,602.09,residential,India
1,2051-07-26,551.69,residential,India
1,2051-07-27,568.1,residential,India
1,2051-07-28,592.6,residential,India
1,2051-07-29,596.03,residential,India
1,2051-07-30,613.03,residential,India
1,2051-07-31,578.0,residential,India
1,2051-08-01,570.62,residential,India
1,2051-08-02,611.04,residential,India
1,2051-08-03,584.02,residential,India
1,2051-08-04,604.95,residential,India
1,2051-08-05,575.28,residential,India
1,2051-08-06,558.72,residential,India
1,2051-08-07,574.52,residential,India
1,2051-08-08,600.98,residential,India
1,2051-08-09,581.62,residential,India
1,2051-08-10,609.85,residential,India
1,2051-08-11,552.04,residential,India
1,2051-08-12,577.81,residential,India
1,2051-08-13,573.79,residential,India
1,2051-08-14,571.57,residential,India
1,2051-08-15,588.04,residential,India
1,2051-08-16,554.01,residential,India
1,2051-08-17,560.14,residential,India
1,2051-08-18,575.21,residential,India
1,2051-08-19,563.25,residential,India
1,2051-08-20,620.38,residential,India
1,2051-08-21,573.96,residential,India
1,2051-08-22,577.9,residential,India
1,2051-08-23,566.09,residential,India
1,2051-08-24,581.87,residential,India
1,2051-08-25,593.39,residential,India
1,2051-08-26,577.64,residential,India
1,2051-08-27,583.59,residential,India
1,2051-08-28,574.09,residential,India
1,2051-08-29,572.56,residential,India
1,2051-08-30,598.8,residential,India
1,2051-08-31,569.06,residential,India
1,2051-09-01,530.11,residential,India
1,2051-09-02,540.19,residential,India
1,2051-09-03,594.56,residential,India
1,2051-09-04,599.26,residential,India
1,2051-09-05,570.34,residential,India
1,2051-09-06,605.23,residential,India
1,2051-09-07,574.69,residential,India
1,2051-09-08,567.27,residential,India
1,2051-09-09,604.48,residential,India
1,2051-09-10,558.6,residential,India
1,2051-09-11,597.91,residential,India
1,2051-09-12,584.97,residential,India
1,2051-09-13,576.42,residential,India
1,2051-09-14,587.51,residential,India
1,2051-09-15,599.18,residential,India
1,2051-09-16,569.81,residential,India
1,2051-09-17,602.99,residential,India
1,2051-09-18,569.87,residential,India
1,2051-09-19,560.53,residential,India
1,2051-09-20,593.72,residential,India
1,2051-09-21,581.28,residential,India
1,2051-09-22,602.77,residential,India
1,2051-09-23,586.9,residential,India
1,2051-09-24,600.8,residential,India
1,2051-09-25,589.98,residential,India
1,2051-09-26,613.82,residential,India
1,2051-09-27,571.11,residential,India
1,2051-09-28,558.44,residential,India
1,2051-09-29,590.25,residential,India
1,2051-09-30,579.64,residential,India
1,2051-10-01,578.63,residential,India
1,2051-10-02,590.96,residential,India
1,2051-10-03,583.46,residential,India
1,2051-10-04,547.09,residential,India
1,2051-10-05,571.91,residential,India
1,2051-10-06,587.53,residential,India
1,2051-10-07,583.29,residential,India
1,2051-10-08,605.63,residential,India
1,2051-10-09,578.01,residential,India
1,2051-10-10,617.66,residential,India
1,2051-10-11,595.33,residential,India
1,2051-10-12,595.79,residential,India
1,2051-10-13,599.59,residential,India
1,2051-10-14,615.17,residential,India
1,2051-10-15,585.27,residential,India
1,2051-10-16,593.89,residential,India
1,2051-10-17,608.75,residential,India
1,2051-10-18,613.89,residential,India
1,2051-10-19,588.13,residential,India
1,2051-10-20,596.99,residential,India
1,2051-10-21,565.18,residential,India
1,2051-10-22,610.83,residential,India
1,2051-10-23,591.23,residential,India
1,2051-10-24,592.15,residential,India
1,2051-10-25,608.94,residential,India
1,2051-10-26,585.02,residential,India
1,2051-10-27,561.65,residential,India
1,2051-10-28,590.12,residential,India
1,2051-10-29,580.88,residential,India
1,2051-10-30,581.35,residential,India
1,2051-10-31,588.19,residential,India
1,2051-11-01,560.38,residential,India
1,2051-11-02,625.24,residential,India
1,2051-11-03,571.1,residential,India
1,2051-11-04,591.79,residential,India
1,2051-11-05,566.28,residential,India
1,2051-11-06,562.56,residential,India
1,2051-11-07,608.61,residential,India
1,2051-11-08,612.49,residential,India
1,2051-11-09,602.95,residential,India
1,2051-11-10,603.34,residential,India
1,2051-11-11,582.04,residential,India
1,2051-11-12,559.06,residential,India
1,2051-11-13,591.5,residential,India
1,2051-11-14,618.8,residential,India
1,2051-11-15,596.56,residential,India
1,2051-11-16,595.42,residential,India
1,2051-11-17,578.71,residential,India
1,2051-11-18,586.31,residential,India
1,2051-11-19,596.8,residential,India
1,2051-11-20,538.27,residential,India
1,2051-11-21,626.18,residential,India
1,2051-11-22,570.05,residential,India
1,2051-11-23,589.04,residential,India
1,2051-11-24,603.02,residential,India
1,2051-11-25,594.06,residential,India
1,2051-11-26,564.67,residential,India
1,2051-11-27,603.99,residential,India
1,2051-11-28,607.34,residential,India
1,2051-11-29,557.55,residential,India
1,2051-11-30,570.84,residential,India
1,2051-12-01,577.94,residential,India
1,2051-12-02,585.68,residential,India
1,2051-12-03,591.34,residential,India
1,2051-12-04,601.85,residential,India
1,2051-12-05,581.4,residential,India
1,2051-12-06,595.97,residential,India
1,2051-12-07,561.47,residential,India
1,2051-12-08,600.25,residential,India
1,2051-12-09,602.16,residential,India
1,2051-12-10,550.63,residential,India
1,2051-12-11,599.99,residential,India
1,2051-12-12,592.43,residential,India
1,2051-12-13,604.33,residential,India
1,2051-12-14,572.42,residential,India
1,2051-12-15,602.1,residential,India
1,2051-12-16,568.18,residential,India
1,2051-12-17,616.02,residential,India
1,2051-12-18,561.49,residential,India
1,2051-12-19,614.77,residential,India
1,2051-12-20,594.81,residential,India
1,2051-12-21,618.27,residential,India
1,2051-12-22,584.18,residential,India
1,2051-12-23,603.47,residential,India
1,2051-12-24,586.87,residential,India
1,2051-12-25,562.84,residential,India
1,2051-12-26,598.24,residential,India
1,2051-12-27,587.65,residential,India
1,2051-12-28,567.49,residential,India
1,2051-12-29,584.37,residential,India
1,2051-12-30,572.13,residential,India
1,2051-12-31,582.58,residential,India
1,2052-01-01,584.76,residential,India
1,2052-01-02,589.03,residential,India
1,2052-01-03,585.9,residential,India
1,2052-01-04,531.9,residential,India
1,2052-01-05,569.6,residential,India
1,2052-01-06,612.51,residential,India
1,2052-01-07,563.71,residential,India
1,2052-01-08,578.44,residential,India
1,2052-01-09,604.42,residential,India
1,2052-01-10,600.74,residential,India
1,2052-01-11,601.27,residential,India
1,2052-01-12,584.86,residential,India
1,2052-01-13,585.45,residential,India
1,2052-01-14,608.26,residential,India
1,2052-01-15,582.39,residential,India
1,2052-01-16,597.63,residential,India
1,2052-01-17,592.67,residential,India
1,2052-01-18,584.78,residential,India
1,2052-01-19,582.86,residential,India
1,2052-01-20,588.84,residential,India
1,2052-01-21,565.86,residential,India
1,2052-01-22,615.54,residential,India
1,2052-01-23,630.34,residential,India
1,2052-01-24,601.66,residential,India
1,2052-01-25,606.35,residential,India
1,2052-01-26,588.04,residential,India
1,2052-01-27,592.52,residential,India
1,2052-01-28,582.94,residential,India
1,2052-01-29,568.95,residential,India
1,2052-01-30,625.22,residential,India
1,2052-01-31,578.98,residential,India
1,2052-02-01,608.57,residential,India
1,2052-02-02,542.92,residential,India
1,2052-02-03,617.11,residential,India
1,2052-02-04,579.21,residential,India
1,2052-02-05,606.54,residential,India
1,2052-02-06,549.95,residential,India
1,2052-02-07,565.38,residential,India
1,2052-02-08,615.45,residential,India
1,2052-02-09,599.48,residential,India
1,2052-02-10,573.38,residential,India
1,2052-02-11,607.3,residential,India
1,2052-02-12,602.6,residential,India
1,2052-02-13,574.9,residential,India
1,2052-02-14,593.67,residential,India
1,2052-02-15,628.49,residential,India
1,2052-02-16,607.39,residential,India
1,2052-02-17,577.22,residential,India
1,2052-02-18,597.86,residential,India
1,2052-02-19,575.54,residential,India
1,2052-02-20,657.43,residential,India
1,2052-02-21,588.3,residential,India
1,2052-02-22,594.96,residential,India
1,2052-02-23,578.76,residential,India
1,2052-02-24,598.03,residential,India
1,2052-02-25,585.19,residential,India
1,2052-02-26,612.3,residential,India
1,2052-02-27,633.94,residential,India
1,2052-02-28,599.83,residential,India
1,2052-02-29,587.33,residential,India
1,2052-03-01,574.02,residential,India
1,2052-03-02,591.17,residential,India
1,2052-03-03,601.36,residential,India
1,2052-03-04,564.34,residential,India
1,2052-03-05,604.15,residential,India
1,2052-03-06,603.43,residential,India
1,2052-03-07,591.31,residential,India
1,2052-03-08,595.3,residential,India
1,2052-03-09,572.62,residential,India
1,2052-03-10,644.57,residential,India
1,2052-03-11,633.53,residential,India
1,2052-03-12,578.74,residential,India
1,2052-03-13,594.41,residential,India
1,2052-03-14,611.82,residential,India
1,2052-03-15,622.68,residential,India
1,2052-03-16,590.56,residential,India
1,2052-03-17,576.83,residential,India
1,2052-03-18,599.85,residential,India
1,2052-03-19,635.92,residential,India
1,2052-03-20,612.35,residential,India
1,2052-03-21,597.01,residential,India
1,2052-03-22,588.75,residential,India
1,2052-03-23,577.1,residential,India
1,2052-03-24,574.43,residential,India
1,2052-03-25,585.57,residential,India
1,2052-03-26,601.67,residential,India
1,2052-03-27,624.42,residential,India
1,2052-03-28,585.56,residential,India
1,2052-03-29,606.43,residential,India
1,2052-03-30,576.13,residential,India
1,2052-03-31,593.4,residential,India
1,2052-04-01,613.52,residential,India
1,2052-04-02,559.65,residential,India
1,2052-04-03,616.99,residential,India
1,2052-04-04,633.93,residential,India
1,2052-04-05,605.78,residential,India
1,2052-04-06,597.58,residential,India
1,2052-04-07,615.17,residential,India
1,2052-04-08,607.89,residential,India
1,2052-04-09,593.63,residential,India
1,2052-04-10,578.55,residential,India
1,2052-04-11,607.22,residential,India
1,2052-04-12,600.46,residential,India
1,2052-04-13,645.61,residential,India
1,2052-04-14,617.89,residential,India
1,2052-04-15,605.33,residential,India
1,2052-04-16,596.89,residential,India
1,2052-04-17,608.09,residential,India
1,2052-04-18,620.41,residential,India
1,2052-04-19,620.16,residential,India
1,2052-04-20,599.02,residential,India
1,2052-04-21,619.38,residential,India
1,2052-04-22,609.23,residential,India
1,2052-04-23,583.32,residential,India
1,2052-04-24,611.34,residential,India
1,2052-04-25,571.05,residential,India
1,2052-04-26,583.48,residential,India
1,2052-04-27,601.32,residential,India
1,2052-04-28,605.63,residential,India
1,2052-04-29,622.93,residential,India
1,2052-04-30,620.37,residential,India
1,2052-05-01,592.58,residential,India
1,2052-05-02,594.51,residential,India
1,2052-05-03,600.29,residential,India
1,2052-05-04,619.97,residential,India
1,2052-05-05,604.12,residential,India
1,2052-05-06,646.79,residential,India
1,2052-05-07,563.94,residential,India
1,2052-05-08,626.39,residential,India
1,2052-05-09,614.39,residential,India
1,2052-05-10,595.31,residential,India
1,2052-05-11,622.83,residential,India
1,2052-05-12,605.14,residential,India
1,2052-05-13,623.99,residential,India
1,2052-05-14,592.33,residential,India
1,2052-05-15,588.65,residential,India
1,2052-05-16,613.1,residential,India
1,2052-05-17,593.77,residential,India
1,2052-05-18,636.31,residential,India
1,2052-05-19,642.46,residential,India
1,2052-05-20,631.17,residential,India
1,2052-05-21,633.04,residential,India
1,2052-05-22,587.93,residential,India
1,2052-05-23,607.66,residential,India
1,2052-05-24,626.49,residential,India
1,2052-05-25,607.58,residential,India
1,2052-05-26,628.63,residential,India
1,2052-05-27,634.93,residential,India
1,2052-05-28,593.43,residential,India
1,2052-05-29,620.87,residential,India
1,2052-05-30,646.46,residential,India
1,2052-05-31,569.09,residential,India
1,2052-06-01,598.58,residential,India
1,2052-06-02,656.54,residential,India
1,2052-06-03,630.5,residential,India
1,2052-06-04,600.15,residential,India
1,2052-06-05,585.37,residential,India
1,2052-06-06,616.48,residential,India
1,2052-06-07,611.35,residential,India
1,2052-06-08,612.94,residential,India
1,2052-06-09,599.53,residential,India
1,2052-06-10,613.4,residential,India
1,2052-06-11,624.71,residential,India
1,2052-06-12,632.14,residential,India
1,2052-06-13,594.63,residential,India
1,2052-06-14,620.57,residential,India
1,2052-06-15,641.56,residential,India
1,2052-06-16,609.77,residential,India
1,2052-06-17,641.65,residential,India
1,2052-06-18,651.72,residential,India
1,2052-06-19,618.58,residential,India
1,2052-06-20,629.23,residential,India
1,2052-06-21,629.77,residential,India
1,2052-06-22,633.33,residential,India
1,2052-06-23,617.42,residential,India
1,2052-06-24,602.28,residential,India
1,2052-06-25,589.76,residential,India
1,2052-06-26,607.48,residential,India
1,2052-06-27,656.02,residential,India
1,2052-06-28,586.63,residential,India
1,2052-06-29,664.6,residential,India
1,2052-06-30,636.8,residential,India
1,2052-07-01,626.58,residential,India
1,2052-07-02,634.55,residential,India
1,2052-07-03,621.33,residential,India
1,2052-07-04,595.4,residential,India
1,2052-07-05,584.65,residential,India
1,2052-07-06,639.67,residential,India
1,2052-07-07,619.35,residential,India
1,2052-07-08,619.71,residential,India
1,2052-07-09,593.98,residential,India
1,2052-07-10,627.19,residential,India
1,2052-07-11,613.72,residential,India
1,2052-07-12,625.69,residential,India
1,2052-07-13,636.23,residential,India
1,2052-07-14,632.17,residential,India
1,2052-07-15,633.71,residential,India
1,2052-07-16,620.68,residential,India
1,2052-07-17,619.93,residential,India
1,2052-07-18,625.99,residential,India
1,2052-07-19,608.81,residential,India
1,2052-07-20,631.69,residential,India
1,2052-07-21,613.31,residential,India
1,2052-07-22,598.77,residential,India
1,2052-07-23,601.96,residential,India
1,2052-07-24,624.4,residential,India
1,2052-07-25,641.72,residential,India
1,2052-07-26,655.29,residential,India
1,2052-07-27,650.72,residential,India
1,2052-07-28,605.49,residential,India
1,2052-07-29,652.52,residential,India
1,2052-07-30,629.71,residential,India
1,2052-07-31,570.64,residential,India
1,2052-08-01,622.07,residential,India
1,2052-08-02,625.38,residential,India
1,2052-08-03,608.98,residential,India
1,2052-08-04,657.4,residential,India
1,2052-08-05,650.53,residential,India
1,2052-08-06,655.29,residential,India
1,2052-08-07,616.5,residential,India
1,2052-08-08,630.7,residential,India
1,2052-08-09,629.07,residential,India
1,2052-08-10,634.8,residential,India
1,2052-08-11,654.91,residential,India
1,2052-08-12,614.74,residential,India
1,2052-08-13,650.44,residential,India
1,2052-08-14,634.27,residential,India
1,2052-08-15,686.22,residential,India
1,2052-08-16,619.05,residential,India
1,2052-08-17,620.24,residential,India
1,2052-08-18,613.93,residential,India
1,2052-08-19,642.06,residential,India
1,2052-08-20,636.86,residential,India
1,2052-08-21,626.06,residential,India
1,2052-08-22,649.94,residential,India
1,2052-08-23,613.2,residential,India
1,2052-08-24,640.98,residential,India
1,2052-08-25,572.2,residential,India
1,2052-08-26,630.36,residential,India
1,2052-08-27,641.27,residential,India
1,2052-08-28,627.11,residential,India
1,2052-08-29,636.05,residential,India
1,2052-08-30,619.39,residential,India
1,2052-08-31,626.6,residential,India
1,2052-09-01,622.51,residential,India
1,2052-09-02,641.8,residential,India
1,2052-09-03,619.0,residential,India
1,2052-09-04,621.1,residential,India
1,2052-09-05,601.28,residential,India
1,2052-09-06,630.25,residential,India
1,2052-09-07,640.71,residential,India
1,2052-09-08,607.58,residential,India
1,2052-09-09,651.34,residential,India
1,2052-09-10,679.13,residential,India
1,2052-09-11,626.1,residential,India
1,2052-09-12,614.94,residential,India
1,2052-09-13,650.32,residential,India
1,2052-09-14,617.93,residential,India
1,2052-09-15,601.35,residential,India
1,2052-09-16,626.14,residential,India
1,2052-09-17,613.77,residential,India
1,2052-09-18,646.57,residential,India
1,2052-09-19,639.53,residential,India
1,2052-09-20,647.21,residential,India
1,2052-09-21,662.53,residential,India
1,2052-09-22,646.3,residential,India
1,2052-09-23,642.8,residential,India
1,2052-09-24,631.21,residential,India
1,2052-09-25,637.49,residential,India
1,2052-09-26,611.76,residential,India
1,2052-09-27,642.29,residential,India
1,2052-09-28,643.54,residential,India
1,2052-09-29,625.01,residential,India
1,2052-09-30,597.52,residential,India
1,2052-10-01,596.79,residential,India
1,2052-10-02,632.87,residential,India
1,2052-10-03,650.63,residential,India
1,2052-10-04,637.59,residential,India
1,2052-10-05,636.31,residential,India
1,2052-10-06,609.01,residential,India
1,2052-10-07,653.06,residential,India
1,2052-10-08,633.53,residential,India
1,2052-10-09,642.69,residential,India
1,2052-10-10,644.31,residential,India
1,2052-10-11,671.25,residential,India
1,2052-10-12,637.71,residential,India
1,2052-10-13,581.56,residential,India
1,2052-10-14,645.08,residential,India
1,2052-10-15,641.53,residential,India
1,2052-10-16,655.0,residential,India
1,2052-10-17,642.81,residential,India
1,2052-10-18,658.88,residential,India
1,2052-10-19,619.34,residential,India
1,2052-10-20,626.29,residential,India
1,2052-10-21,619.29,residential,India
1,2052-10-22,649.72,residential,India
1,2052-10-23,658.32,residential,India
1,2052-10-24,646.44,residential,India
1,2052-10-25,677.44,residential,India
1,2052-10-26,588.68,residential,India
1,2052-10-27,633.44,residential,India
1,2052-10-28,661.09,residential,India
1,2052-10-29,641.07,residential,India
1,2052-10-30,624.6,residential,India
1,2052-10-31,652.22,residential,India
1,2052-11-01,640.77,residential,India
1,2052-11-02,658.36,residential,India
1,2052-11-03,652.94,residential,India
1,2052-11-04,638.29,residential,India
1,2052-11-05,600.2,residential,India
1,2052-11-06,627.55,residential,India
1,2052-11-07,671.2,residential,India
1,2052-11-08,611.62,residential,India
1,2052-11-09,639.68,residential,India
1,2052-11-10,647.67,residential,India
1,2052-11-11,648.96,residential,India
1,2052-11-12,660.54,residential,India
1,2052-11-13,646.21,residential,India
1,2052-11-14,624.06,residential,India
1,2052-11-15,647.63,residential,India
1,2052-11-16,653.72,residential,India
1,2052-11-17,633.72,residential,India
1,2052-11-18,634.14,residential,India
1,2052-11-19,611.59,residential,India
1,2052-11-20,674.37,residential,India
1,2052-11-21,629.49,residential,India
1,2052-11-22,627.1,residential,India
1,2052-11-23,629.55,residential,India
1,2052-11-24,638.98,residential,India
1,2052-11-25,640.87,residential,India
1,2052-11-26,664.61,residential,India
1,2052-11-27,642.01,residential,India
1,2052-11-28,638.39,residential,India
1,2052-11-29,626.29,residential,India
1,2052-11-30,595.13,residential,India
1,2052-12-01,649.29,residential,India
1,2052-12-02,623.4,residential,India
1,2052-12-03,617.28,residential,India
1,2052-12-04,650.7,residential,India
1,2052-12-05,666.51,residential,India
1,2052-12-06,670.49,residential,India
1,2052-12-07,609.42,residential,India
1,2052-12-08,615.24,residential,India
1,2052-12-09,622.69,residential,India
1,2052-12-10,640.45,residential,India
1,2052-12-11,643.53,residential,India
1,2052-12-12,608.97,residential,India
1,2052-12-13,667.93,residential,India
1,2052-12-14,633.76,residential,India
1,2052-12-15,607.32,residential,India
1,2052-12-16,648.79,residential,India
1,2052-12-17,665.86,residential,India
1,2052-12-18,621.2,residential,India
1,2052-12-19,671.31,residential,India
1,2052-12-20,649.02,residential,India
1,2052-12-21,644.6,residential,India
1,2052-12-22,629.36,residential,India
1,2052-12-23,634.68,residential,India
1,2052-12-24,640.75,residential,India
1,2052-12-25,633.31,residential,India
1,2052-12-26,662.67,residential,India
1,2052-12-27,630.7,residential,India
1,2052-12-28,678.29,residential,India
1,2052-12-29,651.88,residential,India
1,2052-12-30,608.16,residential,India
1,2052-12-31,674.02,residential,India
1,2053-01-01,667.06,residential,India
1,2053-01-02,675.82,residential,India
1,2053-01-03,658.79,residential,India
1,2053-01-04,678.45,residential,India
1,2053-01-05,650.4,residential,India
1,2053-01-06,663.76,residential,India
1,2053-01-07,678.7,residential,India
1,2053-01-08,679.84,residential,India
1,2053-01-09,654.64,residential,India
1,2053-01-10,617.81,residential,India
1,2053-01-11,650.54,residential,India
1,2053-01-12,648.39,residential,India
1,2053-01-13,653.86,residential,India
1,2053-01-14,656.86,residential,India
1,2053-01-15,631.3,residential,India
1,2053-01-16,680.95,residential,India
1,2053-01-17,647.22,residential,India
1,2053-01-18,646.26,residential,India
1,2053-01-19,619.49,residential,India
1,2053-01-20,650.98,residential,India
1,2053-01-21,665.72,residential,India
1,2053-01-22,667.3,residential,India
1,2053-01-23,677.65,residential,India
1,2053-01-24,679.82,residential,India
1,2053-01-25,667.35,residential,India
1,2053-01-26,660.23,residential,India
1,2053-01-27,659.89,residential,India
1,2053-01-28,618.97,residential,India
1,2053-01-29,653.01,residential,India
1,2053-01-30,671.23,residential,India
1,2053-01-31,666.35,residential,India
1,2053-02-01,653.45,residential,India
1,2053-02-02,664.47,residential,India
1,2053-02-03,681.14,residential,India
1,2053-02-04,658.0,residential,India
1,2053-02-05,645.85,residential,India
1,2053-02-06,672.2,residential,India
1,2053-02-07,664.96,residential,India
1,2053-02-08,633.71,residential,India
1,2053-02-09,651.81,residential,India
1,2053-02-10,670.69,residential,India
1,2053-02-11,681.44,residential,India
1,2053-02-12,627.31,residential,India
1,2053-02-13,697.75,residential,India
1,2053-02-14,652.31,residential,India
1,2053-02-15,655.53,residential,India
1,2053-02-16,681.84,residential,India
1,2053-02-17,649.79,residential,India
1,2053-02-18,643.88,residential,India
1,2053-02-19,668.35,residential,India
1,2053-02-20,685.05,residential,India
1,2053-02-21,655.23,residential,India
1,2053-02-22,664.13,residential,India
1,2053-02-23,644.73,residential,India
1,2053-02-24,653.89,residential,India
1,2053-02-25,683.4,residential,India
1,2053-02-26,686.12,residential,India
1,2053-02-27,657.35,residential,India
1,2053-02-28,694.27,residential,India
1,2053-03-01,651.14,residential,India
1,2053-03-02,654.02,residential,India
1,2053-03-03,662.63,residential,India
1,2053-03-04,664.46,residential,India
1,2053-03-05,648.24,residential,India
1,2053-03-06,678.87,residential,India
1,2053-03-07,680.24,residential,India
1,2053-03-08,657.94,residential,India
1,2053-03-09,663.09,residential,India
1,2053-03-10,647.22,residential,India
1,2053-03-11,659.67,residential,India
1,2053-03-12,631.18,residential,India
1,2053-03-13,656.48,residential,India
1,2053-03-14,671.66,residential,India
1,2053-03-15,653.19,residential,India
1,2053-03-16,654.89,residential,India
1,2053-03-17,679.76,residential,India
1,2053-03-18,644.51,residential,India
1,2053-03-19,657.2,residential,India
1,2053-03-20,670.78,residential,India
1,2053-03-21,659.47,residential,India
1,2053-03-22,668.19,residential,India
1,2053-03-23,698.9,residential,India
1,2053-03-24,665.8,residential,India
1,2053-03-25,667.45,residential,India
1,2053-03-26,667.66,residential,India
1,2053-03-27,663.45,residential,India
1,2053-03-28,694.25,residential,India
1,2053-03-29,659.77,residential,India
1,2053-03-30,659.03,residential,India
1,2053-03-31,666.54,residential,India
1,2053-04-01,689.77,residential,India
1,2053-04-02,650.03,residential,India
1,2053-04-03,661.24,residential,India
1,2053-04-04,661.66,residential,India
1,2053-04-05,657.36,residential,India
1,2053-04-06,641.59,residential,India
1,2053-04-07,691.95,residential,India
1,2053-04-08,638.91,residential,India
1,2053-04-09,630.95,residential,India
1,2053-04-10,671.24,residential,India
1,2053-04-11,656.38,residential,India
1,2053-04-12,680.54,residential,India
1,2053-04-13,669.47,residential,India
1,2053-04-14,660.54,residential,India
1,2053-04-15,644.47,residential,India
1,2053-04-16,678.56,residential,India
1,2053-04-17,688.42,residential,India
1,2053-04-18,650.06,residential,India
1,2053-04-19,642.16,residential,India
1,2053-04-20,638.54,residential,India
1,2053-04-21,690.6,residential,India
1,2053-04-22,635.27,residential,India
1,2053-04-23,647.9,residential,India
1,2053-04-24,665.81,residential,India
1,2053-04-25,683.05,residential,India
1,2053-04-26,680.11,residential,India
1,2053-04-27,657.75,residential,India
1,2053-04-28,649.45,residential,India
1,2053-04-29,679.17,residential,India
1,2053-04-30,654.48,residential,India
1,2053-05-01,660.5,residential,India
1,2053-05-02,700.54,residential,India
1,2053-05-03,686.62,residential,India
1,2053-05-04,663.67,residential,India
1,2053-05-05,660.24,residential,India
1,2053-05-06,667.71,residential,India
1,2053-05-07,676.75,residential,India
1,2053-05-08,663.25,residential,India
1,2053-05-09,678.5,residential,India
1,2053-05-10,665.82,residential,India
1,2053-05-11,678.53,residential,India
1,2053-05-12,660.39,residential,India
1,2053-05-13,651.62,residential,India
1,2053-05-14,673.4,residential,India
1,2053-05-15,688.85,residential,India
1,2053-05-16,695.76,residential,India
1,2053-05-17,693.12,residential,India
1,2053-05-18,676.57,residential,India
1,2053-05-19,696.71,residential,India
1,2053-05-20,676.41,residential,India
1,2053-05-21,688.9,residential,India
1,2053-05-22,661.43,residential,India
1,2053-05-23,674.74,residential,India
1,2053-05-24,688.45,residential,India
1,2053-05-25,679.33,residential,India
1,2053-05-26,691.4,residential,India
1,2053-05-27,668.55,residential,India
1,2053-05-28,682.28,residential,India
1,2053-05-29,712.33,residential,India
1,2053-05-30,691.15,residential,India
1,2053-05-31,679.11,residential,India
1,2053-06-01,686.45,residential,India
1,2053-06-02,668.38,residential,India
1,2053-06-03,669.88,residential,India
1,2053-06-04,654.5,residential,India
1,2053-06-05,650.19,residential,India
1,2053-06-06,668.22,residential,India
1,2053-06-07,683.16,residential,India
1,2053-06-08,669.11,residential,India
1,2053-06-09,692.41,residential,India
1,2053-06-10,662.34,residential,India
1,2053-06-11,672.91,residential,India
1,2053-06-12,653.27,residential,India
1,2053-06-13,674.64,residential,India
1,2053-06-14,652.99,residential,India
1,2053-06-15,640.68,residential,India
1,2053-06-16,699.9,residential,India
1,2053-06-17,676.71,residential,India
1,2053-06-18,693.82,residential,India
1,2053-06-19,702.22,residential,India
1,2053-06-20,700.3,residential,India
1,2053-06-21,662.92,residential,India
1,2053-06-22,662.35,residential,India
1,2053-06-23,672.3,residential,India
1,2053-06-24,696.51,residential,India
1,2053-06-25,701.82,residential,India
1,2053-06-26,708.13,residential,India
1,2053-06-27,696.44,residential,India
1,2053-06-28,678.84,residential,India
1,2053-06-29,700.96,residential,India
1,2053-06-30,674.66,residential,India
1,2053-07-01,688.27,residential,India
1,2053-07-02,641.63,residential,India
1,2053-07-03,660.58,residential,India
1,2053-07-04,681.79,residential,India
1,2053-07-05,715.44,residential,India
1,2053-07-06,684.63,residential,India
1,2053-07-07,639.82,residential,India
1,2053-07-08,679.4,residential,India
1,2053-07-09,692.4,residential,India
1,2053-07-10,658.19,residential,India
1,2053-07-11,672.56,residential,India
1,2053-07-12,670.26,residential,India
1,2053-07-13,712.24,residential,India
1,2053-07-14,666.96,residential,India
1,2053-07-15,666.94,residential,India
1,2053-07-16,645.3,residential,India
1,2053-07-17,683.67,residential,India
1,2053-07-18,698.33,residential,India
1,2053-07-19,702.94,residential,India
1,2053-07-20,667.66,residential,India
1,2053-07-21,647.98,residential,India
1,2053-07-22,678.14,residential,India
1,2053-07-23,667.0,residential,India
1,2053-07-24,685.0,residential,India
1,2053-07-25,683.91,residential,India
1,2053-07-26,701.32,residential,India
1,2053-07-27,683.88,residential,India
1,2053-07-28,704.83,residential,India
1,2053-07-29,667.94,residential,India
1,2053-07-30,662.91,residential,India
1,2053-07-31,684.47,residential,India
1,2053-08-01,716.57,residential,India
1,2053-08-02,681.65,residential,India
1,2053-08-03,656.55,residential,India
1,2053-08-04,687.03,residential,India
1,2053-08-05,677.63,residential,India
1,2053-08-06,698.41,residential,India
1,2053-08-07,652.2,residential,India
1,2053-08-08,678.21,residential,India
1,2053-08-09,684.74,residential,India
1,2053-08-10,705.28,residential,India
1,2053-08-11,669.09,residential,India
1,2053-08-12,674.09,residential,India
1,2053-08-13,677.65,residential,India
1,2053-08-14,637.83,residential,India
1,2053-08-15,715.69,residential,India
1,2053-08-16,693.89,residential,India
1,2053-08-17,672.0,residential,India
1,2053-08-18,674.31,residential,India
1,2053-08-19,691.15,residential,India
1,2053-08-20,705.34,residential,India
1,2053-08-21,655.24,residential,India
1,2053-08-22,691.05,residential,India
1,2053-08-23,649.03,residential,India
1,2053-08-24,664.4,residential,India
1,2053-08-25,687.96,residential,India
1,2053-08-26,715.22,residential,India
1,2053-08-27,690.9,residential,India
1,2053-08-28,707.27,residential,India
1,2053-08-29,712.36,residential,India
1,2053-08-30,689.19,residential,India
1,2053-08-31,666.84,residential,India
1,2053-09-01,697.99,residential,India
1,2053-09-02,670.42,residential,India
1,2053-09-03,684.46,residential,India
1,2053-09-04,693.09,residential,India
1,2053-09-05,658.68,residential,India
1,2053-09-06,700.55,residential,India
1,2053-09-07,663.41,residential,India
1,2053-09-08,695.85,residential,India
1,2053-09-09,695.36,residential,India
1,2053-09-10,682.14,residential,India
1,2053-09-11,703.81,residential,India
1,2053-09-12,706.42,residential,India
1,2053-09-13,711.38,residential,India
1,2053-09-14,707.79,residential,India
1,2053-09-15,702.89,residential,India
1,2053-09-16,682.99,residential,India
1,2053-09-17,677.74,residential,India
1,2053-09-18,693.72,residential,India
1,2053-09-19,683.31,residential,India
1,2053-09-20,707.67,residential,India
1,2053-09-21,669.9,residential,India
1,2053-09-22,717.57,residential,India
1,2053-09-23,707.16,residential,India
1,2053-09-24,738.64,residential,India
1,2053-09-25,703.56,residential,India
1,2053-09-26,664.46,residential,India
1,2053-09-27,693.62,residential,India
1,2053-09-28,691.7,residential,India
1,2053-09-29,696.33,residential,India
1,2053-09-30,698.69,residential,India
1,2053-10-01,657.95,residential,India
1,2053-10-02,713.25,residential,India
1,2053-10-03,660.03,residential,India
1,2053-10-04,669.92,residential,India
1,2053-10-05,711.38,residential,India
1,2053-10-06,668.02,residential,India
1,2053-10-07,669.95,residential,India
1,2053-10-08,658.47,residential,India
1,2053-10-09,708.17,residential,India
1,2053-10-10,681.6,residential,India
1,2053-10-11,708.91,residential,India
1,2053-10-12,713.81,residential,India
1,2053-10-13,675.61,residential,India
1,2053-10-14,711.56,residential,India
1,2053-10-15,698.24,residential,India
1,2053-10-16,715.04,residential,India
1,2053-10-17,685.43,residential,India
1,2053-10-18,701.72,residential,India
1,2053-10-19,696.43,residential,India
1,2053-10-20,690.16,residential,India
1,2053-10-21,711.95,residential,India
1,2053-10-22,682.55,residential,India
1,2053-10-23,720.29,residential,India
1,2053-10-24,679.46,residential,India
1,2053-10-25,688.52,residential,India
1,2053-10-26,694.98,residential,India
1,2053-10-27,673.74,residential,India
1,2053-10-28,678.7,residential,India
1,2053-10-29,702.96,residential,India
1,2053-10-30,688.18,residential,India
1,2053-10-31,696.79,residential,India
1,2053-11-01,680.55,residential,India
1,2053-11-02,673.84,residential,India
1,2053-11-03,713.87,residential,India
1,2053-11-04,686.85,residential,India
1,2053-11-05,702.4,residential,India
1,2053-11-06,698.64,residential,India
1,2053-11-07,684.29,residential,India
1,2053-11-08,680.5,residential,India
1,2053-11-09,663.38,residential,India
1,2053-11-10,678.06,residential,India
1,2053-11-11,694.49,residential,India
1,2053-11-12,677.24,residential,India
1,2053-11-13,671.0,residential,India
1,2053-11-14,666.69,residential,India
1,2053-11-15,685.28,residential,India
1,2053-11-16,670.03,residential,India
1,2053-11-17,713.95,residential,India
1,2053-11-18,723.31,residential,India
1,2053-11-19,684.75,residential,India
1,2053-11-20,695.69,residential,India
1,2053-11-21,670.28,residential,India
1,2053-11-22,694.71,residential,India
1,2053-11-23,688.11,residential,India
1,2053-11-24,678.12,residential,India
1,2053-11-25,673.75,residential,India
1,2053-11-26,626.2,residential,India
1,2053-11-27,698.51,residential,India
1,2053-11-28,689.95,residential,India
1,2053-11-29,709.89,residential,India
1,2053-11-30,688.66,residential,India
1,2053-12-01,655.04,residential,India
1,2053-12-02,721.09,residential,India
1,2053-12-03,719.91,residential,India
1,2053-12-04,725.35,residential,India
1,2053-12-05,714.77,residential,India
1,2053-12-06,673.38,residential,India
1,2053-12-07,699.03,residential,India
1,2053-12-08,687.26,residential,India
1,2053-12-09,664.46,residential,India
1,2053-12-10,690.94,residential,India
1,2053-12-11,672.42,residential,India
1,2053-12-12,713.21,residential,India
1,2053-12-13,670.39,residential,India
1,2053-12-14,685.76,residential,India
1,2053-12-15,696.28,residential,India
1,2053-12-16,710.11,residential,India
1,2053-12-17,706.08,residential,India
1,2053-12-18,668.7,residential,India
1,2053-12-19,694.24,residential,India
1,2053-12-20,702.1,residential,India
1,2053-12-21,711.51,residential,India
1,2053-12-22,721.92,residential,India
1,2053-12-23,725.74,residential,India
1,2053-12-24,673.23,residential,India
1,2053-12-25,689.7,residential,India
1,2053-12-26,719.06,residential,India
1,2053-12-27,700.47,residential,India
1,2053-12-28,706.96,residential,India
1,2053-12-29,700.67,residential,India
1,2053-12-30,678.01,residential,India
1,2053-12-31,694.4,residential,India
1,2054-01-01,661.88,residential,India
1,2054-01-02,685.44,residential,India
1,2054-01-03,716.79,residential,India
1,2054-01-04,698.35,residential,India
1,2054-01-05,715.17,residential,India
1,2054-01-06,715.66,residential,India
1,2054-01-07,685.97,residential,India
1,2054-01-08,718.4,residential,India
1,2054-01-09,720.3,residential,India
1,2054-01-10,711.86,residential,India
1,2054-01-11,723.87,residential,India
1,2054-01-12,682.24,residential,India
1,2054-01-13,685.33,residential,India
1,2054-01-14,715.47,residential,India
1,2054-01-15,729.0,residential,India
1,2054-01-16,715.75,residential,India
1,2054-01-17,706.82,residential,India
1,2054-01-18,678.18,residential,India
1,2054-01-19,722.76,residential,India
1,2054-01-20,728.3,residential,India
1,2054-01-21,690.02,residential,India
1,2054-01-22,717.8,residential,India
1,2054-01-23,705.08,residential,India
1,2054-01-24,674.97,residential,India
1,2054-01-25,747.15,residential,India
1,2054-01-26,678.82,residential,India
1,2054-01-27,684.47,residential,India
1,2054-01-28,724.12,residential,India
1,2054-01-29,694.72,residential,India
1,2054-01-30,676.89,residential,India
1,2054-01-31,703.23,residential,India
1,2054-02-01,700.34,residential,India
1,2054-02-02,707.67,residential,India
1,2054-02-03,698.03,residential,India
1,2054-02-04,695.64,residential,India
1,2054-02-05,708.12,residential,India
1,2054-02-06,681.38,residential,India
1,2054-02-07,723.73,residential,India
1,2054-02-08,727.63,residential,India
1,2054-02-09,732.53,residential,India
1,2054-02-10,684.92,residential,India
1,2054-02-11,699.28,residential,India
1,2054-02-12,662.98,residential,India
1,2054-02-13,699.48,residential,India
1,2054-02-14,676.5,residential,India
1,2054-02-15,751.38,residential,India
1,2054-02-16,686.61,residential,India
1,2054-02-17,682.83,residential,India
1,2054-02-18,696.6,residential,India
1,2054-02-19,704.8,residential,India
1,2054-02-20,717.73,residential,India
1,2054-02-21,711.14,residential,India
1,2054-02-22,653.82,residential,India
1,2054-02-23,715.0,residential,India
1,2054-02-24,720.88,residential,India
1,2054-02-25,717.61,residential,India
1,2054-02-26,693.27,residential,India
1,2054-02-27,699.14,residential,India
1,2054-02-28,702.39,residential,India
1,2054-03-01,717.21,residential,India
1,2054-03-02,704.74,residential,India
1,2054-03-03,687.29,residential,India
1,2054-03-04,683.69,residential,India
1,2054-03-05,704.39,residential,India
1,2054-03-06,711.56,residential,India
1,2054-03-07,716.1,residential,India
1,2054-03-08,698.96,residential,India
1,2054-03-09,705.55,residential,India
1,2054-03-10,724.9,residential,India
1,2054-03-11,666.23,residential,India
1,2054-03-12,715.13,residential,India
1,2054-03-13,713.37,residential,India
1,2054-03-14,678.69,residential,India
1,2054-03-15,713.54,residential,India
1,2054-03-16,689.43,residential,India
1,2054-03-17,687.7,residential,India
1,2054-03-18,711.4,residential,India
1,2054-03-19,718.37,residential,India
1,2054-03-20,685.52,residential,India
1,2054-03-21,706.69,residential,India
1,2054-03-22,703.24,residential,India
1,2054-03-23,705.9,residential,India
1,2054-03-24,703.2,residential,India
1,2054-03-25,688.15,residential,India
1,2054-03-26,708.96,residential,India
1,2054-03-27,690.13,residential,India
1,2054-03-28,703.91,residential,India
1,2054-03-29,711.93,residential,India
1,2054-03-30,712.42,residential,India
1,2054-03-31,696.13,residential,India
1,2054-04-01,749.59,residential,India
1,2054-04-02,691.95,residential,India
1,2054-04-03,717.6,residential,India
1,2054-04-04,675.93,residential,India
1,2054-04-05,666.21,residential,India
1,2054-04-06,727.47,residential,India
1,2054-04-07,689.37,residential,India
1,2054-04-08,745.33,residential,India
1,2054-04-09,697.61,residential,India
1,2054-04-10,687.99,residential,India
1,2054-04-11,666.99,residential,India
1,2054-04-12,719.28,residential,India
1,2054-04-13,694.92,residential,India
1,2054-04-14,682.73,residential,India
1,2054-04-15,687.8,residential,India
1,2054-04-16,694.26,residential,India
1,2054-04-17,688.08,residential,India
1,2054-04-18,677.85,residential,India
1,2054-04-19,668.89,residential,India
1,2054-04-20,704.01,residential,India
1,2054-04-21,705.59,residential,India
1,2054-04-22,718.07,residential,India
1,2054-04-23,674.78,residential,India
1,2054-04-24,702.67,residential,India
1,2054-04-25,676.58,residential,India
1,2054-04-26,717.85,residential,India
1,2054-04-27,668.69,residential,India
1,2054-04-28,704.05,residential,India
1,2054-04-29,709.33,residential,India
1,2054-04-30,726.98,residential,India
1,2054-05-01,692.11,residential,India
1,2054-05-02,693.32,residential,India
1,2054-05-03,699.88,residential,India
1,2054-05-04,729.62,residential,India
1,2054-05-05,720.52,residential,India
1,2054-05-06,675.28,residential,India
1,2054-05-07,714.64,residential,India
1,2054-05-08,689.91,residential,India
1,2054-05-09,695.3,residential,India
1,2054-05-10,673.28,residential,India
1,2054-05-11,714.28,residential,India
1,2054-05-12,628.81,residential,India
1,2054-05-13,677.12,residential,India
1,2054-05-14,710.43,residential,India
1,2054-05-15,689.82,residential,India
1,2054-05-16,707.56,residential,India
1,2054-05-17,707.42,residential,India
1,2054-05-18,666.43,residential,India
1,2054-05-19,700.66,residential,India
1,2054-05-20,674.03,residential,India
1,2054-05-21,693.43,residential,India
1,2054-05-22,698.1,residential,India
1,2054-05-23,713.38,residential,India
1,2054-05-24,715.39,residential,India
1,2054-05-25,694.5,residential,India
1,2054-05-26,696.14,residential,India
1,2054-05-27,702.89,residential,India
1,2054-05-28,711.51,residential,India
1,2054-05-29,723.4,residential,India
1,2054-05-30,704.53,residential,India
1,2054-05-31,698.03,residential,India
1,2054-06-01,693.83,residential,India
1,2054-06-02,709.81,residential,India
1,2054-06-03,698.63,residential,India
1,2054-06-04,700.05,residential,India
1,2054-06-05,731.61,residential,India
1,2054-06-06,712.35,residential,India
1,2054-06-07,707.2,residential,India
1,2054-06-08,686.43,residential,India
1,2054-06-09,662.93,residential,India
1,2054-06-10,659.77,residential,India
1,2054-06-11,718.77,residential,India
1,2054-06-12,699.83,residential,India
1,2054-06-13,712.24,residential,India
1,2054-06-14,700.21,residential,India
1,2054-06-15,663.31,residential,India
1,2054-06-16,712.96,residential,India
1,2054-06-17,693.67,residential,India
1,2054-06-18,717.46,residential,India
1,2054-06-19,704.76,residential,India
1,2054-06-20,703.35,residential,India
1,2054-06-21,726.5,residential,India
1,2054-06-22,725.92,residential,India
1,2054-06-23,708.0,residential,India
1,2054-06-24,705.19,residential,India
1,2054-06-25,684.86,residential,India
1,2054-06-26,686.75,residential,India
1,2054-06-27,709.83,residential,India
1,2054-06-28,662.61,residential,India
1,2054-06-29,702.79,residential,India
1,2054-06-30,699.03,residential,India
1,2054-07-01,682.77,residential,India
1,2054-07-02,714.7,residential,India
1,2054-07-03,675.78,residential,India
1,2054-07-04,720.67,residential,India
1,2054-07-05,718.31,residential,India
1,2054-07-06,690.41,residential,India
1,2054-07-07,678.39,residential,India
1,2054-07-08,698.2,residential,India
1,2054-07-09,738.45,residential,India
1,2054-07-10,701.46,residential,India
1,2054-07-11,696.34,residential,India
1,2054-07-12,698.38,residential,India
1,2054-07-13,692.28,residential,India
1,2054-07-14,710.28,residential,India
1,2054-07-15,719.77,residential,India
1,2054-07-16,681.18,residential,India
1,2054-07-17,705.98,residential,India
1,2054-07-18,703.93,residential,India
1,2054-07-19,681.73,residential,India
1,2054-07-20,715.53,residential,India
1,2054-07-21,711.55,residential,India
1,2054-07-22,707.13,residential,India
1,2054-07-23,730.55,residential,India
1,2054-07-24,706.94,residential,India
1,2054-07-25,690.93,residential,India
1,2054-07-26,734.72,residential,India
1,2054-07-27,717.83,residential,India
1,2054-07-28,691.75,residential,India
1,2054-07-29,658.22,residential,India
1,2054-07-30,728.57,residential,India
1,2054-07-31,698.55,residential,India
1,2054-08-01,721.34,residential,India
1,2054-08-02,708.1,residential,India
1,2054-08-03,678.28,residential,India
1,2054-08-04,655.71,residential,India
1,2054-08-05,695.31,residential,India
1,2054-08-06,724.39,residential,India
1,2054-08-07,711.35,residential,India
1,2054-08-08,685.7,residential,India
1,2054-08-09,679.14,residential,India
1,2054-08-10,723.03,residential,India
1,2054-08-11,656.44,residential,India
1,2054-08-12,682.12,residential,India
1,2054-08-13,711.59,residential,India
1,2054-08-14,737.7,residential,India
1,2054-08-15,678.1,residential,India
1,2054-08-16,665.42,residential,India
1,2054-08-17,719.49,residential,India
1,2054-08-18,665.17,residential,India
1,2054-08-19,673.9,residential,India
1,2054-08-20,711.11,residential,India
1,2054-08-21,700.98,residential,India
1,2054-08-22,676.8,residential,India
1,2054-08-23,705.95,residential,India
1,2054-08-24,705.61,residential,India
1,2054-08-25,702.17,residential,India
1,2054-08-26,717.69,residential,India
1,2054-08-27,676.58,residential,India
1,2054-08-28,684.44,residential,India
1,2054-08-29,685.59,residential,India
1,2054-08-30,700.01,residential,India
1,2054-08-31,717.79,residential,India
1,2054-09-01,740.71,residential,India
1,2054-09-02,648.14,residential,India
1,2054-09-03,712.57,residential,India
1,2054-09-04,694.73,residential,India
1,2054-09-05,689.65,residential,India
1,2054-09-06,690.26,residential,India
1,2054-09-07,703.48,residential,India
1,2054-09-08,710.41,residential,India
1,2054-09-09,681.29,residential,India
1,2054-09-10,673.06,residential,India
1,2054-09-11,677.52,residential,India
1,2054-09-12,729.21,residential,India
1,2054-09-13,737.09,residential,India
1,2054-09-14,681.1,residential,India
1,2054-09-15,680.72,residential,India
1,2054-09-16,693.24,residential,India
1,2054-09-17,687.82,residential,India
1,2054-09-18,700.77,residential,India
1,2054-09-19,709.52,residential,India
1,2054-09-20,700.2,residential,India
1,2054-09-21,676.55,residential,India
1,2054-09-22,660.09,residential,India
1,2054-09-23,673.15,residential,India
1,2054-09-24,680.0,residential,India
1,2054-09-25,675.48,residential,India
1,2054-09-26,694.13,residential,India
1,2054-09-27,713.38,residential,India
1,2054-09-28,741.96,residential,India
1,2054-09-29,693.82,residential,India
1,2054-09-30,681.39,residential,India
1,2054-10-01,700.61,residential,India
1,2054-10-02,681.46,residential,India
1,2054-10-03,686.92,residential,India
1,2054-10-04,705.32,residential,India
1,2054-10-05,700.79,residential,India
1,2054-10-06,687.54,residential,India
1,2054-10-07,678.2,residential,India
1,2054-10-08,702.65,residential,India
1,2054-10-09,696.16,residential,India
1,2054-10-10,720.56,residential,India
1,2054-10-11,694.98,residential,India
1,2054-10-12,713.15,residential,India
1,2054-10-13,715.78,residential,India
1,2054-10-14,702.9,residential,India
1,2054-10-15,693.28,residential,India
1,2054-10-16,687.45,residential,India
1,2054-10-17,656.35,residential,India
1,2054-10-18,683.93,residential,India
1,2054-10-19,705.15,residential,India
1,2054-10-20,715.52,residential,India
1,2054-10-21,703.29,residential,India
1,2054-10-22,692.19,residential,India
1,2054-10-23,692.55,residential,India
1,2054-10-24,723.98,residential,India
1,2054-10-25,691.77,residential,India
1,2054-10-26,666.56,residential,India
1,2054-10-27,707.67,residential,India
1,2054-10-28,713.53,residential,India
1,2054-10-29,702.1,residential,India
1,2054-10-30,673.24,residential,India
1,2054-10-31,690.56,residential,India
1,2054-11-01,689.81,residential,India
1,2054-11-02,689.97,residential,India
1,2054-11-03,703.62,residential,India
1,2054-11-04,699.44,residential,India
1,2054-11-05,708.38,residential,India
1,2054-11-06,704.05,residential,India
1,2054-11-07,675.06,residential,India
1,2054-11-08,695.16,residential,India
1,2054-11-09,701.99,residential,India
1,2054-11-10,702.13,residential,India
1,2054-11-11,718.83,residential,India
1,2054-11-12,690.06,residential,India
1,2054-11-13,704.04,residential,India
1,2054-11-14,666.55,residential,India
1,2054-11-15,715.39,residential,India
1,2054-11-16,693.54,residential,India
1,2054-11-17,701.89,residential,India
1,2054-11-18,697.57,residential,India
1,2054-11-19,700.61,residential,India
1,2054-11-20,709.53,residential,India
1,2054-11-21,740.19,residential,India
1,2054-11-22,684.12,residential,India
1,2054-11-23,695.27,residential,India
1,2054-11-24,707.48,residential,India
1,2054-11-25,688.5,residential,India
1,2054-11-26,672.35,residential,India
1,2054-11-27,680.23,residential,India
1,2054-11-28,718.24,residential,India
1,2054-11-29,672.96,residential,India
1,2054-11-30,644.85,residential,India
1,2054-12-01,688.31,residential,India
1,2054-12-02,723.86,residential,India
1,2054-12-03,686.19,residential,India
1,2054-12-04,701.78,residential,India
1,2054-12-05,678.79,residential,India
1,2054-12-06,712.0,residential,India
1,2054-12-07,671.23,residential,India
1,2054-12-08,700.67,residential,India
1,2054-12-09,726.15,residential,India
1,2054-12-10,675.2,residential,India
1,2054-12-11,689.19,residential,India
1,2054-12-12,675.47,residential,India
1,2054-12-13,678.95,residential,India
1,2054-12-14,698.0,residential,India
1,2054-12-15,693.91,residential,India
1,2054-12-16,704.33,residential,India
1,2054-12-17,692.64,residential,India
1,2054-12-18,680.23,residential,India
1,2054-12-19,670.46,residential,India
1,2054-12-20,691.73,residential,India
1,2054-12-21,698.33,residential,India
1,2054-12-22,709.98,residential,India
1,2054-12-23,704.57,residential,India
1,2054-12-24,689.3,residential,India
1,2054-12-25,694.61,residential,India
1,2054-12-26,704.31,residential,India
1,2054-12-27,665.84,residential,India
1,2054-12-28,693.26,residential,India
1,2054-12-29,667.42,residential,India
1,2054-12-30,689.18,residential,India
1,2054-12-31,682.83,residential,India
1,2055-01-01,691.52,residential,India
1,2055-01-02,696.89,residential,India
1,2055-01-03,701.74,residential,India
1,2055-01-04,677.49,residential,India
1,2055-01-05,684.95,residential,India
1,2055-01-06,714.51,residential,India
1,2055-01-07,685.94,residential,India
1,2055-01-08,701.14,residential,India
1,2055-01-09,677.13,residential,India
1,2055-01-10,686.05,residential,India
1,2055-01-11,683.41,residential,India
1,2055-01-12,686.34,residential,India
1,2055-01-13,676.47,residential,India
1,2055-01-14,683.99,residential,India
1,2055-01-15,707.0,residential,India
1,2055-01-16,659.29,residential,India
1,2055-01-17,674.82,residential,India
1,2055-01-18,673.83,residential,India
1,2055-01-19,636.53,residential,India
1,2055-01-20,670.56,residential,India
1,2055-01-21,674.37,residential,India
1,2055-01-22,702.91,residential,India
1,2055-01-23,681.81,residential,India
1,2055-01-24,721.29,residential,India
1,2055-01-25,707.12,residential,India
1,2055-01-26,699.26,residential,India
1,2055-01-27,673.61,residential,India
1,2055-01-28,718.06,residential,India
1,2055-01-29,668.19,residential,India
1,2055-01-30,683.35,residential,India
1,2055-01-31,667.57,residential,India
1,2055-02-01,704.04,residential,India
1,2055-02-02,691.83,residential,India
1,2055-02-03,698.89,residential,India
1,2055-02-04,709.34,residential,India
1,2055-02-05,666.33,residential,India
1,2055-02-06,698.83,residential,India
1,2055-02-07,688.2,residential,India
1,2055-02-08,680.77,residential,India
1,2055-02-09,672.02,residential,India
1,2055-02-10,680.96,residential,India
1,2055-02-11,698.56,residential,India
1,2055-02-12,664.72,residential,India
1,2055-02-13,693.41,residential,India
1,2055-02-14,707.04,residential,India
1,2055-02-15,663.52,residential,India
1,2055-02-16,708.26,residential,India
1,2055-02-17,650.95,residential,India
1,2055-02-18,645.8,residential,India
1,2055-02-19,701.26,residential,India
1,2055-02-20,695.06,residential,India
1,2055-02-21,708.21,residential,India
1,2055-02-22,685.83,residential,India
1,2055-02-23,640.67,residential,India
1,2055-02-24,621.83,residential,India
1,2055-02-25,675.01,residential,India
1,2055-02-26,700.86,residential,India
1,2055-02-27,672.69,residential,India
1,2055-02-28,654.24,residential,India
1,2055-03-01,655.28,residential,India
1,2055-03-02,661.71,residential,India
1,2055-03-03,674.76,residential,India
1,2055-03-04,675.5,residential,India
1,2055-03-05,688.88,residential,India
1,2055-03-06,662.1,residential,India
1,2055-03-07,677.13,residential,India
1,2055-03-08,651.25,residential,India
1,2055-03-09,704.48,residential,India
1,2055-03-10,678.55,residential,India
1,2055-03-11,687.04,residential,India
1,2055-03-12,662.0,residential,India
1,2055-03-13,699.95,residential,India
1,2055-03-14,695.14,residential,India
1,2055-03-15,663.75,residential,India
1,2055-03-16,674.16,residential,India
1,2055-03-17,646.05,residential,India
1,2055-03-18,681.1,residential,India
1,2055-03-19,683.08,residential,India
1,2055-03-20,667.59,residential,India
1,2055-03-21,685.45,residential,India
1,2055-03-22,679.9,residential,India
1,2055-03-23,666.36,residential,India
1,2055-03-24,652.12,residential,India
1,2055-03-25,688.12,residential,India
1,2055-03-26,657.48,residential,India
1,2055-03-27,678.56,residential,India
1,2055-03-28,679.5,residential,India
1,2055-03-29,668.34,residential,India
1,2055-03-30,709.88,residential,India
1,2055-03-31,676.69,residential,India
1,2055-04-01,689.13,residential,India
1,2055-04-02,666.57,residential,India
1,2055-04-03,694.07,residential,India
1,2055-04-04,652.26,residential,India
1,2055-04-05,665.52,residential,India
1,2055-04-06,671.55,residential,India
1,2055-04-07,682.11,residential,India
1,2055-04-08,636.54,residential,India
1,2055-04-09,694.69,residential,India
1,2055-04-10,661.74,residential,India
1,2055-04-11,655.64,residential,India
1,2055-04-12,668.93,residential,India
1,2055-04-13,675.83,residential,India
1,2055-04-14,701.38,residential,India
1,2055-04-15,658.26,residential,India
1,2055-04-16,673.33,residential,India
1,2055-04-17,667.97,residential,India
1,2055-04-18,667.66,residential,India
1,2055-04-19,677.26,residential,India
1,2055-04-20,632.78,residential,India
1,2055-04-21,663.19,residential,India
1,2055-04-22,617.1,residential,India
1,2055-04-23,630.35,residential,India
1,2055-04-24,669.23,residential,India
1,2055-04-25,702.22,residential,India
1,2055-04-26,666.11,residential,India
1,2055-04-27,633.47,residential,India
1,2055-04-28,656.88,residential,India
1,2055-04-29,724.12,residential,India
1,2055-04-30,671.67,residential,India
1,2055-05-01,667.9,residential,India
1,2055-05-02,709.86,residential,India
1,2055-05-03,700.14,residential,India
1,2055-05-04,663.69,residential,India
1,2055-05-05,668.56,residential,India
1,2055-05-06,673.09,residential,India
1,2055-05-07,690.92,residential,India
1,2055-05-08,681.46,residential,India
1,2055-05-09,670.33,residential,India
1,2055-05-10,645.23,residential,India
1,2055-05-11,692.25,residential,India
1,2055-05-12,679.9,residential,India
1,2055-05-13,692.63,residential,India
1,2055-05-14,709.82,residential,India
1,2055-05-15,679.42,residential,India
1,2055-05-16,663.1,residential,India
1,2055-05-17,662.65,residential,India
1,2055-05-18,663.67,residential,India
1,2055-05-19,658.75,residential,India
1,2055-05-20,665.59,residential,India
1,2055-05-21,637.38,residential,India
1,2055-05-22,673.45,residential,India
1,2055-05-23,682.8,residential,India
1,2055-05-24,662.35,residential,India
1,2055-05-25,678.46,residential,India
1,2055-05-26,677.52,residential,India
1,2055-05-27,637.65,residential,India
1,2055-05-28,673.38,residential,India
1,2055-05-29,656.58,residential,India
1,2055-05-30,638.86,residential,India
1,2055-05-31,666.68,residential,India
1,2055-06-01,673.88,residential,India
1,2055-06-02,677.8,residential,India
1,2055-06-03,652.58,residential,India
1,2055-06-04,637.66,residential,India
1,2055-06-05,668.83,residential,India
1,2055-06-06,692.45,residential,India
1,2055-06-07,685.38,residential,India
1,2055-06-08,638.77,residential,India
1,2055-06-09,684.21,residential,India
1,2055-06-10,652.77,residential,India
1,2055-06-11,663.72,residential,India
1,2055-06-12,672.67,residential,India
1,2055-06-13,665.72,residential,India
1,2055-06-14,674.91,residential,India
1,2055-06-15,657.05,residential,India
1,2055-06-16,661.42,residential,India
1,2055-06-17,637.95,residential,India
1,2055-06-18,629.68,residential,India
1,2055-06-19,662.45,residential,India
1,2055-06-20,672.08,residential,India
1,2055-06-21,663.84,residential,India
1,2055-06-22,632.28,residential,India
1,2055-06-23,674.79,residential,India
1,2055-06-24,656.04,residential,India
1,2055-06-25,654.85,residential,India
1,2055-06-26,665.26,residential,India
1,2055-06-27,636.26,residential,India
1,2055-06-28,618.95,residential,India
1,2055-06-29,664.15,residential,India
1,2055-06-30,653.18,residential,India
1,2055-07-01,657.07,residential,India
1,2055-07-02,681.27,residential,India
1,2055-07-03,675.4,residential,India
1,2055-07-04,691.22,residential,India
1,2055-07-05,658.8,residential,India
1,2055-07-06,639.46,residential,India
1,2055-07-07,677.79,residential,India
1,2055-07-08,672.8,residential,India
1,2055-07-09,644.45,residential,India
1,2055-07-10,671.25,residential,India
1,2055-07-11,696.02,residential,India
1,2055-07-12,663.68,residential,India
1,2055-07-13,648.32,residential,India
1,2055-07-14,654.33,residential,India
1,2055-07-15,666.37,residential,India
1,2055-07-16,688.13,residential,India
1,2055-07-17,666.71,residential,India
1,2055-07-18,667.52,residential,India
1,2055-07-19,650.11,residential,India
1,2055-07-20,690.32,residential,India
1,2055-07-21,643.45,residential,India
1,2055-07-22,667.67,residential,India
1,2055-07-23,650.44,residential,India
1,2055-07-24,619.17,residential,India
1,2055-07-25,635.59,residential,India
1,2055-07-26,639.27,residential,India
1,2055-07-27,663.87,residential,India
1,2055-07-28,640.41,residential,India
1,2055-07-29,658.02,residential,India
1,2055-07-30,658.99,residential,India
1,2055-07-31,665.66,residential,India
1,2055-08-01,673.74,residential,India
1,2055-08-02,662.05,residential,India
1,2055-08-03,647.47,residential,India
1,2055-08-04,656.28,residential,India
1,2055-08-05,695.78,residential,India
1,2055-08-06,641.73,residential,India
1,2055-08-07,659.43,residential,India
1,2055-08-08,675.08,residential,India
1,2055-08-09,674.33,residential,India
1,2055-08-10,684.62,residential,India
1,2055-08-11,667.21,residential,India
1,2055-08-12,650.74,residential,India
1,2055-08-13,682.04,residential,India
1,2055-08-14,661.1,residential,India
1,2055-08-15,669.25,residential,India
1,2055-08-16,658.56,residential,India
1,2055-08-17,648.58,residential,India
1,2055-08-18,687.26,residential,India
1,2055-08-19,636.6,residential,India
1,2055-08-20,672.65,residential,India
1,2055-08-21,651.71,residential,India
1,2055-08-22,660.37,residential,India
1,2055-08-23,644.04,residential,India
1,2055-08-24,654.91,residential,India
1,2055-08-25,630.91,residential,India
1,2055-08-26,655.31,residential,India
1,2055-08-27,623.19,residential,India
1,2055-08-28,663.58,residential,India
1,2055-08-29,649.27,residential,India
1,2055-08-30,634.99,residential,India
1,2055-08-31,663.6,residential,India
1,2055-09-01,675.52,residential,India
1,2055-09-02,597.94,residential,India
1,2055-09-03,636.36,residential,India
1,2055-09-04,637.87,residential,India
1,2055-09-05,664.45,residential,India
1,2055-09-06,630.48,residential,India
1,2055-09-07,648.99,residential,India
1,2055-09-08,668.38,residential,India
1,2055-09-09,668.61,residential,India
1,2055-09-10,641.53,residential,India
1,2055-09-11,644.56,residential,India
1,2055-09-12,686.3,residential,India
1,2055-09-13,630.05,residential,India
1,2055-09-14,699.63,residential,India
1,2055-09-15,632.39,residential,India
1,2055-09-16,655.72,residential,India
1,2055-09-17,650.01,residential,India
1,2055-09-18,651.71,residential,India
1,2055-09-19,675.64,residential,India
1,2055-09-20,662.25,residential,India
1,2055-09-21,648.84,residential,India
1,2055-09-22,672.4,residential,India
1,2055-09-23,695.14,residential,India
1,2055-09-24,668.66,residential,India
1,2055-09-25,667.74,residential,India
1,2055-09-26,616.45,residential,India
1,2055-09-27,665.35,residential,India
1,2055-09-28,640.83,residential,India
1,2055-09-29,629.86,residential,India
1,2055-09-30,600.0,residential,India
1,2055-10-01,629.97,residential,India
1,2055-10-02,646.61,residential,India
1,2055-10-03,635.41,residential,India
1,2055-10-04,650.13,residential,India
1,2055-10-05,666.69,residential,India
1,2055-10-06,625.08,residential,India
1,2055-10-07,655.14,residential,India
1,2055-10-08,652.17,residential,India
1,2055-10-09,647.63,residential,India
1,2055-10-10,649.23,residential,India
1,2055-10-11,667.71,residential,India
1,2055-10-12,648.92,residential,India
1,2055-10-13,633.27,residential,India
1,2055-10-14,649.87,residential,India
1,2055-10-15,625.2,residential,India
1,2055-10-16,644.5,residential,India
1,2055-10-17,650.14,residential,India
1,2055-10-18,648.51,residential,India
1,2055-10-19,667.22,residential,India
1,2055-10-20,625.27,residential,India
1,2055-10-21,649.57,residential,India
1,2055-10-22,635.38,residential,India
1,2055-10-23,638.69,residential,India
1,2055-10-24,635.39,residential,India
1,2055-10-25,672.6,residential,India
1,2055-10-26,648.34,residential,India
1,2055-10-27,667.21,residential,India
1,2055-10-28,667.72,residential,India
1,2055-10-29,627.22,residential,India
1,2055-10-30,637.41,residential,India
1,2055-10-31,639.43,residential,India
1,2055-11-01,652.77,residential,India
1,2055-11-02,651.43,residential,India
1,2055-11-03,636.24,residential,India
1,2055-11-04,617.78,residential,India
1,2055-11-05,632.25,residential,India
1,2055-11-06,642.08,residential,India
1,2055-11-07,666.98,residential,India
1,2055-11-08,647.58,residential,India
1,2055-11-09,658.82,residential,India
1,2055-11-10,622.7,residential,India
1,2055-11-11,631.94,residential,India
1,2055-11-12,653.58,residential,India
1,2055-11-13,615.5,residential,India
1,2055-11-14,669.95,residential,India
1,2055-11-15,634.73,residential,India
1,2055-11-16,669.36,residential,India
1,2055-11-17,628.61,residential,India
1,2055-11-18,663.84,residential,India
1,2055-11-19,613.48,residential,India
1,2055-11-20,656.02,residential,India
1,2055-11-21,618.71,residential,India
1,2055-11-22,649.24,residential,India
1,2055-11-23,668.5,residential,India
1,2055-11-24,637.81,residential,India
1,2055-11-25,623.37,residential,India
1,2055-11-26,639.95,residential,India
1,2055-11-27,684.59,residential,India
1,2055-11-28,630.89,residential,India
1,2055-11-29,635.45,residential,India
1,2055-11-30,617.73,residential,India
1,2055-12-01,641.29,residential,India
1,2055-12-02,626.58,residential,India
1,2055-12-03,642.79,residential,India
1,2055-12-04,629.48,residential,India
1,2055-12-05,642.27,residential,India
1,2055-12-06,615.57,residential,India
1,2055-12-07,646.08,residential,India
1,2055-12-08,644.34,residential,India
1,2055-12-09,646.24,residential,India
1,2055-12-10,639.76,residential,India
1,2055-12-11,642.28,residential,India
1,2055-12-12,673.83,residential,India
1,2055-12-13,597.22,residential,India
1,2055-12-14,673.17,residential,India
1,2055-12-15,645.99,residential,India
1,2055-12-16,663.19,residential,India
1,2055-12-17,633.06,residential,India
1,2055-12-18,644.66,residential,India
1,2055-12-19,644.34,residential,India
1,2055-12-20,653.16,residential,India
1,2055-12-21,630.23,residential,India
1,2055-12-22,609.98,residential,India
1,2055-12-23,640.52,residential,India
1,2055-12-24,660.14,residential,India
1,2055-12-25,641.55,residential,India
1,2055-12-26,656.61,residential,India
1,2055-12-27,645.65,residential,India
1,2055-12-28,647.52,residential,India
1,2055-12-29,642.67,residential,India
1,2055-12-30,643.27,residential,India
1,2055-12-31,607.22,residential,India
1,2056-01-01,609.03,residential,India
1,2056-01-02,610.83,residential,India
1,2056-01-03,623.8,residential,India
1,2056-01-04,644.99,residential,India
1,2056-01-05,594.65,residential,India
1,2056-01-06,673.4,residential,India
1,2056-01-07,664.4,residential,India
1,2056-01-08,659.65,residential,India
1,2056-01-09,623.26,residential,India
1,2056-01-10,658.68,residential,India
1,2056-01-11,625.31,residential,India
1,2056-01-12,645.28,residential,India
1,2056-01-13,621.84,residential,India
1,2056-01-14,619.81,residential,India
1,2056-01-15,618.56,residential,India
1,2056-01-16,642.29,residential,India
1,2056-01-17,637.96,residential,India
1,2056-01-18,637.22,residential,India
1,2056-01-19,633.68,residential,India
1,2056-01-20,612.67,residential,India
1,2056-01-21,626.87,residential,India
1,2056-01-22,605.66,residential,India
1,2056-01-23,656.28,residential,India
1,2056-01-24,630.24,residential,India
1,2056-01-25,631.78,residential,India
1,2056-01-26,662.21,residential,India
1,2056-01-27,623.7,residential,India
1,2056-01-28,630.62,residential,India
1,2056-01-29,621.98,residential,India
1,2056-01-30,602.54,residential,India
1,2056-01-31,604.58,residential,India
1,2056-02-01,638.6,residential,India
1,2056-02-02,647.67,residential,India
1,2056-02-03,649.78,residential,India
1,2056-02-04,666.07,residential,India
1,2056-02-05,664.03,residential,India
1,2056-02-06,639.68,residential,India
1,2056-02-07,630.93,residential,India
1,2056-02-08,651.37,residential,India
1,2056-02-09,650.42,residential,India
1,2056-02-10,653.19,residential,India
1,2056-02-11,629.98,residential,India
1,2056-02-12,672.25,residential,India
1,2056-02-13,645.01,residential,India
1,2056-02-14,640.73,residential,India
1,2056-02-15,640.63,residential,India
1,2056-02-16,630.83,residential,India
1,2056-02-17,652.29,residential,India
1,2056-02-18,667.07,residential,India
1,2056-02-19,640.68,residential,India
1,2056-02-20,594.98,residential,India
1,2056-02-21,615.48,residential,India
1,2056-02-22,597.64,residential,India
1,2056-02-23,617.64,residential,India
1,2056-02-24,614.37,residential,India
1,2056-02-25,643.46,residential,India
1,2056-02-26,639.04,residential,India
1,2056-02-27,613.4,residential,India
1,2056-02-28,640.42,residential,India
1,2056-02-29,625.78,residential,India
1,2056-03-01,619.61,residential,India
1,2056-03-02,637.51,residential,India
1,2056-03-03,619.63,residential,India
1,2056-03-04,625.17,residential,India
1,2056-03-05,625.84,residential,India
1,2056-03-06,661.08,residential,India
1,2056-03-07,630.66,residential,India
1,2056-03-08,602.75,residential,India
1,2056-03-09,609.82,residential,India
1,2056-03-10,638.04,residential,India
1,2056-03-11,629.22,residential,India
1,2056-03-12,631.42,residential,India
1,2056-03-13,664.22,residential,India
1,2056-03-14,654.36,residential,India
1,2056-03-15,647.63,residential,India
1,2056-03-16,605.21,residential,India
1,2056-03-17,646.87,residential,India
1,2056-03-18,629.1,residential,India
1,2056-03-19,605.58,residential,India
1,2056-03-20,629.92,residential,India
1,2056-03-21,682.66,residential,India
1,2056-03-22,601.98,residential,India
1,2056-03-23,631.83,residential,India
1,2056-03-24,658.49,residential,India
1,2056-03-25,647.08,residential,India
1,2056-03-26,648.8,residential,India
1,2056-03-27,648.97,residential,India
1,2056-03-28,639.76,residential,India
1,2056-03-29,649.7,residential,India
1,2056-03-30,610.28,residential,India
1,2056-03-31,628.87,residential,India
1,2056-04-01,640.16,residential,India
1,2056-04-02,635.05,residential,India
1,2056-04-03,602.69,residential,India
1,2056-04-04,619.08,residential,India
1,2056-04-05,614.77,residential,India
1,2056-04-06,645.94,residential,India
1,2056-04-07,626.16,residential,India
1,2056-04-08,596.88,residential,India
1,2056-04-09,647.59,residential,India
1,2056-04-10,627.34,residential,India
1,2056-04-11,604.33,residential,India
1,2056-04-12,627.28,residential,India
1,2056-04-13,659.62,residential,India
1,2056-04-14,586.16,residential,India
1,2056-04-15,633.68,residential,India
1,2056-04-16,638.41,residential,India
1,2056-04-17,640.31,residential,India
1,2056-04-18,603.5,residential,India
1,2056-04-19,615.21,residential,India
1,2056-04-20,624.25,residential,India
1,2056-04-21,638.04,residential,India
1,2056-04-22,623.06,residential,India
1,2056-04-23,610.67,residential,India
1,2056-04-24,633.61,residential,India
1,2056-04-25,605.86,residential,India
1,2056-04-26,660.58,residential,India
1,2056-04-27,597.65,residential,India
1,2056-04-28,650.54,residential,India
1,2056-04-29,651.01,residential,India
1,2056-04-30,642.18,residential,India
1,2056-05-01,605.27,residential,India
1,2056-05-02,625.98,residential,India
1,2056-05-03,666.8,residential,India
1,2056-05-04,627.54,residential,India
1,2056-05-05,600.0,residential,India
1,2056-05-06,648.11,residential,India
1,2056-05-07,609.87,residential,India
1,2056-05-08,641.4,residential,India
1,2056-05-09,613.32,residential,India
1,2056-05-10,675.94,residential,India
1,2056-05-11,659.87,residential,India
1,2056-05-12,685.56,residential,India
1,2056-05-13,639.95,residential,India
1,2056-05-14,655.27,residential,India
1,2056-05-15,638.25,residential,India
1,2056-05-16,634.85,residential,India
1,2056-05-17,600.18,residential,India
1,2056-05-18,633.5,residential,India
1,2056-05-19,599.5,residential,India
1,2056-05-20,617.63,residential,India
1,2056-05-21,616.53,residential,India
1,2056-05-22,614.28,residential,India
1,2056-05-23,667.49,residential,India
1,2056-05-24,634.68,residential,India
1,2056-05-25,598.26,residential,India
1,2056-05-26,607.41,residential,India
1,2056-05-27,658.03,residential,India
1,2056-05-28,617.2,residential,India
1,2056-05-29,646.88,residential,India
1,2056-05-30,624.26,residential,India
1,2056-05-31,623.88,residential,India
1,2056-06-01,604.75,residential,India
1,2056-06-02,637.2,residential,India
1,2056-06-03,623.95,residential,India
1,2056-06-04,618.34,residential,India
1,2056-06-05,637.38,residential,India
1,2056-06-06,623.88,residential,India
1,2056-06-07,628.82,residential,India
1,2056-06-08,646.31,residential,India
1,2056-06-09,653.94,residential,India
1,2056-06-10,652.84,residential,India
1,2056-06-11,620.38,residential,India
1,2056-06-12,634.17,residential,India
1,2056-06-13,612.4,residential,India
1,2056-06-14,582.6,residential,India
1,2056-06-15,584.27,residential,India
1,2056-06-16,667.44,residential,India
1,2056-06-17,619.42,residential,India
1,2056-06-18,647.46,residential,India
1,2056-06-19,595.51,residential,India
1,2056-06-20,610.07,residential,India
1,2056-06-21,615.75,residential,India
1,2056-06-22,633.9,residential,India
1,2056-06-23,646.02,residential,India
1,2056-06-24,621.37,residential,India
1,2056-06-25,640.04,residential,India
1,2056-06-26,607.07,residential,India
1,2056-06-27,637.41,residential,India
1,2056-06-28,603.48,residential,India
1,2056-06-29,592.31,residential,India
1,2056-06-30,586.93,residential,India
1,2056-07-01,625.29,residential,India
1,2056-07-02,641.06,residential,India
1,2056-07-03,639.74,residential,India
1,2056-07-04,618.28,residential,India
1,2056-07-05,616.21,residential,India
1,2056-07-06,616.41,residential,India
1,2056-07-07,625.9,residential,India
1,2056-07-08,611.24,residential,India
1,2056-07-09,617.93,residential,India
1,2056-07-10,618.02,residential,India
1,2056-07-11,634.59,residential,India
1,2056-07-12,641.06,residential,India
1,2056-07-13,619.86,residential,India
1,2056-07-14,631.52,residential,India
1,2056-07-15,574.78,residential,India
1,2056-07-16,605.05,residential,India
1,2056-07-17,604.23,residential,India
1,2056-07-18,615.96,residential,India
1,2056-07-19,608.69,residential,India
1,2056-07-20,616.88,residential,India
1,2056-07-21,621.0,residential,India
1,2056-07-22,628.35,residential,India
1,2056-07-23,646.86,residential,India
1,2056-07-24,643.28,residential,India
1,2056-07-25,621.74,residential,India
1,2056-07-26,610.04,residential,India
1,2056-07-27,625.91,residential,India
1,2056-07-28,620.12,residential,India
1,2056-07-29,638.77,residential,India
1,2056-07-30,621.28,residential,India
1,2056-07-31,591.97,residential,India
1,2056-08-01,600.46,residential,India
1,2056-08-02,629.19,residential,India
1,2056-08-03,613.82,residential,India
1,2056-08-04,606.05,residential,India
1,2056-08-05,591.76,residential,India
1,2056-08-06,622.71,residential,India
1,2056-08-07,621.69,residential,India
1,2056-08-08,626.12,residential,India
1,2056-08-09,604.24,residential,India
1,2056-08-10,633.74,residential,India
1,2056-08-11,631.44,residential,India
1,2056-08-12,607.85,residential,India
1,2056-08-13,606.56,residential,India
1,2056-08-14,594.79,residential,India
1,2056-08-15,611.89,residential,India
1,2056-08-16,612.49,residential,India
1,2056-08-17,612.14,residential,India
1,2056-08-18,600.23,residential,India
1,2056-08-19,617.27,residential,India
1,2056-08-20,588.95,residential,India
1,2056-08-21,589.54,residential,India
1,2056-08-22,636.29,residential,India
1,2056-08-23,641.15,residential,India
1,2056-08-24,624.39,residential,India
1,2056-08-25,666.29,residential,India
1,2056-08-26,641.42,residential,India
1,2056-08-27,622.44,residential,India
1,2056-08-28,620.39,residential,India
1,2056-08-29,580.33,residential,India
1,2056-08-30,622.27,residential,India
1,2056-08-31,581.63,residential,India
1,2056-09-01,614.37,residential,India
1,2056-09-02,631.33,residential,India
1,2056-09-03,638.84,residential,India
1,2056-09-04,627.72,residential,India
1,2056-09-05,640.5,residential,India
1,2056-09-06,622.11,residential,India
1,2056-09-07,600.69,residential,India
1,2056-09-08,597.39,residential,India
1,2056-09-09,601.21,residential,India
1,2056-09-10,611.06,residential,India
1,2056-09-11,620.28,residential,India
1,2056-09-12,651.72,residential,India
1,2056-09-13,605.75,residential,India
1,2056-09-14,612.01,residential,India
1,2056-09-15,629.4,residential,India
1,2056-09-16,629.74,residential,India
1,2056-09-17,649.45,residential,India
1,2056-09-18,630.59,residential,India
1,2056-09-19,580.36,residential,India
1,2056-09-20,663.15,residential,India
1,2056-09-21,637.43,residential,India
1,2056-09-22,656.17,residential,India
1,2056-09-23,615.27,residential,India
1,2056-09-24,609.7,residential,India
1,2056-09-25,617.44,residential,India
1,2056-09-26,636.15,residential,India
1,2056-09-27,656.83,residential,India
1,2056-09-28,630.74,residential,India
1,2056-09-29,633.0,residential,India
1,2056-09-30,617.33,residential,India
1,2056-10-01,604.13,residential,India
1,2056-10-02,627.73,residential,India
1,2056-10-03,648.03,residential,India
1,2056-10-04,613.55,residential,India
1,2056-10-05,581.79,residential,India
1,2056-10-06,631.9,residential,India
1,2056-10-07,631.5,residential,India
1,2056-10-08,655.39,residential,India
1,2056-10-09,570.67,residential,India
1,2056-10-10,620.29,residential,India
1,2056-10-11,619.52,residential,India
1,2056-10-12,622.79,residential,India
1,2056-10-13,621.09,residential,India
1,2056-10-14,605.27,residential,India
1,2056-10-15,606.4,residential,India
1,2056-10-16,623.69,residential,India
1,2056-10-17,604.75,residential,India
1,2056-10-18,632.38,residential,India
1,2056-10-19,618.8,residential,India
1,2056-10-20,647.27,residential,India
1,2056-10-21,625.22,residential,India
1,2056-10-22,609.07,residential,India
1,2056-10-23,648.83,residential,India
1,2056-10-24,608.37,residential,India
1,2056-10-25,636.68,residential,India
1,2056-10-26,594.74,residential,India
1,2056-10-27,614.86,residential,India
1,2056-10-28,630.9,residential,India
1,2056-10-29,640.4,residential,India
1,2056-10-30,638.2,residential,India
1,2056-10-31,608.43,residential,India
1,2056-11-01,593.54,residential,India
1,2056-11-02,605.22,residential,India
1,2056-11-03,635.23,residential,India
1,2056-11-04,592.16,residential,India
1,2056-11-05,629.67,residential,India
1,2056-11-06,612.94,residential,India
1,2056-11-07,666.01,residential,India
1,2056-11-08,587.98,residential,India
1,2056-11-09,644.88,residential,India
1,2056-11-10,614.29,residential,India
1,2056-11-11,588.29,residential,India
1,2056-11-12,640.29,residential,India
1,2056-11-13,647.72,residential,India
1,2056-11-14,581.37,residential,India
1,2056-11-15,607.62,residential,India
1,2056-11-16,640.52,residential,India
1,2056-11-17,600.37,residential,India
1,2056-11-18,599.89,residential,India
1,2056-11-19,637.35,residential,India
1,2056-11-20,613.82,residential,India
1,2056-11-21,631.0,residential,India
1,2056-11-22,617.85,residential,India
1,2056-11-23,584.72,residential,India
1,2056-11-24,608.6,residential,India
1,2056-11-25,641.03,residential,India
1,2056-11-26,618.47,residential,India
1,2056-11-27,594.18,residential,India
1,2056-11-28,615.16,residential,India
1,2056-11-29,614.38,residential,India
1,2056-11-30,652.26,residential,India
1,2056-12-01,586.44,residential,India
1,2056-12-02,616.73,residential,India
1,2056-12-03,633.04,residential,India
1,2056-12-04,651.64,residential,India
1,2056-12-05,649.01,residential,India
1,2056-12-06,603.36,residential,India
1,2056-12-07,595.12,residential,India
1,2056-12-08,598.84,residential,India
1,2056-12-09,634.3,residential,India
1,2056-12-10,617.82,residential,India
1,2056-12-11,597.59,residential,India
1,2056-12-12,641.38,residential,India
1,2056-12-13,646.71,residential,India
1,2056-12-14,627.99,residential,India
1,2056-12-15,639.16,residential,India
1,2056-12-16,614.21,residential,India
1,2056-12-17,677.56,residential,India
1,2056-12-18,621.3,residential,India
1,2056-12-19,616.92,residential,India
1,2056-12-20,624.29,residential,India
1,2056-12-21,648.97,residential,India
1,2056-12-22,654.26,residential,India
1,2056-12-23,638.3,residential,India
1,2056-12-24,626.85,residential,India
1,2056-12-25,598.08,residential,India
1,2056-12-26,613.19,residential,India
1,2056-12-27,637.08,residential,India
1,2056-12-28,608.14,residential,India
1,2056-12-29,594.96,residential,India
1,2056-12-30,654.76,residential,India
1,2056-12-31,637.96,residential,India
1,2057-01-01,659.05,residential,India
1,2057-01-02,644.69,residential,India
1,2057-01-03,602.84,residential,India
1,2057-01-04,614.88,residential,India
1,2057-01-05,586.45,residential,India
1,2057-01-06,600.2,residential,India
1,2057-01-07,619.93,residential,India
1,2057-01-08,584.33,residential,India
1,2057-01-09,646.57,residential,India
1,2057-01-10,640.75,residential,India
1,2057-01-11,605.14,residential,India
1,2057-01-12,649.1,residential,India
1,2057-01-13,619.36,residential,India
1,2057-01-14,608.41,residential,India
1,2057-01-15,610.23,residential,India
1,2057-01-16,649.22,residential,India
1,2057-01-17,644.09,residential,India
1,2057-01-18,611.07,residential,India
1,2057-01-19,627.35,residential,India
1,2057-01-20,619.55,residential,India
1,2057-01-21,605.55,residential,India
1,2057-01-22,616.3,residential,India
1,2057-01-23,636.17,residential,India
1,2057-01-24,599.09,residential,India
1,2057-01-25,584.92,residential,India
1,2057-01-26,613.12,residential,India
1,2057-01-27,631.2,residential,India
1,2057-01-28,621.06,residential,India
1,2057-01-29,604.38,residential,India
1,2057-01-30,597.82,residential,India
1,2057-01-31,611.01,residential,India
1,2057-02-01,622.84,residential,India
1,2057-02-02,668.48,residential,India
1,2057-02-03,562.76,residential,India
1,2057-02-04,627.05,residential,India
1,2057-02-05,619.67,residential,India
1,2057-02-06,646.76,residential,India
1,2057-02-07,609.85,residential,India
1,2057-02-08,627.14,residential,India
1,2057-02-09,605.99,residential,India
1,2057-02-10,593.1,residential,India
1,2057-02-11,613.14,residential,India
1,2057-02-12,596.07,residential,India
1,2057-02-13,642.46,residential,India
1,2057-02-14,630.18,residential,India
1,2057-02-15,643.36,residential,India
1,2057-02-16,659.46,residential,India
1,2057-02-17,623.88,residential,India
1,2057-02-18,654.32,residential,India
1,2057-02-19,616.18,residential,India
1,2057-02-20,612.67,residential,India
1,2057-02-21,636.95,residential,India
1,2057-02-22,639.94,residential,India
1,2057-02-23,621.16,residential,India
1,2057-02-24,610.29,residential,India
1,2057-02-25,633.92,residential,India
1,2057-02-26,629.7,residential,India
1,2057-02-27,604.8,residential,India
1,2057-02-28,627.23,residential,India
1,2057-03-01,647.44,residential,India
1,2057-03-02,652.37,residential,India
1,2057-03-03,649.91,residential,India
1,2057-03-04,616.88,residential,India
1,2057-03-05,653.57,residential,India
1,2057-03-06,614.99,residential,India
1,2057-03-07,612.13,residential,India
1,2057-03-08,601.54,residential,India
1,2057-03-09,632.44,residential,India
1,2057-03-10,595.93,residential,India
1,2057-03-11,629.37,residential,India
1,2057-03-12,613.93,residential,India
1,2057-03-13,639.39,residential,India
1,2057-03-14,601.58,residential,India
1,2057-03-15,614.59,residential,India
1,2057-03-16,610.99,residential,India
1,2057-03-17,613.59,residential,India
1,2057-03-18,637.38,residential,India
1,2057-03-19,619.04,residential,India
1,2057-03-20,627.47,residential,India
1,2057-03-21,625.02,residential,India
1,2057-03-22,618.73,residential,India
1,2057-03-23,636.66,residential,India
1,2057-03-24,627.55,residential,India
1,2057-03-25,588.91,residential,India
1,2057-03-26,595.71,residential,India
1,2057-03-27,637.43,residential,India
1,2057-03-28,566.84,residential,India
1,2057-03-29,599.6,residential,India
1,2057-03-30,612.68,residential,India
1,2057-03-31,653.25,residential,India
1,2057-04-01,622.61,residential,India
1,2057-04-02,669.34,residential,India
1,2057-04-03,626.57,residential,India
1,2057-04-04,650.26,residential,India
1,2057-04-05,609.93,residential,India
1,2057-04-06,634.5,residential,India
1,2057-04-07,608.53,residential,India
1,2057-04-08,624.42,residential,India
1,2057-04-09,664.59,residential,India
1,2057-04-10,671.41,residential,India
1,2057-04-11,638.73,residential,India
1,2057-04-12,643.51,residential,India
1,2057-04-13,593.66,residential,India
1,2057-04-14,651.78,residential,India
1,2057-04-15,630.84,residential,India
1,2057-04-16,619.45,residential,India
1,2057-04-17,654.97,residential,India
1,2057-04-18,608.2,residential,India
1,2057-04-19,582.73,residential,India
1,2057-04-20,625.95,residential,India
1,2057-04-21,633.0,residential,India
1,2057-04-22,609.86,residential,India
1,2057-04-23,634.71,residential,India
1,2057-04-24,605.19,residential,India
1,2057-04-25,623.15,residential,India
1,2057-04-26,605.36,residential,India
1,2057-04-27,658.34,residential,India
1,2057-04-28,658.22,residential,India
1,2057-04-29,615.6,residential,India
1,2057-04-30,651.48,residential,India
1,2057-05-01,621.87,residential,India
1,2057-05-02,626.18,residential,India
1,2057-05-03,672.99,residential,India
1,2057-05-04,615.68,residential,India
1,2057-05-05,627.18,residential,India
1,2057-05-06,580.18,residential,India
1,2057-05-07,601.56,residential,India
1,2057-05-08,617.44,residential,India
1,2057-05-09,611.02,residential,India
1,2057-05-10,633.13,residential,India
1,2057-05-11,649.05,residential,India
1,2057-05-12,632.23,residential,India
1,2057-05-13,620.73,residential,India
1,2057-05-14,640.76,residential,India
1,2057-05-15,633.88,residential,India
1,2057-05-16,589.23,residential,India
1,2057-05-17,609.46,residential,India
1,2057-05-18,616.63,residential,India
1,2057-05-19,603.84,residential,India
1,2057-05-20,617.97,residential,India
1,2057-05-21,648.53,residential,India
1,2057-05-22,605.1,residential,India
1,2057-05-23,655.45,residential,India
1,2057-05-24,604.08,residential,India
1,2057-05-25,604.1,residential,India
1,2057-05-26,636.3,residential,India
1,2057-05-27,651.2,residential,India
1,2057-05-28,639.82,residential,India
1,2057-05-29,638.62,residential,India
1,2057-05-30,661.46,residential,India
1,2057-05-31,626.33,residential,India
1,2057-06-01,642.18,residential,India
1,2057-06-02,610.72,residential,India
1,2057-06-03,671.14,residential,India
1,2057-06-04,643.06,residential,India
1,2057-06-05,649.61,residential,India
1,2057-06-06,615.55,residential,India
1,2057-06-07,643.46,residential,India
1,2057-06-08,652.24,residential,India
1,2057-06-09,654.34,residential,India
1,2057-06-10,631.9,residential,India
1,2057-06-11,657.3,residential,India
1,2057-06-12,643.95,residential,India
1,2057-06-13,636.35,residential,India
1,2057-06-14,632.91,residential,India
1,2057-06-15,635.27,residential,India
1,2057-06-16,605.17,residential,India
1,2057-06-17,623.17,residential,India
1,2057-06-18,642.8,residential,India
1,2057-06-19,609.16,residential,India
1,2057-06-20,642.11,residential,India
1,2057-06-21,656.76,residential,India
1,2057-06-22,674.78,residential,India
1,2057-06-23,615.08,residential,India
1,2057-06-24,574.95,residential,India
1,2057-06-25,622.94,residential,India
1,2057-06-26,651.54,residential,India
1,2057-06-27,634.84,residential,India
1,2057-06-28,621.12,residential,India
1,2057-06-29,627.29,residential,India
1,2057-06-30,627.24,residential,India
1,2057-07-01,612.56,residential,India
1,2057-07-02,640.51,residential,India
1,2057-07-03,639.42,residential,India
1,2057-07-04,622.78,residential,India
1,2057-07-05,643.34,residential,India
1,2057-07-06,676.66,residential,India
1,2057-07-07,640.11,residential,India
1,2057-07-08,626.13,residential,India
1,2057-07-09,626.73,residential,India
1,2057-07-10,609.82,residential,India
1,2057-07-11,656.4,residential,India
1,2057-07-12,626.67,residential,India
1,2057-07-13,626.33,residential,India
1,2057-07-14,641.44,residential,India
1,2057-07-15,650.43,residential,India
1,2057-07-16,650.53,residential,India
1,2057-07-17,647.67,residential,India
1,2057-07-18,663.79,residential,India
1,2057-07-19,677.25,residential,India
1,2057-07-20,623.48,residential,India
1,2057-07-21,634.03,residential,India
1,2057-07-22,615.22,residential,India
1,2057-07-23,658.99,residential,India
1,2057-07-24,661.37,residential,India
1,2057-07-25,634.84,residential,India
1,2057-07-26,641.28,residential,India
1,2057-07-27,666.15,residential,India
1,2057-07-28,646.91,residential,India
1,2057-07-29,594.99,residential,India
1,2057-07-30,589.41,residential,India
1,2057-07-31,640.72,residential,India
1,2057-08-01,635.34,residential,India
1,2057-08-02,632.5,residential,India
1,2057-08-03,619.14,residential,India
1,2057-08-04,666.42,residential,India
1,2057-08-05,648.43,residential,India
1,2057-08-06,660.29,residential,India
1,2057-08-07,669.83,residential,India
1,2057-08-08,649.07,residential,India
1,2057-08-09,650.19,residential,India
1,2057-08-10,634.74,residential,India
1,2057-08-11,607.96,residential,India
1,2057-08-12,629.86,residential,India
1,2057-08-13,637.95,residential,India
1,2057-08-14,642.13,residential,India
1,2057-08-15,648.33,residential,India
1,2057-08-16,637.03,residential,India
1,2057-08-17,645.32,residential,India
1,2057-08-18,669.54,residential,India
1,2057-08-19,659.85,residential,India
1,2057-08-20,666.34,residential,India
1,2057-08-21,644.82,residential,India
1,2057-08-22,654.66,residential,India
1,2057-08-23,670.57,residential,India
1,2057-08-24,627.13,residential,India
1,2057-08-25,649.94,residential,India
1,2057-08-26,636.88,residential,India
1,2057-08-27,638.4,residential,India
1,2057-08-28,605.48,residential,India
1,2057-08-29,634.59,residential,India
1,2057-08-30,679.58,residential,India
1,2057-08-31,642.66,residential,India
1,2057-09-01,653.7,residential,India
1,2057-09-02,663.4,residential,India
1,2057-09-03,657.85,residential,India
1,2057-09-04,597.24,residential,India
1,2057-09-05,616.08,residential,India
1,2057-09-06,646.62,residential,India
1,2057-09-07,631.81,residential,India
1,2057-09-08,614.25,residential,India
1,2057-09-09,656.99,residential,India
1,2057-09-10,654.78,residential,India
1,2057-09-11,636.02,residential,India
1,2057-09-12,637.78,residential,India
1,2057-09-13,661.7,residential,India
1,2057-09-14,659.18,residential,India
1,2057-09-15,635.8,residential,India
1,2057-09-16,629.99,residential,India
1,2057-09-17,670.0,residential,India
1,2057-09-18,667.93,residential,India
1,2057-09-19,649.95,residential,India
1,2057-09-20,635.03,residential,India
1,2057-09-21,626.55,residential,India
1,2057-09-22,649.11,residential,India
1,2057-09-23,664.88,residential,India
1,2057-09-24,643.01,residential,India
1,2057-09-25,663.8,residential,India
1,2057-09-26,654.37,residential,India
1,2057-09-27,636.14,residential,India
1,2057-09-28,631.01,residential,India
1,2057-09-29,635.87,residential,India
1,2057-09-30,660.91,residential,India
1,2057-10-01,602.03,residential,India
1,2057-10-02,647.09,residential,India
1,2057-10-03,631.28,residential,India
1,2057-10-04,669.32,residential,India
1,2057-10-05,659.97,residential,India
1,2057-10-06,654.27,residential,India
1,2057-10-07,630.49,residential,India
1,2057-10-08,645.69,residential,India
1,2057-10-09,621.29,residential,India
1,2057-10-10,670.86,residential,India
1,2057-10-11,664.63,residential,India
1,2057-10-12,660.79,residential,India
1,2057-10-13,648.27,residential,India
1,2057-10-14,631.06,residential,India
1,2057-10-15,635.84,residential,India
1,2057-10-16,662.93,residential,India
1,2057-10-17,642.81,residential,India
1,2057-10-18,645.05,residential,India
1,2057-10-19,657.25,residential,India
1,2057-10-20,672.93,residential,India
1,2057-10-21,641.5,residential,India
1,2057-10-22,623.89,residential,India
1,2057-10-23,659.96,residential,India
1,2057-10-24,636.4,residential,India
1,2057-10-25,669.98,residential,India
1,2057-10-26,666.7,residential,India
1,2057-10-27,693.15,residential,India
1,2057-10-28,637.36,residential,India
1,2057-10-29,623.3,residential,India
1,2057-10-30,623.42,residential,India
1,2057-10-31,671.5,residential,India
1,2057-11-01,662.46,residential,India
1,2057-11-02,614.33,residential,India
1,2057-11-03,629.84,residential,India
1,2057-11-04,632.65,residential,India
1,2057-11-05,595.22,residential,India
1,2057-11-06,680.3,residential,India
1,2057-11-07,660.74,residential,India
1,2057-11-08,643.63,residential,India
1,2057-11-09,631.28,residential,India
1,2057-11-10,671.44,residential,India
1,2057-11-11,641.21,residential,India
1,2057-11-12,687.09,residential,India
1,2057-11-13,664.22,residential,India
1,2057-11-14,681.44,residential,India
1,2057-11-15,639.53,residential,India
1,2057-11-16,675.89,residential,India
1,2057-11-17,668.42,residential,India
1,2057-11-18,683.81,residential,India
1,2057-11-19,666.13,residential,India
1,2057-11-20,659.8,residential,India
1,2057-11-21,646.63,residential,India
1,2057-11-22,652.44,residential,India
1,2057-11-23,634.43,residential,India
1,2057-11-24,652.89,residential,India
1,2057-11-25,620.1,residential,India
1,2057-11-26,656.14,residential,India
1,2057-11-27,644.63,residential,India
1,2057-11-28,622.28,residential,India
1,2057-11-29,660.67,residential,India
1,2057-11-30,676.07,residential,India
1,2057-12-01,644.66,residential,India
1,2057-12-02,662.69,residential,India
1,2057-12-03,644.08,residential,India
1,2057-12-04,597.77,residential,India
1,2057-12-05,678.48,residential,India
1,2057-12-06,656.65,residential,India
1,2057-12-07,634.93,residential,India
1,2057-12-08,653.77,residential,India
1,2057-12-09,668.54,residential,India
1,2057-12-10,647.68,residential,India
1,2057-12-11,647.08,residential,India
1,2057-12-12,660.08,residential,India
1,2057-12-13,648.32,residential,India
1,2057-12-14,632.21,residential,India
1,2057-12-15,646.85,residential,India
1,2057-12-16,629.53,residential,India
1,2057-12-17,632.79,residential,India
1,2057-12-18,669.15,residential,India
1,2057-12-19,685.24,residential,India
1,2057-12-20,663.41,residential,India
1,2057-12-21,651.23,residential,India
1,2057-12-22,645.03,residential,India
1,2057-12-23,651.36,residential,India
1,2057-12-24,668.73,residential,India
1,2057-12-25,658.49,residential,India
1,2057-12-26,679.66,residential,India
1,2057-12-27,686.04,residential,India
1,2057-12-28,672.16,residential,India
1,2057-12-29,647.32,residential,India
1,2057-12-30,676.51,residential,India
1,2057-12-31,665.32,residential,India
1,2058-01-01,647.02,residential,India
1,2058-01-02,701.78,residential,India
1,2058-01-03,634.33,residential,India
1,2058-01-04,637.3,residential,India
1,2058-01-05,653.81,residential,India
1,2058-01-06,681.53,residential,India
1,2058-01-07,692.1,residential,India
1,2058-01-08,673.35,residential,India
1,2058-01-09,646.71,residential,India
1,2058-01-10,633.24,residential,India
1,2058-01-11,652.82,residential,India
1,2058-01-12,634.27,residential,India
1,2058-01-13,635.03,residential,India
1,2058-01-14,644.11,residential,India
1,2058-01-15,652.56,residential,India
1,2058-01-16,640.76,residential,India
1,2058-01-17,650.24,residential,India
1,2058-01-18,649.46,residential,India
1,2058-01-19,663.7,residential,India
1,2058-01-20,617.01,residential,India
1,2058-01-21,673.23,residential,India
1,2058-01-22,666.25,residential,India
1,2058-01-23,659.26,residential,India
1,2058-01-24,671.94,residential,India
1,2058-01-25,669.11,residential,India
1,2058-01-26,601.57,residential,India
1,2058-01-27,647.54,residential,India
1,2058-01-28,663.73,residential,India
1,2058-01-29,672.01,residential,India
1,2058-01-30,624.38,residential,India
1,2058-01-31,665.9,residential,India
1,2058-02-01,658.56,residential,India
1,2058-02-02,673.88,residential,India
1,2058-02-03,666.65,residential,India
1,2058-02-04,655.15,residential,India
1,2058-02-05,655.32,residential,India
1,2058-02-06,655.28,residential,India
1,2058-02-07,643.47,residential,India
1,2058-02-08,669.77,residential,India
1,2058-02-09,665.13,residential,India
1,2058-02-10,664.71,residential,India
1,2058-02-11,701.27,residential,India
1,2058-02-12,652.23,residential,India
1,2058-02-13,663.82,residential,India
1,2058-02-14,639.06,residential,India
1,2058-02-15,659.68,residential,India
1,2058-02-16,683.04,residential,India
1,2058-02-17,663.9,residential,India
1,2058-02-18,654.61,residential,India
1,2058-02-19,665.92,residential,India
1,2058-02-20,698.41,residential,India
1,2058-02-21,669.15,residential,India
1,2058-02-22,625.15,residential,India
1,2058-02-23,674.95,residential,India
1,2058-02-24,668.62,residential,India
1,2058-02-25,679.35,residential,India
1,2058-02-26,685.85,residential,India
1,2058-02-27,685.91,residential,India
1,2058-02-28,710.45,residential,India
1,2058-03-01,670.97,residential,India
1,2058-03-02,657.36,residential,India
1,2058-03-03,645.81,residential,India
1,2058-03-04,644.8,residential,India
1,2058-03-05,632.34,residential,India
1,2058-03-06,649.3,residential,India
1,2058-03-07,666.33,residential,India
1,2058-03-08,686.89,residential,India
1,2058-03-09,722.21,residential,India
1,2058-03-10,672.78,residential,India
1,2058-03-11,632.12,residential,India
1,2058-03-12,657.16,residential,India
1,2058-03-13,691.35,residential,India
1,2058-03-14,658.4,residential,India
1,2058-03-15,675.59,residential,India
1,2058-03-16,655.04,residential,India
1,2058-03-17,656.84,residential,India
1,2058-03-18,679.61,residential,India
1,2058-03-19,699.29,residential,India
1,2058-03-20,680.11,residential,India
1,2058-03-21,622.68,residential,India
1,2058-03-22,653.32,residential,India
1,2058-03-23,657.66,residential,India
1,2058-03-24,693.48,residential,India
1,2058-03-25,717.93,residential,India
1,2058-03-26,696.88,residential,India
1,2058-03-27,653.8,residential,India
1,2058-03-28,677.51,residential,India
1,2058-03-29,657.75,residential,India
1,2058-03-30,616.77,residential,India
1,2058-03-31,688.13,residential,India
1,2058-04-01,652.26,residential,India
1,2058-04-02,667.61,residential,India
1,2058-04-03,662.61,residential,India
1,2058-04-04,679.58,residential,India
1,2058-04-05,654.01,residential,India
1,2058-04-06,693.91,residential,India
1,2058-04-07,672.54,residential,India
1,2058-04-08,688.39,residential,India
1,2058-04-09,661.23,residential,India
1,2058-04-10,635.38,residential,India
1,2058-04-11,661.32,residential,India
1,2058-04-12,687.41,residential,India
1,2058-04-13,676.73,residential,India
1,2058-04-14,672.72,residential,India
1,2058-04-15,728.34,residential,India
1,2058-04-16,704.14,residential,India
1,2058-04-17,684.18,residential,India
1,2058-04-18,659.91,residential,India
1,2058-04-19,686.04,residential,India
1,2058-04-20,710.73,residential,India
1,2058-04-21,700.52,residential,India
1,2058-04-22,656.0,residential,India
1,2058-04-23,681.12,residential,India
1,2058-04-24,699.79,residential,India
1,2058-04-25,688.12,residential,India
1,2058-04-26,677.79,residential,India
1,2058-04-27,657.76,residential,India
1,2058-04-28,688.81,residential,India
1,2058-04-29,691.23,residential,India
1,2058-04-30,677.37,residential,India
1,2058-05-01,663.78,residential,India
1,2058-05-02,685.08,residential,India
1,2058-05-03,665.19,residential,India
1,2058-05-04,656.12,residential,India
1,2058-05-05,675.62,residential,India
1,2058-05-06,671.48,residential,India
1,2058-05-07,678.53,residential,India
1,2058-05-08,694.29,residential,India
1,2058-05-09,711.5,residential,India
1,2058-05-10,694.14,residential,India
1,2058-05-11,700.59,residential,India
1,2058-05-12,734.31,residential,India
1,2058-05-13,673.54,residential,India
1,2058-05-14,694.59,residential,India
1,2058-05-15,717.85,residential,India
1,2058-05-16,649.98,residential,India
1,2058-05-17,659.54,residential,India
1,2058-05-18,688.23,residential,India
1,2058-05-19,665.52,residential,India
1,2058-05-20,687.38,residential,India
1,2058-05-21,664.89,residential,India
1,2058-05-22,712.76,residential,India
1,2058-05-23,701.93,residential,India
1,2058-05-24,691.01,residential,India
1,2058-05-25,655.92,residential,India
1,2058-05-26,694.42,residential,India
1,2058-05-27,699.6,residential,India
1,2058-05-28,713.11,residential,India
1,2058-05-29,643.0,residential,India
1,2058-05-30,710.7,residential,India
1,2058-05-31,695.92,residential,India
1,2058-06-01,716.69,residential,India
1,2058-06-02,707.55,residential,India
1,2058-06-03,715.34,residential,India
1,2058-06-04,663.35,residential,India
1,2058-06-05,667.37,residential,India
1,2058-06-06,693.6,residential,India
1,2058-06-07,697.6,residential,India
1,2058-06-08,676.2,residential,India
1,2058-06-09,704.86,residential,India
1,2058-06-10,698.53,residential,India
1,2058-06-11,707.39,residential,India
1,2058-06-12,684.42,residential,India
1,2058-06-13,674.01,residential,India
1,2058-06-14,659.29,residential,India
1,2058-06-15,677.42,residential,India
1,2058-06-16,666.34,residential,India
1,2058-06-17,660.2,residential,India
1,2058-06-18,696.83,residential,India
1,2058-06-19,680.94,residential,India
1,2058-06-20,671.81,residential,India
1,2058-06-21,697.39,residential,India
1,2058-06-22,678.57,residential,India
1,2058-06-23,709.28,residential,India
1,2058-06-24,667.09,residential,India
1,2058-06-25,671.28,residential,India
1,2058-06-26,685.31,residential,India
1,2058-06-27,708.34,residential,India
1,2058-06-28,698.34,residential,India
1,2058-06-29,722.35,residential,India
1,2058-06-30,697.95,residential,India
1,2058-07-01,719.44,residential,India
1,2058-07-02,720.81,residential,India
1,2058-07-03,677.54,residential,India
1,2058-07-04,707.74,residential,India
1,2058-07-05,692.61,residential,India
1,2058-07-06,714.03,residential,India
1,2058-07-07,660.21,residential,India
1,2058-07-08,659.18,residential,India
1,2058-07-09,679.61,residential,India
1,2058-07-10,682.16,residential,India
1,2058-07-11,684.93,residential,India
1,2058-07-12,704.12,residential,India
1,2058-07-13,695.4,residential,India
1,2058-07-14,700.16,residential,India
1,2058-07-15,681.0,residential,India
1,2058-07-16,713.66,residential,India
1,2058-07-17,680.27,residential,India
1,2058-07-18,661.15,residential,India
1,2058-07-19,675.91,residential,India
1,2058-07-20,702.52,residential,India
1,2058-07-21,706.17,residential,India
1,2058-07-22,682.69,residential,India
1,2058-07-23,715.22,residential,India
1,2058-07-24,679.12,residential,India
1,2058-07-25,688.21,residential,India
1,2058-07-26,685.49,residential,India
1,2058-07-27,682.6,residential,India
1,2058-07-28,681.38,residential,India
1,2058-07-29,688.15,residential,India
1,2058-07-30,668.35,residential,India
1,2058-07-31,723.26,residential,India
1,2058-08-01,697.19,residential,India
1,2058-08-02,658.61,residential,India
1,2058-08-03,688.68,residential,India
1,2058-08-04,718.44,residential,India
1,2058-08-05,717.25,residential,India
1,2058-08-06,683.91,residential,India
1,2058-08-07,692.01,residential,India
1,2058-08-08,670.63,residential,India
1,2058-08-09,683.36,residential,India
1,2058-08-10,683.15,residential,India
1,2058-08-11,712.42,residential,India
1,2058-08-12,686.45,residential,India
1,2058-08-13,711.68,residential,India
1,2058-08-14,676.16,residential,India
1,2058-08-15,714.74,residential,India
1,2058-08-16,707.74,residential,India
1,2058-08-17,687.11,residential,India
1,2058-08-18,717.22,residential,India
1,2058-08-19,668.71,residential,India
1,2058-08-20,688.55,residential,India
1,2058-08-21,704.41,residential,India
1,2058-08-22,659.53,residential,India
1,2058-08-23,710.87,residential,India
1,2058-08-24,709.07,residential,India
1,2058-08-25,665.32,residential,India
1,2058-08-26,701.79,residential,India
1,2058-08-27,681.87,residential,India
1,2058-08-28,706.75,residential,India
1,2058-08-29,693.7,residential,India
1,2058-08-30,725.56,residential,India
1,2058-08-31,680.14,residential,India
1,2058-09-01,701.07,residential,India
1,2058-09-02,717.61,residential,India
1,2058-09-03,735.71,residential,India
1,2058-09-04,686.35,residential,India
1,2058-09-05,680.1,residential,India
1,2058-09-06,689.37,residential,India
1,2058-09-07,709.99,residential,India
1,2058-09-08,704.5,residential,India
1,2058-09-09,682.96,residential,India
1,2058-09-10,744.81,residential,India
1,2058-09-11,696.49,residential,India
1,2058-09-12,720.95,residential,India
1,2058-09-13,673.11,residential,India
1,2058-09-14,674.6,residential,India
1,2058-09-15,731.78,residential,India
1,2058-09-16,718.88,residential,India
1,2058-09-17,665.45,residential,India
1,2058-09-18,715.23,residential,India
1,2058-09-19,706.97,residential,India
1,2058-09-20,738.84,residential,India
1,2058-09-21,716.46,residential,India
1,2058-09-22,742.63,residential,India
1,2058-09-23,706.49,residential,India
1,2058-09-24,667.41,residential,India
1,2058-09-25,680.53,residential,India
1,2058-09-26,700.43,residential,India
1,2058-09-27,713.76,residential,India
1,2058-09-28,701.48,residential,India
1,2058-09-29,719.08,residential,India
1,2058-09-30,694.32,residential,India
1,2058-10-01,683.12,residential,India
1,2058-10-02,714.58,residential,India
1,2058-10-03,717.58,residential,India
1,2058-10-04,709.22,residential,India
1,2058-10-05,707.08,residential,India
1,2058-10-06,726.62,residential,India
1,2058-10-07,728.64,residential,India
1,2058-10-08,716.0,residential,India
1,2058-10-09,710.59,residential,India
1,2058-10-10,738.65,residential,India
1,2058-10-11,668.07,residential,India
1,2058-10-12,690.62,residential,India
1,2058-10-13,710.69,residential,India
1,2058-10-14,715.09,residential,India
1,2058-10-15,665.99,residential,India
1,2058-10-16,707.73,residential,India
1,2058-10-17,731.85,residential,India
1,2058-10-18,679.75,residential,India
1,2058-10-19,688.78,residential,India
1,2058-10-20,694.53,residential,India
1,2058-10-21,687.46,residential,India
1,2058-10-22,694.12,residential,India
1,2058-10-23,695.99,residential,India
1,2058-10-24,703.12,residential,India
1,2058-10-25,704.45,residential,India
1,2058-10-26,720.58,residential,India
1,2058-10-27,714.95,residential,India
1,2058-10-28,729.65,residential,India
1,2058-10-29,692.95,residential,India
1,2058-10-30,707.1,residential,India
1,2058-10-31,704.58,residential,India
1,2058-11-01,715.24,residential,India
1,2058-11-02,746.86,residential,India
1,2058-11-03,695.32,residential,India
1,2058-11-04,706.54,residential,India
1,2058-11-05,724.61,residential,India
1,2058-11-06,719.4,residential,India
1,2058-11-07,682.2,residential,India
1,2058-11-08,748.56,residential,India
1,2058-11-09,710.27,residential,India
1,2058-11-10,702.08,residential,India
1,2058-11-11,740.77,residential,India
1,2058-11-12,726.7,residential,India
1,2058-11-13,700.84,residential,India
1,2058-11-14,693.03,residential,India
1,2058-11-15,750.71,residential,India
1,2058-11-16,709.38,residential,India
1,2058-11-17,742.26,residential,India
1,2058-11-18,684.61,residential,India
1,2058-11-19,739.26,residential,India
1,2058-11-20,710.21,residential,India
1,2058-11-21,711.17,residential,India
1,2058-11-22,708.16,residential,India
1,2058-11-23,693.49,residential,India
1,2058-11-24,706.65,residential,India
1,2058-11-25,759.0,residential,India
1,2058-11-26,755.62,residential,India
1,2058-11-27,717.75,residential,India
1,2058-11-28,719.52,residential,India
1,2058-11-29,706.02,residential,India
1,2058-11-30,719.68,residential,India
1,2058-12-01,737.42,residential,India
1,2058-12-02,711.54,residential,India
1,2058-12-03,702.57,residential,India
1,2058-12-04,708.75,residential,India
1,2058-12-05,712.87,residential,India
1,2058-12-06,701.89,residential,India
1,2058-12-07,698.59,residential,India
1,2058-12-08,731.43,residential,India
1,2058-12-09,724.46,residential,India
1,2058-12-10,720.7,residential,India
1,2058-12-11,720.84,residential,India
1,2058-12-12,710.56,residential,India
1,2058-12-13,718.96,residential,India
1,2058-12-14,682.9,residential,India
1,2058-12-15,672.32,residential,India
1,2058-12-16,716.86,residential,India
1,2058-12-17,731.49,residential,India
1,2058-12-18,724.11,residential,India
1,2058-12-19,718.28,residential,India
1,2058-12-20,716.96,residential,India
1,2058-12-21,730.16,residential,India
1,2058-12-22,694.25,residential,India
1,2058-12-23,700.54,residential,India
1,2058-12-24,719.48,residential,India
1,2058-12-25,712.59,residential,India
1,2058-12-26,721.06,residential,India
1,2058-12-27,716.21,residential,India
1,2058-12-28,724.0,residential,India
1,2058-12-29,718.49,residential,India
1,2058-12-30,729.08,residential,India
1,2058-12-31,735.52,residential,India
1,2059-01-01,697.27,residential,India
1,2059-01-02,718.82,residential,India
1,2059-01-03,696.17,residential,India
1,2059-01-04,710.24,residential,India
1,2059-01-05,725.65,residential,India
1,2059-01-06,700.78,residential,India
1,2059-01-07,725.15,residential,India
1,2059-01-08,704.71,residential,India
1,2059-01-09,728.54,residential,India
1,2059-01-10,720.59,residential,India
1,2059-01-11,707.51,residential,India
1,2059-01-12,702.07,residential,India
1,2059-01-13,738.53,residential,India
1,2059-01-14,703.31,residential,India
1,2059-01-15,710.06,residential,India
1,2059-01-16,699.2,residential,India
1,2059-01-17,714.12,residential,India
1,2059-01-18,757.31,residential,India
1,2059-01-19,692.66,residential,India
1,2059-01-20,738.75,residential,India
1,2059-01-21,703.25,residential,India
1,2059-01-22,720.29,residential,India
1,2059-01-23,770.19,residential,India
1,2059-01-24,759.71,residential,India
1,2059-01-25,725.2,residential,India
1,2059-01-26,734.21,residential,India
1,2059-01-27,722.84,residential,India
1,2059-01-28,705.64,residential,India
1,2059-01-29,709.05,residential,India
1,2059-01-30,748.54,residential,India
1,2059-01-31,714.28,residential,India
1,2059-02-01,727.85,residential,India
1,2059-02-02,738.13,residential,India
1,2059-02-03,751.01,residential,India
1,2059-02-04,731.59,residential,India
1,2059-02-05,716.81,residential,India
1,2059-02-06,757.26,residential,India
1,2059-02-07,729.37,residential,India
1,2059-02-08,714.6,residential,India
1,2059-02-09,719.79,residential,India
1,2059-02-10,746.18,residential,India
1,2059-02-11,700.38,residential,India
1,2059-02-12,726.77,residential,India
1,2059-02-13,723.76,residential,India
1,2059-02-14,720.55,residential,India
1,2059-02-15,756.17,residential,India
1,2059-02-16,722.06,residential,India
1,2059-02-17,736.08,residential,India
1,2059-02-18,708.51,residential,India
1,2059-02-19,701.98,residential,India
1,2059-02-20,733.08,residential,India
1,2059-02-21,689.68,residential,India
1,2059-02-22,700.81,residential,India
1,2059-02-23,769.28,residential,India
1,2059-02-24,733.15,residential,India
1,2059-02-25,744.68,residential,India
1,2059-02-26,740.43,residential,India
1,2059-02-27,744.76,residential,India
1,2059-02-28,718.92,residential,India
1,2059-03-01,687.53,residential,India
1,2059-03-02,732.45,residential,India
1,2059-03-03,747.18,residential,India
1,2059-03-04,741.02,residential,India
1,2059-03-05,734.91,residential,India
1,2059-03-06,736.76,residential,India
1,2059-03-07,733.79,residential,India
1,2059-03-08,745.56,residential,India
1,2059-03-09,750.82,residential,India
1,2059-03-10,756.08,residential,India
1,2059-03-11,719.22,residential,India
1,2059-03-12,695.22,residential,India
1,2059-03-13,711.33,residential,India
1,2059-03-14,741.76,residential,India
1,2059-03-15,733.12,residential,India
1,2059-03-16,738.53,residential,India
1,2059-03-17,763.44,residential,India
1,2059-03-18,729.29,residential,India
1,2059-03-19,747.38,residential,India
1,2059-03-20,683.9,residential,India
1,2059-03-21,738.07,residential,India
1,2059-03-22,771.47,residential,India
1,2059-03-23,735.87,residential,India
1,2059-03-24,728.73,residential,India
1,2059-03-25,726.52,residential,India
1,2059-03-26,756.87,residential,India
1,2059-03-27,746.04,residential,India
1,2059-03-28,757.78,residential,India
1,2059-03-29,717.0,residential,India
1,2059-03-30,716.62,residential,India
1,2059-03-31,697.54,residential,India
1,2059-04-01,733.73,residential,India
1,2059-04-02,719.57,residential,India
1,2059-04-03,746.54,residential,India
1,2059-04-04,768.72,residential,India
1,2059-04-05,725.63,residential,India
1,2059-04-06,758.71,residential,India
1,2059-04-07,718.23,residential,India
1,2059-04-08,717.18,residential,India
1,2059-04-09,717.85,residential,India
1,2059-04-10,737.1,residential,India
1,2059-04-11,727.82,residential,India
1,2059-04-12,730.9,residential,India
1,2059-04-13,690.79,residential,India
1,2059-04-14,721.82,residential,India
1,2059-04-15,721.43,residential,India
1,2059-04-16,748.03,residential,India
1,2059-04-17,713.17,residential,India
1,2059-04-18,735.25,residential,India
1,2059-04-19,765.23,residential,India
1,2059-04-20,719.74,residential,India
1,2059-04-21,662.97,residential,India
1,2059-04-22,706.54,residential,India
1,2059-04-23,729.68,residential,India
1,2059-04-24,706.49,residential,India
1,2059-04-25,768.88,residential,India
1,2059-04-26,737.15,residential,India
1,2059-04-27,756.77,residential,India
1,2059-04-28,754.59,residential,India
1,2059-04-29,750.19,residential,India
1,2059-04-30,737.44,residential,India
1,2059-05-01,731.11,residential,India
1,2059-05-02,695.7,residential,India
1,2059-05-03,736.62,residential,India
1,2059-05-04,763.07,residential,India
1,2059-05-05,738.34,residential,India
1,2059-05-06,718.16,residential,India
1,2059-05-07,699.35,residential,India
1,2059-05-08,756.9,residential,India
1,2059-05-09,745.91,residential,India
1,2059-05-10,734.49,residential,India
1,2059-05-11,748.65,residential,India
1,2059-05-12,725.39,residential,India
1,2059-05-13,768.53,residential,India
1,2059-05-14,733.36,residential,India
1,2059-05-15,726.93,residential,India
1,2059-05-16,783.2,residential,India
1,2059-05-17,739.53,residential,India
1,2059-05-18,738.31,residential,India
1,2059-05-19,731.61,residential,India
1,2059-05-20,735.95,residential,India
1,2059-05-21,733.03,residential,India
1,2059-05-22,732.49,residential,India
1,2059-05-23,740.82,residential,India
1,2059-05-24,763.52,residential,India
1,2059-05-25,737.84,residential,India
1,2059-05-26,769.31,residential,India
1,2059-05-27,723.55,residential,India
1,2059-05-28,740.47,residential,India
1,2059-05-29,756.86,residential,India
1,2059-05-30,728.99,residential,India
1,2059-05-31,743.63,residential,India
1,2059-06-01,734.97,residential,India
1,2059-06-02,737.37,residential,India
1,2059-06-03,747.4,residential,India
1,2059-06-04,742.68,residential,India
1,2059-06-05,729.34,residential,India
1,2059-06-06,767.25,residential,India
1,2059-06-07,751.06,residential,India
1,2059-06-08,724.98,residential,India
1,2059-06-09,734.19,residential,India
1,2059-06-10,760.26,residential,India
1,2059-06-11,717.88,residential,India
1,2059-06-12,734.26,residential,India
1,2059-06-13,766.16,residential,India
1,2059-06-14,736.6,residential,India
1,2059-06-15,715.14,residential,India
1,2059-06-16,718.56,residential,India
1,2059-06-17,748.1,residential,India
1,2059-06-18,717.81,residential,India
1,2059-06-19,751.44,residential,India
1,2059-06-20,737.39,residential,India
1,2059-06-21,710.71,residential,India
1,2059-06-22,708.57,residential,India
1,2059-06-23,752.68,residential,India
1,2059-06-24,709.71,residential,India
1,2059-06-25,784.36,residential,India
1,2059-06-26,743.26,residential,India
1,2059-06-27,721.12,residential,India
1,2059-06-28,736.57,residential,India
1,2059-06-29,771.81,residential,India
1,2059-06-30,755.25,residential,India
1,2059-07-01,755.15,residential,India
1,2059-07-02,746.85,residential,India
1,2059-07-03,731.56,residential,India
1,2059-07-04,723.99,residential,India
1,2059-07-05,704.26,residential,India
1,2059-07-06,760.23,residential,India
1,2059-07-07,758.34,residential,India
1,2059-07-08,740.03,residential,India
1,2059-07-09,759.36,residential,India
1,2059-07-10,735.16,residential,India
1,2059-07-11,733.74,residential,India
1,2059-07-12,749.45,residential,India
1,2059-07-13,757.85,residential,India
1,2059-07-14,715.73,residential,India
1,2059-07-15,723.91,residential,India
1,2059-07-16,760.6,residential,India
1,2059-07-17,720.38,residential,India
1,2059-07-18,732.32,residential,India
1,2059-07-19,720.91,residential,India
1,2059-07-20,735.23,residential,India
1,2059-07-21,734.34,residential,India
1,2059-07-22,737.93,residential,India
1,2059-07-23,776.27,residential,India
1,2059-07-24,768.32,residential,India
1,2059-07-25,738.69,residential,India
1,2059-07-26,745.98,residential,India
1,2059-07-27,736.21,residential,India
1,2059-07-28,713.27,residential,India
1,2059-07-29,791.65,residential,India
1,2059-07-30,751.13,residential,India
1,2059-07-31,766.19,residential,India
1,2059-08-01,728.5,residential,India
1,2059-08-02,723.17,residential,India
1,2059-08-03,721.21,residential,India
1,2059-08-04,729.65,residential,India
1,2059-08-05,729.3,residential,India
1,2059-08-06,776.36,residential,India
1,2059-08-07,771.24,residential,India
1,2059-08-08,778.03,residential,India
1,2059-08-09,723.79,residential,India
1,2059-08-10,720.68,residential,India
1,2059-08-11,723.44,residential,India
1,2059-08-12,734.48,residential,India
1,2059-08-13,706.44,residential,India
1,2059-08-14,696.71,residential,India
1,2059-08-15,744.64,residential,India
1,2059-08-16,756.53,residential,India
1,2059-08-17,732.95,residential,India
1,2059-08-18,766.86,residential,India
1,2059-08-19,750.65,residential,India
1,2059-08-20,756.69,residential,India
1,2059-08-21,691.51,residential,India
1,2059-08-22,724.42,residential,India
1,2059-08-23,753.91,residential,India
1,2059-08-24,730.05,residential,India
1,2059-08-25,740.89,residential,India
1,2059-08-26,766.98,residential,India
1,2059-08-27,703.8,residential,India
1,2059-08-28,728.63,residential,India
1,2059-08-29,742.58,residential,India
1,2059-08-30,744.68,residential,India
1,2059-08-31,744.8,residential,India
1,2059-09-01,728.31,residential,India
1,2059-09-02,703.93,residential,India
1,2059-09-03,737.88,residential,India
1,2059-09-04,753.96,residential,India
1,2059-09-05,754.25,residential,India
1,2059-09-06,772.73,residential,India
1,2059-09-07,761.71,residential,India
1,2059-09-08,742.41,residential,India
1,2059-09-09,761.62,residential,India
1,2059-09-10,776.68,residential,India
1,2059-09-11,755.87,residential,India
1,2059-09-12,728.42,residential,India
1,2059-09-13,729.25,residential,India
1,2059-09-14,784.37,residential,India
1,2059-09-15,709.92,residential,India
1,2059-09-16,772.85,residential,India
1,2059-09-17,746.05,residential,India
1,2059-09-18,765.52,residential,India
1,2059-09-19,741.56,residential,India
1,2059-09-20,767.99,residential,India
1,2059-09-21,732.25,residential,India
1,2059-09-22,704.37,residential,India
1,2059-09-23,782.72,residential,India
1,2059-09-24,733.84,residential,India
1,2059-09-25,710.5,residential,India
1,2059-09-26,744.49,residential,India
1,2059-09-27,712.44,residential,India
1,2059-09-28,728.38,residential,India
1,2059-09-29,742.24,residential,India
1,2059-09-30,747.78,residential,India
1,2059-10-01,737.27,residential,India
1,2059-10-02,766.54,residential,India
1,2059-10-03,757.24,residential,India
1,2059-10-04,728.17,residential,India
1,2059-10-05,749.71,residential,India
1,2059-10-06,740.47,residential,India
1,2059-10-07,746.48,residential,India
1,2059-10-08,749.53,residential,India
1,2059-10-09,767.39,residential,India
1,2059-10-10,761.79,residential,India
1,2059-10-11,736.97,residential,India
1,2059-10-12,723.87,residential,India
1,2059-10-13,753.41,residential,India
1,2059-10-14,723.67,residential,India
1,2059-10-15,770.3,residential,India
1,2059-10-16,712.85,residential,India
1,2059-10-17,783.77,residential,India
1,2059-10-18,766.18,residential,India
1,2059-10-19,736.72,residential,India
1,2059-10-20,762.68,residential,India
1,2059-10-21,764.44,residential,India
1,2059-10-22,753.79,residential,India
1,2059-10-23,694.34,residential,India
1,2059-10-24,715.78,residential,India
1,2059-10-25,732.94,residential,India
1,2059-10-26,762.16,residential,India
1,2059-10-27,740.95,residential,India
1,2059-10-28,736.06,residential,India
1,2059-10-29,729.97,residential,India
1,2059-10-30,727.96,residential,India
1,2059-10-31,721.2,residential,India
1,2059-11-01,748.95,residential,India
1,2059-11-02,725.95,residential,India
1,2059-11-03,765.39,residential,India
1,2059-11-04,734.99,residential,India
1,2059-11-05,733.55,residential,India
1,2059-11-06,728.26,residential,India
1,2059-11-07,744.03,residential,India
1,2059-11-08,748.17,residential,India
1,2059-11-09,761.51,residential,India
1,2059-11-10,735.1,residential,India
1,2059-11-11,751.23,residential,India
1,2059-11-12,714.29,residential,India
1,2059-11-13,721.33,residential,India
1,2059-11-14,755.49,residential,India
1,2059-11-15,750.65,residential,India
1,2059-11-16,745.02,residential,India
1,2059-11-17,753.27,residential,India
1,2059-11-18,742.12,residential,India
1,2059-11-19,749.29,residential,India
1,2059-11-20,755.64,residential,India
1,2059-11-21,747.26,residential,India
1,2059-11-22,732.38,residential,India
1,2059-11-23,761.67,residential,India
1,2059-11-24,753.1,residential,India
1,2059-11-25,740.05,residential,India
1,2059-11-26,739.83,residential,India
1,2059-11-27,707.36,residential,India
1,2059-11-28,768.43,residential,India
1,2059-11-29,750.72,residential,India
1,2059-11-30,754.67,residential,India
1,2059-12-01,710.66,residential,India
1,2059-12-02,778.62,residential,India
1,2059-12-03,764.41,residential,India
1,2059-12-04,711.5,residential,India
1,2059-12-05,728.85,residential,India
1,2059-12-06,760.88,residential,India
1,2059-12-07,749.41,residential,India
1,2059-12-08,723.25,residential,India
1,2059-12-09,743.33,residential,India
1,2059-12-10,720.53,residential,India
1,2059-12-11,716.38,residential,India
1,2059-12-12,763.86,residential,India
1,2059-12-13,738.77,residential,India
1,2059-12-14,715.1,residential,India
1,2059-12-15,753.11,residential,India
1,2059-12-16,729.94,residential,India
1,2059-12-17,703.45,residential,India
1,2059-12-18,749.69,residential,India
1,2059-12-19,748.99,residential,India
1,2059-12-20,734.02,residential,India
1,2059-12-21,738.82,residential,India
1,2059-12-22,737.26,residential,India
1,2059-12-23,755.1,residential,India
1,2059-12-24,715.47,residential,India
1,2059-12-25,741.12,residential,India
1,2059-12-26,745.29,residential,India
1,2059-12-27,722.77,residential,India
1,2059-12-28,727.87,residential,India
1,2059-12-29,743.66,residential,India
1,2059-12-30,711.07,residential,India
1,2059-12-31,725.31,residential,India
1,2060-01-01,720.12,residential,India
1,2060-01-02,750.11,residential,India
1,2060-01-03,676.22,residential,India
1,2060-01-04,764.46,residential,India
1,2060-01-05,736.85,residential,India
1,2060-01-06,714.99,residential,India
1,2060-01-07,737.24,residential,India
1,2060-01-08,773.67,residential,India
1,2060-01-09,721.57,residential,India
1,2060-01-10,757.27,residential,India
1,2060-01-11,717.03,residential,India
1,2060-01-12,736.98,residential,India
1,2060-01-13,762.3,residential,India
1,2060-01-14,756.39,residential,India
1,2060-01-15,760.93,residential,India
1,2060-01-16,719.66,residential,India
1,2060-01-17,735.41,residential,India
1,2060-01-18,740.55,residential,India
1,2060-01-19,748.69,residential,India
1,2060-01-20,725.58,residential,India
1,2060-01-21,723.2,residential,India
1,2060-01-22,758.6,residential,India
1,2060-01-23,696.25,residential,India
1,2060-01-24,733.08,residential,India
1,2060-01-25,737.79,residential,India
1,2060-01-26,732.85,residential,India
1,2060-01-27,725.52,residential,India
1,2060-01-28,770.15,residential,India
1,2060-01-29,734.65,residential,India
1,2060-01-30,721.04,residential,India
1,2060-01-31,750.8,residential,India
1,2060-02-01,749.01,residential,India
1,2060-02-02,701.94,residential,India
1,2060-02-03,772.53,residential,India
1,2060-02-04,745.29,residential,India
1,2060-02-05,762.98,residential,India
1,2060-02-06,724.98,residential,India
1,2060-02-07,726.18,residential,India
1,2060-02-08,731.85,residential,India
1,2060-02-09,731.02,residential,India
1,2060-02-10,709.1,residential,India
1,2060-02-11,745.82,residential,India
1,2060-02-12,770.87,residential,India
1,2060-02-13,744.74,residential,India
1,2060-02-14,736.96,residential,India
1,2060-02-15,745.85,residential,India
1,2060-02-16,747.53,residential,India
1,2060-02-17,726.52,residential,India
1,2060-02-18,740.44,residential,India
1,2060-02-19,747.0,residential,India
1,2060-02-20,716.23,residential,India
1,2060-02-21,747.03,residential,India
1,2060-02-22,721.86,residential,India
1,2060-02-23,735.64,residential,India
1,2060-02-24,758.11,residential,India
1,2060-02-25,715.29,residential,India
1,2060-02-26,756.06,residential,India
1,2060-02-27,724.72,residential,India
1,2060-02-28,685.97,residential,India
1,2060-02-29,712.9,residential,India
1,2060-03-01,747.13,residential,India
1,2060-03-02,706.19,residential,India
1,2060-03-03,730.2,residential,India
1,2060-03-04,712.12,residential,India
1,2060-03-05,755.81,residential,India
1,2060-03-06,685.96,residential,India
1,2060-03-07,733.42,residential,India
1,2060-03-08,699.33,residential,India
1,2060-03-09,722.51,residential,India
1,2060-03-10,721.85,residential,India
1,2060-03-11,758.55,residential,India
1,2060-03-12,770.66,residential,India
1,2060-03-13,727.38,residential,India
1,2060-03-14,738.19,residential,India
1,2060-03-15,731.9,residential,India
1,2060-03-16,706.38,residential,India
1,2060-03-17,722.27,residential,India
1,2060-03-18,704.8,residential,India
1,2060-03-19,731.83,residential,India
1,2060-03-20,738.14,residential,India
1,2060-03-21,739.69,residential,India
1,2060-03-22,744.13,residential,India
1,2060-03-23,744.68,residential,India
1,2060-03-24,712.42,residential,India
1,2060-03-25,697.95,residential,India
1,2060-03-26,721.28,residential,India
1,2060-03-27,717.95,residential,India
1,2060-03-28,707.99,residential,India
1,2060-03-29,758.48,residential,India
1,2060-03-30,717.94,residential,India
1,2060-03-31,769.59,residential,India
1,2060-04-01,731.15,residential,India
1,2060-04-02,724.99,residential,India
1,2060-04-03,716.67,residential,India
1,2060-04-04,713.84,residential,India
1,2060-04-05,729.51,residential,India
1,2060-04-06,759.96,residential,India
1,2060-04-07,708.66,residential,India
1,2060-04-08,726.88,residential,India
1,2060-04-09,743.1,residential,India
1,2060-04-10,747.82,residential,India
1,2060-04-11,732.06,residential,India
1,2060-04-12,731.84,residential,India
1,2060-04-13,719.83,residential,India
1,2060-04-14,755.88,residential,India
1,2060-04-15,725.52,residential,India
1,2060-04-16,766.34,residential,India
1,2060-04-17,722.32,residential,India
1,2060-04-18,756.01,residential,India
1,2060-04-19,741.25,residential,India
1,2060-04-20,728.82,residential,India
1,2060-04-21,695.74,residential,India
1,2060-04-22,727.79,residential,India
1,2060-04-23,742.99,residential,India
1,2060-04-24,753.23,residential,India
1,2060-04-25,778.22,residential,India
1,2060-04-26,746.36,residential,India
1,2060-04-27,728.36,residential,India
1,2060-04-28,734.11,residential,India
1,2060-04-29,752.01,residential,India
1,2060-04-30,750.84,residential,India
1,2060-05-01,735.42,residential,India
1,2060-05-02,760.15,residential,India
1,2060-05-03,717.43,residential,India
1,2060-05-04,756.64,residential,India
1,2060-05-05,735.19,residential,India
1,2060-05-06,714.71,residential,India
1,2060-05-07,732.93,residential,India
1,2060-05-08,742.71,residential,India
1,2060-05-09,737.55,residential,India
1,2060-05-10,756.16,residential,India
1,2060-05-11,756.16,residential,India
1,2060-05-12,744.03,residential,India
1,2060-05-13,718.16,residential,India
1,2060-05-14,712.1,residential,India
1,2060-05-15,688.95,residential,India
1,2060-05-16,751.38,residential,India
1,2060-05-17,762.04,residential,India
1,2060-05-18,755.32,residential,India
1,2060-05-19,766.0,residential,India
1,2060-05-20,681.42,residential,India
1,2060-05-21,738.62,residential,India
1,2060-05-22,742.89,residential,India
1,2060-05-23,778.96,residential,India
1,2060-05-24,757.16,residential,India
1,2060-05-25,715.62,residential,India
1,2060-05-26,733.6,residential,India
1,2060-05-27,743.86,residential,India
1,2060-05-28,780.97,residential,India
1,2060-05-29,732.68,residential,India
1,2060-05-30,713.89,residential,India
1,2060-05-31,719.69,residential,India
1,2060-06-01,742.5,residential,India
1,2060-06-02,706.79,residential,India
1,2060-06-03,755.96,residential,India
1,2060-06-04,732.64,residential,India
1,2060-06-05,739.91,residential,India
1,2060-06-06,727.34,residential,India
1,2060-06-07,718.07,residential,India
1,2060-06-08,759.5,residential,India
1,2060-06-09,757.92,residential,India
1,2060-06-10,748.41,residential,India
1,2060-06-11,716.64,residential,India
1,2060-06-12,699.86,residential,India
1,2060-06-13,706.44,residential,India
1,2060-06-14,693.42,residential,India
1,2060-06-15,709.59,residential,India
1,2060-06-16,734.82,residential,India
1,2060-06-17,724.03,residential,India
1,2060-06-18,764.01,residential,India
1,2060-06-19,704.4,residential,India
1,2060-06-20,748.95,residential,India
1,2060-06-21,757.48,residential,India
1,2060-06-22,739.17,residential,India
1,2060-06-23,761.21,residential,India
1,2060-06-24,737.88,residential,India
1,2060-06-25,746.2,residential,India
1,2060-06-26,719.12,residential,India
1,2060-06-27,719.61,residential,India
1,2060-06-28,699.87,residential,India
1,2060-06-29,784.25,residential,India
1,2060-06-30,749.13,residential,India
1,2060-07-01,730.01,residential,India
1,2060-07-02,725.76,residential,India
1,2060-07-03,758.62,residential,India
1,2060-07-04,737.37,residential,India
1,2060-07-05,733.87,residential,India
1,2060-07-06,734.6,residential,India
1,2060-07-07,725.82,residential,India
1,2060-07-08,731.98,residential,India
1,2060-07-09,700.9,residential,India
1,2060-07-10,735.24,residential,India
1,2060-07-11,741.32,residential,India
1,2060-07-12,703.73,residential,India
1,2060-07-13,722.57,residential,India
1,2060-07-14,762.82,residential,India
1,2060-07-15,762.78,residential,India
1,2060-07-16,716.96,residential,India
1,2060-07-17,711.75,residential,India
1,2060-07-18,719.76,residential,India
1,2060-07-19,706.32,residential,India
1,2060-07-20,719.72,residential,India
1,2060-07-21,764.53,residential,India
1,2060-07-22,735.87,residential,India
1,2060-07-23,684.82,residential,India
1,2060-07-24,718.9,residential,India
1,2060-07-25,738.68,residential,India
1,2060-07-26,700.33,residential,India
1,2060-07-27,714.84,residential,India
1,2060-07-28,710.95,residential,India
1,2060-07-29,743.48,residential,India
1,2060-07-30,720.23,residential,India
1,2060-07-31,719.1,residential,India
1,2060-08-01,719.65,residential,India
1,2060-08-02,724.58,residential,India
1,2060-08-03,686.09,residential,India
1,2060-08-04,733.52,residential,India
1,2060-08-05,751.78,residential,India
1,2060-08-06,742.17,residential,India
1,2060-08-07,706.31,residential,India
1,2060-08-08,741.38,residential,India
1,2060-08-09,701.76,residential,India
1,2060-08-10,726.49,residential,India
1,2060-08-11,706.84,residential,India
1,2060-08-12,734.56,residential,India
1,2060-08-13,734.49,residential,India
1,2060-08-14,773.5,residential,India
1,2060-08-15,711.7,residential,India
1,2060-08-16,743.59,residential,India
1,2060-08-17,745.41,residential,India
1,2060-08-18,728.12,residential,India
1,2060-08-19,718.88,residential,India
1,2060-08-20,726.23,residential,India
1,2060-08-21,757.65,residential,India
1,2060-08-22,703.27,residential,India
1,2060-08-23,751.55,residential,India
1,2060-08-24,699.39,residential,India
1,2060-08-25,707.85,residential,India
1,2060-08-26,760.08,residential,India
1,2060-08-27,722.96,residential,India
1,2060-08-28,713.81,residential,India
1,2060-08-29,718.37,residential,India
1,2060-08-30,708.14,residential,India
1,2060-08-31,682.08,residential,India
1,2060-09-01,704.11,residential,India
1,2060-09-02,714.59,residential,India
1,2060-09-03,709.04,residential,India
1,2060-09-04,713.88,residential,India
1,2060-09-05,741.72,residential,India
1,2060-09-06,755.19,residential,India
1,2060-09-07,693.85,residential,India
1,2060-09-08,712.36,residential,India
1,2060-09-09,691.75,residential,India
1,2060-09-10,743.8,residential,India
1,2060-09-11,728.28,residential,India
1,2060-09-12,694.8,residential,India
1,2060-09-13,694.08,residential,India
1,2060-09-14,709.61,residential,India
1,2060-09-15,726.67,residential,India
1,2060-09-16,732.86,residential,India
1,2060-09-17,711.9,residential,India
1,2060-09-18,722.15,residential,India
1,2060-09-19,685.81,residential,India
1,2060-09-20,734.7,residential,India
1,2060-09-21,724.78,residential,India
1,2060-09-22,745.32,residential,India
1,2060-09-23,706.95,residential,India
1,2060-09-24,717.95,residential,India
1,2060-09-25,692.93,residential,India
1,2060-09-26,717.75,residential,India
1,2060-09-27,720.54,residential,India
1,2060-09-28,728.3,residential,India
1,2060-09-29,746.9,residential,India
1,2060-09-30,699.34,residential,India
1,2060-10-01,697.81,residential,India
1,2060-10-02,736.66,residential,India
1,2060-10-03,684.34,residential,India
1,2060-10-04,711.96,residential,India
1,2060-10-05,686.46,residential,India
1,2060-10-06,716.7,residential,India
1,2060-10-07,740.47,residential,India
1,2060-10-08,721.43,residential,India
1,2060-10-09,707.54,residential,India
1,2060-10-10,718.98,residential,India
1,2060-10-11,728.97,residential,India
1,2060-10-12,732.01,residential,India
1,2060-10-13,711.74,residential,India
1,2060-10-14,742.53,residential,India
1,2060-10-15,719.58,residential,India
1,2060-10-16,705.2,residential,India
1,2060-10-17,691.94,residential,India
1,2060-10-18,698.57,residential,India
1,2060-10-19,679.54,residential,India
1,2060-10-20,713.81,residential,India
1,2060-10-21,708.39,residential,India
1,2060-10-22,695.97,residential,India
1,2060-10-23,694.94,residential,India
1,2060-10-24,709.22,residential,India
1,2060-10-25,723.05,residential,India
1,2060-10-26,693.89,residential,India
1,2060-10-27,710.0,residential,India
1,2060-10-28,688.86,residential,India
1,2060-10-29,715.59,residential,India
1,2060-10-30,709.76,residential,India
1,2060-10-31,714.48,residential,India
1,2060-11-01,742.6,residential,India
1,2060-11-02,681.55,residential,India
1,2060-11-03,713.0,residential,India
1,2060-11-04,707.38,residential,India
1,2060-11-05,733.84,residential,India
1,2060-11-06,717.89,residential,India
1,2060-11-07,699.15,residential,India
1,2060-11-08,726.88,residential,India
1,2060-11-09,736.56,residential,India
1,2060-11-10,708.44,residential,India
1,2060-11-11,689.63,residential,India
1,2060-11-12,701.49,residential,India
1,2060-11-13,758.48,residential,India
1,2060-11-14,715.08,residential,India
1,2060-11-15,687.02,residential,India
1,2060-11-16,694.67,residential,India
1,2060-11-17,675.62,residential,India
1,2060-11-18,701.4,residential,India
1,2060-11-19,712.75,residential,India
1,2060-11-20,714.43,residential,India
1,2060-11-21,692.82,residential,India
1,2060-11-22,694.75,residential,India
1,2060-11-23,738.6,residential,India
1,2060-11-24,721.3,residential,India
1,2060-11-25,677.36,residential,India
1,2060-11-26,736.59,residential,India
1,2060-11-27,707.59,residential,India
1,2060-11-28,725.79,residential,India
1,2060-11-29,691.18,residential,India
1,2060-11-30,703.18,residential,India
1,2060-12-01,733.57,residential,India
1,2060-12-02,709.48,residential,India
1,2060-12-03,697.43,residential,India
1,2060-12-04,723.6,residential,India
1,2060-12-05,739.92,residential,India
1,2060-12-06,687.98,residential,India
1,2060-12-07,664.65,residential,India
1,2060-12-08,701.07,residential,India
1,2060-12-09,699.95,residential,India
1,2060-12-10,719.67,residential,India
1,2060-12-11,704.63,residential,India
1,2060-12-12,662.74,residential,India
1,2060-12-13,714.54,residential,India
1,2060-12-14,726.71,residential,India
1,2060-12-15,701.54,residential,India
1,2060-12-16,678.96,residential,India
1,2060-12-17,675.3,residential,India
1,2060-12-18,715.98,residential,India
1,2060-12-19,709.31,residential,India
1,2060-12-20,733.7,residential,India
1,2060-12-21,724.71,residential,India
1,2060-12-22,701.06,residential,India
1,2060-12-23,697.1,residential,India
1,2060-12-24,697.65,residential,India
1,2060-12-25,671.79,residential,India
1,2060-12-26,696.26,residential,India
1,2060-12-27,725.46,residential,India
1,2060-12-28,692.9,residential,India
1,2060-12-29,746.22,residential,India
1,2060-12-30,723.97,residential,India
1,2060-12-31,717.08,residential,India
1,2061-01-01,699.58,residential,India
1,2061-01-02,719.55,residential,India
1,2061-01-03,694.33,residential,India
1,2061-01-04,693.84,residential,India
1,2061-01-05,728.17,residential,India
1,2061-01-06,679.88,residential,India
1,2061-01-07,698.98,residential,India
1,2061-01-08,721.07,residential,India
1,2061-01-09,669.37,residential,India
1,2061-01-10,675.81,residential,India
1,2061-01-11,736.12,residential,India
1,2061-01-12,715.06,residential,India
1,2061-01-13,698.55,residential,India
1,2061-01-14,700.95,residential,India
1,2061-01-15,712.61,residential,India
1,2061-01-16,703.76,residential,India
1,2061-01-17,727.01,residential,India
1,2061-01-18,735.55,residential,India
1,2061-01-19,722.25,residential,India
1,2061-01-20,715.75,residential,India
1,2061-01-21,685.49,residential,India
1,2061-01-22,670.67,residential,India
1,2061-01-23,693.87,residential,India
1,2061-01-24,688.38,residential,India
1,2061-01-25,697.21,residential,India
1,2061-01-26,710.77,residential,India
1,2061-01-27,730.15,residential,India
1,2061-01-28,707.95,residential,India
1,2061-01-29,699.81,residential,India
1,2061-01-30,745.36,residential,India
1,2061-01-31,701.52,residential,India
1,2061-02-01,690.76,residential,India
1,2061-02-02,712.37,residential,India
1,2061-02-03,704.13,residential,India
1,2061-02-04,702.84,residential,India
1,2061-02-05,699.22,residential,India
1,2061-02-06,681.61,residential,India
1,2061-02-07,694.44,residential,India
1,2061-02-08,690.42,residential,India
1,2061-02-09,709.75,residential,India
1,2061-02-10,699.61,residential,India
1,2061-02-11,678.08,residential,India
1,2061-02-12,652.88,residential,India
1,2061-02-13,683.18,residential,India
1,2061-02-14,684.9,residential,India
1,2061-02-15,736.3,residential,India
1,2061-02-16,713.55,residential,India
1,2061-02-17,708.63,residential,India
1,2061-02-18,730.68,residential,India
1,2061-02-19,682.09,residential,India
1,2061-02-20,690.45,residential,India
1,2061-02-21,668.84,residential,India
1,2061-02-22,708.05,residential,India
1,2061-02-23,724.58,residential,India
1,2061-02-24,700.75,residential,India
1,2061-02-25,660.54,residential,India
1,2061-02-26,675.38,residential,India
1,2061-02-27,691.51,residential,India
1,2061-02-28,672.95,residential,India
1,2061-03-01,692.9,residential,India
1,2061-03-02,699.9,residential,India
1,2061-03-03,705.01,residential,India
1,2061-03-04,673.08,residential,India
1,2061-03-05,687.73,residential,India
1,2061-03-06,726.08,residential,India
1,2061-03-07,711.56,residential,India
1,2061-03-08,714.53,residential,India
1,2061-03-09,679.77,residential,India
1,2061-03-10,717.3,residential,India
1,2061-03-11,693.94,residential,India
1,2061-03-12,719.1,residential,India
1,2061-03-13,711.55,residential,India
1,2061-03-14,692.81,residential,India
1,2061-03-15,687.27,residential,India
1,2061-03-16,698.3,residential,India
1,2061-03-17,697.69,residential,India
1,2061-03-18,724.44,residential,India
1,2061-03-19,671.95,residential,India
1,2061-03-20,658.74,residential,India
1,2061-03-21,680.87,residential,India
1,2061-03-22,696.24,residential,India
1,2061-03-23,688.69,residential,India
1,2061-03-24,695.58,residential,India
1,2061-03-25,664.44,residential,India
1,2061-03-26,676.34,residential,India
1,2061-03-27,675.92,residential,India
1,2061-03-28,708.17,residential,India
1,2061-03-29,658.42,residential,India
1,2061-03-30,669.31,residential,India
1,2061-03-31,677.51,residential,India
1,2061-04-01,683.37,residential,India
1,2061-04-02,711.75,residential,India
1,2061-04-03,671.75,residential,India
1,2061-04-04,736.33,residential,India
1,2061-04-05,714.37,residential,India
1,2061-04-06,680.6,residential,India
1,2061-04-07,685.69,residential,India
1,2061-04-08,661.45,residential,India
1,2061-04-09,722.17,residential,India
1,2061-04-10,721.46,residential,India
1,2061-04-11,671.95,residential,India
1,2061-04-12,682.0,residential,India
1,2061-04-13,674.46,residential,India
1,2061-04-14,681.67,residential,India
1,2061-04-15,713.44,residential,India
1,2061-04-16,689.97,residential,India
1,2061-04-17,690.89,residential,India
1,2061-04-18,686.69,residential,India
1,2061-04-19,664.87,residential,India
1,2061-04-20,640.87,residential,India
1,2061-04-21,685.44,residential,India
1,2061-04-22,730.53,residential,India
1,2061-04-23,692.55,residential,India
1,2061-04-24,663.66,residential,India
1,2061-04-25,677.77,residential,India
1,2061-04-26,717.07,residential,India
1,2061-04-27,684.57,residential,India
1,2061-04-28,682.44,residential,India
1,2061-04-29,652.6,residential,India
1,2061-04-30,700.02,residential,India
1,2061-05-01,657.05,residential,India
1,2061-05-02,723.05,residential,India
1,2061-05-03,649.48,residential,India
1,2061-05-04,662.91,residential,India
1,2061-05-05,675.13,residential,India
1,2061-05-06,688.5,residential,India
1,2061-05-07,695.47,residential,India
1,2061-05-08,692.48,residential,India
1,2061-05-09,684.98,residential,India
1,2061-05-10,673.92,residential,India
1,2061-05-11,694.32,residential,India
1,2061-05-12,716.11,residential,India
1,2061-05-13,703.44,residential,India
1,2061-05-14,691.35,residential,India
1,2061-05-15,682.39,residential,India
1,2061-05-16,688.15,residential,India
1,2061-05-17,695.87,residential,India
1,2061-05-18,703.75,residential,India
1,2061-05-19,673.33,residential,India
1,2061-05-20,702.12,residential,India
1,2061-05-21,674.8,residential,India
1,2061-05-22,702.33,residential,India
1,2061-05-23,665.62,residential,India
1,2061-05-24,680.36,residential,India
1,2061-05-25,694.67,residential,India
1,2061-05-26,666.72,residential,India
1,2061-05-27,726.63,residential,India
1,2061-05-28,681.84,residential,India
1,2061-05-29,650.96,residential,India
1,2061-05-30,683.9,residential,India
1,2061-05-31,694.88,residential,India
1,2061-06-01,696.59,residential,India
1,2061-06-02,676.98,residential,India
1,2061-06-03,662.21,residential,India
1,2061-06-04,692.43,residential,India
1,2061-06-05,698.54,residential,India
1,2061-06-06,674.05,residential,India
1,2061-06-07,665.38,residential,India
1,2061-06-08,641.98,residential,India
1,2061-06-09,715.52,residential,India
1,2061-06-10,667.09,residential,India
1,2061-06-11,693.07,residential,India
1,2061-06-12,694.6,residential,India
1,2061-06-13,695.07,residential,India
1,2061-06-14,694.53,residential,India
1,2061-06-15,681.44,residential,India
1,2061-06-16,702.21,residential,India
1,2061-06-17,667.2,residential,India
1,2061-06-18,697.9,residential,India
1,2061-06-19,683.31,residential,India
1,2061-06-20,696.21,residential,India
1,2061-06-21,668.2,residential,India
1,2061-06-22,664.8,residential,India
1,2061-06-23,721.76,residential,India
1,2061-06-24,682.61,residential,India
1,2061-06-25,686.89,residential,India
1,2061-06-26,700.9,residential,India
1,2061-06-27,687.44,residential,India
1,2061-06-28,693.29,residential,India
1,2061-06-29,692.36,residential,India
1,2061-06-30,679.26,residential,India
1,2061-07-01,672.6,residential,India
1,2061-07-02,706.8,residential,India
1,2061-07-03,668.78,residential,India
1,2061-07-04,679.1,residential,India
1,2061-07-05,657.84,residential,India
1,2061-07-06,668.15,residential,India
1,2061-07-07,671.66,residential,India
1,2061-07-08,672.29,residential,India
1,2061-07-09,653.39,residential,India
1,2061-07-10,705.64,residential,India
1,2061-07-11,700.34,residential,India
1,2061-07-12,677.47,residential,India
1,2061-07-13,666.04,residential,India
1,2061-07-14,663.74,residential,India
1,2061-07-15,683.49,residential,India
1,2061-07-16,694.7,residential,India
1,2061-07-17,683.89,residential,India
1,2061-07-18,686.35,residential,India
1,2061-07-19,662.19,residential,India
1,2061-07-20,686.98,residential,India
1,2061-07-21,696.31,residential,India
1,2061-07-22,715.48,residential,India
1,2061-07-23,676.32,residential,India
1,2061-07-24,630.56,residential,India
1,2061-07-25,663.19,residential,India
1,2061-07-26,688.09,residential,India
1,2061-07-27,696.43,residential,India
1,2061-07-28,675.17,residential,India
1,2061-07-29,679.41,residential,India
1,2061-07-30,671.02,residential,India
1,2061-07-31,674.3,residential,India
1,2061-08-01,691.0,residential,India
1,2061-08-02,671.16,residential,India
1,2061-08-03,719.05,residential,India
1,2061-08-04,673.25,residential,India
1,2061-08-05,685.95,residential,India
1,2061-08-06,696.61,residential,India
1,2061-08-07,662.47,residential,India
1,2061-08-08,661.04,residential,India
1,2061-08-09,689.27,residential,India
1,2061-08-10,710.3,residential,India
1,2061-08-11,684.05,residential,India
1,2061-08-12,682.31,residential,India
1,2061-08-13,648.0,residential,India
1,2061-08-14,641.53,residential,India
1,2061-08-15,637.98,residential,India
1,2061-08-16,657.58,residential,India
1,2061-08-17,654.19,residential,India
1,2061-08-18,694.27,residential,India
1,2061-08-19,677.64,residential,India
1,2061-08-20,665.47,residential,India
1,2061-08-21,677.22,residential,India
1,2061-08-22,666.14,residential,India
1,2061-08-23,657.13,residential,India
1,2061-08-24,690.44,residential,India
1,2061-08-25,639.82,residential,India
1,2061-08-26,683.22,residential,India
1,2061-08-27,675.44,residential,India
1,2061-08-28,682.82,residential,India
1,2061-08-29,682.2,residential,India
1,2061-08-30,656.79,residential,India
1,2061-08-31,682.1,residential,India
1,2061-09-01,674.43,residential,India
1,2061-09-02,680.3,residential,India
1,2061-09-03,644.53,residential,India
1,2061-09-04,640.81,residential,India
1,2061-09-05,684.22,residential,India
1,2061-09-06,657.32,residential,India
1,2061-09-07,653.39,residential,India
1,2061-09-08,669.76,residential,India
1,2061-09-09,661.03,residential,India
1,2061-09-10,686.77,residential,India
1,2061-09-11,655.92,residential,India
1,2061-09-12,678.11,residential,India
1,2061-09-13,674.59,residential,India
1,2061-09-14,666.32,residential,India
1,2061-09-15,660.15,residential,India
1,2061-09-16,665.6,residential,India
1,2061-09-17,695.57,residential,India
1,2061-09-18,668.64,residential,India
1,2061-09-19,659.99,residential,India
1,2061-09-20,650.9,residential,India
1,2061-09-21,643.0,residential,India
1,2061-09-22,688.48,residential,India
1,2061-09-23,656.87,residential,India
1,2061-09-24,708.37,residential,India
1,2061-09-25,667.21,residential,India
1,2061-09-26,679.92,residential,India
1,2061-09-27,672.77,residential,India
1,2061-09-28,731.52,residential,India
1,2061-09-29,693.9,residential,India
1,2061-09-30,655.09,residential,India
1,2061-10-01,682.42,residential,India
1,2061-10-02,671.86,residential,India
1,2061-10-03,664.7,residential,India
1,2061-10-04,651.02,residential,India
1,2061-10-05,640.85,residential,India
1,2061-10-06,669.68,residential,India
1,2061-10-07,658.41,residential,India
1,2061-10-08,656.58,residential,India
1,2061-10-09,662.98,residential,India
1,2061-10-10,643.01,residential,India
1,2061-10-11,651.63,residential,India
1,2061-10-12,649.18,residential,India
1,2061-10-13,668.45,residential,India
1,2061-10-14,696.26,residential,India
1,2061-10-15,679.17,residential,India
1,2061-10-16,674.77,residential,India
1,2061-10-17,659.99,residential,India
1,2061-10-18,656.17,residential,India
1,2061-10-19,661.66,residential,India
1,2061-10-20,700.44,residential,India
1,2061-10-21,650.23,residential,India
1,2061-10-22,690.24,residential,India
1,2061-10-23,686.92,residential,India
1,2061-10-24,699.22,residential,India
1,2061-10-25,653.83,residential,India
1,2061-10-26,628.27,residential,India
1,2061-10-27,671.46,residential,India
1,2061-10-28,638.06,residential,India
1,2061-10-29,682.0,residential,India
1,2061-10-30,648.13,residential,India
1,2061-10-31,662.72,residential,India
1,2061-11-01,668.47,residential,India
1,2061-11-02,664.48,residential,India
1,2061-11-03,632.96,residential,India
1,2061-11-04,645.44,residential,India
1,2061-11-05,625.44,residential,India
1,2061-11-06,687.01,residential,India
1,2061-11-07,674.81,residential,India
1,2061-11-08,649.71,residential,India
1,2061-11-09,672.2,residential,India
1,2061-11-10,660.99,residential,India
1,2061-11-11,669.43,residential,India
1,2061-11-12,680.28,residential,India
1,2061-11-13,681.21,residential,India
1,2061-11-14,652.12,residential,India
1,2061-11-15,672.7,residential,India
1,2061-11-16,675.77,residential,India
1,2061-11-17,697.27,residential,India
1,2061-11-18,694.66,residential,India
1,2061-11-19,686.05,residential,India
1,2061-11-20,643.01,residential,India
1,2061-11-21,652.96,residential,India
1,2061-11-22,694.97,residential,India
1,2061-11-23,682.16,residential,India
1,2061-11-24,665.69,residential,India
1,2061-11-25,680.21,residential,India
1,2061-11-26,673.03,residential,India
1,2061-11-27,683.27,residential,India
1,2061-11-28,659.99,residential,India
1,2061-11-29,695.21,residential,India
1,2061-11-30,682.89,residential,India
1,2061-12-01,661.05,residential,India
1,2061-12-02,680.01,residential,India
1,2061-12-03,676.86,residential,India
1,2061-12-04,674.62,residential,India
1,2061-12-05,616.64,residential,India
1,2061-12-06,633.1,residential,India
1,2061-12-07,691.24,residential,India
1,2061-12-08,623.5,residential,India
1,2061-12-09,676.82,residential,India
1,2061-12-10,651.51,residential,India
1,2061-12-11,683.27,residential,India
1,2061-12-12,667.06,residential,India
1,2061-12-13,663.72,residential,India
1,2061-12-14,682.69,residential,India
1,2061-12-15,648.48,residential,India
1,2061-12-16,694.88,residential,India
1,2061-12-17,703.33,residential,India
1,2061-12-18,649.52,residential,India
1,2061-12-19,673.33,residential,India
1,2061-12-20,680.59,residential,India
1,2061-12-21,648.0,residential,India
1,2061-12-22,686.49,residential,India
1,2061-12-23,682.13,residential,India
1,2061-12-24,652.5,residential,India
1,2061-12-25,653.82,residential,India
1,2061-12-26,685.11,residential,India
1,2061-12-27,677.36,residential,India
1,2061-12-28,653.56,residential,India
1,2061-12-29,664.38,residential,India
1,2061-12-30,706.76,residential,India
1,2061-12-31,665.99,residential,India
1,2062-01-01,645.49,residential,India
1,2062-01-02,662.21,residential,India
1,2062-01-03,669.23,residential,India
1,2062-01-04,694.9,residential,India
1,2062-01-05,666.67,residential,India
1,2062-01-06,639.75,residential,India
1,2062-01-07,661.95,residential,India
1,2062-01-08,647.72,residential,India
1,2062-01-09,647.32,residential,India
1,2062-01-10,672.69,residential,India
1,2062-01-11,648.38,residential,India
1,2062-01-12,685.27,residential,India
1,2062-01-13,688.38,residential,India
1,2062-01-14,662.34,residential,India
1,2062-01-15,640.69,residential,India
1,2062-01-16,652.09,residential,India
1,2062-01-17,713.61,residential,India
1,2062-01-18,614.21,residential,India
1,2062-01-19,639.07,residential,India
1,2062-01-20,638.34,residential,India
1,2062-01-21,652.9,residential,India
1,2062-01-22,674.79,residential,India
1,2062-01-23,698.42,residential,India
1,2062-01-24,665.02,residential,India
1,2062-01-25,657.59,residential,India
1,2062-01-26,699.2,residential,India
1,2062-01-27,640.79,residential,India
1,2062-01-28,664.6,residential,India
1,2062-01-29,641.29,residential,India
1,2062-01-30,677.21,residential,India
1,2062-01-31,679.1,residential,India
1,2062-02-01,651.4,residential,India
1,2062-02-02,668.46,residential,India
1,2062-02-03,707.8,residential,India
1,2062-02-04,678.12,residential,India
1,2062-02-05,661.21,residential,India
1,2062-02-06,681.11,residential,India
1,2062-02-07,650.08,residential,India
1,2062-02-08,644.28,residential,India
1,2062-02-09,673.86,residential,India
1,2062-02-10,649.24,residential,India
1,2062-02-11,678.29,residential,India
1,2062-02-12,632.96,residential,India
1,2062-02-13,639.9,residential,India
1,2062-02-14,662.43,residential,India
1,2062-02-15,663.42,residential,India
1,2062-02-16,646.41,residential,India
1,2062-02-17,685.44,residential,India
1,2062-02-18,688.19,residential,India
1,2062-02-19,686.34,residential,India
1,2062-02-20,659.11,residential,India
1,2062-02-21,657.26,residential,India
1,2062-02-22,633.04,residential,India
1,2062-02-23,645.07,residential,India
1,2062-02-24,636.39,residential,India
1,2062-02-25,653.29,residential,India
1,2062-02-26,648.29,residential,India
1,2062-02-27,639.18,residential,India
1,2062-02-28,646.5,residential,India
1,2062-03-01,636.43,residential,India
1,2062-03-02,669.9,residential,India
1,2062-03-03,643.97,residential,India
1,2062-03-04,686.53,residential,India
1,2062-03-05,634.72,residential,India
1,2062-03-06,682.31,residential,India
1,2062-03-07,636.95,residential,India
1,2062-03-08,675.41,residential,India
1,2062-03-09,679.02,residential,India
1,2062-03-10,649.39,residential,India
1,2062-03-11,671.81,residential,India
1,2062-03-12,622.62,residential,India
1,2062-03-13,688.65,residential,India
1,2062-03-14,633.56,residential,India
1,2062-03-15,662.8,residential,India
1,2062-03-16,655.51,residential,India
1,2062-03-17,654.06,residential,India
1,2062-03-18,624.59,residential,India
1,2062-03-19,629.05,residential,India
1,2062-03-20,654.06,residential,India
1,2062-03-21,674.66,residential,India
1,2062-03-22,659.53,residential,India
1,2062-03-23,651.25,residential,India
1,2062-03-24,687.24,residential,India
1,2062-03-25,665.38,residential,India
1,2062-03-26,648.13,residential,India
1,2062-03-27,677.91,residential,India
1,2062-03-28,640.28,residential,India
1,2062-03-29,664.28,residential,India
1,2062-03-30,630.06,residential,India
1,2062-03-31,665.53,residential,India
1,2062-04-01,623.62,residential,India
1,2062-04-02,656.11,residential,India
1,2062-04-03,664.81,residential,India
1,2062-04-04,660.57,residential,India
1,2062-04-05,685.2,residential,India
1,2062-04-06,669.18,residential,India
1,2062-04-07,651.09,residential,India
1,2062-04-08,658.83,residential,India
1,2062-04-09,649.25,residential,India
1,2062-04-10,661.29,residential,India
1,2062-04-11,650.65,residential,India
1,2062-04-12,643.91,residential,India
1,2062-04-13,682.04,residential,India
1,2062-04-14,673.45,residential,India
1,2062-04-15,651.14,residential,India
1,2062-04-16,655.56,residential,India
1,2062-04-17,692.31,residential,India
1,2062-04-18,646.68,residential,India
1,2062-04-19,650.59,residential,India
1,2062-04-20,612.43,residential,India
1,2062-04-21,671.05,residential,India
1,2062-04-22,661.43,residential,India
1,2062-04-23,693.57,residential,India
1,2062-04-24,659.81,residential,India
1,2062-04-25,648.62,residential,India
1,2062-04-26,649.76,residential,India
1,2062-04-27,660.98,residential,India
1,2062-04-28,702.78,residential,India
1,2062-04-29,650.06,residential,India
1,2062-04-30,648.67,residential,India
1,2062-05-01,669.61,residential,India
1,2062-05-02,654.81,residential,India
1,2062-05-03,668.09,residential,India
1,2062-05-04,679.82,residential,India
1,2062-05-05,660.26,residential,India
1,2062-05-06,657.54,residential,India
1,2062-05-07,642.52,residential,India
1,2062-05-08,651.1,residential,India
1,2062-05-09,718.13,residential,India
1,2062-05-10,692.57,residential,India
1,2062-05-11,630.96,residential,India
1,2062-05-12,667.33,residential,India
1,2062-05-13,682.36,residential,India
1,2062-05-14,644.52,residential,India
1,2062-05-15,662.82,residential,India
1,2062-05-16,702.64,residential,India
1,2062-05-17,672.37,residential,India
1,2062-05-18,662.39,residential,India
1,2062-05-19,670.41,residential,India
1,2062-05-20,662.89,residential,India
1,2062-05-21,681.27,residential,India
1,2062-05-22,666.54,residential,India
1,2062-05-23,646.01,residential,India
1,2062-05-24,690.99,residential,India
1,2062-05-25,682.87,residential,India
1,2062-05-26,626.4,residential,India
1,2062-05-27,675.82,residential,India
1,2062-05-28,649.95,residential,India
1,2062-05-29,634.27,residential,India
1,2062-05-30,661.79,residential,India
1,2062-05-31,667.2,residential,India
1,2062-06-01,669.72,residential,India
1,2062-06-02,710.4,residential,India
1,2062-06-03,661.36,residential,India
1,2062-06-04,661.73,residential,India
1,2062-06-05,660.02,residential,India
1,2062-06-06,631.74,residential,India
1,2062-06-07,684.41,residential,India
1,2062-06-08,646.83,residential,India
1,2062-06-09,664.12,residential,India
1,2062-06-10,666.02,residential,India
1,2062-06-11,677.12,residential,India
1,2062-06-12,644.45,residential,India
1,2062-06-13,633.16,residential,India
1,2062-06-14,630.55,residential,India
1,2062-06-15,665.44,residential,India
1,2062-06-16,634.17,residential,India
1,2062-06-17,677.26,residential,India
1,2062-06-18,675.39,residential,India
1,2062-06-19,645.67,residential,India
1,2062-06-20,650.36,residential,India
1,2062-06-21,677.71,residential,India
1,2062-06-22,643.38,residential,India
1,2062-06-23,623.36,residential,India
1,2062-06-24,669.64,residential,India
1,2062-06-25,637.64,residential,India
1,2062-06-26,695.28,residential,India
1,2062-06-27,716.9,residential,India
1,2062-06-28,682.93,residential,India
1,2062-06-29,681.48,residential,India
1,2062-06-30,676.47,residential,India
1,2062-07-01,676.25,residential,India
1,2062-07-02,665.48,residential,India
1,2062-07-03,666.82,residential,India
1,2062-07-04,655.97,residential,India
1,2062-07-05,667.63,residential,India
1,2062-07-06,660.28,residential,India
1,2062-07-07,680.06,residential,India
1,2062-07-08,663.68,residential,India
1,2062-07-09,641.76,residential,India
1,2062-07-10,688.47,residential,India
1,2062-07-11,677.28,residential,India
1,2062-07-12,648.58,residential,India
1,2062-07-13,661.36,residential,India
1,2062-07-14,677.58,residential,India
1,2062-07-15,636.94,residential,India
1,2062-07-16,684.34,residential,India
1,2062-07-17,667.1,residential,India
1,2062-07-18,655.43,residential,India
1,2062-07-19,667.64,residential,India
1,2062-07-20,653.78,residential,India
1,2062-07-21,664.19,residential,India
1,2062-07-22,655.81,residential,India
1,2062-07-23,655.18,residential,India
1,2062-07-24,689.73,residential,India
1,2062-07-25,678.39,residential,India
1,2062-07-26,693.9,residential,India
1,2062-07-27,648.66,residential,India
1,2062-07-28,678.86,residential,India
1,2062-07-29,660.75,residential,India
1,2062-07-30,660.72,residential,India
1,2062-07-31,662.79,residential,India
1,2062-08-01,667.64,residential,India
1,2062-08-02,633.87,residential,India
1,2062-08-03,674.07,residential,India
1,2062-08-04,659.48,residential,India
1,2062-08-05,629.07,residential,India
1,2062-08-06,660.61,residential,India
1,2062-08-07,655.22,residential,India
1,2062-08-08,661.66,residential,India
1,2062-08-09,657.94,residential,India
1,2062-08-10,652.28,residential,India
1,2062-08-11,656.87,residential,India
1,2062-08-12,670.6,residential,India
1,2062-08-13,669.78,residential,India
1,2062-08-14,691.24,residential,India
1,2062-08-15,631.75,residential,India
1,2062-08-16,642.37,residential,India
1,2062-08-17,670.24,residential,India
1,2062-08-18,670.24,residential,India
1,2062-08-19,679.99,residential,India
1,2062-08-20,686.16,residential,India
1,2062-08-21,653.09,residential,India
1,2062-08-22,653.75,residential,India
1,2062-08-23,678.25,residential,India
1,2062-08-24,663.7,residential,India
1,2062-08-25,671.05,residential,India
1,2062-08-26,637.31,residential,India
1,2062-08-27,653.44,residential,India
1,2062-08-28,613.5,residential,India
1,2062-08-29,641.59,residential,India
1,2062-08-30,680.28,residential,India
1,2062-08-31,647.41,residential,India
1,2062-09-01,684.16,residential,India
1,2062-09-02,695.55,residential,India
1,2062-09-03,662.0,residential,India
1,2062-09-04,679.39,residential,India
1,2062-09-05,672.59,residential,India
1,2062-09-06,686.26,residential,India
1,2062-09-07,657.78,residential,India
1,2062-09-08,673.59,residential,India
1,2062-09-09,641.21,residential,India
1,2062-09-10,658.33,residential,India
1,2062-09-11,655.53,residential,India
1,2062-09-12,662.91,residential,India
1,2062-09-13,687.71,residential,India
1,2062-09-14,633.11,residential,India
1,2062-09-15,674.96,residential,India
1,2062-09-16,656.23,residential,India
1,2062-09-17,687.31,residential,India
1,2062-09-18,664.2,residential,India
1,2062-09-19,639.08,residential,India
1,2062-09-20,675.53,residential,India
1,2062-09-21,700.19,residential,India
1,2062-09-22,692.42,residential,India
1,2062-09-23,634.02,residential,India
1,2062-09-24,647.34,residential,India
1,2062-09-25,643.03,residential,India
1,2062-09-26,666.21,residential,India
1,2062-09-27,663.95,residential,India
1,2062-09-28,675.55,residential,India
1,2062-09-29,667.34,residential,India
1,2062-09-30,657.07,residential,India
1,2062-10-01,657.92,residential,India
1,2062-10-02,672.19,residential,India
1,2062-10-03,662.36,residential,India
1,2062-10-04,636.51,residential,India
1,2062-10-05,655.0,residential,India
1,2062-10-06,685.79,residential,India
1,2062-10-07,656.16,residential,India
1,2062-10-08,681.43,residential,India
1,2062-10-09,666.42,residential,India
1,2062-10-10,635.28,residential,India
1,2062-10-11,646.58,residential,India
1,2062-10-12,643.05,residential,India
1,2062-10-13,664.3,residential,India
1,2062-10-14,659.24,residential,India
1,2062-10-15,654.13,residential,India
1,2062-10-16,638.72,residential,India
1,2062-10-17,640.26,residential,India
1,2062-10-18,657.12,residential,India
1,2062-10-19,655.47,residential,India
1,2062-10-20,653.31,residential,India
1,2062-10-21,656.36,residential,India
1,2062-10-22,651.13,residential,India
1,2062-10-23,656.34,residential,India
1,2062-10-24,627.41,residential,India
1,2062-10-25,668.47,residential,India
1,2062-10-26,635.7,residential,India
1,2062-10-27,646.46,residential,India
1,2062-10-28,650.96,residential,India
1,2062-10-29,684.48,residential,India
1,2062-10-30,696.39,residential,India
1,2062-10-31,665.64,residential,India
1,2062-11-01,684.68,residential,India
1,2062-11-02,678.2,residential,India
1,2062-11-03,692.19,residential,India
1,2062-11-04,675.73,residential,India
1,2062-11-05,688.3,residential,India
1,2062-11-06,684.17,residential,India
1,2062-11-07,661.5,residential,India
1,2062-11-08,676.05,residential,India
1,2062-11-09,704.61,residential,India
1,2062-11-10,690.64,residential,India
1,2062-11-11,684.4,residential,India
1,2062-11-12,650.06,residential,India
1,2062-11-13,662.58,residential,India
1,2062-11-14,659.92,residential,India
1,2062-11-15,670.43,residential,India
1,2062-11-16,623.77,residential,India
1,2062-11-17,656.26,residential,India
1,2062-11-18,686.37,residential,India
1,2062-11-19,687.04,residential,India
1,2062-11-20,657.65,residential,India
1,2062-11-21,653.2,residential,India
1,2062-11-22,674.8,residential,India
1,2062-11-23,690.13,residential,India
1,2062-11-24,668.13,residential,India
1,2062-11-25,676.01,residential,India
1,2062-11-26,698.45,residential,India
1,2062-11-27,684.28,residential,India
1,2062-11-28,688.46,residential,India
1,2062-11-29,701.91,residential,India
1,2062-11-30,666.35,residential,India
1,2062-12-01,681.01,residential,India
1,2062-12-02,696.07,residential,India
1,2062-12-03,673.48,residential,India
1,2062-12-04,680.39,residential,India
1,2062-12-05,668.43,residential,India
1,2062-12-06,643.15,residential,India
1,2062-12-07,644.73,residential,India
1,2062-12-08,657.14,residential,India
1,2062-12-09,675.5,residential,India
1,2062-12-10,651.95,residential,India
1,2062-12-11,705.08,residential,India
1,2062-12-12,659.33,residential,India
1,2062-12-13,667.48,residential,India
1,2062-12-14,664.83,residential,India
1,2062-12-15,685.12,residential,India
1,2062-12-16,686.61,residential,India
1,2062-12-17,679.58,residential,India
1,2062-12-18,684.74,residential,India
1,2062-12-19,700.32,residential,India
1,2062-12-20,691.54,residential,India
1,2062-12-21,668.03,residential,India
1,2062-12-22,649.52,residential,India
1,2062-12-23,691.15,residential,India
1,2062-12-24,680.41,residential,India
1,2062-12-25,679.94,residential,India
1,2062-12-26,666.05,residential,India
1,2062-12-27,648.05,residential,India
1,2062-12-28,667.33,residential,India
1,2062-12-29,688.82,residential,India
1,2062-12-30,669.49,residential,India
1,2062-12-31,668.58,residential,India
1,2063-01-01,671.13,residential,India
1,2063-01-02,632.43,residential,India
1,2063-01-03,698.93,residential,India
1,2063-01-04,691.9,residential,India
1,2063-01-05,681.9,residential,India
1,2063-01-06,703.14,residential,India
1,2063-01-07,664.91,residential,India
1,2063-01-08,695.07,residential,India
1,2063-01-09,684.91,residential,India
1,2063-01-10,669.63,residential,India
1,2063-01-11,677.52,residential,India
1,2063-01-12,690.13,residential,India
1,2063-01-13,694.91,residential,India
1,2063-01-14,726.83,residential,India
1,2063-01-15,646.05,residential,India
1,2063-01-16,650.73,residential,India
1,2063-01-17,718.88,residential,India
1,2063-01-18,712.08,residential,India
1,2063-01-19,684.06,residential,India
1,2063-01-20,679.2,residential,India
1,2063-01-21,693.27,residential,India
1,2063-01-22,654.7,residential,India
1,2063-01-23,675.65,residential,India
1,2063-01-24,666.38,residential,India
1,2063-01-25,688.04,residential,India
1,2063-01-26,672.77,residential,India
1,2063-01-27,673.78,residential,India
1,2063-01-28,704.61,residential,India
1,2063-01-29,681.03,residential,India
1,2063-01-30,668.35,residential,India
1,2063-01-31,645.39,residential,India
1,2063-02-01,664.27,residential,India
1,2063-02-02,673.24,residential,India
1,2063-02-03,680.99,residential,India
1,2063-02-04,664.38,residential,India
1,2063-02-05,683.26,residential,India
1,2063-02-06,673.82,residential,India
1,2063-02-07,655.69,residential,India
1,2063-02-08,672.5,residential,India
1,2063-02-09,681.92,residential,India
1,2063-02-10,630.29,residential,India
1,2063-02-11,631.38,residential,India
1,2063-02-12,698.71,residential,India
1,2063-02-13,680.25,residential,India
1,2063-02-14,690.37,residential,India
1,2063-02-15,682.73,residential,India
1,2063-02-16,695.19,residential,India
1,2063-02-17,699.75,residential,India
1,2063-02-18,661.59,residential,India
1,2063-02-19,665.62,residential,India
1,2063-02-20,650.68,residential,India
1,2063-02-21,682.07,residential,India
1,2063-02-22,709.38,residential,India
1,2063-02-23,674.75,residential,India
1,2063-02-24,658.33,residential,India
1,2063-02-25,689.6,residential,India
1,2063-02-26,689.96,residential,India
1,2063-02-27,665.46,residential,India
1,2063-02-28,651.73,residential,India
1,2063-03-01,692.69,residential,India
1,2063-03-02,665.43,residential,India
1,2063-03-03,652.91,residential,India
1,2063-03-04,687.66,residential,India
1,2063-03-05,666.22,residential,India
1,2063-03-06,655.66,residential,India
1,2063-03-07,651.23,residential,India
1,2063-03-08,694.48,residential,India
1,2063-03-09,670.86,residential,India
1,2063-03-10,677.65,residential,India
1,2063-03-11,689.27,residential,India
1,2063-03-12,682.9,residential,India
1,2063-03-13,663.46,residential,India
1,2063-03-14,711.03,residential,India
1,2063-03-15,690.76,residential,India
1,2063-03-16,706.53,residential,India
1,2063-03-17,677.89,residential,India
1,2063-03-18,721.24,residential,India
1,2063-03-19,679.87,residential,India
1,2063-03-20,682.26,residential,India
1,2063-03-21,691.95,residential,India
1,2063-03-22,686.19,residential,India
1,2063-03-23,691.48,residential,India
1,2063-03-24,727.16,residential,India
1,2063-03-25,640.65,residential,India
1,2063-03-26,673.12,residential,India
1,2063-03-27,681.53,residential,India
1,2063-03-28,651.2,residential,India
1,2063-03-29,699.71,residential,India
1,2063-03-30,701.72,residential,India
1,2063-03-31,664.42,residential,India
1,2063-04-01,713.78,residential,India
1,2063-04-02,669.14,residential,India
1,2063-04-03,691.48,residential,India
1,2063-04-04,704.76,residential,India
1,2063-04-05,708.0,residential,India
1,2063-04-06,677.97,residential,India
1,2063-04-07,702.18,residential,India
1,2063-04-08,704.89,residential,India
1,2063-04-09,675.1,residential,India
1,2063-04-10,690.87,residential,India
1,2063-04-11,698.17,residential,India
1,2063-04-12,653.93,residential,India
1,2063-04-13,673.99,residential,India
1,2063-04-14,655.35,residential,India
1,2063-04-15,719.33,residential,India
1,2063-04-16,709.64,residential,India
1,2063-04-17,693.63,residential,India
1,2063-04-18,722.0,residential,India
1,2063-04-19,703.88,residential,India
1,2063-04-20,643.89,residential,India
1,2063-04-21,678.97,residential,India
1,2063-04-22,692.0,residential,India
1,2063-04-23,708.48,residential,India
1,2063-04-24,695.58,residential,India
1,2063-04-25,723.48,residential,India
1,2063-04-26,672.51,residential,India
1,2063-04-27,703.57,residential,India
1,2063-04-28,682.49,residential,India
1,2063-04-29,719.67,residential,India
1,2063-04-30,687.12,residential,India
1,2063-05-01,708.11,residential,India
1,2063-05-02,689.22,residential,India
1,2063-05-03,677.58,residential,India
1,2063-05-04,683.45,residential,India
1,2063-05-05,688.9,residential,India
1,2063-05-06,675.27,residential,India
1,2063-05-07,693.07,residential,India
1,2063-05-08,678.06,residential,India
1,2063-05-09,682.63,residential,India
1,2063-05-10,728.67,residential,India
1,2063-05-11,691.67,residential,India
1,2063-05-12,678.78,residential,India
1,2063-05-13,700.83,residential,India
1,2063-05-14,686.21,residential,India
1,2063-05-15,694.31,residential,India
1,2063-05-16,674.47,residential,India
1,2063-05-17,692.37,residential,India
1,2063-05-18,646.52,residential,India
1,2063-05-19,719.78,residential,India
1,2063-05-20,682.35,residential,India
1,2063-05-21,687.57,residential,India
1,2063-05-22,683.6,residential,India
1,2063-05-23,702.35,residential,India
1,2063-05-24,721.84,residential,India
1,2063-05-25,709.13,residential,India
1,2063-05-26,694.83,residential,India
1,2063-05-27,666.58,residential,India
1,2063-05-28,706.45,residential,India
1,2063-05-29,663.58,residential,India
1,2063-05-30,689.68,residential,India
1,2063-05-31,712.48,residential,India
1,2063-06-01,721.16,residential,India
1,2063-06-02,689.74,residential,India
1,2063-06-03,710.96,residential,India
1,2063-06-04,663.07,residential,India
1,2063-06-05,718.21,residential,India
1,2063-06-06,706.75,residential,India
1,2063-06-07,646.35,residential,India
1,2063-06-08,717.02,residential,India
1,2063-06-09,691.74,residential,India
1,2063-06-10,691.28,residential,India
1,2063-06-11,687.57,residential,India
1,2063-06-12,709.88,residential,India
1,2063-06-13,698.77,residential,India
1,2063-06-14,690.95,residential,India
1,2063-06-15,688.69,residential,India
1,2063-06-16,731.75,residential,India
1,2063-06-17,697.88,residential,India
1,2063-06-18,720.45,residential,India
1,2063-06-19,675.07,residential,India
1,2063-06-20,698.88,residential,India
1,2063-06-21,729.02,residential,India
1,2063-06-22,715.3,residential,India
1,2063-06-23,719.34,residential,India
1,2063-06-24,689.98,residential,India
1,2063-06-25,685.16,residential,India
1,2063-06-26,687.61,residential,India
1,2063-06-27,681.13,residential,India
1,2063-06-28,672.69,residential,India
1,2063-06-29,706.48,residential,India
1,2063-06-30,711.23,residential,India
1,2063-07-01,659.35,residential,India
1,2063-07-02,705.59,residential,India
1,2063-07-03,706.35,residential,India
1,2063-07-04,686.37,residential,India
1,2063-07-05,680.69,residential,India
1,2063-07-06,705.35,residential,India
1,2063-07-07,683.83,residential,India
1,2063-07-08,736.82,residential,India
1,2063-07-09,692.25,residential,India
1,2063-07-10,687.69,residential,India
1,2063-07-11,680.56,residential,India
1,2063-07-12,697.55,residential,India
1,2063-07-13,692.16,residential,India
1,2063-07-14,704.33,residential,India
1,2063-07-15,718.5,residential,India
1,2063-07-16,692.75,residential,India
1,2063-07-17,705.31,residential,India
1,2063-07-18,732.51,residential,India
1,2063-07-19,711.79,residential,India
1,2063-07-20,677.16,residential,India
1,2063-07-21,729.77,residential,India
1,2063-07-22,674.32,residential,India
1,2063-07-23,746.23,residential,India
1,2063-07-24,702.98,residential,India
1,2063-07-25,709.05,residential,India
1,2063-07-26,724.94,residential,India
1,2063-07-27,700.1,residential,India
1,2063-07-28,717.04,residential,India
1,2063-07-29,715.7,residential,India
1,2063-07-30,665.09,residential,India
1,2063-07-31,722.44,residential,India
1,2063-08-01,703.84,residential,India
1,2063-08-02,729.08,residential,India
1,2063-08-03,676.79,residential,India
1,2063-08-04,731.06,residential,India
1,2063-08-05,729.81,residential,India
1,2063-08-06,722.04,residential,India
1,2063-08-07,717.38,residential,India
1,2063-08-08,708.08,residential,India
1,2063-08-09,696.29,residential,India
1,2063-08-10,723.14,residential,India
1,2063-08-11,697.14,residential,India
1,2063-08-12,666.93,residential,India
1,2063-08-13,674.96,residential,India
1,2063-08-14,677.77,residential,India
1,2063-08-15,710.62,residential,India
1,2063-08-16,718.82,residential,India
1,2063-08-17,703.1,residential,India
1,2063-08-18,696.41,residential,India
1,2063-08-19,724.28,residential,India
1,2063-08-20,710.9,residential,India
1,2063-08-21,748.3,residential,India
1,2063-08-22,722.55,residential,India
1,2063-08-23,690.42,residential,India
1,2063-08-24,715.99,residential,India
1,2063-08-25,708.24,residential,India
1,2063-08-26,705.93,residential,India
1,2063-08-27,674.2,residential,India
1,2063-08-28,739.23,residential,India
1,2063-08-29,664.58,residential,India
1,2063-08-30,678.81,residential,India
1,2063-08-31,719.01,residential,India
1,2063-09-01,707.46,residential,India
1,2063-09-02,738.17,residential,India
1,2063-09-03,728.58,residential,India
1,2063-09-04,668.7,residential,India
1,2063-09-05,684.29,residential,India
1,2063-09-06,730.96,residential,India
1,2063-09-07,729.42,residential,India
1,2063-09-08,680.45,residential,India
1,2063-09-09,705.25,residential,India
1,2063-09-10,704.64,residential,India
1,2063-09-11,698.92,residential,India
1,2063-09-12,705.31,residential,India
1,2063-09-13,698.01,residential,India
1,2063-09-14,747.68,residential,India
1,2063-09-15,726.87,residential,India
1,2063-09-16,750.94,residential,India
1,2063-09-17,701.34,residential,India
1,2063-09-18,732.03,residential,India
1,2063-09-19,697.28,residential,India
1,2063-09-20,685.07,residential,India
1,2063-09-21,738.84,residential,India
1,2063-09-22,732.37,residential,India
1,2063-09-23,728.18,residential,India
1,2063-09-24,695.51,residential,India
1,2063-09-25,676.88,residential,India
1,2063-09-26,729.32,residential,India
1,2063-09-27,752.66,residential,India
1,2063-09-28,706.13,residential,India
1,2063-09-29,727.53,residential,India
1,2063-09-30,738.04,residential,India
1,2063-10-01,738.44,residential,India
1,2063-10-02,724.34,residential,India
1,2063-10-03,755.83,residential,India
1,2063-10-04,713.56,residential,India
1,2063-10-05,718.38,residential,India
1,2063-10-06,699.14,residential,India
1,2063-10-07,713.92,residential,India
1,2063-10-08,697.8,residential,India
1,2063-10-09,693.4,residential,India
1,2063-10-10,726.38,residential,India
1,2063-10-11,744.03,residential,India
1,2063-10-12,752.22,residential,India
1,2063-10-13,723.19,residential,India
1,2063-10-14,720.07,residential,India
1,2063-10-15,694.94,residential,India
1,2063-10-16,734.38,residential,India
1,2063-10-17,727.36,residential,India
1,2063-10-18,710.4,residential,India
1,2063-10-19,689.12,residential,India
1,2063-10-20,689.6,residential,India
1,2063-10-21,709.01,residential,India
1,2063-10-22,694.85,residential,India
1,2063-10-23,716.76,residential,India
1,2063-10-24,751.26,residential,India
1,2063-10-25,674.38,residential,India
1,2063-10-26,733.72,residential,India
1,2063-10-27,708.86,residential,India
1,2063-10-28,743.22,residential,India
1,2063-10-29,748.69,residential,India
1,2063-10-30,734.61,residential,India
1,2063-10-31,759.92,residential,India
1,2063-11-01,732.67,residential,India
1,2063-11-02,751.85,residential,India
1,2063-11-03,705.49,residential,India
1,2063-11-04,738.38,residential,India
1,2063-11-05,699.64,residential,India
1,2063-11-06,761.27,residential,India
1,2063-11-07,709.95,residential,India
1,2063-11-08,716.2,residential,India
1,2063-11-09,742.61,residential,India
1,2063-11-10,755.05,residential,India
1,2063-11-11,763.53,residential,India
1,2063-11-12,727.35,residential,India
1,2063-11-13,733.19,residential,India
1,2063-11-14,691.35,residential,India
1,2063-11-15,732.0,residential,India
1,2063-11-16,749.85,residential,India
1,2063-11-17,726.37,residential,India
1,2063-11-18,726.16,residential,India
1,2063-11-19,699.38,residential,India
1,2063-11-20,727.62,residential,India
1,2063-11-21,729.3,residential,India
1,2063-11-22,688.52,residential,India
1,2063-11-23,709.89,residential,India
1,2063-11-24,732.18,residential,India
1,2063-11-25,745.49,residential,India
1,2063-11-26,711.69,residential,India
1,2063-11-27,685.19,residential,India
1,2063-11-28,726.26,residential,India
1,2063-11-29,716.67,residential,India
1,2063-11-30,710.57,residential,India
1,2063-12-01,692.58,residential,India
1,2063-12-02,729.62,residential,India
1,2063-12-03,715.12,residential,India
1,2063-12-04,747.69,residential,India
1,2063-12-05,695.93,residential,India
1,2063-12-06,735.23,residential,India
1,2063-12-07,736.32,residential,India
1,2063-12-08,737.71,residential,India
1,2063-12-09,736.62,residential,India
1,2063-12-10,729.06,residential,India
1,2063-12-11,735.29,residential,India
1,2063-12-12,755.23,residential,India
1,2063-12-13,716.32,residential,India
1,2063-12-14,722.13,residential,India
1,2063-12-15,742.34,residential,India
1,2063-12-16,757.21,residential,India
1,2063-12-17,677.92,residential,India
1,2063-12-18,719.28,residential,India
1,2063-12-19,743.95,residential,India
1,2063-12-20,716.79,residential,India
1,2063-12-21,728.98,residential,India
1,2063-12-22,755.6,residential,India
1,2063-12-23,740.71,residential,India
1,2063-12-24,723.15,residential,India
1,2063-12-25,757.97,residential,India
1,2063-12-26,740.56,residential,India
1,2063-12-27,753.11,residential,India
1,2063-12-28,747.35,residential,India
1,2063-12-29,757.37,residential,India
1,2063-12-30,718.87,residential,India
1,2063-12-31,726.92,residential,India
1,2064-01-01,763.36,residential,India
1,2064-01-02,784.25,residential,India
1,2064-01-03,729.86,residential,India
1,2064-01-04,712.36,residential,India
1,2064-01-05,759.36,residential,India
1,2064-01-06,737.33,residential,India
1,2064-01-07,734.65,residential,India
1,2064-01-08,749.95,residential,India
1,2064-01-09,722.2,residential,India
1,2064-01-10,710.98,residential,India
1,2064-01-11,749.74,residential,India
1,2064-01-12,740.51,residential,India
1,2064-01-13,717.29,residential,India
1,2064-01-14,736.1,residential,India
1,2064-01-15,702.66,residential,India
1,2064-01-16,707.03,residential,India
1,2064-01-17,721.63,residential,India
1,2064-01-18,724.25,residential,India
1,2064-01-19,747.08,residential,India
1,2064-01-20,723.95,residential,India
1,2064-01-21,752.93,residential,India
1,2064-01-22,756.03,residential,India
1,2064-01-23,746.58,residential,India
1,2064-01-24,738.65,residential,India
1,2064-01-25,723.74,residential,India
1,2064-01-26,765.15,residential,India
1,2064-01-27,717.24,residential,India
1,2064-01-28,705.9,residential,India
1,2064-01-29,721.97,residential,India
1,2064-01-30,736.18,residential,India
1,2064-01-31,714.11,residential,India
1,2064-02-01,752.8,residential,India
1,2064-02-02,729.8,residential,India
1,2064-02-03,727.78,residential,India
1,2064-02-04,718.37,residential,India
1,2064-02-05,743.16,residential,India
1,2064-02-06,762.34,residential,India
1,2064-02-07,749.7,residential,India
1,2064-02-08,759.45,residential,India
1,2064-02-09,749.82,residential,India
1,2064-02-10,742.7,residential,India
1,2064-02-11,736.41,residential,India
1,2064-02-12,711.79,residential,India
1,2064-02-13,766.53,residential,India
1,2064-02-14,760.37,residential,India
1,2064-02-15,747.47,residential,India
1,2064-02-16,775.52,residential,India
1,2064-02-17,746.59,residential,India
1,2064-02-18,738.23,residential,India
1,2064-02-19,733.19,residential,India
1,2064-02-20,773.0,residential,India
1,2064-02-21,745.93,residential,India
1,2064-02-22,732.99,residential,India
1,2064-02-23,724.89,residential,India
1,2064-02-24,733.15,residential,India
1,2064-02-25,740.09,residential,India
1,2064-02-26,709.61,residential,India
1,2064-02-27,756.35,residential,India
1,2064-02-28,737.44,residential,India
1,2064-02-29,743.13,residential,India
1,2064-03-01,726.54,residential,India
1,2064-03-02,754.16,residential,India
1,2064-03-03,745.41,residential,India
1,2064-03-04,713.8,residential,India
1,2064-03-05,762.79,residential,India
1,2064-03-06,764.21,residential,India
1,2064-03-07,755.32,residential,India
1,2064-03-08,750.34,residential,India
1,2064-03-09,762.02,residential,India
1,2064-03-10,738.54,residential,India
1,2064-03-11,750.75,residential,India
1,2064-03-12,758.15,residential,India
1,2064-03-13,746.97,residential,India
1,2064-03-14,744.4,residential,India
1,2064-03-15,721.27,residential,India
1,2064-03-16,754.67,residential,India
1,2064-03-17,721.86,residential,India
1,2064-03-18,770.91,residential,India
1,2064-03-19,760.9,residential,India
1,2064-03-20,723.32,residential,India
1,2064-03-21,742.75,residential,India
1,2064-03-22,770.61,residential,India
1,2064-03-23,748.86,residential,India
1,2064-03-24,750.99,residential,India
1,2064-03-25,729.13,residential,India
1,2064-03-26,768.1,residential,India
1,2064-03-27,725.83,residential,India
1,2064-03-28,732.73,residential,India
1,2064-03-29,731.75,residential,India
1,2064-03-30,741.02,residential,India
1,2064-03-31,744.24,residential,India
1,2064-04-01,761.18,residential,India
1,2064-04-02,736.46,residential,India
1,2064-04-03,753.31,residential,India
1,2064-04-04,758.73,residential,India
1,2064-04-05,764.68,residential,India
1,2064-04-06,758.88,residential,India
1,2064-04-07,744.28,residential,India
1,2064-04-08,739.67,residential,India
1,2064-04-09,681.61,residential,India
1,2064-04-10,737.93,residential,India
1,2064-04-11,744.7,residential,India
1,2064-04-12,733.97,residential,India
1,2064-04-13,738.05,residential,India
1,2064-04-14,752.8,residential,India
1,2064-04-15,740.85,residential,India
1,2064-04-16,741.25,residential,India
1,2064-04-17,732.12,residential,India
1,2064-04-18,745.63,residential,India
1,2064-04-19,745.93,residential,India
1,2064-04-20,781.41,residential,India
1,2064-04-21,755.79,residential,India
1,2064-04-22,775.82,residential,India
1,2064-04-23,739.12,residential,India
1,2064-04-24,735.87,residential,India
1,2064-04-25,770.32,residential,India
1,2064-04-26,766.99,residential,India
1,2064-04-27,725.12,residential,India
1,2064-04-28,760.15,residential,India
1,2064-04-29,731.66,residential,India
1,2064-04-30,739.34,residential,India
1,2064-05-01,734.38,residential,India
1,2064-05-02,747.77,residential,India
1,2064-05-03,765.22,residential,India
1,2064-05-04,782.15,residential,India
1,2064-05-05,728.78,residential,India
1,2064-05-06,775.55,residential,India
1,2064-05-07,710.24,residential,India
1,2064-05-08,745.56,residential,India
1,2064-05-09,756.9,residential,India
1,2064-05-10,778.62,residential,India
1,2064-05-11,741.98,residential,India
1,2064-05-12,771.83,residential,India
1,2064-05-13,758.17,residential,India
1,2064-05-14,774.56,residential,India
1,2064-05-15,749.41,residential,India
1,2064-05-16,726.44,residential,India
1,2064-05-17,782.04,residential,India
1,2064-05-18,725.73,residential,India
1,2064-05-19,770.03,residential,India
1,2064-05-20,763.4,residential,India
1,2064-05-21,787.38,residential,India
1,2064-05-22,711.6,residential,India
1,2064-05-23,757.77,residential,India
1,2064-05-24,747.05,residential,India
1,2064-05-25,769.05,residential,India
1,2064-05-26,748.23,residential,India
1,2064-05-27,750.65,residential,India
1,2064-05-28,770.93,residential,India
1,2064-05-29,728.84,residential,India
1,2064-05-30,779.34,residential,India
1,2064-05-31,759.81,residential,India
1,2064-06-01,737.23,residential,India
1,2064-06-02,739.47,residential,India
1,2064-06-03,728.86,residential,India
1,2064-06-04,772.29,residential,India
1,2064-06-05,761.8,residential,India
1,2064-06-06,764.83,residential,India
1,2064-06-07,757.05,residential,India
1,2064-06-08,758.45,residential,India
1,2064-06-09,771.63,residential,India
1,2064-06-10,747.54,residential,India
1,2064-06-11,762.93,residential,India
1,2064-06-12,719.66,residential,India
1,2064-06-13,755.22,residential,India
1,2064-06-14,722.51,residential,India
1,2064-06-15,759.91,residential,India
1,2064-06-16,731.81,residential,India
1,2064-06-17,786.59,residential,India
1,2064-06-18,756.33,residential,India
1,2064-06-19,760.07,residential,India
1,2064-06-20,739.54,residential,India
1,2064-06-21,799.92,residential,India
1,2064-06-22,758.12,residential,India
1,2064-06-23,731.17,residential,India
1,2064-06-24,734.28,residential,India
1,2064-06-25,733.87,residential,India
1,2064-06-26,754.07,residential,India
1,2064-06-27,745.5,residential,India
1,2064-06-28,774.2,residential,India
1,2064-06-29,735.34,residential,India
1,2064-06-30,718.6,residential,India
1,2064-07-01,736.3,residential,India
1,2064-07-02,761.28,residential,India
1,2064-07-03,740.6,residential,India
1,2064-07-04,761.07,residential,India
1,2064-07-05,768.75,residential,India
1,2064-07-06,731.19,residential,India
1,2064-07-07,747.85,residential,India
1,2064-07-08,776.85,residential,India
1,2064-07-09,776.3,residential,India
1,2064-07-10,775.14,residential,India
1,2064-07-11,711.79,residential,India
1,2064-07-12,771.44,residential,India
1,2064-07-13,730.98,residential,India
1,2064-07-14,752.39,residential,India
1,2064-07-15,804.74,residential,India
1,2064-07-16,773.89,residential,India
1,2064-07-17,763.4,residential,India
1,2064-07-18,778.37,residential,India
1,2064-07-19,773.36,residential,India
1,2064-07-20,767.97,residential,India
1,2064-07-21,759.36,residential,India
1,2064-07-22,731.68,residential,India
1,2064-07-23,734.47,residential,India
1,2064-07-24,740.63,residential,India
1,2064-07-25,769.59,residential,India
1,2064-07-26,795.65,residential,India
1,2064-07-27,766.2,residential,India
1,2064-07-28,751.05,residential,India
1,2064-07-29,779.97,residential,India
1,2064-07-30,739.92,residential,India
1,2064-07-31,792.64,residential,India
1,2064-08-01,770.35,residential,India
1,2064-08-02,795.73,residential,India
1,2064-08-03,767.02,residential,India
1,2064-08-04,749.13,residential,India
1,2064-08-05,763.05,residential,India
1,2064-08-06,771.37,residential,India
1,2064-08-07,724.84,residential,India
1,2064-08-08,766.55,residential,India
1,2064-08-09,802.88,residential,India
1,2064-08-10,759.68,residential,India
1,2064-08-11,802.14,residential,India
1,2064-08-12,761.71,residential,India
1,2064-08-13,772.45,residential,India
1,2064-08-14,774.2,residential,India
1,2064-08-15,760.18,residential,India
1,2064-08-16,750.75,residential,India
1,2064-08-17,761.78,residential,India
1,2064-08-18,768.15,residential,India
1,2064-08-19,753.38,residential,India
1,2064-08-20,737.79,residential,India
1,2064-08-21,775.88,residential,India
1,2064-08-22,773.37,residential,India
1,2064-08-23,759.17,residential,India
1,2064-08-24,781.92,residential,India
1,2064-08-25,779.18,residential,India
1,2064-08-26,773.7,residential,India
1,2064-08-27,767.92,residential,India
1,2064-08-28,749.66,residential,India
1,2064-08-29,798.83,residential,India
1,2064-08-30,790.2,residential,India
1,2064-08-31,770.03,residential,India
1,2064-09-01,772.43,residential,India
1,2064-09-02,787.58,residential,India
1,2064-09-03,739.17,residential,India
1,2064-09-04,780.44,residential,India
1,2064-09-05,733.97,residential,India
1,2064-09-06,775.48,residential,India
1,2064-09-07,749.33,residential,India
1,2064-09-08,773.66,residential,India
1,2064-09-09,780.66,residential,India
1,2064-09-10,750.41,residential,India
1,2064-09-11,772.66,residential,India
1,2064-09-12,737.38,residential,India
1,2064-09-13,743.7,residential,India
1,2064-09-14,779.13,residential,India
1,2064-09-15,784.41,residential,India
1,2064-09-16,766.96,residential,India
1,2064-09-17,743.48,residential,India
1,2064-09-18,799.23,residential,India
1,2064-09-19,779.09,residential,India
1,2064-09-20,770.35,residential,India
1,2064-09-21,737.86,residential,India
1,2064-09-22,760.37,residential,India
1,2064-09-23,746.89,residential,India
1,2064-09-24,764.85,residential,India
1,2064-09-25,794.63,residential,India
1,2064-09-26,756.67,residential,India
1,2064-09-27,755.18,residential,India
1,2064-09-28,759.89,residential,India
1,2064-09-29,784.38,residential,India
1,2064-09-30,766.96,residential,India
1,2064-10-01,777.29,residential,India
1,2064-10-02,730.05,residential,India
1,2064-10-03,806.1,residential,India
1,2064-10-04,770.22,residential,India
1,2064-10-05,780.97,residential,India
1,2064-10-06,755.33,residential,India
1,2064-10-07,776.92,residential,India
1,2064-10-08,774.66,residential,India
1,2064-10-09,789.85,residential,India
1,2064-10-10,757.53,residential,India
1,2064-10-11,780.76,residential,India
1,2064-10-12,797.59,residential,India
1,2064-10-13,775.98,residential,India
1,2064-10-14,767.91,residential,India
1,2064-10-15,775.82,residential,India
1,2064-10-16,756.27,residential,India
1,2064-10-17,792.54,residential,India
1,2064-10-18,773.18,residential,India
1,2064-10-19,772.57,residential,India
1,2064-10-20,795.86,residential,India
1,2064-10-21,766.34,residential,India
1,2064-10-22,834.82,residential,India
1,2064-10-23,750.73,residential,India
1,2064-10-24,788.32,residential,India
1,2064-10-25,756.6,residential,India
1,2064-10-26,771.96,residential,India
1,2064-10-27,763.48,residential,India
1,2064-10-28,796.78,residential,India
1,2064-10-29,794.56,residential,India
1,2064-10-30,782.92,residential,India
1,2064-10-31,775.31,residential,India
1,2064-11-01,781.32,residential,India
1,2064-11-02,732.14,residential,India
1,2064-11-03,768.48,residential,India
1,2064-11-04,791.16,residential,India
1,2064-11-05,768.22,residential,India
1,2064-11-06,793.81,residential,India
1,2064-11-07,779.98,residential,India
1,2064-11-08,802.41,residential,India
1,2064-11-09,739.24,residential,India
1,2064-11-10,796.15,residential,India
1,2064-11-11,780.56,residential,India
1,2064-11-12,774.13,residential,India
1,2064-11-13,760.28,residential,India
1,2064-11-14,793.49,residential,India
1,2064-11-15,798.13,residential,India
1,2064-11-16,743.6,residential,India
1,2064-11-17,755.43,residential,India
1,2064-11-18,742.36,residential,India
1,2064-11-19,789.55,residential,India
1,2064-11-20,774.48,residential,India
1,2064-11-21,751.03,residential,India
1,2064-11-22,764.82,residential,India
1,2064-11-23,765.32,residential,India
1,2064-11-24,791.4,residential,India
1,2064-11-25,778.31,residential,India
1,2064-11-26,778.93,residential,India
1,2064-11-27,787.77,residential,India
1,2064-11-28,781.27,residential,India
1,2064-11-29,740.09,residential,India
1,2064-11-30,774.99,residential,India
1,2064-12-01,784.15,residential,India
1,2064-12-02,777.35,residential,India
1,2064-12-03,773.07,residential,India
1,2064-12-04,779.01,residential,India
1,2064-12-05,795.95,residential,India
1,2064-12-06,775.26,residential,India
1,2064-12-07,785.64,residential,India
1,2064-12-08,775.95,residential,India
1,2064-12-09,776.8,residential,India
1,2064-12-10,777.74,residential,India
1,2064-12-11,788.59,residential,India
1,2064-12-12,748.68,residential,India
1,2064-12-13,786.72,residential,India
1,2064-12-14,791.21,residential,India
1,2064-12-15,752.62,residential,India
1,2064-12-16,774.91,residential,India
1,2064-12-17,777.32,residential,India
1,2064-12-18,769.01,residential,India
1,2064-12-19,750.46,residential,India
1,2064-12-20,774.07,residential,India
1,2064-12-21,775.13,residential,India
1,2064-12-22,822.18,residential,India
1,2064-12-23,784.81,residential,India
1,2064-12-24,783.76,residential,India
1,2064-12-25,766.26,residential,India
1,2064-12-26,760.61,residential,India
1,2064-12-27,792.99,residential,India
1,2064-12-28,777.62,residential,India
1,2064-12-29,775.35,residential,India
1,2064-12-30,773.14,residential,India
1,2064-12-31,778.74,residential,India
1,2065-01-01,764.94,residential,India
1,2065-01-02,736.25,residential,India
1,2065-01-03,815.88,residential,India
1,2065-01-04,728.12,residential,India
1,2065-01-05,764.75,residential,India
1,2065-01-06,766.27,residential,India
1,2065-01-07,777.8,residential,India
1,2065-01-08,778.86,residential,India
1,2065-01-09,774.37,residential,India
1,2065-01-10,786.83,residential,India
1,2065-01-11,768.27,residential,India
1,2065-01-12,789.76,residential,India
1,2065-01-13,801.1,residential,India
1,2065-01-14,770.41,residential,India
1,2065-01-15,765.24,residential,India
1,2065-01-16,759.78,residential,India
1,2065-01-17,761.22,residential,India
1,2065-01-18,793.76,residential,India
1,2065-01-19,807.38,residential,India
1,2065-01-20,783.59,residential,India
1,2065-01-21,788.99,residential,India
1,2065-01-22,771.22,residential,India
1,2065-01-23,799.83,residential,India
1,2065-01-24,777.59,residential,India
1,2065-01-25,783.08,residential,India
1,2065-01-26,785.75,residential,India
1,2065-01-27,771.59,residential,India
1,2065-01-28,787.71,residential,India
1,2065-01-29,778.42,residential,India
1,2065-01-30,782.66,residential,India
1,2065-01-31,778.43,residential,India
1,2065-02-01,766.96,residential,India
1,2065-02-02,772.83,residential,India
1,2065-02-03,798.23,residential,India
1,2065-02-04,773.44,residential,India
1,2065-02-05,764.52,residential,India
1,2065-02-06,747.88,residential,India
1,2065-02-07,770.03,residential,India
1,2065-02-08,791.75,residential,India
1,2065-02-09,757.39,residential,India
1,2065-02-10,772.88,residential,India
1,2065-02-11,758.55,residential,India
1,2065-02-12,799.75,residential,India
1,2065-02-13,798.38,residential,India
1,2065-02-14,782.57,residential,India
1,2065-02-15,773.22,residential,India
1,2065-02-16,810.2,residential,India
1,2065-02-17,801.34,residential,India
1,2065-02-18,756.85,residential,India
1,2065-02-19,780.27,residential,India
1,2065-02-20,806.77,residential,India
1,2065-02-21,776.81,residential,India
1,2065-02-22,785.31,residential,India
1,2065-02-23,744.71,residential,India
1,2065-02-24,767.16,residential,India
1,2065-02-25,767.68,residential,India
1,2065-02-26,793.31,residential,India
1,2065-02-27,771.0,residential,India
1,2065-02-28,789.22,residential,India
1,2065-03-01,807.7,residential,India
1,2065-03-02,816.84,residential,India
1,2065-03-03,766.48,residential,India
1,2065-03-04,783.18,residential,India
1,2065-03-05,803.99,residential,India
1,2065-03-06,775.47,residential,India
1,2065-03-07,791.34,residential,India
1,2065-03-08,782.07,residential,India
1,2065-03-09,767.14,residential,India
1,2065-03-10,762.36,residential,India
1,2065-03-11,785.86,residential,India
1,2065-03-12,783.47,residential,India
1,2065-03-13,787.28,residential,India
1,2065-03-14,785.03,residential,India
1,2065-03-15,757.6,residential,India
1,2065-03-16,807.79,residential,India
1,2065-03-17,794.12,residential,India
1,2065-03-18,770.3,residential,India
1,2065-03-19,773.6,residential,India
1,2065-03-20,742.38,residential,India
1,2065-03-21,781.4,residential,India
1,2065-03-22,763.44,residential,India
1,2065-03-23,812.97,residential,India
1,2065-03-24,766.37,residential,India
1,2065-03-25,758.35,residential,India
1,2065-03-26,761.83,residential,India
1,2065-03-27,746.53,residential,India
1,2065-03-28,781.84,residential,India
1,2065-03-29,741.24,residential,India
1,2065-03-30,786.71,residential,India
1,2065-03-31,822.22,residential,India
1,2065-04-01,793.79,residential,India
1,2065-04-02,753.67,residential,India
1,2065-04-03,757.83,residential,India
1,2065-04-04,754.19,residential,India
1,2065-04-05,823.42,residential,India
1,2065-04-06,768.03,residential,India
1,2065-04-07,790.07,residential,India
1,2065-04-08,840.37,residential,India
1,2065-04-09,806.61,residential,India
1,2065-04-10,828.64,residential,India
1,2065-04-11,774.83,residential,India
1,2065-04-12,805.63,residential,India
1,2065-04-13,739.97,residential,India
1,2065-04-14,752.78,residential,India
1,2065-04-15,786.04,residential,India
1,2065-04-16,719.48,residential,India
1,2065-04-17,768.24,residential,India
1,2065-04-18,765.39,residential,India
1,2065-04-19,781.03,residential,India
1,2065-04-20,778.12,residential,India
1,2065-04-21,735.84,residential,India
1,2065-04-22,802.96,residential,India
1,2065-04-23,783.08,residential,India
1,2065-04-24,798.95,residential,India
1,2065-04-25,798.78,residential,India
1,2065-04-26,787.29,residential,India
1,2065-04-27,789.56,residential,India
1,2065-04-28,750.37,residential,India
1,2065-04-29,779.99,residential,India
1,2065-04-30,807.14,residential,India
1,2065-05-01,802.94,residential,India
1,2065-05-02,747.16,residential,India
1,2065-05-03,780.6,residential,India
1,2065-05-04,791.9,residential,India
1,2065-05-05,752.71,residential,India
1,2065-05-06,757.31,residential,India
1,2065-05-07,765.84,residential,India
1,2065-05-08,805.56,residential,India
1,2065-05-09,794.38,residential,India
1,2065-05-10,776.05,residential,India
1,2065-05-11,799.09,residential,India
1,2065-05-12,741.58,residential,India
1,2065-05-13,813.19,residential,India
1,2065-05-14,748.7,residential,India
1,2065-05-15,810.31,residential,India
1,2065-05-16,792.69,residential,India
1,2065-05-17,770.75,residential,India
1,2065-05-18,765.32,residential,India
1,2065-05-19,785.75,residential,India
1,2065-05-20,790.29,residential,India
1,2065-05-21,750.04,residential,India
1,2065-05-22,782.74,residential,India
1,2065-05-23,774.96,residential,India
1,2065-05-24,768.36,residential,India
1,2065-05-25,729.8,residential,India
1,2065-05-26,796.9,residential,India
1,2065-05-27,770.93,residential,India
1,2065-05-28,802.3,residential,India
1,2065-05-29,759.6,residential,India
1,2065-05-30,774.83,residential,India
1,2065-05-31,794.44,residential,India
1,2065-06-01,801.99,residential,India
1,2065-06-02,775.51,residential,India
1,2065-06-03,817.31,residential,India
1,2065-06-04,772.74,residential,India
1,2065-06-05,779.69,residential,India
1,2065-06-06,790.25,residential,India
1,2065-06-07,777.67,residential,India
1,2065-06-08,764.95,residential,India
1,2065-06-09,776.95,residential,India
1,2065-06-10,791.21,residential,India
1,2065-06-11,753.48,residential,India
1,2065-06-12,766.25,residential,India
1,2065-06-13,771.47,residential,India
1,2065-06-14,751.72,residential,India
1,2065-06-15,765.39,residential,India
1,2065-06-16,745.59,residential,India
1,2065-06-17,784.29,residential,India
1,2065-06-18,764.07,residential,India
1,2065-06-19,781.07,residential,India
1,2065-06-20,826.38,residential,India
1,2065-06-21,799.92,residential,India
1,2065-06-22,744.09,residential,India
1,2065-06-23,770.78,residential,India
1,2065-06-24,783.49,residential,India
1,2065-06-25,769.37,residential,India
1,2065-06-26,776.59,residential,India
1,2065-06-27,785.13,residential,India
1,2065-06-28,785.43,residential,India
1,2065-06-29,806.04,residential,India
1,2065-06-30,770.81,residential,India
1,2065-07-01,751.13,residential,India
1,2065-07-02,750.16,residential,India
1,2065-07-03,793.44,residential,India
1,2065-07-04,770.02,residential,India
1,2065-07-05,760.25,residential,India
1,2065-07-06,755.93,residential,India
1,2065-07-07,736.71,residential,India
1,2065-07-08,794.78,residential,India
1,2065-07-09,789.45,residential,India
1,2065-07-10,763.49,residential,India
1,2065-07-11,749.93,residential,India
1,2065-07-12,730.6,residential,India
1,2065-07-13,789.62,residential,India
1,2065-07-14,816.67,residential,India
1,2065-07-15,772.12,residential,India
1,2065-07-16,746.13,residential,India
1,2065-07-17,749.66,residential,India
1,2065-07-18,784.66,residential,India
1,2065-07-19,810.62,residential,India
1,2065-07-20,750.69,residential,India
1,2065-07-21,749.24,residential,India
1,2065-07-22,787.47,residential,India
1,2065-07-23,767.31,residential,India
1,2065-07-24,777.78,residential,India
1,2065-07-25,794.24,residential,India
1,2065-07-26,747.41,residential,India
1,2065-07-27,761.16,residential,India
1,2065-07-28,780.31,residential,India
1,2065-07-29,777.73,residential,India
1,2065-07-30,784.45,residential,India
1,2065-07-31,793.31,residential,India
1,2065-08-01,775.58,residential,India
1,2065-08-02,757.28,residential,India
1,2065-08-03,774.05,residential,India
1,2065-08-04,751.49,residential,India
1,2065-08-05,785.25,residential,India
1,2065-08-06,778.81,residential,India
1,2065-08-07,752.62,residential,India
1,2065-08-08,759.34,residential,India
1,2065-08-09,817.63,residential,India
1,2065-08-10,760.02,residential,India
1,2065-08-11,759.02,residential,India
1,2065-08-12,741.37,residential,India
1,2065-08-13,788.98,residential,India
1,2065-08-14,806.77,residential,India
1,2065-08-15,771.51,residential,India
1,2065-08-16,795.98,residential,India
1,2065-08-17,770.79,residential,India
1,2065-08-18,793.23,residential,India
1,2065-08-19,801.65,residential,India
1,2065-08-20,757.69,residential,India
1,2065-08-21,791.94,residential,India
1,2065-08-22,740.14,residential,India
1,2065-08-23,782.81,residential,India
1,2065-08-24,783.6,residential,India
1,2065-08-25,781.11,residential,India
1,2065-08-26,785.47,residential,India
1,2065-08-27,761.79,residential,India
1,2065-08-28,805.71,residential,India
1,2065-08-29,780.03,residential,India
1,2065-08-30,756.37,residential,India
1,2065-08-31,826.49,residential,India
1,2065-09-01,799.14,residential,India
1,2065-09-02,777.25,residential,India
1,2065-09-03,763.63,residential,India
1,2065-09-04,785.74,residential,India
1,2065-09-05,772.46,residential,India
1,2065-09-06,786.25,residential,India
1,2065-09-07,753.52,residential,India
1,2065-09-08,774.91,residential,India
1,2065-09-09,763.48,residential,India
1,2065-09-10,788.13,residential,India
1,2065-09-11,784.08,residential,India
1,2065-09-12,768.0,residential,India
1,2065-09-13,771.16,residential,India
1,2065-09-14,796.77,residential,India
1,2065-09-15,778.23,residential,India
1,2065-09-16,773.51,residential,India
1,2065-09-17,787.98,residential,India
1,2065-09-18,767.1,residential,India
1,2065-09-19,753.9,residential,India
1,2065-09-20,758.52,residential,India
1,2065-09-21,768.85,residential,India
1,2065-09-22,765.25,residential,India
1,2065-09-23,771.77,residential,India
1,2065-09-24,774.13,residential,India
1,2065-09-25,742.94,residential,India
1,2065-09-26,783.25,residential,India
1,2065-09-27,777.48,residential,India
1,2065-09-28,801.87,residential,India
1,2065-09-29,765.3,residential,India
1,2065-09-30,784.81,residential,India
1,2065-10-01,795.84,residential,India
1,2065-10-02,794.74,residential,India
1,2065-10-03,810.4,residential,India
1,2065-10-04,770.85,residential,India
1,2065-10-05,757.73,residential,India
1,2065-10-06,764.54,residential,India
1,2065-10-07,780.09,residential,India
1,2065-10-08,753.35,residential,India
1,2065-10-09,786.15,residential,India
1,2065-10-10,737.94,residential,India
1,2065-10-11,725.93,residential,India
1,2065-10-12,760.68,residential,India
1,2065-10-13,805.03,residential,India
1,2065-10-14,758.35,residential,India
1,2065-10-15,792.54,residential,India
1,2065-10-16,767.95,residential,India
1,2065-10-17,731.54,residential,India
1,2065-10-18,775.75,residential,India
1,2065-10-19,755.49,residential,India
1,2065-10-20,796.01,residential,India
1,2065-10-21,745.9,residential,India
1,2065-10-22,783.23,residential,India
1,2065-10-23,770.31,residential,India
1,2065-10-24,755.98,residential,India
1,2065-10-25,741.87,residential,India
1,2065-10-26,756.31,residential,India
1,2065-10-27,773.46,residential,India
1,2065-10-28,779.1,residential,India
1,2065-10-29,770.87,residential,India
1,2065-10-30,801.98,residential,India
1,2065-10-31,744.72,residential,India
1,2065-11-01,788.03,residential,India
1,2065-11-02,783.99,residential,India
1,2065-11-03,784.99,residential,India
1,2065-11-04,763.93,residential,India
1,2065-11-05,792.29,residential,India
1,2065-11-06,755.46,residential,India
1,2065-11-07,762.41,residential,India
1,2065-11-08,773.01,residential,India
1,2065-11-09,765.27,residential,India
1,2065-11-10,761.1,residential,India
1,2065-11-11,778.94,residential,India
1,2065-11-12,784.04,residential,India
1,2065-11-13,777.89,residential,India
1,2065-11-14,759.92,residential,India
1,2065-11-15,807.35,residential,India
1,2065-11-16,781.77,residential,India
1,2065-11-17,758.46,residential,India
1,2065-11-18,756.54,residential,India
1,2065-11-19,753.81,residential,India
1,2065-11-20,750.56,residential,India
1,2065-11-21,741.24,residential,India
1,2065-11-22,771.33,residential,India
1,2065-11-23,748.64,residential,India
1,2065-11-24,749.94,residential,India
1,2065-11-25,789.98,residential,India
1,2065-11-26,790.07,residential,India
1,2065-11-27,743.63,residential,India
1,2065-11-28,806.58,residential,India
1,2065-11-29,786.11,residential,India
1,2065-11-30,765.57,residential,India
1,2065-12-01,734.02,residential,India
1,2065-12-02,756.42,residential,India
1,2065-12-03,761.19,residential,India
1,2065-12-04,789.62,residential,India
1,2065-12-05,785.67,residential,India
1,2065-12-06,791.85,residential,India
1,2065-12-07,790.92,residential,India
1,2065-12-08,773.28,residential,India
1,2065-12-09,761.8,residential,India
1,2065-12-10,778.24,residential,India
1,2065-12-11,787.47,residential,India
1,2065-12-12,765.1,residential,India
1,2065-12-13,789.46,residential,India
1,2065-12-14,760.99,residential,India
1,2065-12-15,784.25,residential,India
1,2065-12-16,772.77,residential,India
1,2065-12-17,774.82,residential,India
1,2065-12-18,800.76,residential,India
1,2065-12-19,773.87,residential,India
1,2065-12-20,754.85,residential,India
1,2065-12-21,752.13,residential,India
1,2065-12-22,762.95,residential,India
1,2065-12-23,748.34,residential,India
1,2065-12-24,746.8,residential,India
1,2065-12-25,748.54,residential,India
1,2065-12-26,764.2,residential,India
1,2065-12-27,743.6,residential,India
1,2065-12-28,789.53,residential,India
1,2065-12-29,757.59,residential,India
1,2065-12-30,763.49,residential,India
1,2065-12-31,786.45,residential,India
1,2066-01-01,776.54,residential,India
1,2066-01-02,798.8,residential,India
1,2066-01-03,758.45,residential,India
1,2066-01-04,750.17,residential,India
1,2066-01-05,790.32,residential,India
1,2066-01-06,770.05,residential,India
1,2066-01-07,727.33,residential,India
1,2066-01-08,767.43,residential,India
1,2066-01-09,776.46,residential,India
1,2066-01-10,784.06,residential,India
1,2066-01-11,771.77,residential,India
1,2066-01-12,782.84,residential,India
1,2066-01-13,772.94,residential,India
1,2066-01-14,731.02,residential,India
1,2066-01-15,796.58,residential,India
1,2066-01-16,740.08,residential,India
1,2066-01-17,737.96,residential,India
1,2066-01-18,740.42,residential,India
1,2066-01-19,751.8,residential,India
1,2066-01-20,789.35,residential,India
1,2066-01-21,749.14,residential,India
1,2066-01-22,758.0,residential,India
1,2066-01-23,738.43,residential,India
1,2066-01-24,776.09,residential,India
1,2066-01-25,765.04,residential,India
1,2066-01-26,729.74,residential,India
1,2066-01-27,746.71,residential,India
1,2066-01-28,761.09,residential,India
1,2066-01-29,778.69,residential,India
1,2066-01-30,783.01,residential,India
1,2066-01-31,730.88,residential,India
1,2066-02-01,761.19,residential,India
1,2066-02-02,788.66,residential,India
1,2066-02-03,740.72,residential,India
1,2066-02-04,790.45,residential,India
1,2066-02-05,756.04,residential,India
1,2066-02-06,795.61,residential,India
1,2066-02-07,794.21,residential,India
1,2066-02-08,761.49,residential,India
1,2066-02-09,735.91,residential,India
1,2066-02-10,763.86,residential,India
1,2066-02-11,779.57,residential,India
1,2066-02-12,779.36,residential,India
1,2066-02-13,748.08,residential,India
1,2066-02-14,752.56,residential,India
1,2066-02-15,732.86,residential,India
1,2066-02-16,783.56,residential,India
1,2066-02-17,746.46,residential,India
1,2066-02-18,762.54,residential,India
1,2066-02-19,800.24,residential,India
1,2066-02-20,762.27,residential,India
1,2066-02-21,735.86,residential,India
1,2066-02-22,773.3,residential,India
1,2066-02-23,777.17,residential,India
1,2066-02-24,783.03,residential,India
1,2066-02-25,794.95,residential,India
1,2066-02-26,759.6,residential,India
1,2066-02-27,753.95,residential,India
1,2066-02-28,741.88,residential,India
1,2066-03-01,749.17,residential,India
1,2066-03-02,768.0,residential,India
1,2066-03-03,780.46,residential,India
1,2066-03-04,759.29,residential,India
1,2066-03-05,777.64,residential,India
1,2066-03-06,755.53,residential,India
1,2066-03-07,753.63,residential,India
1,2066-03-08,767.4,residential,India
1,2066-03-09,742.21,residential,India
1,2066-03-10,787.57,residential,India
1,2066-03-11,773.63,residential,India
1,2066-03-12,795.06,residential,India
1,2066-03-13,732.18,residential,India
1,2066-03-14,733.76,residential,India
1,2066-03-15,785.38,residential,India
1,2066-03-16,781.45,residential,India
1,2066-03-17,774.97,residential,India
1,2066-03-18,775.3,residential,India
1,2066-03-19,768.51,residential,India
1,2066-03-20,764.26,residential,India
1,2066-03-21,745.84,residential,India
1,2066-03-22,771.57,residential,India
1,2066-03-23,762.8,residential,India
1,2066-03-24,784.92,residential,India
1,2066-03-25,735.83,residential,India
1,2066-03-26,754.63,residential,India
1,2066-03-27,730.84,residential,India
1,2066-03-28,764.64,residential,India
1,2066-03-29,769.15,residential,India
1,2066-03-30,760.51,residential,India
1,2066-03-31,749.4,residential,India
1,2066-04-01,746.02,residential,India
1,2066-04-02,732.47,residential,India
1,2066-04-03,769.84,residential,India
1,2066-04-04,754.8,residential,India
1,2066-04-05,748.67,residential,India
1,2066-04-06,771.09,residential,India
1,2066-04-07,742.61,residential,India
1,2066-04-08,738.89,residential,India
1,2066-04-09,767.86,residential,India
1,2066-04-10,739.2,residential,India
1,2066-04-11,767.76,residential,India
1,2066-04-12,766.01,residential,India
1,2066-04-13,756.15,residential,India
1,2066-04-14,737.95,residential,India
1,2066-04-15,753.9,residential,India
1,2066-04-16,728.24,residential,India
1,2066-04-17,766.22,residential,India
1,2066-04-18,768.85,residential,India
1,2066-04-19,757.86,residential,India
1,2066-04-20,729.84,residential,India
1,2066-04-21,733.14,residential,India
1,2066-04-22,753.54,residential,India
1,2066-04-23,718.96,residential,India
1,2066-04-24,754.68,residential,India
1,2066-04-25,730.76,residential,India
1,2066-04-26,760.71,residential,India
1,2066-04-27,750.49,residential,India
1,2066-04-28,750.13,residential,India
1,2066-04-29,741.09,residential,India
1,2066-04-30,742.13,residential,India
1,2066-05-01,779.31,residential,India
1,2066-05-02,752.63,residential,India
1,2066-05-03,731.21,residential,India
1,2066-05-04,779.81,residential,India
1,2066-05-05,760.52,residential,India
1,2066-05-06,744.79,residential,India
1,2066-05-07,739.89,residential,India
1,2066-05-08,756.05,residential,India
1,2066-05-09,740.66,residential,India
1,2066-05-10,740.48,residential,India
1,2066-05-11,771.67,residential,India
1,2066-05-12,747.37,residential,India
1,2066-05-13,730.18,residential,India
1,2066-05-14,744.25,residential,India
1,2066-05-15,759.74,residential,India
1,2066-05-16,709.81,residential,India
1,2066-05-17,784.2,residential,India
1,2066-05-18,750.24,residential,India
1,2066-05-19,755.83,residential,India
1,2066-05-20,750.47,residential,India
1,2066-05-21,730.98,residential,India
1,2066-05-22,751.75,residential,India
1,2066-05-23,738.86,residential,India
1,2066-05-24,755.03,residential,India
1,2066-05-25,773.67,residential,India
1,2066-05-26,755.77,residential,India
1,2066-05-27,755.48,residential,India
1,2066-05-28,732.26,residential,India
1,2066-05-29,715.93,residential,India
1,2066-05-30,733.98,residential,India
1,2066-05-31,720.5,residential,India
1,2066-06-01,740.64,residential,India
1,2066-06-02,757.43,residential,India
1,2066-06-03,781.99,residential,India
1,2066-06-04,751.26,residential,India
1,2066-06-05,741.16,residential,India
1,2066-06-06,758.13,residential,India
1,2066-06-07,743.96,residential,India
1,2066-06-08,737.04,residential,India
1,2066-06-09,743.57,residential,India
1,2066-06-10,774.47,residential,India
1,2066-06-11,735.26,residential,India
1,2066-06-12,768.1,residential,India
1,2066-06-13,717.96,residential,India
1,2066-06-14,749.52,residential,India
1,2066-06-15,749.59,residential,India
1,2066-06-16,705.84,residential,India
1,2066-06-17,744.4,residential,India
1,2066-06-18,767.11,residential,India
1,2066-06-19,716.94,residential,India
1,2066-06-20,733.91,residential,India
1,2066-06-21,754.75,residential,India
1,2066-06-22,756.79,residential,India
1,2066-06-23,740.43,residential,India
1,2066-06-24,711.95,residential,India
1,2066-06-25,755.18,residential,India
1,2066-06-26,731.2,residential,India
1,2066-06-27,743.38,residential,India
1,2066-06-28,708.84,residential,India
1,2066-06-29,721.99,residential,India
1,2066-06-30,779.4,residential,India
1,2066-07-01,756.27,residential,India
1,2066-07-02,782.65,residential,India
1,2066-07-03,768.47,residential,India
1,2066-07-04,737.3,residential,India
1,2066-07-05,756.31,residential,India
1,2066-07-06,714.22,residential,India
1,2066-07-07,773.83,residential,India
1,2066-07-08,757.11,residential,India
1,2066-07-09,746.42,residential,India
1,2066-07-10,731.4,residential,India
1,2066-07-11,717.08,residential,India
1,2066-07-12,728.32,residential,India
1,2066-07-13,777.9,residential,India
1,2066-07-14,755.14,residential,India
1,2066-07-15,735.53,residential,India
1,2066-07-16,755.97,residential,India
1,2066-07-17,739.47,residential,India
1,2066-07-18,692.41,residential,India
1,2066-07-19,736.13,residential,India
1,2066-07-20,747.06,residential,India
1,2066-07-21,741.87,residential,India
1,2066-07-22,713.09,residential,India
1,2066-07-23,728.31,residential,India
1,2066-07-24,736.36,residential,India
1,2066-07-25,737.87,residential,India
1,2066-07-26,709.92,residential,India
1,2066-07-27,713.08,residential,India
1,2066-07-28,728.0,residential,India
1,2066-07-29,743.06,residential,India
1,2066-07-30,751.52,residential,India
1,2066-07-31,734.23,residential,India
1,2066-08-01,752.78,residential,India
1,2066-08-02,729.64,residential,India
1,2066-08-03,721.74,residential,India
1,2066-08-04,736.17,residential,India
1,2066-08-05,753.19,residential,India
1,2066-08-06,739.26,residential,India
1,2066-08-07,742.31,residential,India
1,2066-08-08,724.66,residential,India
1,2066-08-09,757.99,residential,India
1,2066-08-10,739.33,residential,India
1,2066-08-11,774.79,residential,India
1,2066-08-12,734.98,residential,India
1,2066-08-13,754.71,residential,India
1,2066-08-14,731.0,residential,India
1,2066-08-15,727.18,residential,India
1,2066-08-16,726.81,residential,India
1,2066-08-17,759.1,residential,India
1,2066-08-18,759.05,residential,India
1,2066-08-19,705.24,residential,India
1,2066-08-20,718.15,residential,India
1,2066-08-21,689.47,residential,India
1,2066-08-22,693.25,residential,India
1,2066-08-23,756.32,residential,India
1,2066-08-24,714.89,residential,India
1,2066-08-25,747.02,residential,India
1,2066-08-26,712.04,residential,India
1,2066-08-27,748.41,residential,India
1,2066-08-28,727.74,residential,India
1,2066-08-29,731.25,residential,India
1,2066-08-30,731.16,residential,India
1,2066-08-31,686.34,residential,India
1,2066-09-01,743.41,residential,India
1,2066-09-02,734.94,residential,India
1,2066-09-03,727.84,residential,India
1,2066-09-04,746.81,residential,India
1,2066-09-05,706.18,residential,India
1,2066-09-06,720.75,residential,India
1,2066-09-07,710.99,residential,India
1,2066-09-08,716.55,residential,India
1,2066-09-09,684.42,residential,India
1,2066-09-10,747.57,residential,India
1,2066-09-11,698.28,residential,India
1,2066-09-12,716.93,residential,India
1,2066-09-13,731.78,residential,India
1,2066-09-14,743.51,residential,India
1,2066-09-15,730.8,residential,India
1,2066-09-16,732.12,residential,India
1,2066-09-17,711.52,residential,India
1,2066-09-18,701.59,residential,India
1,2066-09-19,703.33,residential,India
1,2066-09-20,709.26,residential,India
1,2066-09-21,756.1,residential,India
1,2066-09-22,732.54,residential,India
1,2066-09-23,693.14,residential,India
1,2066-09-24,739.52,residential,India
1,2066-09-25,722.45,residential,India
1,2066-09-26,722.39,residential,India
1,2066-09-27,720.59,residential,India
1,2066-09-28,708.31,residential,India
1,2066-09-29,742.79,residential,India
1,2066-09-30,720.29,residential,India
1,2066-10-01,736.71,residential,India
1,2066-10-02,739.16,residential,India
1,2066-10-03,730.52,residential,India
1,2066-10-04,751.49,residential,India
1,2066-10-05,731.41,residential,India
1,2066-10-06,732.12,residential,India
1,2066-10-07,703.74,residential,India
1,2066-10-08,696.85,residential,India
1,2066-10-09,746.42,residential,India
1,2066-10-10,735.76,residential,India
1,2066-10-11,737.82,residential,India
1,2066-10-12,732.17,residential,India
1,2066-10-13,709.9,residential,India
1,2066-10-14,726.56,residential,India
1,2066-10-15,743.42,residential,India
1,2066-10-16,756.8,residential,India
1,2066-10-17,726.06,residential,India
1,2066-10-18,713.5,residential,India
1,2066-10-19,688.95,residential,India
1,2066-10-20,706.69,residential,India
1,2066-10-21,688.08,residential,India
1,2066-10-22,742.15,residential,India
1,2066-10-23,758.35,residential,India
1,2066-10-24,705.32,residential,India
1,2066-10-25,738.66,residential,India
1,2066-10-26,747.29,residential,India
1,2066-10-27,737.77,residential,India
1,2066-10-28,713.06,residential,India
1,2066-10-29,722.12,residential,India
1,2066-10-30,729.56,residential,India
1,2066-10-31,725.99,residential,India
1,2066-11-01,715.11,residential,India
1,2066-11-02,722.39,residential,India
1,2066-11-03,733.53,residential,India
1,2066-11-04,728.26,residential,India
1,2066-11-05,748.86,residential,India
1,2066-11-06,727.18,residential,India
1,2066-11-07,703.78,residential,India
1,2066-11-08,723.34,residential,India
1,2066-11-09,726.81,residential,India
1,2066-11-10,747.0,residential,India
1,2066-11-11,688.26,residential,India
1,2066-11-12,698.11,residential,India
1,2066-11-13,768.48,residential,India
1,2066-11-14,743.06,residential,India
1,2066-11-15,704.01,residential,India
1,2066-11-16,738.86,residential,India
1,2066-11-17,733.57,residential,India
1,2066-11-18,716.65,residential,India
1,2066-11-19,748.26,residential,India
1,2066-11-20,740.66,residential,India
1,2066-11-21,710.19,residential,India
1,2066-11-22,698.8,residential,India
1,2066-11-23,711.66,residential,India
1,2066-11-24,730.93,residential,India
1,2066-11-25,702.27,residential,India
1,2066-11-26,684.13,residential,India
1,2066-11-27,739.37,residential,India
1,2066-11-28,701.57,residential,India
1,2066-11-29,716.51,residential,India
1,2066-11-30,739.28,residential,India
1,2066-12-01,697.22,residential,India
1,2066-12-02,755.74,residential,India
1,2066-12-03,728.17,residential,India
1,2066-12-04,693.02,residential,India
1,2066-12-05,684.88,residential,India
1,2066-12-06,705.46,residential,India
1,2066-12-07,732.63,residential,India
1,2066-12-08,750.48,residential,India
1,2066-12-09,689.66,residential,India
1,2066-12-10,732.6,residential,India
1,2066-12-11,711.45,residential,India
1,2066-12-12,678.75,residential,India
1,2066-12-13,752.52,residential,India
1,2066-12-14,758.95,residential,India
1,2066-12-15,743.36,residential,India
1,2066-12-16,747.69,residential,India
1,2066-12-17,737.3,residential,India
1,2066-12-18,674.04,residential,India
1,2066-12-19,741.29,residential,India
1,2066-12-20,729.27,residential,India
1,2066-12-21,685.13,residential,India
1,2066-12-22,702.42,residential,India
1,2066-12-23,733.78,residential,India
1,2066-12-24,703.01,residential,India
1,2066-12-25,683.1,residential,India
1,2066-12-26,714.51,residential,India
1,2066-12-27,736.17,residential,India
1,2066-12-28,755.86,residential,India
1,2066-12-29,695.52,residential,India
1,2066-12-30,735.44,residential,India
1,2066-12-31,715.59,residential,India
1,2067-01-01,722.78,residential,India
1,2067-01-02,741.6,residential,India
1,2067-01-03,696.97,residential,India
1,2067-01-04,721.0,residential,India
1,2067-01-05,738.86,residential,India
1,2067-01-06,730.5,residential,India
1,2067-01-07,745.49,residential,India
1,2067-01-08,717.65,residential,India
1,2067-01-09,721.59,residential,India
1,2067-01-10,678.26,residential,India
1,2067-01-11,709.91,residential,India
1,2067-01-12,723.56,residential,India
1,2067-01-13,699.88,residential,India
1,2067-01-14,707.52,residential,India
1,2067-01-15,744.56,residential,India
1,2067-01-16,728.47,residential,India
1,2067-01-17,713.0,residential,India
1,2067-01-18,740.98,residential,India
1,2067-01-19,704.76,residential,India
1,2067-01-20,712.25,residential,India
1,2067-01-21,738.98,residential,India
1,2067-01-22,751.69,residential,India
1,2067-01-23,713.15,residential,India
1,2067-01-24,703.17,residential,India
1,2067-01-25,688.12,residential,India
1,2067-01-26,733.35,residential,India
1,2067-01-27,703.26,residential,India
1,2067-01-28,733.72,residential,India
1,2067-01-29,725.6,residential,India
1,2067-01-30,717.78,residential,India
1,2067-01-31,697.01,residential,India
1,2067-02-01,729.35,residential,India
1,2067-02-02,711.99,residential,India
1,2067-02-03,713.96,residential,India
1,2067-02-04,712.74,residential,India
1,2067-02-05,719.17,residential,India
1,2067-02-06,706.37,residential,India
1,2067-02-07,686.41,residential,India
1,2067-02-08,652.65,residential,India
1,2067-02-09,722.92,residential,India
1,2067-02-10,727.95,residential,India
1,2067-02-11,711.9,residential,India
1,2067-02-12,721.55,residential,India
1,2067-02-13,707.61,residential,India
1,2067-02-14,729.33,residential,India
1,2067-02-15,705.58,residential,India
1,2067-02-16,725.86,residential,India
1,2067-02-17,734.93,residential,India
1,2067-02-18,687.79,residential,India
1,2067-02-19,675.29,residential,India
1,2067-02-20,740.7,residential,India
1,2067-02-21,696.53,residential,India
1,2067-02-22,718.11,residential,India
1,2067-02-23,708.99,residential,India
1,2067-02-24,708.25,residential,India
1,2067-02-25,686.53,residential,India
1,2067-02-26,684.14,residential,India
1,2067-02-27,706.13,residential,India
1,2067-02-28,684.27,residential,India
1,2067-03-01,718.46,residential,India
1,2067-03-02,710.24,residential,India
1,2067-03-03,704.32,residential,India
1,2067-03-04,715.05,residential,India
1,2067-03-05,710.6,residential,India
1,2067-03-06,735.65,residential,India
1,2067-03-07,720.11,residential,India
1,2067-03-08,676.61,residential,India
1,2067-03-09,714.94,residential,India
1,2067-03-10,716.44,residential,India
1,2067-03-11,691.58,residential,India
1,2067-03-12,700.32,residential,India
1,2067-03-13,733.2,residential,India
1,2067-03-14,732.3,residential,India
1,2067-03-15,677.15,residential,India
1,2067-03-16,651.11,residential,India
1,2067-03-17,699.74,residential,India
1,2067-03-18,725.55,residential,India
1,2067-03-19,682.2,residential,India
1,2067-03-20,710.74,residential,India
1,2067-03-21,763.82,residential,India
1,2067-03-22,723.25,residential,India
1,2067-03-23,672.35,residential,India
1,2067-03-24,709.26,residential,India
1,2067-03-25,697.04,residential,India
1,2067-03-26,697.53,residential,India
1,2067-03-27,713.41,residential,India
1,2067-03-28,657.22,residential,India
1,2067-03-29,711.64,residential,India
1,2067-03-30,697.93,residential,India
1,2067-03-31,699.34,residential,India
1,2067-04-01,697.08,residential,India
1,2067-04-02,696.69,residential,India
1,2067-04-03,701.17,residential,India
1,2067-04-04,709.2,residential,India
1,2067-04-05,707.78,residential,India
1,2067-04-06,717.48,residential,India
1,2067-04-07,714.0,residential,India
1,2067-04-08,716.25,residential,India
1,2067-04-09,718.5,residential,India
1,2067-04-10,683.14,residential,India
1,2067-04-11,723.37,residential,India
1,2067-04-12,692.97,residential,India
1,2067-04-13,733.55,residential,India
1,2067-04-14,728.04,residential,India
1,2067-04-15,683.68,residential,India
1,2067-04-16,692.65,residential,India
1,2067-04-17,700.14,residential,India
1,2067-04-18,726.68,residential,India
1,2067-04-19,693.42,residential,India
1,2067-04-20,695.43,residential,India
1,2067-04-21,756.8,residential,India
1,2067-04-22,719.44,residential,India
1,2067-04-23,693.12,residential,India
1,2067-04-24,681.66,residential,India
1,2067-04-25,698.44,residential,India
1,2067-04-26,721.85,residential,India
1,2067-04-27,755.65,residential,India
1,2067-04-28,686.49,residential,India
1,2067-04-29,709.07,residential,India
1,2067-04-30,725.79,residential,India
1,2067-05-01,741.47,residential,India
1,2067-05-02,695.63,residential,India
1,2067-05-03,687.3,residential,India
1,2067-05-04,726.33,residential,India
1,2067-05-05,713.6,residential,India
1,2067-05-06,702.11,residential,India
1,2067-05-07,701.47,residential,India
1,2067-05-08,715.1,residential,India
1,2067-05-09,680.56,residential,India
1,2067-05-10,673.47,residential,India
1,2067-05-11,682.67,residential,India
1,2067-05-12,729.75,residential,India
1,2067-05-13,729.68,residential,India
1,2067-05-14,680.8,residential,India
1,2067-05-15,681.8,residential,India
1,2067-05-16,678.09,residential,India
1,2067-05-17,697.0,residential,India
1,2067-05-18,709.61,residential,India
1,2067-05-19,678.77,residential,India
1,2067-05-20,708.73,residential,India
1,2067-05-21,694.59,residential,India
1,2067-05-22,659.95,residential,India
1,2067-05-23,685.04,residential,India
1,2067-05-24,689.57,residential,India
1,2067-05-25,716.89,residential,India
1,2067-05-26,693.13,residential,India
1,2067-05-27,726.07,residential,India
1,2067-05-28,670.78,residential,India
1,2067-05-29,684.83,residential,India
1,2067-05-30,689.21,residential,India
1,2067-05-31,691.36,residential,India
1,2067-06-01,721.23,residential,India
1,2067-06-02,700.16,residential,India
1,2067-06-03,704.63,residential,India
1,2067-06-04,705.57,residential,India
1,2067-06-05,720.58,residential,India
1,2067-06-06,686.9,residential,India
1,2067-06-07,678.15,residential,India
1,2067-06-08,661.35,residential,India
1,2067-06-09,674.45,residential,India
1,2067-06-10,702.41,residential,India
1,2067-06-11,703.15,residential,India
1,2067-06-12,709.94,residential,India
1,2067-06-13,706.88,residential,India
1,2067-06-14,714.56,residential,India
1,2067-06-15,716.64,residential,India
1,2067-06-16,691.61,residential,India
1,2067-06-17,686.75,residential,India
1,2067-06-18,675.78,residential,India
1,2067-06-19,706.24,residential,India
1,2067-06-20,689.89,residential,India
1,2067-06-21,695.73,residential,India
1,2067-06-22,663.8,residential,India
1,2067-06-23,677.17,residential,India
1,2067-06-24,695.32,residential,India
1,2067-06-25,716.92,residential,India
1,2067-06-26,685.22,residential,India
1,2067-06-27,685.86,residential,India
1,2067-06-28,706.37,residential,India
1,2067-06-29,729.0,residential,India
1,2067-06-30,702.96,residential,India
1,2067-07-01,718.98,residential,India
1,2067-07-02,765.45,residential,India
1,2067-07-03,674.88,residential,India
1,2067-07-04,695.48,residential,India
1,2067-07-05,721.92,residential,India
1,2067-07-06,680.76,residential,India
1,2067-07-07,689.46,residential,India
1,2067-07-08,702.97,residential,India
1,2067-07-09,666.43,residential,India
1,2067-07-10,682.02,residential,India
1,2067-07-11,725.89,residential,India
1,2067-07-12,701.56,residential,India
1,2067-07-13,684.51,residential,India
1,2067-07-14,682.35,residential,India
1,2067-07-15,722.02,residential,India
1,2067-07-16,658.5,residential,India
1,2067-07-17,706.92,residential,India
1,2067-07-18,702.69,residential,India
1,2067-07-19,722.61,residential,India
1,2067-07-20,678.14,residential,India
1,2067-07-21,683.77,residential,India
1,2067-07-22,699.62,residential,India
1,2067-07-23,718.85,residential,India
1,2067-07-24,674.96,residential,India
1,2067-07-25,703.01,residential,India
1,2067-07-26,696.84,residential,India
1,2067-07-27,685.83,residential,India
1,2067-07-28,703.18,residential,India
1,2067-07-29,711.58,residential,India
1,2067-07-30,722.93,residential,India
1,2067-07-31,686.42,residential,India
1,2067-08-01,717.22,residential,India
1,2067-08-02,665.15,residential,India
1,2067-08-03,683.64,residential,India
1,2067-08-04,698.2,residential,India
1,2067-08-05,691.87,residential,India
1,2067-08-06,734.55,residential,India
1,2067-08-07,758.74,residential,India
1,2067-08-08,662.62,residential,India
1,2067-08-09,682.71,residential,India
1,2067-08-10,700.81,residential,India
1,2067-08-11,695.07,residential,India
1,2067-08-12,715.09,residential,India
1,2067-08-13,715.74,residential,India
1,2067-08-14,725.69,residential,India
1,2067-08-15,696.62,residential,India
1,2067-08-16,725.81,residential,India
1,2067-08-17,685.92,residential,India
1,2067-08-18,697.66,residential,India
1,2067-08-19,712.48,residential,India
1,2067-08-20,715.7,residential,India
1,2067-08-21,701.59,residential,India
1,2067-08-22,704.48,residential,India
1,2067-08-23,694.14,residential,India
1,2067-08-24,673.68,residential,India
1,2067-08-25,732.97,residential,India
1,2067-08-26,663.44,residential,India
1,2067-08-27,711.69,residential,India
1,2067-08-28,692.17,residential,India
1,2067-08-29,709.14,residential,India
1,2067-08-30,675.34,residential,India
1,2067-08-31,718.98,residential,India
1,2067-09-01,680.61,residential,India
1,2067-09-02,715.43,residential,India
1,2067-09-03,700.72,residential,India
1,2067-09-04,717.76,residential,India
1,2067-09-05,705.35,residential,India
1,2067-09-06,701.16,residential,India
1,2067-09-07,717.45,residential,India
1,2067-09-08,670.85,residential,India
1,2067-09-09,702.17,residential,India
1,2067-09-10,695.49,residential,India
1,2067-09-11,712.39,residential,India
1,2067-09-12,694.45,residential,India
1,2067-09-13,714.8,residential,India
1,2067-09-14,701.79,residential,India
1,2067-09-15,674.42,residential,India
1,2067-09-16,706.72,residential,India
1,2067-09-17,711.64,residential,India
1,2067-09-18,704.18,residential,India
1,2067-09-19,661.55,residential,India
1,2067-09-20,695.19,residential,India
1,2067-09-21,687.7,residential,India
1,2067-09-22,680.26,residential,India
1,2067-09-23,698.78,residential,India
1,2067-09-24,691.9,residential,India
1,2067-09-25,680.63,residential,India
1,2067-09-26,708.81,residential,India
1,2067-09-27,711.69,residential,India
1,2067-09-28,687.83,residential,India
1,2067-09-29,739.59,residential,India
1,2067-09-30,694.05,residential,India
1,2067-10-01,713.24,residential,India
1,2067-10-02,727.99,residential,India
1,2067-10-03,694.5,residential,India
1,2067-10-04,708.08,residential,India
1,2067-10-05,683.48,residential,India
1,2067-10-06,727.49,residential,India
1,2067-10-07,671.75,residential,India
1,2067-10-08,688.74,residential,India
1,2067-10-09,670.5,residential,India
1,2067-10-10,698.36,residential,India
1,2067-10-11,691.38,residential,India
1,2067-10-12,715.14,residential,India
1,2067-10-13,685.06,residential,India
1,2067-10-14,689.49,residential,India
1,2067-10-15,688.96,residential,India
1,2067-10-16,704.91,residential,India
1,2067-10-17,712.76,residential,India
1,2067-10-18,701.02,residential,India
1,2067-10-19,740.14,residential,India
1,2067-10-20,717.1,residential,India
1,2067-10-21,692.63,residential,India
1,2067-10-22,675.28,residential,India
1,2067-10-23,681.03,residential,India
1,2067-10-24,659.21,residential,India
1,2067-10-25,696.33,residential,India
1,2067-10-26,711.77,residential,India
1,2067-10-27,705.04,residential,India
1,2067-10-28,650.39,residential,India
1,2067-10-29,688.72,residential,India
1,2067-10-30,695.72,residential,India
1,2067-10-31,687.82,residential,India
1,2067-11-01,692.62,residential,India
1,2067-11-02,741.42,residential,India
1,2067-11-03,701.88,residential,India
1,2067-11-04,677.13,residential,India
1,2067-11-05,734.82,residential,India
1,2067-11-06,702.18,residential,India
1,2067-11-07,696.07,residential,India
1,2067-11-08,736.79,residential,India
1,2067-11-09,712.62,residential,India
1,2067-11-10,701.95,residential,India
1,2067-11-11,686.39,residential,India
1,2067-11-12,692.94,residential,India
1,2067-11-13,694.26,residential,India
1,2067-11-14,732.31,residential,India
1,2067-11-15,660.91,residential,India
1,2067-11-16,744.31,residential,India
1,2067-11-17,686.59,residential,India
1,2067-11-18,684.95,residential,India
1,2067-11-19,701.59,residential,India
1,2067-11-20,680.27,residential,India
1,2067-11-21,714.73,residential,India
1,2067-11-22,685.0,residential,India
1,2067-11-23,765.0,residential,India
1,2067-11-24,708.4,residential,India
1,2067-11-25,681.74,residential,India
1,2067-11-26,711.5,residential,India
1,2067-11-27,669.14,residential,India
1,2067-11-28,707.02,residential,India
1,2067-11-29,734.77,residential,India
1,2067-11-30,660.53,residential,India
1,2067-12-01,695.98,residential,India
1,2067-12-02,720.43,residential,India
1,2067-12-03,732.25,residential,India
1,2067-12-04,708.61,residential,India
1,2067-12-05,729.69,residential,India
1,2067-12-06,721.17,residential,India
1,2067-12-07,710.08,residential,India
1,2067-12-08,731.82,residential,India
1,2067-12-09,720.17,residential,India
1,2067-12-10,673.05,residential,India
1,2067-12-11,725.68,residential,India
1,2067-12-12,690.69,residential,India
1,2067-12-13,708.32,residential,India
1,2067-12-14,689.15,residential,India
1,2067-12-15,715.46,residential,India
1,2067-12-16,698.46,residential,India
1,2067-12-17,691.34,residential,India
1,2067-12-18,672.01,residential,India
1,2067-12-19,716.56,residential,India
1,2067-12-20,678.12,residential,India
1,2067-12-21,702.86,residential,India
1,2067-12-22,668.13,residential,India
1,2067-12-23,715.55,residential,India
1,2067-12-24,698.6,residential,India
1,2067-12-25,719.09,residential,India
1,2067-12-26,724.95,residential,India
1,2067-12-27,711.26,residential,India
1,2067-12-28,686.35,residential,India
1,2067-12-29,692.51,residential,India
1,2067-12-30,715.79,residential,India
1,2067-12-31,724.14,residential,India
1,2068-01-01,685.53,residential,India
1,2068-01-02,696.83,residential,India
1,2068-01-03,692.65,residential,India
1,2068-01-04,681.62,residential,India
1,2068-01-05,717.96,residential,India
1,2068-01-06,693.35,residential,India
1,2068-01-07,717.0,residential,India
1,2068-01-08,702.51,residential,India
1,2068-01-09,686.87,residential,India
1,2068-01-10,691.01,residential,India
1,2068-01-11,727.3,residential,India
1,2068-01-12,669.66,residential,India
1,2068-01-13,702.5,residential,India
1,2068-01-14,740.39,residential,India
1,2068-01-15,720.5,residential,India
1,2068-01-16,688.07,residential,India
1,2068-01-17,679.94,residential,India
1,2068-01-18,676.46,residential,India
1,2068-01-19,690.83,residential,India
1,2068-01-20,743.61,residential,India
1,2068-01-21,717.38,residential,India
1,2068-01-22,712.24,residential,India
1,2068-01-23,715.75,residential,India
1,2068-01-24,702.68,residential,India
1,2068-01-25,735.78,residential,India
1,2068-01-26,693.21,residential,India
1,2068-01-27,697.33,residential,India
1,2068-01-28,686.96,residential,India
1,2068-01-29,701.98,residential,India
1,2068-01-30,721.94,residential,India
1,2068-01-31,694.55,residential,India
1,2068-02-01,679.36,residential,India
1,2068-02-02,719.23,residential,India
1,2068-02-03,696.36,residential,India
1,2068-02-04,693.92,residential,India
1,2068-02-05,704.29,residential,India
1,2068-02-06,679.98,residential,India
1,2068-02-07,695.38,residential,India
1,2068-02-08,706.34,residential,India
1,2068-02-09,685.7,residential,India
1,2068-02-10,730.14,residential,India
1,2068-02-11,693.61,residential,India
1,2068-02-12,727.21,residential,India
1,2068-02-13,739.37,residential,India
1,2068-02-14,662.25,residential,India
1,2068-02-15,705.53,residential,India
1,2068-02-16,713.09,residential,India
1,2068-02-17,687.39,residential,India
1,2068-02-18,724.85,residential,India
1,2068-02-19,710.57,residential,India
1,2068-02-20,700.91,residential,India
1,2068-02-21,723.13,residential,India
1,2068-02-22,743.82,residential,India
1,2068-02-23,676.03,residential,India
1,2068-02-24,697.53,residential,India
1,2068-02-25,706.5,residential,India
1,2068-02-26,714.84,residential,India
1,2068-02-27,700.45,residential,India
1,2068-02-28,726.73,residential,India
1,2068-02-29,708.48,residential,India
1,2068-03-01,708.86,residential,India
1,2068-03-02,682.82,residential,India
1,2068-03-03,678.43,residential,India
1,2068-03-04,720.27,residential,India
1,2068-03-05,703.22,residential,India
1,2068-03-06,708.87,residential,India
1,2068-03-07,671.39,residential,India
1,2068-03-08,698.24,residential,India
1,2068-03-09,686.68,residential,India
1,2068-03-10,725.08,residential,India
1,2068-03-11,694.09,residential,India
1,2068-03-12,694.84,residential,India
1,2068-03-13,684.8,residential,India
1,2068-03-14,677.95,residential,India
1,2068-03-15,685.16,residential,India
1,2068-03-16,696.5,residential,India
1,2068-03-17,702.49,residential,India
1,2068-03-18,696.94,residential,India
1,2068-03-19,714.3,residential,India
1,2068-03-20,738.9,residential,India
1,2068-03-21,705.23,residential,India
1,2068-03-22,705.49,residential,India
1,2068-03-23,728.09,residential,India
1,2068-03-24,682.19,residential,India
1,2068-03-25,701.72,residential,India
1,2068-03-26,725.7,residential,India
1,2068-03-27,719.7,residential,India
1,2068-03-28,743.44,residential,India
1,2068-03-29,700.61,residential,India
1,2068-03-30,694.77,residential,India
1,2068-03-31,704.78,residential,India
1,2068-04-01,709.93,residential,India
1,2068-04-02,698.24,residential,India
1,2068-04-03,724.79,residential,India
1,2068-04-04,720.68,residential,India
1,2068-04-05,655.17,residential,India
1,2068-04-06,736.72,residential,India
1,2068-04-07,742.58,residential,India
1,2068-04-08,713.53,residential,India
1,2068-04-09,711.69,residential,India
1,2068-04-10,696.58,residential,India
1,2068-04-11,694.57,residential,India
1,2068-04-12,673.5,residential,India
1,2068-04-13,705.28,residential,India
1,2068-04-14,725.16,residential,India
1,2068-04-15,695.07,residential,India
1,2068-04-16,706.55,residential,India
1,2068-04-17,709.94,residential,India
1,2068-04-18,681.24,residential,India
1,2068-04-19,720.74,residential,India
1,2068-04-20,704.58,residential,India
1,2068-04-21,683.57,residential,India
1,2068-04-22,677.29,residential,India
1,2068-04-23,680.88,residential,India
1,2068-04-24,713.43,residential,India
1,2068-04-25,714.85,residential,India
1,2068-04-26,704.85,residential,India
1,2068-04-27,698.55,residential,India
1,2068-04-28,698.59,residential,India
1,2068-04-29,713.05,residential,India
1,2068-04-30,704.9,residential,India
1,2068-05-01,713.04,residential,India
1,2068-05-02,714.73,residential,India
1,2068-05-03,764.38,residential,India
1,2068-05-04,694.91,residential,India
1,2068-05-05,688.59,residential,India
1,2068-05-06,684.34,residential,India
1,2068-05-07,741.15,residential,India
1,2068-05-08,684.85,residential,India
1,2068-05-09,727.49,residential,India
1,2068-05-10,698.91,residential,India
1,2068-05-11,735.32,residential,India
1,2068-05-12,728.28,residential,India
1,2068-05-13,699.59,residential,India
1,2068-05-14,705.3,residential,India
1,2068-05-15,715.06,residential,India
1,2068-05-16,721.58,residential,India
1,2068-05-17,707.68,residential,India
1,2068-05-18,718.57,residential,India
1,2068-05-19,652.16,residential,India
1,2068-05-20,745.33,residential,India
1,2068-05-21,712.61,residential,India
1,2068-05-22,732.82,residential,India
1,2068-05-23,713.51,residential,India
1,2068-05-24,688.4,residential,India
1,2068-05-25,740.86,residential,India
1,2068-05-26,712.98,residential,India
1,2068-05-27,735.43,residential,India
1,2068-05-28,743.27,residential,India
1,2068-05-29,718.5,residential,India
1,2068-05-30,706.82,residential,India
1,2068-05-31,704.61,residential,India
1,2068-06-01,707.16,residential,India
1,2068-06-02,692.5,residential,India
1,2068-06-03,725.46,residential,India
1,2068-06-04,677.45,residential,India
1,2068-06-05,713.84,residential,India
1,2068-06-06,684.93,residential,India
1,2068-06-07,714.7,residential,India
1,2068-06-08,714.23,residential,India
1,2068-06-09,699.12,residential,India
1,2068-06-10,696.34,residential,India
1,2068-06-11,718.46,residential,India
1,2068-06-12,705.06,residential,India
1,2068-06-13,740.41,residential,India
1,2068-06-14,702.91,residential,India
1,2068-06-15,700.86,residential,India
1,2068-06-16,730.37,residential,India
1,2068-06-17,680.21,residential,India
1,2068-06-18,680.17,residential,India
1,2068-06-19,756.33,residential,India
1,2068-06-20,703.81,residential,India
1,2068-06-21,727.68,residential,India
1,2068-06-22,716.28,residential,India
1,2068-06-23,724.91,residential,India
1,2068-06-24,707.88,residential,India
1,2068-06-25,716.35,residential,India
1,2068-06-26,721.56,residential,India
1,2068-06-27,739.15,residential,India
1,2068-06-28,746.06,residential,India
1,2068-06-29,701.15,residential,India
1,2068-06-30,717.54,residential,India
1,2068-07-01,695.82,residential,India
1,2068-07-02,687.08,residential,India
1,2068-07-03,695.4,residential,India
1,2068-07-04,717.32,residential,India
1,2068-07-05,727.49,residential,India
1,2068-07-06,732.49,residential,India
1,2068-07-07,726.3,residential,India
1,2068-07-08,688.79,residential,India
1,2068-07-09,715.8,residential,India
1,2068-07-10,730.18,residential,India
1,2068-07-11,706.68,residential,India
1,2068-07-12,714.61,residential,India
1,2068-07-13,751.17,residential,India
1,2068-07-14,675.37,residential,India
1,2068-07-15,720.7,residential,India
1,2068-07-16,704.91,residential,India
1,2068-07-17,711.89,residential,India
1,2068-07-18,724.24,residential,India
1,2068-07-19,711.84,residential,India
1,2068-07-20,729.91,residential,India
1,2068-07-21,748.62,residential,India
1,2068-07-22,752.57,residential,India
1,2068-07-23,729.22,residential,India
1,2068-07-24,679.59,residential,India
1,2068-07-25,702.17,residential,India
1,2068-07-26,717.64,residential,India
1,2068-07-27,692.85,residential,India
1,2068-07-28,717.3,residential,India
1,2068-07-29,700.12,residential,India
1,2068-07-30,737.82,residential,India
1,2068-07-31,734.69,residential,India
1,2068-08-01,739.02,residential,India
1,2068-08-02,714.02,residential,India
1,2068-08-03,732.79,residential,India
1,2068-08-04,683.34,residential,India
1,2068-08-05,705.36,residential,India
1,2068-08-06,730.39,residential,India
1,2068-08-07,727.28,residential,India
1,2068-08-08,744.44,residential,India
1,2068-08-09,693.3,residential,India
1,2068-08-10,757.1,residential,India
1,2068-08-11,717.05,residential,India
1,2068-08-12,729.47,residential,India
1,2068-08-13,714.49,residential,India
1,2068-08-14,733.5,residential,India
1,2068-08-15,689.16,residential,India
1,2068-08-16,719.18,residential,India
1,2068-08-17,749.51,residential,India
1,2068-08-18,691.27,residential,India
1,2068-08-19,698.95,residential,India
1,2068-08-20,730.8,residential,India
1,2068-08-21,684.48,residential,India
1,2068-08-22,729.25,residential,India
1,2068-08-23,750.83,residential,India
1,2068-08-24,712.02,residential,India
1,2068-08-25,751.86,residential,India
1,2068-08-26,703.5,residential,India
1,2068-08-27,741.0,residential,India
1,2068-08-28,712.77,residential,India
1,2068-08-29,688.83,residential,India
1,2068-08-30,717.63,residential,India
1,2068-08-31,753.98,residential,India
1,2068-09-01,738.22,residential,India
1,2068-09-02,721.91,residential,India
1,2068-09-03,710.08,residential,India
1,2068-09-04,712.4,residential,India
1,2068-09-05,751.89,residential,India
1,2068-09-06,749.21,residential,India
1,2068-09-07,710.54,residential,India
1,2068-09-08,724.75,residential,India
1,2068-09-09,691.07,residential,India
1,2068-09-10,707.37,residential,India
1,2068-09-11,730.42,residential,India
1,2068-09-12,736.08,residential,India
1,2068-09-13,728.59,residential,India
1,2068-09-14,741.91,residential,India
1,2068-09-15,721.23,residential,India
1,2068-09-16,734.77,residential,India
1,2068-09-17,709.42,residential,India
1,2068-09-18,731.64,residential,India
1,2068-09-19,711.53,residential,India
1,2068-09-20,713.66,residential,India
1,2068-09-21,727.68,residential,India
1,2068-09-22,764.29,residential,India
1,2068-09-23,735.56,residential,India
1,2068-09-24,740.96,residential,India
1,2068-09-25,749.32,residential,India
1,2068-09-26,749.51,residential,India
1,2068-09-27,750.27,residential,India
1,2068-09-28,720.2,residential,India
1,2068-09-29,757.07,residential,India
1,2068-09-30,729.3,residential,India
1,2068-10-01,741.46,residential,India
1,2068-10-02,751.48,residential,India
1,2068-10-03,720.8,residential,India
1,2068-10-04,752.4,residential,India
1,2068-10-05,704.76,residential,India
1,2068-10-06,721.08,residential,India
1,2068-10-07,714.1,residential,India
1,2068-10-08,707.69,residential,India
1,2068-10-09,710.08,residential,India
1,2068-10-10,744.63,residential,India
1,2068-10-11,714.37,residential,India
1,2068-10-12,721.66,residential,India
1,2068-10-13,718.7,residential,India
1,2068-10-14,770.44,residential,India
1,2068-10-15,728.47,residential,India
1,2068-10-16,717.33,residential,India
1,2068-10-17,731.78,residential,India
1,2068-10-18,706.12,residential,India
1,2068-10-19,714.8,residential,India
1,2068-10-20,736.66,residential,India
1,2068-10-21,756.76,residential,India
1,2068-10-22,738.7,residential,India
1,2068-10-23,765.18,residential,India
1,2068-10-24,748.47,residential,India
1,2068-10-25,717.63,residential,India
1,2068-10-26,746.08,residential,India
1,2068-10-27,722.88,residential,India
1,2068-10-28,736.77,residential,India
1,2068-10-29,746.7,residential,India
1,2068-10-30,733.96,residential,India
1,2068-10-31,729.76,residential,India
1,2068-11-01,716.53,residential,India
1,2068-11-02,754.25,residential,India
1,2068-11-03,735.86,residential,India
1,2068-11-04,726.32,residential,India
1,2068-11-05,705.43,residential,India
1,2068-11-06,720.54,residential,India
1,2068-11-07,773.42,residential,India
1,2068-11-08,733.69,residential,India
1,2068-11-09,762.75,residential,India
1,2068-11-10,772.97,residential,India
1,2068-11-11,731.84,residential,India
1,2068-11-12,742.96,residential,India
1,2068-11-13,750.33,residential,India
1,2068-11-14,738.25,residential,India
1,2068-11-15,693.32,residential,India
1,2068-11-16,741.86,residential,India
1,2068-11-17,736.05,residential,India
1,2068-11-18,766.04,residential,India
1,2068-11-19,746.45,residential,India
1,2068-11-20,734.28,residential,India
1,2068-11-21,747.91,residential,India
1,2068-11-22,773.8,residential,India
1,2068-11-23,713.33,residential,India
1,2068-11-24,777.13,residential,India
1,2068-11-25,754.7,residential,India
1,2068-11-26,752.7,residential,India
1,2068-11-27,713.44,residential,India
1,2068-11-28,745.4,residential,India
1,2068-11-29,740.7,residential,India
1,2068-11-30,731.3,residential,India
1,2068-12-01,731.72,residential,India
1,2068-12-02,742.09,residential,India
1,2068-12-03,762.24,residential,India
1,2068-12-04,754.94,residential,India
1,2068-12-05,766.71,residential,India
1,2068-12-06,758.01,residential,India
1,2068-12-07,742.68,residential,India
1,2068-12-08,735.05,residential,India
1,2068-12-09,731.41,residential,India
1,2068-12-10,755.24,residential,India
1,2068-12-11,736.5,residential,India
1,2068-12-12,716.79,residential,India
1,2068-12-13,728.11,residential,India
1,2068-12-14,704.61,residential,India
1,2068-12-15,715.69,residential,India
1,2068-12-16,730.63,residential,India
1,2068-12-17,729.1,residential,India
1,2068-12-18,749.57,residential,India
1,2068-12-19,748.41,residential,India
1,2068-12-20,735.41,residential,India
1,2068-12-21,732.68,residential,India
1,2068-12-22,712.44,residential,India
1,2068-12-23,773.7,residential,India
1,2068-12-24,713.56,residential,India
1,2068-12-25,707.8,residential,India
1,2068-12-26,783.42,residential,India
1,2068-12-27,744.76,residential,India
1,2068-12-28,746.66,residential,India
1,2068-12-29,729.06,residential,India
1,2068-12-30,713.88,residential,India
1,2068-12-31,765.28,residential,India
1,2069-01-01,763.92,residential,India
1,2069-01-02,768.64,residential,India
1,2069-01-03,719.5,residential,India
1,2069-01-04,763.92,residential,India
1,2069-01-05,759.05,residential,India
1,2069-01-06,762.14,residential,India
1,2069-01-07,759.37,residential,India
1,2069-01-08,733.59,residential,India
1,2069-01-09,739.96,residential,India
1,2069-01-10,763.79,residential,India
1,2069-01-11,755.59,residential,India
1,2069-01-12,759.97,residential,India
1,2069-01-13,732.08,residential,India
1,2069-01-14,786.09,residential,India
1,2069-01-15,749.06,residential,India
1,2069-01-16,745.4,residential,India
1,2069-01-17,774.06,residential,India
1,2069-01-18,753.04,residential,India
1,2069-01-19,738.93,residential,India
1,2069-01-20,748.69,residential,India
1,2069-01-21,765.38,residential,India
1,2069-01-22,731.24,residential,India
1,2069-01-23,719.65,residential,India
1,2069-01-24,739.87,residential,India
1,2069-01-25,769.88,residential,India
1,2069-01-26,736.71,residential,India
1,2069-01-27,740.35,residential,India
1,2069-01-28,756.13,residential,India
1,2069-01-29,752.62,residential,India
1,2069-01-30,741.41,residential,India
1,2069-01-31,747.25,residential,India
1,2069-02-01,770.95,residential,India
1,2069-02-02,771.17,residential,India
1,2069-02-03,756.49,residential,India
1,2069-02-04,763.53,residential,India
1,2069-02-05,724.27,residential,India
1,2069-02-06,733.27,residential,India
1,2069-02-07,732.35,residential,India
1,2069-02-08,749.74,residential,India
1,2069-02-09,763.68,residential,India
1,2069-02-10,737.64,residential,India
1,2069-02-11,733.19,residential,India
1,2069-02-12,748.22,residential,India
1,2069-02-13,750.98,residential,India
1,2069-02-14,752.68,residential,India
1,2069-02-15,732.09,residential,India
1,2069-02-16,744.9,residential,India
1,2069-02-17,760.91,residential,India
1,2069-02-18,753.65,residential,India
1,2069-02-19,768.28,residential,India
1,2069-02-20,777.49,residential,India
1,2069-02-21,770.34,residential,India
1,2069-02-22,751.27,residential,India
1,2069-02-23,731.78,residential,India
1,2069-02-24,780.54,residential,India
1,2069-02-25,729.64,residential,India
1,2069-02-26,755.97,residential,India
1,2069-02-27,722.89,residential,India
1,2069-02-28,754.7,residential,India
1,2069-03-01,751.18,residential,India
1,2069-03-02,775.43,residential,India
1,2069-03-03,761.24,residential,India
1,2069-03-04,731.86,residential,India
1,2069-03-05,719.42,residential,India
1,2069-03-06,785.99,residential,India
1,2069-03-07,748.15,residential,India
1,2069-03-08,785.91,residential,India
1,2069-03-09,808.64,residential,India
1,2069-03-10,753.79,residential,India
1,2069-03-11,770.62,residential,India
1,2069-03-12,774.64,residential,India
1,2069-03-13,766.53,residential,India
1,2069-03-14,756.21,residential,India
1,2069-03-15,777.08,residential,India
1,2069-03-16,752.26,residential,India
1,2069-03-17,757.39,residential,India
1,2069-03-18,796.31,residential,India
1,2069-03-19,721.76,residential,India
1,2069-03-20,763.2,residential,India
1,2069-03-21,731.47,residential,India
1,2069-03-22,746.27,residential,India
1,2069-03-23,754.72,residential,India
1,2069-03-24,765.47,residential,India
1,2069-03-25,772.79,residential,India
1,2069-03-26,752.39,residential,India
1,2069-03-27,730.43,residential,India
1,2069-03-28,727.2,residential,India
1,2069-03-29,764.04,residential,India
1,2069-03-30,768.19,residential,India
1,2069-03-31,749.48,residential,India
1,2069-04-01,785.73,residential,India
1,2069-04-02,744.15,residential,India
1,2069-04-03,754.41,residential,India
1,2069-04-04,789.02,residential,India
1,2069-04-05,753.27,residential,India
1,2069-04-06,764.28,residential,India
1,2069-04-07,734.78,residential,India
1,2069-04-08,735.1,residential,India
1,2069-04-09,730.65,residential,India
1,2069-04-10,751.16,residential,India
1,2069-04-11,734.77,residential,India
1,2069-04-12,766.16,residential,India
1,2069-04-13,777.24,residential,India
1,2069-04-14,799.37,residential,India
1,2069-04-15,755.59,residential,India
1,2069-04-16,730.61,residential,India
1,2069-04-17,758.37,residential,India
1,2069-04-18,762.16,residential,India
1,2069-04-19,765.03,residential,India
1,2069-04-20,778.87,residential,India
1,2069-04-21,776.62,residential,India
1,2069-04-22,758.45,residential,India
1,2069-04-23,750.57,residential,India
1,2069-04-24,774.46,residential,India
1,2069-04-25,789.38,residential,India
1,2069-04-26,730.98,residential,India
1,2069-04-27,730.63,residential,India
1,2069-04-28,796.67,residential,India
1,2069-04-29,776.08,residential,India
1,2069-04-30,783.12,residential,India
1,2069-05-01,783.27,residential,India
1,2069-05-02,774.53,residential,India
1,2069-05-03,762.79,residential,India
1,2069-05-04,780.88,residential,India
1,2069-05-05,760.33,residential,India
1,2069-05-06,801.73,residential,India
1,2069-05-07,771.51,residential,India
1,2069-05-08,746.21,residential,India
1,2069-05-09,765.87,residential,India
1,2069-05-10,777.48,residential,India
1,2069-05-11,769.1,residential,India
1,2069-05-12,783.57,residential,India
1,2069-05-13,737.67,residential,India
1,2069-05-14,723.48,residential,India
1,2069-05-15,742.19,residential,India
1,2069-05-16,741.99,residential,India
1,2069-05-17,756.04,residential,India
1,2069-05-18,740.28,residential,India
1,2069-05-19,772.59,residential,India
1,2069-05-20,785.17,residential,India
1,2069-05-21,801.97,residential,India
1,2069-05-22,806.21,residential,India
1,2069-05-23,750.8,residential,India
1,2069-05-24,803.03,residential,India
1,2069-05-25,791.95,residential,India
1,2069-05-26,775.67,residential,India
1,2069-05-27,742.85,residential,India
1,2069-05-28,796.66,residential,India
1,2069-05-29,731.91,residential,India
1,2069-05-30,778.95,residential,India
1,2069-05-31,759.47,residential,India
1,2069-06-01,744.56,residential,India
1,2069-06-02,754.64,residential,India
1,2069-06-03,770.65,residential,India
1,2069-06-04,789.93,residential,India
1,2069-06-05,802.6,residential,India
1,2069-06-06,765.54,residential,India
1,2069-06-07,775.74,residential,India
1,2069-06-08,759.51,residential,India
1,2069-06-09,805.58,residential,India
1,2069-06-10,799.98,residential,India
1,2069-06-11,772.23,residential,India
1,2069-06-12,768.87,residential,India
1,2069-06-13,784.56,residential,India
1,2069-06-14,806.12,residential,India
1,2069-06-15,782.56,residential,India
1,2069-06-16,775.12,residential,India
1,2069-06-17,785.25,residential,India
1,2069-06-18,816.19,residential,India
1,2069-06-19,714.24,residential,India
1,2069-06-20,774.55,residential,India
1,2069-06-21,828.19,residential,India
1,2069-06-22,750.04,residential,India
1,2069-06-23,755.64,residential,India
1,2069-06-24,774.26,residential,India
1,2069-06-25,805.71,residential,India
1,2069-06-26,783.91,residential,India
1,2069-06-27,744.92,residential,India
1,2069-06-28,808.7,residential,India
1,2069-06-29,767.72,residential,India
1,2069-06-30,771.48,residential,India
1,2069-07-01,761.07,residential,India
1,2069-07-02,824.77,residential,India
1,2069-07-03,775.61,residential,India
1,2069-07-04,772.18,residential,India
1,2069-07-05,790.14,residential,India
1,2069-07-06,763.89,residential,India
1,2069-07-07,759.34,residential,India
1,2069-07-08,767.37,residential,India
1,2069-07-09,765.71,residential,India
1,2069-07-10,780.84,residential,India
1,2069-07-11,761.46,residential,India
1,2069-07-12,776.67,residential,India
1,2069-07-13,796.61,residential,India
1,2069-07-14,785.63,residential,India
1,2069-07-15,767.57,residential,India
1,2069-07-16,766.51,residential,India
1,2069-07-17,753.07,residential,India
1,2069-07-18,761.37,residential,India
1,2069-07-19,774.43,residential,India
1,2069-07-20,792.0,residential,India
1,2069-07-21,801.55,residential,India
1,2069-07-22,776.04,residential,India
1,2069-07-23,775.49,residential,India
1,2069-07-24,782.4,residential,India
1,2069-07-25,743.88,residential,India
1,2069-07-26,806.19,residential,India
1,2069-07-27,785.41,residential,India
1,2069-07-28,751.18,residential,India
1,2069-07-29,776.07,residential,India
1,2069-07-30,779.44,residential,India
1,2069-07-31,811.2,residential,India
1,2069-08-01,777.38,residential,India
1,2069-08-02,768.48,residential,India
1,2069-08-03,767.07,residential,India
1,2069-08-04,791.48,residential,India
1,2069-08-05,799.28,residential,India
1,2069-08-06,796.95,residential,India
1,2069-08-07,784.94,residential,India
1,2069-08-08,755.94,residential,India
1,2069-08-09,785.24,residential,India
1,2069-08-10,777.71,residential,India
1,2069-08-11,776.79,residential,India
1,2069-08-12,799.31,residential,India
1,2069-08-13,749.35,residential,India
1,2069-08-14,731.97,residential,India
1,2069-08-15,789.7,residential,India
1,2069-08-16,806.04,residential,India
1,2069-08-17,783.55,residential,India
1,2069-08-18,800.95,residential,India
1,2069-08-19,783.81,residential,India
1,2069-08-20,792.23,residential,India
1,2069-08-21,775.9,residential,India
1,2069-08-22,794.15,residential,India
1,2069-08-23,791.99,residential,India
1,2069-08-24,758.16,residential,India
1,2069-08-25,740.51,residential,India
1,2069-08-26,792.71,residential,India
1,2069-08-27,758.67,residential,India
1,2069-08-28,777.31,residential,India
1,2069-08-29,808.8,residential,India
1,2069-08-30,786.28,residential,India
1,2069-08-31,769.74,residential,India
1,2069-09-01,799.84,residential,India
1,2069-09-02,804.47,residential,India
1,2069-09-03,771.77,residential,India
1,2069-09-04,784.51,residential,India
1,2069-09-05,790.31,residential,India
1,2069-09-06,802.58,residential,India
1,2069-09-07,770.66,residential,India
1,2069-09-08,772.37,residential,India
1,2069-09-09,758.74,residential,India
1,2069-09-10,771.52,residential,India
1,2069-09-11,771.96,residential,India
1,2069-09-12,804.07,residential,India
1,2069-09-13,770.97,residential,India
1,2069-09-14,803.97,residential,India
1,2069-09-15,767.46,residential,India
1,2069-09-16,828.36,residential,India
1,2069-09-17,781.88,residential,India
1,2069-09-18,776.38,residential,India
1,2069-09-19,796.35,residential,India
1,2069-09-20,780.89,residential,India
1,2069-09-21,779.07,residential,India
1,2069-09-22,785.56,residential,India
1,2069-09-23,827.72,residential,India
1,2069-09-24,789.4,residential,India
1,2069-09-25,825.5,residential,India
1,2069-09-26,756.66,residential,India
1,2069-09-27,770.74,residential,India
1,2069-09-28,764.73,residential,India
1,2069-09-29,818.27,residential,India
1,2069-09-30,817.75,residential,India
1,2069-10-01,775.56,residential,India
1,2069-10-02,789.65,residential,India
1,2069-10-03,786.89,residential,India
1,2069-10-04,787.22,residential,India
1,2069-10-05,817.14,residential,India
1,2069-10-06,781.7,residential,India
1,2069-10-07,775.7,residential,India
1,2069-10-08,785.59,residential,India
1,2069-10-09,801.07,residential,India
1,2069-10-10,769.55,residential,India
1,2069-10-11,795.98,residential,India
1,2069-10-12,770.43,residential,India
1,2069-10-13,778.8,residential,India
1,2069-10-14,816.46,residential,India
1,2069-10-15,792.32,residential,India
1,2069-10-16,796.88,residential,India
1,2069-10-17,759.24,residential,India
1,2069-10-18,809.44,residential,India
1,2069-10-19,785.22,residential,India
1,2069-10-20,801.8,residential,India
1,2069-10-21,763.7,residential,India
1,2069-10-22,752.02,residential,India
1,2069-10-23,820.41,residential,India
1,2069-10-24,790.47,residential,India
1,2069-10-25,810.66,residential,India
1,2069-10-26,771.85,residential,India
1,2069-10-27,779.3,residential,India
1,2069-10-28,840.41,residential,India
1,2069-10-29,845.02,residential,India
1,2069-10-30,804.13,residential,India
1,2069-10-31,847.35,residential,India
1,2069-11-01,784.78,residential,India
1,2069-11-02,775.3,residential,India
1,2069-11-03,786.04,residential,India
1,2069-11-04,789.98,residential,India
1,2069-11-05,781.02,residential,India
1,2069-11-06,789.4,residential,India
1,2069-11-07,797.16,residential,India
1,2069-11-08,805.5,residential,India
1,2069-11-09,799.25,residential,India
1,2069-11-10,823.99,residential,India
1,2069-11-11,810.21,residential,India
1,2069-11-12,776.74,residential,India
1,2069-11-13,817.48,residential,India
1,2069-11-14,776.3,residential,India
1,2069-11-15,801.61,residential,India
1,2069-11-16,819.55,residential,India
1,2069-11-17,766.04,residential,India
1,2069-11-18,784.68,residential,India
1,2069-11-19,808.05,residential,India
1,2069-11-20,836.86,residential,India
1,2069-11-21,768.82,residential,India
1,2069-11-22,800.87,residential,India
1,2069-11-23,792.45,residential,India
1,2069-11-24,825.08,residential,India
1,2069-11-25,788.34,residential,India
1,2069-11-26,758.36,residential,India
1,2069-11-27,765.28,residential,India
1,2069-11-28,803.8,residential,India
1,2069-11-29,775.36,residential,India
1,2069-11-30,800.3,residential,India
1,2069-12-01,818.03,residential,India
1,2069-12-02,811.87,residential,India
1,2069-12-03,801.33,residential,India
1,2069-12-04,768.64,residential,India
1,2069-12-05,799.71,residential,India
1,2069-12-06,782.55,residential,India
1,2069-12-07,818.79,residential,India
1,2069-12-08,789.62,residential,India
1,2069-12-09,771.39,residential,India
1,2069-12-10,773.53,residential,India
1,2069-12-11,787.51,residential,India
1,2069-12-12,807.01,residential,India
1,2069-12-13,795.66,residential,India
1,2069-12-14,821.58,residential,India
1,2069-12-15,811.04,residential,India
1,2069-12-16,802.54,residential,India
1,2069-12-17,796.2,residential,India
1,2069-12-18,813.11,residential,India
1,2069-12-19,829.35,residential,India
1,2069-12-20,757.9,residential,India
1,2069-12-21,826.88,residential,India
1,2069-12-22,780.53,residential,India
1,2069-12-23,830.05,residential,India
1,2069-12-24,776.71,residential,India
1,2069-12-25,821.2,residential,India
1,2069-12-26,783.66,residential,India
1,2069-12-27,806.85,residential,India
1,2069-12-28,802.07,residential,India
1,2069-12-29,824.13,residential,India
1,2069-12-30,826.29,residential,India
1,2069-12-31,809.96,residential,India
1,2070-01-01,763.48,residential,India
1,2070-01-02,760.43,residential,India
1,2070-01-03,803.1,residential,India
1,2070-01-04,810.14,residential,India
1,2070-01-05,815.62,residential,India
1,2070-01-06,777.14,residential,India
1,2070-01-07,790.18,residential,India
1,2070-01-08,818.53,residential,India
1,2070-01-09,778.06,residential,India
1,2070-01-10,782.93,residential,India
1,2070-01-11,763.31,residential,India
1,2070-01-12,829.59,residential,India
1,2070-01-13,769.95,residential,India
1,2070-01-14,799.33,residential,India
1,2070-01-15,813.81,residential,India
1,2070-01-16,820.48,residential,India
1,2070-01-17,801.38,residential,India
1,2070-01-18,805.66,residential,India
1,2070-01-19,824.82,residential,India
1,2070-01-20,824.15,residential,India
1,2070-01-21,799.94,residential,India
1,2070-01-22,769.03,residential,India
1,2070-01-23,816.1,residential,India
1,2070-01-24,803.56,residential,India
1,2070-01-25,811.07,residential,India
1,2070-01-26,810.35,residential,India
1,2070-01-27,800.49,residential,India
1,2070-01-28,802.61,residential,India
1,2070-01-29,792.21,residential,India
1,2070-01-30,844.64,residential,India
1,2070-01-31,823.88,residential,India
1,2070-02-01,776.09,residential,India
1,2070-02-02,813.24,residential,India
1,2070-02-03,810.06,residential,India
1,2070-02-04,764.53,residential,India
1,2070-02-05,839.53,residential,India
1,2070-02-06,769.76,residential,India
1,2070-02-07,817.66,residential,India
1,2070-02-08,821.34,residential,India
1,2070-02-09,818.02,residential,India
1,2070-02-10,800.24,residential,India
1,2070-02-11,836.41,residential,India
1,2070-02-12,781.8,residential,India
1,2070-02-13,826.77,residential,India
1,2070-02-14,840.33,residential,India
1,2070-02-15,841.53,residential,India
1,2070-02-16,838.42,residential,India
1,2070-02-17,823.84,residential,India
1,2070-02-18,803.65,residential,India
1,2070-02-19,843.59,residential,India
1,2070-02-20,842.35,residential,India
1,2070-02-21,790.76,residential,India
1,2070-02-22,807.55,residential,India
1,2070-02-23,799.68,residential,India
1,2070-02-24,818.89,residential,India
1,2070-02-25,802.78,residential,India
1,2070-02-26,815.93,residential,India
1,2070-02-27,813.13,residential,India
1,2070-02-28,802.13,residential,India
1,2070-03-01,768.47,residential,India
1,2070-03-02,807.63,residential,India
1,2070-03-03,783.7,residential,India
1,2070-03-04,796.22,residential,India
1,2070-03-05,789.06,residential,India
1,2070-03-06,794.54,residential,India
1,2070-03-07,816.93,residential,India
1,2070-03-08,784.75,residential,India
1,2070-03-09,841.0,residential,India
1,2070-03-10,819.05,residential,India
1,2070-03-11,826.34,residential,India
1,2070-03-12,815.25,residential,India
1,2070-03-13,784.49,residential,India
1,2070-03-14,806.26,residential,India
1,2070-03-15,821.24,residential,India
1,2070-03-16,800.53,residential,India
1,2070-03-17,806.16,residential,India
1,2070-03-18,839.81,residential,India
1,2070-03-19,775.14,residential,India
1,2070-03-20,811.46,residential,India
1,2070-03-21,823.26,residential,India
1,2070-03-22,805.38,residential,India
1,2070-03-23,776.66,residential,India
1,2070-03-24,807.25,residential,India
1,2070-03-25,804.18,residential,India
1,2070-03-26,808.42,residential,India
1,2070-03-27,789.11,residential,India
1,2070-03-28,839.52,residential,India
1,2070-03-29,839.53,residential,India
1,2070-03-30,829.23,residential,India
1,2070-03-31,809.65,residential,India
1,2070-04-01,830.55,residential,India
1,2070-04-02,798.7,residential,India
1,2070-04-03,833.04,residential,India
1,2070-04-04,803.43,residential,India
1,2070-04-05,796.49,residential,India
1,2070-04-06,803.53,residential,India
1,2070-04-07,797.49,residential,India
1,2070-04-08,806.61,residential,India
1,2070-04-09,829.5,residential,India
1,2070-04-10,828.79,residential,India
1,2070-04-11,842.73,residential,India
1,2070-04-12,812.49,residential,India
1,2070-04-13,803.81,residential,India
1,2070-04-14,809.86,residential,India
1,2070-04-15,806.22,residential,India
1,2070-04-16,812.47,residential,India
1,2070-04-17,819.1,residential,India
1,2070-04-18,827.95,residential,India
1,2070-04-19,813.68,residential,India
1,2070-04-20,822.96,residential,India
1,2070-04-21,808.25,residential,India
1,2070-04-22,792.43,residential,India
1,2070-04-23,834.75,residential,India
1,2070-04-24,805.26,residential,India
1,2070-04-25,818.65,residential,India
1,2070-04-26,835.56,residential,India
1,2070-04-27,811.96,residential,India
1,2070-04-28,819.55,residential,India
1,2070-04-29,826.61,residential,India
1,2070-04-30,841.03,residential,India
1,2070-05-01,815.16,residential,India
1,2070-05-02,808.21,residential,India
1,2070-05-03,787.41,residential,India
1,2070-05-04,798.17,residential,India
1,2070-05-05,830.48,residential,India
1,2070-05-06,842.17,residential,India
1,2070-05-07,857.92,residential,India
1,2070-05-08,855.11,residential,India
1,2070-05-09,798.85,residential,India
1,2070-05-10,842.13,residential,India
1,2070-05-11,849.31,residential,India
1,2070-05-12,780.13,residential,India
1,2070-05-13,846.35,residential,India
1,2070-05-14,817.18,residential,India
1,2070-05-15,838.87,residential,India
1,2070-05-16,833.59,residential,India
1,2070-05-17,830.27,residential,India
1,2070-05-18,794.96,residential,India
1,2070-05-19,832.81,residential,India
1,2070-05-20,787.35,residential,India
1,2070-05-21,779.7,residential,India
1,2070-05-22,813.25,residential,India
1,2070-05-23,824.09,residential,India
1,2070-05-24,822.61,residential,India
1,2070-05-25,791.14,residential,India
1,2070-05-26,828.12,residential,India
1,2070-05-27,810.71,residential,India
1,2070-05-28,786.95,residential,India
1,2070-05-29,850.35,residential,India
1,2070-05-30,790.77,residential,India
1,2070-05-31,810.97,residential,India
1,2070-06-01,796.82,residential,India
1,2070-06-02,804.14,residential,India
1,2070-06-03,796.84,residential,India
1,2070-06-04,809.72,residential,India
1,2070-06-05,833.88,residential,India
1,2070-06-06,824.89,residential,India
1,2070-06-07,838.57,residential,India
1,2070-06-08,821.78,residential,India
1,2070-06-09,821.58,residential,India
1,2070-06-10,801.26,residential,India
1,2070-06-11,796.09,residential,India
1,2070-06-12,830.56,residential,India
1,2070-06-13,804.84,residential,India
1,2070-06-14,815.08,residential,India
1,2070-06-15,812.32,residential,India
1,2070-06-16,826.94,residential,India
1,2070-06-17,809.55,residential,India
1,2070-06-18,782.6,residential,India
1,2070-06-19,796.69,residential,India
1,2070-06-20,827.76,residential,India
1,2070-06-21,776.47,residential,India
1,2070-06-22,821.91,residential,India
1,2070-06-23,831.95,residential,India
1,2070-06-24,783.04,residential,India
1,2070-06-25,825.97,residential,India
1,2070-06-26,828.09,residential,India
1,2070-06-27,835.32,residential,India
1,2070-06-28,828.18,residential,India
1,2070-06-29,832.86,residential,India
1,2070-06-30,840.18,residential,India
1,2070-07-01,824.69,residential,India
1,2070-07-02,822.9,residential,India
1,2070-07-03,829.99,residential,India
1,2070-07-04,846.62,residential,India
1,2070-07-05,825.93,residential,India
1,2070-07-06,824.97,residential,India
1,2070-07-07,827.63,residential,India
1,2070-07-08,815.9,residential,India
1,2070-07-09,804.52,residential,India
1,2070-07-10,794.76,residential,India
1,2070-07-11,822.28,residential,India
1,2070-07-12,813.55,residential,India
1,2070-07-13,796.77,residential,India
1,2070-07-14,821.43,residential,India
1,2070-07-15,876.98,residential,India
1,2070-07-16,832.55,residential,India
1,2070-07-17,821.78,residential,India
1,2070-07-18,802.03,residential,India
1,2070-07-19,820.27,residential,India
1,2070-07-20,808.95,residential,India
1,2070-07-21,804.84,residential,India
1,2070-07-22,816.21,residential,India
1,2070-07-23,828.85,residential,India
1,2070-07-24,817.53,residential,India
1,2070-07-25,840.84,residential,India
1,2070-07-26,810.43,residential,India
1,2070-07-27,835.29,residential,India
1,2070-07-28,797.57,residential,India
1,2070-07-29,822.31,residential,India
1,2070-07-30,861.58,residential,India
1,2070-07-31,829.26,residential,India
1,2070-08-01,837.18,residential,India
1,2070-08-02,802.64,residential,India
1,2070-08-03,814.42,residential,India
1,2070-08-04,835.42,residential,India
1,2070-08-05,827.5,residential,India
1,2070-08-06,794.31,residential,India
1,2070-08-07,819.55,residential,India
1,2070-08-08,818.89,residential,India
1,2070-08-09,824.5,residential,India
1,2070-08-10,853.03,residential,India
1,2070-08-11,810.92,residential,India
1,2070-08-12,828.51,residential,India
1,2070-08-13,839.55,residential,India
1,2070-08-14,791.18,residential,India
1,2070-08-15,811.58,residential,India
1,2070-08-16,831.77,residential,India
1,2070-08-17,823.1,residential,India
1,2070-08-18,800.81,residential,India
1,2070-08-19,826.61,residential,India
1,2070-08-20,826.64,residential,India
1,2070-08-21,822.94,residential,India
1,2070-08-22,841.98,residential,India
1,2070-08-23,799.53,residential,India
1,2070-08-24,841.18,residential,India
1,2070-08-25,818.84,residential,India
1,2070-08-26,836.66,residential,India
1,2070-08-27,808.71,residential,India
1,2070-08-28,822.83,residential,India
1,2070-08-29,808.0,residential,India
1,2070-08-30,820.12,residential,India
1,2070-08-31,792.95,residential,India
1,2070-09-01,833.11,residential,India
1,2070-09-02,811.24,residential,India
1,2070-09-03,832.35,residential,India
1,2070-09-04,797.72,residential,India
1,2070-09-05,806.61,residential,India
1,2070-09-06,820.61,residential,India
1,2070-09-07,836.1,residential,India
1,2070-09-08,809.5,residential,India
1,2070-09-09,818.8,residential,India
1,2070-09-10,813.41,residential,India
1,2070-09-11,820.18,residential,India
1,2070-09-12,795.89,residential,India
1,2070-09-13,812.94,residential,India
1,2070-09-14,781.51,residential,India
1,2070-09-15,873.13,residential,India
1,2070-09-16,810.36,residential,India
1,2070-09-17,819.03,residential,India
1,2070-09-18,837.86,residential,India
1,2070-09-19,793.16,residential,India
1,2070-09-20,823.55,residential,India
1,2070-09-21,815.53,residential,India
1,2070-09-22,830.27,residential,India
1,2070-09-23,807.91,residential,India
1,2070-09-24,807.68,residential,India
1,2070-09-25,804.05,residential,India
1,2070-09-26,811.52,residential,India
1,2070-09-27,791.15,residential,India
1,2070-09-28,813.28,residential,India
1,2070-09-29,800.48,residential,India
1,2070-09-30,825.52,residential,India
1,2070-10-01,852.61,residential,India
1,2070-10-02,799.18,residential,India
1,2070-10-03,834.67,residential,India
1,2070-10-04,822.16,residential,India
1,2070-10-05,822.44,residential,India
1,2070-10-06,817.32,residential,India
1,2070-10-07,822.44,residential,India
1,2070-10-08,791.69,residential,India
1,2070-10-09,811.44,residential,India
1,2070-10-10,810.75,residential,India
1,2070-10-11,834.07,residential,India
1,2070-10-12,814.97,residential,India
1,2070-10-13,776.32,residential,India
1,2070-10-14,800.37,residential,India
1,2070-10-15,777.06,residential,India
1,2070-10-16,855.32,residential,India
1,2070-10-17,837.97,residential,India
1,2070-10-18,806.48,residential,India
1,2070-10-19,825.39,residential,India
1,2070-10-20,831.12,residential,India
1,2070-10-21,819.92,residential,India
1,2070-10-22,794.09,residential,India
1,2070-10-23,825.0,residential,India
1,2070-10-24,836.76,residential,India
1,2070-10-25,794.18,residential,India
1,2070-10-26,786.83,residential,India
1,2070-10-27,837.77,residential,India
1,2070-10-28,839.99,residential,India
1,2070-10-29,814.13,residential,India
1,2070-10-30,813.98,residential,India
1,2070-10-31,836.07,residential,India
1,2070-11-01,836.77,residential,India
1,2070-11-02,824.94,residential,India
1,2070-11-03,830.66,residential,India
1,2070-11-04,836.98,residential,India
1,2070-11-05,838.43,residential,India
1,2070-11-06,826.78,residential,India
1,2070-11-07,773.13,residential,India
1,2070-11-08,830.98,residential,India
1,2070-11-09,838.06,residential,India
1,2070-11-10,838.38,residential,India
1,2070-11-11,817.72,residential,India
1,2070-11-12,828.62,residential,India
1,2070-11-13,839.7,residential,India
1,2070-11-14,861.32,residential,India
1,2070-11-15,864.29,residential,India
1,2070-11-16,793.91,residential,India
1,2070-11-17,849.09,residential,India
1,2070-11-18,824.96,residential,India
1,2070-11-19,804.91,residential,India
1,2070-11-20,849.99,residential,India
1,2070-11-21,816.65,residential,India
1,2070-11-22,821.74,residential,India
1,2070-11-23,831.79,residential,India
1,2070-11-24,831.28,residential,India
1,2070-11-25,816.8,residential,India
1,2070-11-26,825.57,residential,India
1,2070-11-27,803.22,residential,India
1,2070-11-28,809.03,residential,India
1,2070-11-29,836.1,residential,India
1,2070-11-30,797.29,residential,India
1,2070-12-01,824.83,residential,India
1,2070-12-02,794.53,residential,India
1,2070-12-03,808.96,residential,India
1,2070-12-04,842.07,residential,India
1,2070-12-05,801.47,residential,India
1,2070-12-06,798.8,residential,India
1,2070-12-07,849.55,residential,India
1,2070-12-08,845.92,residential,India
1,2070-12-09,851.44,residential,India
1,2070-12-10,838.42,residential,India
1,2070-12-11,828.86,residential,India
1,2070-12-12,813.97,residential,India
1,2070-12-13,791.57,residential,India
1,2070-12-14,840.66,residential,India
1,2070-12-15,816.59,residential,India
1,2070-12-16,836.09,residential,India
1,2070-12-17,851.54,residential,India
1,2070-12-18,809.08,residential,India
1,2070-12-19,792.21,residential,India
1,2070-12-20,805.38,residential,India
1,2070-12-21,811.02,residential,India
1,2070-12-22,807.32,residential,India
1,2070-12-23,822.72,residential,India
1,2070-12-24,854.15,residential,India
1,2070-12-25,849.76,residential,India
1,2070-12-26,840.05,residential,India
1,2070-12-27,796.04,residential,India
1,2070-12-28,824.09,residential,India
1,2070-12-29,805.4,residential,India
1,2070-12-30,809.48,residential,India
1,2070-12-31,835.83,residential,India
1,2071-01-01,843.27,residential,India
1,2071-01-02,832.05,residential,India
1,2071-01-03,800.08,residential,India
1,2071-01-04,822.62,residential,India
1,2071-01-05,842.3,residential,India
1,2071-01-06,836.74,residential,India
1,2071-01-07,790.31,residential,India
1,2071-01-08,855.76,residential,India
1,2071-01-09,807.1,residential,India
1,2071-01-10,797.67,residential,India
1,2071-01-11,826.82,residential,India
1,2071-01-12,839.99,residential,India
1,2071-01-13,814.56,residential,India
1,2071-01-14,790.53,residential,India
1,2071-01-15,826.3,residential,India
1,2071-01-16,804.62,residential,India
1,2071-01-17,792.82,residential,India
1,2071-01-18,826.47,residential,India
1,2071-01-19,771.12,residential,India
1,2071-01-20,819.22,residential,India
1,2071-01-21,798.37,residential,India
1,2071-01-22,832.2,residential,India
1,2071-01-23,817.57,residential,India
1,2071-01-24,828.04,residential,India
1,2071-01-25,807.78,residential,India
1,2071-01-26,825.83,residential,India
1,2071-01-27,813.95,residential,India
1,2071-01-28,826.41,residential,India
1,2071-01-29,780.85,residential,India
1,2071-01-30,816.67,residential,India
1,2071-01-31,803.19,residential,India
1,2071-02-01,810.7,residential,India
1,2071-02-02,805.52,residential,India
1,2071-02-03,833.5,residential,India
1,2071-02-04,837.58,residential,India
1,2071-02-05,813.74,residential,India
1,2071-02-06,805.1,residential,India
1,2071-02-07,773.99,residential,India
1,2071-02-08,823.11,residential,India
1,2071-02-09,820.47,residential,India
1,2071-02-10,809.89,residential,India
1,2071-02-11,800.7,residential,India
1,2071-02-12,785.23,residential,India
1,2071-02-13,842.46,residential,India
1,2071-02-14,795.62,residential,India
1,2071-02-15,801.52,residential,India
1,2071-02-16,844.06,residential,India
1,2071-02-17,821.31,residential,India
1,2071-02-18,802.73,residential,India
1,2071-02-19,811.94,residential,India
1,2071-02-20,802.8,residential,India
1,2071-02-21,790.65,residential,India
1,2071-02-22,819.46,residential,India
1,2071-02-23,823.67,residential,India
1,2071-02-24,807.62,residential,India
1,2071-02-25,806.05,residential,India
1,2071-02-26,788.9,residential,India
1,2071-02-27,807.88,residential,India
1,2071-02-28,804.59,residential,India
1,2071-03-01,806.3,residential,India
1,2071-03-02,790.23,residential,India
1,2071-03-03,827.96,residential,India
1,2071-03-04,805.8,residential,India
1,2071-03-05,802.73,residential,India
1,2071-03-06,831.12,residential,India
1,2071-03-07,814.04,residential,India
1,2071-03-08,796.65,residential,India
1,2071-03-09,823.75,residential,India
1,2071-03-10,817.28,residential,India
1,2071-03-11,767.68,residential,India
1,2071-03-12,806.43,residential,India
1,2071-03-13,822.23,residential,India
1,2071-03-14,777.18,residential,India
1,2071-03-15,771.02,residential,India
1,2071-03-16,776.97,residential,India
1,2071-03-17,815.28,residential,India
1,2071-03-18,819.2,residential,India
1,2071-03-19,839.23,residential,India
1,2071-03-20,825.25,residential,India
1,2071-03-21,789.32,residential,India
1,2071-03-22,806.6,residential,India
1,2071-03-23,808.31,residential,India
1,2071-03-24,824.02,residential,India
1,2071-03-25,808.09,residential,India
1,2071-03-26,824.85,residential,India
1,2071-03-27,820.89,residential,India
1,2071-03-28,797.73,residential,India
1,2071-03-29,823.54,residential,India
1,2071-03-30,825.36,residential,India
1,2071-03-31,833.46,residential,India
1,2071-04-01,841.58,residential,India
1,2071-04-02,810.93,residential,India
1,2071-04-03,800.7,residential,India
1,2071-04-04,789.22,residential,India
1,2071-04-05,793.96,residential,India
1,2071-04-06,795.95,residential,India
1,2071-04-07,832.28,residential,India
1,2071-04-08,831.36,residential,India
1,2071-04-09,821.82,residential,India
1,2071-04-10,836.69,residential,India
1,2071-04-11,806.66,residential,India
1,2071-04-12,815.38,residential,India
1,2071-04-13,819.51,residential,India
1,2071-04-14,794.61,residential,India
1,2071-04-15,839.11,residential,India
1,2071-04-16,798.59,residential,India
1,2071-04-17,805.14,residential,India
1,2071-04-18,823.63,residential,India
1,2071-04-19,808.17,residential,India
1,2071-04-20,839.53,residential,India
1,2071-04-21,819.29,residential,India
1,2071-04-22,792.43,residential,India
1,2071-04-23,778.92,residential,India
1,2071-04-24,816.75,residential,India
1,2071-04-25,830.45,residential,India
1,2071-04-26,847.03,residential,India
1,2071-04-27,797.27,residential,India
1,2071-04-28,817.01,residential,India
1,2071-04-29,796.8,residential,India
1,2071-04-30,817.45,residential,India
1,2071-05-01,785.38,residential,India
1,2071-05-02,825.9,residential,India
1,2071-05-03,797.46,residential,India
1,2071-05-04,797.68,residential,India
1,2071-05-05,787.08,residential,India
1,2071-05-06,820.39,residential,India
1,2071-05-07,810.04,residential,India
1,2071-05-08,856.93,residential,India
1,2071-05-09,815.22,residential,India
1,2071-05-10,822.18,residential,India
1,2071-05-11,841.81,residential,India
1,2071-05-12,816.18,residential,India
1,2071-05-13,766.34,residential,India
1,2071-05-14,795.2,residential,India
1,2071-05-15,818.27,residential,India
1,2071-05-16,824.02,residential,India
1,2071-05-17,809.93,residential,India
1,2071-05-18,803.97,residential,India
1,2071-05-19,819.84,residential,India
1,2071-05-20,807.14,residential,India
1,2071-05-21,809.07,residential,India
1,2071-05-22,822.63,residential,India
1,2071-05-23,784.94,residential,India
1,2071-05-24,831.2,residential,India
1,2071-05-25,783.32,residential,India
1,2071-05-26,784.11,residential,India
1,2071-05-27,800.69,residential,India
1,2071-05-28,822.41,residential,India
1,2071-05-29,798.28,residential,India
1,2071-05-30,815.61,residential,India
1,2071-05-31,802.69,residential,India
1,2071-06-01,815.0,residential,India
1,2071-06-02,875.33,residential,India
1,2071-06-03,788.05,residential,India
1,2071-06-04,801.81,residential,India
1,2071-06-05,821.06,residential,India
1,2071-06-06,783.16,residential,India
1,2071-06-07,813.82,residential,India
1,2071-06-08,823.05,residential,India
1,2071-06-09,815.18,residential,India
1,2071-06-10,825.62,residential,India
1,2071-06-11,787.68,residential,India
1,2071-06-12,805.51,residential,India
1,2071-06-13,810.44,residential,India
1,2071-06-14,784.91,residential,India
1,2071-06-15,834.63,residential,India
1,2071-06-16,798.07,residential,India
1,2071-06-17,797.64,residential,India
1,2071-06-18,789.77,residential,India
1,2071-06-19,767.06,residential,India
1,2071-06-20,847.58,residential,India
1,2071-06-21,790.24,residential,India
1,2071-06-22,833.57,residential,India
1,2071-06-23,807.79,residential,India
1,2071-06-24,768.83,residential,India
1,2071-06-25,838.59,residential,India
1,2071-06-26,792.62,residential,India
1,2071-06-27,775.47,residential,India
1,2071-06-28,819.33,residential,India
1,2071-06-29,787.69,residential,India
1,2071-06-30,783.18,residential,India
1,2071-07-01,833.13,residential,India
1,2071-07-02,799.75,residential,India
1,2071-07-03,817.01,residential,India
1,2071-07-04,813.95,residential,India
1,2071-07-05,811.94,residential,India
1,2071-07-06,800.68,residential,India
1,2071-07-07,789.49,residential,India
1,2071-07-08,821.0,residential,India
1,2071-07-09,820.77,residential,India
1,2071-07-10,823.66,residential,India
1,2071-07-11,817.05,residential,India
1,2071-07-12,798.94,residential,India
1,2071-07-13,835.52,residential,India
1,2071-07-14,835.79,residential,India
1,2071-07-15,820.77,residential,India
1,2071-07-16,810.08,residential,India
1,2071-07-17,823.14,residential,India
1,2071-07-18,780.34,residential,India
1,2071-07-19,789.44,residential,India
1,2071-07-20,816.2,residential,India
1,2071-07-21,796.16,residential,India
1,2071-07-22,772.27,residential,India
1,2071-07-23,839.6,residential,India
1,2071-07-24,804.89,residential,India
1,2071-07-25,790.59,residential,India
1,2071-07-26,789.13,residential,India
1,2071-07-27,801.77,residential,India
1,2071-07-28,777.96,residential,India
1,2071-07-29,823.18,residential,India
1,2071-07-30,797.86,residential,India
1,2071-07-31,822.54,residential,India
1,2071-08-01,807.72,residential,India
1,2071-08-02,784.07,residential,India
1,2071-08-03,799.98,residential,India
1,2071-08-04,802.17,residential,India
1,2071-08-05,807.83,residential,India
1,2071-08-06,810.22,residential,India
1,2071-08-07,792.85,residential,India
1,2071-08-08,783.67,residential,India
1,2071-08-09,810.71,residential,India
1,2071-08-10,816.82,residential,India
1,2071-08-11,793.61,residential,India
1,2071-08-12,801.05,residential,India
1,2071-08-13,797.74,residential,India
1,2071-08-14,822.12,residential,India
1,2071-08-15,816.94,residential,India
1,2071-08-16,768.47,residential,India
1,2071-08-17,819.74,residential,India
1,2071-08-18,821.03,residential,India
1,2071-08-19,816.68,residential,India
1,2071-08-20,803.98,residential,India
1,2071-08-21,786.77,residential,India
1,2071-08-22,770.95,residential,India
1,2071-08-23,807.36,residential,India
1,2071-08-24,773.28,residential,India
1,2071-08-25,770.48,residential,India
1,2071-08-26,810.87,residential,India
1,2071-08-27,782.3,residential,India
1,2071-08-28,816.09,residential,India
1,2071-08-29,808.53,residential,India
1,2071-08-30,796.64,residential,India
1,2071-08-31,767.08,residential,India
1,2071-09-01,803.36,residential,India
1,2071-09-02,814.67,residential,India
1,2071-09-03,777.33,residential,India
1,2071-09-04,832.78,residential,India
1,2071-09-05,801.83,residential,India
1,2071-09-06,826.2,residential,India
1,2071-09-07,782.51,residential,India
1,2071-09-08,772.38,residential,India
1,2071-09-09,792.22,residential,India
1,2071-09-10,818.39,residential,India
1,2071-09-11,795.11,residential,India
1,2071-09-12,770.61,residential,India
1,2071-09-13,787.75,residential,India
1,2071-09-14,762.33,residential,India
1,2071-09-15,785.91,residential,India
1,2071-09-16,809.21,residential,India
1,2071-09-17,821.57,residential,India
1,2071-09-18,778.0,residential,India
1,2071-09-19,759.1,residential,India
1,2071-09-20,794.0,residential,India
1,2071-09-21,768.36,residential,India
1,2071-09-22,782.31,residential,India
1,2071-09-23,778.7,residential,India
1,2071-09-24,827.36,residential,India
1,2071-09-25,824.43,residential,India
1,2071-09-26,821.02,residential,India
1,2071-09-27,787.51,residential,India
1,2071-09-28,835.45,residential,India
1,2071-09-29,779.1,residential,India
1,2071-09-30,800.22,residential,India
1,2071-10-01,792.82,residential,India
1,2071-10-02,809.0,residential,India
1,2071-10-03,812.56,residential,India
1,2071-10-04,818.32,residential,India
1,2071-10-05,805.18,residential,India
1,2071-10-06,832.5,residential,India
1,2071-10-07,742.61,residential,India
1,2071-10-08,804.7,residential,India
1,2071-10-09,794.93,residential,India
1,2071-10-10,803.59,residential,India
1,2071-10-11,816.02,residential,India
1,2071-10-12,770.29,residential,India
1,2071-10-13,807.49,residential,India
1,2071-10-14,825.32,residential,India
1,2071-10-15,813.56,residential,India
1,2071-10-16,796.77,residential,India
1,2071-10-17,802.07,residential,India
1,2071-10-18,754.74,residential,India
1,2071-10-19,768.77,residential,India
1,2071-10-20,782.63,residential,India
1,2071-10-21,796.76,residential,India
1,2071-10-22,823.88,residential,India
1,2071-10-23,813.73,residential,India
1,2071-10-24,799.83,residential,India
1,2071-10-25,817.77,residential,India
1,2071-10-26,781.68,residential,India
1,2071-10-27,801.49,residential,India
1,2071-10-28,729.84,residential,India
1,2071-10-29,824.48,residential,India
1,2071-10-30,810.24,residential,India
1,2071-10-31,770.97,residential,India
1,2071-11-01,750.98,residential,India
1,2071-11-02,806.48,residential,India
1,2071-11-03,796.63,residential,India
1,2071-11-04,805.67,residential,India
1,2071-11-05,811.64,residential,India
1,2071-11-06,781.57,residential,India
1,2071-11-07,775.87,residential,India
1,2071-11-08,841.77,residential,India
1,2071-11-09,776.27,residential,India
1,2071-11-10,782.27,residential,India
1,2071-11-11,789.54,residential,India
1,2071-11-12,793.15,residential,India
1,2071-11-13,774.03,residential,India
1,2071-11-14,775.95,residential,India
1,2071-11-15,784.83,residential,India
1,2071-11-16,783.59,residential,India
1,2071-11-17,804.44,residential,India
1,2071-11-18,806.94,residential,India
1,2071-11-19,817.06,residential,India
1,2071-11-20,776.66,residential,India
1,2071-11-21,768.2,residential,India
1,2071-11-22,775.85,residential,India
1,2071-11-23,762.2,residential,India
1,2071-11-24,805.49,residential,India
1,2071-11-25,791.28,residential,India
1,2071-11-26,772.86,residential,India
1,2071-11-27,788.59,residential,India
1,2071-11-28,766.08,residential,India
1,2071-11-29,798.49,residential,India
1,2071-11-30,793.64,residential,India
1,2071-12-01,764.46,residential,India
1,2071-12-02,774.42,residential,India
1,2071-12-03,758.49,residential,India
1,2071-12-04,803.94,residential,India
1,2071-12-05,786.27,residential,India
1,2071-12-06,784.6,residential,India
1,2071-12-07,803.51,residential,India
1,2071-12-08,776.81,residential,India
1,2071-12-09,789.04,residential,India
1,2071-12-10,787.02,residential,India
1,2071-12-11,790.41,residential,India
1,2071-12-12,790.44,residential,India
1,2071-12-13,791.93,residential,India
1,2071-12-14,751.68,residential,India
1,2071-12-15,748.0,residential,India
1,2071-12-16,751.11,residential,India
1,2071-12-17,788.37,residential,India
1,2071-12-18,780.61,residential,India
1,2071-12-19,824.35,residential,India
1,2071-12-20,779.24,residential,India
1,2071-12-21,777.76,residential,India
1,2071-12-22,773.19,residential,India
1,2071-12-23,796.94,residential,India
1,2071-12-24,792.2,residential,India
1,2071-12-25,783.49,residential,India
1,2071-12-26,794.89,residential,India
1,2071-12-27,771.92,residential,India
1,2071-12-28,762.92,residential,India
1,2071-12-29,762.72,residential,India
1,2071-12-30,765.52,residential,India
1,2071-12-31,803.87,residential,India
1,2072-01-01,761.53,residential,India
1,2072-01-02,769.69,residential,India
1,2072-01-03,804.7,residential,India
1,2072-01-04,770.9,residential,India
1,2072-01-05,787.86,residential,India
1,2072-01-06,789.36,residential,India
1,2072-01-07,788.49,residential,India
1,2072-01-08,792.48,residential,India
1,2072-01-09,815.48,residential,India
1,2072-01-10,773.92,residential,India
1,2072-01-11,760.45,residential,India
1,2072-01-12,793.55,residential,India
1,2072-01-13,790.31,residential,India
1,2072-01-14,762.04,residential,India
1,2072-01-15,746.58,residential,India
1,2072-01-16,770.08,residential,India
1,2072-01-17,763.7,residential,India
1,2072-01-18,806.56,residential,India
1,2072-01-19,789.36,residential,India
1,2072-01-20,770.2,residential,India
1,2072-01-21,768.03,residential,India
1,2072-01-22,780.38,residential,India
1,2072-01-23,757.02,residential,India
1,2072-01-24,786.65,residential,India
1,2072-01-25,762.06,residential,India
1,2072-01-26,770.69,residential,India
1,2072-01-27,781.65,residential,India
1,2072-01-28,756.93,residential,India
1,2072-01-29,794.88,residential,India
1,2072-01-30,809.18,residential,India
1,2072-01-31,787.03,residential,India
1,2072-02-01,805.86,residential,India
1,2072-02-02,791.9,residential,India
1,2072-02-03,768.15,residential,India
1,2072-02-04,773.0,residential,India
1,2072-02-05,804.68,residential,India
1,2072-02-06,805.97,residential,India
1,2072-02-07,750.13,residential,India
1,2072-02-08,774.08,residential,India
1,2072-02-09,790.73,residential,India
1,2072-02-10,814.41,residential,India
1,2072-02-11,747.13,residential,India
1,2072-02-12,782.25,residential,India
1,2072-02-13,741.24,residential,India
1,2072-02-14,753.09,residential,India
1,2072-02-15,782.46,residential,India
1,2072-02-16,813.82,residential,India
1,2072-02-17,771.67,residential,India
1,2072-02-18,775.57,residential,India
1,2072-02-19,784.52,residential,India
1,2072-02-20,756.07,residential,India
1,2072-02-21,766.4,residential,India
1,2072-02-22,798.62,residential,India
1,2072-02-23,836.53,residential,India
1,2072-02-24,775.09,residential,India
1,2072-02-25,766.22,residential,India
1,2072-02-26,718.72,residential,India
1,2072-02-27,737.33,residential,India
1,2072-02-28,769.37,residential,India
1,2072-02-29,733.54,residential,India
1,2072-03-01,789.41,residential,India
1,2072-03-02,772.23,residential,India
1,2072-03-03,757.81,residential,India
1,2072-03-04,780.06,residential,India
1,2072-03-05,777.72,residential,India
1,2072-03-06,770.23,residential,India
1,2072-03-07,754.76,residential,India
1,2072-03-08,788.58,residential,India
1,2072-03-09,784.64,residential,India
1,2072-03-10,774.34,residential,India
1,2072-03-11,765.73,residential,India
1,2072-03-12,759.23,residential,India
1,2072-03-13,772.07,residential,India
1,2072-03-14,759.32,residential,India
1,2072-03-15,750.8,residential,India
1,2072-03-16,781.77,residential,India
1,2072-03-17,774.09,residential,India
1,2072-03-18,785.2,residential,India
1,2072-03-19,758.1,residential,India
1,2072-03-20,742.14,residential,India
1,2072-03-21,732.06,residential,India
1,2072-03-22,771.83,residential,India
1,2072-03-23,749.67,residential,India
1,2072-03-24,773.35,residential,India
1,2072-03-25,754.82,residential,India
1,2072-03-26,829.25,residential,India
1,2072-03-27,771.94,residential,India
1,2072-03-28,756.05,residential,India
1,2072-03-29,755.99,residential,India
1,2072-03-30,799.02,residential,India
1,2072-03-31,757.03,residential,India
1,2072-04-01,772.67,residential,India
1,2072-04-02,750.76,residential,India
1,2072-04-03,777.67,residential,India
1,2072-04-04,767.42,residential,India
1,2072-04-05,757.31,residential,India
1,2072-04-06,793.93,residential,India
1,2072-04-07,791.05,residential,India
1,2072-04-08,725.64,residential,India
1,2072-04-09,795.48,residential,India
1,2072-04-10,765.99,residential,India
1,2072-04-11,802.37,residential,India
1,2072-04-12,789.97,residential,India
1,2072-04-13,739.03,residential,India
1,2072-04-14,766.24,residential,India
1,2072-04-15,787.99,residential,India
1,2072-04-16,789.84,residential,India
1,2072-04-17,767.05,residential,India
1,2072-04-18,759.32,residential,India
1,2072-04-19,781.9,residential,India
1,2072-04-20,771.14,residential,India
1,2072-04-21,736.36,residential,India
1,2072-04-22,765.33,residential,India
1,2072-04-23,811.26,residential,India
1,2072-04-24,759.99,residential,India
1,2072-04-25,727.04,residential,India
1,2072-04-26,761.69,residential,India
1,2072-04-27,758.2,residential,India
1,2072-04-28,791.7,residential,India
1,2072-04-29,765.5,residential,India
1,2072-04-30,784.47,residential,India
1,2072-05-01,770.66,residential,India
1,2072-05-02,761.29,residential,India
1,2072-05-03,751.71,residential,India
1,2072-05-04,758.96,residential,India
1,2072-05-05,752.62,residential,India
1,2072-05-06,787.34,residential,India
1,2072-05-07,791.69,residential,India
1,2072-05-08,783.65,residential,India
1,2072-05-09,773.01,residential,India
1,2072-05-10,767.51,residential,India
1,2072-05-11,752.48,residential,India
1,2072-05-12,748.87,residential,India
1,2072-05-13,774.87,residential,India
1,2072-05-14,777.98,residential,India
1,2072-05-15,761.76,residential,India
1,2072-05-16,788.45,residential,India
1,2072-05-17,747.66,residential,India
1,2072-05-18,759.42,residential,India
1,2072-05-19,774.32,residential,India
1,2072-05-20,788.11,residential,India
1,2072-05-21,795.25,residential,India
1,2072-05-22,762.37,residential,India
1,2072-05-23,727.45,residential,India
1,2072-05-24,728.26,residential,India
1,2072-05-25,737.02,residential,India
1,2072-05-26,742.44,residential,India
1,2072-05-27,771.27,residential,India
1,2072-05-28,732.59,residential,India
1,2072-05-29,765.69,residential,India
1,2072-05-30,794.74,residential,India
1,2072-05-31,782.28,residential,India
1,2072-06-01,730.77,residential,India
1,2072-06-02,751.45,residential,India
1,2072-06-03,762.55,residential,India
1,2072-06-04,771.86,residential,India
1,2072-06-05,749.05,residential,India
1,2072-06-06,756.38,residential,India
1,2072-06-07,746.1,residential,India
1,2072-06-08,754.96,residential,India
1,2072-06-09,769.79,residential,India
1,2072-06-10,744.98,residential,India
1,2072-06-11,762.05,residential,India
1,2072-06-12,735.99,residential,India
1,2072-06-13,744.5,residential,India
1,2072-06-14,787.86,residential,India
1,2072-06-15,789.55,residential,India
1,2072-06-16,728.61,residential,India
1,2072-06-17,743.43,residential,India
1,2072-06-18,763.91,residential,India
1,2072-06-19,763.85,residential,India
1,2072-06-20,760.4,residential,India
1,2072-06-21,783.18,residential,India
1,2072-06-22,731.89,residential,India
1,2072-06-23,765.62,residential,India
1,2072-06-24,805.94,residential,India
1,2072-06-25,785.97,residential,India
1,2072-06-26,750.25,residential,India
1,2072-06-27,706.82,residential,India
1,2072-06-28,737.28,residential,India
1,2072-06-29,752.83,residential,India
1,2072-06-30,763.11,residential,India
1,2072-07-01,753.53,residential,India
1,2072-07-02,771.41,residential,India
1,2072-07-03,765.29,residential,India
1,2072-07-04,727.4,residential,India
1,2072-07-05,766.46,residential,India
1,2072-07-06,747.35,residential,India
1,2072-07-07,760.98,residential,India
1,2072-07-08,777.71,residential,India
1,2072-07-09,750.66,residential,India
1,2072-07-10,732.26,residential,India
1,2072-07-11,743.22,residential,India
1,2072-07-12,744.39,residential,India
1,2072-07-13,745.91,residential,India
1,2072-07-14,728.52,residential,India
1,2072-07-15,770.35,residential,India
1,2072-07-16,789.79,residential,India
1,2072-07-17,754.64,residential,India
1,2072-07-18,761.09,residential,India
1,2072-07-19,758.3,residential,India
1,2072-07-20,722.85,residential,India
1,2072-07-21,747.34,residential,India
1,2072-07-22,734.25,residential,India
1,2072-07-23,755.82,residential,India
1,2072-07-24,772.4,residential,India
1,2072-07-25,759.85,residential,India
1,2072-07-26,726.62,residential,India
1,2072-07-27,793.09,residential,India
1,2072-07-28,751.42,residential,India
1,2072-07-29,764.26,residential,India
1,2072-07-30,741.37,residential,India
1,2072-07-31,734.12,residential,India
1,2072-08-01,767.41,residential,India
1,2072-08-02,754.81,residential,India
1,2072-08-03,752.22,residential,India
1,2072-08-04,767.76,residential,India
1,2072-08-05,743.9,residential,India
1,2072-08-06,752.48,residential,India
1,2072-08-07,757.83,residential,India
1,2072-08-08,729.72,residential,India
1,2072-08-09,782.61,residential,India
1,2072-08-10,767.29,residential,India
1,2072-08-11,770.21,residential,India
1,2072-08-12,730.88,residential,India
1,2072-08-13,757.21,residential,India
1,2072-08-14,759.94,residential,India
1,2072-08-15,753.93,residential,India
1,2072-08-16,743.7,residential,India
1,2072-08-17,744.05,residential,India
1,2072-08-18,735.19,residential,India
1,2072-08-19,808.53,residential,India
1,2072-08-20,783.48,residential,India
1,2072-08-21,755.13,residential,India
1,2072-08-22,734.27,residential,India
1,2072-08-23,742.48,residential,India
1,2072-08-24,744.47,residential,India
1,2072-08-25,769.27,residential,India
1,2072-08-26,724.06,residential,India
1,2072-08-27,751.81,residential,India
1,2072-08-28,718.3,residential,India
1,2072-08-29,734.18,residential,India
1,2072-08-30,787.8,residential,India
1,2072-08-31,716.32,residential,India
1,2072-09-01,741.18,residential,India
1,2072-09-02,750.05,residential,India
1,2072-09-03,774.3,residential,India
1,2072-09-04,767.93,residential,India
1,2072-09-05,753.52,residential,India
1,2072-09-06,790.8,residential,India
1,2072-09-07,771.13,residential,India
1,2072-09-08,758.43,residential,India
1,2072-09-09,744.3,residential,India
1,2072-09-10,719.53,residential,India
1,2072-09-11,767.44,residential,India
1,2072-09-12,707.52,residential,India
1,2072-09-13,708.6,residential,India
1,2072-09-14,783.72,residential,India
1,2072-09-15,749.21,residential,India
1,2072-09-16,749.53,residential,India
1,2072-09-17,735.07,residential,India
1,2072-09-18,794.77,residential,India
1,2072-09-19,722.49,residential,India
1,2072-09-20,771.37,residential,India
1,2072-09-21,729.36,residential,India
1,2072-09-22,756.19,residential,India
1,2072-09-23,752.48,residential,India
1,2072-09-24,770.49,residential,India
1,2072-09-25,719.35,residential,India
1,2072-09-26,743.72,residential,India
1,2072-09-27,740.64,residential,India
1,2072-09-28,745.31,residential,India
1,2072-09-29,735.29,residential,India
1,2072-09-30,740.26,residential,India
1,2072-10-01,751.06,residential,India
1,2072-10-02,732.51,residential,India
1,2072-10-03,746.11,residential,India
1,2072-10-04,734.38,residential,India
1,2072-10-05,741.98,residential,India
1,2072-10-06,764.23,residential,India
1,2072-10-07,726.0,residential,India
1,2072-10-08,752.58,residential,India
1,2072-10-09,743.26,residential,India
1,2072-10-10,764.67,residential,India
1,2072-10-11,740.61,residential,India
1,2072-10-12,746.46,residential,India
1,2072-10-13,769.69,residential,India
1,2072-10-14,738.24,residential,India
1,2072-10-15,723.19,residential,India
1,2072-10-16,738.44,residential,India
1,2072-10-17,777.53,residential,India
1,2072-10-18,785.66,residential,India
1,2072-10-19,745.9,residential,India
1,2072-10-20,767.62,residential,India
1,2072-10-21,758.82,residential,India
1,2072-10-22,750.75,residential,India
1,2072-10-23,760.07,residential,India
1,2072-10-24,773.72,residential,India
1,2072-10-25,776.35,residential,India
1,2072-10-26,757.64,residential,India
1,2072-10-27,733.13,residential,India
1,2072-10-28,745.58,residential,India
1,2072-10-29,733.23,residential,India
1,2072-10-30,739.55,residential,India
1,2072-10-31,726.01,residential,India
1,2072-11-01,757.69,residential,India
1,2072-11-02,761.47,residential,India
1,2072-11-03,741.39,residential,India
1,2072-11-04,751.11,residential,India
1,2072-11-05,766.0,residential,India
1,2072-11-06,753.02,residential,India
1,2072-11-07,745.46,residential,India
1,2072-11-08,740.06,residential,India
1,2072-11-09,714.73,residential,India
1,2072-11-10,746.19,residential,India
1,2072-11-11,757.52,residential,India
1,2072-11-12,748.07,residential,India
1,2072-11-13,765.04,residential,India
1,2072-11-14,711.39,residential,India
1,2072-11-15,754.57,residential,India
1,2072-11-16,768.38,residential,India
1,2072-11-17,770.95,residential,India
1,2072-11-18,744.23,residential,India
1,2072-11-19,749.86,residential,India
1,2072-11-20,761.95,residential,India
1,2072-11-21,766.34,residential,India
1,2072-11-22,702.91,residential,India
1,2072-11-23,762.84,residential,India
1,2072-11-24,750.73,residential,India
1,2072-11-25,708.32,residential,India
1,2072-11-26,752.69,residential,India
1,2072-11-27,764.16,residential,India
1,2072-11-28,759.61,residential,India
1,2072-11-29,738.78,residential,India
1,2072-11-30,747.07,residential,India
1,2072-12-01,743.07,residential,India
1,2072-12-02,747.24,residential,India
1,2072-12-03,748.52,residential,India
1,2072-12-04,739.29,residential,India
1,2072-12-05,766.91,residential,India
1,2072-12-06,737.95,residential,India
1,2072-12-07,730.54,residential,India
1,2072-12-08,766.49,residential,India
1,2072-12-09,751.41,residential,India
1,2072-12-10,756.16,residential,India
1,2072-12-11,723.61,residential,India
1,2072-12-12,739.45,residential,India
1,2072-12-13,720.49,residential,India
1,2072-12-14,774.24,residential,India
1,2072-12-15,749.62,residential,India
1,2072-12-16,735.27,residential,India
1,2072-12-17,742.9,residential,India
1,2072-12-18,786.2,residential,India
1,2072-12-19,749.49,residential,India
1,2072-12-20,742.72,residential,India
1,2072-12-21,746.73,residential,India
1,2072-12-22,755.15,residential,India
1,2072-12-23,732.07,residential,India
1,2072-12-24,759.32,residential,India
1,2072-12-25,754.19,residential,India
1,2072-12-26,727.14,residential,India
1,2072-12-27,732.76,residential,India
1,2072-12-28,718.29,residential,India
1,2072-12-29,744.39,residential,India
1,2072-12-30,734.06,residential,India
1,2072-12-31,743.57,residential,India
1,2073-01-01,739.64,residential,India
1,2073-01-02,743.98,residential,India
1,2073-01-03,779.76,residential,India
1,2073-01-04,731.31,residential,India
1,2073-01-05,743.33,residential,India
1,2073-01-06,729.9,residential,India
1,2073-01-07,721.92,residential,India
1,2073-01-08,754.87,residential,India
1,2073-01-09,721.03,residential,India
1,2073-01-10,712.37,residential,India
1,2073-01-11,771.54,residential,India
1,2073-01-12,749.83,residential,India
1,2073-01-13,690.48,residential,India
1,2073-01-14,767.19,residential,India
1,2073-01-15,735.98,residential,India
1,2073-01-16,758.45,residential,India
1,2073-01-17,714.37,residential,India
1,2073-01-18,739.84,residential,India
1,2073-01-19,751.66,residential,India
1,2073-01-20,716.62,residential,India
1,2073-01-21,748.59,residential,India
1,2073-01-22,771.31,residential,India
1,2073-01-23,733.75,residential,India
1,2073-01-24,727.26,residential,India
1,2073-01-25,783.17,residential,India
1,2073-01-26,729.42,residential,India
1,2073-01-27,718.43,residential,India
1,2073-01-28,732.55,residential,India
1,2073-01-29,713.22,residential,India
1,2073-01-30,761.27,residential,India
1,2073-01-31,760.22,residential,India
1,2073-02-01,711.6,residential,India
1,2073-02-02,756.71,residential,India
1,2073-02-03,721.57,residential,India
1,2073-02-04,725.89,residential,India
1,2073-02-05,756.77,residential,India
1,2073-02-06,726.11,residential,India
1,2073-02-07,744.03,residential,India
1,2073-02-08,709.78,residential,India
1,2073-02-09,727.71,residential,India
1,2073-02-10,738.05,residential,India
1,2073-02-11,724.03,residential,India
1,2073-02-12,723.46,residential,India
1,2073-02-13,770.04,residential,India
1,2073-02-14,721.94,residential,India
1,2073-02-15,728.64,residential,India
1,2073-02-16,742.29,residential,India
1,2073-02-17,739.48,residential,India
1,2073-02-18,739.77,residential,India
1,2073-02-19,752.75,residential,India
1,2073-02-20,709.31,residential,India
1,2073-02-21,724.97,residential,India
1,2073-02-22,702.7,residential,India
1,2073-02-23,726.71,residential,India
1,2073-02-24,722.37,residential,India
1,2073-02-25,742.5,residential,India
1,2073-02-26,723.13,residential,India
1,2073-02-27,717.47,residential,India
1,2073-02-28,778.72,residential,India
1,2073-03-01,728.78,residential,India
1,2073-03-02,742.88,residential,India
1,2073-03-03,717.01,residential,India
1,2073-03-04,729.2,residential,India
1,2073-03-05,728.63,residential,India
1,2073-03-06,761.14,residential,India
1,2073-03-07,724.73,residential,India
1,2073-03-08,683.83,residential,India
1,2073-03-09,738.59,residential,India
1,2073-03-10,736.53,residential,India
1,2073-03-11,727.27,residential,India
1,2073-03-12,755.81,residential,India
1,2073-03-13,731.63,residential,India
1,2073-03-14,720.47,residential,India
1,2073-03-15,769.35,residential,India
1,2073-03-16,741.14,residential,India
1,2073-03-17,735.86,residential,India
1,2073-03-18,760.39,residential,India
1,2073-03-19,750.49,residential,India
1,2073-03-20,711.84,residential,India
1,2073-03-21,772.09,residential,India
1,2073-03-22,738.31,residential,India
1,2073-03-23,707.56,residential,India
1,2073-03-24,722.9,residential,India
1,2073-03-25,738.25,residential,India
1,2073-03-26,753.06,residential,India
1,2073-03-27,731.79,residential,India
1,2073-03-28,730.13,residential,India
1,2073-03-29,747.18,residential,India
1,2073-03-30,720.4,residential,India
1,2073-03-31,740.14,residential,India
1,2073-04-01,749.78,residential,India
1,2073-04-02,786.44,residential,India
1,2073-04-03,739.42,residential,India
1,2073-04-04,787.15,residential,India
1,2073-04-05,728.56,residential,India
1,2073-04-06,737.12,residential,India
1,2073-04-07,727.93,residential,India
1,2073-04-08,708.55,residential,India
1,2073-04-09,765.8,residential,India
1,2073-04-10,757.16,residential,India
1,2073-04-11,779.41,residential,India
1,2073-04-12,723.61,residential,India
1,2073-04-13,722.66,residential,India
1,2073-04-14,764.32,residential,India
1,2073-04-15,750.48,residential,India
1,2073-04-16,739.08,residential,India
1,2073-04-17,748.95,residential,India
1,2073-04-18,754.19,residential,India
1,2073-04-19,739.41,residential,India
1,2073-04-20,744.41,residential,India
1,2073-04-21,714.61,residential,India
1,2073-04-22,739.69,residential,India
1,2073-04-23,709.78,residential,India
1,2073-04-24,755.7,residential,India
1,2073-04-25,740.19,residential,India
1,2073-04-26,728.98,residential,India
1,2073-04-27,714.47,residential,India
1,2073-04-28,750.54,residential,India
1,2073-04-29,762.99,residential,India
1,2073-04-30,704.6,residential,India
1,2073-05-01,744.26,residential,India
1,2073-05-02,744.55,residential,India
1,2073-05-03,710.38,residential,India
1,2073-05-04,731.47,residential,India
1,2073-05-05,737.42,residential,India
1,2073-05-06,739.97,residential,India
1,2073-05-07,751.24,residential,India
1,2073-05-08,757.67,residential,India
1,2073-05-09,711.6,residential,India
1,2073-05-10,721.45,residential,India
1,2073-05-11,746.23,residential,India
1,2073-05-12,705.83,residential,India
1,2073-05-13,731.14,residential,India
1,2073-05-14,731.0,residential,India
1,2073-05-15,755.41,residential,India
1,2073-05-16,751.8,residential,India
1,2073-05-17,731.19,residential,India
1,2073-05-18,718.36,residential,India
1,2073-05-19,724.51,residential,India
1,2073-05-20,750.4,residential,India
1,2073-05-21,752.56,residential,India
1,2073-05-22,745.12,residential,India
1,2073-05-23,732.72,residential,India
1,2073-05-24,764.53,residential,India
1,2073-05-25,733.87,residential,India
1,2073-05-26,736.06,residential,India
1,2073-05-27,733.79,residential,India
1,2073-05-28,726.13,residential,India
1,2073-05-29,740.41,residential,India
1,2073-05-30,757.7,residential,India
1,2073-05-31,721.03,residential,India
1,2073-06-01,755.15,residential,India
1,2073-06-02,731.38,residential,India
1,2073-06-03,707.5,residential,India
1,2073-06-04,750.14,residential,India
1,2073-06-05,765.47,residential,India
1,2073-06-06,755.21,residential,India
1,2073-06-07,744.68,residential,India
1,2073-06-08,786.82,residential,India
1,2073-06-09,757.63,residential,India
1,2073-06-10,728.31,residential,India
1,2073-06-11,744.09,residential,India
1,2073-06-12,734.87,residential,India
1,2073-06-13,764.69,residential,India
1,2073-06-14,734.34,residential,India
1,2073-06-15,719.74,residential,India
1,2073-06-16,735.39,residential,India
1,2073-06-17,727.49,residential,India
1,2073-06-18,722.9,residential,India
1,2073-06-19,772.51,residential,India
1,2073-06-20,726.37,residential,India
1,2073-06-21,738.23,residential,India
1,2073-06-22,740.28,residential,India
1,2073-06-23,732.0,residential,India
1,2073-06-24,774.04,residential,India
1,2073-06-25,757.85,residential,India
1,2073-06-26,706.11,residential,India
1,2073-06-27,741.92,residential,India
1,2073-06-28,745.65,residential,India
1,2073-06-29,718.23,residential,India
1,2073-06-30,746.03,residential,India
1,2073-07-01,788.52,residential,India
1,2073-07-02,762.48,residential,India
1,2073-07-03,728.78,residential,India
1,2073-07-04,750.21,residential,India
1,2073-07-05,767.95,residential,India
1,2073-07-06,714.7,residential,India
1,2073-07-07,710.34,residential,India
1,2073-07-08,737.4,residential,India
1,2073-07-09,738.15,residential,India
1,2073-07-10,766.06,residential,India
1,2073-07-11,731.52,residential,India
1,2073-07-12,749.57,residential,India
1,2073-07-13,750.72,residential,India
1,2073-07-14,756.55,residential,India
1,2073-07-15,729.26,residential,India
1,2073-07-16,765.64,residential,India
1,2073-07-17,756.18,residential,India
1,2073-07-18,750.86,residential,India
1,2073-07-19,723.57,residential,India
1,2073-07-20,739.18,residential,India
1,2073-07-21,723.71,residential,India
1,2073-07-22,735.04,residential,India
1,2073-07-23,751.37,residential,India
1,2073-07-24,752.36,residential,India
1,2073-07-25,696.01,residential,India
1,2073-07-26,753.27,residential,India
1,2073-07-27,724.49,residential,India
1,2073-07-28,762.99,residential,India
1,2073-07-29,747.2,residential,India
1,2073-07-30,725.24,residential,India
1,2073-07-31,747.68,residential,India
1,2073-08-01,769.14,residential,India
1,2073-08-02,756.08,residential,India
1,2073-08-03,747.25,residential,India
1,2073-08-04,751.79,residential,India
1,2073-08-05,727.37,residential,India
1,2073-08-06,720.91,residential,India
1,2073-08-07,750.2,residential,India
1,2073-08-08,729.97,residential,India
1,2073-08-09,730.54,residential,India
1,2073-08-10,740.77,residential,India
1,2073-08-11,719.14,residential,India
1,2073-08-12,717.42,residential,India
1,2073-08-13,722.67,residential,India
1,2073-08-14,733.3,residential,India
1,2073-08-15,744.69,residential,India
1,2073-08-16,741.47,residential,India
1,2073-08-17,740.27,residential,India
1,2073-08-18,752.77,residential,India
1,2073-08-19,726.15,residential,India
1,2073-08-20,774.63,residential,India
1,2073-08-21,741.9,residential,India
1,2073-08-22,728.45,residential,India
1,2073-08-23,739.6,residential,India
1,2073-08-24,754.08,residential,India
1,2073-08-25,767.82,residential,India
1,2073-08-26,741.88,residential,India
1,2073-08-27,716.36,residential,India
1,2073-08-28,744.74,residential,India
1,2073-08-29,742.88,residential,India
1,2073-08-30,738.41,residential,India
1,2073-08-31,747.32,residential,India
1,2073-09-01,754.86,residential,India
1,2073-09-02,724.53,residential,India
1,2073-09-03,716.31,residential,India
1,2073-09-04,734.42,residential,India
1,2073-09-05,756.56,residential,India
1,2073-09-06,755.62,residential,India
1,2073-09-07,756.94,residential,India
1,2073-09-08,710.0,residential,India
1,2073-09-09,762.65,residential,India
1,2073-09-10,761.05,residential,India
1,2073-09-11,724.01,residential,India
1,2073-09-12,746.71,residential,India
1,2073-09-13,741.17,residential,India
1,2073-09-14,766.35,residential,India
1,2073-09-15,749.98,residential,India
1,2073-09-16,755.99,residential,India
1,2073-09-17,769.7,residential,India
1,2073-09-18,746.77,residential,India
1,2073-09-19,738.85,residential,India
1,2073-09-20,740.8,residential,India
1,2073-09-21,778.03,residential,India
1,2073-09-22,757.34,residential,India
1,2073-09-23,751.65,residential,India
1,2073-09-24,728.54,residential,India
1,2073-09-25,727.49,residential,India
1,2073-09-26,709.32,residential,India
1,2073-09-27,736.73,residential,India
1,2073-09-28,744.47,residential,India
1,2073-09-29,763.11,residential,India
1,2073-09-30,743.91,residential,India
1,2073-10-01,717.02,residential,India
1,2073-10-02,737.59,residential,India
1,2073-10-03,728.8,residential,India
1,2073-10-04,750.69,residential,India
1,2073-10-05,701.74,residential,India
1,2073-10-06,724.42,residential,India
1,2073-10-07,757.65,residential,India
1,2073-10-08,746.13,residential,India
1,2073-10-09,766.45,residential,India
1,2073-10-10,740.1,residential,India
1,2073-10-11,738.93,residential,India
1,2073-10-12,744.04,residential,India
1,2073-10-13,733.14,residential,India
1,2073-10-14,728.23,residential,India
1,2073-10-15,762.86,residential,India
1,2073-10-16,702.75,residential,India
1,2073-10-17,769.69,residential,India
1,2073-10-18,732.55,residential,India
1,2073-10-19,724.98,residential,India
1,2073-10-20,764.56,residential,India
1,2073-10-21,753.98,residential,India
1,2073-10-22,705.03,residential,India
1,2073-10-23,762.29,residential,India
1,2073-10-24,759.84,residential,India
1,2073-10-25,756.03,residential,India
1,2073-10-26,744.34,residential,India
1,2073-10-27,753.26,residential,India
1,2073-10-28,754.98,residential,India
1,2073-10-29,742.17,residential,India
1,2073-10-30,758.41,residential,India
1,2073-10-31,767.67,residential,India
1,2073-11-01,745.12,residential,India
1,2073-11-02,740.78,residential,India
1,2073-11-03,760.98,residential,India
1,2073-11-04,753.49,residential,India
1,2073-11-05,757.67,residential,India
1,2073-11-06,761.84,residential,India
1,2073-11-07,765.68,residential,India
1,2073-11-08,729.72,residential,India
1,2073-11-09,723.84,residential,India
1,2073-11-10,749.18,residential,India
1,2073-11-11,738.16,residential,India
1,2073-11-12,727.04,residential,India
1,2073-11-13,730.7,residential,India
1,2073-11-14,759.74,residential,India
1,2073-11-15,707.49,residential,India
1,2073-11-16,755.74,residential,India
1,2073-11-17,741.43,residential,India
1,2073-11-18,712.74,residential,India
1,2073-11-19,733.43,residential,India
1,2073-11-20,753.73,residential,India
1,2073-11-21,763.78,residential,India
1,2073-11-22,770.87,residential,India
1,2073-11-23,758.62,residential,India
1,2073-11-24,745.48,residential,India
1,2073-11-25,759.77,residential,India
1,2073-11-26,763.09,residential,India
1,2073-11-27,719.24,residential,India
1,2073-11-28,740.52,residential,India
1,2073-11-29,749.77,residential,India
1,2073-11-30,730.4,residential,India
1,2073-12-01,793.11,residential,India
1,2073-12-02,800.72,residential,India
1,2073-12-03,725.0,residential,India
1,2073-12-04,764.17,residential,India
1,2073-12-05,746.83,residential,India
1,2073-12-06,775.28,residential,India
1,2073-12-07,770.17,residential,India
1,2073-12-08,745.66,residential,India
1,2073-12-09,745.36,residential,India
1,2073-12-10,749.09,residential,India
1,2073-12-11,769.88,residential,India
1,2073-12-12,720.04,residential,India
1,2073-12-13,748.9,residential,India
1,2073-12-14,782.86,residential,India
1,2073-12-15,758.53,residential,India
1,2073-12-16,756.87,residential,India
1,2073-12-17,772.86,residential,India
1,2073-12-18,769.9,residential,India
1,2073-12-19,795.35,residential,India
1,2073-12-20,740.73,residential,India
1,2073-12-21,750.34,residential,India
1,2073-12-22,726.2,residential,India
1,2073-12-23,753.3,residential,India
1,2073-12-24,732.09,residential,India
1,2073-12-25,740.7,residential,India
1,2073-12-26,761.18,residential,India
1,2073-12-27,786.94,residential,India
1,2073-12-28,758.79,residential,India
1,2073-12-29,747.42,residential,India
1,2073-12-30,750.31,residential,India
1,2073-12-31,761.4,residential,India
1,2074-01-01,773.09,residential,India
1,2074-01-02,774.67,residential,India
1,2074-01-03,764.53,residential,India
1,2074-01-04,783.12,residential,India
1,2074-01-05,747.07,residential,India
1,2074-01-06,743.82,residential,India
1,2074-01-07,768.44,residential,India
1,2074-01-08,724.54,residential,India
1,2074-01-09,770.13,residential,India
1,2074-01-10,783.36,residential,India
1,2074-01-11,738.05,residential,India
1,2074-01-12,779.04,residential,India
1,2074-01-13,764.14,residential,India
1,2074-01-14,730.64,residential,India
1,2074-01-15,774.46,residential,India
1,2074-01-16,761.38,residential,India
1,2074-01-17,739.84,residential,India
1,2074-01-18,763.31,residential,India
1,2074-01-19,773.1,residential,India
1,2074-01-20,746.37,residential,India
1,2074-01-21,747.62,residential,India
1,2074-01-22,742.43,residential,India
1,2074-01-23,710.22,residential,India
1,2074-01-24,748.63,residential,India
1,2074-01-25,738.93,residential,India
1,2074-01-26,776.8,residential,India
1,2074-01-27,757.47,residential,India
1,2074-01-28,746.37,residential,India
1,2074-01-29,812.95,residential,India
1,2074-01-30,739.71,residential,India
1,2074-01-31,723.54,residential,India
1,2074-02-01,782.59,residential,India
1,2074-02-02,753.1,residential,India
1,2074-02-03,798.21,residential,India
1,2074-02-04,758.82,residential,India
1,2074-02-05,766.22,residential,India
1,2074-02-06,766.48,residential,India
1,2074-02-07,759.38,residential,India
1,2074-02-08,733.27,residential,India
1,2074-02-09,729.67,residential,India
1,2074-02-10,779.81,residential,India
1,2074-02-11,757.18,residential,India
1,2074-02-12,776.61,residential,India
1,2074-02-13,759.0,residential,India
1,2074-02-14,739.73,residential,India
1,2074-02-15,751.64,residential,India
1,2074-02-16,744.91,residential,India
1,2074-02-17,785.03,residential,India
1,2074-02-18,741.6,residential,India
1,2074-02-19,790.84,residential,India
1,2074-02-20,786.28,residential,India
1,2074-02-21,756.88,residential,India
1,2074-02-22,742.27,residential,India
1,2074-02-23,769.6,residential,India
1,2074-02-24,760.49,residential,India
1,2074-02-25,737.89,residential,India
1,2074-02-26,755.37,residential,India
1,2074-02-27,733.59,residential,India
1,2074-02-28,783.27,residential,India
1,2074-03-01,729.53,residential,India
1,2074-03-02,747.42,residential,India
1,2074-03-03,740.11,residential,India
1,2074-03-04,774.36,residential,India
1,2074-03-05,767.63,residential,India
1,2074-03-06,751.27,residential,India
1,2074-03-07,744.72,residential,India
1,2074-03-08,766.15,residential,India
1,2074-03-09,787.43,residential,India
1,2074-03-10,763.61,residential,India
1,2074-03-11,767.74,residential,India
1,2074-03-12,762.85,residential,India
1,2074-03-13,785.89,residential,India
1,2074-03-14,774.55,residential,India
1,2074-03-15,795.16,residential,India
1,2074-03-16,771.06,residential,India
1,2074-03-17,749.64,residential,India
1,2074-03-18,758.46,residential,India
1,2074-03-19,794.07,residential,India
1,2074-03-20,815.15,residential,India
1,2074-03-21,781.83,residential,India
1,2074-03-22,743.61,residential,India
1,2074-03-23,768.19,residential,India
1,2074-03-24,766.02,residential,India
1,2074-03-25,766.51,residential,India
1,2074-03-26,790.66,residential,India
1,2074-03-27,775.08,residential,India
1,2074-03-28,793.36,residential,India
1,2074-03-29,783.39,residential,India
1,2074-03-30,754.22,residential,India
1,2074-03-31,781.78,residential,India
1,2074-04-01,771.69,residential,India
1,2074-04-02,761.99,residential,India
1,2074-04-03,794.52,residential,India
1,2074-04-04,790.8,residential,India
1,2074-04-05,781.43,residential,India
1,2074-04-06,770.0,residential,India
1,2074-04-07,761.59,residential,India
1,2074-04-08,746.29,residential,India
1,2074-04-09,778.82,residential,India
1,2074-04-10,769.76,residential,India
1,2074-04-11,776.63,residential,India
1,2074-04-12,756.95,residential,India
1,2074-04-13,777.44,residential,India
1,2074-04-14,755.44,residential,India
1,2074-04-15,773.44,residential,India
1,2074-04-16,774.62,residential,India
1,2074-04-17,761.66,residential,India
1,2074-04-18,806.73,residential,India
1,2074-04-19,758.63,residential,India
1,2074-04-20,789.72,residential,India
1,2074-04-21,800.58,residential,India
1,2074-04-22,780.96,residential,India
1,2074-04-23,818.74,residential,India
1,2074-04-24,752.97,residential,India
1,2074-04-25,753.06,residential,India
1,2074-04-26,766.31,residential,India
1,2074-04-27,732.95,residential,India
1,2074-04-28,778.14,residential,India
1,2074-04-29,750.15,residential,India
1,2074-04-30,779.01,residential,India
1,2074-05-01,736.5,residential,India
1,2074-05-02,773.32,residential,India
1,2074-05-03,767.93,residential,India
1,2074-05-04,767.25,residential,India
1,2074-05-05,773.9,residential,India
1,2074-05-06,764.96,residential,India
1,2074-05-07,765.03,residential,India
1,2074-05-08,727.53,residential,India
1,2074-05-09,734.57,residential,India
1,2074-05-10,774.3,residential,India
1,2074-05-11,766.38,residential,India
1,2074-05-12,760.76,residential,India
1,2074-05-13,735.67,residential,India
1,2074-05-14,787.95,residential,India
1,2074-05-15,763.57,residential,India
1,2074-05-16,750.15,residential,India
1,2074-05-17,749.54,residential,India
1,2074-05-18,784.89,residential,India
1,2074-05-19,786.4,residential,India
1,2074-05-20,775.26,residential,India
1,2074-05-21,785.28,residential,India
1,2074-05-22,792.01,residential,India
1,2074-05-23,811.49,residential,India
1,2074-05-24,767.0,residential,India
1,2074-05-25,778.21,residential,India
1,2074-05-26,761.33,residential,India
1,2074-05-27,762.16,residential,India
1,2074-05-28,738.2,residential,India
1,2074-05-29,799.5,residential,India
1,2074-05-30,777.04,residential,India
1,2074-05-31,757.16,residential,India
1,2074-06-01,782.81,residential,India
1,2074-06-02,794.68,residential,India
1,2074-06-03,770.2,residential,India
1,2074-06-04,784.34,residential,India
1,2074-06-05,760.89,residential,India
1,2074-06-06,738.5,residential,India
1,2074-06-07,797.5,residential,India
1,2074-06-08,807.22,residential,India
1,2074-06-09,750.64,residential,India
1,2074-06-10,763.31,residential,India
1,2074-06-11,756.92,residential,India
1,2074-06-12,736.36,residential,India
1,2074-06-13,785.45,residential,India
1,2074-06-14,747.78,residential,India
1,2074-06-15,809.71,residential,India
1,2074-06-16,768.09,residential,India
1,2074-06-17,781.17,residential,India
1,2074-06-18,809.73,residential,India
1,2074-06-19,778.81,residential,India
1,2074-06-20,780.3,residential,India
1,2074-06-21,806.69,residential,India
1,2074-06-22,771.8,residential,India
1,2074-06-23,740.03,residential,India
1,2074-06-24,808.35,residential,India
1,2074-06-25,767.58,residential,India
1,2074-06-26,777.15,residential,India
1,2074-06-27,809.77,residential,India
1,2074-06-28,778.52,residential,India
1,2074-06-29,767.23,residential,India
1,2074-06-30,787.31,residential,India
1,2074-07-01,760.78,residential,India
1,2074-07-02,798.35,residential,India
1,2074-07-03,782.64,residential,India
1,2074-07-04,792.63,residential,India
1,2074-07-05,765.45,residential,India
1,2074-07-06,765.49,residential,India
1,2074-07-07,765.1,residential,India
1,2074-07-08,759.28,residential,India
1,2074-07-09,784.64,residential,India
1,2074-07-10,773.6,residential,India
1,2074-07-11,789.79,residential,India
1,2074-07-12,797.59,residential,India
1,2074-07-13,804.94,residential,India
1,2074-07-14,776.16,residential,India
1,2074-07-15,797.36,residential,India
1,2074-07-16,808.97,residential,India
1,2074-07-17,771.43,residential,India
1,2074-07-18,779.47,residential,India
1,2074-07-19,766.72,residential,India
1,2074-07-20,767.91,residential,India
1,2074-07-21,793.42,residential,India
1,2074-07-22,766.55,residential,India
1,2074-07-23,788.62,residential,India
1,2074-07-24,795.73,residential,India
1,2074-07-25,789.02,residential,India
1,2074-07-26,775.11,residential,India
1,2074-07-27,823.49,residential,India
1,2074-07-28,807.6,residential,India
1,2074-07-29,754.75,residential,India
1,2074-07-30,765.28,residential,India
1,2074-07-31,767.57,residential,India
1,2074-08-01,820.42,residential,India
1,2074-08-02,782.96,residential,India
1,2074-08-03,782.75,residential,India
1,2074-08-04,820.95,residential,India
1,2074-08-05,789.39,residential,India
1,2074-08-06,787.62,residential,India
1,2074-08-07,827.55,residential,India
1,2074-08-08,812.23,residential,India
1,2074-08-09,786.46,residential,India
1,2074-08-10,794.53,residential,India
1,2074-08-11,759.03,residential,India
1,2074-08-12,808.91,residential,India
1,2074-08-13,820.86,residential,India
1,2074-08-14,784.66,residential,India
1,2074-08-15,787.2,residential,India
1,2074-08-16,798.67,residential,India
1,2074-08-17,786.42,residential,India
1,2074-08-18,801.64,residential,India
1,2074-08-19,781.5,residential,India
1,2074-08-20,809.77,residential,India
1,2074-08-21,794.33,residential,India
1,2074-08-22,789.14,residential,India
1,2074-08-23,785.66,residential,India
1,2074-08-24,794.5,residential,India
1,2074-08-25,809.93,residential,India
1,2074-08-26,783.27,residential,India
1,2074-08-27,789.76,residential,India
1,2074-08-28,787.74,residential,India
1,2074-08-29,815.5,residential,India
1,2074-08-30,764.15,residential,India
1,2074-08-31,798.84,residential,India
1,2074-09-01,756.37,residential,India
1,2074-09-02,786.7,residential,India
1,2074-09-03,817.47,residential,India
1,2074-09-04,811.62,residential,India
1,2074-09-05,746.03,residential,India
1,2074-09-06,824.5,residential,India
1,2074-09-07,794.43,residential,India
1,2074-09-08,785.47,residential,India
1,2074-09-09,779.16,residential,India
1,2074-09-10,794.17,residential,India
1,2074-09-11,765.45,residential,India
1,2074-09-12,781.87,residential,India
1,2074-09-13,792.12,residential,India
1,2074-09-14,821.14,residential,India
1,2074-09-15,779.76,residential,India
1,2074-09-16,800.36,residential,India
1,2074-09-17,750.1,residential,India
1,2074-09-18,812.21,residential,India
1,2074-09-19,820.23,residential,India
1,2074-09-20,808.65,residential,India
1,2074-09-21,786.82,residential,India
1,2074-09-22,809.96,residential,India
1,2074-09-23,784.26,residential,India
1,2074-09-24,796.24,residential,India
1,2074-09-25,772.16,residential,India
1,2074-09-26,787.4,residential,India
1,2074-09-27,802.79,residential,India
1,2074-09-28,797.32,residential,India
1,2074-09-29,791.18,residential,India
1,2074-09-30,779.77,residential,India
1,2074-10-01,797.71,residential,India
1,2074-10-02,792.1,residential,India
1,2074-10-03,808.44,residential,India
