dataset_id,date,value,sector,location
1,2020-01-01,399.72,residential,India
1,2020-01-02,403.32,residential,India
1,2020-01-03,398.32,residential,India
1,2020-01-04,398.44,residential,India
1,2020-01-05,382.24,residential,India
1,2020-01-06,404.25,residential,India
1,2020-01-07,373.16,residential,India
1,2020-01-08,389.76,residential,India
1,2020-01-09,402.6,residential,India
1,2020-01-10,420.04,residential,India
1,2020-01-11,415.06,residential,India
1,2020-01-12,394.04,residential,India
1,2020-01-13,448.95,residential,India
1,2020-01-14,382.4,residential,India
1,2020-01-15,402.55,residential,India
1,2020-01-16,373.06,residential,India
1,2020-01-17,423.36,residential,India
1,2020-01-18,415.26,residential,India
1,2020-01-19,387.98,residential,India
1,2020-01-20,406.36,residential,India
1,2020-01-21,392.47,residential,India
1,2020-01-22,415.7,residential,India
1,2020-01-23,386.98,residential,India
1,2020-01-24,402.94,residential,India
1,2020-01-25,386.8,residential,India
1,2020-01-26,423.51,residential,India
1,2020-01-27,404.47,residential,India
1,2020-01-28,406.18,residential,India
1,2020-01-29,372.89,residential,India
1,2020-01-30,401.54,residential,India
1,2020-01-31,404.0,residential,India
1,2020-02-01,456.89,residential,India
1,2020-02-02,404.69,residential,India
1,2020-02-03,396.74,residential,India
1,2020-02-04,437.39,residential,India
1,2020-02-05,392.45,residential,India
1,2020-02-06,407.2,residential,India
1,2020-02-07,432.0,residential,India
1,2020-02-08,441.05,residential,India
1,2020-02-09,409.82,residential,India
1,2020-02-10,424.73,residential,India
1,2020-02-11,423.75,residential,India
1,2020-02-12,382.83,residential,India
1,2020-02-13,413.15,residential,India
1,2020-02-14,399.66,residential,India
1,2020-02-15,402.5,residential,India
1,2020-02-16,445.4,residential,India
1,2020-02-17,413.05,residential,India
1,2020-02-18,428.46,residential,India
1,2020-02-19,427.21,residential,India
1,2020-02-20,409.27,residential,India
1,2020-02-21,437.18,residential,India
1,2020-02-22,422.84,residential,India
1,2020-02-23,398.16,residential,India
1,2020-02-24,382.6,residential,India
1,2020-02-25,399.78,residential,India
1,2020-02-26,415.22,residential,India
1,2020-02-27,408.18,residential,India
1,2020-02-28,428.09,residential,India
1,2020-02-29,451.49,residential,India
1,2020-03-01,388.15,residential,India
1,2020-03-02,431.4,residential,India
1,2020-03-03,395.14,residential,India
1,2020-03-04,369.48,residential,India
1,2020-03-05,400.25,residential,India
1,2020-03-06,426.04,residential,India
1,2020-03-07,375.18,residential,India
1,2020-03-08,444.51,residential,India
1,2020-03-09,421.43,residential,India
1,2020-03-10,446.29,residential,India
1,2020-03-11,418.16,residential,India
1,2020-03-12,396.26,residential,India
1,2020-03-13,437.9,residential,India
1,2020-03-14,421.82,residential,India
1,2020-03-15,424.65,residential,India
1,2020-03-16,403.03,residential,India
1,2020-03-17,408.47,residential,India
1,2020-03-18,395.13,residential,India
1,2020-03-19,432.3,residential,India
1,2020-03-20,425.17,residential,India
1,2020-03-21,431.97,residential,India
1,2020-03-22,426.99,residential,India
1,2020-03-23,427.99,residential,India
1,2020-03-24,410.66,residential,India
1,2020-03-25,443.67,residential,India
1,2020-03-26,406.53,residential,India
1,2020-03-27,403.88,residential,India
1,2020-03-28,416.99,residential,India
1,2020-03-29,438.63,residential,India
1,2020-03-30,437.62,residential,India
1,2020-03-31,426.72,residential,India
1,2020-04-01,428.23,residential,India
1,2020-04-02,394.3,residential,India
1,2020-04-03,423.73,residential,India
1,2020-04-04,411.22,residential,India
1,2020-04-05,393.35,residential,India
1,2020-04-06,380.16,residential,India
1,2020-04-07,416.38,residential,India
1,2020-04-08,412.24,residential,India
1,2020-04-09,395.65,residential,India
1,2020-04-10,410.67,residential,India
1,2020-04-11,394.14,residential,India
1,2020-04-12,448.02,residential,India
1,2020-04-13,404.57,residential,India
1,2020-04-14,428.89,residential,India
1,2020-04-15,454.84,residential,India
1,2020-04-16,437.84,residential,India
1,2020-04-17,467.5,residential,India
1,2020-04-18,410.96,residential,India
1,2020-04-19,426.17,residential,India
1,2020-04-20,413.12,residential,India
1,2020-04-21,440.56,residential,India
1,2020-04-22,443.77,residential,India
1,2020-04-23,413.09,residential,India
1,2020-04-24,405.88,residential,India
1,2020-04-25,425.94,residential,India
1,2020-04-26,422.17,residential,India
1,2020-04-27,407.15,residential,India
1,2020-04-28,460.89,residential,India
1,2020-04-29,389.84,residential,India
1,2020-04-30,422.01,residential,India
1,2020-05-01,412.4,residential,India
1,2020-05-02,406.53,residential,India
1,2020-05-03,443.95,residential,India
1,2020-05-04,443.31,residential,India
1,2020-05-05,419.54,residential,India
1,2020-05-06,450.58,residential,India
1,2020-05-07,444.55,residential,India
1,2020-05-08,447.52,residential,India
1,2020-05-09,402.83,residential,India
1,2020-05-10,406.54,residential,India
1,2020-05-11,416.77,residential,India
1,2020-05-12,457.74,residential,India
1,2020-05-13,422.3,residential,India
1,2020-05-14,398.52,residential,India
1,2020-05-15,448.42,residential,India
1,2020-05-16,436.58,residential,India
1,2020-05-17,425.36,residential,India
1,2020-05-18,410.44,residential,India
1,2020-05-19,437.13,residential,India
1,2020-05-20,410.18,residential,India
1,2020-05-21,415.73,residential,India
1,2020-05-22,446.63,residential,India
1,2020-05-23,439.31,residential,India
1,2020-05-24,427.96,residential,India
1,2020-05-25,369.34,residential,India
1,2020-05-26,445.99,residential,India
1,2020-05-27,417.9,residential,India
1,2020-05-28,441.22,residential,India
1,2020-05-29,441.48,residential,India
1,2020-05-30,423.95,residential,India
1,2020-05-31,437.4,residential,India
1,2020-06-01,430.83,residential,India
1,2020-06-02,457.38,residential,India
1,2020-06-03,396.89,residential,India
1,2020-06-04,423.03,residential,India
1,2020-06-05,386.84,residential,India
1,2020-06-06,443.91,residential,India
1,2020-06-07,404.83,residential,India
1,2020-06-08,441.21,residential,India
1,2020-06-09,432.93,residential,India
1,2020-06-10,433.04,residential,India
1,2020-06-11,410.29,residential,India
1,2020-06-12,432.72,residential,India
1,2020-06-13,467.68,residential,India
1,2020-06-14,431.69,residential,India
1,2020-06-15,451.46,residential,India
1,2020-06-16,436.85,residential,India
1,2020-06-17,445.3,residential,India
1,2020-06-18,417.49,residential,India
1,2020-06-19,462.69,residential,India
1,2020-06-20,473.67,residential,India
1,2020-06-21,455.13,residential,India
1,2020-06-22,455.0,residential,India
1,2020-06-23,419.67,residential,India
1,2020-06-24,489.89,residential,India
1,2020-06-25,459.35,residential,India
1,2020-06-26,453.04,residential,India
1,2020-06-27,412.34,residential,India
1,2020-06-28,437.01,residential,India
1,2020-06-29,442.78,residential,India
1,2020-06-30,421.89,residential,India
1,2020-07-01,453.91,residential,India
1,2020-07-02,460.85,residential,India
1,2020-07-03,432.41,residential,India
1,2020-07-04,430.27,residential,India
1,2020-07-05,434.38,residential,India
1,2020-07-06,415.49,residential,India
1,2020-07-07,454.8,residential,India
1,2020-07-08,407.77,residential,India
1,2020-07-09,456.52,residential,India
1,2020-07-10,434.33,residential,India
1,2020-07-11,407.89,residential,India
1,2020-07-12,467.02,residential,India
1,2020-07-13,453.18,residential,India
1,2020-07-14,440.19,residential,India
1,2020-07-15,434.06,residential,India
1,2020-07-16,490.07,residential,India
1,2020-07-17,408.6,residential,India
1,2020-07-18,415.64,residential,India
1,2020-07-19,460.02,residential,India
1,2020-07-20,426.21,residential,India
1,2020-07-21,468.29,residential,India
1,2020-07-22,450.32,residential,India
1,2020-07-23,428.25,residential,India
1,2020-07-24,454.21,residential,India
1,2020-07-25,440.58,residential,India
1,2020-07-26,440.22,residential,India
1,2020-07-27,429.66,residential,India
1,2020-07-28,441.41,residential,India
1,2020-07-29,446.17,residential,India
1,2020-07-30,462.49,residential,India
1,2020-07-31,453.52,residential,India
1,2020-08-01,415.16,residential,India
1,2020-08-02,464.37,residential,India
1,2020-08-03,454.93,residential,India
1,2020-08-04,429.52,residential,India
1,2020-08-05,431.33,residential,India
1,2020-08-06,434.56,residential,India
1,2020-08-07,471.09,residential,India
1,2020-08-08,439.98,residential,India
1,2020-08-09,432.98,residential,India
1,2020-08-10,431.85,residential,India
1,2020-08-11,404.45,residential,India
1,2020-08-12,433.81,residential,India
1,2020-08-13,460.98,residential,India
1,2020-08-14,442.22,residential,India
1,2020-08-15,460.25,residential,India
1,2020-08-16,454.44,residential,India
1,2020-08-17,442.97,residential,India
1,2020-08-18,445.4,residential,India
1,2020-08-19,477.99,residential,India
1,2020-08-20,415.75,residential,India
1,2020-08-21,445.72,residential,India
1,2020-08-22,461.08,residential,India
1,2020-08-23,481.48,residential,India
1,2020-08-24,476.37,residential,India
1,2020-08-25,424.12,residential,India
1,2020-08-26,424.05,residential,India
1,2020-08-27,427.01,residential,India
1,2020-08-28,426.54,residential,India
1,2020-08-29,490.36,residential,India
1,2020-08-30,466.23,residential,India
1,2020-08-31,432.41,residential,India
1,2020-09-01,449.86,residential,India
1,2020-09-02,431.62,residential,India
1,2020-09-03,458.5,residential,India
1,2020-09-04,480.48,residential,India
1,2020-09-05,446.96,residential,India
1,2020-09-06,492.07,residential,India
1,2020-09-07,470.6,residential,India
1,2020-09-08,446.2,residential,India
1,2020-09-09,430.83,residential,India
1,2020-09-10,437.63,residential,India
1,2020-09-11,443.66,residential,India
1,2020-09-12,471.21,residential,India
1,2020-09-13,458.89,residential,India
1,2020-09-14,454.95,residential,India
1,2020-09-15,476.03,residential,India
1,2020-09-16,410.73,residential,India
1,2020-09-17,458.26,residential,India
1,2020-09-18,446.48,residential,India
1,2020-09-19,458.1,residential,India
1,2020-09-20,425.17,residential,India
1,2020-09-21,454.51,residential,India
1,2020-09-22,454.76,residential,India
1,2020-09-23,431.2,residential,India
1,2020-09-24,433.58,residential,India
1,2020-09-25,443.2,residential,India
1,2020-09-26,456.19,residential,India
1,2020-09-27,427.34,residential,India
1,2020-09-28,474.25,residential,India
1,2020-09-29,466.94,residential,India
1,2020-09-30,424.92,residential,India
1,2020-10-01,462.23,residential,India
1,2020-10-02,416.73,residential,India
1,2020-10-03,419.54,residential,India
1,2020-10-04,474.22,residential,India
1,2020-10-05,426.65,residential,India
1,2020-10-06,454.94,residential,India
1,2020-10-07,437.9,residential,India
1,2020-10-08,449.11,residential,India
1,2020-10-09,472.24,residential,India
1,2020-10-10,464.62,residential,India
1,2020-10-11,497.38,residential,India
1,2020-10-12,453.26,residential,India
1,2020-10-13,462.2,residential,India
1,2020-10-14,474.46,residential,India
1,2020-10-15,417.2,residential,India
1,2020-10-16,446.7,residential,India
1,2020-10-17,461.31,residential,India
1,2020-10-18,437.95,residential,India
1,2020-10-19,465.87,residential,India
1,2020-10-20,441.41,residential,India
1,2020-10-21,455.37,residential,India
1,2020-10-22,469.05,residential,India
1,2020-10-23,449.28,residential,India
1,2020-10-24,470.29,residential,India
1,2020-10-25,477.51,residential,India
1,2020-10-26,436.11,residential,India
1,2020-10-27,436.4,residential,India
1,2020-10-28,460.04,residential,India
1,2020-10-29,437.59,residential,India
1,2020-10-30,430.68,residential,India
1,2020-10-31,458.48,residential,India
1,2020-11-01,428.86,residential,India
1,2020-11-02,453.22,residential,India
1,2020-11-03,486.51,residential,India
1,2020-11-04,457.91,residential,India
1,2020-11-05,490.99,residential,India
1,2020-11-06,468.69,residential,India
1,2020-11-07,435.82,residential,India
1,2020-11-08,433.07,residential,India
1,2020-11-09,423.4,residential,India
1,2020-11-10,463.81,residential,India
1,2020-11-11,422.18,residential,India
1,2020-11-12,456.01,residential,India
1,2020-11-13,500.9,residential,India
1,2020-11-14,459.17,residential,India
1,2020-11-15,453.13,residential,India
1,2020-11-16,470.52,residential,India
1,2020-11-17,478.81,residential,India
1,2020-11-18,435.67,residential,India
1,2020-11-19,421.66,residential,India
1,2020-11-20,445.38,residential,India
1,2020-11-21,460.98,residential,India
1,2020-11-22,453.17,residential,India
1,2020-11-23,440.55,residential,India
1,2020-11-24,493.11,residential,India
1,2020-11-25,459.64,residential,India
1,2020-11-26,459.34,residential,India
1,2020-11-27,463.2,residential,India
1,2020-11-28,464.56,residential,India
1,2020-11-29,451.16,residential,India
1,2020-11-30,453.46,residential,India
1,2020-12-01,463.94,residential,India
1,2020-12-02,443.05,residential,India
1,2020-12-03,416.15,residential,India
1,2020-12-04,458.32,residential,India
1,2020-12-05,391.2,residential,India
1,2020-12-06,465.77,residential,India
1,2020-12-07,421.37,residential,India
1,2020-12-08,484.42,residential,India
1,2020-12-09,465.35,residential,India
1,2020-12-10,464.45,residential,India
1,2020-12-11,452.21,residential,India
1,2020-12-12,464.21,residential,India
1,2020-12-13,428.49,residential,India
1,2020-12-14,426.19,residential,India
1,2020-12-15,455.44,residential,India
1,2020-12-16,451.17,residential,India
1,2020-12-17,441.66,residential,India
1,2020-12-18,427.35,residential,India
1,2020-12-19,463.37,residential,India
1,2020-12-20,476.74,residential,India
1,2020-12-21,445.48,residential,India
1,2020-12-22,496.23,residential,India
1,2020-12-23,414.63,residential,India
1,2020-12-24,470.72,residential,India
1,2020-12-25,474.18,residential,India
1,2020-12-26,448.15,residential,India
1,2020-12-27,447.48,residential,India
1,2020-12-28,456.25,residential,India
1,2020-12-29,459.18,residential,India
1,2020-12-30,493.3,residential,India
1,2020-12-31,435.42,residential,India
1,2021-01-01,459.76,residential,India
1,2021-01-02,494.89,residential,India
1,2021-01-03,458.12,residential,India
1,2021-01-04,459.79,residential,India
1,2021-01-05,462.94,residential,India
1,2021-01-06,487.77,residential,India
1,2021-01-07,444.57,residential,India
1,2021-01-08,475.21,residential,India
1,2021-01-09,468.25,residential,India
1,2021-01-10,482.52,residential,India
1,2021-01-11,477.6,residential,India
1,2021-01-12,453.41,residential,India
1,2021-01-13,419.03,residential,India
1,2021-01-14,455.17,residential,India
1,2021-01-15,471.53,residential,India
1,2021-01-16,458.63,residential,India
1,2021-01-17,474.51,residential,India
1,2021-01-18,454.27,residential,India
1,2021-01-19,454.13,residential,India
1,2021-01-20,452.75,residential,India
1,2021-01-21,486.18,residential,India
1,2021-01-22,463.01,residential,India
1,2021-01-23,460.13,residential,India
1,2021-01-24,449.25,residential,India
1,2021-01-25,451.36,residential,India
1,2021-01-26,467.99,residential,India
1,2021-01-27,456.35,residential,India
1,2021-01-28,466.57,residential,India
1,2021-01-29,439.75,residential,India
1,2021-01-30,490.72,residential,India
1,2021-01-31,509.26,residential,India
1,2021-02-01,440.4,residential,India
1,2021-02-02,465.16,residential,India
1,2021-02-03,460.01,residential,India
1,2021-02-04,477.34,residential,India
1,2021-02-05,481.91,residential,India
1,2021-02-06,439.35,residential,India
1,2021-02-07,457.76,residential,India
1,2021-02-08,468.57,residential,India
1,2021-02-09,452.03,residential,India
1,2021-02-10,465.03,residential,India
1,2021-02-11,458.3,residential,India
1,2021-02-12,477.05,residential,India
1,2021-02-13,462.09,residential,India
1,2021-02-14,436.25,residential,India
1,2021-02-15,436.75,residential,India
1,2021-02-16,452.82,residential,India
1,2021-02-17,454.59,residential,India
1,2021-02-18,432.28,residential,India
1,2021-02-19,460.31,residential,India
1,2021-02-20,473.45,residential,India
1,2021-02-21,464.68,residential,India
1,2021-02-22,493.96,residential,India
1,2021-02-23,460.13,residential,India
1,2021-02-24,452.61,residential,India
1,2021-02-25,455.42,residential,India
1,2021-02-26,462.75,residential,India
1,2021-02-27,450.39,residential,India
1,2021-02-28,447.46,residential,India
1,2021-03-01,422.61,residential,India
1,2021-03-02,444.23,residential,India
1,2021-03-03,456.34,residential,India
1,2021-03-04,466.62,residential,India
1,2021-03-05,456.65,residential,India
1,2021-03-06,445.41,residential,India
1,2021-03-07,455.35,residential,India
1,2021-03-08,468.27,residential,India
1,2021-03-09,447.97,residential,India
1,2021-03-10,475.69,residential,India
1,2021-03-11,438.19,residential,India
1,2021-03-12,435.78,residential,India
1,2021-03-13,499.04,residential,India
1,2021-03-14,455.78,residential,India
1,2021-03-15,486.85,residential,India
1,2021-03-16,455.79,residential,India
1,2021-03-17,446.9,residential,India
1,2021-03-18,415.2,residential,India
1,2021-03-19,456.74,residential,India
1,2021-03-20,455.8,residential,India
1,2021-03-21,458.93,residential,India
1,2021-03-22,495.7,residential,India
1,2021-03-23,449.9,residential,India
1,2021-03-24,459.16,residential,India
1,2021-03-25,432.84,residential,India
1,2021-03-26,429.19,residential,India
1,2021-03-27,468.7,residential,India
1,2021-03-28,531.01,residential,India
1,2021-03-29,462.14,residential,India
1,2021-03-30,488.19,residential,India
1,2021-03-31,446.17,residential,India
1,2021-04-01,500.89,residential,India
1,2021-04-02,458.74,residential,India
1,2021-04-03,480.06,residential,India
1,2021-04-04,471.83,residential,India
1,2021-04-05,480.72,residential,India
1,2021-04-06,437.19,residential,India
1,2021-04-07,466.0,residential,India
1,2021-04-08,454.76,residential,India
1,2021-04-09,411.07,residential,India
1,2021-04-10,490.74,residential,India
1,2021-04-11,461.25,residential,India
1,2021-04-12,469.96,residential,India
1,2021-04-13,456.33,residential,India
1,2021-04-14,499.41,residential,India
1,2021-04-15,444.36,residential,India
1,2021-04-16,479.82,residential,India
1,2021-04-17,436.75,residential,India
1,2021-04-18,434.25,residential,India
1,2021-04-19,436.1,residential,India
1,2021-04-20,454.27,residential,India
1,2021-04-21,453.67,residential,India
1,2021-04-22,479.17,residential,India
1,2021-04-23,432.39,residential,India
1,2021-04-24,431.66,residential,India
1,2021-04-25,475.1,residential,India
1,2021-04-26,448.28,residential,India
1,2021-04-27,449.19,residential,India
1,2021-04-28,450.2,residential,India
1,2021-04-29,479.27,residential,India
1,2021-04-30,464.08,residential,India
1,2021-05-01,498.41,residential,India
1,2021-05-02,445.22,residential,India
1,2021-05-03,465.55,residential,India
1,2021-05-04,456.75,residential,India
1,2021-05-05,432.12,residential,India
1,2021-05-06,441.92,residential,India
1,2021-05-07,458.71,residential,India
1,2021-05-08,426.56,residential,India
1,2021-05-09,432.16,residential,India
1,2021-05-10,466.91,residential,India
1,2021-05-11,482.15,residential,India
1,2021-05-12,470.65,residential,India
1,2021-05-13,473.8,residential,India
1,2021-05-14,434.86,residential,India
1,2021-05-15,461.44,residential,India
1,2021-05-16,465.28,residential,India
1,2021-05-17,421.68,residential,India
1,2021-05-18,463.04,residential,India
1,2021-05-19,485.52,residential,India
1,2021-05-20,471.84,residential,India
1,2021-05-21,439.25,residential,India
1,2021-05-22,467.46,residential,India
1,2021-05-23,482.62,residential,India
1,2021-05-24,470.14,residential,India
1,2021-05-25,443.73,residential,India
1,2021-05-26,475.9,residential,India
1,2021-05-27,453.6,residential,India
1,2021-05-28,457.18,residential,India
1,2021-05-29,470.31,residential,India
1,2021-05-30,458.78,residential,India
1,2021-05-31,468.48,residential,India
1,2021-06-01,475.16,residential,India
1,2021-06-02,458.34,residential,India
1,2021-06-03,469.79,residential,India
1,2021-06-04,447.1,residential,India
1,2021-06-05,458.21,residential,India
1,2021-06-06,446.35,residential,India
1,2021-06-07,464.91,residential,India
1,2021-06-08,464.48,residential,India
1,2021-06-09,444.77,residential,India
1,2021-06-10,450.74,residential,India
1,2021-06-11,472.05,residential,India
1,2021-06-12,445.63,residential,India
1,2021-06-13,430.33,residential,India
1,2021-06-14,470.54,residential,India
1,2021-06-15,420.73,residential,India
1,2021-06-16,436.57,residential,India
1,2021-06-17,446.34,residential,India
1,2021-06-18,474.49,residential,India
1,2021-06-19,454.5,residential,India
1,2021-06-20,450.51,residential,India
1,2021-06-21,433.82,residential,India
1,2021-06-22,472.29,residential,India
1,2021-06-23,447.19,residential,India
1,2021-06-24,437.95,residential,India
1,2021-06-25,429.79,residential,India
1,2021-06-26,410.66,residential,India
1,2021-06-27,461.28,residential,India
1,2021-06-28,423.86,residential,India
1,2021-06-29,405.97,residential,India
1,2021-06-30,439.03,residential,India
1,2021-07-01,469.04,residential,India
1,2021-07-02,468.19,residential,India
1,2021-07-03,445.55,residential,India
1,2021-07-04,457.61,residential,India
1,2021-07-05,474.67,residential,India
1,2021-07-06,451.85,residential,India
1,2021-07-07,499.04,residential,India
1,2021-07-08,448.71,residential,India
1,2021-07-09,465.77,residential,India
1,2021-07-10,447.85,residential,India
1,2021-07-11,424.31,residential,India
1,2021-07-12,440.46,residential,India
1,2021-07-13,464.38,residential,India
1,2021-07-14,421.7,residential,India
1,2021-07-15,445.02,residential,India
1,2021-07-16,459.11,residential,India
1,2021-07-17,455.03,residential,India
1,2021-07-18,454.47,residential,India
1,2021-07-19,435.59,residential,India
1,2021-07-20,469.92,residential,India
1,2021-07-21,407.73,residential,India
1,2021-07-22,488.13,residential,India
1,2021-07-23,451.32,residential,India
1,2021-07-24,431.24,residential,India
1,2021-07-25,447.71,residential,India
1,2021-07-26,461.75,residential,India
1,2021-07-27,462.44,residential,India
1,2021-07-28,457.82,residential,India
1,2021-07-29,478.6,residential,India
1,2021-07-30,442.96,residential,India
1,2021-07-31,435.96,residential,India
1,2021-08-01,448.16,residential,India
1,2021-08-02,430.34,residential,India
1,2021-08-03,439.93,residential,India
1,2021-08-04,438.09,residential,India
1,2021-08-05,491.48,residential,India
1,2021-08-06,444.53,residential,India
1,2021-08-07,445.71,residential,India
1,2021-08-08,413.51,residential,India
1,2021-08-09,457.26,residential,India
1,2021-08-10,470.29,residential,India
1,2021-08-11,477.07,residential,India
1,2021-08-12,442.27,residential,India
1,2021-08-13,426.75,residential,India
1,2021-08-14,426.2,residential,India
1,2021-08-15,450.26,residential,India
1,2021-08-16,450.48,residential,India
1,2021-08-17,450.87,residential,India
1,2021-08-18,461.38,residential,India
1,2021-08-19,445.47,residential,India
1,2021-08-20,451.59,residential,India
1,2021-08-21,450.8,residential,India
1,2021-08-22,430.79,residential,India
1,2021-08-23,455.37,residential,India
1,2021-08-24,411.81,residential,India
1,2021-08-25,471.31,residential,India
1,2021-08-26,456.96,residential,India
1,2021-08-27,441.69,residential,India
1,2021-08-28,431.53,residential,India
1,2021-08-29,453.89,residential,India
1,2021-08-30,469.49,residential,India
1,2021-08-31,436.63,residential,India
1,2021-09-01,427.06,residential,India
1,2021-09-02,426.85,residential,India
1,2021-09-03,422.14,residential,India
1,2021-09-04,442.48,residential,India
1,2021-09-05,463.82,residential,India
1,2021-09-06,493.92,residential,India
1,2021-09-07,448.92,residential,India
1,2021-09-08,435.12,residential,India
1,2021-09-09,434.46,residential,India
1,2021-09-10,453.42,residential,India
1,2021-09-11,455.14,residential,India
1,2021-09-12,430.69,residential,India
1,2021-09-13,466.51,residential,India
1,2021-09-14,442.44,residential,India
1,2021-09-15,398.13,residential,India
1,2021-09-16,399.51,residential,India
1,2021-09-17,469.98,residential,India
1,2021-09-18,430.26,residential,India
1,2021-09-19,430.34,residential,India
1,2021-09-20,450.51,residential,India
1,2021-09-21,433.07,residential,India
1,2021-09-22,449.98,residential,India
1,2021-09-23,442.75,residential,India
1,2021-09-24,424.2,residential,India
1,2021-09-25,441.88,residential,India
1,2021-09-26,432.57,residential,India
1,2021-09-27,439.37,residential,India
1,2021-09-28,420.59,residential,India
1,2021-09-29,424.16,residential,India
1,2021-09-30,434.24,residential,India
1,2021-10-01,446.89,residential,India
1,2021-10-02,421.05,residential,India
1,2021-10-03,422.56,residential,India
1,2021-10-04,471.69,residential,India
1,2021-10-05,443.54,residential,India
1,2021-10-06,462.95,residential,India
1,2021-10-07,429.72,residential,India
1,2021-10-08,447.51,residential,India
1,2021-10-09,445.55,residential,India
1,2021-10-10,458.08,residential,India
1,2021-10-11,421.23,residential,India
1,2021-10-12,409.66,residential,India
1,2021-10-13,426.6,residential,India
1,2021-10-14,416.17,residential,India
1,2021-10-15,422.08,residential,India
1,2021-10-16,435.8,residential,India
1,2021-10-17,444.25,residential,India
1,2021-10-18,427.18,residential,India
1,2021-10-19,425.34,residential,India
1,2021-10-20,446.22,residential,India
1,2021-10-21,453.08,residential,India
1,2021-10-22,461.77,residential,India
1,2021-10-23,422.64,residential,India
1,2021-10-24,465.27,residential,India
1,2021-10-25,429.63,residential,India
1,2021-10-26,460.61,residential,India
1,2021-10-27,421.67,residential,India
1,2021-10-28,454.7,residential,India
1,2021-10-29,462.68,residential,India
1,2021-10-30,442.04,residential,India
1,2021-10-31,479.61,residential,India
1,2021-11-01,463.58,residential,India
1,2021-11-02,443.8,residential,India
1,2021-11-03,435.98,residential,India
1,2021-11-04,426.7,residential,India
1,2021-11-05,442.41,residential,India
1,2021-11-06,439.24,residential,India
1,2021-11-07,448.7,residential,India
1,2021-11-08,434.7,residential,India
1,2021-11-09,406.56,residential,India
1,2021-11-10,437.57,residential,India
1,2021-11-11,452.07,residential,India
1,2021-11-12,429.18,residential,India
1,2021-11-13,450.49,residential,India
1,2021-11-14,412.36,residential,India
1,2021-11-15,411.66,residential,India
1,2021-11-16,431.68,residential,India
1,2021-11-17,401.77,residential,India
1,2021-11-18,470.15,residential,India
1,2021-11-19,426.57,residential,India
1,2021-11-20,447.88,residential,India
1,2021-11-21,441.23,residential,India
1,2021-11-22,437.97,residential,India
1,2021-11-23,422.93,residential,India
1,2021-11-24,443.37,residential,India
1,2021-11-25,457.54,residential,India
1,2021-11-26,449.98,residential,India
1,2021-11-27,411.02,residential,India
1,2021-11-28,425.95,residential,India
1,2021-11-29,436.19,residential,India
1,2021-11-30,399.65,residential,India
1,2021-12-01,452.02,residential,India
1,2021-12-02,437.09,residential,India
1,2021-12-03,424.68,residential,India
1,2021-12-04,434.9,residential,India
1,2021-12-05,436.27,residential,India
1,2021-12-06,425.71,residential,India
1,2021-12-07,411.78,residential,India
1,2021-12-08,453.15,residential,India
1,2021-12-09,417.26,residential,India
1,2021-12-10,429.03,residential,India
1,2021-12-11,453.99,residential,India
1,2021-12-12,406.85,residential,India
1,2021-12-13,435.79,residential,India
1,2021-12-14,419.28,residential,India
1,2021-12-15,398.38,residential,India
1,2021-12-16,389.64,residential,India
1,2021-12-17,404.88,residential,India
1,2021-12-18,418.38,residential,India
1,2021-12-19,432.3,residential,India
1,2021-12-20,448.14,residential,India
1,2021-12-21,377.09,residential,India
1,2021-12-22,462.15,residential,India
1,2021-12-23,444.35,residential,India
1,2021-12-24,435.23,residential,India
1,2021-12-25,432.46,residential,India
1,2021-12-26,452.56,residential,India
1,2021-12-27,415.91,residential,India
1,2021-12-28,437.95,residential,India
1,2021-12-29,373.86,residential,India
1,2021-12-30,441.25,residential,India
1,2021-12-31,396.15,residential,India
1,2022-01-01,452.54,residential,India
1,2022-01-02,402.14,residential,India
1,2022-01-03,425.15,residential,India
1,2022-01-04,448.53,residential,India
1,2022-01-05,420.0,residential,India
1,2022-01-06,431.45,residential,India
1,2022-01-07,404.19,residential,India
1,2022-01-08,443.43,residential,India
1,2022-01-09,417.58,residential,India
1,2022-01-10,414.54,residential,India
1,2022-01-11,406.46,residential,India
1,2022-01-12,430.67,residential,India
1,2022-01-13,432.05,residential,India
1,2022-01-14,409.42,residential,India
1,2022-01-15,433.23,residential,India
1,2022-01-16,452.74,residential,India
1,2022-01-17,476.82,residential,India
1,2022-01-18,426.87,residential,India
1,2022-01-19,397.94,residential,India
1,2022-01-20,389.92,residential,India
1,2022-01-21,431.54,residential,India
1,2022-01-22,424.64,residential,India
1,2022-01-23,430.73,residential,India
1,2022-01-24,460.98,residential,India
1,2022-01-25,401.26,residential,India
1,2022-01-26,406.51,residential,India
1,2022-01-27,431.32,residential,India
1,2022-01-28,440.89,residential,India
1,2022-01-29,410.67,residential,India
1,2022-01-30,434.94,residential,India
1,2022-01-31,412.4,residential,India
1,2022-02-01,416.52,residential,India
1,2022-02-02,427.53,residential,India
1,2022-02-03,415.05,residential,India
1,2022-02-04,421.95,residential,India
1,2022-02-05,454.66,residential,India
1,2022-02-06,434.9,residential,India
1,2022-02-07,415.56,residential,India
1,2022-02-08,425.82,residential,India
1,2022-02-09,444.9,residential,India
1,2022-02-10,451.12,residential,India
1,2022-02-11,403.14,residential,India
1,2022-02-12,434.13,residential,India
1,2022-02-13,417.95,residential,India
1,2022-02-14,430.79,residential,India
1,2022-02-15,389.46,residential,India
1,2022-02-16,430.07,residential,India
1,2022-02-17,419.76,residential,India
1,2022-02-18,426.68,residential,India
1,2022-02-19,421.29,residential,India
1,2022-02-20,440.16,residential,India
1,2022-02-21,395.78,residential,India
1,2022-02-22,412.87,residential,India
1,2022-02-23,437.26,residential,India
1,2022-02-24,373.86,residential,India
1,2022-02-25,420.21,residential,India
1,2022-02-26,363.62,residential,India
1,2022-02-27,370.44,residential,India
1,2022-02-28,423.35,residential,India
1,2022-03-01,441.66,residential,India
1,2022-03-02,435.45,residential,India
1,2022-03-03,403.95,residential,India
1,2022-03-04,446.97,residential,India
1,2022-03-05,415.17,residential,India
1,2022-03-06,424.25,residential,India
1,2022-03-07,426.74,residential,India
1,2022-03-08,436.38,residential,India
1,2022-03-09,432.74,residential,India
1,2022-03-10,447.31,residential,India
1,2022-03-11,420.03,residential,India
1,2022-03-12,422.53,residential,India
1,2022-03-13,429.77,residential,India
1,2022-03-14,397.96,residential,India
1,2022-03-15,407.72,residential,India
1,2022-03-16,385.23,residential,India
1,2022-03-17,376.46,residential,India
1,2022-03-18,398.67,residential,India
1,2022-03-19,404.62,residential,India
1,2022-03-20,400.62,residential,India
1,2022-03-21,438.6,residential,India
1,2022-03-22,455.64,residential,India
1,2022-03-23,380.96,residential,India
1,2022-03-24,406.7,residential,India
1,2022-03-25,376.3,residential,India
1,2022-03-26,421.56,residential,India
1,2022-03-27,395.16,residential,India
1,2022-03-28,451.7,residential,India
1,2022-03-29,449.72,residential,India
1,2022-03-30,387.71,residential,India
1,2022-03-31,396.24,residential,India
1,2022-04-01,393.35,residential,India
1,2022-04-02,427.48,residential,India
1,2022-04-03,417.05,residential,India
1,2022-04-04,400.86,residential,India
1,2022-04-05,393.35,residential,India
1,2022-04-06,399.99,residential,India
1,2022-04-07,383.39,residential,India
1,2022-04-08,443.95,residential,India
1,2022-04-09,400.43,residential,India
1,2022-04-10,403.44,residential,India
1,2022-04-11,419.36,residential,India
1,2022-04-12,403.92,residential,India
1,2022-04-13,429.14,residential,India
1,2022-04-14,423.76,residential,India
1,2022-04-15,419.64,residential,India
1,2022-04-16,380.81,residential,India
1,2022-04-17,385.18,residential,India
1,2022-04-18,410.48,residential,India
1,2022-04-19,414.39,residential,India
1,2022-04-20,415.35,residential,India
1,2022-04-21,402.61,residential,India
1,2022-04-22,414.21,residential,India
1,2022-04-23,362.66,residential,India
1,2022-04-24,397.24,residential,India
1,2022-04-25,417.59,residential,India
1,2022-04-26,400.17,residential,India
1,2022-04-27,396.55,residential,India
1,2022-04-28,430.58,residential,India
1,2022-04-29,443.2,residential,India
1,2022-04-30,405.89,residential,India
1,2022-05-01,401.33,residential,India
1,2022-05-02,431.12,residential,India
1,2022-05-03,388.65,residential,India
1,2022-05-04,411.68,residential,India
1,2022-05-05,434.35,residential,India
1,2022-05-06,393.15,residential,India
1,2022-05-07,380.96,residential,India
1,2022-05-08,392.08,residential,India
1,2022-05-09,394.68,residential,India
1,2022-05-10,395.47,residential,India
1,2022-05-11,390.27,residential,India
1,2022-05-12,413.14,residential,India
1,2022-05-13,443.92,residential,India
1,2022-05-14,418.89,residential,India
1,2022-05-15,394.29,residential,India
1,2022-05-16,415.58,residential,India
1,2022-05-17,448.9,residential,India
1,2022-05-18,407.16,residential,India
1,2022-05-19,381.27,residential,India
1,2022-05-20,393.76,residential,India
1,2022-05-21,372.27,residential,India
1,2022-05-22,410.49,residential,India
1,2022-05-23,379.03,residential,India
1,2022-05-24,388.28,residential,India
1,2022-05-25,411.61,residential,India
1,2022-05-26,413.87,residential,India
1,2022-05-27,415.89,residential,India
1,2022-05-28,395.58,residential,India
1,2022-05-29,393.68,residential,India
1,2022-05-30,420.11,residential,India
1,2022-05-31,408.06,residential,India
1,2022-06-01,365.2,residential,India
1,2022-06-02,400.13,residential,India
1,2022-06-03,396.04,residential,India
1,2022-06-04,385.24,residential,India
1,2022-06-05,420.26,residential,India
1,2022-06-06,358.86,residential,India
1,2022-06-07,448.94,residential,India
1,2022-06-08,381.96,residential,India
1,2022-06-09,398.18,residential,India
1,2022-06-10,406.93,residential,India
1,2022-06-11,375.97,residential,India
1,2022-06-12,408.77,residential,India
1,2022-06-13,370.31,residential,India
1,2022-06-14,383.0,residential,India
1,2022-06-15,406.3,residential,India
1,2022-06-16,360.63,residential,India
1,2022-06-17,379.37,residential,India
1,2022-06-18,377.36,residential,India
1,2022-06-19,410.24,residential,India
1,2022-06-20,396.0,residential,India
1,2022-06-21,362.43,residential,India
1,2022-06-22,417.68,residential,India
1,2022-06-23,393.03,residential,India
1,2022-06-24,384.18,residential,India
1,2022-06-25,388.87,residential,India
1,2022-06-26,421.46,residential,India
1,2022-06-27,404.6,residential,India
1,2022-06-28,367.13,residential,India
1,2022-06-29,358.3,residential,India
1,2022-06-30,417.4,residential,India
1,2022-07-01,402.88,residential,India
1,2022-07-02,391.45,residential,India
1,2022-07-03,398.94,residential,India
1,2022-07-04,391.23,residential,India
1,2022-07-05,389.74,residential,India
1,2022-07-06,406.1,residential,India
1,2022-07-07,385.85,residential,India
1,2022-07-08,393.88,residential,India
1,2022-07-09,371.58,residential,India
1,2022-07-10,374.22,residential,India
1,2022-07-11,414.34,residential,India
1,2022-07-12,446.3,residential,India
1,2022-07-13,393.39,residential,India
1,2022-07-14,364.52,residential,India
1,2022-07-15,405.25,residential,India
1,2022-07-16,395.74,residential,India
1,2022-07-17,389.44,residential,India
1,2022-07-18,442.21,residential,India
1,2022-07-19,398.12,residential,India
1,2022-07-20,369.09,residential,India
1,2022-07-21,378.55,residential,India
1,2022-07-22,425.04,residential,India
1,2022-07-23,394.77,residential,India
1,2022-07-24,374.54,residential,India
1,2022-07-25,417.93,residential,India
1,2022-07-26,389.71,residential,India
1,2022-07-27,371.62,residential,India
1,2022-07-28,363.61,residential,India
1,2022-07-29,376.02,residential,India
1,2022-07-30,402.42,residential,India
1,2022-07-31,409.8,residential,India
1,2022-08-01,400.26,residential,India
1,2022-08-02,393.14,residential,India
1,2022-08-03,388.25,residential,India
1,2022-08-04,370.03,residential,India
1,2022-08-05,405.84,residential,India
1,2022-08-06,353.61,residential,India
1,2022-08-07,387.28,residential,India
1,2022-08-08,401.25,residential,India
1,2022-08-09,378.38,residential,India
1,2022-08-10,334.84,residential,India
1,2022-08-11,378.06,residential,India
1,2022-08-12,382.79,residential,India
1,2022-08-13,407.03,residential,India
1,2022-08-14,406.06,residential,India
1,2022-08-15,421.59,residential,India
1,2022-08-16,392.07,residential,India
1,2022-08-17,410.04,residential,India
1,2022-08-18,375.11,residential,India
1,2022-08-19,395.76,residential,India
1,2022-08-20,385.25,residential,India
1,2022-08-21,371.53,residential,India
1,2022-08-22,398.67,residential,India
1,2022-08-23,388.57,residential,India
1,2022-08-24,387.8,residential,India
1,2022-08-25,396.12,residential,India
1,2022-08-26,390.39,residential,India
1,2022-08-27,404.52,residential,India
1,2022-08-28,402.24,residential,India
1,2022-08-29,402.55,residential,India
1,2022-08-30,403.46,residential,India
1,2022-08-31,360.1,residential,India
1,2022-09-01,385.99,residential,India
1,2022-09-02,354.48,residential,India
1,2022-09-03,400.18,residential,India
1,2022-09-04,353.27,residential,India
1,2022-09-05,397.3,residential,India
1,2022-09-06,360.51,residential,India
1,2022-09-07,382.71,residential,India
1,2022-09-08,396.92,residential,India
1,2022-09-09,385.74,residential,India
1,2022-09-10,402.72,residential,India
1,2022-09-11,396.18,residential,India
1,2022-09-12,379.64,residential,India
1,2022-09-13,397.3,residential,India
1,2022-09-14,384.24,residential,India
1,2022-09-15,387.73,residential,India
1,2022-09-16,384.34,residential,India
1,2022-09-17,410.24,residential,India
1,2022-09-18,387.88,residential,India
1,2022-09-19,374.5,residential,India
1,2022-09-20,385.06,residential,India
1,2022-09-21,342.57,residential,India
1,2022-09-22,389.56,residential,India
1,2022-09-23,412.01,residential,India
1,2022-09-24,394.65,residential,India
1,2022-09-25,379.76,residential,India
1,2022-09-26,388.97,residential,India
1,2022-09-27,410.6,residential,India
1,2022-09-28,369.45,residential,India
1,2022-09-29,406.98,residential,India
1,2022-09-30,376.87,residential,India
1,2022-10-01,361.97,residential,India
1,2022-10-02,346.47,residential,India
1,2022-10-03,399.14,residential,India
1,2022-10-04,355.65,residential,India
1,2022-10-05,350.84,residential,India
1,2022-10-06,377.68,residential,India
1,2022-10-07,370.76,residential,India
1,2022-10-08,373.8,residential,India
1,2022-10-09,367.11,residential,India
1,2022-10-10,355.31,residential,India
1,2022-10-11,400.77,residential,India
1,2022-10-12,344.32,residential,India
1,2022-10-13,394.81,residential,India
1,2022-10-14,386.37,residential,India
1,2022-10-15,367.79,residential,India
1,2022-10-16,399.7,residential,India
1,2022-10-17,386.51,residential,India
1,2022-10-18,382.59,residential,India
1,2022-10-19,353.49,residential,India
1,2022-10-20,416.7,residential,India
1,2022-10-21,372.8,residential,India
1,2022-10-22,386.67,residential,India
1,2022-10-23,396.15,residential,India
1,2022-10-24,391.73,residential,India
1,2022-10-25,425.07,residential,India
1,2022-10-26,399.15,residential,India
1,2022-10-27,387.71,residential,India
1,2022-10-28,344.42,residential,India
1,2022-10-29,383.12,residential,India
1,2022-10-30,385.87,residential,India
1,2022-10-31,347.34,residential,India
1,2022-11-01,324.5,residential,India
1,2022-11-02,382.68,residential,India
1,2022-11-03,420.5,residential,India
1,2022-11-04,346.67,residential,India
1,2022-11-05,376.03,residential,India
1,2022-11-06,407.97,residential,India
1,2022-11-07,384.71,residential,India
1,2022-11-08,369.48,residential,India
1,2022-11-09,374.51,residential,India
1,2022-11-10,429.46,residential,India
1,2022-11-11,360.68,residential,India
1,2022-11-12,410.12,residential,India
1,2022-11-13,381.78,residential,India
1,2022-11-14,366.88,residential,India
1,2022-11-15,366.0,residential,India
1,2022-11-16,349.82,residential,India
1,2022-11-17,370.21,residential,India
1,2022-11-18,369.54,residential,India
1,2022-11-19,359.0,residential,India
1,2022-11-20,394.38,residential,India
1,2022-11-21,358.95,residential,India
1,2022-11-22,400.74,residential,India
1,2022-11-23,355.95,residential,India
1,2022-11-24,382.74,residential,India
1,2022-11-25,362.41,residential,India
1,2022-11-26,400.8,residential,India
1,2022-11-27,411.02,residential,India
1,2022-11-28,375.31,residential,India
1,2022-11-29,391.6,residential,India
1,2022-11-30,371.43,residential,India
1,2022-12-01,357.67,residential,India
1,2022-12-02,376.48,residential,India
1,2022-12-03,383.19,residential,India
1,2022-12-04,349.85,residential,India
1,2022-12-05,384.86,residential,India
1,2022-12-06,395.83,residential,India
1,2022-12-07,370.62,residential,India
1,2022-12-08,338.05,residential,India
1,2022-12-09,376.76,residential,India
1,2022-12-10,395.19,residential,India
1,2022-12-11,394.13,residential,India
1,2022-12-12,368.0,residential,India
1,2022-12-13,395.96,residential,India
1,2022-12-14,405.56,residential,India
1,2022-12-15,331.93,residential,India
1,2022-12-16,386.15,residential,India
1,2022-12-17,404.02,residential,India
1,2022-12-18,378.54,residential,India
1,2022-12-19,362.0,residential,India
1,2022-12-20,386.5,residential,India
1,2022-12-21,361.48,residential,India
1,2022-12-22,383.28,residential,India
1,2022-12-23,395.49,residential,India
1,2022-12-24,394.06,residential,India
1,2022-12-25,412.47,residential,India
1,2022-12-26,385.65,residential,India
1,2022-12-27,389.89,residential,India
1,2022-12-28,379.78,residential,India
1,2022-12-29,362.3,residential,India
1,2022-12-30,376.86,residential,India
1,2022-12-31,369.68,residential,India
1,2023-01-01,368.53,residential,India
1,2023-01-02,351.77,residential,India
1,2023-01-03,369.5,residential,India
1,2023-01-04,387.91,residential,India
1,2023-01-05,393.22,residential,India
1,2023-01-06,344.5,residential,India
1,2023-01-07,370.81,residential,India
1,2023-01-08,364.62,residential,India
1,2023-01-09,353.99,residential,India
1,2023-01-10,358.93,residential,India
1,2023-01-11,360.22,residential,India
1,2023-01-12,392.46,residential,India
1,2023-01-13,381.42,residential,India
1,2023-01-14,378.59,residential,India
1,2023-01-15,380.49,residential,India
1,2023-01-16,405.8,residential,India
1,2023-01-17,408.75,residential,India
1,2023-01-18,344.49,residential,India
1,2023-01-19,397.31,residential,India
1,2023-01-20,390.77,residential,India
1,2023-01-21,388.99,residential,India
1,2023-01-22,371.4,residential,India
1,2023-01-23,365.39,residential,India
1,2023-01-24,386.45,residential,India
1,2023-01-25,386.42,residential,India
1,2023-01-26,367.92,residential,India
1,2023-01-27,363.36,residential,India
1,2023-01-28,367.44,residential,India
1,2023-01-29,364.71,residential,India
1,2023-01-30,412.47,residential,India
1,2023-01-31,352.59,residential,India
1,2023-02-01,384.3,residential,India
1,2023-02-02,410.18,residential,India
1,2023-02-03,362.33,residential,India
1,2023-02-04,366.81,residential,India
1,2023-02-05,402.25,residential,India
1,2023-02-06,389.42,residential,India
1,2023-02-07,383.01,residential,India
1,2023-02-08,379.21,residential,India
1,2023-02-09,372.33,residential,India
1,2023-02-10,376.32,residential,India
1,2023-02-11,388.12,residential,India
1,2023-02-12,383.94,residential,India
1,2023-02-13,402.94,residential,India
1,2023-02-14,344.58,residential,India
1,2023-02-15,378.87,residential,India
1,2023-02-16,400.4,residential,India
1,2023-02-17,370.65,residential,India
1,2023-02-18,366.7,residential,India
1,2023-02-19,376.78,residential,India
1,2023-02-20,364.45,residential,India
1,2023-02-21,361.48,residential,India
1,2023-02-22,381.33,residential,India
1,2023-02-23,382.58,residential,India
1,2023-02-24,359.94,residential,India
1,2023-02-25,387.32,residential,India
1,2023-02-26,367.77,residential,India
1,2023-02-27,399.07,residential,India
1,2023-02-28,406.18,residential,India
1,2023-03-01,366.71,residential,India
1,2023-03-02,371.31,residential,India
1,2023-03-03,376.78,residential,India
1,2023-03-04,386.42,residential,India
1,2023-03-05,412.57,residential,India
1,2023-03-06,345.87,residential,India
1,2023-03-07,385.82,residential,India
1,2023-03-08,434.87,residential,India
1,2023-03-09,385.68,residential,India
1,2023-03-10,367.72,residential,India
1,2023-03-11,384.06,residential,India
1,2023-03-12,386.64,residential,India
1,2023-03-13,402.78,residential,India
1,2023-03-14,348.97,residential,India
1,2023-03-15,392.45,residential,India
1,2023-03-16,371.62,residential,India
1,2023-03-17,372.41,residential,India
1,2023-03-18,378.5,residential,India
1,2023-03-19,356.04,residential,India
1,2023-03-20,405.46,residential,India
1,2023-03-21,405.12,residential,India
1,2023-03-22,382.94,residential,India
1,2023-03-23,394.17,residential,India
1,2023-03-24,399.14,residential,India
1,2023-03-25,379.02,residential,India
1,2023-03-26,327.64,residential,India
1,2023-03-27,379.62,residential,India
1,2023-03-28,398.26,residential,India
1,2023-03-29,396.48,residential,India
1,2023-03-30,398.51,residential,India
1,2023-03-31,389.77,residential,India
1,2023-04-01,423.0,residential,India
1,2023-04-02,381.15,residential,India
1,2023-04-03,383.71,residential,India
1,2023-04-04,368.04,residential,India
1,2023-04-05,395.42,residential,India
1,2023-04-06,401.96,residential,India
1,2023-04-07,368.19,residential,India
1,2023-04-08,355.97,residential,India
1,2023-04-09,362.82,residential,India
1,2023-04-10,355.81,residential,India
1,2023-04-11,361.67,residential,India
1,2023-04-12,401.92,residential,India
1,2023-04-13,435.14,residential,India
1,2023-04-14,371.37,residential,India
1,2023-04-15,357.59,residential,India
1,2023-04-16,387.24,residential,India
1,2023-04-17,365.18,residential,India
1,2023-04-18,372.78,residential,India
1,2023-04-19,340.57,residential,India
1,2023-04-20,368.46,residential,India
1,2023-04-21,389.2,residential,India
1,2023-04-22,390.54,residential,India
1,2023-04-23,393.93,residential,India
1,2023-04-24,359.57,residential,India
1,2023-04-25,363.19,residential,India
1,2023-04-26,378.16,residential,India
1,2023-04-27,393.01,residential,India
1,2023-04-28,414.65,residential,India
1,2023-04-29,372.18,residential,India
1,2023-04-30,351.87,residential,India
1,2023-05-01,402.69,residential,India
1,2023-05-02,409.6,residential,India
1,2023-05-03,389.4,residential,India
1,2023-05-04,420.25,residential,India
1,2023-05-05,402.84,residential,India
1,2023-05-06,356.41,residential,India
1,2023-05-07,373.06,residential,India
1,2023-05-08,388.09,residential,India
1,2023-05-09,395.49,residential,India
1,2023-05-10,394.49,residential,India
1,2023-05-11,410.52,residential,India
1,2023-05-12,399.53,residential,India
1,2023-05-13,373.2,residential,India
1,2023-05-14,397.72,residential,India
1,2023-05-15,411.76,residential,India
1,2023-05-16,419.67,residential,India
1,2023-05-17,395.63,residential,India
1,2023-05-18,423.51,residential,India
1,2023-05-19,398.8,residential,India
1,2023-05-20,422.0,residential,India
1,2023-05-21,398.45,residential,India
1,2023-05-22,360.44,residential,India
1,2023-05-23,398.1,residential,India
1,2023-05-24,384.98,residential,India
1,2023-05-25,361.22,residential,India
1,2023-05-26,408.82,residential,India
1,2023-05-27,388.91,residential,India
1,2023-05-28,363.96,residential,India
1,2023-05-29,389.52,residential,India
1,2023-05-30,398.04,residential,India
1,2023-05-31,393.04,residential,India
1,2023-06-01,372.76,residential,India
1,2023-06-02,389.51,residential,India
1,2023-06-03,391.6,residential,India
1,2023-06-04,388.19,residential,India
1,2023-06-05,389.71,residential,India
1,2023-06-06,381.86,residential,India
1,2023-06-07,370.5,residential,India
1,2023-06-08,369.61,residential,India
1,2023-06-09,374.43,residential,India
1,2023-06-10,401.98,residential,India
1,2023-06-11,418.91,residential,India
1,2023-06-12,391.85,residential,India
1,2023-06-13,373.64,residential,India
1,2023-06-14,368.99,residential,India
1,2023-06-15,420.21,residential,India
1,2023-06-16,420.82,residential,India
1,2023-06-17,395.52,residential,India
1,2023-06-18,390.57,residential,India
1,2023-06-19,409.74,residential,India
1,2023-06-20,393.16,residential,India
1,2023-06-21,378.23,residential,India
1,2023-06-22,368.37,residential,India
1,2023-06-23,397.15,residential,India
1,2023-06-24,409.73,residential,India
1,2023-06-25,381.97,residential,India
1,2023-06-26,414.66,residential,India
1,2023-06-27,403.46,residential,India
1,2023-06-28,397.31,residential,India
1,2023-06-29,418.82,residential,India
1,2023-06-30,424.16,residential,India
1,2023-07-01,365.66,residential,India
1,2023-07-02,390.41,residential,India
1,2023-07-03,409.21,residential,India
1,2023-07-04,379.32,residential,India
1,2023-07-05,389.12,residential,India
1,2023-07-06,406.39,residential,India
1,2023-07-07,388.06,residential,India
1,2023-07-08,392.67,residential,India
1,2023-07-09,397.04,residential,India
1,2023-07-10,406.9,residential,India
1,2023-07-11,360.34,residential,India
1,2023-07-12,406.15,residential,India
1,2023-07-13,358.77,residential,India
1,2023-07-14,381.39,residential,India
1,2023-07-15,396.97,residential,India
1,2023-07-16,407.16,residential,India
1,2023-07-17,390.04,residential,India
1,2023-07-18,404.06,residential,India
1,2023-07-19,429.71,residential,India
1,2023-07-20,401.36,residential,India
1,2023-07-21,406.2,residential,India
1,2023-07-22,398.86,residential,India
1,2023-07-23,385.3,residential,India
1,2023-07-24,394.74,residential,India
1,2023-07-25,395.53,residential,India
1,2023-07-26,413.53,residential,India
1,2023-07-27,372.94,residential,India
1,2023-07-28,390.44,residential,India
1,2023-07-29,401.33,residential,India
1,2023-07-30,402.81,residential,India
1,2023-07-31,390.78,residential,India
1,2023-08-01,425.85,residential,India
1,2023-08-02,429.84,residential,India
1,2023-08-03,392.45,residential,India
1,2023-08-04,378.95,residential,India
1,2023-08-05,365.62,residential,India
1,2023-08-06,396.3,residential,India
1,2023-08-07,353.8,residential,India
1,2023-08-08,404.89,residential,India
1,2023-08-09,376.58,residential,India
1,2023-08-10,403.22,residential,India
1,2023-08-11,383.7,residential,India
1,2023-08-12,386.85,residential,India
1,2023-08-13,414.13,residential,India
1,2023-08-14,421.29,residential,India
1,2023-08-15,401.24,residential,India
1,2023-08-16,372.9,residential,India
1,2023-08-17,421.39,residential,India
1,2023-08-18,440.36,residential,India
1,2023-08-19,420.86,residential,India
1,2023-08-20,440.42,residential,India
1,2023-08-21,420.62,residential,India
1,2023-08-22,416.84,residential,India
1,2023-08-23,395.11,residential,India
1,2023-08-24,422.31,residential,India
1,2023-08-25,419.84,residential,India
1,2023-08-26,435.14,residential,India
1,2023-08-27,397.69,residential,India
1,2023-08-28,418.26,residential,India
1,2023-08-29,416.22,residential,India
1,2023-08-30,417.1,residential,India
1,2023-08-31,423.55,residential,India
1,2023-09-01,440.53,residential,India
1,2023-09-02,434.84,residential,India
1,2023-09-03,419.39,residential,India
1,2023-09-04,408.76,residential,India
1,2023-09-05,416.06,residential,India
1,2023-09-06,400.42,residential,India
1,2023-09-07,373.23,residential,India
1,2023-09-08,414.59,residential,India
1,2023-09-09,406.05,residential,India
1,2023-09-10,439.37,residential,India
1,2023-09-11,415.11,residential,India
1,2023-09-12,438.98,residential,India
1,2023-09-13,404.36,residential,India
1,2023-09-14,399.68,residential,India
1,2023-09-15,436.59,residential,India
1,2023-09-16,422.45,residential,India
1,2023-09-17,411.9,residential,India
1,2023-09-18,408.89,residential,India
1,2023-09-19,413.53,residential,India
1,2023-09-20,419.78,residential,India
1,2023-09-21,394.13,residential,India
1,2023-09-22,422.3,residential,India
1,2023-09-23,388.83,residential,India
1,2023-09-24,426.36,residential,India
1,2023-09-25,395.05,residential,India
1,2023-09-26,389.6,residential,India
1,2023-09-27,412.38,residential,India
1,2023-09-28,435.59,residential,India
1,2023-09-29,391.48,residential,India
1,2023-09-30,432.79,residential,India
1,2023-10-01,408.15,residential,India
1,2023-10-02,432.91,residential,India
1,2023-10-03,409.84,residential,India
1,2023-10-04,440.85,residential,India
1,2023-10-05,419.38,residential,India
1,2023-10-06,471.67,residential,India
1,2023-10-07,437.72,residential,India
1,2023-10-08,404.09,residential,India
1,2023-10-09,387.4,residential,India
1,2023-10-10,448.57,residential,India
1,2023-10-11,409.56,residential,India
1,2023-10-12,459.78,residential,India
1,2023-10-13,395.01,residential,India
1,2023-10-14,423.7,residential,India
1,2023-10-15,430.87,residential,India
1,2023-10-16,409.89,residential,India
1,2023-10-17,395.84,residential,India
1,2023-10-18,388.6,residential,India
1,2023-10-19,404.06,residential,India
1,2023-10-20,409.68,residential,India
1,2023-10-21,380.28,residential,India
1,2023-10-22,406.31,residential,India
1,2023-10-23,401.63,residential,India
1,2023-10-24,426.04,residential,India
1,2023-10-25,409.23,residential,India
1,2023-10-26,386.61,residential,India
1,2023-10-27,434.22,residential,India
1,2023-10-28,464.64,residential,India
1,2023-10-29,432.69,residential,India
1,2023-10-30,437.35,residential,India
1,2023-10-31,415.29,residential,India
1,2023-11-01,441.66,residential,India
1,2023-11-02,359.56,residential,India
1,2023-11-03,430.07,residential,India
1,2023-11-04,437.48,residential,India
1,2023-11-05,416.89,residential,India
1,2023-11-06,415.94,residential,India
1,2023-11-07,431.95,residential,India
1,2023-11-08,428.53,residential,India
1,2023-11-09,411.05,residential,India
1,2023-11-10,402.39,residential,India
1,2023-11-11,395.54,residential,India
1,2023-11-12,426.23,residential,India
1,2023-11-13,439.29,residential,India
1,2023-11-14,414.78,residential,India
1,2023-11-15,432.11,residential,India
1,2023-11-16,413.45,residential,India
1,2023-11-17,430.72,residential,India
1,2023-11-18,385.15,residential,India
1,2023-11-19,427.03,residential,India
1,2023-11-20,399.05,residential,India
1,2023-11-21,446.51,residential,India
1,2023-11-22,403.75,residential,India
1,2023-11-23,403.69,residential,India
1,2023-11-24,431.02,residential,India
1,2023-11-25,441.42,residential,India
1,2023-11-26,447.83,residential,India
1,2023-11-27,417.0,residential,India
1,2023-11-28,449.18,residential,India
1,2023-11-29,404.33,residential,India
1,2023-11-30,405.57,residential,India
1,2023-12-01,441.91,residential,India
1,2023-12-02,444.49,residential,India
1,2023-12-03,406.81,residential,India
1,2023-12-04,441.59,residential,India
1,2023-12-05,439.66,residential,India
1,2023-12-06,417.33,residential,India
1,2023-12-07,419.04,residential,India
1,2023-12-08,425.17,residential,India
1,2023-12-09,400.7,residential,India
1,2023-12-10,428.67,residential,India
1,2023-12-11,408.67,residential,India
1,2023-12-12,444.19,residential,India
1,2023-12-13,400.56,residential,India
1,2023-12-14,400.06,residential,India
1,2023-12-15,445.69,residential,India
1,2023-12-16,405.52,residential,India
1,2023-12-17,389.68,residential,India
1,2023-12-18,424.5,residential,India
1,2023-12-19,425.78,residential,India
1,2023-12-20,438.17,residential,India
1,2023-12-21,454.48,residential,India
1,2023-12-22,425.46,residential,India
1,2023-12-23,407.82,residential,India
1,2023-12-24,432.75,residential,India
1,2023-12-25,416.65,residential,India
1,2023-12-26,417.02,residential,India
1,2023-12-27,425.49,residential,India
1,2023-12-28,424.59,residential,India
1,2023-12-29,454.0,residential,India
1,2023-12-30,427.42,residential,India
1,2023-12-31,400.67,residential,India
1,2024-01-01,437.12,residential,India
1,2024-01-02,446.8,residential,India
1,2024-01-03,421.76,residential,India
1,2024-01-04,412.67,residential,India
1,2024-01-05,386.83,residential,India
1,2024-01-06,419.77,residential,India
1,2024-01-07,412.89,residential,India
1,2024-01-08,418.97,residential,India
1,2024-01-09,456.02,residential,India
1,2024-01-10,402.52,residential,India
1,2024-01-11,432.72,residential,India
1,2024-01-12,436.36,residential,India
1,2024-01-13,433.56,residential,India
1,2024-01-14,440.04,residential,India
1,2024-01-15,404.55,residential,India
1,2024-01-16,430.85,residential,India
1,2024-01-17,442.5,residential,India
1,2024-01-18,466.58,residential,India
1,2024-01-19,436.12,residential,India
1,2024-01-20,437.98,residential,India
1,2024-01-21,432.39,residential,India
1,2024-01-22,452.74,residential,India
1,2024-01-23,420.81,residential,India
1,2024-01-24,433.97,residential,India
1,2024-01-25,425.87,residential,India
1,2024-01-26,405.63,residential,India
1,2024-01-27,438.84,residential,India
1,2024-01-28,452.45,residential,India
1,2024-01-29,392.49,residential,India
1,2024-01-30,439.36,residential,India
1,2024-01-31,453.16,residential,India
1,2024-02-01,429.8,residential,India
1,2024-02-02,416.17,residential,India
1,2024-02-03,432.07,residential,India
1,2024-02-04,424.86,residential,India
1,2024-02-05,426.23,residential,India
1,2024-02-06,432.72,residential,India
1,2024-02-07,440.68,residential,India
1,2024-02-08,432.81,residential,India
1,2024-02-09,414.77,residential,India
1,2024-02-10,434.09,residential,India
1,2024-02-11,431.53,residential,India
1,2024-02-12,420.44,residential,India
1,2024-02-13,458.09,residential,India
1,2024-02-14,453.29,residential,India
1,2024-02-15,456.09,residential,India
1,2024-02-16,458.7,residential,India
1,2024-02-17,430.54,residential,India
1,2024-02-18,428.09,residential,India
1,2024-02-19,425.94,residential,India
1,2024-02-20,440.16,residential,India
1,2024-02-21,444.82,residential,India
1,2024-02-22,416.86,residential,India
1,2024-02-23,433.19,residential,India
1,2024-02-24,410.32,residential,India
1,2024-02-25,465.09,residential,India
1,2024-02-26,421.75,residential,India
1,2024-02-27,467.7,residential,India
1,2024-02-28,443.53,residential,India
1,2024-02-29,467.74,residential,India
1,2024-03-01,442.63,residential,India
1,2024-03-02,431.29,residential,India
1,2024-03-03,451.62,residential,India
1,2024-03-04,428.76,residential,India
1,2024-03-05,433.62,residential,India
1,2024-03-06,450.79,residential,India
1,2024-03-07,469.06,residential,India
1,2024-03-08,436.86,residential,India
1,2024-03-09,441.09,residential,India
1,2024-03-10,436.97,residential,India
1,2024-03-11,464.55,residential,India
1,2024-03-12,461.19,residential,India
1,2024-03-13,441.46,residential,India
1,2024-03-14,443.34,residential,India
1,2024-03-15,391.21,residential,India
1,2024-03-16,446.4,residential,India
1,2024-03-17,466.13,residential,India
1,2024-03-18,488.79,residential,India
1,2024-03-19,462.38,residential,India
1,2024-03-20,448.13,residential,India
1,2024-03-21,447.83,residential,India
1,2024-03-22,447.39,residential,India
1,2024-03-23,468.52,residential,India
1,2024-03-24,468.4,residential,India
1,2024-03-25,448.24,residential,India
1,2024-03-26,444.53,residential,India
1,2024-03-27,440.69,residential,India
1,2024-03-28,450.67,residential,India
1,2024-03-29,482.26,residential,India
1,2024-03-30,446.34,residential,India
1,2024-03-31,471.25,residential,India
1,2024-04-01,440.64,residential,India
1,2024-04-02,457.09,residential,India
1,2024-04-03,471.3,residential,India
1,2024-04-04,470.53,residential,India
1,2024-04-05,468.99,residential,India
1,2024-04-06,432.25,residential,India
1,2024-04-07,477.04,residential,India
1,2024-04-08,465.94,residential,India
1,2024-04-09,423.15,residential,India
1,2024-04-10,461.52,residential,India
1,2024-04-11,462.88,residential,India
1,2024-04-12,459.48,residential,India
1,2024-04-13,446.99,residential,India
1,2024-04-14,443.01,residential,India
1,2024-04-15,458.42,residential,India
1,2024-04-16,468.96,residential,India
1,2024-04-17,459.35,residential,India
1,2024-04-18,451.74,residential,India
1,2024-04-19,458.33,residential,India
1,2024-04-20,440.92,residential,India
1,2024-04-21,433.61,residential,India
1,2024-04-22,496.63,residential,India
1,2024-04-23,453.94,residential,India
1,2024-04-24,468.4,residential,India
1,2024-04-25,461.48,residential,India
1,2024-04-26,472.8,residential,India
1,2024-04-27,431.38,residential,India
1,2024-04-28,456.81,residential,India
1,2024-04-29,452.1,residential,India
1,2024-04-30,462.29,residential,India
1,2024-05-01,446.88,residential,India
1,2024-05-02,427.77,residential,India
1,2024-05-03,461.02,residential,India
1,2024-05-04,460.26,residential,India
1,2024-05-05,444.42,residential,India
1,2024-05-06,448.75,residential,India
1,2024-05-07,447.94,residential,India
1,2024-05-08,473.18,residential,India
1,2024-05-09,460.5,residential,India
1,2024-05-10,474.23,residential,India
1,2024-05-11,462.65,residential,India
1,2024-05-12,460.61,residential,India
1,2024-05-13,470.76,residential,India
1,2024-05-14,466.87,residential,India
1,2024-05-15,460.69,residential,India
1,2024-05-16,445.36,residential,India
1,2024-05-17,456.93,residential,India
1,2024-05-18,491.23,residential,India
1,2024-05-19,442.68,residential,India
1,2024-05-20,436.53,residential,India
1,2024-05-21,483.21,residential,India
1,2024-05-22,441.75,residential,India
1,2024-05-23,463.5,residential,India
1,2024-05-24,470.32,residential,India
1,2024-05-25,504.73,residential,India
1,2024-05-26,463.01,residential,India
1,2024-05-27,496.47,residential,India
1,2024-05-28,463.34,residential,India
1,2024-05-29,464.53,residential,India
1,2024-05-30,480.38,residential,India
1,2024-05-31,469.22,residential,India
1,2024-06-01,465.91,residential,India
1,2024-06-02,439.06,residential,India
1,2024-06-03,488.54,residential,India
1,2024-06-04,478.78,residential,India
1,2024-06-05,471.79,residential,India
1,2024-06-06,496.72,residential,India
1,2024-06-07,503.54,residential,India
1,2024-06-08,501.96,residential,India
1,2024-06-09,467.32,residential,India
1,2024-06-10,455.34,residential,India
1,2024-06-11,480.77,residential,India
1,2024-06-12,482.94,residential,India
1,2024-06-13,483.18,residential,India
1,2024-06-14,491.58,residential,India
1,2024-06-15,449.55,residential,India
1,2024-06-16,471.07,residential,India
1,2024-06-17,425.43,residential,India
1,2024-06-18,439.24,residential,India
1,2024-06-19,478.28,residential,India
1,2024-06-20,476.64,residential,India
1,2024-06-21,469.32,residential,India
1,2024-06-22,442.58,residential,India
1,2024-06-23,458.9,residential,India
1,2024-06-24,470.51,residential,India
1,2024-06-25,445.91,residential,India
1,2024-06-26,508.87,residential,India
1,2024-06-27,466.16,residential,India
1,2024-06-28,487.87,residential,India
1,2024-06-29,448.63,residential,India
1,2024-06-30,482.34,residential,India
1,2024-07-01,477.59,residential,India
1,2024-07-02,459.94,residential,India
1,2024-07-03,442.26,residential,India
1,2024-07-04,470.04,residential,India
1,2024-07-05,509.05,residential,India
1,2024-07-06,499.99,residential,India
1,2024-07-07,448.31,residential,India
1,2024-07-08,451.58,residential,India
1,2024-07-09,500.88,residential,India
1,2024-07-10,464.72,residential,India
1,2024-07-11,531.82,residential,India
1,2024-07-12,491.83,residential,India
1,2024-07-13,492.07,residential,India
1,2024-07-14,438.2,residential,India
1,2024-07-15,507.15,residential,India
1,2024-07-16,476.48,residential,India
1,2024-07-17,470.0,residential,India
1,2024-07-18,476.98,residential,India
1,2024-07-19,501.93,residential,India
1,2024-07-20,462.05,residential,India
1,2024-07-21,473.68,residential,India
1,2024-07-22,481.54,residential,India
1,2024-07-23,517.44,residential,India
1,2024-07-24,486.09,residential,India
1,2024-07-25,485.31,residential,India
1,2024-07-26,462.13,residential,India
1,2024-07-27,464.99,residential,India
1,2024-07-28,490.46,residential,India
1,2024-07-29,498.98,residential,India
1,2024-07-30,479.57,residential,India
1,2024-07-31,481.01,residential,India
1,2024-08-01,503.51,residential,India
1,2024-08-02,463.81,residential,India
1,2024-08-03,526.63,residential,India
1,2024-08-04,483.19,residential,India
1,2024-08-05,487.62,residential,India
1,2024-08-06,464.1,residential,India
1,2024-08-07,482.01,residential,India
1,2024-08-08,441.78,residential,India
1,2024-08-09,478.46,residential,India
1,2024-08-10,488.92,residential,India
1,2024-08-11,500.88,residential,India
1,2024-08-12,516.25,residential,India
1,2024-08-13,478.73,residential,India
1,2024-08-14,544.29,residential,India
1,2024-08-15,528.98,residential,India
1,2024-08-16,469.09,residential,India
1,2024-08-17,467.67,residential,India
1,2024-08-18,493.43,residential,India
1,2024-08-19,486.44,residential,India
1,2024-08-20,494.16,residential,India
1,2024-08-21,517.43,residential,India
1,2024-08-22,443.62,residential,India
1,2024-08-23,493.8,residential,India
1,2024-08-24,475.23,residential,India
1,2024-08-25,462.17,residential,India
1,2024-08-26,477.33,residential,India
1,2024-08-27,467.49,residential,India
1,2024-08-28,478.82,residential,India
1,2024-08-29,472.4,residential,India
1,2024-08-30,498.89,residential,India
1,2024-08-31,512.4,residential,India
1,2024-09-01,491.95,residential,India
1,2024-09-02,468.61,residential,India
1,2024-09-03,482.59,residential,India
1,2024-09-04,460.96,residential,India
1,2024-09-05,473.23,residential,India
1,2024-09-06,480.69,residential,India
1,2024-09-07,473.82,residential,India
1,2024-09-08,473.48,residential,India
1,2024-09-09,483.21,residential,India
1,2024-09-10,510.79,residential,India
1,2024-09-11,497.08,residential,India
1,2024-09-12,484.6,residential,India
1,2024-09-13,514.1,residential,India
1,2024-09-14,495.4,residential,India
1,2024-09-15,489.18,residential,India
1,2024-09-16,471.08,residential,India
1,2024-09-17,501.9,residential,India
1,2024-09-18,480.35,residential,India
1,2024-09-19,480.74,residential,India
1,2024-09-20,491.11,residential,India
1,2024-09-21,491.8,residential,India
1,2024-09-22,525.31,residential,India
1,2024-09-23,493.61,residential,India
1,2024-09-24,493.11,residential,India
1,2024-09-25,500.11,residential,India
1,2024-09-26,500.23,residential,India
1,2024-09-27,516.47,residential,India
1,2024-09-28,482.57,residential,India
1,2024-09-29,467.01,residential,India
1,2024-09-30,494.21,residential,India
1,2024-10-01,502.83,residential,India
1,2024-10-02,474.21,residential,India
1,2024-10-03,479.07,residential,India
1,2024-10-04,458.76,residential,India
1,2024-10-05,495.93,residential,India
1,2024-10-06,484.86,residential,India
1,2024-10-07,471.86,residential,India
1,2024-10-08,498.01,residential,India
1,2024-10-09,464.35,residential,India
1,2024-10-10,513.7,residential,India
1,2024-10-11,455.26,residential,India
1,2024-10-12,479.31,residential,India
1,2024-10-13,478.91,residential,India
1,2024-10-14,488.27,residential,India
1,2024-10-15,504.81,residential,India
1,2024-10-16,507.1,residential,India
1,2024-10-17,458.28,residential,India
1,2024-10-18,473.14,residential,India
1,2024-10-19,519.61,residential,India
1,2024-10-20,478.79,residential,India
1,2024-10-21,493.58,residential,India
1,2024-10-22,474.46,residential,India
1,2024-10-23,502.8,residential,India
1,2024-10-24,507.02,residential,India
1,2024-10-25,467.72,residential,India
1,2024-10-26,491.22,residential,India
1,2024-10-27,491.57,residential,India
1,2024-10-28,532.14,residential,India
1,2024-10-29,493.74,residential,India
1,2024-10-30,475.15,residential,India
1,2024-10-31,478.67,residential,India
1,2024-11-01,475.49,residential,India
1,2024-11-02,482.18,residential,India
1,2024-11-03,513.94,residential,India
1,2024-11-04,492.55,residential,India
1,2024-11-05,510.67,residential,India
1,2024-11-06,469.62,residential,India
1,2024-11-07,466.17,residential,India
1,2024-11-08,504.6,residential,India
1,2024-11-09,484.7,residential,India
1,2024-11-10,500.15,residential,India
1,2024-11-11,507.61,residential,India
1,2024-11-12,539.82,residential,India
1,2024-11-13,509.19,residential,India
1,2024-11-14,516.71,residential,India
1,2024-11-15,481.82,residential,India
1,2024-11-16,522.96,residential,India
1,2024-11-17,503.82,residential,India
1,2024-11-18,462.23,residential,India
1,2024-11-19,511.07,residential,India
1,2024-11-20,508.03,residential,India
1,2024-11-21,528.26,residential,India
1,2024-11-22,517.36,residential,India
1,2024-11-23,513.75,residential,India
1,2024-11-24,508.89,residential,India
1,2024-11-25,494.96,residential,India
1,2024-11-26,476.09,residential,India
1,2024-11-27,470.93,residential,India
1,2024-11-28,494.23,residential,India
1,2024-11-29,514.81,residential,India
1,2024-11-30,550.0,residential,India
1,2024-12-01,501.78,residential,India
1,2024-12-02,489.29,residential,India
1,2024-12-03,495.53,residential,India
1,2024-12-04,487.83,residential,India
1,2024-12-05,495.26,residential,India
1,2024-12-06,490.16,residential,India
1,2024-12-07,538.2,residential,India
1,2024-12-08,512.55,residential,India
1,2024-12-09,482.15,residential,India
1,2024-12-10,494.47,residential,India
1,2024-12-11,473.27,residential,India
1,2024-12-12,493.49,residential,India
1,2024-12-13,501.3,residential,India
1,2024-12-14,497.84,residential,India
1,2024-12-15,480.55,residential,India
1,2024-12-16,515.26,residential,India
1,2024-12-17,465.55,residential,India
1,2024-12-18,540.57,residential,India
1,2024-12-19,505.05,residential,India
1,2024-12-20,540.36,residential,India
1,2024-12-21,463.8,residential,India
1,2024-12-22,519.39,residential,India
1,2024-12-23,476.76,residential,India
1,2024-12-24,479.42,residential,India
1,2024-12-25,529.46,residential,India
1,2024-12-26,508.73,residential,India
1,2024-12-27,500.17,residential,India
1,2024-12-28,477.45,residential,India
1,2024-12-29,476.91,residential,India
1,2024-12-30,486.1,residential,India
1,2024-12-31,502.11,residential,India
1,2025-01-01,505.45,residential,India
1,2025-01-02,497.52,residential,India
1,2025-01-03,495.68,residential,India
1,2025-01-04,500.6,residential,India
1,2025-01-05,518.78,residential,India
1,2025-01-06,498.92,residential,India
1,2025-01-07,526.5,residential,India
1,2025-01-08,481.85,residential,India
1,2025-01-09,502.44,residential,India
1,2025-01-10,545.2,residential,India
1,2025-01-11,515.88,residential,India
1,2025-01-12,501.78,residential,India
1,2025-01-13,519.33,residential,India
1,2025-01-14,497.89,residential,India
1,2025-01-15,454.04,residential,India
1,2025-01-16,527.43,residential,India
1,2025-01-17,490.98,residential,India
1,2025-01-18,462.84,residential,India
1,2025-01-19,465.11,residential,India
1,2025-01-20,488.66,residential,India
1,2025-01-21,487.18,residential,India
1,2025-01-22,479.97,residential,India
1,2025-01-23,465.52,residential,India
1,2025-01-24,501.53,residential,India
1,2025-01-25,525.84,residential,India
1,2025-01-26,507.72,residential,India
1,2025-01-27,474.06,residential,India
1,2025-01-28,522.85,residential,India
1,2025-01-29,510.06,residential,India
1,2025-01-30,505.97,residential,India
1,2025-01-31,481.87,residential,India
1,2025-02-01,508.79,residential,India
1,2025-02-02,526.95,residential,India
1,2025-02-03,491.53,residential,India
1,2025-02-04,484.73,residential,India
1,2025-02-05,507.82,residential,India
1,2025-02-06,505.74,residential,India
1,2025-02-07,488.69,residential,India
1,2025-02-08,494.2,residential,India
1,2025-02-09,510.55,residential,India
1,2025-02-10,479.19,residential,India
1,2025-02-11,500.5,residential,India
1,2025-02-12,502.74,residential,India
1,2025-02-13,501.76,residential,India
1,2025-02-14,469.8,residential,India
1,2025-02-15,498.8,residential,India
1,2025-02-16,488.02,residential,India
1,2025-02-17,504.0,residential,India
1,2025-02-18,473.98,residential,India
1,2025-02-19,479.88,residential,India
1,2025-02-20,491.6,residential,India
1,2025-02-21,468.02,residential,India
1,2025-02-22,503.27,residential,India
1,2025-02-23,509.53,residential,India
1,2025-02-24,487.01,residential,India
1,2025-02-25,497.13,residential,India
1,2025-02-26,524.79,residential,India
1,2025-02-27,513.64,residential,India
1,2025-02-28,480.66,residential,India
1,2025-03-01,491.98,residential,India
1,2025-03-02,464.66,residential,India
1,2025-03-03,502.83,residential,India
1,2025-03-04,523.01,residential,India
1,2025-03-05,496.87,residential,India
1,2025-03-06,522.4,residential,India
1,2025-03-07,492.16,residential,India
1,2025-03-08,510.88,residential,India
1,2025-03-09,455.27,residential,India
1,2025-03-10,474.76,residential,India
1,2025-03-11,467.12,residential,India
1,2025-03-12,529.11,residential,India
1,2025-03-13,486.16,residential,India
1,2025-03-14,472.03,residential,India
1,2025-03-15,504.97,residential,India
1,2025-03-16,515.79,residential,India
1,2025-03-17,506.65,residential,India
1,2025-03-18,499.68,residential,India
1,2025-03-19,496.75,residential,India
1,2025-03-20,510.8,residential,India
1,2025-03-21,495.08,residential,India
1,2025-03-22,508.37,residential,India
1,2025-03-23,465.75,residential,India
1,2025-03-24,502.98,residential,India
1,2025-03-25,500.05,residential,India
1,2025-03-26,504.04,residential,India
1,2025-03-27,523.08,residential,India
1,2025-03-28,497.84,residential,India
1,2025-03-29,512.78,residential,India
1,2025-03-30,473.56,residential,India
1,2025-03-31,507.21,residential,India
1,2025-04-01,468.09,residential,India
1,2025-04-02,522.69,residential,India
1,2025-04-03,492.8,residential,India
1,2025-04-04,510.11,residential,India
1,2025-04-05,477.87,residential,India
1,2025-04-06,493.98,residential,India
1,2025-04-07,477.35,residential,India
1,2025-04-08,499.31,residential,India
1,2025-04-09,510.57,residential,India
1,2025-04-10,465.61,residential,India
1,2025-04-11,526.84,residential,India
1,2025-04-12,515.22,residential,India
1,2025-04-13,499.36,residential,India
1,2025-04-14,445.0,residential,India
1,2025-04-15,470.85,residential,India
1,2025-04-16,488.84,residential,India
1,2025-04-17,504.81,residential,India
1,2025-04-18,490.08,residential,India
1,2025-04-19,482.79,residential,India
1,2025-04-20,521.0,residential,India
1,2025-04-21,545.98,residential,India
1,2025-04-22,466.63,residential,India
1,2025-04-23,477.53,residential,India
1,2025-04-24,537.24,residential,India
1,2025-04-25,511.39,residential,India
1,2025-04-26,503.6,residential,India
1,2025-04-27,470.08,residential,India
1,2025-04-28,484.28,residential,India
1,2025-04-29,509.85,residential,India
1,2025-04-30,513.0,residential,India
1,2025-05-01,483.12,residential,India
1,2025-05-02,515.48,residential,India
1,2025-05-03,504.3,residential,India
1,2025-05-04,483.9,residential,India
1,2025-05-05,513.38,residential,India
1,2025-05-06,525.85,residential,India
1,2025-05-07,489.81,residential,India
1,2025-05-08,486.93,residential,India
1,2025-05-09,483.24,residential,India
1,2025-05-10,495.74,residential,India
1,2025-05-11,506.09,residential,India
1,2025-05-12,498.88,residential,India
1,2025-05-13,481.63,residential,India
1,2025-05-14,529.91,residential,India
1,2025-05-15,517.46,residential,India
1,2025-05-16,510.89,residential,India
1,2025-05-17,516.82,residential,India
1,2025-05-18,504.78,residential,India
1,2025-05-19,473.02,residential,India
1,2025-05-20,505.25,residential,India
1,2025-05-21,473.68,residential,India
1,2025-05-22,491.68,residential,India
1,2025-05-23,486.0,residential,India
1,2025-05-24,501.42,residential,India
1,2025-05-25,511.62,residential,India
1,2025-05-26,508.81,residential,India
1,2025-05-27,500.34,residential,India
1,2025-05-28,471.63,residential,India
1,2025-05-29,496.9,residential,India
1,2025-05-30,488.35,residential,India
1,2025-05-31,502.65,residential,India
1,2025-06-01,487.01,residential,India
1,2025-06-02,480.35,residential,India
1,2025-06-03,446.59,residential,India
1,2025-06-04,491.29,residential,India
1,2025-06-05,512.19,residential,India
1,2025-06-06,527.48,residential,India
1,2025-06-07,492.75,residential,India
1,2025-06-08,533.1,residential,India
1,2025-06-09,477.72,residential,India
1,2025-06-10,520.64,residential,India
1,2025-06-11,512.6,residential,India
1,2025-06-12,489.59,residential,India
1,2025-06-13,466.38,residential,India
1,2025-06-14,499.34,residential,India
1,2025-06-15,510.51,residential,India
1,2025-06-16,500.43,residential,India
1,2025-06-17,521.67,residential,India
1,2025-06-18,512.58,residential,India
1,2025-06-19,505.42,residential,India
1,2025-06-20,493.37,residential,India
1,2025-06-21,488.52,residential,India
1,2025-06-22,469.78,residential,India
1,2025-06-23,475.67,residential,India
1,2025-06-24,456.47,residential,India
1,2025-06-25,537.67,residential,India
1,2025-06-26,455.37,residential,India
1,2025-06-27,521.78,residential,India
1,2025-06-28,507.77,residential,India
1,2025-06-29,510.78,residential,India
1,2025-06-30,515.02,residential,India
1,2025-07-01,498.84,residential,India
1,2025-07-02,518.55,residential,India
1,2025-07-03,492.41,residential,India
1,2025-07-04,493.14,residential,India
1,2025-07-05,465.44,residential,India
1,2025-07-06,481.9,residential,India
1,2025-07-07,505.54,residential,India
1,2025-07-08,481.78,residential,India
1,2025-07-09,476.28,residential,India
1,2025-07-10,481.29,residential,India
1,2025-07-11,490.49,residential,India
1,2025-07-12,479.67,residential,India
1,2025-07-13,503.78,residential,India
1,2025-07-14,487.36,residential,India
1,2025-07-15,509.43,residential,India
1,2025-07-16,517.84,residential,India
1,2025-07-17,508.26,residential,India
1,2025-07-18,498.52,residential,India
1,2025-07-19,497.05,residential,India
1,2025-07-20,547.81,residential,India
1,2025-07-21,492.32,residential,India
1,2025-07-22,506.49,residential,India
1,2025-07-23,526.56,residential,India
1,2025-07-24,511.85,residential,India
1,2025-07-25,482.02,residential,India
1,2025-07-26,461.92,residential,India
1,2025-07-27,455.38,residential,India
1,2025-07-28,498.2,residential,India
1,2025-07-29,440.74,residential,India
1,2025-07-30,513.38,residential,India
1,2025-07-31,479.96,residential,India
1,2025-08-01,483.68,residential,India
1,2025-08-02,529.98,residential,India
1,2025-08-03,517.72,residential,India
1,2025-08-04,486.53,residential,India
1,2025-08-05,509.16,residential,India
1,2025-08-06,462.81,residential,India
1,2025-08-07,487.28,residential,India
1,2025-08-08,489.92,residential,India
1,2025-08-09,476.75,residential,India
1,2025-08-10,518.31,residential,India
1,2025-08-11,503.91,residential,India
1,2025-08-12,496.4,residential,India
1,2025-08-13,486.89,residential,India
1,2025-08-14,458.97,residential,India
1,2025-08-15,465.3,residential,India
1,2025-08-16,501.43,residential,India
1,2025-08-17,497.43,residential,India
1,2025-08-18,467.82,residential,India
1,2025-08-19,517.47,residential,India
1,2025-08-20,486.55,residential,India
1,2025-08-21,480.72,residential,India
1,2025-08-22,458.97,residential,India
1,2025-08-23,489.85,residential,India
1,2025-08-24,505.92,residential,India
1,2025-08-25,475.06,residential,India
1,2025-08-26,506.34,residential,India
1,2025-08-27,501.07,residential,India
1,2025-08-28,468.82,residential,India
1,2025-08-29,508.01,residential,India
1,2025-08-30,503.4,residential,India
1,2025-08-31,519.57,residential,India
1,2025-09-01,526.02,residential,India
1,2025-09-02,513.76,residential,India
1,2025-09-03,475.08,residential,India
1,2025-09-04,522.77,residential,India
1,2025-09-05,456.34,residential,India
1,2025-09-06,469.89,residential,India
1,2025-09-07,495.27,residential,India
1,2025-09-08,508.56,residential,India
1,2025-09-09,489.96,residential,India
1,2025-09-10,484.67,residential,India
1,2025-09-11,494.28,residential,India
1,2025-09-12,482.62,residential,India
1,2025-09-13,500.52,residential,India
1,2025-09-14,492.3,residential,India
1,2025-09-15,471.68,residential,India
1,2025-09-16,495.14,residential,India
1,2025-09-17,463.38,residential,India
1,2025-09-18,493.78,residential,India
1,2025-09-19,483.06,residential,India
1,2025-09-20,490.77,residential,India
1,2025-09-21,494.93,residential,India
1,2025-09-22,477.96,residential,India
1,2025-09-23,479.15,residential,India
1,2025-09-24,458.22,residential,India
1,2025-09-25,484.23,residential,India
1,2025-09-26,487.48,residential,India
1,2025-09-27,491.73,residential,India
1,2025-09-28,471.89,residential,India
1,2025-09-29,481.3,residential,India
1,2025-09-30,468.17,residential,India
1,2025-10-01,479.39,residential,India
1,2025-10-02,489.43,residential,India
1,2025-10-03,465.58,residential,India
1,2025-10-04,458.42,residential,India
1,2025-10-05,458.11,residential,India
1,2025-10-06,531.13,residential,India
1,2025-10-07,483.97,residential,India
1,2025-10-08,463.75,residential,India
1,2025-10-09,444.19,residential,India
1,2025-10-10,495.52,residential,India
1,2025-10-11,472.37,residential,India
1,2025-10-12,448.99,residential,India
1,2025-10-13,480.87,residential,India
1,2025-10-14,491.32,residential,India
1,2025-10-15,507.34,residential,India
1,2025-10-16,496.68,residential,India
1,2025-10-17,482.92,residential,India
1,2025-10-18,464.89,residential,India
1,2025-10-19,493.0,residential,India
1,2025-10-20,504.68,residential,India
1,2025-10-21,489.91,residential,India
1,2025-10-22,478.09,residential,India
1,2025-10-23,498.07,residential,India
1,2025-10-24,507.89,residential,India
1,2025-10-25,483.16,residential,India
1,2025-10-26,521.67,residential,India
1,2025-10-27,475.82,residential,India
1,2025-10-28,474.17,residential,India
1,2025-10-29,468.35,residential,India
1,2025-10-30,464.17,residential,India
1,2025-10-31,492.3,residential,India
1,2025-11-01,480.51,residential,India
1,2025-11-02,469.75,residential,India
1,2025-11-03,479.63,residential,India
1,2025-11-04,496.73,residential,India
1,2025-11-05,489.57,residential,India
1,2025-11-06,467.04,residential,India
1,2025-11-07,515.39,residential,India
1,2025-11-08,470.01,residential,India
1,2025-11-09,480.99,residential,India
1,2025-11-10,460.61,residential,India
1,2025-11-11,483.15,residential,India
1,2025-11-12,477.16,residential,India
1,2025-11-13,476.52,residential,India
1,2025-11-14,476.91,residential,India
1,2025-11-15,509.3,residential,India
1,2025-11-16,504.37,residential,India
1,2025-11-17,493.25,residential,India
1,2025-11-18,501.09,residential,India
1,2025-11-19,500.41,residential,India
1,2025-11-20,484.93,residential,India
1,2025-11-21,472.87,residential,India
1,2025-11-22,509.53,residential,India
1,2025-11-23,463.04,residential,India
1,2025-11-24,503.08,residential,India
1,2025-11-25,498.86,residential,India
1,2025-11-26,481.72,residential,India
1,2025-11-27,487.28,residential,India
1,2025-11-28,425.58,residential,India
1,2025-11-29,479.52,residential,India
1,2025-11-30,462.01,residential,India
1,2025-12-01,465.7,residential,India
1,2025-12-02,506.33,residential,India
1,2025-12-03,485.04,residential,India
1,2025-12-04,473.51,residential,India
1,2025-12-05,458.44,residential,India
1,2025-12-06,469.53,residential,India
1,2025-12-07,484.14,residential,India
1,2025-12-08,488.57,residential,India
1,2025-12-09,506.98,residential,India
1,2025-12-10,472.19,residential,India
1,2025-12-11,480.88,residential,India
1,2025-12-12,478.62,residential,India
1,2025-12-13,478.19,residential,India
1,2025-12-14,470.99,residential,India
1,2025-12-15,490.63,residential,India
1,2025-12-16,463.22,residential,India
1,2025-12-17,499.77,residential,India
1,2025-12-18,503.84,residential,India
1,2025-12-19,500.65,residential,India
1,2025-12-20,456.17,residential,India
1,2025-12-21,490.0,residential,India
1,2025-12-22,458.59,residential,India
1,2025-12-23,474.89,residential,India
1,2025-12-24,455.37,residential,India
1,2025-12-25,446.2,residential,India
1,2025-12-26,465.27,residential,India
1,2025-12-27,490.43,residential,India
1,2025-12-28,491.1,residential,India
1,2025-12-29,489.94,residential,India
1,2025-12-30,443.11,residential,India
1,2025-12-31,468.21,residential,India
1,2026-01-01,504.93,residential,India
1,2026-01-02,482.98,residential,India
1,2026-01-03,467.25,residential,India
1,2026-01-04,459.78,residential,India
1,2026-01-05,456.65,residential,India
1,2026-01-06,428.43,residential,India
1,2026-01-07,448.62,residential,India
1,2026-01-08,476.68,residential,India
1,2026-01-09,471.97,residential,India
1,2026-01-10,496.43,residential,India
1,2026-01-11,468.45,residential,India
1,2026-01-12,477.73,residential,India
1,2026-01-13,449.49,residential,India
1,2026-01-14,480.24,residential,India
1,2026-01-15,448.99,residential,India
1,2026-01-16,441.74,residential,India
1,2026-01-17,471.88,residential,India
1,2026-01-18,452.83,residential,India
1,2026-01-19,498.31,residential,India
1,2026-01-20,458.0,residential,India
1,2026-01-21,530.5,residential,India
1,2026-01-22,507.45,residential,India
1,2026-01-23,478.93,residential,India
1,2026-01-24,463.01,residential,India
1,2026-01-25,482.89,residential,India
1,2026-01-26,456.83,residential,India
1,2026-01-27,455.51,residential,India
1,2026-01-28,435.04,residential,India
1,2026-01-29,434.6,residential,India
1,2026-01-30,503.14,residential,India
1,2026-01-31,463.78,residential,India
1,2026-02-01,468.51,residential,India
1,2026-02-02,477.47,residential,India
1,2026-02-03,473.34,residential,India
1,2026-02-04,497.0,residential,India
1,2026-02-05,458.76,residential,India
1,2026-02-06,453.52,residential,India
1,2026-02-07,445.43,residential,India
1,2026-02-08,455.27,residential,India
1,2026-02-09,436.29,residential,India
1,2026-02-10,449.07,residential,India
1,2026-02-11,465.93,residential,India
1,2026-02-12,453.79,residential,India
1,2026-02-13,448.54,residential,India
1,2026-02-14,439.58,residential,India
1,2026-02-15,441.9,residential,India
1,2026-02-16,466.48,residential,India
1,2026-02-17,464.91,residential,India
1,2026-02-18,428.11,residential,India
1,2026-02-19,452.09,residential,India
1,2026-02-20,492.34,residential,India
1,2026-02-21,449.44,residential,India
1,2026-02-22,487.0,residential,India
1,2026-02-23,468.39,residential,India
1,2026-02-24,458.33,residential,India
1,2026-02-25,418.93,residential,India
1,2026-02-26,476.1,residential,India
1,2026-02-27,450.68,residential,India
1,2026-02-28,475.06,residential,India
1,2026-03-01,474.37,residential,India
1,2026-03-02,477.65,residential,India
1,2026-03-03,437.64,residential,India
1,2026-03-04,466.56,residential,India
1,2026-03-05,484.63,residential,India
1,2026-03-06,437.58,residential,India
1,2026-03-07,447.19,residential,India
1,2026-03-08,498.94,residential,India
1,2026-03-09,450.49,residential,India
1,2026-03-10,492.08,residential,India
1,2026-03-11,453.51,residential,India
1,2026-03-12,438.31,residential,India
1,2026-03-13,474.58,residential,India
1,2026-03-14,526.79,residential,India
1,2026-03-15,493.26,residential,India
1,2026-03-16,424.91,residential,India
1,2026-03-17,450.48,residential,India
1,2026-03-18,482.69,residential,India
1,2026-03-19,438.91,residential,India
1,2026-03-20,433.72,residential,India
1,2026-03-21,452.62,residential,India
1,2026-03-22,471.67,residential,India
1,2026-03-23,468.49,residential,India
1,2026-03-24,457.24,residential,India
1,2026-03-25,465.73,residential,India
1,2026-03-26,464.92,residential,India
1,2026-03-27,477.68,residential,India
1,2026-03-28,484.1,residential,India
1,2026-03-29,457.79,residential,India
1,2026-03-30,486.23,residential,India
1,2026-03-31,474.06,residential,India
1,2026-04-01,462.25,residential,India
1,2026-04-02,472.81,residential,India
1,2026-04-03,443.39,residential,India
1,2026-04-04,456.42,residential,India
1,2026-04-05,406.55,residential,India
1,2026-04-06,470.64,residential,India
1,2026-04-07,446.12,residential,India
1,2026-04-08,467.19,residential,India
1,2026-04-09,458.65,residential,India
1,2026-04-10,465.22,residential,India
1,2026-04-11,512.21,residential,India
1,2026-04-12,474.25,residential,India
1,2026-04-13,412.98,residential,India
1,2026-04-14,459.39,residential,India
1,2026-04-15,454.13,residential,India
1,2026-04-16,447.34,residential,India
1,2026-04-17,452.63,residential,India
1,2026-04-18,448.86,residential,India
1,2026-04-19,438.11,residential,India
1,2026-04-20,447.22,residential,India
1,2026-04-21,468.8,residential,India
1,2026-04-22,452.1,residential,India
1,2026-04-23,473.85,residential,India
1,2026-04-24,474.56,residential,India
1,2026-04-25,459.51,residential,India
1,2026-04-26,455.15,residential,India
1,2026-04-27,471.23,residential,India
1,2026-04-28,452.18,residential,India
1,2026-04-29,445.2,residential,India
1,2026-04-30,477.62,residential,India
1,2026-05-01,414.37,residential,India
1,2026-05-02,449.14,residential,India
1,2026-05-03,480.38,residential,India
1,2026-05-04,466.38,residential,India
1,2026-05-05,459.39,residential,India
1,2026-05-06,453.47,residential,India
1,2026-05-07,456.67,residential,India
1,2026-05-08,475.99,residential,India
1,2026-05-09,444.61,residential,India
1,2026-05-10,438.1,residential,India
1,2026-05-11,429.08,residential,India
1,2026-05-12,466.39,residential,India
1,2026-05-13,470.45,residential,India
1,2026-05-14,434.63,residential,India
1,2026-05-15,409.78,residential,India
1,2026-05-16,464.92,residential,India
1,2026-05-17,440.61,residential,India
1,2026-05-18,477.36,residential,India
1,2026-05-19,430.92,residential,India
1,2026-05-20,471.62,residential,India
1,2026-05-21,453.31,residential,India
1,2026-05-22,459.63,residential,India
1,2026-05-23,455.98,residential,India
1,2026-05-24,440.01,residential,India
1,2026-05-25,445.2,residential,India
1,2026-05-26,440.85,residential,India
1,2026-05-27,430.32,residential,India
1,2026-05-28,467.91,residential,India
1,2026-05-29,453.44,residential,India
1,2026-05-30,437.95,residential,India
1,2026-05-31,433.42,residential,India
1,2026-06-01,431.46,residential,India
1,2026-06-02,457.45,residential,India
1,2026-06-03,464.75,residential,India
1,2026-06-04,431.07,residential,India
1,2026-06-05,456.04,residential,India
1,2026-06-06,469.09,residential,India
1,2026-06-07,418.19,residential,India
1,2026-06-08,471.83,residential,India
1,2026-06-09,413.09,residential,India
1,2026-06-10,467.49,residential,India
1,2026-06-11,424.13,residential,India
1,2026-06-12,454.57,residential,India
1,2026-06-13,467.83,residential,India
1,2026-06-14,465.71,residential,India
1,2026-06-15,436.42,residential,India
1,2026-06-16,442.83,residential,India
1,2026-06-17,453.83,residential,India
1,2026-06-18,474.43,residential,India
1,2026-06-19,438.55,residential,India
1,2026-06-20,425.67,residential,India
1,2026-06-21,456.9,residential,India
1,2026-06-22,422.74,residential,India
1,2026-06-23,468.06,residential,India
1,2026-06-24,466.81,residential,India
1,2026-06-25,434.42,residential,India
1,2026-06-26,467.21,residential,India
1,2026-06-27,423.95,residential,India
1,2026-06-28,426.78,residential,India
1,2026-06-29,462.41,residential,India
1,2026-06-30,435.75,residential,India
1,2026-07-01,435.0,residential,India
1,2026-07-02,449.91,residential,India
1,2026-07-03,455.43,residential,India
1,2026-07-04,445.42,residential,India
1,2026-07-05,428.05,residential,India
1,2026-07-06,415.14,residential,India
1,2026-07-07,449.7,residential,India
1,2026-07-08,430.0,residential,India
1,2026-07-09,444.12,residential,India
1,2026-07-10,449.58,residential,India
1,2026-07-11,420.98,residential,India
1,2026-07-12,457.36,residential,India
1,2026-07-13,418.38,residential,India
1,2026-07-14,433.08,residential,India
1,2026-07-15,442.08,residential,India
1,2026-07-16,441.74,residential,India
1,2026-07-17,455.86,residential,India
1,2026-07-18,421.23,residential,India
1,2026-07-19,406.76,residential,India
1,2026-07-20,429.74,residential,India
1,2026-07-21,449.47,residential,India
1,2026-07-22,431.78,residential,India
1,2026-07-23,426.91,residential,India
1,2026-07-24,430.77,residential,India
1,2026-07-25,433.5,residential,India
1,2026-07-26,440.67,residential,India
1,2026-07-27,432.68,residential,India
1,2026-07-28,470.87,residential,India
1,2026-07-29,470.16,residential,India
1,2026-07-30,414.18,residential,India
1,2026-07-31,443.95,residential,India
1,2026-08-01,443.96,residential,India
1,2026-08-02,443.05,residential,India
1,2026-08-03,425.79,residential,India
1,2026-08-04,441.09,residential,India
1,2026-08-05,479.1,residential,India
1,2026-08-06,433.19,residential,India
1,2026-08-07,447.24,residential,India
1,2026-08-08,455.86,residential,India
1,2026-08-09,414.73,residential,India
1,2026-08-10,457.63,residential,India
1,2026-08-11,461.2,residential,India
1,2026-08-12,406.51,residential,India
1,2026-08-13,453.69,residential,India
1,2026-08-14,445.88,residential,India
1,2026-08-15,421.45,residential,India
1,2026-08-16,436.74,residential,India
1,2026-08-17,427.14,residential,India
1,2026-08-18,448.68,residential,India
1,2026-08-19,443.61,residential,India
1,2026-08-20,399.28,residential,India
1,2026-08-21,442.18,residential,India
1,2026-08-22,444.5,residential,India
1,2026-08-23,410.45,residential,India
1,2026-08-24,436.68,residential,India
1,2026-08-25,397.24,residential,India
1,2026-08-26,418.15,residential,India
1,2026-08-27,409.44,residential,India
1,2026-08-28,391.98,residential,India
1,2026-08-29,453.64,residential,India
1,2026-08-30,439.76,residential,India
1,2026-08-31,405.09,residential,India
1,2026-09-01,411.65,residential,India
1,2026-09-02,423.09,residential,India
1,2026-09-03,434.26,residential,India
1,2026-09-04,433.17,residential,India
1,2026-09-05,430.89,residential,India
1,2026-09-06,441.16,residential,India
1,2026-09-07,387.15,residential,India
1,2026-09-08,402.69,residential,India
1,2026-09-09,415.32,residential,India
1,2026-09-10,444.05,residential,India
1,2026-09-11,442.03,residential,India
1,2026-09-12,404.89,residential,India
1,2026-09-13,427.9,residential,India
1,2026-09-14,442.05,residential,India
1,2026-09-15,419.24,residential,India
1,2026-09-16,424.62,residential,India
1,2026-09-17,419.49,residential,India
1,2026-09-18,442.97,residential,India
1,2026-09-19,385.04,residential,India
1,2026-09-20,424.67,residential,India
1,2026-09-21,440.11,residential,India
1,2026-09-22,403.53,residential,India
1,2026-09-23,456.49,residential,India
1,2026-09-24,429.67,residential,India
1,2026-09-25,474.1,residential,India
1,2026-09-26,422.68,residential,India
1,2026-09-27,444.08,residential,India
1,2026-09-28,447.42,residential,India
1,2026-09-29,398.56,residential,India
1,2026-09-30,432.7,residential,India
1,2026-10-01,452.26,residential,India
1,2026-10-02,440.71,residential,India
1,2026-10-03,410.08,residential,India
1,2026-10-04,413.6,residential,India
1,2026-10-05,428.12,residential,India
1,2026-10-06,397.53,residential,India
1,2026-10-07,444.53,residential,India
1,2026-10-08,410.14,residential,India
1,2026-10-09,412.01,residential,India
1,2026-10-10,422.52,residential,India
1,2026-10-11,442.66,residential,India
1,2026-10-12,413.45,residential,India
1,2026-10-13,414.49,residential,India
1,2026-10-14,436.74,residential,India
1,2026-10-15,430.97,residential,India
1,2026-10-16,434.25,residential,India
1,2026-10-17,394.78,residential,India
1,2026-10-18,415.44,residential,India
1,2026-10-19,427.33,residential,India
1,2026-10-20,448.59,residential,India
1,2026-10-21,413.8,residential,India
1,2026-10-22,442.49,residential,India
1,2026-10-23,432.84,residential,India
1,2026-10-24,424.1,residential,India
1,2026-10-25,460.0,residential,India
1,2026-10-26,424.02,residential,India
1,2026-10-27,420.56,residential,India
1,2026-10-28,436.35,residential,India
1,2026-10-29,408.36,residential,India
1,2026-10-30,441.65,residential,India
1,2026-10-31,429.09,residential,India
1,2026-11-01,413.78,residential,India
1,2026-11-02,409.91,residential,India
1,2026-11-03,429.08,residential,India
1,2026-11-04,419.55,residential,India
1,2026-11-05,432.81,residential,India
1,2026-11-06,443.3,residential,India
1,2026-11-07,450.62,residential,India
1,2026-11-08,433.17,residential,India
1,2026-11-09,428.6,residential,India
1,2026-11-10,401.28,residential,India
1,2026-11-11,414.67,residential,India
1,2026-11-12,451.92,residential,India
1,2026-11-13,448.99,residential,India
1,2026-11-14,453.25,residential,India
1,2026-11-15,454.51,residential,India
1,2026-11-16,435.79,residential,India
1,2026-11-17,436.07,residential,India
1,2026-11-18,406.53,residential,India
1,2026-11-19,435.05,residential,India
1,2026-11-20,424.8,residential,India
1,2026-11-21,437.04,residential,India
1,2026-11-22,413.53,residential,India
1,2026-11-23,421.62,residential,India
1,2026-11-24,407.39,residential,India
1,2026-11-25,449.0,residential,India
1,2026-11-26,411.94,residential,India
1,2026-11-27,380.25,residential,India
1,2026-11-28,436.32,residential,India
1,2026-11-29,389.49,residential,India
1,2026-11-30,447.38,residential,India
1,2026-12-01,412.63,residential,India
1,2026-12-02,432.97,residential,India
1,2026-12-03,430.04,residential,India
1,2026-12-04,391.26,residential,India
1,2026-12-05,390.55,residential,India
1,2026-12-06,407.74,residential,India
1,2026-12-07,399.23,residential,India
1,2026-12-08,406.4,residential,India
1,2026-12-09,470.15,residential,India
1,2026-12-10,441.97,residential,India
1,2026-12-11,390.61,residential,India
1,2026-12-12,433.4,residential,India
1,2026-12-13,426.01,residential,India
1,2026-12-14,394.07,residential,India
1,2026-12-15,427.12,residential,India
1,2026-12-16,450.01,residential,India
1,2026-12-17,428.07,residential,India
1,2026-12-18,373.24,residential,India
1,2026-12-19,409.85,residential,India
1,2026-12-20,411.12,residential,India
1,2026-12-21,400.58,residential,India
1,2026-12-22,423.1,residential,India
1,2026-12-23,421.76,residential,India
1,2026-12-24,422.54,residential,India
1,2026-12-25,409.33,residential,India
1,2026-12-26,423.83,residential,India
1,2026-12-27,418.54,residential,India
1,2026-12-28,445.65,residential,India
1,2026-12-29,393.9,residential,India
1,2026-12-30,413.54,residential,India
1,2026-12-31,412.99,residential,India
1,2027-01-01,430.68,residential,India
1,2027-01-02,396.32,residential,India
1,2027-01-03,419.21,residential,India
1,2027-01-04,444.66,residential,India
1,2027-01-05,459.99,residential,India
1,2027-01-06,435.65,residential,India
1,2027-01-07,395.09,residential,India
1,2027-01-08,390.93,residential,India
1,2027-01-09,442.25,residential,India
1,2027-01-10,421.3,residential,India
1,2027-01-11,439.86,residential,India
1,2027-01-12,413.75,residential,India
1,2027-01-13,417.06,residential,India
1,2027-01-14,390.37,residential,India
1,2027-01-15,447.06,residential,India
1,2027-01-16,431.27,residential,India
1,2027-01-17,433.28,residential,India
1,2027-01-18,444.29,residential,India
1,2027-01-19,416.14,residential,India
1,2027-01-20,399.71,residential,India
1,2027-01-21,466.32,residential,India
1,2027-01-22,419.83,residential,India
1,2027-01-23,420.0,residential,India
1,2027-01-24,437.67,residential,India
1,2027-01-25,430.47,residential,India
1,2027-01-26,454.64,residential,India
1,2027-01-27,377.82,residential,India
1,2027-01-28,381.75,residential,India
1,2027-01-29,411.76,residential,India
1,2027-01-30,422.68,residential,India
1,2027-01-31,380.36,residential,India
1,2027-02-01,426.24,residential,India
1,2027-02-02,455.46,residential,India
1,2027-02-03,413.79,residential,India
1,2027-02-04,417.47,residential,India
1,2027-02-05,451.12,residential,India
1,2027-02-06,419.57,residential,India
1,2027-02-07,402.55,residential,India
1,2027-02-08,409.83,residential,India
1,2027-02-09,442.69,residential,India
1,2027-02-10,402.74,residential,India
1,2027-02-11,395.69,residential,India
1,2027-02-12,415.22,residential,India
1,2027-02-13,399.32,residential,India
1,2027-02-14,416.27,residential,India
1,2027-02-15,411.06,residential,India
1,2027-02-16,400.89,residential,India
1,2027-02-17,419.98,residential,India
1,2027-02-18,423.67,residential,India
1,2027-02-19,431.09,residential,India
1,2027-02-20,413.95,residential,India
1,2027-02-21,422.1,residential,India
1,2027-02-22,428.96,residential,India
1,2027-02-23,422.41,residential,India
1,2027-02-24,413.73,residential,India
1,2027-02-25,403.18,residential,India
1,2027-02-26,378.17,residential,India
1,2027-02-27,400.2,residential,India
1,2027-02-28,427.31,residential,India
1,2027-03-01,396.65,residential,India
1,2027-03-02,433.72,residential,India
1,2027-03-03,425.05,residential,India
1,2027-03-04,434.99,residential,India
1,2027-03-05,445.39,residential,India
1,2027-03-06,442.18,residential,India
1,2027-03-07,401.21,residential,India
1,2027-03-08,400.32,residential,India
1,2027-03-09,423.87,residential,India
1,2027-03-10,429.27,residential,India
1,2027-03-11,449.38,residential,India
1,2027-03-12,405.99,residential,India
1,2027-03-13,411.04,residential,India
1,2027-03-14,404.45,residential,India
1,2027-03-15,425.39,residential,India
1,2027-03-16,420.96,residential,India
1,2027-03-17,385.09,residential,India
1,2027-03-18,436.75,residential,India
1,2027-03-19,472.05,residential,India
1,2027-03-20,428.25,residential,India
1,2027-03-21,416.18,residential,India
1,2027-03-22,460.71,residential,India
1,2027-03-23,474.83,residential,India
1,2027-03-24,417.71,residential,India
1,2027-03-25,401.9,residential,India
1,2027-03-26,399.2,residential,India
1,2027-03-27,408.29,residential,India
1,2027-03-28,394.26,residential,India
1,2027-03-29,443.98,residential,India
1,2027-03-30,425.44,residential,India
1,2027-03-31,392.51,residential,India
1,2027-04-01,447.61,residential,India
1,2027-04-02,411.95,residential,India
1,2027-04-03,407.07,residential,India
1,2027-04-04,446.97,residential,India
1,2027-04-05,451.96,residential,India
1,2027-04-06,424.07,residential,India
1,2027-04-07,398.12,residential,India
1,2027-04-08,432.87,residential,India
1,2027-04-09,403.73,residential,India
1,2027-04-10,397.28,residential,India
1,2027-04-11,418.84,residential,India
1,2027-04-12,413.95,residential,India
1,2027-04-13,412.05,residential,India
1,2027-04-14,434.65,residential,India
1,2027-04-15,427.59,residential,India
1,2027-04-16,403.94,residential,India
1,2027-04-17,433.73,residential,India
1,2027-04-18,402.03,residential,India
1,2027-04-19,422.73,residential,India
1,2027-04-20,424.64,residential,India
1,2027-04-21,411.5,residential,India
1,2027-04-22,435.57,residential,India
1,2027-04-23,429.02,residential,India
1,2027-04-24,439.78,residential,India
1,2027-04-25,419.76,residential,India
1,2027-04-26,384.21,residential,India
1,2027-04-27,419.9,residential,India
1,2027-04-28,446.36,residential,India
1,2027-04-29,418.98,residential,India
1,2027-04-30,427.21,residential,India
1,2027-05-01,440.19,residential,India
1,2027-05-02,430.77,residential,India
1,2027-05-03,379.03,residential,India
1,2027-05-04,450.35,residential,India
1,2027-05-05,407.82,residential,India
1,2027-05-06,476.75,residential,India
1,2027-05-07,400.39,residential,India
1,2027-05-08,409.17,residential,India
1,2027-05-09,421.67,residential,India
1,2027-05-10,407.15,residential,India
1,2027-05-11,407.63,residential,India
1,2027-05-12,433.62,residential,India
1,2027-05-13,419.58,residential,India
1,2027-05-14,437.28,residential,India
1,2027-05-15,426.68,residential,India
1,2027-05-16,448.5,residential,India
1,2027-05-17,380.02,residential,India
1,2027-05-18,389.28,residential,India
1,2027-05-19,434.13,residential,India
1,2027-05-20,461.82,residential,India
1,2027-05-21,406.6,residential,India
1,2027-05-22,420.02,residential,India
1,2027-05-23,415.22,residential,India
1,2027-05-24,449.57,residential,India
1,2027-05-25,450.34,residential,India
1,2027-05-26,393.33,residential,India
1,2027-05-27,442.13,residential,India
1,2027-05-28,433.93,residential,India
1,2027-05-29,381.06,residential,India
1,2027-05-30,422.79,residential,India
1,2027-05-31,439.89,residential,India
1,2027-06-01,446.62,residential,India
1,2027-06-02,413.4,residential,India
1,2027-06-03,430.11,residential,India
1,2027-06-04,398.86,residential,India
1,2027-06-05,431.43,residential,India
1,2027-06-06,430.76,residential,India
1,2027-06-07,419.29,residential,India
1,2027-06-08,406.53,residential,India
1,2027-06-09,439.41,residential,India
1,2027-06-10,431.89,residential,India
1,2027-06-11,442.21,residential,India
1,2027-06-12,442.28,residential,India
1,2027-06-13,447.96,residential,India
1,2027-06-14,440.66,residential,India
1,2027-06-15,427.73,residential,India
1,2027-06-16,417.27,residential,India
1,2027-06-17,421.34,residential,India
1,2027-06-18,447.96,residential,India
1,2027-06-19,428.63,residential,India
1,2027-06-20,415.91,residential,India
1,2027-06-21,408.6,residential,India
1,2027-06-22,429.56,residential,India
1,2027-06-23,420.12,residential,India
1,2027-06-24,425.95,residential,India
1,2027-06-25,403.39,residential,India
1,2027-06-26,449.85,residential,India
1,2027-06-27,440.73,residential,India
1,2027-06-28,384.74,residential,India
1,2027-06-29,432.05,residential,India
1,2027-06-30,405.67,residential,India
1,2027-07-01,401.8,residential,India
1,2027-07-02,456.32,residential,India
1,2027-07-03,440.56,residential,India
1,2027-07-04,412.84,residential,India
1,2027-07-05,410.57,residential,India
1,2027-07-06,426.33,residential,India
1,2027-07-07,413.35,residential,India
1,2027-07-08,416.42,residential,India
1,2027-07-09,439.45,residential,India
1,2027-07-10,455.7,residential,India
1,2027-07-11,421.72,residential,India
1,2027-07-12,428.96,residential,India
1,2027-07-13,421.98,residential,India
1,2027-07-14,441.49,residential,India
1,2027-07-15,430.72,residential,India
1,2027-07-16,434.29,residential,India
1,2027-07-17,385.07,residential,India
1,2027-07-18,453.69,residential,India
1,2027-07-19,455.44,residential,India
1,2027-07-20,454.39,residential,India
1,2027-07-21,428.67,residential,India
1,2027-07-22,419.08,residential,India
1,2027-07-23,458.67,residential,India
1,2027-07-24,399.42,residential,India
1,2027-07-25,409.21,residential,India
1,2027-07-26,448.01,residential,India
1,2027-07-27,427.46,residential,India
1,2027-07-28,383.82,residential,India
1,2027-07-29,429.81,residential,India
1,2027-07-30,419.35,residential,India
1,2027-07-31,416.13,residential,India
1,2027-08-01,431.23,residential,India
1,2027-08-02,447.87,residential,India
1,2027-08-03,434.25,residential,India
1,2027-08-04,418.22,residential,India
1,2027-08-05,428.05,residential,India
1,2027-08-06,429.22,residential,India
1,2027-08-07,453.94,residential,India
1,2027-08-08,394.15,residential,India
1,2027-08-09,423.37,residential,India
1,2027-08-10,435.22,residential,India
1,2027-08-11,427.72,residential,India
1,2027-08-12,462.79,residential,India
1,2027-08-13,423.67,residential,India
1,2027-08-14,466.88,residential,India
1,2027-08-15,442.25,residential,India
1,2027-08-16,441.34,residential,India
1,2027-08-17,422.51,residential,India
1,2027-08-18,455.34,residential,India
1,2027-08-19,463.71,residential,India
1,2027-08-20,457.25,residential,India
1,2027-08-21,438.48,residential,India
1,2027-08-22,406.61,residential,India
1,2027-08-23,440.53,residential,India
1,2027-08-24,419.25,residential,India
1,2027-08-25,434.25,residential,India
1,2027-08-26,462.29,residential,India
1,2027-08-27,440.23,residential,India
1,2027-08-28,444.67,residential,India
1,2027-08-29,417.09,residential,India
1,2027-08-30,447.18,residential,India
1,2027-08-31,442.28,residential,India
1,2027-09-01,488.81,residential,India
1,2027-09-02,432.25,residential,India
1,2027-09-03,430.09,residential,India
1,2027-09-04,410.1,residential,India
1,2027-09-05,428.29,residential,India
1,2027-09-06,430.61,residential,India
1,2027-09-07,432.3,residential,India
1,2027-09-08,448.42,residential,India
1,2027-09-09,459.61,residential,India
1,2027-09-10,438.32,residential,India
1,2027-09-11,439.86,residential,India
1,2027-09-12,420.22,residential,India
1,2027-09-13,441.01,residential,India
1,2027-09-14,451.14,residential,India
1,2027-09-15,448.81,residential,India
1,2027-09-16,434.94,residential,India
1,2027-09-17,426.86,residential,India
1,2027-09-18,422.7,residential,India
1,2027-09-19,443.31,residential,India
1,2027-09-20,410.13,residential,India
1,2027-09-21,423.46,residential,India
1,2027-09-22,442.81,residential,India
1,2027-09-23,406.27,residential,India
1,2027-09-24,444.8,residential,India
1,2027-09-25,426.89,residential,India
1,2027-09-26,432.64,residential,India
1,2027-09-27,464.63,residential,India
1,2027-09-28,430.65,residential,India
1,2027-09-29,420.01,residential,India
1,2027-09-30,464.79,residential,India
1,2027-10-01,467.34,residential,India
1,2027-10-02,430.99,residential,India
1,2027-10-03,443.04,residential,India
1,2027-10-04,436.56,residential,India
1,2027-10-05,423.64,residential,India
1,2027-10-06,447.46,residential,India
1,2027-10-07,454.34,residential,India
1,2027-10-08,430.97,residential,India
1,2027-10-09,486.7,residential,India
1,2027-10-10,447.86,residential,India
1,2027-10-11,422.59,residential,India
1,2027-10-12,445.67,residential,India
1,2027-10-13,449.57,residential,India
1,2027-10-14,485.85,residential,India
1,2027-10-15,467.55,residential,India
1,2027-10-16,427.09,residential,India
1,2027-10-17,423.0,residential,India
1,2027-10-18,472.32,residential,India
1,2027-10-19,427.92,residential,India
1,2027-10-20,469.32,residential,India
1,2027-10-21,421.38,residential,India
1,2027-10-22,435.0,residential,India
1,2027-10-23,433.81,residential,India
1,2027-10-24,449.53,residential,India
1,2027-10-25,437.21,residential,India
1,2027-10-26,442.31,residential,India
1,2027-10-27,464.06,residential,India
1,2027-10-28,414.88,residential,India
1,2027-10-29,447.16,residential,India
1,2027-10-30,434.18,residential,India
1,2027-10-31,474.93,residential,India
1,2027-11-01,415.1,residential,India
1,2027-11-02,460.08,residential,India
1,2027-11-03,474.23,residential,India
1,2027-11-04,466.64,residential,India
1,2027-11-05,401.35,residential,India
1,2027-11-06,435.7,residential,India
1,2027-11-07,465.37,residential,India
1,2027-11-08,462.02,residential,India
1,2027-11-09,436.61,residential,India
1,2027-11-10,430.61,residential,India
1,2027-11-11,448.81,residential,India
1,2027-11-12,451.88,residential,India
1,2027-11-13,415.63,residential,India
1,2027-11-14,429.8,residential,India
1,2027-11-15,480.1,residential,India
1,2027-11-16,447.46,residential,India
1,2027-11-17,469.93,residential,India
1,2027-11-18,430.51,residential,India
1,2027-11-19,443.07,residential,India
1,2027-11-20,482.29,residential,India
1,2027-11-21,484.68,residential,India
1,2027-11-22,427.75,residential,India
1,2027-11-23,489.29,residential,India
1,2027-11-24,463.56,residential,India
1,2027-11-25,427.28,residential,India
1,2027-11-26,477.45,residential,India
1,2027-11-27,467.76,residential,India
1,2027-11-28,461.35,residential,India
1,2027-11-29,429.33,residential,India
1,2027-11-30,457.58,residential,India
1,2027-12-01,435.42,residential,India
1,2027-12-02,472.7,residential,India
1,2027-12-03,466.9,residential,India
1,2027-12-04,495.41,residential,India
1,2027-12-05,480.67,residential,India
1,2027-12-06,449.55,residential,India
1,2027-12-07,422.47,residential,India
1,2027-12-08,444.48,residential,India
1,2027-12-09,449.96,residential,India
1,2027-12-10,450.36,residential,India
1,2027-12-11,470.64,residential,India
1,2027-12-12,444.74,residential,India
1,2027-12-13,465.35,residential,India
1,2027-12-14,476.29,residential,India
1,2027-12-15,456.31,residential,India
1,2027-12-16,475.19,residential,India
1,2027-12-17,472.92,residential,India
1,2027-12-18,457.26,residential,India
1,2027-12-19,477.58,residential,India
1,2027-12-20,466.77,residential,India
1,2027-12-21,465.6,residential,India
1,2027-12-22,469.55,residential,India
1,2027-12-23,461.99,residential,India
1,2027-12-24,467.05,residential,India
1,2027-12-25,462.44,residential,India
1,2027-12-26,445.5,residential,India
1,2027-12-27,448.29,residential,India
1,2027-12-28,458.89,residential,India
1,2027-12-29,458.94,residential,India
1,2027-12-30,463.64,residential,India
1,2027-12-31,437.99,residential,India
1,2028-01-01,456.78,residential,India
1,2028-01-02,412.74,residential,India
1,2028-01-03,429.81,residential,India
1,2028-01-04,487.13,residential,India
1,2028-01-05,474.57,residential,India
1,2028-01-06,438.54,residential,India
1,2028-01-07,455.13,residential,India
1,2028-01-08,491.92,residential,India
1,2028-01-09,447.68,residential,India
1,2028-01-10,488.3,residential,India
1,2028-01-11,497.19,residential,India
1,2028-01-12,465.04,residential,India
1,2028-01-13,469.22,residential,India
1,2028-01-14,491.06,residential,India
1,2028-01-15,490.87,residential,India
1,2028-01-16,467.69,residential,India
1,2028-01-17,444.46,residential,India
1,2028-01-18,471.41,residential,India
1,2028-01-19,448.95,residential,India
1,2028-01-20,429.25,residential,India
1,2028-01-21,426.13,residential,India
1,2028-01-22,481.02,residential,India
1,2028-01-23,488.21,residential,India
1,2028-01-24,459.5,residential,India
1,2028-01-25,459.91,residential,India
1,2028-01-26,472.19,residential,India
1,2028-01-27,452.77,residential,India
1,2028-01-28,499.68,residential,India
1,2028-01-29,427.32,residential,India
1,2028-01-30,439.07,residential,India
1,2028-01-31,473.46,residential,India
1,2028-02-01,469.25,residential,India
1,2028-02-02,459.1,residential,India
1,2028-02-03,524.65,residential,India
1,2028-02-04,508.92,residential,India
1,2028-02-05,440.97,residential,India
1,2028-02-06,491.38,residential,India
1,2028-02-07,458.69,residential,India
1,2028-02-08,455.03,residential,India
1,2028-02-09,485.16,residential,India
1,2028-02-10,448.04,residential,India
1,2028-02-11,480.47,residential,India
1,2028-02-12,474.22,residential,India
1,2028-02-13,507.21,residential,India
1,2028-02-14,476.4,residential,India
1,2028-02-15,448.47,residential,India
1,2028-02-16,464.84,residential,India
1,2028-02-17,462.31,residential,India
1,2028-02-18,458.01,residential,India
1,2028-02-19,466.29,residential,India
1,2028-02-20,484.67,residential,India
1,2028-02-21,470.3,residential,India
1,2028-02-22,449.02,residential,India
1,2028-02-23,468.32,residential,India
1,2028-02-24,470.29,residential,India
1,2028-02-25,518.37,residential,India
1,2028-02-26,487.5,residential,India
1,2028-02-27,463.93,residential,India
1,2028-02-28,467.25,residential,India
1,2028-02-29,480.18,residential,India
1,2028-03-01,502.2,residential,India
1,2028-03-02,482.86,residential,India
1,2028-03-03,487.19,residential,India
1,2028-03-04,500.68,residential,India
1,2028-03-05,479.8,residential,India
1,2028-03-06,452.9,residential,India
1,2028-03-07,462.33,residential,India
1,2028-03-08,456.46,residential,India
1,2028-03-09,491.72,residential,India
1,2028-03-10,514.08,residential,India
1,2028-03-11,481.16,residential,India
1,2028-03-12,500.43,residential,India
1,2028-03-13,497.2,residential,India
1,2028-03-14,486.22,residential,India
1,2028-03-15,461.65,residential,India
1,2028-03-16,466.71,residential,India
1,2028-03-17,499.71,residential,India
1,2028-03-18,454.09,residential,India
1,2028-03-19,460.95,residential,India
1,2028-03-20,456.34,residential,India
1,2028-03-21,486.1,residential,India
1,2028-03-22,519.86,residential,India
1,2028-03-23,453.49,residential,India
1,2028-03-24,478.57,residential,India
1,2028-03-25,492.85,residential,India
1,2028-03-26,454.15,residential,India
1,2028-03-27,489.13,residential,India
1,2028-03-28,467.14,residential,India
1,2028-03-29,485.66,residential,India
1,2028-03-30,491.62,residential,India
1,2028-03-31,497.74,residential,India
1,2028-04-01,476.33,residential,India
1,2028-04-02,493.02,residential,India
1,2028-04-03,492.51,residential,India
1,2028-04-04,522.63,residential,India
1,2028-04-05,482.3,residential,India
1,2028-04-06,471.38,residential,India
1,2028-04-07,483.04,residential,India
1,2028-04-08,485.02,residential,India
1,2028-04-09,485.74,residential,India
1,2028-04-10,462.47,residential,India
1,2028-04-11,496.43,residential,India
1,2028-04-12,476.63,residential,India
1,2028-04-13,490.87,residential,India
1,2028-04-14,486.06,residential,India
1,2028-04-15,527.2,residential,India
1,2028-04-16,484.37,residential,India
1,2028-04-17,450.7,residential,India
1,2028-04-18,491.46,residential,India
1,2028-04-19,480.07,residential,India
1,2028-04-20,492.27,residential,India
1,2028-04-21,482.96,residential,India
1,2028-04-22,497.32,residential,India
1,2028-04-23,500.78,residential,India
1,2028-04-24,510.24,residential,India
1,2028-04-25,469.63,residential,India
1,2028-04-26,487.26,residential,India
1,2028-04-27,479.54,residential,India
1,2028-04-28,480.74,residential,India
1,2028-04-29,499.62,residential,India
1,2028-04-30,466.17,residential,India
1,2028-05-01,491.41,residential,India
1,2028-05-02,473.11,residential,India
1,2028-05-03,489.26,residential,India
1,2028-05-04,531.61,residential,India
1,2028-05-05,461.86,residential,India
1,2028-05-06,468.93,residential,India
1,2028-05-07,481.2,residential,India
1,2028-05-08,485.29,residential,India
1,2028-05-09,440.32,residential,India
1,2028-05-10,501.88,residential,India
1,2028-05-11,475.17,residential,India
1,2028-05-12,479.16,residential,India
1,2028-05-13,510.8,residential,India
1,2028-05-14,515.08,residential,India
1,2028-05-15,466.84,residential,India
1,2028-05-16,459.13,residential,India
1,2028-05-17,504.99,residential,India
1,2028-05-18,519.12,residential,India
1,2028-05-19,487.02,residential,India
1,2028-05-20,487.82,residential,India
1,2028-05-21,493.71,residential,India
1,2028-05-22,489.29,residential,India
1,2028-05-23,482.97,residential,India
1,2028-05-24,506.99,residential,India
1,2028-05-25,476.4,residential,India
1,2028-05-26,525.09,residential,India
1,2028-05-27,487.76,residential,India
1,2028-05-28,509.99,residential,India
1,2028-05-29,501.87,residential,India
1,2028-05-30,499.89,residential,India
1,2028-05-31,505.06,residential,India
1,2028-06-01,485.78,residential,India
1,2028-06-02,501.14,residential,India
1,2028-06-03,499.81,residential,India
1,2028-06-04,502.68,residential,India
1,2028-06-05,513.0,residential,India
1,2028-06-06,485.67,residential,India
1,2028-06-07,511.64,residential,India
1,2028-06-08,489.92,residential,India
1,2028-06-09,478.35,residential,India
1,2028-06-10,480.16,residential,India
1,2028-06-11,520.01,residential,India
1,2028-06-12,511.8,residential,India
1,2028-06-13,533.25,residential,India
1,2028-06-14,493.17,residential,India
1,2028-06-15,517.54,residential,India
1,2028-06-16,494.99,residential,India
1,2028-06-17,515.4,residential,India
1,2028-06-18,499.7,residential,India
1,2028-06-19,514.36,residential,India
1,2028-06-20,506.08,residential,India
1,2028-06-21,528.98,residential,India
1,2028-06-22,530.04,residential,India
1,2028-06-23,525.69,residential,India
1,2028-06-24,503.57,residential,India
1,2028-06-25,513.62,residential,India
1,2028-06-26,503.29,residential,India
1,2028-06-27,494.38,residential,India
1,2028-06-28,500.48,residential,India
1,2028-06-29,527.31,residential,India
1,2028-06-30,554.37,residential,India
1,2028-07-01,494.9,residential,India
1,2028-07-02,520.91,residential,India
1,2028-07-03,515.77,residential,India
1,2028-07-04,501.01,residential,India
1,2028-07-05,512.4,residential,India
1,2028-07-06,486.83,residential,India
1,2028-07-07,506.83,residential,India
1,2028-07-08,514.08,residential,India
1,2028-07-09,522.02,residential,India
1,2028-07-10,501.25,residential,India
1,2028-07-11,504.23,residential,India
1,2028-07-12,493.54,residential,India
1,2028-07-13,525.1,residential,India
1,2028-07-14,494.43,residential,India
1,2028-07-15,525.92,residential,India
1,2028-07-16,528.93,residential,India
1,2028-07-17,527.92,residential,India
1,2028-07-18,535.02,residential,India
1,2028-07-19,514.41,residential,India
1,2028-07-20,488.05,residential,India
1,2028-07-21,507.95,residential,India
1,2028-07-22,537.26,residential,India
1,2028-07-23,491.7,residential,India
1,2028-07-24,531.3,residential,India
1,2028-07-25,502.19,residential,India
1,2028-07-26,501.67,residential,India
1,2028-07-27,498.08,residential,India
1,2028-07-28,510.49,residential,India
1,2028-07-29,506.26,residential,India
1,2028-07-30,517.76,residential,India
1,2028-07-31,485.84,residential,India
1,2028-08-01,502.96,residential,India
1,2028-08-02,546.82,residential,India
1,2028-08-03,521.48,residential,India
1,2028-08-04,527.31,residential,India
1,2028-08-05,521.72,residential,India
1,2028-08-06,523.89,residential,India
1,2028-08-07,512.01,residential,India
1,2028-08-08,517.97,residential,India
1,2028-08-09,472.56,residential,India
1,2028-08-10,521.57,residential,India
1,2028-08-11,496.78,residential,India
1,2028-08-12,514.44,residential,India
1,2028-08-13,531.6,residential,India
1,2028-08-14,504.98,residential,India
1,2028-08-15,493.23,residential,India
1,2028-08-16,537.92,residential,India
1,2028-08-17,509.83,residential,India
1,2028-08-18,505.38,residential,India
1,2028-08-19,530.11,residential,India
1,2028-08-20,517.92,residential,India
1,2028-08-21,504.48,residential,India
1,2028-08-22,525.82,residential,India
1,2028-08-23,514.07,residential,India
1,2028-08-24,496.97,residential,India
1,2028-08-25,479.26,residential,India
1,2028-08-26,551.33,residential,India
1,2028-08-27,482.26,residential,India
1,2028-08-28,550.58,residential,India
1,2028-08-29,520.13,residential,India
1,2028-08-30,505.09,residential,India
1,2028-08-31,510.48,residential,India
1,2028-09-01,539.26,residential,India
1,2028-09-02,523.42,residential,India
1,2028-09-03,542.69,residential,India
1,2028-09-04,515.31,residential,India
1,2028-09-05,500.0,residential,India
1,2028-09-06,513.78,residential,India
1,2028-09-07,509.99,residential,India
1,2028-09-08,529.29,residential,India
1,2028-09-09,526.7,residential,India
1,2028-09-10,497.86,residential,India
1,2028-09-11,514.31,residential,India
1,2028-09-12,512.69,residential,India
1,2028-09-13,538.34,residential,India
1,2028-09-14,554.43,residential,India
1,2028-09-15,543.42,residential,India
1,2028-09-16,502.65,residential,India
1,2028-09-17,484.73,residential,India
1,2028-09-18,531.73,residential,India
1,2028-09-19,487.13,residential,India
1,2028-09-20,502.0,residential,India
1,2028-09-21,526.09,residential,India
1,2028-09-22,486.65,residential,India
1,2028-09-23,521.02,residential,India
1,2028-09-24,508.56,residential,India
1,2028-09-25,511.0,residential,India
1,2028-09-26,543.0,residential,India
1,2028-09-27,528.19,residential,India
1,2028-09-28,538.69,residential,India
1,2028-09-29,566.21,residential,India
1,2028-09-30,551.77,residential,India
1,2028-10-01,529.14,residential,India
1,2028-10-02,503.23,residential,India
1,2028-10-03,505.99,residential,India
1,2028-10-04,488.92,residential,India
1,2028-10-05,561.58,residential,India
1,2028-10-06,502.82,residential,India
1,2028-10-07,506.56,residential,India
1,2028-10-08,491.95,residential,India
1,2028-10-09,533.94,residential,India
1,2028-10-10,529.44,residential,India
1,2028-10-11,503.43,residential,India
1,2028-10-12,531.14,residential,India
1,2028-10-13,504.44,residential,India
1,2028-10-14,512.66,residential,India
1,2028-10-15,533.53,residential,India
1,2028-10-16,515.63,residential,India
1,2028-10-17,515.78,residential,India
1,2028-10-18,523.54,residential,India
1,2028-10-19,504.45,residential,India
1,2028-10-20,502.28,residential,India
1,2028-10-21,527.87,residential,India
1,2028-10-22,524.17,residential,India
1,2028-10-23,509.25,residential,India
1,2028-10-24,495.04,residential,India
1,2028-10-25,520.42,residential,India
1,2028-10-26,529.41,residential,India
1,2028-10-27,541.57,residential,India
1,2028-10-28,504.64,residential,India
1,2028-10-29,552.98,residential,India
1,2028-10-30,493.52,residential,India
1,2028-10-31,501.51,residential,India
1,2028-11-01,506.92,residential,India
1,2028-11-02,506.06,residential,India
1,2028-11-03,557.96,residential,India
1,2028-11-04,483.6,residential,India
1,2028-11-05,524.13,residential,India
1,2028-11-06,517.14,residential,India
1,2028-11-07,512.36,residential,India
1,2028-11-08,521.0,residential,India
1,2028-11-09,537.28,residential,India
1,2028-11-10,491.23,residential,India
1,2028-11-11,561.65,residential,India
1,2028-11-12,494.54,residential,India
1,2028-11-13,568.18,residential,India
1,2028-11-14,499.63,residential,India
1,2028-11-15,521.04,residential,India
1,2028-11-16,530.28,residential,India
1,2028-11-17,553.76,residential,India
1,2028-11-18,539.63,residential,India
1,2028-11-19,566.91,residential,India
1,2028-11-20,517.31,residential,India
1,2028-11-21,539.32,residential,India
1,2028-11-22,509.41,residential,India
1,2028-11-23,499.25,residential,India
1,2028-11-24,579.61,residential,India
1,2028-11-25,520.97,residential,India
1,2028-11-26,545.6,residential,India
1,2028-11-27,515.9,residential,India
1,2028-11-28,547.55,residential,India
1,2028-11-29,549.23,residential,India
1,2028-11-30,552.67,residential,India
1,2028-12-01,536.36,residential,India
1,2028-12-02,561.01,residential,India
1,2028-12-03,550.23,residential,India
1,2028-12-04,530.59,residential,India
1,2028-12-05,521.38,residential,India
1,2028-12-06,500.07,residential,India
1,2028-12-07,543.34,residential,India
1,2028-12-08,565.86,residential,India
1,2028-12-09,482.77,residential,India
1,2028-12-10,548.6,residential,India
1,2028-12-11,518.55,residential,India
1,2028-12-12,532.48,residential,India
1,2028-12-13,541.47,residential,India
1,2028-12-14,510.37,residential,India
1,2028-12-15,545.29,residential,India
1,2028-12-16,511.37,residential,India
1,2028-12-17,567.99,residential,India
1,2028-12-18,505.75,residential,India
1,2028-12-19,526.34,residential,India
1,2028-12-20,543.66,residential,India
1,2028-12-21,516.83,residential,India
1,2028-12-22,507.33,residential,India
1,2028-12-23,525.78,residential,India
1,2028-12-24,522.91,residential,India
1,2028-12-25,552.38,residential,India
1,2028-12-26,552.37,residential,India
1,2028-12-27,497.94,residential,India
1,2028-12-28,534.38,residential,India
1,2028-12-29,510.67,residential,India
1,2028-12-30,572.86,residential,India
1,2028-12-31,573.79,residential,India
1,2029-01-01,544.78,residential,India
1,2029-01-02,526.93,residential,India
1,2029-01-03,552.99,residential,India
1,2029-01-04,548.26,residential,India
1,2029-01-05,524.77,residential,India
1,2029-01-06,520.42,residential,India
1,2029-01-07,548.59,residential,India
1,2029-01-08,533.01,residential,India
1,2029-01-09,516.53,residential,India
1,2029-01-10,515.65,residential,India
1,2029-01-11,512.81,residential,India
1,2029-01-12,537.22,residential,India
1,2029-01-13,535.37,residential,India
1,2029-01-14,539.84,residential,India
1,2029-01-15,545.23,residential,India
1,2029-01-16,559.05,residential,India
1,2029-01-17,522.93,residential,India
1,2029-01-18,525.51,residential,India
1,2029-01-19,551.08,residential,India
1,2029-01-20,538.42,residential,India
1,2029-01-21,533.31,residential,India
1,2029-01-22,516.45,residential,India
1,2029-01-23,540.12,residential,India
1,2029-01-24,557.91,residential,India
1,2029-01-25,532.9,residential,India
1,2029-01-26,570.68,residential,India
1,2029-01-27,497.91,residential,India
1,2029-01-28,556.97,residential,India
1,2029-01-29,518.29,residential,India
1,2029-01-30,546.13,residential,India
1,2029-01-31,520.84,residential,India
1,2029-02-01,558.22,residential,India
1,2029-02-02,518.37,residential,India
1,2029-02-03,536.1,residential,India
1,2029-02-04,520.58,residential,India
1,2029-02-05,512.5,residential,India
1,2029-02-06,544.66,residential,India
1,2029-02-07,538.12,residential,India
1,2029-02-08,505.64,residential,India
1,2029-02-09,513.91,residential,India
1,2029-02-10,536.84,residential,India
1,2029-02-11,545.73,residential,India
1,2029-02-12,513.2,residential,India
1,2029-02-13,530.33,residential,India
1,2029-02-14,570.23,residential,India
1,2029-02-15,532.04,residential,India
1,2029-02-16,563.3,residential,India
1,2029-02-17,529.05,residential,India
1,2029-02-18,530.0,residential,India
1,2029-02-19,544.28,residential,India
1,2029-02-20,581.56,residential,India
1,2029-02-21,550.73,residential,India
1,2029-02-22,521.14,residential,India
1,2029-02-23,527.53,residential,India
1,2029-02-24,535.06,residential,India
1,2029-02-25,522.92,residential,India
1,2029-02-26,532.68,residential,India
1,2029-02-27,521.54,residential,India
1,2029-02-28,517.54,residential,India
1,2029-03-01,560.23,residential,India
1,2029-03-02,564.68,residential,India
1,2029-03-03,530.97,residential,India
1,2029-03-04,536.14,residential,India
1,2029-03-05,548.63,residential,India
1,2029-03-06,579.75,residential,India
1,2029-03-07,515.79,residential,India
1,2029-03-08,518.95,residential,India
1,2029-03-09,560.53,residential,India
1,2029-03-10,543.24,residential,India
1,2029-03-11,556.92,residential,India
1,2029-03-12,523.05,residential,India
1,2029-03-13,520.82,residential,India
1,2029-03-14,552.23,residential,India
1,2029-03-15,557.9,residential,India
1,2029-03-16,524.64,residential,India
1,2029-03-17,526.36,residential,India
1,2029-03-18,530.83,residential,India
1,2029-03-19,527.23,residential,India
1,2029-03-20,538.31,residential,India
1,2029-03-21,494.79,residential,India
1,2029-03-22,501.89,residential,India
1,2029-03-23,554.53,residential,India
1,2029-03-24,542.4,residential,India
1,2029-03-25,533.97,residential,India
1,2029-03-26,512.04,residential,India
1,2029-03-27,537.11,residential,India
1,2029-03-28,552.13,residential,India
1,2029-03-29,550.57,residential,India
1,2029-03-30,558.71,residential,India
1,2029-03-31,519.77,residential,India
1,2029-04-01,536.5,residential,India
1,2029-04-02,517.4,residential,India
1,2029-04-03,536.43,residential,India
1,2029-04-04,496.53,residential,India
1,2029-04-05,538.43,residential,India
1,2029-04-06,545.78,residential,India
1,2029-04-07,527.15,residential,India
1,2029-04-08,525.23,residential,India
1,2029-04-09,522.1,residential,India
1,2029-04-10,581.67,residential,India
1,2029-04-11,539.36,residential,India
1,2029-04-12,511.64,residential,India
1,2029-04-13,502.67,residential,India
1,2029-04-14,531.35,residential,India
1,2029-04-15,545.49,residential,India
1,2029-04-16,521.85,residential,India
1,2029-04-17,564.62,residential,India
1,2029-04-18,531.92,residential,India
1,2029-04-19,556.59,residential,India
1,2029-04-20,533.93,residential,India
1,2029-04-21,557.61,residential,India
1,2029-04-22,536.84,residential,India
1,2029-04-23,577.94,residential,India
1,2029-04-24,519.89,residential,India
1,2029-04-25,567.8,residential,India
1,2029-04-26,532.37,residential,India
1,2029-04-27,552.86,residential,India
1,2029-04-28,538.94,residential,India
1,2029-04-29,535.59,residential,India
1,2029-04-30,555.92,residential,India
1,2029-05-01,509.61,residential,India
1,2029-05-02,545.52,residential,India
1,2029-05-03,515.79,residential,India
1,2029-05-04,542.79,residential,India
1,2029-05-05,549.85,residential,India
1,2029-05-06,571.07,residential,India
1,2029-05-07,554.35,residential,India
1,2029-05-08,536.98,residential,India
1,2029-05-09,547.99,residential,India
1,2029-05-10,515.02,residential,India
1,2029-05-11,509.5,residential,India
1,2029-05-12,558.24,residential,India
1,2029-05-13,535.55,residential,India
1,2029-05-14,529.39,residential,India
1,2029-05-15,534.34,residential,India
1,2029-05-16,509.62,residential,India
1,2029-05-17,514.75,residential,India
1,2029-05-18,503.94,residential,India
1,2029-05-19,530.65,residential,India
1,2029-05-20,514.35,residential,India
1,2029-05-21,563.44,residential,India
1,2029-05-22,547.66,residential,India
1,2029-05-23,561.5,residential,India
1,2029-05-24,544.69,residential,India
1,2029-05-25,541.41,residential,India
1,2029-05-26,546.71,residential,India
1,2029-05-27,533.32,residential,India
1,2029-05-28,512.32,residential,India
1,2029-05-29,544.27,residential,India
1,2029-05-30,544.64,residential,India
1,2029-05-31,533.72,residential,India
1,2029-06-01,531.1,residential,India
1,2029-06-02,518.66,residential,India
1,2029-06-03,556.37,residential,India
1,2029-06-04,537.99,residential,India
1,2029-06-05,532.38,residential,India
1,2029-06-06,501.36,residential,India
1,2029-06-07,516.85,residential,India
1,2029-06-08,535.42,residential,India
1,2029-06-09,555.54,residential,India
1,2029-06-10,539.42,residential,India
1,2029-06-11,516.14,residential,India
1,2029-06-12,559.43,residential,India
1,2029-06-13,565.07,residential,India
1,2029-06-14,538.93,residential,India
1,2029-06-15,533.98,residential,India
1,2029-06-16,535.72,residential,India
1,2029-06-17,557.52,residential,India
1,2029-06-18,555.67,residential,India
1,2029-06-19,558.87,residential,India
1,2029-06-20,557.93,residential,India
1,2029-06-21,539.94,residential,India
1,2029-06-22,571.54,residential,India
1,2029-06-23,529.86,residential,India
1,2029-06-24,558.67,residential,India
1,2029-06-25,512.9,residential,India
1,2029-06-26,551.47,residential,India
1,2029-06-27,508.06,residential,India
1,2029-06-28,533.54,residential,India
1,2029-06-29,560.11,residential,India
1,2029-06-30,504.64,residential,India
1,2029-07-01,547.23,residential,India
1,2029-07-02,543.1,residential,India
1,2029-07-03,519.8,residential,India
1,2029-07-04,584.78,residential,India
1,2029-07-05,535.94,residential,India
1,2029-07-06,540.22,residential,India
1,2029-07-07,533.26,residential,India
1,2029-07-08,534.09,residential,India
1,2029-07-09,562.98,residential,India
1,2029-07-10,524.7,residential,India
1,2029-07-11,511.63,residential,India
1,2029-07-12,526.6,residential,India
1,2029-07-13,536.68,residential,India
1,2029-07-14,547.56,residential,India
1,2029-07-15,557.13,residential,India
1,2029-07-16,516.05,residential,India
1,2029-07-17,537.15,residential,India
1,2029-07-18,523.06,residential,India
1,2029-07-19,563.42,residential,India
1,2029-07-20,546.04,residential,India
1,2029-07-21,551.1,residential,India
1,2029-07-22,554.11,residential,India
1,2029-07-23,486.53,residential,India
1,2029-07-24,498.0,residential,India
1,2029-07-25,496.32,residential,India
1,2029-07-26,531.29,residential,India
1,2029-07-27,532.2,residential,India
1,2029-07-28,560.47,residential,India
1,2029-07-29,542.52,residential,India
1,2029-07-30,552.6,residential,India
1,2029-07-31,521.95,residential,India
1,2029-08-01,496.94,residential,India
1,2029-08-02,518.54,residential,India
1,2029-08-03,481.87,residential,India
1,2029-08-04,520.25,residential,India
1,2029-08-05,577.55,residential,India
1,2029-08-06,554.61,residential,India
1,2029-08-07,532.16,residential,India
1,2029-08-08,536.77,residential,India
1,2029-08-09,524.57,residential,India
1,2029-08-10,538.82,residential,India
1,2029-08-11,526.76,residential,India
1,2029-08-12,531.95,residential,India
1,2029-08-13,531.01,residential,India
1,2029-08-14,511.05,residential,India
1,2029-08-15,526.67,residential,India
1,2029-08-16,523.08,residential,India
1,2029-08-17,503.93,residential,India
1,2029-08-18,540.55,residential,India
1,2029-08-19,520.9,residential,India
1,2029-08-20,541.61,residential,India
1,2029-08-21,556.58,residential,India
1,2029-08-22,530.05,residential,India
1,2029-08-23,559.44,residential,India
1,2029-08-24,525.74,residential,India
1,2029-08-25,518.06,residential,India
1,2029-08-26,538.55,residential,India
1,2029-08-27,543.52,residential,India
1,2029-08-28,521.08,residential,India
1,2029-08-29,545.8,residential,India
1,2029-08-30,554.19,residential,India
1,2029-08-31,536.29,residential,India
1,2029-09-01,502.23,residential,India
1,2029-09-02,528.37,residential,India
1,2029-09-03,519.69,residential,India
1,2029-09-04,577.29,residential,India
1,2029-09-05,539.26,residential,India
1,2029-09-06,535.01,residential,India
1,2029-09-07,520.21,residential,India
1,2029-09-08,524.53,residential,India
1,2029-09-09,537.31,residential,India
1,2029-09-10,524.51,residential,India
1,2029-09-11,547.5,residential,India
1,2029-09-12,535.9,residential,India
1,2029-09-13,538.05,residential,India
1,2029-09-14,526.76,residential,India
1,2029-09-15,500.91,residential,India
1,2029-09-16,523.56,residential,India
1,2029-09-17,543.68,residential,India
1,2029-09-18,511.33,residential,India
1,2029-09-19,510.83,residential,India
1,2029-09-20,499.23,residential,India
1,2029-09-21,539.21,residential,India
1,2029-09-22,556.82,residential,India
1,2029-09-23,529.96,residential,India
1,2029-09-24,547.9,residential,India
1,2029-09-25,530.68,residential,India
1,2029-09-26,538.38,residential,India
1,2029-09-27,526.91,residential,India
1,2029-09-28,534.69,residential,India
1,2029-09-29,549.95,residential,India
1,2029-09-30,507.62,residential,India
1,2029-10-01,537.02,residential,India
1,2029-10-02,560.87,residential,India
1,2029-10-03,518.48,residential,India
1,2029-10-04,530.32,residential,India
1,2029-10-05,537.98,residential,India
1,2029-10-06,550.07,residential,India
1,2029-10-07,588.86,residential,India
1,2029-10-08,585.27,residential,India
1,2029-10-09,538.55,residential,India
1,2029-10-10,494.32,residential,India
1,2029-10-11,543.02,residential,India
1,2029-10-12,542.27,residential,India
1,2029-10-13,526.92,residential,India
1,2029-10-14,552.36,residential,India
1,2029-10-15,482.16,residential,India
1,2029-10-16,541.35,residential,India
1,2029-10-17,527.37,residential,India
1,2029-10-18,549.78,residential,India
1,2029-10-19,534.64,residential,India
1,2029-10-20,515.5,residential,India
1,2029-10-21,544.3,residential,India
1,2029-10-22,525.96,residential,India
1,2029-10-23,536.82,residential,India
1,2029-10-24,540.29,residential,India
1,2029-10-25,540.71,residential,India
1,2029-10-26,541.02,residential,India
1,2029-10-27,513.02,residential,India
1,2029-10-28,543.04,residential,India
1,2029-10-29,493.13,residential,India
1,2029-10-30,486.93,residential,India
1,2029-10-31,516.35,residential,India
1,2029-11-01,482.0,residential,India
1,2029-11-02,523.65,residential,India
1,2029-11-03,573.59,residential,India
1,2029-11-04,556.09,residential,India
1,2029-11-05,539.64,residential,India
1,2029-11-06,516.75,residential,India
1,2029-11-07,521.88,residential,India
1,2029-11-08,507.23,residential,India
1,2029-11-09,531.19,residential,India
1,2029-11-10,540.08,residential,India
1,2029-11-11,490.06,residential,India
1,2029-11-12,514.82,residential,India
1,2029-11-13,546.93,residential,India
1,2029-11-14,491.69,residential,India
1,2029-11-15,546.18,residential,India
1,2029-11-16,528.34,residential,India
1,2029-11-17,488.51,residential,India
1,2029-11-18,535.67,residential,India
1,2029-11-19,538.13,residential,India
1,2029-11-20,500.94,residential,India
1,2029-11-21,550.27,residential,India
1,2029-11-22,536.24,residential,India
1,2029-11-23,525.55,residential,India
1,2029-11-24,510.2,residential,India
1,2029-11-25,545.59,residential,India
1,2029-11-26,515.01,residential,India
1,2029-11-27,543.86,residential,India
1,2029-11-28,508.14,residential,India
1,2029-11-29,520.74,residential,India
1,2029-11-30,542.41,residential,India
1,2029-12-01,539.21,residential,India
1,2029-12-02,525.7,residential,India
1,2029-12-03,560.0,residential,India
1,2029-12-04,513.68,residential,India
1,2029-12-05,503.41,residential,India
1,2029-12-06,481.56,residential,India
1,2029-12-07,552.34,residential,India
1,2029-12-08,532.9,residential,India
1,2029-12-09,524.1,residential,India
1,2029-12-10,545.46,residential,India
1,2029-12-11,538.33,residential,India
1,2029-12-12,516.12,residential,India
1,2029-12-13,508.38,residential,India
1,2029-12-14,553.49,residential,India
1,2029-12-15,531.92,residential,India
1,2029-12-16,522.16,residential,India
1,2029-12-17,530.52,residential,India
1,2029-12-18,506.54,residential,India
1,2029-12-19,532.55,residential,India
1,2029-12-20,514.48,residential,India
1,2029-12-21,519.58,residential,India
1,2029-12-22,504.0,residential,India
1,2029-12-23,530.13,residential,India
1,2029-12-24,496.79,residential,India
1,2029-12-25,511.54,residential,India
1,2029-12-26,576.93,residential,India
1,2029-12-27,547.23,residential,India
1,2029-12-28,505.66,residential,India
1,2029-12-29,508.84,residential,India
1,2029-12-30,550.21,residential,India
1,2029-12-31,534.32,residential,India
1,2030-01-01,556.88,residential,India
1,2030-01-02,508.52,residential,India
1,2030-01-03,533.88,residential,India
1,2030-01-04,540.35,residential,India
1,2030-01-05,498.04,residential,India
1,2030-01-06,509.02,residential,India
1,2030-01-07,500.41,residential,India
1,2030-01-08,490.57,residential,India
1,2030-01-09,551.76,residential,India
1,2030-01-10,499.31,residential,India
1,2030-01-11,525.05,residential,India
1,2030-01-12,525.6,residential,India
1,2030-01-13,512.2,residential,India
1,2030-01-14,529.55,residential,India
1,2030-01-15,480.14,residential,India
1,2030-01-16,532.14,residential,India
1,2030-01-17,486.72,residential,India
1,2030-01-18,505.1,residential,India
1,2030-01-19,499.25,residential,India
1,2030-01-20,504.32,residential,India
1,2030-01-21,509.15,residential,India
1,2030-01-22,500.97,residential,India
1,2030-01-23,548.36,residential,India
1,2030-01-24,556.4,residential,India
1,2030-01-25,492.07,residential,India
1,2030-01-26,527.27,residential,India
1,2030-01-27,499.07,residential,India
1,2030-01-28,500.37,residential,India
1,2030-01-29,520.41,residential,India
1,2030-01-30,498.07,residential,India
1,2030-01-31,525.84,residential,India
1,2030-02-01,487.84,residential,India
1,2030-02-02,514.73,residential,India
1,2030-02-03,503.46,residential,India
1,2030-02-04,493.92,residential,India
1,2030-02-05,479.83,residential,India
1,2030-02-06,487.73,residential,India
1,2030-02-07,498.41,residential,India
1,2030-02-08,535.0,residential,India
1,2030-02-09,490.71,residential,India
1,2030-02-10,496.17,residential,India
1,2030-02-11,536.77,residential,India
1,2030-02-12,522.29,residential,India
1,2030-02-13,493.78,residential,India
1,2030-02-14,489.07,residential,India
1,2030-02-15,506.47,residential,India
1,2030-02-16,509.16,residential,India
1,2030-02-17,511.52,residential,India
1,2030-02-18,466.72,residential,India
1,2030-02-19,502.77,residential,India
1,2030-02-20,522.94,residential,India
1,2030-02-21,495.75,residential,India
1,2030-02-22,512.98,residential,India
1,2030-02-23,525.87,residential,India
1,2030-02-24,504.32,residential,India
1,2030-02-25,494.65,residential,India
1,2030-02-26,493.59,residential,India
1,2030-02-27,512.29,residential,India
1,2030-02-28,540.89,residential,India
1,2030-03-01,552.79,residential,India
1,2030-03-02,515.98,residential,India
1,2030-03-03,522.77,residential,India
1,2030-03-04,493.43,residential,India
1,2030-03-05,537.96,residential,India
1,2030-03-06,518.42,residential,India
1,2030-03-07,502.83,residential,India
1,2030-03-08,506.52,residential,India
1,2030-03-09,487.0,residential,India
1,2030-03-10,517.12,residential,India
1,2030-03-11,500.75,residential,India
1,2030-03-12,496.85,residential,India
1,2030-03-13,496.15,residential,India
1,2030-03-14,503.24,residential,India
1,2030-03-15,502.67,residential,India
1,2030-03-16,481.94,residential,India
1,2030-03-17,484.41,residential,India
1,2030-03-18,512.57,residential,India
1,2030-03-19,498.83,residential,India
1,2030-03-20,538.89,residential,India
1,2030-03-21,502.88,residential,India
1,2030-03-22,491.78,residential,India
1,2030-03-23,493.4,residential,India
1,2030-03-24,541.71,residential,India
1,2030-03-25,533.02,residential,India
1,2030-03-26,513.83,residential,India
1,2030-03-27,485.21,residential,India
1,2030-03-28,497.92,residential,India
1,2030-03-29,477.03,residential,India
1,2030-03-30,503.65,residential,India
1,2030-03-31,521.86,residential,India
1,2030-04-01,482.84,residential,India
1,2030-04-02,508.74,residential,India
1,2030-04-03,498.13,residential,India
1,2030-04-04,491.77,residential,India
1,2030-04-05,511.08,residential,India
1,2030-04-06,497.66,residential,India
1,2030-04-07,478.02,residential,India
1,2030-04-08,490.79,residential,India
1,2030-04-09,507.97,residential,India
1,2030-04-10,513.88,residential,India
1,2030-04-11,514.23,residential,India
1,2030-04-12,483.75,residential,India
1,2030-04-13,519.31,residential,India
1,2030-04-14,500.43,residential,India
1,2030-04-15,539.83,residential,India
1,2030-04-16,479.74,residential,India
1,2030-04-17,508.31,residential,India
1,2030-04-18,513.47,residential,India
1,2030-04-19,530.19,residential,India
1,2030-04-20,476.78,residential,India
1,2030-04-21,484.42,residential,India
1,2030-04-22,496.66,residential,India
1,2030-04-23,507.02,residential,India
1,2030-04-24,476.28,residential,India
1,2030-04-25,488.78,residential,India
1,2030-04-26,505.7,residential,India
1,2030-04-27,483.89,residential,India
1,2030-04-28,489.03,residential,India
1,2030-04-29,476.57,residential,India
1,2030-04-30,501.4,residential,India
1,2030-05-01,546.2,residential,India
1,2030-05-02,486.27,residential,India
1,2030-05-03,506.27,residential,India
1,2030-05-04,521.34,residential,India
1,2030-05-05,482.46,residential,India
1,2030-05-06,498.57,residential,India
1,2030-05-07,484.64,residential,India
1,2030-05-08,493.25,residential,India
1,2030-05-09,493.06,residential,India
1,2030-05-10,507.69,residential,India
1,2030-05-11,468.01,residential,India
1,2030-05-12,465.29,residential,India
1,2030-05-13,466.49,residential,India
1,2030-05-14,511.82,residential,India
1,2030-05-15,481.05,residential,India
1,2030-05-16,487.26,residential,India
1,2030-05-17,482.2,residential,India
1,2030-05-18,475.97,residential,India
1,2030-05-19,473.21,residential,India
1,2030-05-20,515.96,residential,India
1,2030-05-21,450.01,residential,India
1,2030-05-22,542.36,residential,India
1,2030-05-23,488.36,residential,India
1,2030-05-24,492.29,residential,India
1,2030-05-25,452.96,residential,India
1,2030-05-26,463.41,residential,India
1,2030-05-27,490.16,residential,India
1,2030-05-28,481.94,residential,India
1,2030-05-29,478.76,residential,India
1,2030-05-30,507.93,residential,India
1,2030-05-31,471.68,residential,India
1,2030-06-01,480.34,residential,India
1,2030-06-02,511.65,residential,India
1,2030-06-03,500.56,residential,India
1,2030-06-04,510.04,residential,India
1,2030-06-05,493.41,residential,India
1,2030-06-06,476.9,residential,India
1,2030-06-07,480.09,residential,India
1,2030-06-08,478.33,residential,India
1,2030-06-09,468.17,residential,India
1,2030-06-10,495.33,residential,India
1,2030-06-11,442.33,residential,India
1,2030-06-12,479.21,residential,India
1,2030-06-13,487.57,residential,India
1,2030-06-14,498.11,residential,India
1,2030-06-15,462.22,residential,India
1,2030-06-16,480.73,residential,India
1,2030-06-17,489.4,residential,India
1,2030-06-18,480.35,residential,India
1,2030-06-19,502.59,residential,India
1,2030-06-20,467.98,residential,India
1,2030-06-21,484.66,residential,India
1,2030-06-22,451.83,residential,India
1,2030-06-23,488.12,residential,India
1,2030-06-24,516.76,residential,India
1,2030-06-25,484.13,residential,India
1,2030-06-26,483.09,residential,India
1,2030-06-27,483.23,residential,India
1,2030-06-28,508.24,residential,India
1,2030-06-29,428.12,residential,India
1,2030-06-30,467.67,residential,India
1,2030-07-01,494.76,residential,India
1,2030-07-02,481.74,residential,India
1,2030-07-03,487.39,residential,India
1,2030-07-04,491.44,residential,India
1,2030-07-05,475.16,residential,India
1,2030-07-06,506.6,residential,India
1,2030-07-07,456.18,residential,India
1,2030-07-08,526.68,residential,India
1,2030-07-09,492.46,residential,India
1,2030-07-10,495.59,residential,India
1,2030-07-11,485.5,residential,India
1,2030-07-12,492.62,residential,India
1,2030-07-13,502.93,residential,India
1,2030-07-14,516.06,residential,India
1,2030-07-15,493.27,residential,India
1,2030-07-16,507.61,residential,India
1,2030-07-17,503.5,residential,India
1,2030-07-18,453.73,residential,India
1,2030-07-19,458.73,residential,India
1,2030-07-20,478.06,residential,India
1,2030-07-21,513.66,residential,India
1,2030-07-22,488.16,residential,India
1,2030-07-23,481.26,residential,India
1,2030-07-24,487.83,residential,India
1,2030-07-25,457.72,residential,India
1,2030-07-26,489.56,residential,India
1,2030-07-27,473.14,residential,India
1,2030-07-28,501.52,residential,India
1,2030-07-29,468.5,residential,India
1,2030-07-30,448.19,residential,India
1,2030-07-31,487.02,residential,India
1,2030-08-01,473.48,residential,India
1,2030-08-02,445.97,residential,India
1,2030-08-03,513.86,residential,India
1,2030-08-04,484.98,residential,India
1,2030-08-05,488.68,residential,India
1,2030-08-06,490.26,residential,India
1,2030-08-07,495.82,residential,India
1,2030-08-08,484.54,residential,India
1,2030-08-09,491.39,residential,India
1,2030-08-10,481.16,residential,India
1,2030-08-11,469.86,residential,India
1,2030-08-12,483.81,residential,India
1,2030-08-13,481.94,residential,India
1,2030-08-14,492.33,residential,India
1,2030-08-15,465.2,residential,India
1,2030-08-16,454.94,residential,India
1,2030-08-17,491.28,residential,India
1,2030-08-18,486.97,residential,India
1,2030-08-19,478.04,residential,India
1,2030-08-20,481.07,residential,India
1,2030-08-21,491.59,residential,India
1,2030-08-22,481.77,residential,India
1,2030-08-23,488.47,residential,India
1,2030-08-24,500.29,residential,India
1,2030-08-25,457.49,residential,India
1,2030-08-26,448.76,residential,India
1,2030-08-27,486.04,residential,India
1,2030-08-28,487.11,residential,India
1,2030-08-29,481.9,residential,India
1,2030-08-30,464.9,residential,India
1,2030-08-31,478.16,residential,India
1,2030-09-01,443.8,residential,India
1,2030-09-02,434.92,residential,India
1,2030-09-03,531.54,residential,India
1,2030-09-04,449.59,residential,India
1,2030-09-05,471.27,residential,India
1,2030-09-06,486.23,residential,India
1,2030-09-07,470.46,residential,India
1,2030-09-08,505.43,residential,India
1,2030-09-09,452.11,residential,India
1,2030-09-10,446.62,residential,India
1,2030-09-11,441.05,residential,India
1,2030-09-12,472.76,residential,India
1,2030-09-13,479.14,residential,India
1,2030-09-14,486.42,residential,India
1,2030-09-15,485.78,residential,India
1,2030-09-16,487.26,residential,India
1,2030-09-17,470.55,residential,India
1,2030-09-18,482.23,residential,India
1,2030-09-19,504.03,residential,India
1,2030-09-20,466.98,residential,India
1,2030-09-21,493.36,residential,India
1,2030-09-22,452.58,residential,India
1,2030-09-23,472.01,residential,India
1,2030-09-24,482.06,residential,India
1,2030-09-25,463.34,residential,India
1,2030-09-26,472.56,residential,India
1,2030-09-27,460.35,residential,India
1,2030-09-28,455.98,residential,India
1,2030-09-29,492.99,residential,India
1,2030-09-30,454.99,residential,India
1,2030-10-01,481.5,residential,India
1,2030-10-02,477.93,residential,India
1,2030-10-03,416.68,residential,India
1,2030-10-04,449.43,residential,India
1,2030-10-05,495.92,residential,India
1,2030-10-06,476.67,residential,India
1,2030-10-07,446.91,residential,India
1,2030-10-08,490.23,residential,India
1,2030-10-09,434.24,residential,India
1,2030-10-10,452.98,residential,India
1,2030-10-11,462.94,residential,India
1,2030-10-12,460.74,residential,India
1,2030-10-13,473.5,residential,India
1,2030-10-14,474.09,residential,India
1,2030-10-15,481.3,residential,India
1,2030-10-16,469.26,residential,India
1,2030-10-17,454.77,residential,India
1,2030-10-18,452.07,residential,India
1,2030-10-19,453.06,residential,India
1,2030-10-20,454.97,residential,India
1,2030-10-21,498.91,residential,India
1,2030-10-22,444.25,residential,India
1,2030-10-23,484.07,residential,India
1,2030-10-24,467.23,residential,India
1,2030-10-25,457.55,residential,India
1,2030-10-26,452.21,residential,India
1,2030-10-27,466.04,residential,India
1,2030-10-28,462.04,residential,India
1,2030-10-29,438.02,residential,India
1,2030-10-30,422.58,residential,India
1,2030-10-31,452.68,residential,India
1,2030-11-01,444.07,residential,India
1,2030-11-02,463.33,residential,India
1,2030-11-03,491.76,residential,India
1,2030-11-04,516.51,residential,India
1,2030-11-05,497.63,residential,India
1,2030-11-06,477.62,residential,India
1,2030-11-07,451.35,residential,India
1,2030-11-08,445.01,residential,India
1,2030-11-09,450.08,residential,India
1,2030-11-10,452.28,residential,India
1,2030-11-11,524.71,residential,India
1,2030-11-12,490.42,residential,India
1,2030-11-13,465.66,residential,India
1,2030-11-14,465.0,residential,India
1,2030-11-15,492.68,residential,India
1,2030-11-16,488.71,residential,India
1,2030-11-17,479.75,residential,India
1,2030-11-18,429.32,residential,India
1,2030-11-19,472.3,residential,India
1,2030-11-20,473.34,residential,India
1,2030-11-21,438.68,residential,India
1,2030-11-22,418.97,residential,India
1,2030-11-23,470.86,residential,India
1,2030-11-24,474.57,residential,India
1,2030-11-25,444.46,residential,India
1,2030-11-26,452.67,residential,India
1,2030-11-27,488.17,residential,India
1,2030-11-28,464.42,residential,India
1,2030-11-29,464.03,residential,India
1,2030-11-30,462.91,residential,India
1,2030-12-01,440.07,residential,India
1,2030-12-02,447.47,residential,India
1,2030-12-03,451.95,residential,India
1,2030-12-04,439.47,residential,India
1,2030-12-05,482.21,residential,India
1,2030-12-06,516.02,residential,India
1,2030-12-07,486.79,residential,India
1,2030-12-08,429.26,residential,India
1,2030-12-09,475.61,residential,India
1,2030-12-10,479.47,residential,India
1,2030-12-11,486.45,residential,India
1,2030-12-12,471.06,residential,India
1,2030-12-13,484.65,residential,India
1,2030-12-14,454.77,residential,India
1,2030-12-15,472.02,residential,India
1,2030-12-16,477.64,residential,India
1,2030-12-17,435.56,residential,India
1,2030-12-18,497.5,residential,India
1,2030-12-19,420.76,residential,India
1,2030-12-20,438.67,residential,India
1,2030-12-21,450.01,residential,India
1,2030-12-22,428.8,residential,India
1,2030-12-23,464.07,residential,India
1,2030-12-24,474.25,residential,India
1,2030-12-25,457.87,residential,India
1,2030-12-26,464.07,residential,India
1,2030-12-27,475.9,residential,India
1,2030-12-28,480.11,residential,India
1,2030-12-29,476.23,residential,India
1,2030-12-30,435.63,residential,India
1,2030-12-31,477.71,residential,India
1,2031-01-01,437.74,residential,India
1,2031-01-02,445.58,residential,India
1,2031-01-03,491.66,residential,India
1,2031-01-04,465.16,residential,India
1,2031-01-05,455.24,residential,India
1,2031-01-06,460.35,residential,India
1,2031-01-07,444.15,residential,India
1,2031-01-08,426.58,residential,India
1,2031-01-09,470.76,residential,India
1,2031-01-10,452.93,residential,India
1,2031-01-11,465.76,residential,India
1,2031-01-12,465.44,residential,India
1,2031-01-13,446.17,residential,India
1,2031-01-14,455.53,residential,India
1,2031-01-15,452.3,residential,India
1,2031-01-16,453.48,residential,India
1,2031-01-17,430.33,residential,India
1,2031-01-18,489.53,residential,India
1,2031-01-19,475.3,residential,India
1,2031-01-20,417.61,residential,India
1,2031-01-21,473.89,residential,India
1,2031-01-22,425.88,residential,India
1,2031-01-23,457.78,residential,India
1,2031-01-24,451.02,residential,India
1,2031-01-25,453.61,residential,India
1,2031-01-26,480.58,residential,India
1,2031-01-27,470.32,residential,India
1,2031-01-28,470.88,residential,India
1,2031-01-29,455.51,residential,India
1,2031-01-30,449.33,residential,India
1,2031-01-31,452.44,residential,India
1,2031-02-01,455.2,residential,India
1,2031-02-02,471.61,residential,India
1,2031-02-03,465.45,residential,India
1,2031-02-04,454.41,residential,India
1,2031-02-05,434.75,residential,India
1,2031-02-06,460.93,residential,India
1,2031-02-07,453.07,residential,India
1,2031-02-08,449.95,residential,India
1,2031-02-09,479.23,residential,India
1,2031-02-10,441.83,residential,India
1,2031-02-11,457.39,residential,India
1,2031-02-12,486.12,residential,India
1,2031-02-13,433.01,residential,India
1,2031-02-14,460.12,residential,India
1,2031-02-15,487.09,residential,India
1,2031-02-16,455.38,residential,India
1,2031-02-17,487.87,residential,India
1,2031-02-18,425.76,residential,India
1,2031-02-19,490.63,residential,India
1,2031-02-20,438.94,residential,India
1,2031-02-21,472.09,residential,India
1,2031-02-22,461.76,residential,India
1,2031-02-23,476.96,residential,India
1,2031-02-24,439.45,residential,India
1,2031-02-25,450.54,residential,India
1,2031-02-26,466.5,residential,India
1,2031-02-27,455.15,residential,India
1,2031-02-28,485.6,residential,India
1,2031-03-01,459.77,residential,India
1,2031-03-02,421.11,residential,India
1,2031-03-03,462.47,residential,India
1,2031-03-04,470.89,residential,India
1,2031-03-05,464.91,residential,India
1,2031-03-06,432.98,residential,India
1,2031-03-07,425.76,residential,India
1,2031-03-08,492.15,residential,India
1,2031-03-09,426.2,residential,India
1,2031-03-10,483.19,residential,India
1,2031-03-11,448.74,residential,India
1,2031-03-12,455.4,residential,India
1,2031-03-13,472.44,residential,India
1,2031-03-14,431.49,residential,India
1,2031-03-15,448.39,residential,India
1,2031-03-16,396.76,residential,India
1,2031-03-17,433.6,residential,India
1,2031-03-18,488.94,residential,India
1,2031-03-19,459.65,residential,India
1,2031-03-20,436.87,residential,India
1,2031-03-21,457.01,residential,India
1,2031-03-22,479.31,residential,India
1,2031-03-23,524.19,residential,India
1,2031-03-24,441.57,residential,India
1,2031-03-25,514.86,residential,India
1,2031-03-26,437.68,residential,India
1,2031-03-27,424.9,residential,India
1,2031-03-28,432.93,residential,India
1,2031-03-29,477.88,residential,India
1,2031-03-30,467.0,residential,India
1,2031-03-31,469.79,residential,India
1,2031-04-01,465.8,residential,India
1,2031-04-02,446.07,residential,India
1,2031-04-03,505.23,residential,India
1,2031-04-04,445.65,residential,India
1,2031-04-05,436.52,residential,India
1,2031-04-06,455.73,residential,India
1,2031-04-07,492.29,residential,India
1,2031-04-08,460.36,residential,India
1,2031-04-09,467.67,residential,India
1,2031-04-10,454.46,residential,India
1,2031-04-11,450.65,residential,India
1,2031-04-12,458.84,residential,India
1,2031-04-13,423.01,residential,India
1,2031-04-14,417.63,residential,India
1,2031-04-15,453.52,residential,India
1,2031-04-16,477.93,residential,India
1,2031-04-17,464.32,residential,India
1,2031-04-18,457.09,residential,India
1,2031-04-19,441.39,residential,India
1,2031-04-20,450.5,residential,India
1,2031-04-21,428.34,residential,India
1,2031-04-22,447.91,residential,India
1,2031-04-23,512.91,residential,India
1,2031-04-24,486.95,residential,India
1,2031-04-25,433.06,residential,India
1,2031-04-26,443.55,residential,India
1,2031-04-27,474.4,residential,India
1,2031-04-28,471.51,residential,India
1,2031-04-29,441.99,residential,India
1,2031-04-30,501.24,residential,India
1,2031-05-01,460.68,residential,India
1,2031-05-02,449.83,residential,India
1,2031-05-03,484.77,residential,India
1,2031-05-04,467.82,residential,India
1,2031-05-05,470.84,residential,India
1,2031-05-06,461.91,residential,India
1,2031-05-07,513.05,residential,India
1,2031-05-08,450.27,residential,India
1,2031-05-09,474.61,residential,India
1,2031-05-10,481.69,residential,India
1,2031-05-11,467.14,residential,India
1,2031-05-12,456.5,residential,India
1,2031-05-13,462.82,residential,India
1,2031-05-14,466.47,residential,India
1,2031-05-15,457.92,residential,India
1,2031-05-16,469.97,residential,India
1,2031-05-17,479.49,residential,India
1,2031-05-18,468.57,residential,India
1,2031-05-19,486.73,residential,India
1,2031-05-20,448.77,residential,India
1,2031-05-21,435.92,residential,India
1,2031-05-22,476.88,residential,India
1,2031-05-23,461.63,residential,India
1,2031-05-24,490.84,residential,India
1,2031-05-25,487.16,residential,India
1,2031-05-26,466.23,residential,India
1,2031-05-27,427.28,residential,India
1,2031-05-28,476.29,residential,India
1,2031-05-29,468.5,residential,India
1,2031-05-30,483.03,residential,India
1,2031-05-31,436.26,residential,India
1,2031-06-01,459.45,residential,India
1,2031-06-02,456.76,residential,India
1,2031-06-03,442.06,residential,India
1,2031-06-04,465.29,residential,India
1,2031-06-05,485.71,residential,India
1,2031-06-06,452.15,residential,India
1,2031-06-07,481.39,residential,India
1,2031-06-08,470.75,residential,India
1,2031-06-09,419.19,residential,India
1,2031-06-10,503.45,residential,India
1,2031-06-11,461.09,residential,India
1,2031-06-12,435.74,residential,India
1,2031-06-13,492.14,residential,India
1,2031-06-14,465.91,residential,India
1,2031-06-15,467.32,residential,India
1,2031-06-16,498.66,residential,India
1,2031-06-17,452.19,residential,India
1,2031-06-18,470.13,residential,India
1,2031-06-19,470.23,residential,India
1,2031-06-20,454.53,residential,India
1,2031-06-21,488.36,residential,India
1,2031-06-22,472.42,residential,India
1,2031-06-23,460.64,residential,India
1,2031-06-24,426.34,residential,India
1,2031-06-25,427.29,residential,India
1,2031-06-26,492.33,residential,India
1,2031-06-27,485.65,residential,India
1,2031-06-28,476.7,residential,India
1,2031-06-29,436.62,residential,India
1,2031-06-30,483.78,residential,India
1,2031-07-01,482.68,residential,India
1,2031-07-02,477.76,residential,India
1,2031-07-03,458.66,residential,India
1,2031-07-04,466.65,residential,India
1,2031-07-05,464.13,residential,India
1,2031-07-06,426.99,residential,India
1,2031-07-07,433.7,residential,India
1,2031-07-08,486.78,residential,India
1,2031-07-09,470.65,residential,India
1,2031-07-10,439.04,residential,India
1,2031-07-11,457.24,residential,India
1,2031-07-12,518.32,residential,India
1,2031-07-13,461.17,residential,India
1,2031-07-14,438.12,residential,India
1,2031-07-15,469.95,residential,India
1,2031-07-16,450.99,residential,India
1,2031-07-17,473.56,residential,India
1,2031-07-18,488.58,residential,India
1,2031-07-19,464.71,residential,India
1,2031-07-20,477.17,residential,India
1,2031-07-21,445.76,residential,India
1,2031-07-22,481.25,residential,India
1,2031-07-23,420.26,residential,India
1,2031-07-24,460.15,residential,India
1,2031-07-25,443.32,residential,India
1,2031-07-26,478.84,residential,India
1,2031-07-27,438.23,residential,India
1,2031-07-28,489.52,residential,India
1,2031-07-29,453.94,residential,India
1,2031-07-30,463.14,residential,India
1,2031-07-31,468.96,residential,India
1,2031-08-01,407.64,residential,India
1,2031-08-02,465.08,residential,India
1,2031-08-03,440.93,residential,India
1,2031-08-04,472.88,residential,India
1,2031-08-05,480.73,residential,India
1,2031-08-06,458.9,residential,India
1,2031-08-07,422.91,residential,India
1,2031-08-08,444.88,residential,India
1,2031-08-09,451.11,residential,India
1,2031-08-10,451.38,residential,India
1,2031-08-11,449.44,residential,India
1,2031-08-12,462.53,residential,India
1,2031-08-13,437.19,residential,India
1,2031-08-14,447.25,residential,India
1,2031-08-15,465.94,residential,India
1,2031-08-16,466.13,residential,India
1,2031-08-17,478.45,residential,India
1,2031-08-18,498.44,residential,India
1,2031-08-19,477.7,residential,India
1,2031-08-20,444.89,residential,India
1,2031-08-21,491.87,residential,India
1,2031-08-22,473.71,residential,India
1,2031-08-23,484.9,residential,India
1,2031-08-24,477.22,residential,India
1,2031-08-25,481.24,residential,India
1,2031-08-26,475.0,residential,India
1,2031-08-27,494.7,residential,India
1,2031-08-28,447.09,residential,India
1,2031-08-29,450.29,residential,India
1,2031-08-30,460.49,residential,India
1,2031-08-31,482.6,residential,India
1,2031-09-01,467.89,residential,India
1,2031-09-02,489.27,residential,India
1,2031-09-03,500.28,residential,India
1,2031-09-04,480.36,residential,India
1,2031-09-05,458.87,residential,India
1,2031-09-06,462.94,residential,India
1,2031-09-07,453.97,residential,India
1,2031-09-08,485.84,residential,India
1,2031-09-09,490.21,residential,India
1,2031-09-10,447.14,residential,India
1,2031-09-11,473.81,residential,India
1,2031-09-12,445.12,residential,India
1,2031-09-13,459.65,residential,India
1,2031-09-14,487.07,residential,India
1,2031-09-15,421.01,residential,India
1,2031-09-16,462.33,residential,India
1,2031-09-17,469.44,residential,India
1,2031-09-18,460.73,residential,India
1,2031-09-19,484.4,residential,India
1,2031-09-20,482.24,residential,India
1,2031-09-21,470.22,residential,India
1,2031-09-22,489.39,residential,India
1,2031-09-23,493.1,residential,India
1,2031-09-24,452.45,residential,India
1,2031-09-25,499.81,residential,India
1,2031-09-26,491.56,residential,India
1,2031-09-27,481.37,residential,India
1,2031-09-28,461.8,residential,India
1,2031-09-29,503.95,residential,India
1,2031-09-30,433.62,residential,India
1,2031-10-01,456.3,residential,India
1,2031-10-02,443.51,residential,India
1,2031-10-03,485.88,residential,India
1,2031-10-04,503.61,residential,India
1,2031-10-05,450.1,residential,India
1,2031-10-06,455.59,residential,India
1,2031-10-07,471.56,residential,India
1,2031-10-08,446.25,residential,India
1,2031-10-09,502.75,residential,India
1,2031-10-10,481.83,residential,India
1,2031-10-11,507.63,residential,India
1,2031-10-12,495.66,residential,India
1,2031-10-13,456.17,residential,India
1,2031-10-14,472.07,residential,India
1,2031-10-15,467.83,residential,India
1,2031-10-16,475.58,residential,India
1,2031-10-17,477.87,residential,India
1,2031-10-18,496.96,residential,India
1,2031-10-19,467.58,residential,India
1,2031-10-20,483.73,residential,India
1,2031-10-21,495.28,residential,India
1,2031-10-22,469.0,residential,India
1,2031-10-23,488.56,residential,India
1,2031-10-24,490.74,residential,India
1,2031-10-25,461.6,residential,India
1,2031-10-26,476.36,residential,India
1,2031-10-27,480.78,residential,India
1,2031-10-28,473.08,residential,India
1,2031-10-29,475.56,residential,India
1,2031-10-30,457.07,residential,India
1,2031-10-31,473.68,residential,India
1,2031-11-01,485.29,residential,India
1,2031-11-02,469.81,residential,India
1,2031-11-03,514.79,residential,India
1,2031-11-04,532.22,residential,India
1,2031-11-05,490.12,residential,India
1,2031-11-06,459.14,residential,India
1,2031-11-07,487.67,residential,India
1,2031-11-08,489.23,residential,India
1,2031-11-09,495.53,residential,India
1,2031-11-10,510.13,residential,India
1,2031-11-11,478.5,residential,India
1,2031-11-12,487.71,residential,India
1,2031-11-13,459.4,residential,India
1,2031-11-14,482.77,residential,India
1,2031-11-15,463.2,residential,India
1,2031-11-16,510.29,residential,India
1,2031-11-17,501.82,residential,India
1,2031-11-18,492.5,residential,India
1,2031-11-19,460.51,residential,India
1,2031-11-20,502.76,residential,India
1,2031-11-21,469.74,residential,India
1,2031-11-22,507.01,residential,India
1,2031-11-23,477.32,residential,India
1,2031-11-24,492.33,residential,India
1,2031-11-25,475.81,residential,India
1,2031-11-26,476.81,residential,India
1,2031-11-27,513.38,residential,India
1,2031-11-28,475.86,residential,India
1,2031-11-29,496.67,residential,India
1,2031-11-30,513.91,residential,India
1,2031-12-01,477.8,residential,India
1,2031-12-02,481.44,residential,India
1,2031-12-03,465.5,residential,India
1,2031-12-04,453.32,residential,India
1,2031-12-05,470.07,residential,India
1,2031-12-06,514.75,residential,India
1,2031-12-07,483.03,residential,India
1,2031-12-08,456.94,residential,India
1,2031-12-09,531.28,residential,India
1,2031-12-10,497.03,residential,India
1,2031-12-11,466.74,residential,India
1,2031-12-12,516.14,residential,India
1,2031-12-13,502.99,residential,India
1,2031-12-14,493.23,residential,India
1,2031-12-15,509.11,residential,India
1,2031-12-16,487.36,residential,India
1,2031-12-17,480.38,residential,India
1,2031-12-18,506.65,residential,India
1,2031-12-19,473.97,residential,India
1,2031-12-20,503.11,residential,India
1,2031-12-21,473.49,residential,India
1,2031-12-22,492.27,residential,India
1,2031-12-23,470.79,residential,India
1,2031-12-24,502.66,residential,India
1,2031-12-25,478.48,residential,India
1,2031-12-26,483.66,residential,India
1,2031-12-27,485.12,residential,India
1,2031-12-28,458.63,residential,India
1,2031-12-29,500.42,residential,India
1,2031-12-30,494.05,residential,India
1,2031-12-31,495.12,residential,India
1,2032-01-01,493.31,residential,India
1,2032-01-02,542.62,residential,India
1,2032-01-03,517.65,residential,India
1,2032-01-04,494.31,residential,India
1,2032-01-05,470.8,residential,India
1,2032-01-06,470.17,residential,India
1,2032-01-07,496.61,residential,India
1,2032-01-08,479.08,residential,India
1,2032-01-09,477.53,residential,India
1,2032-01-10,452.94,residential,India
1,2032-01-11,512.48,residential,India
1,2032-01-12,499.75,residential,India
1,2032-01-13,502.57,residential,India
1,2032-01-14,490.91,residential,India
1,2032-01-15,474.37,residential,India
1,2032-01-16,501.85,residential,India
1,2032-01-17,501.74,residential,India
1,2032-01-18,485.03,residential,India
1,2032-01-19,486.01,residential,India
1,2032-01-20,491.51,residential,India
1,2032-01-21,456.15,residential,India
1,2032-01-22,469.35,residential,India
1,2032-01-23,489.39,residential,India
1,2032-01-24,519.01,residential,India
1,2032-01-25,479.38,residential,India
1,2032-01-26,513.86,residential,India
1,2032-01-27,523.62,residential,India
1,2032-01-28,499.43,residential,India
1,2032-01-29,502.16,residential,India
1,2032-01-30,487.59,residential,India
1,2032-01-31,532.29,residential,India
1,2032-02-01,524.7,residential,India
1,2032-02-02,464.18,residential,India
1,2032-02-03,502.93,residential,India
1,2032-02-04,492.67,residential,India
1,2032-02-05,465.97,residential,India
1,2032-02-06,486.6,residential,India
1,2032-02-07,512.89,residential,India
1,2032-02-08,475.69,residential,India
1,2032-02-09,507.88,residential,India
1,2032-02-10,507.23,residential,India
1,2032-02-11,491.0,residential,India
1,2032-02-12,508.74,residential,India
1,2032-02-13,547.16,residential,India
1,2032-02-14,503.3,residential,India
1,2032-02-15,489.03,residential,India
1,2032-02-16,488.04,residential,India
1,2032-02-17,498.94,residential,India
1,2032-02-18,510.8,residential,India
1,2032-02-19,489.69,residential,India
1,2032-02-20,481.39,residential,India
1,2032-02-21,498.39,residential,India
1,2032-02-22,531.34,residential,India
1,2032-02-23,472.13,residential,India
1,2032-02-24,487.51,residential,India
1,2032-02-25,500.26,residential,India
1,2032-02-26,510.39,residential,India
1,2032-02-27,457.2,residential,India
1,2032-02-28,521.4,residential,India
1,2032-02-29,519.04,residential,India
1,2032-03-01,477.54,residential,India
1,2032-03-02,461.78,residential,India
1,2032-03-03,512.56,residential,India
1,2032-03-04,467.54,residential,India
1,2032-03-05,517.09,residential,India
1,2032-03-06,510.46,residential,India
1,2032-03-07,523.38,residential,India
1,2032-03-08,540.31,residential,India
1,2032-03-09,511.2,residential,India
1,2032-03-10,519.4,residential,India
1,2032-03-11,492.19,residential,India
1,2032-03-12,472.51,residential,India
1,2032-03-13,537.46,residential,India
1,2032-03-14,482.93,residential,India
1,2032-03-15,470.23,residential,India
1,2032-03-16,500.89,residential,India
1,2032-03-17,520.22,residential,India
1,2032-03-18,500.31,residential,India
1,2032-03-19,525.75,residential,India
1,2032-03-20,479.58,residential,India
1,2032-03-21,480.51,residential,India
1,2032-03-22,506.34,residential,India
1,2032-03-23,509.62,residential,India
1,2032-03-24,490.92,residential,India
1,2032-03-25,527.02,residential,India
1,2032-03-26,495.55,residential,India
1,2032-03-27,568.32,residential,India
1,2032-03-28,508.74,residential,India
1,2032-03-29,502.79,residential,India
1,2032-03-30,533.67,residential,India
1,2032-03-31,524.62,residential,India
1,2032-04-01,473.54,residential,India
1,2032-04-02,481.2,residential,India
1,2032-04-03,507.76,residential,India
1,2032-04-04,525.7,residential,India
1,2032-04-05,521.5,residential,India
1,2032-04-06,537.55,residential,India
1,2032-04-07,507.53,residential,India
1,2032-04-08,529.64,residential,India
1,2032-04-09,477.99,residential,India
1,2032-04-10,516.21,residential,India
1,2032-04-11,496.71,residential,India
1,2032-04-12,505.31,residential,India
1,2032-04-13,528.71,residential,India
1,2032-04-14,502.8,residential,India
1,2032-04-15,516.13,residential,India
1,2032-04-16,545.64,residential,India
1,2032-04-17,534.34,residential,India
1,2032-04-18,522.79,residential,India
1,2032-04-19,502.87,residential,India
1,2032-04-20,549.17,residential,India
1,2032-04-21,549.39,residential,India
1,2032-04-22,546.52,residential,India
1,2032-04-23,539.94,residential,India
1,2032-04-24,521.1,residential,India
1,2032-04-25,546.92,residential,India
1,2032-04-26,515.01,residential,India
1,2032-04-27,536.94,residential,India
1,2032-04-28,523.23,residential,India
1,2032-04-29,492.43,residential,India
1,2032-04-30,494.63,residential,India
1,2032-05-01,502.69,residential,India
1,2032-05-02,538.73,residential,India
1,2032-05-03,500.35,residential,India
1,2032-05-04,496.53,residential,India
1,2032-05-05,520.79,residential,India
1,2032-05-06,526.62,residential,India
1,2032-05-07,521.77,residential,India
1,2032-05-08,551.58,residential,India
1,2032-05-09,571.18,residential,India
1,2032-05-10,556.33,residential,India
1,2032-05-11,561.03,residential,India
1,2032-05-12,509.01,residential,India
1,2032-05-13,549.86,residential,India
1,2032-05-14,522.31,residential,India
1,2032-05-15,547.78,residential,India
1,2032-05-16,543.57,residential,India
1,2032-05-17,506.74,residential,India
1,2032-05-18,532.4,residential,India
1,2032-05-19,535.52,residential,India
1,2032-05-20,542.13,residential,India
1,2032-05-21,517.36,residential,India
1,2032-05-22,493.43,residential,India
1,2032-05-23,557.21,residential,India
1,2032-05-24,542.64,residential,India
1,2032-05-25,524.98,residential,India
1,2032-05-26,537.82,residential,India
1,2032-05-27,518.97,residential,India
1,2032-05-28,533.93,residential,India
1,2032-05-29,527.4,residential,India
1,2032-05-30,509.65,residential,India
1,2032-05-31,548.61,residential,India
1,2032-06-01,506.29,residential,India
1,2032-06-02,549.09,residential,India
1,2032-06-03,527.51,residential,India
1,2032-06-04,536.44,residential,India
1,2032-06-05,529.48,residential,India
1,2032-06-06,536.7,residential,India
1,2032-06-07,521.61,residential,India
1,2032-06-08,527.1,residential,India
1,2032-06-09,568.84,residential,India
1,2032-06-10,551.95,residential,India
1,2032-06-11,535.2,residential,India
1,2032-06-12,547.69,residential,India
1,2032-06-13,549.41,residential,India
1,2032-06-14,495.13,residential,India
1,2032-06-15,572.71,residential,India
1,2032-06-16,525.38,residential,India
1,2032-06-17,529.25,residential,India
1,2032-06-18,508.73,residential,India
1,2032-06-19,531.78,residential,India
1,2032-06-20,509.4,residential,India
1,2032-06-21,555.78,residential,India
1,2032-06-22,549.17,residential,India
1,2032-06-23,540.14,residential,India
1,2032-06-24,531.18,residential,India
1,2032-06-25,535.93,residential,India
1,2032-06-26,516.52,residential,India
1,2032-06-27,555.46,residential,India
1,2032-06-28,522.62,residential,India
1,2032-06-29,541.83,residential,India
1,2032-06-30,516.96,residential,India
1,2032-07-01,516.24,residential,India
1,2032-07-02,533.36,residential,India
1,2032-07-03,517.75,residential,India
1,2032-07-04,518.13,residential,India
1,2032-07-05,564.23,residential,India
1,2032-07-06,545.99,residential,India
1,2032-07-07,508.19,residential,India
1,2032-07-08,529.08,residential,India
1,2032-07-09,518.76,residential,India
1,2032-07-10,541.21,residential,India
1,2032-07-11,519.14,residential,India
1,2032-07-12,517.42,residential,India
1,2032-07-13,526.52,residential,India
1,2032-07-14,551.93,residential,India
1,2032-07-15,518.79,residential,India
1,2032-07-16,520.01,residential,India
1,2032-07-17,510.31,residential,India
1,2032-07-18,566.52,residential,India
1,2032-07-19,563.31,residential,India
1,2032-07-20,518.48,residential,India
1,2032-07-21,527.89,residential,India
1,2032-07-22,554.88,residential,India
1,2032-07-23,539.02,residential,India
1,2032-07-24,518.84,residential,India
1,2032-07-25,559.55,residential,India
1,2032-07-26,528.32,residential,India
1,2032-07-27,551.67,residential,India
1,2032-07-28,518.0,residential,India
1,2032-07-29,506.86,residential,India
1,2032-07-30,520.83,residential,India
1,2032-07-31,528.95,residential,India
1,2032-08-01,544.66,residential,India
1,2032-08-02,550.08,residential,India
1,2032-08-03,548.22,residential,India
1,2032-08-04,577.95,residential,India
1,2032-08-05,543.13,residential,India
1,2032-08-06,536.41,residential,India
1,2032-08-07,527.45,residential,India
1,2032-08-08,558.6,residential,India
1,2032-08-09,556.89,residential,India
1,2032-08-10,532.8,residential,India
1,2032-08-11,528.91,residential,India
1,2032-08-12,555.16,residential,India
1,2032-08-13,592.78,residential,India
1,2032-08-14,521.46,residential,India
1,2032-08-15,559.46,residential,India
1,2032-08-16,557.36,residential,India
1,2032-08-17,560.55,residential,India
1,2032-08-18,525.32,residential,India
1,2032-08-19,553.32,residential,India
1,2032-08-20,514.67,residential,India
1,2032-08-21,518.54,residential,India
1,2032-08-22,489.46,residential,India
1,2032-08-23,513.96,residential,India
1,2032-08-24,534.04,residential,India
1,2032-08-25,544.94,residential,India
1,2032-08-26,542.88,residential,India
1,2032-08-27,567.78,residential,India
1,2032-08-28,552.88,residential,India
1,2032-08-29,539.92,residential,India
1,2032-08-30,546.72,residential,India
1,2032-08-31,546.92,residential,India
1,2032-09-01,539.78,residential,India
1,2032-09-02,535.81,residential,India
1,2032-09-03,518.7,residential,India
1,2032-09-04,544.89,residential,India
1,2032-09-05,537.74,residential,India
1,2032-09-06,565.88,residential,India
1,2032-09-07,569.28,residential,India
1,2032-09-08,546.3,residential,India
1,2032-09-09,546.85,residential,India
1,2032-09-10,558.9,residential,India
1,2032-09-11,529.71,residential,India
1,2032-09-12,561.98,residential,India
1,2032-09-13,595.53,residential,India
1,2032-09-14,519.83,residential,India
1,2032-09-15,564.79,residential,India
1,2032-09-16,551.33,residential,India
1,2032-09-17,589.85,residential,India
1,2032-09-18,552.24,residential,India
1,2032-09-19,547.02,residential,India
1,2032-09-20,577.68,residential,India
1,2032-09-21,577.49,residential,India
1,2032-09-22,561.83,residential,India
1,2032-09-23,560.45,residential,India
1,2032-09-24,539.66,residential,India
1,2032-09-25,565.8,residential,India
1,2032-09-26,601.13,residential,India
1,2032-09-27,521.63,residential,India
1,2032-09-28,557.36,residential,India
1,2032-09-29,564.98,residential,India
1,2032-09-30,580.15,residential,India
1,2032-10-01,512.55,residential,India
1,2032-10-02,539.05,residential,India
1,2032-10-03,567.12,residential,India
1,2032-10-04,568.41,residential,India
1,2032-10-05,537.02,residential,India
1,2032-10-06,558.72,residential,India
1,2032-10-07,557.32,residential,India
1,2032-10-08,545.91,residential,India
1,2032-10-09,558.56,residential,India
1,2032-10-10,585.39,residential,India
1,2032-10-11,592.61,residential,India
1,2032-10-12,560.19,residential,India
1,2032-10-13,548.26,residential,India
1,2032-10-14,568.48,residential,India
1,2032-10-15,556.97,residential,India
1,2032-10-16,516.73,residential,India
1,2032-10-17,553.11,residential,India
1,2032-10-18,557.97,residential,India
1,2032-10-19,547.42,residential,India
1,2032-10-20,565.37,residential,India
1,2032-10-21,560.02,residential,India
1,2032-10-22,571.97,residential,India
1,2032-10-23,552.59,residential,India
1,2032-10-24,576.13,residential,India
1,2032-10-25,570.33,residential,India
1,2032-10-26,534.26,residential,India
1,2032-10-27,589.44,residential,India
1,2032-10-28,562.8,residential,India
1,2032-10-29,571.25,residential,India
1,2032-10-30,580.02,residential,India
1,2032-10-31,552.13,residential,India
1,2032-11-01,606.62,residential,India
1,2032-11-02,536.49,residential,India
1,2032-11-03,567.86,residential,India
1,2032-11-04,531.2,residential,India
1,2032-11-05,557.83,residential,India
1,2032-11-06,584.0,residential,India
1,2032-11-07,542.15,residential,India
1,2032-11-08,585.62,residential,India
1,2032-11-09,582.79,residential,India
1,2032-11-10,559.76,residential,India
1,2032-11-11,560.62,residential,India
1,2032-11-12,519.36,residential,India
1,2032-11-13,556.93,residential,India
1,2032-11-14,544.29,residential,India
1,2032-11-15,554.27,residential,India
1,2032-11-16,554.13,residential,India
1,2032-11-17,540.24,residential,India
1,2032-11-18,567.45,residential,India
1,2032-11-19,568.28,residential,India
1,2032-11-20,572.39,residential,India
1,2032-11-21,546.24,residential,India
1,2032-11-22,564.2,residential,India
1,2032-11-23,575.13,residential,India
1,2032-11-24,545.29,residential,India
1,2032-11-25,587.09,residential,India
1,2032-11-26,599.66,residential,India
1,2032-11-27,565.18,residential,India
1,2032-11-28,547.88,residential,India
1,2032-11-29,561.56,residential,India
1,2032-11-30,563.1,residential,India
1,2032-12-01,549.0,residential,India
1,2032-12-02,574.98,residential,India
1,2032-12-03,566.2,residential,India
1,2032-12-04,540.21,residential,India
1,2032-12-05,544.9,residential,India
1,2032-12-06,579.12,residential,India
1,2032-12-07,561.07,residential,India
1,2032-12-08,580.6,residential,India
1,2032-12-09,589.7,residential,India
1,2032-12-10,583.34,residential,India
1,2032-12-11,545.86,residential,India
1,2032-12-12,551.64,residential,India
1,2032-12-13,611.23,residential,India
1,2032-12-14,569.12,residential,India
1,2032-12-15,590.93,residential,India
1,2032-12-16,557.25,residential,India
1,2032-12-17,569.93,residential,India
1,2032-12-18,546.53,residential,India
1,2032-12-19,552.93,residential,India
1,2032-12-20,614.05,residential,India
1,2032-12-21,566.08,residential,India
1,2032-12-22,568.47,residential,India
1,2032-12-23,580.58,residential,India
1,2032-12-24,557.06,residential,India
1,2032-12-25,561.96,residential,India
1,2032-12-26,542.8,residential,India
1,2032-12-27,595.85,residential,India
1,2032-12-28,554.14,residential,India
1,2032-12-29,556.62,residential,India
1,2032-12-30,600.32,residential,India
1,2032-12-31,567.69,residential,India
1,2033-01-01,521.12,residential,India
1,2033-01-02,562.96,residential,India
1,2033-01-03,579.27,residential,India
1,2033-01-04,552.26,residential,India
1,2033-01-05,579.23,residential,India
1,2033-01-06,573.87,residential,India
1,2033-01-07,552.15,residential,India
1,2033-01-08,568.6,residential,India
1,2033-01-09,563.63,residential,India
1,2033-01-10,564.81,residential,India
1,2033-01-11,562.02,residential,India
1,2033-01-12,598.05,residential,India
1,2033-01-13,556.39,residential,India
1,2033-01-14,583.97,residential,India
1,2033-01-15,600.67,residential,India
1,2033-01-16,604.41,residential,India
1,2033-01-17,590.4,residential,India
1,2033-01-18,573.24,residential,India
1,2033-01-19,548.26,residential,India
1,2033-01-20,579.26,residential,India
1,2033-01-21,567.57,residential,India
1,2033-01-22,554.51,residential,India
1,2033-01-23,591.41,residential,India
1,2033-01-24,573.98,residential,India
1,2033-01-25,575.23,residential,India
1,2033-01-26,555.26,residential,India
1,2033-01-27,565.27,residential,India
1,2033-01-28,577.99,residential,India
1,2033-01-29,555.82,residential,India
1,2033-01-30,604.13,residential,India
1,2033-01-31,598.23,residential,India
1,2033-02-01,556.96,residential,India
1,2033-02-02,605.61,residential,India
1,2033-02-03,584.61,residential,India
1,2033-02-04,585.4,residential,India
1,2033-02-05,613.27,residential,India
1,2033-02-06,546.63,residential,India
1,2033-02-07,581.48,residential,India
1,2033-02-08,589.68,residential,India
1,2033-02-09,553.2,residential,India
1,2033-02-10,545.36,residential,India
1,2033-02-11,606.77,residential,India
1,2033-02-12,560.11,residential,India
1,2033-02-13,578.49,residential,India
1,2033-02-14,569.95,residential,India
1,2033-02-15,583.26,residential,India
1,2033-02-16,582.05,residential,India
1,2033-02-17,571.87,residential,India
1,2033-02-18,565.28,residential,India
1,2033-02-19,581.97,residential,India
1,2033-02-20,562.23,residential,India
1,2033-02-21,580.12,residential,India
1,2033-02-22,589.7,residential,India
1,2033-02-23,582.74,residential,India
1,2033-02-24,583.27,residential,India
1,2033-02-25,560.17,residential,India
1,2033-02-26,565.67,residential,India
1,2033-02-27,597.71,residential,India
1,2033-02-28,612.58,residential,India
1,2033-03-01,569.31,residential,India
1,2033-03-02,618.89,residential,India
1,2033-03-03,555.56,residential,India
1,2033-03-04,581.49,residential,India
1,2033-03-05,539.09,residential,India
1,2033-03-06,610.32,residential,India
1,2033-03-07,611.25,residential,India
1,2033-03-08,556.07,residential,India
1,2033-03-09,579.81,residential,India
1,2033-03-10,573.04,residential,India
1,2033-03-11,541.72,residential,India
1,2033-03-12,545.67,residential,India
1,2033-03-13,563.23,residential,India
1,2033-03-14,548.83,residential,India
1,2033-03-15,597.21,residential,India
1,2033-03-16,569.25,residential,India
1,2033-03-17,512.16,residential,India
1,2033-03-18,577.85,residential,India
1,2033-03-19,532.03,residential,India
1,2033-03-20,582.25,residential,India
1,2033-03-21,557.38,residential,India
1,2033-03-22,541.94,residential,India
1,2033-03-23,591.79,residential,India
1,2033-03-24,589.55,residential,India
1,2033-03-25,579.73,residential,India
1,2033-03-26,550.02,residential,India
1,2033-03-27,580.91,residential,India
1,2033-03-28,586.61,residential,India
1,2033-03-29,580.11,residential,India
1,2033-03-30,604.91,residential,India
1,2033-03-31,579.18,residential,India
1,2033-04-01,569.46,residential,India
1,2033-04-02,604.67,residential,India
1,2033-04-03,589.71,residential,India
1,2033-04-04,594.09,residential,India
1,2033-04-05,571.11,residential,India
1,2033-04-06,551.81,residential,India
1,2033-04-07,590.38,residential,India
1,2033-04-08,614.85,residential,India
1,2033-04-09,546.09,residential,India
1,2033-04-10,607.72,residential,India
1,2033-04-11,584.46,residential,India
1,2033-04-12,590.79,residential,India
1,2033-04-13,598.38,residential,India
1,2033-04-14,564.93,residential,India
1,2033-04-15,603.78,residential,India
1,2033-04-16,591.17,residential,India
1,2033-04-17,588.3,residential,India
1,2033-04-18,550.98,residential,India
1,2033-04-19,583.32,residential,India
1,2033-04-20,537.59,residential,India
1,2033-04-21,578.84,residential,India
1,2033-04-22,555.01,residential,India
1,2033-04-23,610.51,residential,India
1,2033-04-24,595.36,residential,India
1,2033-04-25,588.53,residential,India
1,2033-04-26,584.85,residential,India
1,2033-04-27,533.19,residential,India
1,2033-04-28,569.16,residential,India
1,2033-04-29,583.95,residential,India
1,2033-04-30,565.13,residential,India
1,2033-05-01,551.92,residential,India
1,2033-05-02,576.98,residential,India
1,2033-05-03,597.03,residential,India
1,2033-05-04,568.11,residential,India
1,2033-05-05,574.33,residential,India
1,2033-05-06,564.94,residential,India
1,2033-05-07,586.43,residential,India
1,2033-05-08,603.86,residential,India
1,2033-05-09,562.35,residential,India
1,2033-05-10,564.13,residential,India
1,2033-05-11,599.42,residential,India
1,2033-05-12,568.67,residential,India
1,2033-05-13,571.8,residential,India
1,2033-05-14,575.01,residential,India
1,2033-05-15,592.29,residential,India
1,2033-05-16,611.61,residential,India
1,2033-05-17,588.4,residential,India
1,2033-05-18,589.46,residential,India
1,2033-05-19,553.19,residential,India
1,2033-05-20,586.19,residential,India
1,2033-05-21,597.36,residential,India
1,2033-05-22,574.64,residential,India
1,2033-05-23,599.21,residential,India
1,2033-05-24,617.88,residential,India
1,2033-05-25,572.24,residential,India
1,2033-05-26,567.6,residential,India
1,2033-05-27,580.14,residential,India
1,2033-05-28,560.58,residential,India
1,2033-05-29,550.26,residential,India
1,2033-05-30,602.42,residential,India
1,2033-05-31,590.81,residential,India
1,2033-06-01,603.7,residential,India
1,2033-06-02,564.56,residential,India
1,2033-06-03,587.72,residential,India
1,2033-06-04,556.3,residential,India
1,2033-06-05,586.01,residential,India
1,2033-06-06,554.83,residential,India
1,2033-06-07,559.48,residential,India
1,2033-06-08,550.65,residential,India
1,2033-06-09,572.62,residential,India
1,2033-06-10,614.15,residential,India
1,2033-06-11,590.07,residential,India
1,2033-06-12,584.21,residential,India
1,2033-06-13,578.35,residential,India
1,2033-06-14,557.21,residential,India
1,2033-06-15,573.89,residential,India
1,2033-06-16,588.57,residential,India
1,2033-06-17,546.08,residential,India
1,2033-06-18,603.53,residential,India
1,2033-06-19,567.25,residential,India
1,2033-06-20,583.89,residential,India
1,2033-06-21,596.66,residential,India
1,2033-06-22,545.56,residential,India
1,2033-06-23,532.56,residential,India
1,2033-06-24,570.27,residential,India
1,2033-06-25,580.67,residential,India
1,2033-06-26,570.75,residential,India
1,2033-06-27,570.34,residential,India
1,2033-06-28,577.88,residential,India
1,2033-06-29,564.23,residential,India
1,2033-06-30,571.72,residential,India
1,2033-07-01,616.22,residential,India
1,2033-07-02,567.68,residential,India
1,2033-07-03,581.71,residential,India
1,2033-07-04,561.17,residential,India
1,2033-07-05,601.38,residential,India
1,2033-07-06,590.04,residential,India
1,2033-07-07,589.93,residential,India
1,2033-07-08,595.49,residential,India
1,2033-07-09,589.7,residential,India
1,2033-07-10,563.54,residential,India
1,2033-07-11,583.45,residential,India
1,2033-07-12,599.42,residential,India
1,2033-07-13,599.41,residential,India
1,2033-07-14,534.83,residential,India
1,2033-07-15,570.75,residential,India
1,2033-07-16,565.33,residential,India
1,2033-07-17,576.96,residential,India
1,2033-07-18,583.63,residential,India
1,2033-07-19,578.43,residential,India
1,2033-07-20,559.47,residential,India
1,2033-07-21,569.31,residential,India
1,2033-07-22,564.54,residential,India
1,2033-07-23,571.16,residential,India
1,2033-07-24,588.32,residential,India
1,2033-07-25,586.09,residential,India
1,2033-07-26,584.01,residential,India
1,2033-07-27,616.87,residential,India
1,2033-07-28,610.2,residential,India
1,2033-07-29,588.92,residential,India
1,2033-07-30,585.49,residential,India
1,2033-07-31,557.0,residential,India
1,2033-08-01,575.14,residential,India
1,2033-08-02,561.79,residential,India
1,2033-08-03,578.92,residential,India
1,2033-08-04,601.26,residential,India
1,2033-08-05,580.03,residential,India
1,2033-08-06,546.21,residential,India
1,2033-08-07,556.58,residential,India
1,2033-08-08,570.81,residential,India
1,2033-08-09,553.07,residential,India
1,2033-08-10,520.44,residential,India
1,2033-08-11,564.72,residential,India
1,2033-08-12,595.36,residential,India
1,2033-08-13,546.25,residential,India
1,2033-08-14,565.9,residential,India
1,2033-08-15,630.15,residential,India
1,2033-08-16,609.47,residential,India
1,2033-08-17,580.57,residential,India
1,2033-08-18,552.97,residential,India
1,2033-08-19,586.24,residential,India
1,2033-08-20,542.1,residential,India
1,2033-08-21,564.23,residential,India
1,2033-08-22,586.6,residential,India
1,2033-08-23,583.4,residential,India
1,2033-08-24,559.73,residential,India
1,2033-08-25,601.37,residential,India
1,2033-08-26,588.45,residential,India
1,2033-08-27,550.33,residential,India
1,2033-08-28,556.07,residential,India
1,2033-08-29,534.41,residential,India
1,2033-08-30,571.37,residential,India
1,2033-08-31,562.69,residential,India
1,2033-09-01,580.09,residential,India
1,2033-09-02,577.8,residential,India
1,2033-09-03,550.92,residential,India
1,2033-09-04,595.72,residential,India
1,2033-09-05,605.2,residential,India
1,2033-09-06,581.62,residential,India
1,2033-09-07,571.0,residential,India
1,2033-09-08,547.77,residential,India
1,2033-09-09,589.31,residential,India
1,2033-09-10,548.71,residential,India
1,2033-09-11,559.41,residential,India
1,2033-09-12,589.08,residential,India
1,2033-09-13,617.15,residential,India
1,2033-09-14,559.92,residential,India
1,2033-09-15,591.71,residential,India
1,2033-09-16,557.3,residential,India
1,2033-09-17,578.75,residential,India
1,2033-09-18,552.38,residential,India
1,2033-09-19,573.09,residential,India
1,2033-09-20,605.89,residential,India
1,2033-09-21,584.12,residential,India
1,2033-09-22,548.25,residential,India
1,2033-09-23,555.77,residential,India
1,2033-09-24,605.26,residential,India
1,2033-09-25,595.94,residential,India
1,2033-09-26,582.95,residential,India
1,2033-09-27,577.43,residential,India
1,2033-09-28,572.23,residential,India
1,2033-09-29,571.74,residential,India
1,2033-09-30,569.88,residential,India
1,2033-10-01,607.1,residential,India
1,2033-10-02,604.68,residential,India
1,2033-10-03,564.84,residential,India
1,2033-10-04,615.43,residential,India
1,2033-10-05,545.84,residential,India
1,2033-10-06,597.14,residential,India
1,2033-10-07,580.4,residential,India
1,2033-10-08,590.0,residential,India
1,2033-10-09,568.73,residential,India
1,2033-10-10,570.96,residential,India
1,2033-10-11,591.27,residential,India
1,2033-10-12,568.64,residential,India
1,2033-10-13,597.34,residential,India
1,2033-10-14,547.13,residential,India
1,2033-10-15,582.08,residential,India
1,2033-10-16,584.34,residential,India
1,2033-10-17,571.79,residential,India
1,2033-10-18,608.45,residential,India
1,2033-10-19,564.58,residential,India
1,2033-10-20,571.2,residential,India
1,2033-10-21,584.92,residential,India
1,2033-10-22,581.55,residential,India
1,2033-10-23,588.47,residential,India
1,2033-10-24,581.52,residential,India
1,2033-10-25,543.53,residential,India
1,2033-10-26,549.02,residential,India
1,2033-10-27,568.08,residential,India
1,2033-10-28,568.09,residential,India
1,2033-10-29,544.97,residential,India
1,2033-10-30,601.21,residential,India
1,2033-10-31,586.93,residential,India
1,2033-11-01,573.93,residential,India
1,2033-11-02,585.91,residential,India
1,2033-11-03,590.66,residential,India
1,2033-11-04,583.43,residential,India
1,2033-11-05,596.77,residential,India
1,2033-11-06,577.42,residential,India
1,2033-11-07,593.67,residential,India
1,2033-11-08,555.5,residential,India
1,2033-11-09,576.55,residential,India
1,2033-11-10,562.87,residential,India
1,2033-11-11,596.56,residential,India
1,2033-11-12,573.23,residential,India
1,2033-11-13,568.59,residential,India
1,2033-11-14,595.96,residential,India
1,2033-11-15,565.0,residential,India
1,2033-11-16,572.97,residential,India
1,2033-11-17,565.04,residential,India
1,2033-11-18,541.43,residential,India
1,2033-11-19,549.86,residential,India
1,2033-11-20,604.38,residential,India
1,2033-11-21,540.99,residential,India
1,2033-11-22,551.67,residential,India
1,2033-11-23,581.17,residential,India
1,2033-11-24,589.69,residential,India
1,2033-11-25,562.01,residential,India
1,2033-11-26,579.11,residential,India
1,2033-11-27,593.19,residential,India
1,2033-11-28,594.65,residential,India
1,2033-11-29,578.51,residential,India
1,2033-11-30,544.86,residential,India
1,2033-12-01,615.42,residential,India
1,2033-12-02,575.02,residential,India
1,2033-12-03,590.98,residential,India
1,2033-12-04,588.09,residential,India
1,2033-12-05,559.69,residential,India
1,2033-12-06,549.2,residential,India
1,2033-12-07,558.29,residential,India
1,2033-12-08,547.5,residential,India
1,2033-12-09,565.85,residential,India
1,2033-12-10,565.0,residential,India
1,2033-12-11,556.57,residential,India
1,2033-12-12,555.01,residential,India
1,2033-12-13,586.11,residential,India
1,2033-12-14,595.71,residential,India
1,2033-12-15,553.47,residential,India
1,2033-12-16,580.3,residential,India
1,2033-12-17,565.45,residential,India
1,2033-12-18,607.88,residential,India
1,2033-12-19,557.25,residential,India
1,2033-12-20,594.68,residential,India
1,2033-12-21,583.98,residential,India
1,2033-12-22,563.61,residential,India
1,2033-12-23,549.75,residential,India
1,2033-12-24,565.53,residential,India
1,2033-12-25,572.04,residential,India
1,2033-12-26,575.24,residential,India
1,2033-12-27,530.24,residential,India
1,2033-12-28,549.71,residential,India
1,2033-12-29,567.71,residential,India
1,2033-12-30,566.13,residential,India
1,2033-12-31,557.49,residential,India
1,2034-01-01,573.39,residential,India
1,2034-01-02,531.46,residential,India
1,2034-01-03,575.95,residential,India
1,2034-01-04,551.69,residential,India
1,2034-01-05,553.7,residential,India
1,2034-01-06,536.69,residential,India
1,2034-01-07,532.52,residential,India
1,2034-01-08,537.71,residential,India
1,2034-01-09,576.65,residential,India
1,2034-01-10,562.78,residential,India
1,2034-01-11,581.74,residential,India
1,2034-01-12,536.9,residential,India
1,2034-01-13,566.97,residential,India
1,2034-01-14,554.31,residential,India
1,2034-01-15,584.24,residential,India
1,2034-01-16,563.14,residential,India
1,2034-01-17,568.73,residential,India
1,2034-01-18,542.33,residential,India
1,2034-01-19,594.45,residential,India
1,2034-01-20,512.98,residential,India
1,2034-01-21,549.69,residential,India
1,2034-01-22,536.34,residential,India
1,2034-01-23,562.37,residential,India
1,2034-01-24,527.76,residential,India
1,2034-01-25,575.27,residential,India
1,2034-01-26,567.19,residential,India
1,2034-01-27,595.31,residential,India
1,2034-01-28,563.19,residential,India
1,2034-01-29,557.07,residential,India
1,2034-01-30,628.12,residential,India
1,2034-01-31,562.09,residential,India
1,2034-02-01,567.78,residential,India
1,2034-02-02,579.84,residential,India
1,2034-02-03,554.83,residential,India
1,2034-02-04,520.93,residential,India
1,2034-02-05,555.39,residential,India
1,2034-02-06,542.0,residential,India
1,2034-02-07,580.59,residential,India
1,2034-02-08,578.08,residential,India
1,2034-02-09,578.88,residential,India
1,2034-02-10,515.38,residential,India
1,2034-02-11,570.56,residential,India
1,2034-02-12,557.54,residential,India
1,2034-02-13,565.86,residential,India
1,2034-02-14,541.27,residential,India
1,2034-02-15,554.89,residential,India
1,2034-02-16,524.95,residential,India
1,2034-02-17,562.86,residential,India
1,2034-02-18,517.4,residential,India
1,2034-02-19,543.44,residential,India
1,2034-02-20,513.95,residential,India
1,2034-02-21,566.03,residential,India
1,2034-02-22,546.26,residential,India
1,2034-02-23,552.05,residential,India
1,2034-02-24,560.66,residential,India
1,2034-02-25,554.84,residential,India
1,2034-02-26,604.63,residential,India
1,2034-02-27,573.41,residential,India
1,2034-02-28,530.99,residential,India
1,2034-03-01,572.47,residential,India
1,2034-03-02,568.19,residential,India
1,2034-03-03,564.13,residential,India
1,2034-03-04,563.76,residential,India
1,2034-03-05,552.34,residential,India
1,2034-03-06,560.64,residential,India
1,2034-03-07,562.85,residential,India
1,2034-03-08,548.27,residential,India
1,2034-03-09,557.32,residential,India
1,2034-03-10,497.71,residential,India
1,2034-03-11,539.73,residential,India
1,2034-03-12,536.13,residential,India
1,2034-03-13,574.72,residential,India
1,2034-03-14,542.25,residential,India
1,2034-03-15,585.23,residential,India
1,2034-03-16,564.64,residential,India
1,2034-03-17,565.69,residential,India
1,2034-03-18,545.88,residential,India
1,2034-03-19,553.59,residential,India
1,2034-03-20,582.09,residential,India
1,2034-03-21,541.75,residential,India
1,2034-03-22,568.17,residential,India
1,2034-03-23,558.7,residential,India
1,2034-03-24,545.26,residential,India
1,2034-03-25,528.96,residential,India
1,2034-03-26,516.73,residential,India
1,2034-03-27,577.22,residential,India
1,2034-03-28,536.96,residential,India
1,2034-03-29,543.37,residential,India
1,2034-03-30,555.67,residential,India
1,2034-03-31,501.93,residential,India
1,2034-04-01,567.9,residential,India
1,2034-04-02,537.72,residential,India
1,2034-04-03,554.32,residential,India
1,2034-04-04,541.32,residential,India
1,2034-04-05,529.18,residential,India
1,2034-04-06,514.61,residential,India
1,2034-04-07,546.48,residential,India
1,2034-04-08,530.66,residential,India
1,2034-04-09,536.56,residential,India
1,2034-04-10,529.51,residential,India
1,2034-04-11,565.18,residential,India
1,2034-04-12,556.57,residential,India
1,2034-04-13,572.71,residential,India
1,2034-04-14,570.89,residential,India
1,2034-04-15,512.28,residential,India
1,2034-04-16,544.41,residential,India
1,2034-04-17,614.63,residential,India
1,2034-04-18,543.98,residential,India
1,2034-04-19,534.61,residential,India
1,2034-04-20,571.34,residential,India
1,2034-04-21,541.49,residential,India
1,2034-04-22,532.94,residential,India
1,2034-04-23,532.92,residential,India
1,2034-04-24,551.04,residential,India
1,2034-04-25,559.56,residential,India
1,2034-04-26,525.22,residential,India
1,2034-04-27,552.27,residential,India
1,2034-04-28,552.82,residential,India
1,2034-04-29,551.98,residential,India
1,2034-04-30,545.71,residential,India
1,2034-05-01,527.68,residential,India
1,2034-05-02,534.05,residential,India
1,2034-05-03,551.49,residential,India
1,2034-05-04,573.98,residential,India
1,2034-05-05,573.27,residential,India
1,2034-05-06,564.07,residential,India
1,2034-05-07,548.43,residential,India
1,2034-05-08,517.33,residential,India
1,2034-05-09,540.66,residential,India
1,2034-05-10,537.78,residential,India
1,2034-05-11,551.48,residential,India
1,2034-05-12,577.73,residential,India
1,2034-05-13,559.39,residential,India
1,2034-05-14,534.74,residential,India
1,2034-05-15,539.03,residential,India
1,2034-05-16,562.84,residential,India
1,2034-05-17,566.8,residential,India
1,2034-05-18,546.97,residential,India
1,2034-05-19,550.19,residential,India
1,2034-05-20,524.45,residential,India
1,2034-05-21,521.78,residential,India
1,2034-05-22,531.75,residential,India
1,2034-05-23,541.27,residential,India
1,2034-05-24,493.82,residential,India
1,2034-05-25,566.2,residential,India
1,2034-05-26,565.8,residential,India
1,2034-05-27,557.35,residential,India
1,2034-05-28,592.83,residential,India
1,2034-05-29,534.13,residential,India
1,2034-05-30,545.14,residential,India
1,2034-05-31,531.74,residential,India
1,2034-06-01,563.54,residential,India
1,2034-06-02,507.58,residential,India
1,2034-06-03,558.07,residential,India
1,2034-06-04,529.23,residential,India
1,2034-06-05,542.4,residential,India
1,2034-06-06,555.3,residential,India
1,2034-06-07,480.52,residential,India
1,2034-06-08,544.75,residential,India
1,2034-06-09,526.99,residential,India
1,2034-06-10,534.69,residential,India
1,2034-06-11,548.51,residential,India
1,2034-06-12,534.17,residential,India
1,2034-06-13,524.11,residential,India
1,2034-06-14,549.64,residential,India
1,2034-06-15,505.23,residential,India
1,2034-06-16,516.75,residential,India
1,2034-06-17,517.2,residential,India
1,2034-06-18,543.22,residential,India
1,2034-06-19,518.7,residential,India
1,2034-06-20,488.16,residential,India
1,2034-06-21,538.42,residential,India
1,2034-06-22,525.74,residential,India
1,2034-06-23,543.49,residential,India
1,2034-06-24,521.13,residential,India
1,2034-06-25,517.0,residential,India
1,2034-06-26,541.03,residential,India
1,2034-06-27,526.44,residential,India
1,2034-06-28,544.3,residential,India
1,2034-06-29,524.82,residential,India
1,2034-06-30,513.28,residential,India
1,2034-07-01,483.04,residential,India
1,2034-07-02,541.86,residential,India
1,2034-07-03,551.21,residential,India
1,2034-07-04,509.57,residential,India
1,2034-07-05,530.12,residential,India
1,2034-07-06,567.63,residential,India
1,2034-07-07,534.39,residential,India
1,2034-07-08,542.09,residential,India
1,2034-07-09,505.71,residential,India
1,2034-07-10,541.4,residential,India
1,2034-07-11,483.06,residential,India
1,2034-07-12,507.27,residential,India
1,2034-07-13,534.06,residential,India
1,2034-07-14,506.47,residential,India
1,2034-07-15,547.4,residential,India
1,2034-07-16,531.9,residential,India
1,2034-07-17,505.87,residential,India
1,2034-07-18,521.89,residential,India
1,2034-07-19,530.26,residential,India
1,2034-07-20,524.72,residential,India
1,2034-07-21,521.54,residential,India
1,2034-07-22,520.54,residential,India
1,2034-07-23,529.86,residential,India
1,2034-07-24,527.05,residential,India
1,2034-07-25,543.19,residential,India
1,2034-07-26,529.25,residential,India
1,2034-07-27,479.94,residential,India
1,2034-07-28,528.2,residential,India
1,2034-07-29,518.38,residential,India
1,2034-07-30,511.47,residential,India
1,2034-07-31,536.61,residential,India
1,2034-08-01,565.08,residential,India
1,2034-08-02,515.6,residential,India
1,2034-08-03,519.99,residential,India
1,2034-08-04,499.59,residential,India
1,2034-08-05,517.76,residential,India
1,2034-08-06,535.52,residential,India
1,2034-08-07,510.66,residential,India
1,2034-08-08,496.19,residential,India
1,2034-08-09,516.77,residential,India
1,2034-08-10,516.36,residential,India
1,2034-08-11,522.5,residential,India
1,2034-08-12,531.5,residential,India
1,2034-08-13,532.8,residential,India
1,2034-08-14,540.2,residential,India
1,2034-08-15,546.79,residential,India
1,2034-08-16,535.89,residential,India
1,2034-08-17,497.72,residential,India
1,2034-08-18,538.61,residential,India
1,2034-08-19,555.15,residential,India
1,2034-08-20,506.86,residential,India
1,2034-08-21,569.74,residential,India
1,2034-08-22,485.13,residential,India
1,2034-08-23,519.33,residential,India
1,2034-08-24,535.57,residential,India
1,2034-08-25,536.99,residential,India
1,2034-08-26,542.5,residential,India
1,2034-08-27,510.49,residential,India
1,2034-08-28,499.2,residential,India
1,2034-08-29,547.4,residential,India
1,2034-08-30,556.1,residential,India
1,2034-08-31,505.46,residential,India
1,2034-09-01,512.06,residential,India
1,2034-09-02,502.19,residential,India
1,2034-09-03,511.98,residential,India
1,2034-09-04,535.53,residential,India
1,2034-09-05,514.55,residential,India
1,2034-09-06,505.48,residential,India
1,2034-09-07,490.77,residential,India
1,2034-09-08,457.24,residential,India
1,2034-09-09,504.7,residential,India
1,2034-09-10,541.47,residential,India
1,2034-09-11,511.07,residential,India
1,2034-09-12,552.13,residential,India
1,2034-09-13,503.87,residential,India
1,2034-09-14,548.6,residential,India
1,2034-09-15,509.16,residential,India
1,2034-09-16,515.96,residential,India
1,2034-09-17,492.16,residential,India
1,2034-09-18,501.12,residential,India
1,2034-09-19,504.69,residential,India
1,2034-09-20,483.95,residential,India
1,2034-09-21,499.14,residential,India
1,2034-09-22,476.44,residential,India
1,2034-09-23,485.58,residential,India
1,2034-09-24,533.7,residential,India
1,2034-09-25,522.16,residential,India
1,2034-09-26,475.37,residential,India
1,2034-09-27,518.26,residential,India
1,2034-09-28,529.35,residential,India
1,2034-09-29,515.72,residential,India
1,2034-09-30,519.93,residential,India
1,2034-10-01,532.15,residential,India
1,2034-10-02,513.35,residential,India
1,2034-10-03,515.86,residential,India
1,2034-10-04,507.61,residential,India
1,2034-10-05,534.2,residential,India
1,2034-10-06,532.32,residential,India
1,2034-10-07,503.39,residential,India
1,2034-10-08,530.13,residential,India
1,2034-10-09,505.19,residential,India
1,2034-10-10,501.55,residential,India
1,2034-10-11,504.96,residential,India
1,2034-10-12,542.54,residential,India
1,2034-10-13,485.58,residential,India
1,2034-10-14,510.41,residential,India
1,2034-10-15,528.47,residential,India
1,2034-10-16,549.87,residential,India
1,2034-10-17,530.39,residential,India
1,2034-10-18,502.7,residential,India
1,2034-10-19,509.02,residential,India
1,2034-10-20,491.21,residential,India
1,2034-10-21,530.11,residential,India
1,2034-10-22,529.81,residential,India
1,2034-10-23,513.92,residential,India
1,2034-10-24,504.49,residential,India
1,2034-10-25,508.7,residential,India
1,2034-10-26,502.94,residential,India
1,2034-10-27,501.28,residential,India
1,2034-10-28,501.71,residential,India
1,2034-10-29,506.2,residential,India
1,2034-10-30,539.53,residential,India
1,2034-10-31,517.79,residential,India
1,2034-11-01,528.5,residential,India
1,2034-11-02,511.01,residential,India
1,2034-11-03,489.37,residential,India
1,2034-11-04,504.33,residential,India
1,2034-11-05,506.44,residential,India
1,2034-11-06,507.42,residential,India
1,2034-11-07,523.95,residential,India
1,2034-11-08,565.46,residential,India
1,2034-11-09,499.81,residential,India
1,2034-11-10,533.9,residential,India
1,2034-11-11,479.87,residential,India
1,2034-11-12,528.02,residential,India
1,2034-11-13,506.53,residential,India
1,2034-11-14,489.37,residential,India
1,2034-11-15,530.2,residential,India
1,2034-11-16,498.34,residential,India
1,2034-11-17,527.05,residential,India
1,2034-11-18,515.63,residential,India
1,2034-11-19,523.01,residential,India
1,2034-11-20,494.19,residential,India
1,2034-11-21,495.27,residential,India
1,2034-11-22,510.48,residential,India
1,2034-11-23,526.29,residential,India
1,2034-11-24,527.46,residential,India
1,2034-11-25,516.95,residential,India
1,2034-11-26,501.6,residential,India
1,2034-11-27,548.47,residential,India
1,2034-11-28,525.08,residential,India
1,2034-11-29,483.42,residential,India
1,2034-11-30,500.03,residential,India
1,2034-12-01,505.75,residential,India
1,2034-12-02,497.99,residential,India
1,2034-12-03,524.81,residential,India
1,2034-12-04,501.6,residential,India
1,2034-12-05,525.31,residential,India
1,2034-12-06,476.0,residential,India
1,2034-12-07,529.7,residential,India
1,2034-12-08,519.2,residential,India
1,2034-12-09,546.17,residential,India
1,2034-12-10,518.38,residential,India
1,2034-12-11,504.2,residential,India
1,2034-12-12,497.89,residential,India
1,2034-12-13,545.85,residential,India
1,2034-12-14,494.31,residential,India
1,2034-12-15,546.35,residential,India
1,2034-12-16,504.86,residential,India
1,2034-12-17,509.66,residential,India
1,2034-12-18,535.18,residential,India
1,2034-12-19,488.76,residential,India
1,2034-12-20,483.51,residential,India
1,2034-12-21,536.48,residential,India
1,2034-12-22,503.42,residential,India
1,2034-12-23,508.86,residential,India
1,2034-12-24,538.08,residential,India
1,2034-12-25,521.5,residential,India
1,2034-12-26,500.7,residential,India
1,2034-12-27,489.2,residential,India
1,2034-12-28,481.51,residential,India
1,2034-12-29,547.29,residential,India
1,2034-12-30,483.1,residential,India
1,2034-12-31,515.62,residential,India
1,2035-01-01,466.82,residential,India
1,2035-01-02,507.52,residential,India
1,2035-01-03,494.5,residential,India
1,2035-01-04,498.68,residential,India
1,2035-01-05,485.61,residential,India
1,2035-01-06,507.39,residential,India
1,2035-01-07,494.99,residential,India
1,2035-01-08,518.73,residential,India
1,2035-01-09,504.61,residential,India
1,2035-01-10,523.87,residential,India
1,2035-01-11,482.09,residential,India
1,2035-01-12,524.49,residential,India
1,2035-01-13,542.21,residential,India
1,2035-01-14,523.85,residential,India
1,2035-01-15,512.6,residential,India
1,2035-01-16,510.34,residential,India
1,2035-01-17,472.29,residential,India
1,2035-01-18,517.53,residential,India
1,2035-01-19,540.14,residential,India
1,2035-01-20,504.1,residential,India
1,2035-01-21,449.7,residential,India
1,2035-01-22,497.57,residential,India
1,2035-01-23,506.13,residential,India
1,2035-01-24,489.83,residential,India
1,2035-01-25,490.58,residential,India
1,2035-01-26,501.76,residential,India
1,2035-01-27,489.95,residential,India
1,2035-01-28,484.19,residential,India
1,2035-01-29,510.24,residential,India
1,2035-01-30,489.18,residential,India
1,2035-01-31,508.39,residential,India
1,2035-02-01,501.41,residential,India
1,2035-02-02,454.82,residential,India
1,2035-02-03,473.35,residential,India
1,2035-02-04,509.08,residential,India
1,2035-02-05,525.28,residential,India
1,2035-02-06,529.61,residential,India
1,2035-02-07,463.9,residential,India
1,2035-02-08,481.38,residential,India
1,2035-02-09,528.38,residential,India
1,2035-02-10,510.21,residential,India
1,2035-02-11,495.55,residential,India
1,2035-02-12,466.56,residential,India
1,2035-02-13,526.03,residential,India
1,2035-02-14,519.35,residential,India
1,2035-02-15,538.27,residential,India
1,2035-02-16,519.22,residential,India
1,2035-02-17,481.72,residential,India
1,2035-02-18,511.73,residential,India
1,2035-02-19,502.11,residential,India
1,2035-02-20,500.56,residential,India
1,2035-02-21,480.59,residential,India
1,2035-02-22,481.27,residential,India
1,2035-02-23,519.96,residential,India
1,2035-02-24,506.86,residential,India
1,2035-02-25,503.76,residential,India
1,2035-02-26,471.61,residential,India
1,2035-02-27,507.41,residential,India
1,2035-02-28,537.43,residential,India
1,2035-03-01,506.89,residential,India
1,2035-03-02,504.58,residential,India
1,2035-03-03,494.71,residential,India
1,2035-03-04,506.56,residential,India
1,2035-03-05,535.43,residential,India
1,2035-03-06,497.0,residential,India
1,2035-03-07,509.21,residential,India
1,2035-03-08,503.87,residential,India
1,2035-03-09,488.57,residential,India
1,2035-03-10,477.72,residential,India
1,2035-03-11,505.73,residential,India
1,2035-03-12,462.91,residential,India
1,2035-03-13,474.57,residential,India
1,2035-03-14,499.89,residential,India
1,2035-03-15,485.72,residential,India
1,2035-03-16,508.46,residential,India
1,2035-03-17,509.81,residential,India
1,2035-03-18,464.29,residential,India
1,2035-03-19,537.89,residential,India
1,2035-03-20,455.92,residential,India
1,2035-03-21,500.04,residential,India
1,2035-03-22,549.64,residential,India
1,2035-03-23,471.6,residential,India
1,2035-03-24,482.59,residential,India
1,2035-03-25,497.28,residential,India
1,2035-03-26,487.4,residential,India
1,2035-03-27,482.58,residential,India
1,2035-03-28,468.07,residential,India
1,2035-03-29,513.45,residential,India
1,2035-03-30,481.54,residential,India
1,2035-03-31,488.8,residential,India
1,2035-04-01,475.57,residential,India
1,2035-04-02,494.8,residential,India
1,2035-04-03,502.04,residential,India
1,2035-04-04,491.87,residential,India
1,2035-04-05,496.98,residential,India
1,2035-04-06,518.62,residential,India
1,2035-04-07,486.9,residential,India
1,2035-04-08,526.52,residential,India
1,2035-04-09,513.63,residential,India
1,2035-04-10,475.12,residential,India
1,2035-04-11,509.66,residential,India
1,2035-04-12,477.89,residential,India
1,2035-04-13,491.45,residential,India
1,2035-04-14,483.97,residential,India
1,2035-04-15,514.23,residential,India
1,2035-04-16,493.14,residential,India
1,2035-04-17,483.55,residential,India
1,2035-04-18,486.13,residential,India
1,2035-04-19,537.85,residential,India
1,2035-04-20,483.61,residential,India
1,2035-04-21,517.8,residential,India
1,2035-04-22,465.55,residential,India
1,2035-04-23,467.2,residential,India
1,2035-04-24,500.91,residential,India
1,2035-04-25,490.92,residential,India
1,2035-04-26,526.77,residential,India
1,2035-04-27,472.41,residential,India
1,2035-04-28,485.71,residential,India
1,2035-04-29,520.81,residential,India
1,2035-04-30,457.34,residential,India
1,2035-05-01,530.28,residential,India
1,2035-05-02,522.45,residential,India
1,2035-05-03,509.0,residential,India
1,2035-05-04,508.71,residential,India
1,2035-05-05,501.69,residential,India
1,2035-05-06,511.58,residential,India
1,2035-05-07,531.72,residential,India
1,2035-05-08,470.69,residential,India
1,2035-05-09,501.16,residential,India
1,2035-05-10,471.51,residential,India
1,2035-05-11,513.12,residential,India
1,2035-05-12,531.86,residential,India
1,2035-05-13,502.01,residential,India
1,2035-05-14,493.46,residential,India
1,2035-05-15,492.44,residential,India
1,2035-05-16,505.32,residential,India
1,2035-05-17,480.57,residential,India
1,2035-05-18,554.58,residential,India
1,2035-05-19,536.0,residential,India
1,2035-05-20,497.33,residential,India
1,2035-05-21,485.43,residential,India
1,2035-05-22,498.68,residential,India
1,2035-05-23,506.37,residential,India
1,2035-05-24,503.86,residential,India
1,2035-05-25,501.71,residential,India
1,2035-05-26,494.79,residential,India
1,2035-05-27,487.48,residential,India
1,2035-05-28,519.34,residential,India
1,2035-05-29,481.02,residential,India
1,2035-05-30,519.65,residential,India
1,2035-05-31,479.43,residential,India
1,2035-06-01,486.29,residential,India
1,2035-06-02,525.88,residential,India
1,2035-06-03,534.85,residential,India
1,2035-06-04,553.79,residential,India
1,2035-06-05,505.39,residential,India
1,2035-06-06,517.08,residential,India
1,2035-06-07,477.92,residential,India
1,2035-06-08,505.93,residential,India
1,2035-06-09,498.0,residential,India
1,2035-06-10,507.81,residential,India
1,2035-06-11,500.07,residential,India
1,2035-06-12,459.8,residential,India
1,2035-06-13,505.3,residential,India
1,2035-06-14,498.52,residential,India
1,2035-06-15,497.43,residential,India
1,2035-06-16,521.49,residential,India
1,2035-06-17,511.72,residential,India
1,2035-06-18,510.85,residential,India
1,2035-06-19,499.6,residential,India
1,2035-06-20,506.29,residential,India
1,2035-06-21,514.59,residential,India
1,2035-06-22,502.12,residential,India
1,2035-06-23,513.47,residential,India
1,2035-06-24,499.56,residential,India
1,2035-06-25,483.58,residential,India
1,2035-06-26,485.67,residential,India
1,2035-06-27,474.83,residential,India
1,2035-06-28,538.57,residential,India
1,2035-06-29,498.46,residential,India
1,2035-06-30,514.93,residential,India
1,2035-07-01,476.73,residential,India
1,2035-07-02,487.94,residential,India
1,2035-07-03,480.42,residential,India
1,2035-07-04,486.51,residential,India
1,2035-07-05,488.03,residential,India
1,2035-07-06,527.13,residential,India
1,2035-07-07,487.57,residential,India
1,2035-07-08,507.17,residential,India
1,2035-07-09,517.85,residential,India
1,2035-07-10,493.49,residential,India
1,2035-07-11,471.33,residential,India
1,2035-07-12,507.5,residential,India
1,2035-07-13,508.03,residential,India
1,2035-07-14,510.01,residential,India
1,2035-07-15,523.96,residential,India
1,2035-07-16,525.28,residential,India
1,2035-07-17,504.44,residential,India
1,2035-07-18,524.75,residential,India
1,2035-07-19,472.71,residential,India
1,2035-07-20,466.72,residential,India
1,2035-07-21,504.66,residential,India
1,2035-07-22,507.93,residential,India
1,2035-07-23,507.44,residential,India
1,2035-07-24,485.01,residential,India
1,2035-07-25,524.42,residential,India
1,2035-07-26,488.87,residential,India
1,2035-07-27,502.77,residential,India
1,2035-07-28,520.32,residential,India
1,2035-07-29,515.62,residential,India
1,2035-07-30,508.19,residential,India
1,2035-07-31,515.74,residential,India
1,2035-08-01,473.24,residential,India
1,2035-08-02,503.29,residential,India
1,2035-08-03,485.65,residential,India
1,2035-08-04,482.43,residential,India
1,2035-08-05,501.46,residential,India
1,2035-08-06,486.26,residential,India
1,2035-08-07,505.69,residential,India
1,2035-08-08,511.15,residential,India
1,2035-08-09,505.38,residential,India
1,2035-08-10,486.39,residential,India
1,2035-08-11,484.35,residential,India
1,2035-08-12,493.65,residential,India
1,2035-08-13,486.41,residential,India
1,2035-08-14,512.48,residential,India
1,2035-08-15,501.68,residential,India
1,2035-08-16,537.93,residential,India
1,2035-08-17,503.46,residential,India
1,2035-08-18,471.86,residential,India
1,2035-08-19,507.51,residential,India
1,2035-08-20,549.62,residential,India
1,2035-08-21,522.44,residential,India
1,2035-08-22,498.4,residential,India
1,2035-08-23,494.62,residential,India
1,2035-08-24,508.31,residential,India
1,2035-08-25,541.55,residential,India
1,2035-08-26,518.2,residential,India
1,2035-08-27,502.11,residential,India
1,2035-08-28,508.23,residential,India
1,2035-08-29,497.72,residential,India
1,2035-08-30,528.85,residential,India
1,2035-08-31,526.12,residential,India
1,2035-09-01,503.52,residential,India
1,2035-09-02,468.7,residential,India
1,2035-09-03,510.99,residential,India
1,2035-09-04,523.48,residential,India
1,2035-09-05,469.92,residential,India
1,2035-09-06,499.64,residential,India
1,2035-09-07,495.95,residential,India
1,2035-09-08,500.19,residential,India
1,2035-09-09,509.15,residential,India
1,2035-09-10,459.86,residential,India
1,2035-09-11,508.65,residential,India
1,2035-09-12,544.63,residential,India
1,2035-09-13,526.92,residential,India
1,2035-09-14,509.61,residential,India
1,2035-09-15,489.27,residential,India
1,2035-09-16,519.45,residential,India
1,2035-09-17,515.78,residential,India
1,2035-09-18,496.36,residential,India
1,2035-09-19,506.32,residential,India
1,2035-09-20,463.39,residential,India
1,2035-09-21,503.58,residential,India
1,2035-09-22,538.06,residential,India
1,2035-09-23,508.24,residential,India
1,2035-09-24,489.56,residential,India
1,2035-09-25,516.42,residential,India
1,2035-09-26,500.47,residential,India
1,2035-09-27,508.01,residential,India
1,2035-09-28,496.28,residential,India
1,2035-09-29,510.24,residential,India
1,2035-09-30,496.8,residential,India
1,2035-10-01,524.62,residential,India
1,2035-10-02,518.22,residential,India
1,2035-10-03,492.65,residential,India
1,2035-10-04,503.15,residential,India
1,2035-10-05,513.73,residential,India
1,2035-10-06,495.54,residential,India
1,2035-10-07,473.92,residential,India
1,2035-10-08,533.64,residential,India
1,2035-10-09,496.47,residential,India
1,2035-10-10,510.0,residential,India
1,2035-10-11,459.92,residential,India
1,2035-10-12,582.56,residential,India
1,2035-10-13,508.26,residential,India
1,2035-10-14,527.41,residential,India
1,2035-10-15,500.05,residential,India
1,2035-10-16,544.31,residential,India
1,2035-10-17,489.32,residential,India
1,2035-10-18,516.88,residential,India
1,2035-10-19,497.96,residential,India
1,2035-10-20,495.13,residential,India
1,2035-10-21,508.88,residential,India
1,2035-10-22,538.57,residential,India
1,2035-10-23,520.01,residential,India
1,2035-10-24,529.96,residential,India
1,2035-10-25,498.83,residential,India
1,2035-10-26,517.49,residential,India
1,2035-10-27,515.99,residential,India
1,2035-10-28,557.78,residential,India
1,2035-10-29,526.87,residential,India
1,2035-10-30,552.28,residential,India
1,2035-10-31,523.79,residential,India
1,2035-11-01,508.6,residential,India
1,2035-11-02,530.39,residential,India
1,2035-11-03,511.8,residential,India
1,2035-11-04,538.59,residential,India
1,2035-11-05,523.48,residential,India
1,2035-11-06,514.36,residential,India
1,2035-11-07,535.72,residential,India
1,2035-11-08,530.68,residential,India
1,2035-11-09,527.93,residential,India
1,2035-11-10,463.08,residential,India
1,2035-11-11,521.14,residential,India
1,2035-11-12,497.8,residential,India
1,2035-11-13,508.49,residential,India
1,2035-11-14,541.42,residential,India
1,2035-11-15,512.15,residential,India
1,2035-11-16,565.33,residential,India
1,2035-11-17,525.18,residential,India
1,2035-11-18,519.43,residential,India
1,2035-11-19,502.33,residential,India
1,2035-11-20,506.09,residential,India
1,2035-11-21,488.74,residential,India
1,2035-11-22,530.46,residential,India
1,2035-11-23,520.95,residential,India
1,2035-11-24,529.61,residential,India
1,2035-11-25,510.37,residential,India
1,2035-11-26,517.35,residential,India
1,2035-11-27,522.59,residential,India
1,2035-11-28,526.56,residential,India
1,2035-11-29,536.58,residential,India
1,2035-11-30,516.5,residential,India
1,2035-12-01,487.78,residential,India
1,2035-12-02,514.01,residential,India
1,2035-12-03,521.59,residential,India
1,2035-12-04,555.8,residential,India
1,2035-12-05,554.39,residential,India
1,2035-12-06,495.27,residential,India
1,2035-12-07,500.65,residential,India
1,2035-12-08,488.63,residential,India
1,2035-12-09,544.81,residential,India
1,2035-12-10,527.38,residential,India
1,2035-12-11,497.16,residential,India
1,2035-12-12,534.85,residential,India
1,2035-12-13,502.64,residential,India
1,2035-12-14,519.45,residential,India
1,2035-12-15,513.02,residential,India
1,2035-12-16,539.31,residential,India
1,2035-12-17,551.39,residential,India
1,2035-12-18,526.96,residential,India
1,2035-12-19,519.55,residential,India
1,2035-12-20,503.38,residential,India
1,2035-12-21,513.35,residential,India
1,2035-12-22,509.23,residential,India
1,2035-12-23,521.63,residential,India
1,2035-12-24,547.16,residential,India
1,2035-12-25,507.0,residential,India
1,2035-12-26,481.5,residential,India
1,2035-12-27,540.28,residential,India
1,2035-12-28,515.49,residential,India
1,2035-12-29,526.3,residential,India
1,2035-12-30,530.18,residential,India
1,2035-12-31,542.28,residential,India
1,2036-01-01,527.01,residential,India
1,2036-01-02,485.05,residential,India
1,2036-01-03,550.35,residential,India
1,2036-01-04,510.14,residential,India
1,2036-01-05,541.03,residential,India
1,2036-01-06,527.01,residential,India
1,2036-01-07,503.21,residential,India
1,2036-01-08,517.28,residential,India
1,2036-01-09,494.79,residential,India
1,2036-01-10,524.28,residential,India
1,2036-01-11,501.94,residential,India
1,2036-01-12,516.69,residential,India
1,2036-01-13,539.13,residential,India
1,2036-01-14,538.72,residential,India
1,2036-01-15,520.71,residential,India
1,2036-01-16,537.42,residential,India
1,2036-01-17,501.27,residential,India
1,2036-01-18,547.16,residential,India
1,2036-01-19,538.53,residential,India
1,2036-01-20,535.61,residential,India
1,2036-01-21,480.24,residential,India
1,2036-01-22,567.58,residential,India
1,2036-01-23,542.3,residential,India
1,2036-01-24,556.13,residential,India
1,2036-01-25,537.31,residential,India
1,2036-01-26,537.73,residential,India
1,2036-01-27,447.3,residential,India
1,2036-01-28,487.74,residential,India
1,2036-01-29,566.15,residential,India
1,2036-01-30,508.65,residential,India
1,2036-01-31,580.57,residential,India
1,2036-02-01,551.97,residential,India
1,2036-02-02,516.53,residential,India
1,2036-02-03,519.64,residential,India
1,2036-02-04,542.84,residential,India
1,2036-02-05,549.26,residential,India
1,2036-02-06,542.13,residential,India
1,2036-02-07,544.43,residential,India
1,2036-02-08,540.33,residential,India
1,2036-02-09,527.32,residential,India
1,2036-02-10,539.35,residential,India
1,2036-02-11,550.23,residential,India
1,2036-02-12,532.95,residential,India
1,2036-02-13,534.03,residential,India
1,2036-02-14,533.5,residential,India
1,2036-02-15,524.73,residential,India
1,2036-02-16,552.63,residential,India
1,2036-02-17,527.33,residential,India
1,2036-02-18,572.05,residential,India
1,2036-02-19,561.49,residential,India
1,2036-02-20,547.99,residential,India
1,2036-02-21,498.29,residential,India
1,2036-02-22,560.84,residential,India
1,2036-02-23,552.93,residential,India
1,2036-02-24,549.5,residential,India
1,2036-02-25,524.33,residential,India
1,2036-02-26,545.6,residential,India
1,2036-02-27,568.15,residential,India
1,2036-02-28,551.1,residential,India
1,2036-02-29,534.59,residential,India
1,2036-03-01,558.45,residential,India
1,2036-03-02,537.41,residential,India
1,2036-03-03,559.37,residential,India
1,2036-03-04,544.01,residential,India
1,2036-03-05,555.09,residential,India
1,2036-03-06,536.77,residential,India
1,2036-03-07,556.17,residential,India
1,2036-03-08,567.71,residential,India
1,2036-03-09,523.15,residential,India
1,2036-03-10,556.08,residential,India
1,2036-03-11,533.54,residential,India
1,2036-03-12,487.67,residential,India
1,2036-03-13,576.34,residential,India
1,2036-03-14,534.36,residential,India
1,2036-03-15,545.88,residential,India
1,2036-03-16,546.74,residential,India
1,2036-03-17,573.95,residential,India
1,2036-03-18,522.27,residential,India
1,2036-03-19,567.89,residential,India
1,2036-03-20,544.78,residential,India
1,2036-03-21,543.75,residential,India
1,2036-03-22,556.26,residential,India
1,2036-03-23,569.45,residential,India
1,2036-03-24,497.62,residential,India
1,2036-03-25,565.14,residential,India
1,2036-03-26,539.02,residential,India
1,2036-03-27,529.16,residential,India
1,2036-03-28,538.04,residential,India
1,2036-03-29,563.47,residential,India
1,2036-03-30,549.02,residential,India
1,2036-03-31,531.61,residential,India
1,2036-04-01,557.7,residential,India
1,2036-04-02,535.3,residential,India
1,2036-04-03,534.32,residential,India
1,2036-04-04,524.1,residential,India
1,2036-04-05,568.91,residential,India
1,2036-04-06,546.05,residential,India
1,2036-04-07,520.63,residential,India
1,2036-04-08,547.77,residential,India
1,2036-04-09,515.28,residential,India
1,2036-04-10,549.38,residential,India
1,2036-04-11,524.44,residential,India
1,2036-04-12,543.07,residential,India
1,2036-04-13,559.9,residential,India
1,2036-04-14,530.61,residential,India
1,2036-04-15,565.89,residential,India
1,2036-04-16,544.71,residential,India
1,2036-04-17,532.38,residential,India
1,2036-04-18,539.84,residential,India
1,2036-04-19,555.42,residential,India
1,2036-04-20,550.16,residential,India
1,2036-04-21,572.71,residential,India
1,2036-04-22,593.05,residential,India
1,2036-04-23,528.23,residential,India
1,2036-04-24,528.47,residential,India
1,2036-04-25,552.78,residential,India
1,2036-04-26,565.69,residential,India
1,2036-04-27,536.98,residential,India
1,2036-04-28,540.42,residential,India
1,2036-04-29,600.26,residential,India
1,2036-04-30,568.84,residential,India
1,2036-05-01,517.17,residential,India
1,2036-05-02,588.29,residential,India
1,2036-05-03,539.16,residential,India
1,2036-05-04,519.63,residential,India
1,2036-05-05,556.84,residential,India
1,2036-05-06,564.21,residential,India
1,2036-05-07,559.06,residential,India
1,2036-05-08,567.19,residential,India
1,2036-05-09,578.32,residential,India
1,2036-05-10,566.96,residential,India
1,2036-05-11,562.95,residential,India
1,2036-05-12,578.04,residential,India
1,2036-05-13,565.32,residential,India
1,2036-05-14,582.89,residential,India
1,2036-05-15,560.31,residential,India
1,2036-05-16,544.74,residential,India
1,2036-05-17,574.25,residential,India
1,2036-05-18,572.84,residential,India
1,2036-05-19,540.52,residential,India
1,2036-05-20,545.21,residential,India
1,2036-05-21,588.16,residential,India
1,2036-05-22,572.27,residential,India
1,2036-05-23,557.99,residential,India
1,2036-05-24,538.12,residential,India
1,2036-05-25,588.28,residential,India
1,2036-05-26,531.65,residential,India
1,2036-05-27,541.87,residential,India
1,2036-05-28,586.27,residential,India
1,2036-05-29,553.16,residential,India
1,2036-05-30,544.31,residential,India
1,2036-05-31,542.95,residential,India
1,2036-06-01,547.35,residential,India
1,2036-06-02,576.62,residential,India
1,2036-06-03,584.94,residential,India
1,2036-06-04,558.72,residential,India
1,2036-06-05,554.55,residential,India
1,2036-06-06,574.34,residential,India
1,2036-06-07,538.48,residential,India
1,2036-06-08,585.54,residential,India
1,2036-06-09,549.76,residential,India
1,2036-06-10,565.72,residential,India
1,2036-06-11,553.85,residential,India
1,2036-06-12,580.12,residential,India
1,2036-06-13,572.74,residential,India
1,2036-06-14,540.7,residential,India
1,2036-06-15,548.06,residential,India
1,2036-06-16,587.87,residential,India
1,2036-06-17,586.61,residential,India
1,2036-06-18,569.74,residential,India
1,2036-06-19,550.12,residential,India
1,2036-06-20,566.14,residential,India
1,2036-06-21,569.46,residential,India
1,2036-06-22,548.81,residential,India
1,2036-06-23,563.81,residential,India
1,2036-06-24,540.41,residential,India
1,2036-06-25,597.13,residential,India
1,2036-06-26,579.31,residential,India
1,2036-06-27,532.12,residential,India
1,2036-06-28,573.68,residential,India
1,2036-06-29,564.36,residential,India
1,2036-06-30,560.24,residential,India
1,2036-07-01,540.9,residential,India
1,2036-07-02,562.99,residential,India
1,2036-07-03,578.62,residential,India
1,2036-07-04,587.04,residential,India
1,2036-07-05,588.41,residential,India
1,2036-07-06,595.62,residential,India
1,2036-07-07,561.89,residential,India
1,2036-07-08,561.33,residential,India
1,2036-07-09,583.24,residential,India
1,2036-07-10,597.38,residential,India
1,2036-07-11,558.82,residential,India
1,2036-07-12,545.17,residential,India
1,2036-07-13,595.68,residential,India
1,2036-07-14,542.57,residential,India
1,2036-07-15,555.06,residential,India
1,2036-07-16,564.54,residential,India
1,2036-07-17,553.45,residential,India
1,2036-07-18,564.92,residential,India
1,2036-07-19,583.44,residential,India
1,2036-07-20,564.19,residential,India
1,2036-07-21,568.36,residential,India
1,2036-07-22,565.99,residential,India
1,2036-07-23,572.23,residential,India
1,2036-07-24,579.41,residential,India
1,2036-07-25,557.01,residential,India
1,2036-07-26,570.85,residential,India
1,2036-07-27,549.8,residential,India
1,2036-07-28,594.82,residential,India
1,2036-07-29,620.87,residential,India
1,2036-07-30,578.07,residential,India
1,2036-07-31,559.95,residential,India
1,2036-08-01,550.02,residential,India
1,2036-08-02,568.15,residential,India
1,2036-08-03,566.37,residential,India
1,2036-08-04,563.8,residential,India
1,2036-08-05,604.87,residential,India
1,2036-08-06,535.32,residential,India
1,2036-08-07,568.87,residential,India
1,2036-08-08,565.92,residential,India
1,2036-08-09,532.4,residential,India
1,2036-08-10,588.15,residential,India
1,2036-08-11,572.31,residential,India
1,2036-08-12,587.83,residential,India
1,2036-08-13,577.31,residential,India
1,2036-08-14,577.79,residential,India
1,2036-08-15,571.93,residential,India
1,2036-08-16,603.65,residential,India
1,2036-08-17,568.83,residential,India
1,2036-08-18,535.15,residential,India
1,2036-08-19,578.03,residential,India
1,2036-08-20,554.97,residential,India
1,2036-08-21,581.21,residential,India
1,2036-08-22,570.57,residential,India
1,2036-08-23,603.16,residential,India
1,2036-08-24,549.65,residential,India
1,2036-08-25,560.36,residential,India
1,2036-08-26,587.88,residential,India
1,2036-08-27,570.77,residential,India
1,2036-08-28,597.95,residential,India
1,2036-08-29,593.26,residential,India
1,2036-08-30,576.23,residential,India
1,2036-08-31,615.23,residential,India
1,2036-09-01,551.89,residential,India
1,2036-09-02,595.4,residential,India
1,2036-09-03,586.53,residential,India
1,2036-09-04,560.63,residential,India
1,2036-09-05,571.53,residential,India
1,2036-09-06,576.36,residential,India
1,2036-09-07,564.26,residential,India
1,2036-09-08,609.57,residential,India
1,2036-09-09,565.69,residential,India
1,2036-09-10,603.23,residential,India
1,2036-09-11,626.17,residential,India
1,2036-09-12,596.92,residential,India
1,2036-09-13,592.03,residential,India
1,2036-09-14,587.49,residential,India
1,2036-09-15,577.99,residential,India
1,2036-09-16,583.19,residential,India
1,2036-09-17,605.28,residential,India
1,2036-09-18,577.99,residential,India
1,2036-09-19,596.42,residential,India
1,2036-09-20,611.47,residential,India
1,2036-09-21,607.76,residential,India
1,2036-09-22,576.58,residential,India
1,2036-09-23,558.77,residential,India
1,2036-09-24,599.4,residential,India
1,2036-09-25,564.64,residential,India
1,2036-09-26,609.06,residential,India
1,2036-09-27,577.47,residential,India
1,2036-09-28,571.64,residential,India
1,2036-09-29,576.6,residential,India
1,2036-09-30,572.58,residential,India
1,2036-10-01,612.34,residential,India
1,2036-10-02,600.1,residential,India
1,2036-10-03,588.01,residential,India
1,2036-10-04,596.18,residential,India
1,2036-10-05,556.08,residential,India
1,2036-10-06,600.05,residential,India
1,2036-10-07,549.52,residential,India
1,2036-10-08,573.67,residential,India
1,2036-10-09,579.69,residential,India
1,2036-10-10,580.84,residential,India
1,2036-10-11,643.96,residential,India
1,2036-10-12,584.57,residential,India
1,2036-10-13,602.59,residential,India
1,2036-10-14,589.17,residential,India
1,2036-10-15,573.86,residential,India
1,2036-10-16,588.52,residential,India
1,2036-10-17,569.25,residential,India
1,2036-10-18,601.68,residential,India
1,2036-10-19,552.15,residential,India
1,2036-10-20,616.82,residential,India
1,2036-10-21,577.41,residential,India
1,2036-10-22,598.52,residential,India
1,2036-10-23,611.67,residential,India
1,2036-10-24,563.29,residential,India
1,2036-10-25,612.22,residential,India
1,2036-10-26,569.58,residential,India
1,2036-10-27,572.4,residential,India
1,2036-10-28,622.57,residential,India
1,2036-10-29,595.92,residential,India
1,2036-10-30,593.59,residential,India
1,2036-10-31,611.24,residential,India
1,2036-11-01,585.76,residential,India
1,2036-11-02,585.08,residential,India
1,2036-11-03,594.4,residential,India
1,2036-11-04,598.02,residential,India
1,2036-11-05,567.21,residential,India
1,2036-11-06,597.82,residential,India
1,2036-11-07,612.92,residential,India
1,2036-11-08,607.72,residential,India
1,2036-11-09,642.55,residential,India
1,2036-11-10,591.01,residential,India
1,2036-11-11,612.27,residential,India
1,2036-11-12,580.72,residential,India
1,2036-11-13,627.65,residential,India
1,2036-11-14,567.52,residential,India
1,2036-11-15,600.61,residential,India
1,2036-11-16,625.0,residential,India
1,2036-11-17,599.25,residential,India
1,2036-11-18,602.99,residential,India
1,2036-11-19,598.22,residential,India
1,2036-11-20,592.11,residential,India
1,2036-11-21,610.53,residential,India
1,2036-11-22,627.74,residential,India
1,2036-11-23,615.31,residential,India
1,2036-11-24,584.68,residential,India
1,2036-11-25,568.03,residential,India
1,2036-11-26,596.28,residential,India
1,2036-11-27,546.47,residential,India
1,2036-11-28,551.92,residential,India
1,2036-11-29,593.19,residential,India
1,2036-11-30,620.6,residential,India
1,2036-12-01,562.08,residential,India
1,2036-12-02,609.18,residential,India
1,2036-12-03,592.46,residential,India
1,2036-12-04,617.11,residential,India
1,2036-12-05,615.9,residential,India
1,2036-12-06,589.38,residential,India
1,2036-12-07,570.32,residential,India
1,2036-12-08,592.91,residential,India
1,2036-12-09,610.22,residential,India
1,2036-12-10,618.44,residential,India
1,2036-12-11,559.69,residential,India
1,2036-12-12,598.82,residential,India
1,2036-12-13,628.01,residential,India
1,2036-12-14,603.5,residential,India
1,2036-12-15,590.89,residential,India
1,2036-12-16,581.78,residential,India
1,2036-12-17,611.44,residential,India
1,2036-12-18,592.44,residential,India
1,2036-12-19,583.96,residential,India
1,2036-12-20,619.38,residential,India
1,2036-12-21,600.57,residential,India
1,2036-12-22,592.17,residential,India
1,2036-12-23,547.15,residential,India
1,2036-12-24,594.38,residential,India
1,2036-12-25,572.78,residential,India
1,2036-12-26,622.64,residential,India
1,2036-12-27,646.02,residential,India
1,2036-12-28,624.29,residential,India
1,2036-12-29,604.42,residential,India
1,2036-12-30,608.6,residential,India
1,2036-12-31,603.52,residential,India
1,2037-01-01,603.23,residential,India
1,2037-01-02,639.26,residential,India
1,2037-01-03,599.45,residential,India
1,2037-01-04,605.37,residential,India
1,2037-01-05,584.09,residential,India
1,2037-01-06,569.11,residential,India
1,2037-01-07,590.95,residential,India
1,2037-01-08,587.33,residential,India
1,2037-01-09,582.22,residential,India
1,2037-01-10,614.68,residential,India
1,2037-01-11,613.5,residential,India
1,2037-01-12,595.72,residential,India
1,2037-01-13,578.9,residential,India
1,2037-01-14,623.48,residential,India
1,2037-01-15,589.68,residential,India
1,2037-01-16,587.08,residential,India
1,2037-01-17,587.26,residential,India
1,2037-01-18,605.26,residential,India
1,2037-01-19,620.27,residential,India
1,2037-01-20,638.1,residential,India
1,2037-01-21,591.99,residential,India
1,2037-01-22,584.83,residential,India
1,2037-01-23,574.9,residential,India
1,2037-01-24,594.34,residential,India
1,2037-01-25,639.57,residential,India
1,2037-01-26,591.18,residential,India
1,2037-01-27,613.73,residential,India
1,2037-01-28,598.53,residential,India
1,2037-01-29,584.74,residential,India
1,2037-01-30,593.43,residential,India
1,2037-01-31,614.13,residential,India
1,2037-02-01,643.93,residential,India
1,2037-02-02,625.47,residential,India
1,2037-02-03,589.04,residential,India
1,2037-02-04,602.68,residential,India
1,2037-02-05,616.7,residential,India
1,2037-02-06,596.23,residential,India
1,2037-02-07,605.31,residential,India
1,2037-02-08,617.04,residential,India
1,2037-02-09,595.52,residential,India
1,2037-02-10,601.17,residential,India
1,2037-02-11,585.48,residential,India
1,2037-02-12,580.47,residential,India
1,2037-02-13,592.08,residential,India
1,2037-02-14,581.44,residential,India
1,2037-02-15,617.31,residential,India
1,2037-02-16,633.48,residential,India
1,2037-02-17,617.91,residential,India
1,2037-02-18,626.42,residential,India
1,2037-02-19,594.1,residential,India
1,2037-02-20,564.69,residential,India
1,2037-02-21,619.16,residential,India
1,2037-02-22,575.92,residential,India
1,2037-02-23,625.82,residential,India
1,2037-02-24,635.45,residential,India
1,2037-02-25,589.72,residential,India
1,2037-02-26,613.83,residential,India
1,2037-02-27,626.07,residential,India
1,2037-02-28,614.32,residential,India
1,2037-03-01,594.77,residential,India
1,2037-03-02,643.27,residential,India
1,2037-03-03,617.19,residential,India
1,2037-03-04,614.53,residential,India
1,2037-03-05,644.14,residential,India
1,2037-03-06,619.64,residential,India
1,2037-03-07,602.67,residential,India
1,2037-03-08,587.38,residential,India
1,2037-03-09,623.64,residential,India
1,2037-03-10,611.91,residential,India
1,2037-03-11,611.0,residential,India
1,2037-03-12,619.47,residential,India
1,2037-03-13,644.82,residential,India
1,2037-03-14,592.49,residential,India
1,2037-03-15,545.33,residential,India
1,2037-03-16,593.91,residential,India
1,2037-03-17,659.63,residential,India
1,2037-03-18,599.81,residential,India
1,2037-03-19,595.22,residential,India
1,2037-03-20,629.91,residential,India
1,2037-03-21,626.88,residential,India
1,2037-03-22,624.43,residential,India
1,2037-03-23,642.78,residential,India
1,2037-03-24,613.97,residential,India
1,2037-03-25,627.52,residential,India
1,2037-03-26,616.44,residential,India
1,2037-03-27,598.03,residential,India
1,2037-03-28,638.72,residential,India
1,2037-03-29,580.9,residential,India
1,2037-03-30,622.04,residential,India
1,2037-03-31,615.69,residential,India
1,2037-04-01,637.31,residential,India
1,2037-04-02,601.81,residential,India
1,2037-04-03,623.2,residential,India
1,2037-04-04,622.1,residential,India
1,2037-04-05,605.95,residential,India
1,2037-04-06,650.69,residential,India
1,2037-04-07,618.3,residential,India
1,2037-04-08,628.32,residential,India
1,2037-04-09,598.03,residential,India
1,2037-04-10,641.61,residential,India
1,2037-04-11,619.59,residential,India
1,2037-04-12,618.95,residential,India
1,2037-04-13,624.06,residential,India
1,2037-04-14,592.55,residential,India
1,2037-04-15,626.82,residential,India
1,2037-04-16,631.46,residential,India
1,2037-04-17,607.04,residential,India
1,2037-04-18,604.56,residential,India
1,2037-04-19,605.51,residential,India
1,2037-04-20,627.93,residential,India
1,2037-04-21,609.86,residential,India
1,2037-04-22,625.45,residential,India
1,2037-04-23,636.48,residential,India
1,2037-04-24,627.74,residential,India
1,2037-04-25,606.52,residential,India
1,2037-04-26,611.9,residential,India
1,2037-04-27,610.16,residential,India
1,2037-04-28,647.83,residential,India
1,2037-04-29,629.4,residential,India
1,2037-04-30,613.54,residential,India
1,2037-05-01,603.04,residential,India
1,2037-05-02,606.21,residential,India
1,2037-05-03,622.85,residential,India
1,2037-05-04,601.89,residential,India
1,2037-05-05,651.51,residential,India
1,2037-05-06,613.46,residential,India
1,2037-05-07,611.03,residential,India
1,2037-05-08,633.68,residential,India
1,2037-05-09,612.41,residential,India
1,2037-05-10,655.21,residential,India
1,2037-05-11,592.48,residential,India
1,2037-05-12,610.85,residential,India
1,2037-05-13,608.57,residential,India
1,2037-05-14,616.07,residential,India
1,2037-05-15,650.74,residential,India
1,2037-05-16,621.3,residential,India
1,2037-05-17,638.53,residential,India
1,2037-05-18,599.27,residential,India
1,2037-05-19,589.23,residential,India
1,2037-05-20,615.88,residential,India
1,2037-05-21,615.56,residential,India
1,2037-05-22,606.17,residential,India
1,2037-05-23,651.48,residential,India
1,2037-05-24,575.92,residential,India
1,2037-05-25,638.94,residential,India
1,2037-05-26,603.19,residential,India
1,2037-05-27,657.64,residential,India
1,2037-05-28,596.39,residential,India
1,2037-05-29,618.33,residential,India
1,2037-05-30,631.3,residential,India
1,2037-05-31,659.11,residential,India
1,2037-06-01,630.69,residential,India
1,2037-06-02,611.35,residential,India
1,2037-06-03,604.28,residential,India
1,2037-06-04,599.01,residential,India
1,2037-06-05,635.9,residential,India
1,2037-06-06,657.15,residential,India
1,2037-06-07,615.34,residential,India
1,2037-06-08,626.84,residential,India
1,2037-06-09,671.14,residential,India
1,2037-06-10,636.9,residential,India
1,2037-06-11,661.45,residential,India
1,2037-06-12,606.28,residential,India
1,2037-06-13,630.58,residential,India
1,2037-06-14,621.47,residential,India
1,2037-06-15,609.19,residential,India
1,2037-06-16,643.94,residential,India
1,2037-06-17,606.92,residential,India
1,2037-06-18,620.5,residential,India
1,2037-06-19,614.73,residential,India
1,2037-06-20,645.04,residential,India
1,2037-06-21,642.79,residential,India
1,2037-06-22,620.21,residential,India
1,2037-06-23,626.17,residential,India
1,2037-06-24,625.86,residential,India
1,2037-06-25,615.97,residential,India
1,2037-06-26,626.69,residential,India
1,2037-06-27,638.69,residential,India
1,2037-06-28,639.79,residential,India
1,2037-06-29,598.07,residential,India
1,2037-06-30,598.45,residential,India
1,2037-07-01,591.62,residential,India
1,2037-07-02,648.18,residential,India
1,2037-07-03,621.47,residential,India
1,2037-07-04,606.25,residential,India
1,2037-07-05,613.2,residential,India
1,2037-07-06,600.9,residential,India
1,2037-07-07,618.28,residential,India
1,2037-07-08,568.63,residential,India
1,2037-07-09,645.14,residential,India
1,2037-07-10,617.15,residential,India
1,2037-07-11,642.49,residential,India
1,2037-07-12,610.57,residential,India
1,2037-07-13,624.69,residential,India
1,2037-07-14,609.3,residential,India
1,2037-07-15,633.3,residential,India
1,2037-07-16,578.18,residential,India
1,2037-07-17,611.41,residential,India
1,2037-07-18,592.75,residential,India
1,2037-07-19,632.75,residential,India
1,2037-07-20,604.64,residential,India
1,2037-07-21,625.66,residential,India
1,2037-07-22,615.62,residential,India
1,2037-07-23,623.0,residential,India
1,2037-07-24,614.43,residential,India
1,2037-07-25,596.91,residential,India
1,2037-07-26,634.21,residential,India
1,2037-07-27,645.7,residential,India
1,2037-07-28,591.16,residential,India
1,2037-07-29,598.41,residential,India
1,2037-07-30,647.22,residential,India
1,2037-07-31,589.71,residential,India
1,2037-08-01,591.91,residential,India
1,2037-08-02,604.09,residential,India
1,2037-08-03,592.35,residential,India
1,2037-08-04,609.16,residential,India
1,2037-08-05,604.12,residential,India
1,2037-08-06,613.15,residential,India
1,2037-08-07,602.22,residential,India
1,2037-08-08,628.97,residential,India
1,2037-08-09,645.42,residential,India
1,2037-08-10,628.02,residential,India
1,2037-08-11,588.32,residential,India
1,2037-08-12,622.32,residential,India
1,2037-08-13,655.4,residential,India
1,2037-08-14,652.99,residential,India
1,2037-08-15,638.52,residential,India
1,2037-08-16,606.14,residential,India
1,2037-08-17,632.49,residential,India
1,2037-08-18,621.32,residential,India
1,2037-08-19,581.43,residential,India
1,2037-08-20,629.57,residential,India
1,2037-08-21,629.29,residential,India
1,2037-08-22,634.43,residential,India
1,2037-08-23,602.48,residential,India
1,2037-08-24,606.9,residential,India
1,2037-08-25,600.57,residential,India
1,2037-08-26,665.84,residential,India
1,2037-08-27,645.85,residential,India
1,2037-08-28,611.04,residential,India
1,2037-08-29,622.47,residential,India
1,2037-08-30,615.43,residential,India
1,2037-08-31,620.56,residential,India
1,2037-09-01,629.79,residential,India
1,2037-09-02,628.65,residential,India
1,2037-09-03,643.84,residential,India
1,2037-09-04,604.43,residential,India
1,2037-09-05,609.9,residential,India
1,2037-09-06,635.93,residential,India
1,2037-09-07,631.32,residential,India
1,2037-09-08,610.65,residential,India
1,2037-09-09,610.92,residential,India
1,2037-09-10,593.33,residential,India
1,2037-09-11,613.61,residential,India
1,2037-09-12,622.62,residential,India
1,2037-09-13,628.36,residential,India
1,2037-09-14,646.18,residential,India
1,2037-09-15,652.42,residential,India
1,2037-09-16,578.21,residential,India
1,2037-09-17,629.76,residential,India
1,2037-09-18,651.93,residential,India
1,2037-09-19,647.34,residential,India
1,2037-09-20,630.08,residential,India
1,2037-09-21,644.79,residential,India
1,2037-09-22,594.8,residential,India
1,2037-09-23,606.01,residential,India
1,2037-09-24,633.59,residential,India
1,2037-09-25,606.63,residential,India
1,2037-09-26,616.3,residential,India
1,2037-09-27,650.86,residential,India
1,2037-09-28,606.83,residential,India
1,2037-09-29,625.17,residential,India
1,2037-09-30,584.33,residential,India
1,2037-10-01,630.78,residential,India
1,2037-10-02,611.48,residential,India
1,2037-10-03,601.64,residential,India
1,2037-10-04,614.56,residential,India
1,2037-10-05,586.06,residential,India
1,2037-10-06,640.43,residential,India
1,2037-10-07,616.63,residential,India
1,2037-10-08,611.97,residential,India
1,2037-10-09,611.65,residential,India
1,2037-10-10,634.57,residential,India
1,2037-10-11,613.57,residential,India
1,2037-10-12,604.57,residential,India
1,2037-10-13,611.41,residential,India
1,2037-10-14,617.15,residential,India
1,2037-10-15,627.41,residential,India
1,2037-10-16,617.67,residential,India
1,2037-10-17,636.75,residential,India
1,2037-10-18,597.47,residential,India
1,2037-10-19,606.28,residential,India
1,2037-10-20,634.3,residential,India
1,2037-10-21,586.51,residential,India
1,2037-10-22,603.45,residential,India
1,2037-10-23,663.36,residential,India
1,2037-10-24,628.47,residential,India
1,2037-10-25,619.73,residential,India
1,2037-10-26,627.91,residential,India
1,2037-10-27,609.85,residential,India
1,2037-10-28,596.08,residential,India
1,2037-10-29,617.18,residential,India
1,2037-10-30,627.31,residential,India
1,2037-10-31,632.8,residential,India
1,2037-11-01,639.65,residential,India
1,2037-11-02,609.64,residential,India
1,2037-11-03,624.99,residential,India
1,2037-11-04,597.02,residential,India
1,2037-11-05,630.26,residential,India
1,2037-11-06,609.33,residential,India
1,2037-11-07,616.81,residential,India
1,2037-11-08,645.19,residential,India
1,2037-11-09,632.96,residential,India
1,2037-11-10,598.98,residential,India
1,2037-11-11,610.33,residential,India
1,2037-11-12,586.16,residential,India
1,2037-11-13,609.46,residential,India
1,2037-11-14,607.65,residential,India
1,2037-11-15,602.32,residential,India
1,2037-11-16,607.5,residential,India
1,2037-11-17,596.42,residential,India
1,2037-11-18,586.9,residential,India
1,2037-11-19,615.84,residential,India
1,2037-11-20,598.09,residential,India
1,2037-11-21,625.27,residential,India
1,2037-11-22,561.98,residential,India
1,2037-11-23,637.39,residential,India
1,2037-11-24,602.9,residential,India
1,2037-11-25,611.41,residential,India
1,2037-11-26,609.38,residential,India
1,2037-11-27,622.33,residential,India
1,2037-11-28,617.78,residential,India
1,2037-11-29,640.74,residential,India
1,2037-11-30,579.21,residential,India
1,2037-12-01,572.38,residential,India
1,2037-12-02,630.56,residential,India
1,2037-12-03,606.19,residential,India
1,2037-12-04,607.63,residential,India
1,2037-12-05,617.55,residential,India
1,2037-12-06,596.7,residential,India
1,2037-12-07,627.01,residential,India
1,2037-12-08,619.71,residential,India
1,2037-12-09,632.51,residential,India
1,2037-12-10,646.0,residential,India
1,2037-12-11,618.78,residential,India
1,2037-12-12,590.17,residential,India
1,2037-12-13,635.11,residential,India
1,2037-12-14,595.4,residential,India
1,2037-12-15,603.38,residential,India
1,2037-12-16,596.2,residential,India
1,2037-12-17,610.49,residential,India
1,2037-12-18,601.43,residential,India
1,2037-12-19,615.89,residential,India
1,2037-12-20,640.62,residential,India
1,2037-12-21,624.72,residential,India
1,2037-12-22,562.55,residential,India
1,2037-12-23,573.79,residential,India
1,2037-12-24,634.41,residential,India
1,2037-12-25,621.74,residential,India
1,2037-12-26,603.86,residential,India
1,2037-12-27,601.82,residential,India
1,2037-12-28,589.71,residential,India
1,2037-12-29,609.98,residential,India
1,2037-12-30,604.56,residential,India
1,2037-12-31,617.68,residential,India
1,2038-01-01,617.6,residential,India
1,2038-01-02,594.32,residential,India
1,2038-01-03,612.18,residential,India
1,2038-01-04,597.9,residential,India
1,2038-01-05,624.38,residential,India
1,2038-01-06,612.0,residential,India
1,2038-01-07,573.48,residential,India
1,2038-01-08,573.46,residential,India
1,2038-01-09,578.21,residential,India
1,2038-01-10,601.64,residential,India
1,2038-01-11,606.69,residential,India
1,2038-01-12,617.14,residential,India
1,2038-01-13,630.46,residential,India
1,2038-01-14,597.22,residential,India
1,2038-01-15,580.13,residential,India
1,2038-01-16,613.44,residential,India
1,2038-01-17,621.7,residential,India
1,2038-01-18,592.43,residential,India
1,2038-01-19,610.08,residential,India
1,2038-01-20,604.47,residential,India
1,2038-01-21,575.69,residential,India
1,2038-01-22,610.43,residential,India
1,2038-01-23,545.34,residential,India
1,2038-01-24,602.77,residential,India
1,2038-01-25,611.35,residential,India
1,2038-01-26,597.45,residential,India
1,2038-01-27,616.38,residential,India
1,2038-01-28,623.99,residential,India
1,2038-01-29,592.4,residential,India
1,2038-01-30,627.43,residential,India
1,2038-01-31,613.47,residential,India
1,2038-02-01,614.7,residential,India
1,2038-02-02,596.34,residential,India
1,2038-02-03,622.22,residential,India
1,2038-02-04,591.3,residential,India
1,2038-02-05,605.27,residential,India
1,2038-02-06,614.17,residential,India
1,2038-02-07,607.56,residential,India
1,2038-02-08,581.84,residential,India
1,2038-02-09,639.44,residential,India
1,2038-02-10,591.26,residential,India
1,2038-02-11,614.01,residential,India
1,2038-02-12,608.18,residential,India
1,2038-02-13,637.86,residential,India
1,2038-02-14,607.02,residential,India
1,2038-02-15,604.23,residential,India
1,2038-02-16,619.35,residential,India
1,2038-02-17,638.42,residential,India
1,2038-02-18,618.95,residential,India
1,2038-02-19,586.2,residential,India
1,2038-02-20,563.79,residential,India
1,2038-02-21,626.01,residential,India
1,2038-02-22,593.97,residential,India
1,2038-02-23,605.21,residential,India
1,2038-02-24,593.85,residential,India
1,2038-02-25,616.04,residential,India
1,2038-02-26,591.8,residential,India
1,2038-02-27,618.1,residential,India
1,2038-02-28,592.0,residential,India
1,2038-03-01,627.7,residential,India
1,2038-03-02,568.8,residential,India
1,2038-03-03,653.82,residential,India
1,2038-03-04,588.13,residential,India
1,2038-03-05,585.06,residential,India
1,2038-03-06,639.2,residential,India
1,2038-03-07,601.8,residential,India
1,2038-03-08,587.01,residential,India
1,2038-03-09,590.11,residential,India
1,2038-03-10,575.22,residential,India
1,2038-03-11,594.4,residential,India
1,2038-03-12,592.97,residential,India
1,2038-03-13,593.07,residential,India
1,2038-03-14,614.16,residential,India
1,2038-03-15,584.26,residential,India
1,2038-03-16,581.62,residential,India
1,2038-03-17,602.13,residential,India
1,2038-03-18,608.69,residential,India
1,2038-03-19,590.94,residential,India
1,2038-03-20,571.13,residential,India
1,2038-03-21,602.58,residential,India
1,2038-03-22,599.74,residential,India
1,2038-03-23,563.46,residential,India
1,2038-03-24,616.31,residential,India
1,2038-03-25,600.65,residential,India
1,2038-03-26,620.39,residential,India
1,2038-03-27,563.26,residential,India
1,2038-03-28,577.85,residential,India
1,2038-03-29,580.65,residential,India
1,2038-03-30,584.64,residential,India
1,2038-03-31,558.33,residential,India
1,2038-04-01,593.79,residential,India
1,2038-04-02,553.51,residential,India
1,2038-04-03,609.36,residential,India
1,2038-04-04,543.71,residential,India
1,2038-04-05,567.58,residential,India
1,2038-04-06,600.61,residential,India
1,2038-04-07,588.78,residential,India
1,2038-04-08,604.96,residential,India
1,2038-04-09,573.6,residential,India
1,2038-04-10,607.13,residential,India
1,2038-04-11,596.63,residential,India
1,2038-04-12,607.86,residential,India
1,2038-04-13,602.48,residential,India
1,2038-04-14,623.58,residential,India
1,2038-04-15,573.71,residential,India
1,2038-04-16,615.39,residential,India
1,2038-04-17,621.48,residential,India
1,2038-04-18,573.33,residential,India
1,2038-04-19,565.59,residential,India
1,2038-04-20,563.7,residential,India
1,2038-04-21,592.29,residential,India
1,2038-04-22,611.74,residential,India
1,2038-04-23,555.9,residential,India
1,2038-04-24,562.08,residential,India
1,2038-04-25,605.07,residential,India
1,2038-04-26,578.99,residential,India
1,2038-04-27,591.13,residential,India
1,2038-04-28,567.9,residential,India
1,2038-04-29,611.53,residential,India
1,2038-04-30,617.14,residential,India
1,2038-05-01,605.65,residential,India
1,2038-05-02,602.7,residential,India
1,2038-05-03,597.69,residential,India
1,2038-05-04,569.07,residential,India
1,2038-05-05,591.51,residential,India
1,2038-05-06,594.6,residential,India
1,2038-05-07,583.86,residential,India
1,2038-05-08,572.78,residential,India
1,2038-05-09,591.22,residential,India
1,2038-05-10,594.34,residential,India
1,2038-05-11,568.31,residential,India
1,2038-05-12,570.6,residential,India
1,2038-05-13,605.07,residential,India
1,2038-05-14,610.23,residential,India
1,2038-05-15,606.3,residential,India
1,2038-05-16,569.96,residential,India
1,2038-05-17,556.52,residential,India
1,2038-05-18,576.99,residential,India
1,2038-05-19,557.03,residential,India
1,2038-05-20,581.29,residential,India
1,2038-05-21,575.13,residential,India
1,2038-05-22,573.89,residential,India
1,2038-05-23,586.05,residential,India
1,2038-05-24,613.99,residential,India
1,2038-05-25,578.77,residential,India
1,2038-05-26,605.07,residential,India
1,2038-05-27,604.45,residential,India
1,2038-05-28,586.15,residential,India
1,2038-05-29,564.35,residential,India
1,2038-05-30,570.24,residential,India
1,2038-05-31,569.9,residential,India
1,2038-06-01,572.67,residential,India
1,2038-06-02,598.04,residential,India
1,2038-06-03,558.42,residential,India
1,2038-06-04,576.25,residential,India
1,2038-06-05,624.67,residential,India
1,2038-06-06,561.0,residential,India
1,2038-06-07,616.44,residential,India
1,2038-06-08,599.67,residential,India
1,2038-06-09,614.12,residential,India
1,2038-06-10,561.0,residential,India
1,2038-06-11,586.58,residential,India
1,2038-06-12,596.43,residential,India
1,2038-06-13,567.29,residential,India
1,2038-06-14,553.24,residential,India
1,2038-06-15,557.12,residential,India
1,2038-06-16,579.65,residential,India
1,2038-06-17,605.51,residential,India
1,2038-06-18,586.23,residential,India
1,2038-06-19,576.0,residential,India
1,2038-06-20,579.05,residential,India
1,2038-06-21,557.76,residential,India
1,2038-06-22,563.22,residential,India
1,2038-06-23,574.83,residential,India
1,2038-06-24,592.67,residential,India
1,2038-06-25,577.54,residential,India
1,2038-06-26,600.4,residential,India
1,2038-06-27,580.26,residential,India
1,2038-06-28,589.03,residential,India
1,2038-06-29,556.39,residential,India
1,2038-06-30,611.01,residential,India
1,2038-07-01,592.84,residential,India
1,2038-07-02,573.94,residential,India
1,2038-07-03,582.87,residential,India
1,2038-07-04,613.35,residential,India
1,2038-07-05,588.64,residential,India
1,2038-07-06,580.11,residential,India
1,2038-07-07,549.69,residential,India
1,2038-07-08,554.4,residential,India
1,2038-07-09,572.08,residential,India
1,2038-07-10,593.42,residential,India
1,2038-07-11,549.76,residential,India
1,2038-07-12,562.25,residential,India
1,2038-07-13,602.25,residential,India
1,2038-07-14,573.69,residential,India
1,2038-07-15,581.18,residential,India
1,2038-07-16,581.08,residential,India
1,2038-07-17,587.69,residential,India
1,2038-07-18,585.4,residential,India
1,2038-07-19,562.45,residential,India
1,2038-07-20,570.09,residential,India
1,2038-07-21,570.85,residential,India
1,2038-07-22,594.74,residential,India
1,2038-07-23,560.57,residential,India
1,2038-07-24,585.47,residential,India
1,2038-07-25,597.03,residential,India
1,2038-07-26,604.32,residential,India
1,2038-07-27,566.93,residential,India
1,2038-07-28,611.8,residential,India
1,2038-07-29,549.44,residential,India
1,2038-07-30,570.58,residential,India
1,2038-07-31,558.02,residential,India
1,2038-08-01,560.52,residential,India
1,2038-08-02,523.39,residential,India
1,2038-08-03,601.2,residential,India
1,2038-08-04,572.17,residential,India
1,2038-08-05,518.54,residential,India
1,2038-08-06,559.38,residential,India
1,2038-08-07,587.65,residential,India
1,2038-08-08,575.06,residential,India
1,2038-08-09,600.32,residential,India
1,2038-08-10,578.59,residential,India
1,2038-08-11,551.75,residential,India
1,2038-08-12,544.2,residential,India
1,2038-08-13,571.67,residential,India
1,2038-08-14,563.6,residential,India
1,2038-08-15,576.04,residential,India
1,2038-08-16,581.89,residential,India
1,2038-08-17,582.84,residential,India
1,2038-08-18,553.78,residential,India
1,2038-08-19,594.34,residential,India
1,2038-08-20,552.02,residential,India
1,2038-08-21,587.34,residential,India
1,2038-08-22,605.89,residential,India
1,2038-08-23,579.71,residential,India
1,2038-08-24,584.91,residential,India
1,2038-08-25,582.56,residential,India
1,2038-08-26,564.58,residential,India
1,2038-08-27,536.16,residential,India
1,2038-08-28,575.18,residential,India
1,2038-08-29,559.42,residential,India
1,2038-08-30,561.09,residential,India
1,2038-08-31,561.24,residential,India
1,2038-09-01,566.12,residential,India
1,2038-09-02,582.77,residential,India
1,2038-09-03,565.99,residential,India
1,2038-09-04,560.45,residential,India
1,2038-09-05,569.03,residential,India
1,2038-09-06,559.55,residential,India
1,2038-09-07,522.99,residential,India
1,2038-09-08,576.47,residential,India
1,2038-09-09,544.98,residential,India
1,2038-09-10,602.92,residential,India
1,2038-09-11,589.44,residential,India
1,2038-09-12,592.96,residential,India
1,2038-09-13,545.55,residential,India
1,2038-09-14,550.06,residential,India
1,2038-09-15,567.25,residential,India
1,2038-09-16,544.7,residential,India
1,2038-09-17,544.49,residential,India
1,2038-09-18,601.1,residential,India
1,2038-09-19,574.32,residential,India
1,2038-09-20,573.58,residential,India
1,2038-09-21,559.47,residential,India
1,2038-09-22,576.97,residential,India
1,2038-09-23,591.79,residential,India
1,2038-09-24,574.15,residential,India
1,2038-09-25,549.32,residential,India
1,2038-09-26,519.77,residential,India
1,2038-09-27,500.79,residential,India
1,2038-09-28,603.74,residential,India
1,2038-09-29,595.17,residential,India
1,2038-09-30,554.38,residential,India
1,2038-10-01,572.11,residential,India
1,2038-10-02,540.82,residential,India
1,2038-10-03,553.05,residential,India
1,2038-10-04,573.74,residential,India
1,2038-10-05,551.2,residential,India
1,2038-10-06,584.9,residential,India
1,2038-10-07,526.7,residential,India
1,2038-10-08,545.88,residential,India
1,2038-10-09,572.27,residential,India
1,2038-10-10,577.74,residential,India
1,2038-10-11,552.43,residential,India
1,2038-10-12,514.91,residential,India
1,2038-10-13,572.54,residential,India
1,2038-10-14,584.92,residential,India
1,2038-10-15,573.42,residential,India
1,2038-10-16,554.44,residential,India
1,2038-10-17,554.15,residential,India
1,2038-10-18,531.62,residential,India
1,2038-10-19,523.71,residential,India
1,2038-10-20,554.75,residential,India
1,2038-10-21,560.95,residential,India
1,2038-10-22,548.48,residential,India
1,2038-10-23,532.51,residential,India
1,2038-10-24,593.22,residential,India
1,2038-10-25,538.1,residential,India
1,2038-10-26,573.57,residential,India
1,2038-10-27,569.39,residential,India
1,2038-10-28,561.38,residential,India
1,2038-10-29,563.63,residential,India
1,2038-10-30,558.68,residential,India
1,2038-10-31,566.36,residential,India
1,2038-11-01,531.93,residential,India
1,2038-11-02,574.47,residential,India
1,2038-11-03,551.25,residential,India
1,2038-11-04,554.35,residential,India
1,2038-11-05,583.18,residential,India
1,2038-11-06,548.21,residential,India
1,2038-11-07,542.41,residential,India
1,2038-11-08,548.46,residential,India
1,2038-11-09,540.53,residential,India
1,2038-11-10,550.34,residential,India
1,2038-11-11,550.24,residential,India
1,2038-11-12,554.47,residential,India
1,2038-11-13,560.37,residential,India
1,2038-11-14,547.28,residential,India
1,2038-11-15,554.53,residential,India
1,2038-11-16,544.7,residential,India
1,2038-11-17,562.2,residential,India
1,2038-11-18,559.01,residential,India
1,2038-11-19,544.43,residential,India
1,2038-11-20,564.56,residential,India
1,2038-11-21,559.5,residential,India
1,2038-11-22,554.83,residential,India
1,2038-11-23,566.72,residential,India
1,2038-11-24,561.57,residential,India
1,2038-11-25,581.75,residential,India
1,2038-11-26,558.85,residential,India
1,2038-11-27,531.99,residential,India
1,2038-11-28,547.38,residential,India
1,2038-11-29,550.21,residential,India
1,2038-11-30,540.07,residential,India
1,2038-12-01,511.77,residential,India
1,2038-12-02,580.33,residential,India
1,2038-12-03,559.86,residential,India
1,2038-12-04,553.59,residential,India
1,2038-12-05,528.63,residential,India
1,2038-12-06,539.51,residential,India
1,2038-12-07,535.86,residential,India
1,2038-12-08,581.25,residential,India
1,2038-12-09,537.53,residential,India
1,2038-12-10,587.66,residential,India
1,2038-12-11,554.49,residential,India
1,2038-12-12,552.39,residential,India
1,2038-12-13,574.92,residential,India
1,2038-12-14,548.5,residential,India
1,2038-12-15,582.63,residential,India
1,2038-12-16,517.98,residential,India
1,2038-12-17,524.72,residential,India
1,2038-12-18,572.41,residential,India
1,2038-12-19,564.47,residential,India
1,2038-12-20,564.47,residential,India
1,2038-12-21,551.66,residential,India
1,2038-12-22,534.51,residential,India
1,2038-12-23,540.04,residential,India
1,2038-12-24,538.35,residential,India
1,2038-12-25,553.91,residential,India
1,2038-12-26,507.98,residential,India
1,2038-12-27,551.38,residential,India
1,2038-12-28,586.91,residential,India
1,2038-12-29,576.66,residential,India
1,2038-12-30,525.57,residential,India
1,2038-12-31,570.97,residential,India
1,2039-01-01,548.3,residential,India
1,2039-01-02,576.51,residential,India
1,2039-01-03,534.21,residential,India
1,2039-01-04,565.75,residential,India
1,2039-01-05,524.84,residential,India
1,2039-01-06,558.69,residential,India
1,2039-01-07,569.05,residential,India
1,2039-01-08,512.21,residential,India
1,2039-01-09,539.59,residential,India
1,2039-01-10,550.29,residential,India
1,2039-01-11,569.64,residential,India
1,2039-01-12,512.39,residential,India
1,2039-01-13,529.81,residential,India
1,2039-01-14,535.46,residential,India
1,2039-01-15,565.49,residential,India
1,2039-01-16,545.56,residential,India
1,2039-01-17,554.57,residential,India
1,2039-01-18,529.62,residential,India
1,2039-01-19,584.21,residential,India
1,2039-01-20,541.07,residential,India
1,2039-01-21,569.22,residential,India
1,2039-01-22,571.45,residential,India
1,2039-01-23,586.92,residential,India
1,2039-01-24,530.88,residential,India
1,2039-01-25,580.54,residential,India
1,2039-01-26,549.27,residential,India
1,2039-01-27,504.27,residential,India
1,2039-01-28,543.92,residential,India
1,2039-01-29,535.4,residential,India
1,2039-01-30,551.49,residential,India
1,2039-01-31,573.51,residential,India
1,2039-02-01,522.17,residential,India
1,2039-02-02,545.57,residential,India
1,2039-02-03,546.4,residential,India
1,2039-02-04,576.5,residential,India
1,2039-02-05,537.31,residential,India
1,2039-02-06,526.08,residential,India
1,2039-02-07,483.36,residential,India
1,2039-02-08,516.83,residential,India
1,2039-02-09,540.51,residential,India
1,2039-02-10,540.28,residential,India
1,2039-02-11,556.98,residential,India
1,2039-02-12,541.7,residential,India
1,2039-02-13,571.39,residential,India
1,2039-02-14,516.54,residential,India
1,2039-02-15,539.81,residential,India
1,2039-02-16,513.45,residential,India
1,2039-02-17,548.02,residential,India
1,2039-02-18,524.01,residential,India
1,2039-02-19,554.64,residential,India
1,2039-02-20,575.71,residential,India
1,2039-02-21,562.44,residential,India
1,2039-02-22,565.51,residential,India
1,2039-02-23,511.43,residential,India
1,2039-02-24,547.29,residential,India
1,2039-02-25,549.87,residential,India
1,2039-02-26,495.42,residential,India
1,2039-02-27,553.41,residential,India
1,2039-02-28,550.02,residential,India
1,2039-03-01,558.57,residential,India
1,2039-03-02,533.09,residential,India
1,2039-03-03,538.41,residential,India
1,2039-03-04,566.27,residential,India
1,2039-03-05,544.33,residential,India
1,2039-03-06,545.45,residential,India
1,2039-03-07,550.28,residential,India
1,2039-03-08,529.79,residential,India
1,2039-03-09,519.42,residential,India
1,2039-03-10,552.13,residential,India
1,2039-03-11,517.34,residential,India
1,2039-03-12,551.96,residential,India
1,2039-03-13,559.51,residential,India
1,2039-03-14,552.53,residential,India
1,2039-03-15,513.31,residential,India
1,2039-03-16,514.2,residential,India
1,2039-03-17,541.38,residential,India
1,2039-03-18,532.51,residential,India
1,2039-03-19,534.13,residential,India
1,2039-03-20,533.37,residential,India
1,2039-03-21,540.05,residential,India
1,2039-03-22,529.35,residential,India
1,2039-03-23,546.62,residential,India
1,2039-03-24,534.23,residential,India
1,2039-03-25,523.37,residential,India
1,2039-03-26,545.22,residential,India
1,2039-03-27,515.23,residential,India
1,2039-03-28,585.14,residential,India
1,2039-03-29,544.74,residential,India
1,2039-03-30,525.63,residential,India
1,2039-03-31,544.05,residential,India
1,2039-04-01,534.57,residential,India
1,2039-04-02,559.32,residential,India
1,2039-04-03,518.25,residential,India
1,2039-04-04,494.32,residential,India
1,2039-04-05,525.16,residential,India
1,2039-04-06,537.75,residential,India
1,2039-04-07,578.51,residential,India
1,2039-04-08,549.86,residential,India
1,2039-04-09,523.97,residential,India
1,2039-04-10,545.8,residential,India
1,2039-04-11,559.92,residential,India
1,2039-04-12,529.95,residential,India
1,2039-04-13,548.71,residential,India
1,2039-04-14,527.81,residential,India
1,2039-04-15,561.34,residential,India
1,2039-04-16,526.71,residential,India
1,2039-04-17,538.2,residential,India
1,2039-04-18,512.32,residential,India
1,2039-04-19,551.62,residential,India
1,2039-04-20,521.34,residential,India
1,2039-04-21,578.19,residential,India
1,2039-04-22,563.9,residential,India
1,2039-04-23,539.82,residential,India
1,2039-04-24,536.5,residential,India
1,2039-04-25,502.56,residential,India
1,2039-04-26,530.51,residential,India
1,2039-04-27,554.63,residential,India
1,2039-04-28,526.79,residential,India
1,2039-04-29,517.79,residential,India
1,2039-04-30,547.88,residential,India
1,2039-05-01,556.33,residential,India
1,2039-05-02,540.87,residential,India
1,2039-05-03,514.64,residential,India
1,2039-05-04,550.61,residential,India
1,2039-05-05,549.55,residential,India
1,2039-05-06,527.83,residential,India
1,2039-05-07,527.96,residential,India
1,2039-05-08,519.62,residential,India
1,2039-05-09,557.18,residential,India
1,2039-05-10,556.93,residential,India
1,2039-05-11,533.34,residential,India
1,2039-05-12,555.67,residential,India
1,2039-05-13,519.22,residential,India
1,2039-05-14,558.27,residential,India
1,2039-05-15,546.12,residential,India
1,2039-05-16,530.71,residential,India
1,2039-05-17,549.26,residential,India
1,2039-05-18,539.64,residential,India
1,2039-05-19,558.95,residential,India
1,2039-05-20,529.34,residential,India
1,2039-05-21,557.86,residential,India
1,2039-05-22,529.96,residential,India
1,2039-05-23,550.75,residential,India
1,2039-05-24,508.49,residential,India
1,2039-05-25,522.0,residential,India
1,2039-05-26,538.62,residential,India
1,2039-05-27,540.09,residential,India
1,2039-05-28,544.14,residential,India
1,2039-05-29,522.58,residential,India
1,2039-05-30,520.54,residential,India
1,2039-05-31,544.51,residential,India
1,2039-06-01,573.22,residential,India
1,2039-06-02,530.15,residential,India
1,2039-06-03,560.55,residential,India
1,2039-06-04,555.8,residential,India
1,2039-06-05,529.98,residential,India
1,2039-06-06,545.35,residential,India
1,2039-06-07,506.99,residential,India
1,2039-06-08,543.71,residential,India
1,2039-06-09,543.34,residential,India
1,2039-06-10,545.33,residential,India
1,2039-06-11,563.96,residential,India
1,2039-06-12,551.75,residential,India
1,2039-06-13,497.71,residential,India
1,2039-06-14,545.41,residential,India
1,2039-06-15,530.82,residential,India
1,2039-06-16,533.68,residential,India
1,2039-06-17,513.02,residential,India
1,2039-06-18,566.6,residential,India
1,2039-06-19,534.86,residential,India
1,2039-06-20,539.23,residential,India
1,2039-06-21,558.21,residential,India
1,2039-06-22,569.03,residential,India
1,2039-06-23,522.53,residential,India
1,2039-06-24,547.04,residential,India
1,2039-06-25,539.22,residential,India
1,2039-06-26,572.75,residential,India
1,2039-06-27,505.19,residential,India
1,2039-06-28,552.89,residential,India
1,2039-06-29,565.97,residential,India
1,2039-06-30,528.44,residential,India
1,2039-07-01,544.5,residential,India
1,2039-07-02,564.46,residential,India
1,2039-07-03,528.14,residential,India
1,2039-07-04,526.3,residential,India
1,2039-07-05,548.15,residential,India
1,2039-07-06,505.73,residential,India
1,2039-07-07,545.09,residential,India
1,2039-07-08,548.14,residential,India
1,2039-07-09,561.69,residential,India
1,2039-07-10,547.54,residential,India
1,2039-07-11,534.09,residential,India
1,2039-07-12,510.81,residential,India
1,2039-07-13,536.74,residential,India
1,2039-07-14,528.15,residential,India
1,2039-07-15,539.88,residential,India
1,2039-07-16,523.45,residential,India
1,2039-07-17,504.11,residential,India
1,2039-07-18,567.78,residential,India
1,2039-07-19,513.42,residential,India
1,2039-07-20,530.1,residential,India
1,2039-07-21,513.52,residential,India
1,2039-07-22,529.58,residential,India
1,2039-07-23,541.6,residential,India
1,2039-07-24,501.84,residential,India
1,2039-07-25,529.89,residential,India
1,2039-07-26,567.93,residential,India
1,2039-07-27,572.44,residential,India
1,2039-07-28,523.98,residential,India
1,2039-07-29,586.2,residential,India
1,2039-07-30,558.92,residential,India
1,2039-07-31,532.3,residential,India
1,2039-08-01,518.85,residential,India
1,2039-08-02,539.67,residential,India
1,2039-08-03,547.48,residential,India
1,2039-08-04,532.91,residential,India
1,2039-08-05,555.84,residential,India
1,2039-08-06,566.62,residential,India
1,2039-08-07,519.98,residential,India
1,2039-08-08,537.0,residential,India
1,2039-08-09,515.98,residential,India
1,2039-08-10,531.82,residential,India
1,2039-08-11,527.18,residential,India
1,2039-08-12,543.91,residential,India
1,2039-08-13,557.17,residential,India
1,2039-08-14,547.88,residential,India
1,2039-08-15,551.16,residential,India
1,2039-08-16,552.93,residential,India
1,2039-08-17,558.95,residential,India
1,2039-08-18,544.09,residential,India
1,2039-08-19,524.51,residential,India
1,2039-08-20,537.51,residential,India
1,2039-08-21,552.28,residential,India
1,2039-08-22,568.85,residential,India
1,2039-08-23,547.38,residential,India
1,2039-08-24,571.61,residential,India
1,2039-08-25,519.11,residential,India
1,2039-08-26,523.51,residential,India
1,2039-08-27,527.73,residential,India
1,2039-08-28,569.66,residential,India
1,2039-08-29,522.1,residential,India
1,2039-08-30,550.05,residential,India
1,2039-08-31,572.08,residential,India
1,2039-09-01,517.62,residential,India
1,2039-09-02,545.9,residential,India
1,2039-09-03,550.52,residential,India
1,2039-09-04,513.34,residential,India
1,2039-09-05,548.97,residential,India
1,2039-09-06,518.2,residential,India
1,2039-09-07,592.93,residential,India
1,2039-09-08,552.16,residential,India
1,2039-09-09,532.0,residential,India
1,2039-09-10,566.23,residential,India
1,2039-09-11,533.27,residential,India
1,2039-09-12,576.01,residential,India
1,2039-09-13,523.89,residential,India
1,2039-09-14,530.29,residential,India
1,2039-09-15,549.48,residential,India
1,2039-09-16,486.49,residential,India
1,2039-09-17,547.57,residential,India
1,2039-09-18,526.05,residential,India
1,2039-09-19,538.2,residential,India
1,2039-09-20,546.87,residential,India
1,2039-09-21,563.47,residential,India
1,2039-09-22,556.67,residential,India
1,2039-09-23,502.77,residential,India
1,2039-09-24,524.46,residential,India
1,2039-09-25,559.71,residential,India
1,2039-09-26,547.04,residential,India
1,2039-09-27,567.2,residential,India
1,2039-09-28,533.49,residential,India
1,2039-09-29,570.5,residential,India
1,2039-09-30,539.16,residential,India
1,2039-10-01,537.93,residential,India
1,2039-10-02,546.23,residential,India
1,2039-10-03,540.78,residential,India
1,2039-10-04,555.55,residential,India
1,2039-10-05,546.79,residential,India
1,2039-10-06,538.53,residential,India
1,2039-10-07,577.62,residential,India
1,2039-10-08,535.27,residential,India
1,2039-10-09,572.91,residential,India
1,2039-10-10,564.76,residential,India
1,2039-10-11,564.61,residential,India
1,2039-10-12,569.4,residential,India
1,2039-10-13,534.33,residential,India
1,2039-10-14,528.63,residential,India
1,2039-10-15,502.37,residential,India
1,2039-10-16,563.81,residential,India
1,2039-10-17,562.24,residential,India
1,2039-10-18,559.26,residential,India
1,2039-10-19,515.34,residential,India
1,2039-10-20,518.66,residential,India
1,2039-10-21,524.04,residential,India
1,2039-10-22,539.9,residential,India
1,2039-10-23,542.0,residential,India
1,2039-10-24,591.87,residential,India
1,2039-10-25,563.64,residential,India
1,2039-10-26,551.67,residential,India
1,2039-10-27,539.86,residential,India
1,2039-10-28,556.5,residential,India
1,2039-10-29,552.99,residential,India
1,2039-10-30,560.5,residential,India
1,2039-10-31,570.55,residential,India
1,2039-11-01,502.3,residential,India
1,2039-11-02,545.39,residential,India
1,2039-11-03,587.18,residential,India
1,2039-11-04,573.64,residential,India
1,2039-11-05,523.36,residential,India
1,2039-11-06,546.69,residential,India
1,2039-11-07,522.93,residential,India
1,2039-11-08,526.91,residential,India
1,2039-11-09,572.22,residential,India
1,2039-11-10,547.47,residential,India
1,2039-11-11,553.39,residential,India
1,2039-11-12,523.25,residential,India
1,2039-11-13,539.47,residential,India
1,2039-11-14,550.51,residential,India
1,2039-11-15,536.76,residential,India
1,2039-11-16,544.85,residential,India
1,2039-11-17,553.01,residential,India
1,2039-11-18,548.69,residential,India
1,2039-11-19,541.19,residential,India
1,2039-11-20,553.52,residential,India
1,2039-11-21,525.21,residential,India
1,2039-11-22,571.82,residential,India
1,2039-11-23,586.93,residential,India
1,2039-11-24,545.6,residential,India
1,2039-11-25,547.36,residential,India
1,2039-11-26,540.63,residential,India
1,2039-11-27,541.66,residential,India
1,2039-11-28,574.25,residential,India
1,2039-11-29,567.75,residential,India
1,2039-11-30,543.69,residential,India
1,2039-12-01,533.61,residential,India
1,2039-12-02,564.04,residential,India
1,2039-12-03,547.83,residential,India
1,2039-12-04,547.1,residential,India
1,2039-12-05,547.61,residential,India
1,2039-12-06,542.98,residential,India
1,2039-12-07,539.86,residential,India
1,2039-12-08,580.98,residential,India
1,2039-12-09,572.08,residential,India
1,2039-12-10,552.69,residential,India
1,2039-12-11,571.01,residential,India
1,2039-12-12,568.21,residential,India
1,2039-12-13,596.58,residential,India
1,2039-12-14,561.73,residential,India
1,2039-12-15,556.46,residential,India
1,2039-12-16,560.66,residential,India
1,2039-12-17,572.19,residential,India
1,2039-12-18,540.93,residential,India
1,2039-12-19,557.53,residential,India
1,2039-12-20,531.74,residential,India
1,2039-12-21,551.15,residential,India
1,2039-12-22,568.02,residential,India
1,2039-12-23,586.68,residential,India
1,2039-12-24,566.01,residential,India
1,2039-12-25,523.22,residential,India
1,2039-12-26,553.44,residential,India
1,2039-12-27,553.11,residential,India
1,2039-12-28,557.78,residential,India
1,2039-12-29,568.05,residential,India
1,2039-12-30,574.96,residential,India
1,2039-12-31,550.46,residential,India
1,2040-01-01,557.07,residential,India
1,2040-01-02,545.03,residential,India
1,2040-01-03,563.76,residential,India
1,2040-01-04,544.74,residential,India
1,2040-01-05,542.27,residential,India
1,2040-01-06,556.65,residential,India
1,2040-01-07,544.19,residential,India
1,2040-01-08,578.75,residential,India
1,2040-01-09,556.58,residential,India
1,2040-01-10,536.35,residential,India
1,2040-01-11,594.86,residential,India
1,2040-01-12,515.75,residential,India
1,2040-01-13,583.42,residential,India
1,2040-01-14,562.88,residential,India
1,2040-01-15,570.06,residential,India
1,2040-01-16,539.92,residential,India
1,2040-01-17,570.16,residential,India
1,2040-01-18,588.39,residential,India
1,2040-01-19,537.65,residential,India
1,2040-01-20,566.21,residential,India
1,2040-01-21,576.07,residential,India
1,2040-01-22,581.11,residential,India
1,2040-01-23,588.7,residential,India
1,2040-01-24,584.6,residential,India
1,2040-01-25,578.24,residential,India
1,2040-01-26,561.14,residential,India
1,2040-01-27,577.37,residential,India
1,2040-01-28,555.56,residential,India
1,2040-01-29,534.65,residential,India
1,2040-01-30,560.79,residential,India
1,2040-01-31,528.99,residential,India
1,2040-02-01,560.46,residential,India
1,2040-02-02,584.07,residential,India
1,2040-02-03,544.69,residential,India
1,2040-02-04,582.9,residential,India
1,2040-02-05,575.53,residential,India
1,2040-02-06,549.92,residential,India
1,2040-02-07,542.97,residential,India
1,2040-02-08,580.91,residential,India
1,2040-02-09,608.16,residential,India
1,2040-02-10,575.27,residential,India
1,2040-02-11,583.28,residential,India
1,2040-02-12,551.7,residential,India
1,2040-02-13,586.47,residential,India
1,2040-02-14,578.52,residential,India
1,2040-02-15,569.45,residential,India
1,2040-02-16,544.81,residential,India
1,2040-02-17,581.61,residential,India
1,2040-02-18,576.22,residential,India
1,2040-02-19,550.27,residential,India
1,2040-02-20,597.1,residential,India
1,2040-02-21,572.05,residential,India
1,2040-02-22,568.81,residential,India
1,2040-02-23,582.18,residential,India
1,2040-02-24,535.09,residential,India
1,2040-02-25,571.15,residential,India
1,2040-02-26,605.58,residential,India
1,2040-02-27,585.78,residential,India
1,2040-02-28,566.19,residential,India
1,2040-02-29,565.48,residential,India
1,2040-03-01,587.44,residential,India
1,2040-03-02,573.19,residential,India
1,2040-03-03,566.96,residential,India
1,2040-03-04,586.76,residential,India
1,2040-03-05,570.81,residential,India
1,2040-03-06,571.7,residential,India
1,2040-03-07,557.58,residential,India
1,2040-03-08,550.75,residential,India
1,2040-03-09,591.73,residential,India
1,2040-03-10,536.4,residential,India
1,2040-03-11,570.37,residential,India
1,2040-03-12,543.05,residential,India
1,2040-03-13,560.6,residential,India
1,2040-03-14,564.22,residential,India
1,2040-03-15,539.62,residential,India
1,2040-03-16,540.57,residential,India
1,2040-03-17,579.51,residential,India
1,2040-03-18,599.21,residential,India
1,2040-03-19,578.8,residential,India
1,2040-03-20,577.85,residential,India
1,2040-03-21,587.65,residential,India
1,2040-03-22,594.51,residential,India
1,2040-03-23,599.99,residential,India
1,2040-03-24,575.69,residential,India
1,2040-03-25,555.93,residential,India
1,2040-03-26,569.35,residential,India
1,2040-03-27,560.35,residential,India
1,2040-03-28,573.83,residential,India
1,2040-03-29,578.58,residential,India
1,2040-03-30,563.51,residential,India
1,2040-03-31,594.31,residential,India
1,2040-04-01,579.62,residential,India
1,2040-04-02,615.07,residential,India
1,2040-04-03,601.76,residential,India
1,2040-04-04,584.99,residential,India
1,2040-04-05,564.07,residential,India
1,2040-04-06,586.05,residential,India
1,2040-04-07,585.0,residential,India
1,2040-04-08,583.89,residential,India
1,2040-04-09,580.7,residential,India
1,2040-04-10,571.64,residential,India
1,2040-04-11,585.11,residential,India
1,2040-04-12,575.6,residential,India
1,2040-04-13,583.49,residential,India
1,2040-04-14,576.6,residential,India
1,2040-04-15,576.96,residential,India
1,2040-04-16,552.66,residential,India
1,2040-04-17,587.45,residential,India
1,2040-04-18,555.95,residential,India
1,2040-04-19,562.34,residential,India
1,2040-04-20,627.95,residential,India
1,2040-04-21,572.02,residential,India
1,2040-04-22,586.08,residential,India
1,2040-04-23,586.18,residential,India
1,2040-04-24,585.53,residential,India
1,2040-04-25,557.71,residential,India
1,2040-04-26,603.75,residential,India
1,2040-04-27,563.79,residential,India
1,2040-04-28,596.03,residential,India
1,2040-04-29,623.69,residential,India
1,2040-04-30,642.41,residential,India
1,2040-05-01,553.18,residential,India
1,2040-05-02,572.39,residential,India
1,2040-05-03,595.5,residential,India
1,2040-05-04,590.11,residential,India
1,2040-05-05,597.86,residential,India
1,2040-05-06,551.35,residential,India
1,2040-05-07,555.4,residential,India
1,2040-05-08,597.13,residential,India
1,2040-05-09,584.74,residential,India
1,2040-05-10,578.36,residential,India
1,2040-05-11,582.82,residential,India
1,2040-05-12,553.08,residential,India
1,2040-05-13,564.77,residential,India
1,2040-05-14,606.83,residential,India
1,2040-05-15,568.67,residential,India
1,2040-05-16,590.28,residential,India
1,2040-05-17,554.04,residential,India
1,2040-05-18,577.97,residential,India
1,2040-05-19,582.95,residential,India
1,2040-05-20,607.47,residential,India
1,2040-05-21,588.01,residential,India
1,2040-05-22,594.22,residential,India
1,2040-05-23,603.94,residential,India
1,2040-05-24,570.59,residential,India
1,2040-05-25,560.98,residential,India
1,2040-05-26,576.68,residential,India
1,2040-05-27,599.65,residential,India
1,2040-05-28,608.31,residential,India
1,2040-05-29,604.69,residential,India
1,2040-05-30,591.73,residential,India
1,2040-05-31,609.69,residential,India
1,2040-06-01,553.38,residential,India
1,2040-06-02,603.45,residential,India
1,2040-06-03,592.07,residential,India
1,2040-06-04,605.83,residential,India
1,2040-06-05,583.15,residential,India
1,2040-06-06,620.25,residential,India
1,2040-06-07,567.71,residential,India
1,2040-06-08,607.33,residential,India
1,2040-06-09,577.08,residential,India
1,2040-06-10,575.24,residential,India
1,2040-06-11,573.71,residential,India
1,2040-06-12,602.06,residential,India
1,2040-06-13,595.22,residential,India
1,2040-06-14,620.55,residential,India
1,2040-06-15,605.19,residential,India
1,2040-06-16,585.25,residential,India
1,2040-06-17,574.44,residential,India
1,2040-06-18,656.6,residential,India
1,2040-06-19,593.13,residential,India
1,2040-06-20,613.55,residential,India
1,2040-06-21,602.05,residential,India
1,2040-06-22,609.42,residential,India
1,2040-06-23,581.8,residential,India
1,2040-06-24,605.56,residential,India
1,2040-06-25,594.16,residential,India
1,2040-06-26,577.18,residential,India
1,2040-06-27,601.11,residential,India
1,2040-06-28,590.04,residential,India
1,2040-06-29,530.38,residential,India
1,2040-06-30,586.36,residential,India
1,2040-07-01,569.5,residential,India
1,2040-07-02,590.6,residential,India
1,2040-07-03,578.67,residential,India
1,2040-07-04,578.37,residential,India
1,2040-07-05,592.41,residential,India
1,2040-07-06,602.39,residential,India
1,2040-07-07,600.2,residential,India
1,2040-07-08,611.44,residential,India
1,2040-07-09,578.52,residential,India
1,2040-07-10,577.23,residential,India
1,2040-07-11,572.55,residential,India
1,2040-07-12,554.11,residential,India
1,2040-07-13,608.06,residential,India
1,2040-07-14,593.76,residential,India
1,2040-07-15,582.67,residential,India
1,2040-07-16,619.94,residential,India
1,2040-07-17,609.77,residential,India
1,2040-07-18,572.25,residential,India
1,2040-07-19,574.68,residential,India
1,2040-07-20,633.32,residential,India
1,2040-07-21,607.19,residential,India
1,2040-07-22,610.78,residential,India
1,2040-07-23,599.04,residential,India
1,2040-07-24,606.81,residential,India
1,2040-07-25,610.06,residential,India
1,2040-07-26,598.77,residential,India
1,2040-07-27,642.98,residential,India
1,2040-07-28,588.38,residential,India
1,2040-07-29,599.23,residential,India
1,2040-07-30,601.09,residential,India
1,2040-07-31,601.18,residential,India
1,2040-08-01,617.1,residential,India
1,2040-08-02,586.42,residential,India
1,2040-08-03,621.05,residential,India
1,2040-08-04,597.68,residential,India
1,2040-08-05,605.9,residential,India
1,2040-08-06,637.11,residential,India
1,2040-08-07,567.5,residential,India
1,2040-08-08,615.2,residential,India
1,2040-08-09,615.41,residential,India
1,2040-08-10,615.28,residential,India
1,2040-08-11,572.2,residential,India
1,2040-08-12,593.13,residential,India
1,2040-08-13,629.16,residential,India
1,2040-08-14,591.14,residential,India
1,2040-08-15,559.44,residential,India
1,2040-08-16,573.87,residential,India
1,2040-08-17,618.35,residential,India
1,2040-08-18,630.09,residential,India
1,2040-08-19,600.47,residential,India
1,2040-08-20,609.57,residential,India
1,2040-08-21,586.73,residential,India
1,2040-08-22,622.48,residential,India
1,2040-08-23,610.88,residential,India
1,2040-08-24,603.87,residential,India
1,2040-08-25,650.22,residential,India
1,2040-08-26,629.11,residential,India
1,2040-08-27,587.42,residential,India
1,2040-08-28,629.8,residential,India
1,2040-08-29,601.58,residential,India
1,2040-08-30,610.58,residential,India
1,2040-08-31,569.86,residential,India
1,2040-09-01,570.26,residential,India
1,2040-09-02,600.1,residential,India
1,2040-09-03,630.13,residential,India
1,2040-09-04,610.09,residential,India
1,2040-09-05,633.27,residential,India
1,2040-09-06,620.91,residential,India
1,2040-09-07,614.6,residential,India
1,2040-09-08,609.61,residential,India
1,2040-09-09,613.8,residential,India
1,2040-09-10,604.3,residential,India
1,2040-09-11,628.34,residential,India
1,2040-09-12,613.94,residential,India
1,2040-09-13,603.38,residential,India
1,2040-09-14,595.8,residential,India
1,2040-09-15,632.31,residential,India
1,2040-09-16,633.1,residential,India
1,2040-09-17,581.89,residential,India
1,2040-09-18,606.27,residential,India
1,2040-09-19,607.87,residential,India
1,2040-09-20,588.33,residential,India
1,2040-09-21,611.62,residential,India
1,2040-09-22,579.6,residential,India
1,2040-09-23,561.33,residential,India
1,2040-09-24,611.99,residential,India
1,2040-09-25,621.57,residential,India
1,2040-09-26,628.0,residential,India
1,2040-09-27,593.35,residential,India
1,2040-09-28,632.82,residential,India
1,2040-09-29,602.7,residential,India
1,2040-09-30,620.48,residential,India
1,2040-10-01,608.92,residential,India
1,2040-10-02,616.33,residential,India
1,2040-10-03,639.68,residential,India
1,2040-10-04,584.84,residential,India
1,2040-10-05,654.69,residential,India
1,2040-10-06,586.44,residential,India
1,2040-10-07,610.15,residential,India
1,2040-10-08,595.77,residential,India
1,2040-10-09,605.49,residential,India
1,2040-10-10,628.38,residential,India
1,2040-10-11,614.08,residential,India
1,2040-10-12,630.06,residential,India
1,2040-10-13,617.7,residential,India
1,2040-10-14,624.07,residential,India
1,2040-10-15,615.79,residential,India
1,2040-10-16,659.55,residential,India
1,2040-10-17,605.31,residential,India
1,2040-10-18,631.23,residential,India
1,2040-10-19,604.82,residential,India
1,2040-10-20,628.9,residential,India
1,2040-10-21,617.99,residential,India
1,2040-10-22,624.84,residential,India
1,2040-10-23,594.06,residential,India
1,2040-10-24,621.51,residential,India
1,2040-10-25,628.85,residential,India
1,2040-10-26,626.78,residential,India
1,2040-10-27,617.31,residential,India
1,2040-10-28,605.23,residential,India
1,2040-10-29,624.65,residential,India
1,2040-10-30,603.71,residential,India
1,2040-10-31,638.68,residential,India
1,2040-11-01,668.08,residential,India
1,2040-11-02,667.1,residential,India
1,2040-11-03,627.27,residential,India
1,2040-11-04,645.96,residential,India
1,2040-11-05,649.27,residential,India
1,2040-11-06,612.16,residential,India
1,2040-11-07,659.95,residential,India
1,2040-11-08,633.71,residential,India
1,2040-11-09,576.15,residential,India
1,2040-11-10,601.66,residential,India
1,2040-11-11,655.57,residential,India
1,2040-11-12,633.98,residential,India
1,2040-11-13,627.68,residential,India
1,2040-11-14,651.17,residential,India
1,2040-11-15,632.55,residential,India
1,2040-11-16,640.74,residential,India
1,2040-11-17,615.3,residential,India
1,2040-11-18,627.88,residential,India
1,2040-11-19,625.0,residential,India
1,2040-11-20,622.61,residential,India
1,2040-11-21,589.18,residential,India
1,2040-11-22,640.36,residential,India
1,2040-11-23,628.85,residential,India
1,2040-11-24,611.38,residential,India
1,2040-11-25,635.28,residential,India
1,2040-11-26,628.78,residential,India
1,2040-11-27,587.17,residential,India
1,2040-11-28,636.47,residential,India
1,2040-11-29,617.95,residential,India
1,2040-11-30,655.39,residential,India
1,2040-12-01,630.17,residential,India
1,2040-12-02,641.35,residential,India
1,2040-12-03,634.5,residential,India
1,2040-12-04,608.01,residential,India
1,2040-12-05,666.94,residential,India
1,2040-12-06,682.01,residential,India
1,2040-12-07,662.59,residential,India
1,2040-12-08,637.68,residential,India
1,2040-12-09,620.72,residential,India
1,2040-12-10,588.15,residential,India
1,2040-12-11,642.73,residential,India
1,2040-12-12,633.36,residential,India
1,2040-12-13,638.6,residential,India
1,2040-12-14,652.46,residential,India
1,2040-12-15,642.34,residential,India
1,2040-12-16,619.49,residential,India
1,2040-12-17,628.92,residential,India
1,2040-12-18,621.67,residential,India
1,2040-12-19,657.06,residential,India
1,2040-12-20,645.5,residential,India
1,2040-12-21,625.85,residential,India
1,2040-12-22,632.27,residential,India
1,2040-12-23,617.56,residential,India
1,2040-12-24,643.95,residential,India
1,2040-12-25,651.19,residential,India
1,2040-12-26,639.62,residential,India
1,2040-12-27,616.82,residential,India
1,2040-12-28,616.5,residential,India
1,2040-12-29,649.5,residential,India
1,2040-12-30,640.4,residential,India
1,2040-12-31,655.13,residential,India
1,2041-01-01,658.04,residential,India
1,2041-01-02,638.87,residential,India
1,2041-01-03,628.24,residential,India
1,2041-01-04,623.44,residential,India
1,2041-01-05,621.5,residential,India
1,2041-01-06,626.05,residential,India
1,2041-01-07,653.76,residential,India
1,2041-01-08,608.63,residential,India
1,2041-01-09,654.6,residential,India
1,2041-01-10,600.78,residential,India
1,2041-01-11,603.96,residential,India
1,2041-01-12,658.37,residential,India
1,2041-01-13,652.94,residential,India
1,2041-01-14,599.6,residential,India
1,2041-01-15,599.91,residential,India
1,2041-01-16,608.87,residential,India
1,2041-01-17,637.82,residential,India
1,2041-01-18,623.05,residential,India
1,2041-01-19,623.94,residential,India
1,2041-01-20,667.3,residential,India
1,2041-01-21,635.24,residential,India
1,2041-01-22,642.62,residential,India
1,2041-01-23,642.46,residential,India
1,2041-01-24,613.01,residential,India
1,2041-01-25,639.64,residential,India
1,2041-01-26,641.1,residential,India
1,2041-01-27,636.54,residential,India
1,2041-01-28,645.04,residential,India
1,2041-01-29,655.42,residential,India
1,2041-01-30,664.29,residential,India
1,2041-01-31,631.88,residential,India
1,2041-02-01,612.96,residential,India
1,2041-02-02,642.23,residential,India
1,2041-02-03,633.12,residential,India
1,2041-02-04,625.01,residential,India
1,2041-02-05,647.55,residential,India
1,2041-02-06,654.38,residential,India
1,2041-02-07,648.48,residential,India
1,2041-02-08,641.68,residential,India
1,2041-02-09,643.11,residential,India
1,2041-02-10,599.65,residential,India
1,2041-02-11,637.22,residential,India
1,2041-02-12,644.94,residential,India
1,2041-02-13,651.86,residential,India
1,2041-02-14,657.16,residential,India
1,2041-02-15,656.99,residential,India
1,2041-02-16,648.56,residential,India
1,2041-02-17,654.41,residential,India
1,2041-02-18,638.37,residential,India
1,2041-02-19,622.0,residential,India
1,2041-02-20,651.12,residential,India
1,2041-02-21,633.55,residential,India
1,2041-02-22,634.0,residential,India
1,2041-02-23,641.06,residential,India
1,2041-02-24,670.6,residential,India
1,2041-02-25,656.22,residential,India
1,2041-02-26,625.62,residential,India
1,2041-02-27,625.66,residential,India
1,2041-02-28,644.72,residential,India
1,2041-03-01,606.02,residential,India
1,2041-03-02,635.74,residential,India
1,2041-03-03,614.23,residential,India
1,2041-03-04,617.97,residential,India
1,2041-03-05,660.35,residential,India
1,2041-03-06,617.39,residential,India
1,2041-03-07,661.99,residential,India
1,2041-03-08,668.37,residential,India
1,2041-03-09,655.46,residential,India
1,2041-03-10,640.47,residential,India
1,2041-03-11,656.0,residential,India
1,2041-03-12,657.07,residential,India
1,2041-03-13,630.79,residential,India
1,2041-03-14,627.47,residential,India
1,2041-03-15,654.28,residential,India
1,2041-03-16,679.02,residential,India
1,2041-03-17,678.68,residential,India
1,2041-03-18,633.26,residential,India
1,2041-03-19,620.41,residential,India
1,2041-03-20,652.01,residential,India
1,2041-03-21,625.68,residential,India
1,2041-03-22,643.66,residential,India
1,2041-03-23,661.02,residential,India
1,2041-03-24,687.56,residential,India
1,2041-03-25,646.99,residential,India
1,2041-03-26,670.72,residential,India
1,2041-03-27,636.68,residential,India
1,2041-03-28,623.91,residential,India
1,2041-03-29,650.05,residential,India
1,2041-03-30,620.96,residential,India
1,2041-03-31,639.7,residential,India
1,2041-04-01,668.5,residential,India
1,2041-04-02,665.16,residential,India
1,2041-04-03,604.54,residential,India
1,2041-04-04,650.63,residential,India
1,2041-04-05,622.13,residential,India
1,2041-04-06,675.72,residential,India
1,2041-04-07,670.81,residential,India
1,2041-04-08,642.03,residential,India
1,2041-04-09,656.79,residential,India
1,2041-04-10,652.4,residential,India
1,2041-04-11,650.74,residential,India
1,2041-04-12,655.35,residential,India
1,2041-04-13,630.01,residential,India
1,2041-04-14,664.34,residential,India
1,2041-04-15,611.42,residential,India
1,2041-04-16,659.33,residential,India
1,2041-04-17,649.13,residential,India
1,2041-04-18,654.25,residential,India
1,2041-04-19,646.62,residential,India
1,2041-04-20,660.94,residential,India
1,2041-04-21,666.22,residential,India
1,2041-04-22,649.22,residential,India
1,2041-04-23,636.9,residential,India
1,2041-04-24,661.74,residential,India
1,2041-04-25,679.28,residential,India
1,2041-04-26,657.83,residential,India
1,2041-04-27,727.33,residential,India
1,2041-04-28,660.9,residential,India
1,2041-04-29,699.35,residential,India
1,2041-04-30,666.18,residential,India
1,2041-05-01,592.31,residential,India
1,2041-05-02,645.89,residential,India
1,2041-05-03,619.95,residential,India
1,2041-05-04,639.98,residential,India
1,2041-05-05,663.97,residential,India
1,2041-05-06,651.97,residential,India
1,2041-05-07,682.87,residential,India
1,2041-05-08,642.4,residential,India
1,2041-05-09,669.12,residential,India
1,2041-05-10,693.53,residential,India
1,2041-05-11,634.78,residential,India
1,2041-05-12,661.19,residential,India
1,2041-05-13,653.59,residential,India
1,2041-05-14,659.89,residential,India
1,2041-05-15,651.65,residential,India
1,2041-05-16,689.09,residential,India
1,2041-05-17,664.73,residential,India
1,2041-05-18,652.82,residential,India
1,2041-05-19,668.72,residential,India
1,2041-05-20,641.55,residential,India
1,2041-05-21,672.32,residential,India
1,2041-05-22,638.93,residential,India
1,2041-05-23,663.67,residential,India
1,2041-05-24,623.33,residential,India
1,2041-05-25,677.35,residential,India
1,2041-05-26,650.47,residential,India
1,2041-05-27,634.45,residential,India
1,2041-05-28,651.06,residential,India
1,2041-05-29,673.45,residential,India
1,2041-05-30,645.78,residential,India
1,2041-05-31,597.73,residential,India
1,2041-06-01,639.02,residential,India
1,2041-06-02,673.78,residential,India
1,2041-06-03,640.85,residential,India
1,2041-06-04,655.87,residential,India
1,2041-06-05,647.03,residential,India
1,2041-06-06,649.56,residential,India
1,2041-06-07,665.9,residential,India
1,2041-06-08,616.75,residential,India
1,2041-06-09,660.03,residential,India
1,2041-06-10,660.47,residential,India
1,2041-06-11,620.77,residential,India
1,2041-06-12,664.23,residential,India
1,2041-06-13,678.8,residential,India
1,2041-06-14,639.71,residential,India
1,2041-06-15,638.84,residential,India
1,2041-06-16,659.67,residential,India
1,2041-06-17,641.79,residential,India
1,2041-06-18,667.33,residential,India
1,2041-06-19,660.49,residential,India
1,2041-06-20,672.42,residential,India
1,2041-06-21,662.49,residential,India
1,2041-06-22,651.07,residential,India
1,2041-06-23,690.4,residential,India
1,2041-06-24,635.95,residential,India
1,2041-06-25,658.56,residential,India
1,2041-06-26,672.92,residential,India
1,2041-06-27,655.7,residential,India
1,2041-06-28,638.87,residential,India
1,2041-06-29,652.18,residential,India
1,2041-06-30,644.93,residential,India
1,2041-07-01,649.16,residential,India
1,2041-07-02,659.61,residential,India
1,2041-07-03,655.54,residential,India
1,2041-07-04,673.95,residential,India
1,2041-07-05,632.31,residential,India
1,2041-07-06,650.52,residential,India
1,2041-07-07,677.94,residential,India
1,2041-07-08,632.05,residential,India
1,2041-07-09,684.57,residential,India
1,2041-07-10,656.0,residential,India
1,2041-07-11,697.2,residential,India
1,2041-07-12,692.72,residential,India
1,2041-07-13,642.88,residential,India
1,2041-07-14,655.25,residential,India
1,2041-07-15,641.44,residential,India
1,2041-07-16,664.32,residential,India
1,2041-07-17,671.26,residential,India
1,2041-07-18,649.9,residential,India
1,2041-07-19,640.1,residential,India
1,2041-07-20,652.46,residential,India
1,2041-07-21,705.52,residential,India
1,2041-07-22,712.53,residential,India
1,2041-07-23,651.22,residential,India
1,2041-07-24,629.04,residential,India
1,2041-07-25,665.44,residential,India
1,2041-07-26,656.67,residential,India
1,2041-07-27,643.23,residential,India
1,2041-07-28,658.95,residential,India
1,2041-07-29,670.64,residential,India
1,2041-07-30,676.74,residential,India
1,2041-07-31,662.8,residential,India
1,2041-08-01,654.74,residential,India
1,2041-08-02,631.75,residential,India
1,2041-08-03,644.75,residential,India
1,2041-08-04,644.89,residential,India
1,2041-08-05,635.66,residential,India
1,2041-08-06,683.93,residential,India
1,2041-08-07,638.35,residential,India
1,2041-08-08,662.4,residential,India
1,2041-08-09,665.79,residential,India
1,2041-08-10,659.84,residential,India
1,2041-08-11,638.58,residential,India
1,2041-08-12,665.58,residential,India
1,2041-08-13,639.91,residential,India
1,2041-08-14,679.5,residential,India
1,2041-08-15,655.71,residential,India
1,2041-08-16,624.43,residential,India
1,2041-08-17,684.94,residential,India
1,2041-08-18,656.58,residential,India
1,2041-08-19,671.71,residential,India
1,2041-08-20,666.17,residential,India
1,2041-08-21,691.62,residential,India
1,2041-08-22,639.72,residential,India
1,2041-08-23,683.32,residential,India
1,2041-08-24,685.88,residential,India
1,2041-08-25,614.35,residential,India
1,2041-08-26,639.49,residential,India
1,2041-08-27,657.55,residential,India
1,2041-08-28,640.88,residential,India
1,2041-08-29,671.38,residential,India
1,2041-08-30,658.63,residential,India
1,2041-08-31,656.96,residential,India
1,2041-09-01,632.24,residential,India
1,2041-09-02,632.7,residential,India
1,2041-09-03,679.92,residential,India
1,2041-09-04,673.08,residential,India
1,2041-09-05,636.68,residential,India
1,2041-09-06,663.41,residential,India
1,2041-09-07,644.78,residential,India
1,2041-09-08,657.62,residential,India
1,2041-09-09,671.96,residential,India
1,2041-09-10,682.5,residential,India
1,2041-09-11,657.22,residential,India
1,2041-09-12,660.99,residential,India
1,2041-09-13,693.11,residential,India
1,2041-09-14,639.07,residential,India
1,2041-09-15,664.41,residential,India
1,2041-09-16,642.04,residential,India
1,2041-09-17,672.5,residential,India
1,2041-09-18,656.75,residential,India
1,2041-09-19,672.78,residential,India
1,2041-09-20,661.81,residential,India
1,2041-09-21,669.35,residential,India
1,2041-09-22,663.71,residential,India
1,2041-09-23,624.01,residential,India
1,2041-09-24,639.88,residential,India
1,2041-09-25,638.32,residential,India
1,2041-09-26,684.37,residential,India
1,2041-09-27,664.25,residential,India
1,2041-09-28,651.38,residential,India
1,2041-09-29,693.04,residential,India
1,2041-09-30,690.89,residential,India
1,2041-10-01,689.08,residential,India
1,2041-10-02,625.39,residential,India
1,2041-10-03,659.56,residential,India
1,2041-10-04,649.07,residential,India
1,2041-10-05,652.24,residential,India
1,2041-10-06,631.74,residential,India
1,2041-10-07,667.62,residential,India
1,2041-10-08,647.02,residential,India
1,2041-10-09,631.18,residential,India
1,2041-10-10,643.43,residential,India
1,2041-10-11,658.86,residential,India
1,2041-10-12,635.59,residential,India
1,2041-10-13,680.8,residential,India
1,2041-10-14,647.94,residential,India
1,2041-10-15,670.47,residential,India
1,2041-10-16,666.51,residential,India
1,2041-10-17,649.65,residential,India
1,2041-10-18,640.18,residential,India
1,2041-10-19,654.58,residential,India
1,2041-10-20,674.85,residential,India
1,2041-10-21,646.32,residential,India
1,2041-10-22,608.41,residential,India
1,2041-10-23,672.97,residential,India
1,2041-10-24,658.6,residential,India
1,2041-10-25,649.36,residential,India
1,2041-10-26,638.88,residential,India
1,2041-10-27,663.15,residential,India
1,2041-10-28,690.44,residential,India
1,2041-10-29,699.32,residential,India
1,2041-10-30,681.88,residential,India
1,2041-10-31,653.74,residential,India
1,2041-11-01,659.71,residential,India
1,2041-11-02,661.46,residential,India
1,2041-11-03,658.4,residential,India
1,2041-11-04,652.36,residential,India
1,2041-11-05,688.87,residential,India
1,2041-11-06,683.35,residential,India
1,2041-11-07,658.73,residential,India
1,2041-11-08,663.25,residential,India
1,2041-11-09,666.7,residential,India
1,2041-11-10,643.97,residential,India
1,2041-11-11,667.05,residential,India
1,2041-11-12,666.2,residential,India
1,2041-11-13,660.19,residential,India
1,2041-11-14,636.81,residential,India
1,2041-11-15,662.9,residential,India
1,2041-11-16,673.12,residential,India
1,2041-11-17,668.56,residential,India
1,2041-11-18,647.58,residential,India
1,2041-11-19,658.59,residential,India
1,2041-11-20,639.72,residential,India
1,2041-11-21,634.77,residential,India
1,2041-11-22,641.33,residential,India
1,2041-11-23,673.26,residential,India
1,2041-11-24,683.72,residential,India
1,2041-11-25,669.25,residential,India
1,2041-11-26,616.89,residential,India
1,2041-11-27,674.9,residential,India
1,2041-11-28,666.28,residential,India
1,2041-11-29,641.2,residential,India
1,2041-11-30,651.65,residential,India
1,2041-12-01,645.31,residential,India
1,2041-12-02,654.89,residential,India
1,2041-12-03,666.44,residential,India
1,2041-12-04,654.73,residential,India
1,2041-12-05,676.82,residential,India
1,2041-12-06,671.25,residential,India
1,2041-12-07,679.33,residential,India
1,2041-12-08,638.5,residential,India
1,2041-12-09,645.12,residential,India
1,2041-12-10,599.3,residential,India
1,2041-12-11,676.33,residential,India
1,2041-12-12,669.6,residential,India
1,2041-12-13,679.97,residential,India
1,2041-12-14,671.29,residential,India
1,2041-12-15,614.4,residential,India
1,2041-12-16,631.5,residential,India
1,2041-12-17,681.28,residential,India
1,2041-12-18,642.5,residential,India
1,2041-12-19,649.16,residential,India
1,2041-12-20,657.8,residential,India
1,2041-12-21,670.33,residential,India
1,2041-12-22,666.13,residential,India
1,2041-12-23,701.37,residential,India
1,2041-12-24,665.8,residential,India
1,2041-12-25,640.58,residential,India
1,2041-12-26,654.41,residential,India
1,2041-12-27,652.75,residential,India
1,2041-12-28,669.96,residential,India
1,2041-12-29,650.38,residential,India
1,2041-12-30,658.74,residential,India
1,2041-12-31,663.36,residential,India
1,2042-01-01,651.62,residential,India
1,2042-01-02,675.92,residential,India
1,2042-01-03,645.42,residential,India
1,2042-01-04,631.82,residential,India
1,2042-01-05,635.46,residential,India
1,2042-01-06,648.21,residential,India
1,2042-01-07,654.82,residential,India
1,2042-01-08,647.44,residential,India
1,2042-01-09,657.63,residential,India
1,2042-01-10,681.01,residential,India
1,2042-01-11,628.52,residential,India
1,2042-01-12,652.94,residential,India
1,2042-01-13,660.01,residential,India
1,2042-01-14,649.58,residential,India
1,2042-01-15,678.12,residential,India
1,2042-01-16,660.7,residential,India
1,2042-01-17,628.97,residential,India
1,2042-01-18,677.44,residential,India
1,2042-01-19,675.67,residential,India
1,2042-01-20,690.12,residential,India
1,2042-01-21,669.55,residential,India
1,2042-01-22,677.37,residential,India
1,2042-01-23,637.4,residential,India
1,2042-01-24,641.44,residential,India
1,2042-01-25,671.58,residential,India
1,2042-01-26,675.76,residential,India
1,2042-01-27,633.94,residential,India
1,2042-01-28,668.56,residential,India
1,2042-01-29,657.2,residential,India
1,2042-01-30,633.08,residential,India
1,2042-01-31,634.84,residential,India
1,2042-02-01,648.1,residential,India
1,2042-02-02,661.0,residential,India
1,2042-02-03,663.05,residential,India
1,2042-02-04,640.49,residential,India
1,2042-02-05,649.31,residential,India
1,2042-02-06,665.12,residential,India
1,2042-02-07,688.58,residential,India
1,2042-02-08,631.52,residential,India
1,2042-02-09,604.91,residential,India
1,2042-02-10,666.44,residential,India
1,2042-02-11,646.58,residential,India
1,2042-02-12,635.44,residential,India
1,2042-02-13,671.73,residential,India
1,2042-02-14,653.89,residential,India
1,2042-02-15,678.58,residential,India
1,2042-02-16,655.59,residential,India
1,2042-02-17,633.27,residential,India
1,2042-02-18,664.93,residential,India
1,2042-02-19,653.11,residential,India
1,2042-02-20,678.33,residential,India
1,2042-02-21,644.97,residential,India
1,2042-02-22,673.56,residential,India
1,2042-02-23,669.42,residential,India
1,2042-02-24,633.71,residential,India
1,2042-02-25,672.49,residential,India
1,2042-02-26,654.91,residential,India
1,2042-02-27,640.38,residential,India
1,2042-02-28,651.89,residential,India
1,2042-03-01,637.03,residential,India
1,2042-03-02,685.36,residential,India
1,2042-03-03,624.35,residential,India
1,2042-03-04,623.56,residential,India
1,2042-03-05,629.37,residential,India
1,2042-03-06,625.52,residential,India
1,2042-03-07,616.74,residential,India
1,2042-03-08,617.03,residential,India
1,2042-03-09,657.34,residential,India
1,2042-03-10,662.86,residential,India
1,2042-03-11,641.0,residential,India
1,2042-03-12,630.12,residential,India
1,2042-03-13,627.54,residential,India
1,2042-03-14,669.43,residential,India
1,2042-03-15,681.68,residential,India
1,2042-03-16,654.06,residential,India
1,2042-03-17,659.74,residential,India
1,2042-03-18,637.52,residential,India
1,2042-03-19,617.16,residential,India
1,2042-03-20,613.37,residential,India
1,2042-03-21,644.89,residential,India
1,2042-03-22,614.32,residential,India
1,2042-03-23,644.52,residential,India
1,2042-03-24,677.09,residential,India
1,2042-03-25,650.68,residential,India
1,2042-03-26,614.48,residential,India
1,2042-03-27,677.6,residential,India
1,2042-03-28,652.16,residential,India
1,2042-03-29,646.02,residential,India
1,2042-03-30,658.72,residential,India
1,2042-03-31,635.5,residential,India
1,2042-04-01,654.57,residential,India
1,2042-04-02,665.4,residential,India
1,2042-04-03,602.75,residential,India
1,2042-04-04,628.23,residential,India
1,2042-04-05,619.58,residential,India
1,2042-04-06,664.81,residential,India
1,2042-04-07,672.32,residential,India
1,2042-04-08,633.79,residential,India
1,2042-04-09,632.63,residential,India
1,2042-04-10,645.42,residential,India
1,2042-04-11,650.14,residential,India
1,2042-04-12,598.18,residential,India
1,2042-04-13,592.1,residential,India
1,2042-04-14,670.75,residential,India
1,2042-04-15,636.98,residential,India
1,2042-04-16,624.26,residential,India
1,2042-04-17,633.98,residential,India
1,2042-04-18,611.49,residential,India
1,2042-04-19,641.92,residential,India
1,2042-04-20,601.95,residential,India
1,2042-04-21,598.97,residential,India
1,2042-04-22,628.13,residential,India
1,2042-04-23,640.77,residential,India
1,2042-04-24,678.33,residential,India
1,2042-04-25,654.96,residential,India
1,2042-04-26,689.83,residential,India
1,2042-04-27,648.51,residential,India
1,2042-04-28,633.54,residential,India
1,2042-04-29,644.9,residential,India
1,2042-04-30,613.08,residential,India
1,2042-05-01,627.05,residential,India
1,2042-05-02,609.06,residential,India
1,2042-05-03,641.1,residential,India
1,2042-05-04,654.22,residential,India
1,2042-05-05,641.31,residential,India
1,2042-05-06,647.81,residential,India
1,2042-05-07,623.19,residential,India
1,2042-05-08,628.96,residential,India
1,2042-05-09,622.68,residential,India
1,2042-05-10,627.78,residential,India
1,2042-05-11,630.41,residential,India
1,2042-05-12,652.89,residential,India
1,2042-05-13,606.6,residential,India
1,2042-05-14,644.76,residential,India
1,2042-05-15,657.84,residential,India
1,2042-05-16,638.69,residential,India
1,2042-05-17,659.5,residential,India
1,2042-05-18,634.94,residential,India
1,2042-05-19,616.17,residential,India
1,2042-05-20,650.99,residential,India
1,2042-05-21,654.29,residential,India
1,2042-05-22,621.79,residential,India
1,2042-05-23,632.22,residential,India
1,2042-05-24,646.08,residential,India
1,2042-05-25,678.25,residential,India
1,2042-05-26,613.24,residential,India
1,2042-05-27,626.93,residential,India
1,2042-05-28,635.67,residential,India
1,2042-05-29,628.98,residential,India
1,2042-05-30,632.91,residential,India
1,2042-05-31,621.19,residential,India
1,2042-06-01,619.54,residential,India
1,2042-06-02,595.77,residential,India
1,2042-06-03,611.62,residential,India
1,2042-06-04,586.6,residential,India
1,2042-06-05,617.32,residential,India
1,2042-06-06,640.96,residential,India
1,2042-06-07,603.75,residential,India
1,2042-06-08,626.71,residential,India
1,2042-06-09,625.97,residential,India
1,2042-06-10,646.53,residential,India
1,2042-06-11,619.68,residential,India
1,2042-06-12,636.74,residential,India
1,2042-06-13,625.82,residential,India
1,2042-06-14,662.06,residential,India
1,2042-06-15,594.17,residential,India
1,2042-06-16,600.87,residential,India
1,2042-06-17,615.64,residential,India
1,2042-06-18,660.2,residential,India
1,2042-06-19,610.03,residential,India
1,2042-06-20,632.54,residential,India
1,2042-06-21,643.05,residential,India
1,2042-06-22,635.35,residential,India
1,2042-06-23,613.26,residential,India
1,2042-06-24,603.86,residential,India
1,2042-06-25,633.94,residential,India
1,2042-06-26,626.86,residential,India
1,2042-06-27,623.62,residential,India
1,2042-06-28,620.45,residential,India
1,2042-06-29,630.23,residential,India
1,2042-06-30,622.41,residential,India
1,2042-07-01,638.2,residential,India
1,2042-07-02,615.59,residential,India
1,2042-07-03,586.98,residential,India
1,2042-07-04,630.46,residential,India
1,2042-07-05,622.69,residential,India
1,2042-07-06,670.65,residential,India
1,2042-07-07,626.08,residential,India
1,2042-07-08,662.56,residential,India
1,2042-07-09,643.24,residential,India
1,2042-07-10,587.5,residential,India
1,2042-07-11,617.87,residential,India
1,2042-07-12,654.28,residential,India
1,2042-07-13,620.03,residential,India
1,2042-07-14,601.15,residential,India
1,2042-07-15,614.98,residential,India
1,2042-07-16,586.05,residential,India
1,2042-07-17,611.36,residential,India
1,2042-07-18,645.43,residential,India
1,2042-07-19,619.81,residential,India
1,2042-07-20,610.41,residential,India
1,2042-07-21,581.67,residential,India
1,2042-07-22,609.94,residential,India
1,2042-07-23,616.85,residential,India
1,2042-07-24,585.56,residential,India
1,2042-07-25,646.88,residential,India
1,2042-07-26,606.41,residential,India
1,2042-07-27,657.74,residential,India
1,2042-07-28,618.14,residential,India
1,2042-07-29,627.58,residential,India
1,2042-07-30,625.12,residential,India
1,2042-07-31,596.83,residential,India
1,2042-08-01,623.95,residential,India
1,2042-08-02,636.18,residential,India
1,2042-08-03,598.09,residential,India
1,2042-08-04,634.22,residential,India
1,2042-08-05,630.08,residential,India
1,2042-08-06,599.36,residential,India
1,2042-08-07,601.92,residential,India
1,2042-08-08,622.86,residential,India
1,2042-08-09,594.94,residential,India
1,2042-08-10,616.95,residential,India
1,2042-08-11,630.75,residential,India
1,2042-08-12,587.73,residential,India
1,2042-08-13,636.82,residential,India
1,2042-08-14,638.11,residential,India
1,2042-08-15,626.49,residential,India
1,2042-08-16,626.71,residential,India
1,2042-08-17,618.98,residential,India
1,2042-08-18,626.44,residential,India
1,2042-08-19,607.57,residential,India
1,2042-08-20,634.94,residential,India
1,2042-08-21,603.84,residential,India
1,2042-08-22,644.96,residential,India
1,2042-08-23,620.5,residential,India
1,2042-08-24,599.03,residential,India
1,2042-08-25,612.85,residential,India
1,2042-08-26,633.34,residential,India
1,2042-08-27,580.92,residential,India
1,2042-08-28,655.1,residential,India
1,2042-08-29,604.63,residential,India
1,2042-08-30,600.3,residential,India
1,2042-08-31,637.79,residential,India
1,2042-09-01,620.93,residential,India
1,2042-09-02,620.25,residential,India
1,2042-09-03,638.68,residential,India
1,2042-09-04,622.88,residential,India
1,2042-09-05,564.87,residential,India
1,2042-09-06,597.15,residential,India
1,2042-09-07,593.91,residential,India
1,2042-09-08,618.27,residential,India
1,2042-09-09,633.75,residential,India
1,2042-09-10,606.48,residential,India
1,2042-09-11,625.79,residential,India
1,2042-09-12,613.79,residential,India
1,2042-09-13,599.97,residential,India
1,2042-09-14,611.65,residential,India
1,2042-09-15,581.02,residential,India
1,2042-09-16,610.97,residential,India
1,2042-09-17,614.07,residential,India
1,2042-09-18,600.03,residential,India
1,2042-09-19,611.5,residential,India
1,2042-09-20,609.56,residential,India
1,2042-09-21,601.48,residential,India
1,2042-09-22,610.93,residential,India
1,2042-09-23,631.48,residential,India
1,2042-09-24,604.26,residential,India
1,2042-09-25,612.41,residential,India
1,2042-09-26,630.17,residential,India
1,2042-09-27,597.33,residential,India
1,2042-09-28,609.59,residential,India
1,2042-09-29,598.66,residential,India
1,2042-09-30,619.67,residential,India
1,2042-10-01,574.11,residential,India
1,2042-10-02,644.3,residential,India
1,2042-10-03,602.22,residential,India
1,2042-10-04,609.37,residential,India
1,2042-10-05,633.23,residential,India
1,2042-10-06,591.51,residential,India
1,2042-10-07,604.29,residential,India
1,2042-10-08,609.9,residential,India
1,2042-10-09,578.45,residential,India
1,2042-10-10,596.59,residential,India
1,2042-10-11,602.19,residential,India
1,2042-10-12,603.03,residential,India
1,2042-10-13,631.1,residential,India
1,2042-10-14,631.26,residential,India
1,2042-10-15,594.42,residential,India
1,2042-10-16,606.16,residential,India
1,2042-10-17,589.99,residential,India
1,2042-10-18,596.55,residential,India
1,2042-10-19,624.75,residential,India
1,2042-10-20,597.54,residential,India
1,2042-10-21,616.55,residential,India
1,2042-10-22,604.22,residential,India
1,2042-10-23,591.46,residential,India
1,2042-10-24,607.69,residential,India
1,2042-10-25,587.43,residential,India
1,2042-10-26,597.8,residential,India
1,2042-10-27,609.9,residential,India
1,2042-10-28,613.42,residential,India
1,2042-10-29,616.49,residential,India
1,2042-10-30,586.1,residential,India
1,2042-10-31,644.54,residential,India
1,2042-11-01,576.18,residential,India
1,2042-11-02,593.63,residential,India
1,2042-11-03,581.25,residential,India
1,2042-11-04,646.81,residential,India
1,2042-11-05,627.24,residential,India
1,2042-11-06,587.71,residential,India
1,2042-11-07,602.82,residential,India
1,2042-11-08,628.52,residential,India
1,2042-11-09,573.19,residential,India
1,2042-11-10,614.14,residential,India
1,2042-11-11,579.01,residential,India
1,2042-11-12,597.33,residential,India
1,2042-11-13,595.72,residential,India
1,2042-11-14,600.22,residential,India
1,2042-11-15,618.61,residential,India
1,2042-11-16,605.72,residential,India
1,2042-11-17,635.94,residential,India
1,2042-11-18,571.4,residential,India
1,2042-11-19,573.4,residential,India
1,2042-11-20,623.13,residential,India
1,2042-11-21,602.73,residential,India
1,2042-11-22,569.55,residential,India
1,2042-11-23,601.36,residential,India
1,2042-11-24,603.72,residential,India
1,2042-11-25,618.04,residential,India
1,2042-11-26,550.59,residential,India
1,2042-11-27,632.79,residential,India
1,2042-11-28,607.76,residential,India
1,2042-11-29,601.79,residential,India
1,2042-11-30,601.74,residential,India
1,2042-12-01,590.0,residential,India
1,2042-12-02,628.77,residential,India
1,2042-12-03,593.34,residential,India
1,2042-12-04,603.49,residential,India
1,2042-12-05,619.76,residential,India
1,2042-12-06,552.32,residential,India
1,2042-12-07,607.49,residential,India
1,2042-12-08,613.91,residential,India
1,2042-12-09,651.61,residential,India
1,2042-12-10,632.8,residential,India
1,2042-12-11,571.97,residential,India
1,2042-12-12,603.88,residential,India
1,2042-12-13,592.33,residential,India
1,2042-12-14,579.5,residential,India
1,2042-12-15,603.09,residential,India
1,2042-12-16,587.17,residential,India
1,2042-12-17,579.17,residential,India
1,2042-12-18,578.65,residential,India
1,2042-12-19,603.1,residential,India
1,2042-12-20,597.65,residential,India
1,2042-12-21,568.07,residential,India
1,2042-12-22,604.37,residential,India
1,2042-12-23,568.5,residential,India
1,2042-12-24,582.27,residential,India
1,2042-12-25,625.87,residential,India
1,2042-12-26,579.18,residential,India
1,2042-12-27,602.39,residential,India
1,2042-12-28,571.49,residential,India
1,2042-12-29,596.23,residential,India
1,2042-12-30,589.52,residential,India
1,2042-12-31,605.8,residential,India
1,2043-01-01,582.41,residential,India
1,2043-01-02,575.85,residential,India
1,2043-01-03,587.04,residential,India
1,2043-01-04,589.88,residential,India
1,2043-01-05,599.73,residential,India
1,2043-01-06,623.76,residential,India
1,2043-01-07,589.21,residential,India
1,2043-01-08,597.09,residential,India
1,2043-01-09,640.46,residential,India
1,2043-01-10,578.79,residential,India
1,2043-01-11,612.06,residential,India
1,2043-01-12,564.97,residential,India
1,2043-01-13,583.13,residential,India
1,2043-01-14,624.41,residential,India
1,2043-01-15,552.02,residential,India
1,2043-01-16,602.29,residential,India
1,2043-01-17,594.6,residential,India
1,2043-01-18,621.91,residential,India
1,2043-01-19,640.47,residential,India
1,2043-01-20,632.01,residential,India
1,2043-01-21,593.69,residential,India
1,2043-01-22,580.28,residential,India
1,2043-01-23,609.63,residential,India
1,2043-01-24,576.61,residential,India
1,2043-01-25,612.42,residential,India
1,2043-01-26,583.65,residential,India
1,2043-01-27,580.64,residential,India
1,2043-01-28,555.13,residential,India
1,2043-01-29,583.4,residential,India
1,2043-01-30,588.32,residential,India
1,2043-01-31,570.03,residential,India
1,2043-02-01,566.41,residential,India
1,2043-02-02,592.17,residential,India
1,2043-02-03,623.86,residential,India
1,2043-02-04,588.14,residential,India
1,2043-02-05,595.7,residential,India
1,2043-02-06,591.18,residential,India
1,2043-02-07,608.86,residential,India
1,2043-02-08,601.71,residential,India
1,2043-02-09,554.67,residential,India
1,2043-02-10,590.64,residential,India
1,2043-02-11,587.41,residential,India
1,2043-02-12,603.01,residential,India
1,2043-02-13,614.43,residential,India
1,2043-02-14,570.85,residential,India
1,2043-02-15,582.45,residential,India
1,2043-02-16,608.72,residential,India
1,2043-02-17,593.62,residential,India
1,2043-02-18,586.78,residential,India
1,2043-02-19,591.77,residential,India
1,2043-02-20,623.17,residential,India
1,2043-02-21,597.05,residential,India
1,2043-02-22,624.44,residential,India
1,2043-02-23,584.21,residential,India
1,2043-02-24,584.04,residential,India
1,2043-02-25,559.78,residential,India
1,2043-02-26,587.39,residential,India
1,2043-02-27,590.42,residential,India
1,2043-02-28,558.79,residential,India
1,2043-03-01,606.68,residential,India
1,2043-03-02,594.33,residential,India
1,2043-03-03,581.86,residential,India
1,2043-03-04,559.31,residential,India
1,2043-03-05,582.89,residential,India
1,2043-03-06,581.44,residential,India
1,2043-03-07,571.2,residential,India
1,2043-03-08,549.13,residential,India
1,2043-03-09,600.66,residential,India
1,2043-03-10,555.54,residential,India
1,2043-03-11,596.17,residential,India
1,2043-03-12,604.85,residential,India
1,2043-03-13,607.12,residential,India
1,2043-03-14,595.33,residential,India
1,2043-03-15,563.14,residential,India
1,2043-03-16,567.93,residential,India
1,2043-03-17,590.69,residential,India
1,2043-03-18,595.79,residential,India
1,2043-03-19,549.16,residential,India
1,2043-03-20,585.43,residential,India
1,2043-03-21,585.78,residential,India
1,2043-03-22,575.5,residential,India
1,2043-03-23,557.03,residential,India
1,2043-03-24,599.79,residential,India
1,2043-03-25,598.54,residential,India
1,2043-03-26,553.0,residential,India
1,2043-03-27,576.56,residential,India
1,2043-03-28,594.91,residential,India
1,2043-03-29,589.37,residential,India
1,2043-03-30,613.61,residential,India
1,2043-03-31,561.72,residential,India
1,2043-04-01,542.37,residential,India
1,2043-04-02,594.79,residential,India
1,2043-04-03,586.61,residential,India
1,2043-04-04,584.1,residential,India
1,2043-04-05,598.36,residential,India
1,2043-04-06,585.26,residential,India
1,2043-04-07,573.54,residential,India
1,2043-04-08,593.72,residential,India
1,2043-04-09,594.88,residential,India
1,2043-04-10,582.39,residential,India
1,2043-04-11,577.15,residential,India
1,2043-04-12,601.76,residential,India
1,2043-04-13,586.75,residential,India
1,2043-04-14,616.84,residential,India
1,2043-04-15,570.61,residential,India
1,2043-04-16,590.85,residential,India
1,2043-04-17,607.62,residential,India
1,2043-04-18,556.04,residential,India
1,2043-04-19,575.7,residential,India
1,2043-04-20,574.88,residential,India
1,2043-04-21,576.84,residential,India
1,2043-04-22,578.84,residential,India
1,2043-04-23,608.34,residential,India
1,2043-04-24,575.0,residential,India
1,2043-04-25,544.96,residential,India
1,2043-04-26,588.27,residential,India
1,2043-04-27,588.8,residential,India
1,2043-04-28,604.56,residential,India
1,2043-04-29,594.6,residential,India
1,2043-04-30,569.46,residential,India
1,2043-05-01,554.3,residential,India
1,2043-05-02,567.96,residential,India
1,2043-05-03,581.7,residential,India
1,2043-05-04,560.52,residential,India
1,2043-05-05,574.13,residential,India
1,2043-05-06,592.52,residential,India
1,2043-05-07,613.4,residential,India
1,2043-05-08,600.88,residential,India
1,2043-05-09,594.7,residential,India
1,2043-05-10,548.98,residential,India
1,2043-05-11,598.95,residential,India
1,2043-05-12,574.25,residential,India
1,2043-05-13,589.89,residential,India
1,2043-05-14,591.28,residential,India
1,2043-05-15,576.95,residential,India
1,2043-05-16,573.26,residential,India
1,2043-05-17,557.38,residential,India
1,2043-05-18,563.81,residential,India
1,2043-05-19,534.86,residential,India
1,2043-05-20,596.11,residential,India
1,2043-05-21,600.04,residential,India
1,2043-05-22,596.76,residential,India
1,2043-05-23,583.47,residential,India
1,2043-05-24,556.9,residential,India
1,2043-05-25,589.94,residential,India
1,2043-05-26,609.08,residential,India
1,2043-05-27,580.93,residential,India
1,2043-05-28,592.38,residential,India
1,2043-05-29,580.6,residential,India
1,2043-05-30,567.08,residential,India
1,2043-05-31,562.51,residential,India
1,2043-06-01,576.83,residential,India
1,2043-06-02,617.9,residential,India
1,2043-06-03,565.53,residential,India
1,2043-06-04,590.07,residential,India
1,2043-06-05,574.17,residential,India
1,2043-06-06,552.42,residential,India
1,2043-06-07,579.53,residential,India
1,2043-06-08,582.08,residential,India
1,2043-06-09,563.3,residential,India
1,2043-06-10,584.45,residential,India
1,2043-06-11,583.36,residential,India
1,2043-06-12,568.45,residential,India
1,2043-06-13,579.9,residential,India
1,2043-06-14,572.63,residential,India
1,2043-06-15,548.67,residential,India
1,2043-06-16,607.5,residential,India
1,2043-06-17,568.6,residential,India
1,2043-06-18,615.96,residential,India
1,2043-06-19,597.07,residential,India
1,2043-06-20,548.36,residential,India
1,2043-06-21,588.09,residential,India
1,2043-06-22,567.56,residential,India
1,2043-06-23,583.41,residential,India
1,2043-06-24,586.27,residential,India
1,2043-06-25,597.9,residential,India
1,2043-06-26,569.27,residential,India
1,2043-06-27,587.63,residential,India
1,2043-06-28,564.27,residential,India
1,2043-06-29,586.04,residential,India
1,2043-06-30,565.91,residential,India
1,2043-07-01,588.69,residential,India
1,2043-07-02,531.24,residential,India
1,2043-07-03,598.55,residential,India
1,2043-07-04,591.23,residential,India
1,2043-07-05,564.17,residential,India
1,2043-07-06,597.66,residential,India
1,2043-07-07,554.03,residential,India
1,2043-07-08,586.51,residential,India
1,2043-07-09,584.66,residential,India
1,2043-07-10,565.88,residential,India
1,2043-07-11,564.45,residential,India
1,2043-07-12,579.65,residential,India
1,2043-07-13,627.44,residential,India
1,2043-07-14,568.12,residential,India
1,2043-07-15,572.85,residential,India
1,2043-07-16,573.28,residential,India
1,2043-07-17,586.09,residential,India
1,2043-07-18,576.54,residential,India
1,2043-07-19,592.43,residential,India
1,2043-07-20,549.22,residential,India
1,2043-07-21,590.48,residential,India
1,2043-07-22,583.33,residential,India
1,2043-07-23,540.03,residential,India
1,2043-07-24,611.78,residential,India
1,2043-07-25,587.17,residential,India
1,2043-07-26,604.96,residential,India
1,2043-07-27,605.35,residential,India
1,2043-07-28,580.98,residential,India
1,2043-07-29,599.91,residential,India
1,2043-07-30,603.58,residential,India
1,2043-07-31,533.72,residential,India
1,2043-08-01,578.17,residential,India
1,2043-08-02,603.57,residential,India
1,2043-08-03,606.71,residential,India
1,2043-08-04,593.91,residential,India
1,2043-08-05,597.94,residential,India
1,2043-08-06,579.59,residential,India
1,2043-08-07,594.55,residential,India
1,2043-08-08,605.45,residential,India
1,2043-08-09,533.07,residential,India
1,2043-08-10,537.68,residential,India
1,2043-08-11,581.61,residential,India
1,2043-08-12,559.21,residential,India
1,2043-08-13,553.4,residential,India
1,2043-08-14,590.07,residential,India
1,2043-08-15,567.39,residential,India
1,2043-08-16,602.74,residential,India
1,2043-08-17,587.64,residential,India
1,2043-08-18,594.84,residential,India
1,2043-08-19,582.2,residential,India
1,2043-08-20,630.9,residential,India
1,2043-08-21,591.4,residential,India
1,2043-08-22,594.87,residential,India
1,2043-08-23,557.45,residential,India
1,2043-08-24,578.63,residential,India
1,2043-08-25,588.36,residential,India
1,2043-08-26,595.13,residential,India
1,2043-08-27,542.11,residential,India
1,2043-08-28,587.13,residential,India
1,2043-08-29,578.51,residential,India
1,2043-08-30,611.18,residential,India
1,2043-08-31,611.65,residential,India
1,2043-09-01,568.97,residential,India
1,2043-09-02,559.66,residential,India
1,2043-09-03,587.33,residential,India
1,2043-09-04,570.76,residential,India
1,2043-09-05,601.75,residential,India
1,2043-09-06,560.0,residential,India
1,2043-09-07,607.67,residential,India
1,2043-09-08,586.7,residential,India
1,2043-09-09,592.17,residential,India
1,2043-09-10,590.53,residential,India
1,2043-09-11,576.01,residential,India
1,2043-09-12,577.93,residential,India
1,2043-09-13,561.28,residential,India
1,2043-09-14,578.03,residential,India
1,2043-09-15,594.18,residential,India
1,2043-09-16,547.4,residential,India
1,2043-09-17,590.02,residential,India
1,2043-09-18,581.67,residential,India
1,2043-09-19,597.71,residential,India
1,2043-09-20,596.48,residential,India
1,2043-09-21,593.32,residential,India
1,2043-09-22,577.02,residential,India
1,2043-09-23,586.48,residential,India
1,2043-09-24,543.01,residential,India
1,2043-09-25,584.08,residential,India
1,2043-09-26,582.05,residential,India
1,2043-09-27,598.5,residential,India
1,2043-09-28,580.47,residential,India
1,2043-09-29,589.92,residential,India
1,2043-09-30,545.71,residential,India
1,2043-10-01,550.5,residential,India
1,2043-10-02,551.43,residential,India
1,2043-10-03,601.06,residential,India
1,2043-10-04,609.79,residential,India
1,2043-10-05,620.35,residential,India
1,2043-10-06,632.19,residential,India
1,2043-10-07,618.38,residential,India
1,2043-10-08,586.0,residential,India
1,2043-10-09,593.57,residential,India
1,2043-10-10,558.24,residential,India
1,2043-10-11,592.23,residential,India
1,2043-10-12,576.81,residential,India
1,2043-10-13,556.52,residential,India
1,2043-10-14,547.87,residential,India
1,2043-10-15,608.27,residential,India
1,2043-10-16,591.67,residential,India
1,2043-10-17,581.41,residential,India
1,2043-10-18,577.35,residential,India
1,2043-10-19,548.91,residential,India
1,2043-10-20,550.54,residential,India
1,2043-10-21,577.82,residential,India
1,2043-10-22,574.98,residential,India
1,2043-10-23,616.11,residential,India
1,2043-10-24,571.47,residential,India
1,2043-10-25,563.74,residential,India
1,2043-10-26,569.94,residential,India
1,2043-10-27,569.78,residential,India
1,2043-10-28,594.34,residential,India
1,2043-10-29,594.9,residential,India
1,2043-10-30,573.09,residential,India
1,2043-10-31,551.86,residential,India
1,2043-11-01,572.94,residential,India
1,2043-11-02,573.85,residential,India
1,2043-11-03,587.83,residential,India
1,2043-11-04,586.62,residential,India
1,2043-11-05,576.29,residential,India
1,2043-11-06,556.89,residential,India
1,2043-11-07,605.75,residential,India
1,2043-11-08,596.72,residential,India
1,2043-11-09,556.9,residential,India
1,2043-11-10,576.68,residential,India
1,2043-11-11,584.98,residential,India
1,2043-11-12,553.18,residential,India
1,2043-11-13,575.91,residential,India
1,2043-11-14,542.6,residential,India
1,2043-11-15,589.93,residential,India
1,2043-11-16,619.51,residential,India
1,2043-11-17,628.59,residential,India
1,2043-11-18,578.5,residential,India
1,2043-11-19,593.61,residential,India
1,2043-11-20,593.31,residential,India
1,2043-11-21,600.53,residential,India
1,2043-11-22,590.72,residential,India
1,2043-11-23,578.99,residential,India
1,2043-11-24,620.11,residential,India
1,2043-11-25,584.36,residential,India
1,2043-11-26,591.16,residential,India
1,2043-11-27,599.97,residential,India
1,2043-11-28,590.98,residential,India
1,2043-11-29,588.62,residential,India
1,2043-11-30,575.28,residential,India
1,2043-12-01,605.42,residential,India
1,2043-12-02,559.82,residential,India
1,2043-12-03,607.91,residential,India
1,2043-12-04,580.39,residential,India
1,2043-12-05,593.14,residential,India
1,2043-12-06,625.67,residential,India
1,2043-12-07,577.33,residential,India
1,2043-12-08,589.58,residential,India
1,2043-12-09,626.45,residential,India
1,2043-12-10,565.05,residential,India
1,2043-12-11,591.07,residential,India
1,2043-12-12,604.52,residential,India
1,2043-12-13,561.8,residential,India
1,2043-12-14,578.44,residential,India
1,2043-12-15,610.29,residential,India
1,2043-12-16,591.06,residential,India
1,2043-12-17,588.81,residential,India
1,2043-12-18,564.24,residential,India
1,2043-12-19,582.89,residential,India
1,2043-12-20,594.93,residential,India
1,2043-12-21,582.75,residential,India
1,2043-12-22,615.95,residential,India
1,2043-12-23,562.08,residential,India
1,2043-12-24,618.04,residential,India
1,2043-12-25,608.98,residential,India
1,2043-12-26,596.63,residential,India
1,2043-12-27,555.29,residential,India
1,2043-12-28,589.5,residential,India
1,2043-12-29,589.79,residential,India
1,2043-12-30,605.5,residential,India
1,2043-12-31,596.27,residential,India
1,2044-01-01,589.85,residential,India
1,2044-01-02,581.77,residential,India
1,2044-01-03,612.11,residential,India
1,2044-01-04,590.09,residential,India
1,2044-01-05,576.31,residential,India
1,2044-01-06,589.8,residential,India
1,2044-01-07,607.77,residential,India
1,2044-01-08,587.65,residential,India
1,2044-01-09,610.82,residential,India
1,2044-01-10,566.99,residential,India
1,2044-01-11,606.12,residential,India
1,2044-01-12,583.28,residential,India
1,2044-01-13,562.99,residential,India
1,2044-01-14,612.45,residential,India
1,2044-01-15,567.19,residential,India
1,2044-01-16,572.54,residential,India
1,2044-01-17,559.5,residential,India
1,2044-01-18,577.53,residential,India
1,2044-01-19,569.22,residential,India
1,2044-01-20,614.64,residential,India
1,2044-01-21,597.1,residential,India
1,2044-01-22,548.93,residential,India
1,2044-01-23,618.26,residential,India
1,2044-01-24,541.83,residential,India
1,2044-01-25,561.55,residential,India
1,2044-01-26,618.39,residential,India
1,2044-01-27,584.5,residential,India
1,2044-01-28,583.04,residential,India
1,2044-01-29,628.84,residential,India
1,2044-01-30,591.76,residential,India
1,2044-01-31,583.26,residential,India
1,2044-02-01,602.43,residential,India
1,2044-02-02,616.68,residential,India
1,2044-02-03,629.99,residential,India
1,2044-02-04,601.15,residential,India
1,2044-02-05,543.89,residential,India
1,2044-02-06,612.76,residential,India
1,2044-02-07,588.51,residential,India
1,2044-02-08,560.07,residential,India
1,2044-02-09,586.9,residential,India
1,2044-02-10,601.96,residential,India
1,2044-02-11,573.64,residential,India
1,2044-02-12,634.03,residential,India
1,2044-02-13,567.3,residential,India
1,2044-02-14,610.0,residential,India
1,2044-02-15,577.9,residential,India
1,2044-02-16,570.26,residential,India
1,2044-02-17,589.4,residential,India
1,2044-02-18,594.98,residential,India
1,2044-02-19,616.03,residential,India
1,2044-02-20,626.16,residential,India
1,2044-02-21,619.33,residential,India
1,2044-02-22,596.73,residential,India
1,2044-02-23,631.21,residential,India
1,2044-02-24,658.25,residential,India
1,2044-02-25,631.29,residential,India
1,2044-02-26,602.8,residential,India
1,2044-02-27,632.03,residential,India
1,2044-02-28,592.59,residential,India
1,2044-02-29,611.6,residential,India
1,2044-03-01,614.17,residential,India
1,2044-03-02,601.82,residential,India
1,2044-03-03,593.4,residential,India
1,2044-03-04,612.39,residential,India
1,2044-03-05,574.84,residential,India
1,2044-03-06,613.63,residential,India
1,2044-03-07,627.95,residential,India
1,2044-03-08,600.56,residential,India
1,2044-03-09,612.09,residential,India
1,2044-03-10,614.73,residential,India
1,2044-03-11,616.65,residential,India
1,2044-03-12,591.84,residential,India
1,2044-03-13,568.52,residential,India
1,2044-03-14,640.39,residential,India
1,2044-03-15,588.28,residential,India
1,2044-03-16,607.37,residential,India
1,2044-03-17,590.43,residential,India
1,2044-03-18,617.41,residential,India
1,2044-03-19,614.69,residential,India
1,2044-03-20,603.01,residential,India
1,2044-03-21,588.21,residential,India
1,2044-03-22,621.77,residential,India
1,2044-03-23,604.65,residential,India
1,2044-03-24,586.19,residential,India
1,2044-03-25,601.61,residential,India
1,2044-03-26,602.18,residential,India
1,2044-03-27,600.49,residential,India
1,2044-03-28,600.51,residential,India
1,2044-03-29,619.19,residential,India
1,2044-03-30,654.24,residential,India
1,2044-03-31,619.23,residential,India
1,2044-04-01,609.55,residential,India
1,2044-04-02,601.0,residential,India
1,2044-04-03,576.22,residential,India
1,2044-04-04,606.6,residential,India
1,2044-04-05,594.86,residential,India
1,2044-04-06,610.23,residential,India
1,2044-04-07,606.55,residential,India
1,2044-04-08,630.92,residential,India
1,2044-04-09,611.58,residential,India
1,2044-04-10,609.21,residential,India
1,2044-04-11,600.19,residential,India
1,2044-04-12,621.64,residential,India
1,2044-04-13,604.11,residential,India
1,2044-04-14,584.59,residential,India
1,2044-04-15,617.78,residential,India
1,2044-04-16,596.41,residential,India
1,2044-04-17,594.53,residential,India
1,2044-04-18,598.59,residential,India
1,2044-04-19,614.1,residential,India
1,2044-04-20,597.42,residential,India
1,2044-04-21,598.39,residential,India
1,2044-04-22,615.81,residential,India
1,2044-04-23,586.35,residential,India
1,2044-04-24,633.64,residential,India
1,2044-04-25,594.93,residential,India
1,2044-04-26,622.34,residential,India
1,2044-04-27,627.06,residential,India
1,2044-04-28,573.87,residential,India
1,2044-04-29,608.97,residential,India
1,2044-04-30,631.73,residential,India
1,2044-05-01,603.07,residential,India
1,2044-05-02,580.09,residential,India
1,2044-05-03,605.3,residential,India
1,2044-05-04,589.98,residential,India
1,2044-05-05,620.56,residential,India
1,2044-05-06,625.44,residential,India
1,2044-05-07,622.16,residential,India
1,2044-05-08,605.68,residential,India
1,2044-05-09,610.97,residential,India
1,2044-05-10,581.25,residential,India
1,2044-05-11,581.42,residential,India
1,2044-05-12,627.41,residential,India
1,2044-05-13,627.25,residential,India
1,2044-05-14,609.77,residential,India
1,2044-05-15,625.13,residential,India
1,2044-05-16,618.69,residential,India
1,2044-05-17,632.7,residential,India
1,2044-05-18,642.89,residential,India
1,2044-05-19,615.2,residential,India
1,2044-05-20,598.79,residential,India
1,2044-05-21,613.34,residential,India
1,2044-05-22,635.82,residential,India
1,2044-05-23,643.92,residential,India
1,2044-05-24,615.08,residential,India
1,2044-05-25,630.8,residential,India
1,2044-05-26,653.99,residential,India
1,2044-05-27,632.55,residential,India
1,2044-05-28,594.49,residential,India
1,2044-05-29,638.27,residential,India
1,2044-05-30,616.4,residential,India
1,2044-05-31,604.16,residential,India
1,2044-06-01,614.27,residential,India
1,2044-06-02,602.5,residential,India
1,2044-06-03,602.64,residential,India
1,2044-06-04,559.74,residential,India
1,2044-06-05,605.74,residential,India
1,2044-06-06,676.73,residential,India
1,2044-06-07,640.82,residential,India
1,2044-06-08,612.75,residential,India
1,2044-06-09,648.67,residential,India
1,2044-06-10,644.05,residential,India
1,2044-06-11,612.16,residential,India
1,2044-06-12,566.88,residential,India
1,2044-06-13,614.99,residential,India
1,2044-06-14,619.34,residential,India
1,2044-06-15,683.47,residential,India
1,2044-06-16,640.05,residential,India
1,2044-06-17,639.43,residential,India
1,2044-06-18,644.64,residential,India
1,2044-06-19,606.58,residential,India
1,2044-06-20,624.24,residential,India
1,2044-06-21,630.53,residential,India
1,2044-06-22,635.92,residential,India
1,2044-06-23,633.34,residential,India
1,2044-06-24,638.36,residential,India
1,2044-06-25,641.07,residential,India
1,2044-06-26,622.51,residential,India
1,2044-06-27,593.63,residential,India
1,2044-06-28,615.4,residential,India
1,2044-06-29,637.84,residential,India
1,2044-06-30,638.14,residential,India
1,2044-07-01,630.56,residential,India
1,2044-07-02,613.2,residential,India
1,2044-07-03,630.13,residential,India
1,2044-07-04,620.34,residential,India
1,2044-07-05,629.77,residential,India
1,2044-07-06,629.54,residential,India
1,2044-07-07,646.48,residential,India
1,2044-07-08,650.27,residential,India
1,2044-07-09,621.73,residential,India
1,2044-07-10,623.5,residential,India
1,2044-07-11,643.08,residential,India
1,2044-07-12,599.43,residential,India
1,2044-07-13,628.09,residential,India
1,2044-07-14,589.9,residential,India
1,2044-07-15,602.04,residential,India
1,2044-07-16,641.68,residential,India
1,2044-07-17,634.98,residential,India
1,2044-07-18,648.46,residential,India
1,2044-07-19,643.17,residential,India
1,2044-07-20,623.92,residential,India
1,2044-07-21,648.08,residential,India
1,2044-07-22,657.74,residential,India
1,2044-07-23,593.36,residential,India
1,2044-07-24,649.28,residential,India
1,2044-07-25,593.07,residential,India
1,2044-07-26,625.78,residential,India
1,2044-07-27,656.4,residential,India
1,2044-07-28,638.8,residential,India
1,2044-07-29,571.29,residential,India
1,2044-07-30,635.07,residential,India
1,2044-07-31,606.23,residential,India
1,2044-08-01,626.1,residential,India
1,2044-08-02,653.39,residential,India
1,2044-08-03,638.39,residential,India
1,2044-08-04,603.45,residential,India
1,2044-08-05,673.43,residential,India
1,2044-08-06,634.45,residential,India
1,2044-08-07,633.23,residential,India
1,2044-08-08,638.1,residential,India
1,2044-08-09,652.35,residential,India
1,2044-08-10,615.29,residential,India
1,2044-08-11,647.42,residential,India
1,2044-08-12,650.59,residential,India
1,2044-08-13,609.04,residential,India
1,2044-08-14,613.71,residential,India
1,2044-08-15,647.68,residential,India
1,2044-08-16,620.68,residential,India
1,2044-08-17,619.41,residential,India
1,2044-08-18,584.96,residential,India
1,2044-08-19,580.43,residential,India
1,2044-08-20,611.36,residential,India
1,2044-08-21,675.56,residential,India
1,2044-08-22,665.48,residential,India
1,2044-08-23,665.0,residential,India
1,2044-08-24,641.49,residential,India
1,2044-08-25,631.01,residential,India
1,2044-08-26,648.02,residential,India
1,2044-08-27,662.48,residential,India
1,2044-08-28,653.2,residential,India
1,2044-08-29,649.13,residential,India
1,2044-08-30,651.29,residential,India
1,2044-08-31,660.65,residential,India
1,2044-09-01,677.43,residential,India
1,2044-09-02,656.16,residential,India
1,2044-09-03,650.87,residential,India
1,2044-09-04,640.61,residential,India
1,2044-09-05,651.38,residential,India
1,2044-09-06,608.42,residential,India
1,2044-09-07,639.02,residential,India
1,2044-09-08,617.38,residential,India
1,2044-09-09,638.84,residential,India
1,2044-09-10,613.03,residential,India
1,2044-09-11,629.41,residential,India
1,2044-09-12,640.36,residential,India
1,2044-09-13,670.4,residential,India
1,2044-09-14,628.9,residential,India
1,2044-09-15,628.79,residential,India
1,2044-09-16,668.7,residential,India
1,2044-09-17,637.71,residential,India
1,2044-09-18,675.57,residential,India
1,2044-09-19,631.42,residential,India
1,2044-09-20,641.66,residential,India
1,2044-09-21,654.85,residential,India
1,2044-09-22,655.62,residential,India
1,2044-09-23,668.0,residential,India
1,2044-09-24,650.92,residential,India
1,2044-09-25,671.37,residential,India
1,2044-09-26,646.02,residential,India
1,2044-09-27,625.75,residential,India
1,2044-09-28,662.62,residential,India
1,2044-09-29,658.24,residential,India
1,2044-09-30,611.48,residential,India
1,2044-10-01,662.41,residential,India
1,2044-10-02,645.8,residential,India
1,2044-10-03,656.02,residential,India
1,2044-10-04,646.11,residential,India
1,2044-10-05,652.9,residential,India
1,2044-10-06,695.59,residential,India
1,2044-10-07,647.62,residential,India
1,2044-10-08,649.73,residential,India
1,2044-10-09,631.54,residential,India
1,2044-10-10,680.9,residential,India
1,2044-10-11,635.48,residential,India
1,2044-10-12,638.12,residential,India
1,2044-10-13,674.31,residential,India
1,2044-10-14,649.59,residential,India
1,2044-10-15,678.14,residential,India
1,2044-10-16,660.24,residential,India
1,2044-10-17,683.52,residential,India
1,2044-10-18,682.88,residential,India
1,2044-10-19,665.27,residential,India
1,2044-10-20,635.33,residential,India
1,2044-10-21,683.34,residential,India
1,2044-10-22,608.48,residential,India
1,2044-10-23,661.89,residential,India
1,2044-10-24,649.39,residential,India
1,2044-10-25,695.68,residential,India
1,2044-10-26,638.54,residential,India
1,2044-10-27,679.66,residential,India
1,2044-10-28,673.49,residential,India
1,2044-10-29,646.63,residential,India
1,2044-10-30,632.85,residential,India
1,2044-10-31,644.68,residential,India
1,2044-11-01,634.54,residential,India
1,2044-11-02,603.04,residential,India
1,2044-11-03,668.04,residential,India
1,2044-11-04,650.88,residential,India
1,2044-11-05,661.99,residential,India
1,2044-11-06,651.74,residential,India
1,2044-11-07,662.27,residential,India
1,2044-11-08,681.74,residential,India
1,2044-11-09,696.26,residential,India
1,2044-11-10,634.04,residential,India
1,2044-11-11,682.4,residential,India
1,2044-11-12,669.83,residential,India
1,2044-11-13,644.5,residential,India
1,2044-11-14,645.73,residential,India
1,2044-11-15,685.34,residential,India
1,2044-11-16,657.99,residential,India
1,2044-11-17,669.16,residential,India
1,2044-11-18,656.66,residential,India
1,2044-11-19,684.23,residential,India
1,2044-11-20,662.59,residential,India
1,2044-11-21,652.4,residential,India
1,2044-11-22,663.23,residential,India
1,2044-11-23,668.81,residential,India
1,2044-11-24,696.37,residential,India
1,2044-11-25,657.82,residential,India
1,2044-11-26,689.37,residential,India
1,2044-11-27,630.07,residential,India
1,2044-11-28,642.51,residential,India
1,2044-11-29,699.32,residential,India
1,2044-11-30,667.73,residential,India
1,2044-12-01,643.85,residential,India
1,2044-12-02,670.48,residential,India
1,2044-12-03,662.84,residential,India
1,2044-12-04,654.72,residential,India
1,2044-12-05,634.02,residential,India
1,2044-12-06,669.39,residential,India
1,2044-12-07,664.43,residential,India
1,2044-12-08,675.63,residential,India
1,2044-12-09,648.91,residential,India
1,2044-12-10,658.45,residential,India
1,2044-12-11,703.23,residential,India
1,2044-12-12,679.12,residential,India
1,2044-12-13,692.32,residential,India
1,2044-12-14,634.93,residential,India
1,2044-12-15,683.2,residential,India
1,2044-12-16,691.93,residential,India
1,2044-12-17,675.02,residential,India
1,2044-12-18,661.97,residential,India
1,2044-12-19,651.04,residential,India
1,2044-12-20,653.88,residential,India
1,2044-12-21,683.09,residential,India
1,2044-12-22,676.47,residential,India
1,2044-12-23,660.55,residential,India
1,2044-12-24,641.58,residential,India
1,2044-12-25,678.93,residential,India
1,2044-12-26,686.95,residential,India
1,2044-12-27,669.34,residential,India
1,2044-12-28,674.05,residential,India
1,2044-12-29,664.3,residential,India
1,2044-12-30,671.52,residential,India
1,2044-12-31,645.81,residential,India
1,2045-01-01,651.97,residential,India
1,2045-01-02,685.98,residential,India
1,2045-01-03,696.26,residential,India
1,2045-01-04,669.05,residential,India
1,2045-01-05,641.75,residential,India
1,2045-01-06,663.55,residential,India
1,2045-01-07,673.62,residential,India
1,2045-01-08,666.59,residential,India
1,2045-01-09,689.2,residential,India
1,2045-01-10,688.57,residential,India
1,2045-01-11,700.09,residential,India
1,2045-01-12,650.2,residential,India
1,2045-01-13,647.15,residential,India
1,2045-01-14,683.64,residential,India
1,2045-01-15,695.97,residential,India
1,2045-01-16,679.61,residential,India
1,2045-01-17,685.77,residential,India
1,2045-01-18,685.14,residential,India
1,2045-01-19,690.89,residential,India
1,2045-01-20,675.51,residential,India
1,2045-01-21,678.94,residential,India
1,2045-01-22,675.88,residential,India
1,2045-01-23,690.24,residential,India
1,2045-01-24,678.91,residential,India
1,2045-01-25,671.15,residential,India
1,2045-01-26,677.87,residential,India
1,2045-01-27,657.94,residential,India
1,2045-01-28,670.26,residential,India
1,2045-01-29,698.23,residential,India
1,2045-01-30,679.93,residential,India
1,2045-01-31,661.89,residential,India
1,2045-02-01,704.44,residential,India
1,2045-02-02,687.11,residential,India
1,2045-02-03,654.33,residential,India
1,2045-02-04,658.22,residential,India
1,2045-02-05,657.0,residential,India
1,2045-02-06,682.08,residential,India
1,2045-02-07,659.44,residential,India
1,2045-02-08,707.53,residential,India
1,2045-02-09,665.5,residential,India
1,2045-02-10,654.07,residential,India
1,2045-02-11,693.88,residential,India
1,2045-02-12,649.36,residential,India
1,2045-02-13,650.22,residential,India
1,2045-02-14,682.24,residential,India
1,2045-02-15,633.51,residential,India
1,2045-02-16,662.3,residential,India
1,2045-02-17,720.66,residential,India
1,2045-02-18,681.03,residential,India
1,2045-02-19,659.49,residential,India
1,2045-02-20,722.47,residential,India
1,2045-02-21,674.07,residential,India
1,2045-02-22,687.14,residential,India
1,2045-02-23,677.06,residential,India
1,2045-02-24,694.16,residential,India
1,2045-02-25,687.23,residential,India
1,2045-02-26,656.87,residential,India
1,2045-02-27,665.78,residential,India
1,2045-02-28,712.8,residential,India
1,2045-03-01,641.91,residential,India
1,2045-03-02,682.91,residential,India
1,2045-03-03,632.37,residential,India
1,2045-03-04,687.22,residential,India
1,2045-03-05,689.37,residential,India
1,2045-03-06,692.91,residential,India
1,2045-03-07,671.88,residential,India
1,2045-03-08,693.19,residential,India
1,2045-03-09,672.85,residential,India
1,2045-03-10,691.6,residential,India
1,2045-03-11,654.83,residential,India
1,2045-03-12,662.62,residential,India
1,2045-03-13,678.61,residential,India
1,2045-03-14,673.9,residential,India
1,2045-03-15,688.13,residential,India
1,2045-03-16,713.28,residential,India
1,2045-03-17,716.28,residential,India
1,2045-03-18,674.12,residential,India
1,2045-03-19,705.22,residential,India
1,2045-03-20,672.06,residential,India
1,2045-03-21,719.54,residential,India
1,2045-03-22,679.62,residential,India
1,2045-03-23,729.75,residential,India
1,2045-03-24,675.94,residential,India
1,2045-03-25,648.92,residential,India
1,2045-03-26,669.33,residential,India
1,2045-03-27,698.32,residential,India
1,2045-03-28,700.68,residential,India
1,2045-03-29,690.46,residential,India
1,2045-03-30,675.46,residential,India
1,2045-03-31,689.11,residential,India
1,2045-04-01,687.83,residential,India
1,2045-04-02,700.81,residential,India
1,2045-04-03,681.55,residential,India
1,2045-04-04,682.77,residential,India
1,2045-04-05,712.74,residential,India
1,2045-04-06,649.67,residential,India
1,2045-04-07,649.32,residential,India
1,2045-04-08,665.28,residential,India
1,2045-04-09,687.22,residential,India
1,2045-04-10,698.16,residential,India
1,2045-04-11,671.2,residential,India
1,2045-04-12,691.29,residential,India
1,2045-04-13,664.32,residential,India
1,2045-04-14,692.67,residential,India
1,2045-04-15,671.21,residential,India
1,2045-04-16,670.84,residential,India
1,2045-04-17,685.73,residential,India
1,2045-04-18,704.26,residential,India
1,2045-04-19,710.19,residential,India
1,2045-04-20,700.0,residential,India
1,2045-04-21,691.7,residential,India
1,2045-04-22,675.51,residential,India
1,2045-04-23,732.49,residential,India
1,2045-04-24,655.02,residential,India
1,2045-04-25,684.77,residential,India
1,2045-04-26,679.99,residential,India
1,2045-04-27,674.77,residential,India
1,2045-04-28,703.98,residential,India
1,2045-04-29,658.92,residential,India
1,2045-04-30,707.28,residential,India
1,2045-05-01,700.27,residential,India
1,2045-05-02,696.42,residential,India
1,2045-05-03,690.33,residential,India
1,2045-05-04,678.6,residential,India
1,2045-05-05,701.29,residential,India
1,2045-05-06,725.11,residential,India
1,2045-05-07,722.86,residential,India
1,2045-05-08,699.85,residential,India
1,2045-05-09,680.87,residential,India
1,2045-05-10,653.04,residential,India
1,2045-05-11,691.58,residential,India
1,2045-05-12,726.8,residential,India
1,2045-05-13,698.7,residential,India
1,2045-05-14,687.78,residential,India
1,2045-05-15,689.83,residential,India
1,2045-05-16,683.7,residential,India
1,2045-05-17,722.27,residential,India
1,2045-05-18,659.16,residential,India
1,2045-05-19,712.14,residential,India
1,2045-05-20,696.02,residential,India
1,2045-05-21,707.31,residential,India
1,2045-05-22,671.04,residential,India
1,2045-05-23,672.84,residential,India
1,2045-05-24,661.71,residential,India
1,2045-05-25,669.85,residential,India
1,2045-05-26,709.02,residential,India
1,2045-05-27,673.94,residential,India
1,2045-05-28,702.6,residential,India
1,2045-05-29,673.98,residential,India
1,2045-05-30,685.63,residential,India
1,2045-05-31,696.59,residential,India
1,2045-06-01,687.75,residential,India
1,2045-06-02,690.68,residential,India
1,2045-06-03,685.27,residential,India
1,2045-06-04,659.86,residential,India
1,2045-06-05,682.46,residential,India
1,2045-06-06,654.48,residential,India
1,2045-06-07,704.85,residential,India
1,2045-06-08,714.12,residential,India
1,2045-06-09,657.98,residential,India
1,2045-06-10,703.07,residential,India
1,2045-06-11,696.22,residential,India
1,2045-06-12,651.99,residential,India
1,2045-06-13,724.88,residential,India
1,2045-06-14,673.38,residential,India
1,2045-06-15,685.68,residential,India
1,2045-06-16,685.85,residential,India
1,2045-06-17,687.68,residential,India
1,2045-06-18,667.04,residential,India
1,2045-06-19,677.59,residential,India
1,2045-06-20,717.22,residential,India
1,2045-06-21,685.3,residential,India
1,2045-06-22,689.38,residential,India
1,2045-06-23,703.77,residential,India
1,2045-06-24,670.79,residential,India
1,2045-06-25,694.69,residential,India
1,2045-06-26,730.84,residential,India
1,2045-06-27,699.16,residential,India
1,2045-06-28,705.13,residential,India
1,2045-06-29,699.04,residential,India
1,2045-06-30,706.79,residential,India
1,2045-07-01,683.05,residential,India
1,2045-07-02,701.55,residential,India
1,2045-07-03,746.22,residential,India
1,2045-07-04,680.04,residential,India
1,2045-07-05,691.92,residential,India
1,2045-07-06,719.61,residential,India
1,2045-07-07,690.09,residential,India
1,2045-07-08,683.5,residential,India
1,2045-07-09,707.21,residential,India
1,2045-07-10,732.99,residential,India
1,2045-07-11,698.37,residential,India
1,2045-07-12,681.17,residential,India
1,2045-07-13,701.52,residential,India
1,2045-07-14,722.07,residential,India
1,2045-07-15,699.3,residential,India
1,2045-07-16,669.2,residential,India
1,2045-07-17,687.42,residential,India
1,2045-07-18,713.75,residential,India
1,2045-07-19,689.35,residential,India
1,2045-07-20,684.44,residential,India
1,2045-07-21,708.49,residential,India
1,2045-07-22,685.44,residential,India
1,2045-07-23,648.48,residential,India
1,2045-07-24,702.19,residential,India
1,2045-07-25,705.06,residential,India
1,2045-07-26,701.0,residential,India
1,2045-07-27,669.6,residential,India
1,2045-07-28,659.62,residential,India
1,2045-07-29,703.44,residential,India
1,2045-07-30,704.64,residential,India
1,2045-07-31,698.29,residential,India
1,2045-08-01,693.89,residential,India
1,2045-08-02,697.86,residential,India
1,2045-08-03,705.32,residential,India
1,2045-08-04,711.55,residential,India
1,2045-08-05,719.66,residential,India
1,2045-08-06,703.11,residential,India
1,2045-08-07,707.55,residential,India
1,2045-08-08,699.19,residential,India
1,2045-08-09,711.1,residential,India
1,2045-08-10,680.39,residential,India
1,2045-08-11,700.5,residential,India
1,2045-08-12,698.67,residential,India
1,2045-08-13,703.83,residential,India
1,2045-08-14,736.05,residential,India
1,2045-08-15,680.68,residential,India
1,2045-08-16,687.4,residential,India
1,2045-08-17,706.95,residential,India
1,2045-08-18,666.7,residential,India
1,2045-08-19,722.82,residential,India
1,2045-08-20,694.55,residential,India
1,2045-08-21,724.75,residential,India
1,2045-08-22,672.75,residential,India
1,2045-08-23,703.98,residential,India
1,2045-08-24,682.81,residential,India
1,2045-08-25,695.83,residential,India
1,2045-08-26,643.86,residential,India
1,2045-08-27,681.72,residential,India
1,2045-08-28,686.89,residential,India
1,2045-08-29,709.15,residential,India
1,2045-08-30,709.3,residential,India
1,2045-08-31,701.05,residential,India
1,2045-09-01,697.84,residential,India
1,2045-09-02,666.47,residential,India
1,2045-09-03,739.76,residential,India
1,2045-09-04,677.4,residential,India
1,2045-09-05,711.43,residential,India
1,2045-09-06,709.83,residential,India
1,2045-09-07,714.26,residential,India
1,2045-09-08,702.87,residential,India
1,2045-09-09,732.9,residential,India
1,2045-09-10,714.64,residential,India
1,2045-09-11,677.72,residential,India
1,2045-09-12,698.5,residential,India
1,2045-09-13,715.83,residential,India
1,2045-09-14,713.7,residential,India
1,2045-09-15,707.71,residential,India
1,2045-09-16,698.49,residential,India
1,2045-09-17,678.02,residential,India
1,2045-09-18,673.93,residential,India
1,2045-09-19,697.32,residential,India
1,2045-09-20,728.97,residential,India
1,2045-09-21,683.88,residential,India
1,2045-09-22,722.17,residential,India
1,2045-09-23,686.75,residential,India
1,2045-09-24,710.57,residential,India
1,2045-09-25,709.71,residential,India
1,2045-09-26,709.22,residential,India
1,2045-09-27,692.71,residential,India
1,2045-09-28,711.83,residential,India
1,2045-09-29,699.1,residential,India
1,2045-09-30,713.27,residential,India
1,2045-10-01,668.02,residential,India
1,2045-10-02,699.38,residential,India
1,2045-10-03,732.53,residential,India
1,2045-10-04,687.51,residential,India
1,2045-10-05,732.17,residential,India
1,2045-10-06,752.54,residential,India
1,2045-10-07,747.89,residential,India
1,2045-10-08,739.6,residential,India
1,2045-10-09,709.57,residential,India
1,2045-10-10,705.43,residential,India
1,2045-10-11,742.36,residential,India
1,2045-10-12,685.4,residential,India
1,2045-10-13,709.56,residential,India
1,2045-10-14,674.7,residential,India
1,2045-10-15,687.68,residential,India
1,2045-10-16,691.63,residential,India
1,2045-10-17,689.5,residential,India
1,2045-10-18,680.18,residential,India
1,2045-10-19,703.92,residential,India
1,2045-10-20,689.62,residential,India
1,2045-10-21,720.24,residential,India
1,2045-10-22,676.96,residential,India
1,2045-10-23,707.94,residential,India
1,2045-10-24,706.95,residential,India
1,2045-10-25,698.66,residential,India
1,2045-10-26,734.55,residential,India
1,2045-10-27,675.25,residential,India
1,2045-10-28,691.3,residential,India
1,2045-10-29,700.86,residential,India
1,2045-10-30,697.32,residential,India
1,2045-10-31,696.18,residential,India
1,2045-11-01,713.07,residential,India
1,2045-11-02,686.49,residential,India
1,2045-11-03,694.43,residential,India
1,2045-11-04,658.89,residential,India
1,2045-11-05,711.82,residential,India
1,2045-11-06,716.14,residential,India
1,2045-11-07,707.98,residential,India
1,2045-11-08,670.12,residential,India
1,2045-11-09,695.48,residential,India
1,2045-11-10,686.34,residential,India
1,2045-11-11,716.7,residential,India
1,2045-11-12,724.6,residential,India
1,2045-11-13,740.01,residential,India
1,2045-11-14,703.96,residential,India
1,2045-11-15,713.98,residential,India
1,2045-11-16,688.93,residential,India
1,2045-11-17,702.43,residential,India
1,2045-11-18,687.16,residential,India
1,2045-11-19,715.75,residential,India
1,2045-11-20,727.44,residential,India
1,2045-11-21,724.78,residential,India
1,2045-11-22,697.0,residential,India
1,2045-11-23,686.93,residential,India
1,2045-11-24,699.39,residential,India
1,2045-11-25,708.48,residential,India
1,2045-11-26,717.97,residential,India
1,2045-11-27,664.03,residential,India
1,2045-11-28,714.24,residential,India
1,2045-11-29,718.14,residential,India
1,2045-11-30,676.24,residential,India
1,2045-12-01,732.44,residential,India
1,2045-12-02,709.96,residential,India
1,2045-12-03,708.15,residential,India
1,2045-12-04,697.45,residential,India
1,2045-12-05,692.25,residential,India
1,2045-12-06,669.43,residential,India
1,2045-12-07,710.36,residential,India
1,2045-12-08,735.09,residential,India
1,2045-12-09,680.51,residential,India
1,2045-12-10,703.16,residential,India
1,2045-12-11,727.48,residential,India
1,2045-12-12,722.46,residential,India
1,2045-12-13,694.09,residential,India
1,2045-12-14,677.99,residential,India
1,2045-12-15,684.28,residential,India
1,2045-12-16,688.0,residential,India
1,2045-12-17,730.55,residential,India
1,2045-12-18,700.08,residential,India
1,2045-12-19,730.07,residential,India
1,2045-12-20,696.97,residential,India
1,2045-12-21,701.01,residential,India
1,2045-12-22,691.16,residential,India
1,2045-12-23,693.53,residential,India
1,2045-12-24,696.44,residential,India
1,2045-12-25,705.52,residential,India
1,2045-12-26,688.75,residential,India
1,2045-12-27,708.8,residential,India
1,2045-12-28,704.16,residential,India
1,2045-12-29,691.46,residential,India
1,2045-12-30,674.03,residential,India
1,2045-12-31,668.16,residential,India
1,2046-01-01,676.11,residential,India
1,2046-01-02,721.92,residential,India
1,2046-01-03,699.43,residential,India
1,2046-01-04,660.17,residential,India
1,2046-01-05,720.17,residential,India
1,2046-01-06,696.02,residential,India
1,2046-01-07,705.2,residential,India
1,2046-01-08,719.39,residential,India
1,2046-01-09,692.29,residential,India
1,2046-01-10,700.89,residential,India
1,2046-01-11,728.14,residential,India
1,2046-01-12,696.75,residential,India
1,2046-01-13,696.25,residential,India
1,2046-01-14,724.99,residential,India
1,2046-01-15,692.76,residential,India
1,2046-01-16,672.0,residential,India
1,2046-01-17,667.66,residential,India
1,2046-01-18,685.56,residential,India
1,2046-01-19,684.43,residential,India
1,2046-01-20,669.71,residential,India
1,2046-01-21,670.28,residential,India
1,2046-01-22,694.9,residential,India
1,2046-01-23,708.22,residential,India
1,2046-01-24,695.9,residential,India
1,2046-01-25,704.97,residential,India
1,2046-01-26,638.25,residential,India
1,2046-01-27,706.97,residential,India
1,2046-01-28,684.52,residential,India
1,2046-01-29,689.67,residential,India
1,2046-01-30,674.18,residential,India
1,2046-01-31,665.76,residential,India
1,2046-02-01,631.27,residential,India
1,2046-02-02,662.01,residential,India
1,2046-02-03,713.4,residential,India
1,2046-02-04,722.83,residential,India
1,2046-02-05,674.54,residential,India
1,2046-02-06,724.96,residential,India
1,2046-02-07,693.71,residential,India
1,2046-02-08,687.03,residential,India
1,2046-02-09,695.62,residential,India
1,2046-02-10,706.12,residential,India
1,2046-02-11,750.83,residential,India
1,2046-02-12,694.14,residential,India
1,2046-02-13,697.54,residential,India
1,2046-02-14,669.46,residential,India
1,2046-02-15,693.17,residential,India
1,2046-02-16,712.08,residential,India
1,2046-02-17,710.01,residential,India
1,2046-02-18,693.53,residential,India
1,2046-02-19,703.09,residential,India
1,2046-02-20,706.55,residential,India
1,2046-02-21,688.95,residential,India
1,2046-02-22,692.2,residential,India
1,2046-02-23,686.02,residential,India
1,2046-02-24,693.29,residential,India
1,2046-02-25,710.07,residential,India
1,2046-02-26,687.32,residential,India
1,2046-02-27,696.86,residential,India
1,2046-02-28,675.12,residential,India
1,2046-03-01,713.59,residential,India
1,2046-03-02,727.39,residential,India
1,2046-03-03,678.5,residential,India
1,2046-03-04,698.6,residential,India
1,2046-03-05,673.72,residential,India
1,2046-03-06,680.12,residential,India
1,2046-03-07,702.87,residential,India
1,2046-03-08,677.87,residential,India
1,2046-03-09,692.41,residential,India
1,2046-03-10,697.23,residential,India
1,2046-03-11,685.62,residential,India
1,2046-03-12,660.96,residential,India
1,2046-03-13,673.28,residential,India
1,2046-03-14,675.93,residential,India
1,2046-03-15,687.22,residential,India
1,2046-03-16,701.92,residential,India
1,2046-03-17,684.44,residential,India
1,2046-03-18,648.98,residential,India
1,2046-03-19,702.76,residential,India
1,2046-03-20,660.86,residential,India
1,2046-03-21,702.47,residential,India
1,2046-03-22,685.6,residential,India
1,2046-03-23,673.18,residential,India
1,2046-03-24,719.12,residential,India
1,2046-03-25,685.45,residential,India
1,2046-03-26,693.38,residential,India
1,2046-03-27,672.4,residential,India
1,2046-03-28,672.91,residential,India
1,2046-03-29,671.06,residential,India
1,2046-03-30,659.23,residential,India
1,2046-03-31,677.05,residential,India
1,2046-04-01,709.29,residential,India
1,2046-04-02,700.65,residential,India
1,2046-04-03,676.36,residential,India
1,2046-04-04,693.71,residential,India
1,2046-04-05,711.39,residential,India
1,2046-04-06,657.85,residential,India
1,2046-04-07,681.29,residential,India
1,2046-04-08,667.47,residential,India
1,2046-04-09,690.88,residential,India
1,2046-04-10,691.99,residential,India
1,2046-04-11,674.64,residential,India
1,2046-04-12,711.91,residential,India
1,2046-04-13,682.24,residential,India
1,2046-04-14,668.23,residential,India
1,2046-04-15,671.89,residential,India
1,2046-04-16,699.95,residential,India
1,2046-04-17,661.07,residential,India
1,2046-04-18,691.08,residential,India
1,2046-04-19,691.57,residential,India
1,2046-04-20,686.31,residential,India
1,2046-04-21,698.86,residential,India
1,2046-04-22,693.67,residential,India
1,2046-04-23,676.66,residential,India
1,2046-04-24,667.38,residential,India
1,2046-04-25,675.69,residential,India
1,2046-04-26,687.76,residential,India
1,2046-04-27,660.9,residential,India
1,2046-04-28,703.29,residential,India
1,2046-04-29,657.82,residential,India
1,2046-04-30,700.37,residential,India
1,2046-05-01,665.99,residential,India
1,2046-05-02,674.21,residential,India
1,2046-05-03,658.03,residential,India
1,2046-05-04,685.86,residential,India
1,2046-05-05,687.66,residential,India
1,2046-05-06,652.52,residential,India
1,2046-05-07,673.69,residential,India
1,2046-05-08,680.74,residential,India
1,2046-05-09,659.36,residential,India
1,2046-05-10,700.34,residential,India
1,2046-05-11,628.9,residential,India
1,2046-05-12,679.07,residential,India
1,2046-05-13,665.66,residential,India
1,2046-05-14,684.3,residential,India
1,2046-05-15,681.39,residential,India
1,2046-05-16,706.1,residential,India
1,2046-05-17,657.39,residential,India
1,2046-05-18,709.5,residential,India
1,2046-05-19,696.56,residential,India
1,2046-05-20,667.9,residential,India
1,2046-05-21,696.6,residential,India
1,2046-05-22,692.45,residential,India
1,2046-05-23,717.6,residential,India
1,2046-05-24,674.61,residential,India
1,2046-05-25,628.1,residential,India
1,2046-05-26,693.38,residential,India
1,2046-05-27,681.83,residential,India
1,2046-05-28,678.5,residential,India
1,2046-05-29,689.32,residential,India
1,2046-05-30,686.44,residential,India
1,2046-05-31,696.15,residential,India
1,2046-06-01,715.72,residential,India
1,2046-06-02,690.02,residential,India
1,2046-06-03,729.73,residential,India
1,2046-06-04,658.06,residential,India
1,2046-06-05,674.48,residential,India
1,2046-06-06,672.0,residential,India
1,2046-06-07,712.36,residential,India
1,2046-06-08,695.11,residential,India
1,2046-06-09,672.47,residential,India
1,2046-06-10,664.29,residential,India
1,2046-06-11,698.11,residential,India
1,2046-06-12,683.07,residential,India
1,2046-06-13,665.41,residential,India
1,2046-06-14,680.35,residential,India
1,2046-06-15,686.96,residential,India
1,2046-06-16,674.62,residential,India
1,2046-06-17,669.99,residential,India
1,2046-06-18,677.98,residential,India
1,2046-06-19,683.09,residential,India
1,2046-06-20,676.89,residential,India
1,2046-06-21,664.92,residential,India
1,2046-06-22,660.87,residential,India
1,2046-06-23,703.33,residential,India
1,2046-06-24,679.45,residential,India
1,2046-06-25,661.13,residential,India
1,2046-06-26,685.02,residential,India
1,2046-06-27,684.56,residential,India
1,2046-06-28,667.84,residential,India
1,2046-06-29,651.27,residential,India
1,2046-06-30,686.39,residential,India
1,2046-07-01,685.27,residential,India
1,2046-07-02,652.97,residential,India
1,2046-07-03,680.64,residential,India
1,2046-07-04,693.87,residential,India
1,2046-07-05,686.23,residential,India
1,2046-07-06,692.31,residential,India
1,2046-07-07,687.39,residential,India
1,2046-07-08,654.15,residential,India
1,2046-07-09,641.22,residential,India
1,2046-07-10,683.37,residential,India
1,2046-07-11,668.94,residential,India
1,2046-07-12,698.19,residential,India
1,2046-07-13,677.36,residential,India
1,2046-07-14,677.55,residential,India
1,2046-07-15,687.84,residential,India
1,2046-07-16,663.55,residential,India
1,2046-07-17,674.21,residential,India
1,2046-07-18,654.41,residential,India
1,2046-07-19,641.0,residential,India
1,2046-07-20,667.64,residential,India
1,2046-07-21,657.38,residential,India
1,2046-07-22,651.01,residential,India
1,2046-07-23,673.3,residential,India
1,2046-07-24,678.18,residential,India
1,2046-07-25,667.64,residential,India
1,2046-07-26,707.77,residential,India
1,2046-07-27,621.63,residential,India
1,2046-07-28,676.19,residential,India
1,2046-07-29,648.35,residential,India
1,2046-07-30,680.51,residential,India
1,2046-07-31,698.04,residential,India
1,2046-08-01,639.03,residential,India
1,2046-08-02,666.5,residential,India
1,2046-08-03,675.49,residential,India
1,2046-08-04,661.11,residential,India
1,2046-08-05,704.29,residential,India
1,2046-08-06,651.07,residential,India
1,2046-08-07,660.51,residential,India
1,2046-08-08,668.63,residential,India
1,2046-08-09,685.01,residential,India
1,2046-08-10,700.65,residential,India
1,2046-08-11,698.74,residential,India
1,2046-08-12,683.89,residential,India
1,2046-08-13,650.3,residential,India
1,2046-08-14,655.62,residential,India
1,2046-08-15,651.76,residential,India
1,2046-08-16,681.95,residential,India
1,2046-08-17,645.36,residential,India
1,2046-08-18,662.75,residential,India
1,2046-08-19,660.42,residential,India
1,2046-08-20,695.79,residential,India
1,2046-08-21,636.2,residential,India
1,2046-08-22,669.81,residential,India
1,2046-08-23,679.44,residential,India
1,2046-08-24,650.06,residential,India
1,2046-08-25,667.43,residential,India
1,2046-08-26,691.27,residential,India
1,2046-08-27,684.98,residential,India
1,2046-08-28,674.95,residential,India
1,2046-08-29,690.59,residential,India
1,2046-08-30,634.4,residential,India
1,2046-08-31,648.08,residential,India
1,2046-09-01,657.44,residential,India
1,2046-09-02,648.0,residential,India
1,2046-09-03,676.9,residential,India
1,2046-09-04,641.97,residential,India
1,2046-09-05,670.75,residential,India
1,2046-09-06,638.22,residential,India
1,2046-09-07,637.91,residential,India
1,2046-09-08,652.84,residential,India
1,2046-09-09,681.52,residential,India
1,2046-09-10,678.62,residential,India
1,2046-09-11,675.14,residential,India
1,2046-09-12,641.92,residential,India
1,2046-09-13,647.74,residential,India
1,2046-09-14,667.91,residential,India
1,2046-09-15,638.46,residential,India
1,2046-09-16,655.59,residential,India
1,2046-09-17,665.72,residential,India
1,2046-09-18,649.22,residential,India
1,2046-09-19,649.82,residential,India
1,2046-09-20,657.13,residential,India
1,2046-09-21,640.42,residential,India
1,2046-09-22,656.22,residential,India
1,2046-09-23,644.45,residential,India
1,2046-09-24,657.01,residential,India
1,2046-09-25,620.05,residential,India
1,2046-09-26,690.85,residential,India
1,2046-09-27,648.26,residential,India
1,2046-09-28,662.12,residential,India
1,2046-09-29,652.98,residential,India
1,2046-09-30,616.16,residential,India
1,2046-10-01,608.68,residential,India
1,2046-10-02,686.79,residential,India
1,2046-10-03,613.16,residential,India
1,2046-10-04,655.84,residential,India
1,2046-10-05,665.35,residential,India
1,2046-10-06,686.04,residential,India
1,2046-10-07,641.59,residential,India
1,2046-10-08,646.65,residential,India
1,2046-10-09,633.71,residential,India
1,2046-10-10,674.14,residential,India
1,2046-10-11,666.96,residential,India
1,2046-10-12,646.6,residential,India
1,2046-10-13,665.83,residential,India
1,2046-10-14,640.01,residential,India
1,2046-10-15,688.03,residential,India
1,2046-10-16,645.98,residential,India
1,2046-10-17,640.52,residential,India
1,2046-10-18,650.31,residential,India
1,2046-10-19,636.1,residential,India
1,2046-10-20,664.99,residential,India
1,2046-10-21,649.29,residential,India
1,2046-10-22,655.77,residential,India
1,2046-10-23,592.95,residential,India
1,2046-10-24,706.82,residential,India
1,2046-10-25,683.2,residential,India
1,2046-10-26,655.16,residential,India
1,2046-10-27,656.98,residential,India
1,2046-10-28,611.35,residential,India
1,2046-10-29,646.52,residential,India
1,2046-10-30,664.55,residential,India
1,2046-10-31,638.5,residential,India
1,2046-11-01,662.43,residential,India
1,2046-11-02,645.07,residential,India
1,2046-11-03,639.43,residential,India
1,2046-11-04,661.57,residential,India
1,2046-11-05,640.99,residential,India
1,2046-11-06,673.92,residential,India
1,2046-11-07,641.56,residential,India
1,2046-11-08,647.05,residential,India
1,2046-11-09,654.04,residential,India
1,2046-11-10,612.78,residential,India
1,2046-11-11,653.59,residential,India
1,2046-11-12,637.51,residential,India
1,2046-11-13,617.49,residential,India
1,2046-11-14,636.64,residential,India
1,2046-11-15,661.7,residential,India
1,2046-11-16,681.33,residential,India
1,2046-11-17,668.0,residential,India
1,2046-11-18,631.07,residential,India
1,2046-11-19,662.54,residential,India
1,2046-11-20,610.06,residential,India
1,2046-11-21,678.12,residential,India
1,2046-11-22,640.74,residential,India
1,2046-11-23,627.94,residential,India
1,2046-11-24,644.93,residential,India
1,2046-11-25,649.04,residential,India
1,2046-11-26,623.85,residential,India
1,2046-11-27,639.82,residential,India
1,2046-11-28,642.47,residential,India
1,2046-11-29,676.22,residential,India
1,2046-11-30,666.72,residential,India
1,2046-12-01,632.29,residential,India
1,2046-12-02,684.32,residential,India
1,2046-12-03,644.8,residential,India
1,2046-12-04,639.74,residential,India
1,2046-12-05,656.92,residential,India
1,2046-12-06,663.58,residential,India
1,2046-12-07,668.44,residential,India
1,2046-12-08,617.44,residential,India
1,2046-12-09,645.05,residential,India
1,2046-12-10,629.97,residential,India
1,2046-12-11,633.2,residential,India
1,2046-12-12,639.3,residential,India
1,2046-12-13,634.29,residential,India
1,2046-12-14,637.79,residential,India
1,2046-12-15,675.14,residential,India
1,2046-12-16,681.24,residential,India
1,2046-12-17,658.73,residential,India
1,2046-12-18,613.72,residential,India
1,2046-12-19,623.75,residential,India
1,2046-12-20,661.44,residential,India
1,2046-12-21,651.15,residential,India
1,2046-12-22,623.45,residential,India
1,2046-12-23,684.3,residential,India
1,2046-12-24,646.06,residential,India
1,2046-12-25,641.33,residential,India
1,2046-12-26,639.73,residential,India
1,2046-12-27,620.15,residential,India
1,2046-12-28,612.19,residential,India
1,2046-12-29,650.89,residential,India
1,2046-12-30,643.6,residential,India
1,2046-12-31,640.35,residential,India
1,2047-01-01,628.11,residential,India
1,2047-01-02,585.49,residential,India
1,2047-01-03,618.18,residential,India
1,2047-01-04,608.11,residential,India
1,2047-01-05,645.2,residential,India
1,2047-01-06,590.65,residential,India
1,2047-01-07,628.17,residential,India
1,2047-01-08,652.61,residential,India
1,2047-01-09,631.84,residential,India
1,2047-01-10,648.94,residential,India
1,2047-01-11,594.3,residential,India
1,2047-01-12,605.5,residential,India
1,2047-01-13,655.34,residential,India
1,2047-01-14,651.36,residential,India
1,2047-01-15,648.18,residential,India
1,2047-01-16,583.31,residential,India
1,2047-01-17,627.38,residential,India
1,2047-01-18,655.52,residential,India
1,2047-01-19,629.29,residential,India
1,2047-01-20,638.07,residential,India
1,2047-01-21,598.47,residential,India
1,2047-01-22,632.03,residential,India
1,2047-01-23,609.56,residential,India
1,2047-01-24,634.81,residential,India
1,2047-01-25,674.11,residential,India
1,2047-01-26,641.19,residential,India
1,2047-01-27,655.33,residential,India
1,2047-01-28,641.23,residential,India
1,2047-01-29,615.52,residential,India
1,2047-01-30,595.37,residential,India
1,2047-01-31,634.89,residential,India
1,2047-02-01,634.61,residential,India
1,2047-02-02,626.58,residential,India
1,2047-02-03,627.41,residential,India
1,2047-02-04,634.52,residential,India
1,2047-02-05,635.62,residential,India
1,2047-02-06,636.51,residential,India
1,2047-02-07,638.57,residential,India
1,2047-02-08,626.77,residential,India
1,2047-02-09,627.23,residential,India
1,2047-02-10,654.9,residential,India
1,2047-02-11,622.98,residential,India
1,2047-02-12,659.34,residential,India
1,2047-02-13,647.17,residential,India
1,2047-02-14,654.96,residential,India
1,2047-02-15,644.92,residential,India
1,2047-02-16,613.41,residential,India
1,2047-02-17,660.14,residential,India
1,2047-02-18,647.86,residential,India
1,2047-02-19,632.1,residential,India
1,2047-02-20,635.41,residential,India
1,2047-02-21,626.52,residential,India
1,2047-02-22,653.68,residential,India
1,2047-02-23,602.44,residential,India
1,2047-02-24,632.95,residential,India
1,2047-02-25,621.1,residential,India
1,2047-02-26,619.43,residential,India
1,2047-02-27,631.16,residential,India
1,2047-02-28,626.18,residential,India
1,2047-03-01,642.82,residential,India
1,2047-03-02,673.17,residential,India
1,2047-03-03,581.75,residential,India
1,2047-03-04,641.29,residential,India
1,2047-03-05,633.73,residential,India
1,2047-03-06,603.21,residential,India
1,2047-03-07,627.58,residential,India
1,2047-03-08,597.68,residential,India
1,2047-03-09,628.15,residential,India
1,2047-03-10,629.45,residential,India
1,2047-03-11,594.33,residential,India
1,2047-03-12,650.95,residential,India
1,2047-03-13,650.47,residential,India
1,2047-03-14,645.86,residential,India
1,2047-03-15,640.42,residential,India
1,2047-03-16,604.93,residential,India
1,2047-03-17,634.25,residential,India
1,2047-03-18,641.68,residential,India
1,2047-03-19,643.66,residential,India
1,2047-03-20,611.45,residential,India
1,2047-03-21,613.94,residential,India
1,2047-03-22,586.96,residential,India
1,2047-03-23,637.77,residential,India
1,2047-03-24,600.03,residential,India
1,2047-03-25,630.86,residential,India
1,2047-03-26,620.2,residential,India
1,2047-03-27,632.86,residential,India
1,2047-03-28,609.64,residential,India
1,2047-03-29,636.11,residential,India
1,2047-03-30,637.85,residential,India
1,2047-03-31,645.1,residential,India
1,2047-04-01,638.45,residential,India
1,2047-04-02,642.5,residential,India
1,2047-04-03,637.47,residential,India
1,2047-04-04,611.06,residential,India
1,2047-04-05,624.68,residential,India
1,2047-04-06,618.81,residential,India
1,2047-04-07,656.94,residential,India
1,2047-04-08,640.89,residential,India
1,2047-04-09,649.94,residential,India
1,2047-04-10,637.97,residential,India
1,2047-04-11,610.98,residential,India
1,2047-04-12,640.58,residential,India
1,2047-04-13,617.37,residential,India
1,2047-04-14,594.73,residential,India
1,2047-04-15,643.43,residential,India
1,2047-04-16,629.05,residential,India
1,2047-04-17,599.86,residential,India
1,2047-04-18,619.08,residential,India
1,2047-04-19,631.19,residential,India
1,2047-04-20,594.65,residential,India
1,2047-04-21,596.26,residential,India
1,2047-04-22,640.26,residential,India
1,2047-04-23,609.46,residential,India
1,2047-04-24,619.26,residential,India
1,2047-04-25,611.08,residential,India
1,2047-04-26,615.05,residential,India
1,2047-04-27,610.09,residential,India
1,2047-04-28,653.78,residential,India
1,2047-04-29,642.81,residential,India
1,2047-04-30,645.88,residential,India
1,2047-05-01,610.97,residential,India
1,2047-05-02,618.52,residential,India
1,2047-05-03,600.63,residential,India
1,2047-05-04,612.42,residential,India
1,2047-05-05,618.51,residential,India
1,2047-05-06,639.14,residential,India
1,2047-05-07,656.21,residential,India
1,2047-05-08,596.03,residential,India
1,2047-05-09,649.04,residential,India
1,2047-05-10,609.77,residential,India
1,2047-05-11,603.52,residential,India
1,2047-05-12,631.16,residential,India
1,2047-05-13,640.28,residential,India
1,2047-05-14,623.21,residential,India
1,2047-05-15,620.99,residential,India
1,2047-05-16,627.89,residential,India
1,2047-05-17,625.6,residential,India
1,2047-05-18,648.84,residential,India
1,2047-05-19,642.4,residential,India
1,2047-05-20,604.84,residential,India
1,2047-05-21,634.68,residential,India
1,2047-05-22,611.18,residential,India
1,2047-05-23,637.29,residential,India
1,2047-05-24,622.01,residential,India
1,2047-05-25,604.04,residential,India
1,2047-05-26,636.31,residential,India
1,2047-05-27,652.61,residential,India
1,2047-05-28,638.35,residential,India
1,2047-05-29,638.24,residential,India
1,2047-05-30,626.83,residential,India
1,2047-05-31,632.46,residential,India
1,2047-06-01,652.77,residential,India
1,2047-06-02,588.01,residential,India
1,2047-06-03,640.38,residential,India
1,2047-06-04,646.04,residential,India
1,2047-06-05,595.76,residential,India
1,2047-06-06,613.15,residential,India
1,2047-06-07,598.68,residential,India
1,2047-06-08,644.94,residential,India
1,2047-06-09,593.56,residential,India
1,2047-06-10,646.6,residential,India
1,2047-06-11,645.1,residential,India
1,2047-06-12,610.25,residential,India
1,2047-06-13,627.51,residential,India
1,2047-06-14,614.46,residential,India
1,2047-06-15,633.43,residential,India
1,2047-06-16,622.17,residential,India
1,2047-06-17,632.89,residential,India
1,2047-06-18,589.86,residential,India
1,2047-06-19,636.92,residential,India
1,2047-06-20,637.4,residential,India
1,2047-06-21,602.64,residential,India
1,2047-06-22,619.95,residential,India
1,2047-06-23,629.17,residential,India
1,2047-06-24,620.0,residential,India
1,2047-06-25,615.64,residential,India
1,2047-06-26,617.76,residential,India
1,2047-06-27,637.08,residential,India
1,2047-06-28,579.09,residential,India
1,2047-06-29,594.77,residential,India
1,2047-06-30,641.63,residential,India
1,2047-07-01,616.77,residential,India
1,2047-07-02,622.66,residential,India
1,2047-07-03,606.88,residential,India
1,2047-07-04,613.3,residential,India
1,2047-07-05,612.2,residential,India
1,2047-07-06,645.11,residential,India
1,2047-07-07,612.2,residential,India
1,2047-07-08,580.44,residential,India
1,2047-07-09,593.26,residential,India
1,2047-07-10,585.14,residential,India
1,2047-07-11,622.63,residential,India
1,2047-07-12,631.36,residential,India
1,2047-07-13,618.62,residential,India
1,2047-07-14,660.67,residential,India
1,2047-07-15,631.49,residential,India
1,2047-07-16,633.45,residential,India
1,2047-07-17,624.48,residential,India
1,2047-07-18,607.19,residential,India
1,2047-07-19,652.1,residential,India
1,2047-07-20,639.14,residential,India
1,2047-07-21,627.09,residential,India
1,2047-07-22,637.23,residential,India
1,2047-07-23,597.04,residential,India
1,2047-07-24,634.99,residential,India
1,2047-07-25,594.55,residential,India
1,2047-07-26,653.97,residential,India
1,2047-07-27,632.51,residential,India
1,2047-07-28,636.71,residential,India
1,2047-07-29,626.56,residential,India
1,2047-07-30,602.77,residential,India
1,2047-07-31,614.39,residential,India
1,2047-08-01,623.19,residential,India
1,2047-08-02,593.18,residential,India
1,2047-08-03,639.77,residential,India
1,2047-08-04,613.72,residential,India
1,2047-08-05,616.45,residential,India
1,2047-08-06,597.59,residential,India
1,2047-08-07,619.09,residential,India
1,2047-08-08,610.7,residential,India
1,2047-08-09,593.01,residential,India
1,2047-08-10,597.78,residential,India
1,2047-08-11,648.93,residential,India
1,2047-08-12,650.3,residential,India
1,2047-08-13,602.51,residential,India
1,2047-08-14,638.33,residential,India
1,2047-08-15,563.27,residential,India
1,2047-08-16,607.0,residential,India
1,2047-08-17,606.39,residential,India
1,2047-08-18,613.68,residential,India
1,2047-08-19,643.44,residential,India
1,2047-08-20,629.59,residential,India
1,2047-08-21,624.68,residential,India
1,2047-08-22,638.88,residential,India
1,2047-08-23,612.37,residential,India
1,2047-08-24,604.36,residential,India
1,2047-08-25,647.74,residential,India
1,2047-08-26,606.18,residential,India
1,2047-08-27,600.9,residential,India
1,2047-08-28,613.02,residential,India
1,2047-08-29,577.4,residential,India
1,2047-08-30,654.46,residential,India
1,2047-08-31,579.92,residential,India
1,2047-09-01,585.4,residential,India
1,2047-09-02,645.67,residential,India
1,2047-09-03,620.76,residential,India
1,2047-09-04,657.24,residential,India
1,2047-09-05,657.46,residential,India
1,2047-09-06,599.8,residential,India
1,2047-09-07,604.87,residential,India
1,2047-09-08,621.23,residential,India
1,2047-09-09,591.25,residential,India
1,2047-09-10,566.7,residential,India
1,2047-09-11,608.69,residential,India
1,2047-09-12,602.18,residential,India
1,2047-09-13,636.24,residential,India
1,2047-09-14,588.16,residential,India
1,2047-09-15,649.18,residential,India
1,2047-09-16,623.98,residential,India
1,2047-09-17,633.96,residential,India
1,2047-09-18,649.1,residential,India
1,2047-09-19,565.81,residential,India
1,2047-09-20,607.93,residential,India
1,2047-09-21,606.4,residential,India
1,2047-09-22,595.23,residential,India
1,2047-09-23,590.9,residential,India
1,2047-09-24,605.09,residential,India
1,2047-09-25,652.5,residential,India
1,2047-09-26,637.06,residential,India
1,2047-09-27,598.23,residential,India
1,2047-09-28,626.47,residential,India
1,2047-09-29,616.28,residential,India
1,2047-09-30,642.28,residential,India
1,2047-10-01,591.9,residential,India
1,2047-10-02,637.21,residential,India
1,2047-10-03,631.24,residential,India
1,2047-10-04,657.79,residential,India
1,2047-10-05,608.59,residential,India
1,2047-10-06,607.82,residential,India
1,2047-10-07,610.41,residential,India
1,2047-10-08,624.41,residential,India
1,2047-10-09,669.25,residential,India
1,2047-10-10,627.08,residential,India
1,2047-10-11,630.1,residential,India
1,2047-10-12,620.09,residential,India
1,2047-10-13,622.46,residential,India
1,2047-10-14,605.29,residential,India
1,2047-10-15,617.66,residential,India
1,2047-10-16,619.37,residential,India
1,2047-10-17,606.27,residential,India
1,2047-10-18,640.61,residential,India
1,2047-10-19,643.85,residential,India
1,2047-10-20,619.52,residential,India
1,2047-10-21,632.62,residential,India
1,2047-10-22,604.07,residential,India
1,2047-10-23,637.02,residential,India
1,2047-10-24,669.45,residential,India
1,2047-10-25,661.11,residential,India
1,2047-10-26,583.1,residential,India
1,2047-10-27,613.55,residential,India
1,2047-10-28,625.37,residential,India
1,2047-10-29,606.21,residential,India
1,2047-10-30,626.98,residential,India
1,2047-10-31,656.41,residential,India
1,2047-11-01,628.6,residential,India
1,2047-11-02,632.14,residential,India
1,2047-11-03,613.35,residential,India
1,2047-11-04,600.44,residential,India
1,2047-11-05,614.88,residential,India
1,2047-11-06,617.22,residential,India
1,2047-11-07,613.22,residential,India
1,2047-11-08,624.68,residential,India
1,2047-11-09,593.01,residential,India
1,2047-11-10,614.86,residential,India
1,2047-11-11,619.8,residential,India
1,2047-11-12,622.12,residential,India
1,2047-11-13,586.17,residential,India
1,2047-11-14,597.19,residential,India
1,2047-11-15,621.3,residential,India
1,2047-11-16,612.09,residential,India
1,2047-11-17,603.19,residential,India
1,2047-11-18,643.99,residential,India
1,2047-11-19,580.89,residential,India
1,2047-11-20,597.11,residential,India
1,2047-11-21,629.69,residential,India
1,2047-11-22,622.96,residential,India
1,2047-11-23,657.83,residential,India
1,2047-11-24,632.08,residential,India
1,2047-11-25,595.42,residential,India
1,2047-11-26,618.15,residential,India
1,2047-11-27,640.26,residential,India
1,2047-11-28,633.67,residential,India
1,2047-11-29,629.72,residential,India
1,2047-11-30,602.07,residential,India
1,2047-12-01,615.95,residential,India
1,2047-12-02,610.9,residential,India
1,2047-12-03,653.89,residential,India
1,2047-12-04,610.25,residential,India
1,2047-12-05,625.44,residential,India
1,2047-12-06,627.7,residential,India
1,2047-12-07,645.91,residential,India
1,2047-12-08,616.0,residential,India
1,2047-12-09,630.3,residential,India
1,2047-12-10,624.32,residential,India
1,2047-12-11,604.49,residential,India
1,2047-12-12,640.38,residential,India
1,2047-12-13,603.77,residential,India
1,2047-12-14,634.45,residential,India
1,2047-12-15,622.06,residential,India
1,2047-12-16,615.33,residential,India
1,2047-12-17,644.83,residential,India
1,2047-12-18,603.08,residential,India
1,2047-12-19,669.61,residential,India
1,2047-12-20,626.11,residential,India
1,2047-12-21,621.87,residential,India
1,2047-12-22,651.26,residential,India
1,2047-12-23,616.55,residential,India
1,2047-12-24,605.15,residential,India
1,2047-12-25,636.05,residential,India
1,2047-12-26,621.79,residential,India
1,2047-12-27,598.09,residential,India
1,2047-12-28,619.25,residential,India
1,2047-12-29,621.84,residential,India
1,2047-12-30,595.52,residential,India
1,2047-12-31,642.63,residential,India
1,2048-01-01,666.15,residential,India
1,2048-01-02,583.72,residential,India
1,2048-01-03,626.97,residential,India
1,2048-01-04,634.75,residential,India
1,2048-01-05,619.46,residential,India
1,2048-01-06,616.32,residential,India
1,2048-01-07,629.0,residential,India
1,2048-01-08,664.45,residential,India
1,2048-01-09,652.57,residential,India
1,2048-01-10,602.82,residential,India
1,2048-01-11,639.25,residential,India
1,2048-01-12,600.57,residential,India
1,2048-01-13,620.57,residential,India
1,2048-01-14,648.4,residential,India
1,2048-01-15,601.49,residential,India
1,2048-01-16,648.24,residential,India
1,2048-01-17,640.52,residential,India
1,2048-01-18,633.71,residential,India
1,2048-01-19,627.99,residential,India
1,2048-01-20,624.61,residential,India
1,2048-01-21,594.51,residential,India
1,2048-01-22,638.21,residential,India
1,2048-01-23,647.56,residential,India
1,2048-01-24,632.45,residential,India
1,2048-01-25,602.06,residential,India
1,2048-01-26,634.7,residential,India
1,2048-01-27,641.31,residential,India
1,2048-01-28,640.12,residential,India
1,2048-01-29,617.67,residential,India
1,2048-01-30,641.3,residential,India
1,2048-01-31,664.45,residential,India
1,2048-02-01,642.45,residential,India
1,2048-02-02,625.46,residential,India
1,2048-02-03,619.11,residential,India
1,2048-02-04,653.96,residential,India
1,2048-02-05,680.83,residential,India
1,2048-02-06,635.63,residential,India
1,2048-02-07,593.39,residential,India
1,2048-02-08,607.92,residential,India
1,2048-02-09,634.44,residential,India
1,2048-02-10,637.94,residential,India
1,2048-02-11,645.17,residential,India
1,2048-02-12,618.41,residential,India
1,2048-02-13,637.11,residential,India
1,2048-02-14,652.48,residential,India
1,2048-02-15,645.49,residential,India
1,2048-02-16,616.45,residential,India
1,2048-02-17,640.54,residential,India
1,2048-02-18,623.5,residential,India
1,2048-02-19,643.55,residential,India
1,2048-02-20,640.44,residential,India
1,2048-02-21,643.27,residential,India
1,2048-02-22,644.2,residential,India
1,2048-02-23,660.22,residential,India
1,2048-02-24,597.31,residential,India
1,2048-02-25,638.75,residential,India
1,2048-02-26,639.47,residential,India
1,2048-02-27,635.48,residential,India
1,2048-02-28,636.55,residential,India
1,2048-02-29,618.46,residential,India
1,2048-03-01,604.2,residential,India
1,2048-03-02,622.51,residential,India
1,2048-03-03,629.55,residential,India
1,2048-03-04,648.29,residential,India
1,2048-03-05,652.15,residential,India
1,2048-03-06,640.96,residential,India
1,2048-03-07,643.68,residential,India
1,2048-03-08,630.3,residential,India
1,2048-03-09,647.64,residential,India
1,2048-03-10,611.82,residential,India
1,2048-03-11,640.5,residential,India
1,2048-03-12,621.6,residential,India
1,2048-03-13,654.08,residential,India
1,2048-03-14,646.61,residential,India
1,2048-03-15,624.25,residential,India
1,2048-03-16,640.66,residential,India
1,2048-03-17,624.56,residential,India
1,2048-03-18,636.82,residential,India
1,2048-03-19,626.72,residential,India
1,2048-03-20,664.4,residential,India
1,2048-03-21,613.75,residential,India
1,2048-03-22,606.47,residential,India
1,2048-03-23,637.85,residential,India
1,2048-03-24,631.16,residential,India
1,2048-03-25,639.51,residential,India
1,2048-03-26,657.34,residential,India
1,2048-03-27,602.57,residential,India
1,2048-03-28,658.39,residential,India
1,2048-03-29,626.35,residential,India
1,2048-03-30,642.54,residential,India
1,2048-03-31,638.91,residential,India
1,2048-04-01,652.97,residential,India
1,2048-04-02,616.76,residential,India
1,2048-04-03,683.74,residential,India
1,2048-04-04,649.28,residential,India
1,2048-04-05,652.14,residential,India
1,2048-04-06,631.37,residential,India
1,2048-04-07,617.62,residential,India
1,2048-04-08,635.88,residential,India
1,2048-04-09,620.32,residential,India
1,2048-04-10,630.36,residential,India
1,2048-04-11,670.99,residential,India
1,2048-04-12,650.2,residential,India
1,2048-04-13,634.55,residential,India
1,2048-04-14,658.22,residential,India
1,2048-04-15,615.75,residential,India
1,2048-04-16,671.96,residential,India
1,2048-04-17,655.33,residential,India
1,2048-04-18,650.21,residential,India
1,2048-04-19,655.95,residential,India
1,2048-04-20,640.53,residential,India
1,2048-04-21,644.8,residential,India
1,2048-04-22,654.22,residential,India
1,2048-04-23,662.64,residential,India
1,2048-04-24,633.32,residential,India
1,2048-04-25,617.65,residential,India
1,2048-04-26,649.83,residential,India
1,2048-04-27,648.32,residential,India
1,2048-04-28,648.87,residential,India
1,2048-04-29,644.06,residential,India
1,2048-04-30,638.76,residential,India
1,2048-05-01,592.96,residential,India
1,2048-05-02,669.56,residential,India
1,2048-05-03,654.22,residential,India
1,2048-05-04,602.57,residential,India
1,2048-05-05,626.2,residential,India
1,2048-05-06,661.5,residential,India
1,2048-05-07,672.0,residential,India
1,2048-05-08,681.56,residential,India
1,2048-05-09,674.51,residential,India
1,2048-05-10,667.98,residential,India
1,2048-05-11,697.25,residential,India
1,2048-05-12,668.39,residential,India
1,2048-05-13,634.71,residential,India
1,2048-05-14,624.74,residential,India
1,2048-05-15,646.83,residential,India
1,2048-05-16,650.38,residential,India
1,2048-05-17,671.69,residential,India
1,2048-05-18,641.08,residential,India
1,2048-05-19,677.2,residential,India
1,2048-05-20,660.46,residential,India
1,2048-05-21,668.6,residential,India
1,2048-05-22,657.01,residential,India
1,2048-05-23,607.31,residential,India
1,2048-05-24,632.28,residential,India
1,2048-05-25,639.39,residential,India
1,2048-05-26,688.35,residential,India
1,2048-05-27,667.33,residential,India
1,2048-05-28,649.66,residential,India
1,2048-05-29,617.9,residential,India
1,2048-05-30,655.9,residential,India
1,2048-05-31,637.16,residential,India
1,2048-06-01,668.72,residential,India
1,2048-06-02,620.0,residential,India
1,2048-06-03,654.78,residential,India
1,2048-06-04,638.82,residential,India
1,2048-06-05,649.67,residential,India
1,2048-06-06,636.38,residential,India
1,2048-06-07,658.47,residential,India
1,2048-06-08,629.33,residential,India
1,2048-06-09,634.19,residential,India
1,2048-06-10,635.77,residential,India
1,2048-06-11,628.74,residential,India
1,2048-06-12,638.24,residential,India
1,2048-06-13,682.22,residential,India
1,2048-06-14,657.36,residential,India
1,2048-06-15,645.66,residential,India
1,2048-06-16,625.68,residential,India
1,2048-06-17,665.5,residential,India
1,2048-06-18,660.22,residential,India
1,2048-06-19,663.01,residential,India
1,2048-06-20,610.3,residential,India
1,2048-06-21,631.78,residential,India
1,2048-06-22,636.21,residential,India
1,2048-06-23,674.52,residential,India
1,2048-06-24,631.39,residential,India
1,2048-06-25,686.9,residential,India
1,2048-06-26,666.33,residential,India
1,2048-06-27,706.25,residential,India
1,2048-06-28,657.84,residential,India
1,2048-06-29,667.34,residential,India
1,2048-06-30,696.33,residential,India
1,2048-07-01,667.82,residential,India
1,2048-07-02,674.35,residential,India
1,2048-07-03,659.5,residential,India
1,2048-07-04,659.63,residential,India
1,2048-07-05,601.84,residential,India
1,2048-07-06,665.62,residential,India
1,2048-07-07,681.39,residential,India
1,2048-07-08,636.12,residential,India
1,2048-07-09,660.54,residential,India
1,2048-07-10,693.53,residential,India
1,2048-07-11,660.02,residential,India
1,2048-07-12,633.58,residential,India
1,2048-07-13,652.38,residential,India
1,2048-07-14,694.71,residential,India
1,2048-07-15,693.8,residential,India
1,2048-07-16,639.71,residential,India
1,2048-07-17,642.26,residential,India
1,2048-07-18,646.25,residential,India
1,2048-07-19,630.74,residential,India
1,2048-07-20,677.25,residential,India
1,2048-07-21,630.04,residential,India
1,2048-07-22,661.29,residential,India
1,2048-07-23,683.66,residential,India
1,2048-07-24,659.46,residential,India
1,2048-07-25,637.27,residential,India
1,2048-07-26,645.48,residential,India
1,2048-07-27,649.76,residential,India
1,2048-07-28,657.81,residential,India
1,2048-07-29,681.05,residential,India
1,2048-07-30,677.4,residential,India
1,2048-07-31,672.41,residential,India
1,2048-08-01,701.06,residential,India
1,2048-08-02,693.62,residential,India
1,2048-08-03,654.8,residential,India
1,2048-08-04,662.92,residential,India
1,2048-08-05,661.21,residential,India
1,2048-08-06,680.21,residential,India
1,2048-08-07,642.55,residential,India
1,2048-08-08,683.8,residential,India
1,2048-08-09,662.44,residential,India
1,2048-08-10,640.08,residential,India
1,2048-08-11,655.55,residential,India
1,2048-08-12,659.27,residential,India
1,2048-08-13,640.83,residential,India
1,2048-08-14,634.68,residential,India
1,2048-08-15,703.19,residential,India
1,2048-08-16,664.19,residential,India
1,2048-08-17,687.34,residential,India
1,2048-08-18,651.81,residential,India
1,2048-08-19,667.81,residential,India
1,2048-08-20,693.78,residential,India
1,2048-08-21,653.98,residential,India
1,2048-08-22,637.4,residential,India
1,2048-08-23,631.27,residential,India
1,2048-08-24,658.35,residential,India
1,2048-08-25,652.48,residential,India
1,2048-08-26,685.91,residential,India
1,2048-08-27,695.53,residential,India
1,2048-08-28,670.0,residential,India
1,2048-08-29,644.77,residential,India
1,2048-08-30,698.65,residential,India
1,2048-08-31,689.21,residential,India
1,2048-09-01,676.64,residential,India
1,2048-09-02,668.94,residential,India
1,2048-09-03,647.36,residential,India
1,2048-09-04,675.76,residential,India
1,2048-09-05,657.44,residential,India
1,2048-09-06,688.99,residential,India
1,2048-09-07,670.34,residential,India
1,2048-09-08,703.39,residential,India
1,2048-09-09,715.93,residential,India
1,2048-09-10,655.53,residential,India
1,2048-09-11,658.33,residential,India
1,2048-09-12,695.91,residential,India
1,2048-09-13,659.95,residential,India
1,2048-09-14,673.98,residential,India
1,2048-09-15,675.35,residential,India
1,2048-09-16,676.53,residential,India
1,2048-09-17,666.06,residential,India
1,2048-09-18,638.54,residential,India
1,2048-09-19,658.34,residential,India
1,2048-09-20,687.09,residential,India
1,2048-09-21,636.88,residential,India
1,2048-09-22,690.77,residential,India
1,2048-09-23,697.82,residential,India
1,2048-09-24,688.66,residential,India
1,2048-09-25,689.48,residential,India
1,2048-09-26,671.53,residential,India
1,2048-09-27,677.99,residential,India
1,2048-09-28,670.37,residential,India
1,2048-09-29,687.23,residential,India
1,2048-09-30,681.45,residential,India
1,2048-10-01,680.44,residential,India
1,2048-10-02,669.17,residential,India
1,2048-10-03,735.61,residential,India
1,2048-10-04,655.13,residential,India
1,2048-10-05,678.54,residential,India
1,2048-10-06,712.9,residential,India
1,2048-10-07,655.96,residential,India
1,2048-10-08,681.7,residential,India
1,2048-10-09,686.91,residential,India
1,2048-10-10,655.69,residential,India
1,2048-10-11,671.26,residential,India
1,2048-10-12,688.11,residential,India
1,2048-10-13,678.85,residential,India
1,2048-10-14,704.21,residential,India
1,2048-10-15,714.19,residential,India
1,2048-10-16,730.81,residential,India
1,2048-10-17,689.95,residential,India
1,2048-10-18,678.59,residential,India
1,2048-10-19,654.95,residential,India
1,2048-10-20,674.15,residential,India
1,2048-10-21,699.99,residential,India
1,2048-10-22,659.18,residential,India
1,2048-10-23,670.34,residential,India
1,2048-10-24,680.28,residential,India
1,2048-10-25,696.07,residential,India
1,2048-10-26,678.22,residential,India
1,2048-10-27,664.2,residential,India
1,2048-10-28,723.21,residential,India
1,2048-10-29,676.94,residential,India
1,2048-10-30,693.85,residential,India
1,2048-10-31,707.7,residential,India
1,2048-11-01,709.91,residential,India
1,2048-11-02,683.44,residential,India
1,2048-11-03,693.92,residential,India
1,2048-11-04,669.84,residential,India
1,2048-11-05,683.89,residential,India
1,2048-11-06,668.94,residential,India
1,2048-11-07,670.66,residential,India
1,2048-11-08,680.3,residential,India
1,2048-11-09,669.99,residential,India
1,2048-11-10,706.35,residential,India
1,2048-11-11,735.96,residential,India
1,2048-11-12,702.99,residential,India
1,2048-11-13,647.55,residential,India
1,2048-11-14,705.61,residential,India
1,2048-11-15,683.48,residential,India
1,2048-11-16,726.52,residential,India
1,2048-11-17,647.75,residential,India
1,2048-11-18,719.93,residential,India
1,2048-11-19,694.0,residential,India
1,2048-11-20,705.45,residential,India
1,2048-11-21,665.66,residential,India
1,2048-11-22,688.35,residential,India
1,2048-11-23,729.53,residential,India
1,2048-11-24,694.89,residential,India
1,2048-11-25,670.33,residential,India
1,2048-11-26,669.95,residential,India
1,2048-11-27,665.54,residential,India
1,2048-11-28,705.76,residential,India
1,2048-11-29,681.25,residential,India
1,2048-11-30,734.24,residential,India
1,2048-12-01,700.16,residential,India
1,2048-12-02,651.73,residential,India
1,2048-12-03,719.51,residential,India
1,2048-12-04,743.5,residential,India
1,2048-12-05,727.18,residential,India
1,2048-12-06,706.43,residential,India
1,2048-12-07,708.68,residential,India
1,2048-12-08,729.55,residential,India
1,2048-12-09,712.16,residential,India
1,2048-12-10,707.48,residential,India
1,2048-12-11,662.64,residential,India
1,2048-12-12,712.86,residential,India
1,2048-12-13,686.61,residential,India
1,2048-12-14,691.73,residential,India
1,2048-12-15,693.49,residential,India
1,2048-12-16,695.24,residential,India
1,2048-12-17,690.77,residential,India
1,2048-12-18,641.82,residential,India
1,2048-12-19,703.41,residential,India
1,2048-12-20,710.38,residential,India
1,2048-12-21,712.82,residential,India
1,2048-12-22,706.71,residential,India
1,2048-12-23,685.59,residential,India
1,2048-12-24,722.64,residential,India
1,2048-12-25,702.5,residential,India
1,2048-12-26,694.32,residential,India
1,2048-12-27,697.9,residential,India
1,2048-12-28,706.55,residential,India
1,2048-12-29,721.25,residential,India
1,2048-12-30,701.7,residential,India
1,2048-12-31,697.09,residential,India
1,2049-01-01,732.72,residential,India
1,2049-01-02,713.6,residential,India
1,2049-01-03,632.5,residential,India
1,2049-01-04,702.23,residential,India
1,2049-01-05,722.03,residential,India
1,2049-01-06,704.32,residential,India
1,2049-01-07,700.68,residential,India
1,2049-01-08,704.23,residential,India
1,2049-01-09,698.81,residential,India
1,2049-01-10,777.82,residential,India
1,2049-01-11,700.4,residential,India
1,2049-01-12,688.94,residential,India
1,2049-01-13,680.62,residential,India
1,2049-01-14,665.17,residential,India
1,2049-01-15,721.65,residential,India
1,2049-01-16,703.63,residential,India
1,2049-01-17,739.53,residential,India
1,2049-01-18,702.96,residential,India
1,2049-01-19,728.01,residential,India
1,2049-01-20,721.56,residential,India
1,2049-01-21,721.69,residential,India
1,2049-01-22,712.08,residential,India
1,2049-01-23,716.16,residential,India
1,2049-01-24,710.16,residential,India
1,2049-01-25,722.97,residential,India
1,2049-01-26,674.03,residential,India
1,2049-01-27,668.81,residential,India
1,2049-01-28,706.61,residential,India
1,2049-01-29,679.41,residential,India
1,2049-01-30,707.56,residential,India
1,2049-01-31,673.56,residential,India
1,2049-02-01,693.74,residential,India
1,2049-02-02,673.32,residential,India
1,2049-02-03,700.17,residential,India
1,2049-02-04,739.58,residential,India
1,2049-02-05,720.25,residential,India
1,2049-02-06,727.89,residential,India
1,2049-02-07,710.57,residential,India
1,2049-02-08,707.05,residential,India
1,2049-02-09,690.39,residential,India
1,2049-02-10,700.89,residential,India
1,2049-02-11,734.61,residential,India
1,2049-02-12,697.25,residential,India
1,2049-02-13,740.12,residential,India
1,2049-02-14,703.35,residential,India
1,2049-02-15,685.66,residential,India
1,2049-02-16,737.7,residential,India
1,2049-02-17,697.69,residential,India
1,2049-02-18,706.19,residential,India
1,2049-02-19,701.04,residential,India
1,2049-02-20,726.87,residential,India
1,2049-02-21,709.44,residential,India
1,2049-02-22,701.38,residential,India
1,2049-02-23,705.31,residential,India
1,2049-02-24,754.64,residential,India
1,2049-02-25,705.87,residential,India
1,2049-02-26,737.83,residential,India
1,2049-02-27,740.35,residential,India
1,2049-02-28,685.65,residential,India
1,2049-03-01,744.28,residential,India
1,2049-03-02,716.1,residential,India
1,2049-03-03,704.52,residential,India
1,2049-03-04,727.32,residential,India
1,2049-03-05,738.08,residential,India
1,2049-03-06,720.13,residential,India
1,2049-03-07,708.11,residential,India
1,2049-03-08,750.42,residential,India
1,2049-03-09,740.56,residential,India
1,2049-03-10,706.11,residential,India
1,2049-03-11,717.47,residential,India
1,2049-03-12,734.01,residential,India
1,2049-03-13,738.86,residential,India
1,2049-03-14,699.69,residential,India
1,2049-03-15,697.4,residential,India
1,2049-03-16,694.78,residential,India
1,2049-03-17,684.7,residential,India
1,2049-03-18,712.15,residential,India
1,2049-03-19,708.05,residential,India
1,2049-03-20,723.24,residential,India
1,2049-03-21,702.08,residential,India
1,2049-03-22,757.31,residential,India
1,2049-03-23,701.14,residential,India
1,2049-03-24,725.02,residential,India
1,2049-03-25,712.94,residential,India
1,2049-03-26,713.34,residential,India
1,2049-03-27,734.69,residential,India
1,2049-03-28,702.41,residential,India
1,2049-03-29,718.62,residential,India
1,2049-03-30,747.51,residential,India
1,2049-03-31,764.84,residential,India
1,2049-04-01,737.09,residential,India
1,2049-04-02,719.63,residential,India
1,2049-04-03,735.84,residential,India
1,2049-04-04,734.01,residential,India
1,2049-04-05,721.9,residential,India
1,2049-04-06,701.82,residential,India
1,2049-04-07,774.26,residential,India
1,2049-04-08,732.3,residential,India
1,2049-04-09,699.76,residential,India
1,2049-04-10,730.24,residential,India
1,2049-04-11,735.72,residential,India
1,2049-04-12,718.74,residential,India
1,2049-04-13,702.05,residential,India
1,2049-04-14,720.88,residential,India
1,2049-04-15,703.45,residential,India
1,2049-04-16,738.94,residential,India
1,2049-04-17,720.74,residential,India
1,2049-04-18,719.04,residential,India
1,2049-04-19,747.38,residential,India
1,2049-04-20,706.34,residential,India
1,2049-04-21,727.52,residential,India
1,2049-04-22,738.85,residential,India
1,2049-04-23,746.53,residential,India
1,2049-04-24,705.06,residential,India
1,2049-04-25,694.64,residential,India
1,2049-04-26,708.36,residential,India
1,2049-04-27,740.28,residential,India
1,2049-04-28,724.13,residential,India
1,2049-04-29,722.51,residential,India
1,2049-04-30,732.54,residential,India
1,2049-05-01,726.46,residential,India
1,2049-05-02,707.51,residential,India
1,2049-05-03,668.28,residential,India
1,2049-05-04,733.03,residential,India
1,2049-05-05,769.74,residential,India
1,2049-05-06,707.56,residential,India
1,2049-05-07,719.43,residential,India
1,2049-05-08,731.04,residential,India
1,2049-05-09,741.07,residential,India
1,2049-05-10,737.21,residential,India
1,2049-05-11,737.96,residential,India
1,2049-05-12,723.87,residential,India
1,2049-05-13,742.77,residential,India
1,2049-05-14,722.31,residential,India
1,2049-05-15,732.23,residential,India
1,2049-05-16,757.08,residential,India
1,2049-05-17,724.21,residential,India
1,2049-05-18,711.92,residential,India
1,2049-05-19,746.43,residential,India
1,2049-05-20,748.21,residential,India
1,2049-05-21,712.51,residential,India
1,2049-05-22,715.15,residential,India
1,2049-05-23,723.43,residential,India
1,2049-05-24,755.02,residential,India
1,2049-05-25,685.29,residential,India
1,2049-05-26,718.73,residential,India
1,2049-05-27,713.09,residential,India
1,2049-05-28,704.58,residential,India
1,2049-05-29,731.44,residential,India
1,2049-05-30,715.32,residential,India
1,2049-05-31,726.81,residential,India
1,2049-06-01,751.61,residential,India
1,2049-06-02,745.38,residential,India
1,2049-06-03,759.61,residential,India
1,2049-06-04,739.25,residential,India
1,2049-06-05,716.87,residential,India
1,2049-06-06,742.42,residential,India
1,2049-06-07,721.05,residential,India
1,2049-06-08,720.09,residential,India
1,2049-06-09,726.38,residential,India
1,2049-06-10,735.0,residential,India
1,2049-06-11,723.74,residential,India
1,2049-06-12,721.33,residential,India
1,2049-06-13,748.69,residential,India
1,2049-06-14,753.54,residential,India
1,2049-06-15,743.79,residential,India
1,2049-06-16,742.67,residential,India
1,2049-06-17,734.58,residential,India
1,2049-06-18,700.06,residential,India
1,2049-06-19,738.52,residential,India
1,2049-06-20,738.07,residential,India
1,2049-06-21,733.61,residential,India
1,2049-06-22,733.06,residential,India
1,2049-06-23,705.53,residential,India
1,2049-06-24,740.49,residential,India
1,2049-06-25,718.14,residential,India
1,2049-06-26,777.93,residential,India
1,2049-06-27,740.79,residential,India
1,2049-06-28,721.65,residential,India
1,2049-06-29,725.62,residential,India
1,2049-06-30,765.44,residential,India
1,2049-07-01,758.67,residential,India
1,2049-07-02,716.93,residential,India
1,2049-07-03,766.03,residential,India
1,2049-07-04,763.95,residential,India
1,2049-07-05,734.58,residential,India
1,2049-07-06,731.83,residential,India
1,2049-07-07,740.92,residential,India
1,2049-07-08,764.47,residential,India
1,2049-07-09,761.01,residential,India
1,2049-07-10,741.73,residential,India
1,2049-07-11,727.64,residential,India
1,2049-07-12,750.59,residential,India
1,2049-07-13,745.03,residential,India
1,2049-07-14,747.29,residential,India
1,2049-07-15,742.26,residential,India
1,2049-07-16,773.28,residential,India
1,2049-07-17,733.0,residential,India
1,2049-07-18,719.66,residential,India
1,2049-07-19,752.51,residential,India
1,2049-07-20,706.66,residential,India
1,2049-07-21,727.26,residential,India
1,2049-07-22,751.67,residential,India
1,2049-07-23,717.49,residential,India
1,2049-07-24,733.06,residential,India
1,2049-07-25,729.43,residential,India
1,2049-07-26,772.21,residential,India
1,2049-07-27,758.92,residential,India
1,2049-07-28,720.13,residential,India
1,2049-07-29,720.92,residential,India
1,2049-07-30,734.78,residential,India
1,2049-07-31,715.34,residential,India
1,2049-08-01,730.1,residential,India
1,2049-08-02,693.86,residential,India
1,2049-08-03,727.74,residential,India
1,2049-08-04,717.35,residential,India
1,2049-08-05,723.36,residential,India
1,2049-08-06,736.91,residential,India
1,2049-08-07,709.69,residential,India
1,2049-08-08,761.54,residential,India
1,2049-08-09,769.08,residential,India
1,2049-08-10,757.68,residential,India
1,2049-08-11,724.99,residential,India
1,2049-08-12,736.66,residential,India
1,2049-08-13,693.75,residential,India
1,2049-08-14,731.25,residential,India
1,2049-08-15,707.09,residential,India
1,2049-08-16,730.34,residential,India
1,2049-08-17,735.32,residential,India
1,2049-08-18,776.88,residential,India
1,2049-08-19,747.96,residential,India
1,2049-08-20,739.35,residential,India
1,2049-08-21,734.45,residential,India
1,2049-08-22,732.0,residential,India
1,2049-08-23,748.18,residential,India
1,2049-08-24,730.24,residential,India
1,2049-08-25,743.4,residential,India
1,2049-08-26,708.86,residential,India
1,2049-08-27,751.41,residential,India
1,2049-08-28,754.19,residential,India
1,2049-08-29,760.57,residential,India
1,2049-08-30,761.37,residential,India
1,2049-08-31,754.42,residential,India
1,2049-09-01,718.49,residential,India
1,2049-09-02,745.61,residential,India
1,2049-09-03,747.23,residential,India
1,2049-09-04,742.41,residential,India
1,2049-09-05,720.64,residential,India
1,2049-09-06,735.29,residential,India
1,2049-09-07,727.63,residential,India
1,2049-09-08,724.88,residential,India
1,2049-09-09,743.55,residential,India
1,2049-09-10,715.81,residential,India
1,2049-09-11,748.59,residential,India
1,2049-09-12,734.34,residential,India
1,2049-09-13,740.88,residential,India
1,2049-09-14,770.63,residential,India
1,2049-09-15,734.84,residential,India
1,2049-09-16,750.06,residential,India
1,2049-09-17,752.74,residential,India
1,2049-09-18,741.61,residential,India
1,2049-09-19,744.27,residential,India
1,2049-09-20,772.19,residential,India
1,2049-09-21,744.91,residential,India
1,2049-09-22,752.58,residential,India
1,2049-09-23,714.45,residential,India
1,2049-09-24,740.34,residential,India
1,2049-09-25,748.57,residential,India
1,2049-09-26,713.49,residential,India
1,2049-09-27,722.3,residential,India
1,2049-09-28,692.46,residential,India
1,2049-09-29,733.26,residential,India
1,2049-09-30,730.04,residential,India
1,2049-10-01,720.53,residential,India
1,2049-10-02,763.17,residential,India
1,2049-10-03,743.69,residential,India
1,2049-10-04,724.41,residential,India
1,2049-10-05,741.11,residential,India
1,2049-10-06,764.42,residential,India
1,2049-10-07,745.68,residential,India
1,2049-10-08,673.73,residential,India
1,2049-10-09,757.83,residential,India
1,2049-10-10,707.04,residential,India
1,2049-10-11,761.78,residential,India
1,2049-10-12,754.1,residential,India
1,2049-10-13,749.25,residential,India
1,2049-10-14,736.17,residential,India
1,2049-10-15,760.64,residential,India
1,2049-10-16,752.83,residential,India
1,2049-10-17,721.62,residential,India
1,2049-10-18,726.35,residential,India
1,2049-10-19,766.22,residential,India
1,2049-10-20,736.77,residential,India
1,2049-10-21,710.81,residential,India
1,2049-10-22,732.28,residential,India
1,2049-10-23,733.39,residential,India
1,2049-10-24,769.03,residential,India
1,2049-10-25,728.73,residential,India
1,2049-10-26,722.69,residential,India
1,2049-10-27,744.15,residential,India
1,2049-10-28,778.89,residential,India
1,2049-10-29,727.38,residential,India
1,2049-10-30,755.83,residential,India
1,2049-10-31,745.83,residential,India
1,2049-11-01,713.1,residential,India
1,2049-11-02,746.82,residential,India
1,2049-11-03,728.08,residential,India
1,2049-11-04,757.69,residential,India
1,2049-11-05,718.66,residential,India
1,2049-11-06,699.18,residential,India
1,2049-11-07,781.7,residential,India
1,2049-11-08,737.45,residential,India
1,2049-11-09,763.84,residential,India
1,2049-11-10,741.2,residential,India
1,2049-11-11,738.18,residential,India
1,2049-11-12,720.43,residential,India
1,2049-11-13,715.46,residential,India
1,2049-11-14,751.35,residential,India
1,2049-11-15,752.36,residential,India
1,2049-11-16,756.36,residential,India
1,2049-11-17,747.66,residential,India
1,2049-11-18,767.07,residential,India
1,2049-11-19,752.07,residential,India
1,2049-11-20,746.72,residential,India
1,2049-11-21,716.85,residential,India
1,2049-11-22,701.52,residential,India
1,2049-11-23,768.29,residential,India
1,2049-11-24,705.13,residential,India
1,2049-11-25,754.64,residential,India
1,2049-11-26,759.03,residential,India
1,2049-11-27,816.84,residential,India
1,2049-11-28,740.45,residential,India
1,2049-11-29,768.11,residential,India
1,2049-11-30,744.37,residential,India
1,2049-12-01,721.91,residential,India
1,2049-12-02,714.57,residential,India
1,2049-12-03,768.54,residential,India
1,2049-12-04,709.51,residential,India
1,2049-12-05,719.32,residential,India
1,2049-12-06,722.08,residential,India
1,2049-12-07,716.86,residential,India
1,2049-12-08,762.93,residential,India
1,2049-12-09,763.25,residential,India
1,2049-12-10,734.01,residential,India
1,2049-12-11,756.26,residential,India
1,2049-12-12,747.55,residential,India
1,2049-12-13,688.7,residential,India
1,2049-12-14,750.79,residential,India
1,2049-12-15,711.09,residential,India
1,2049-12-16,736.05,residential,India
1,2049-12-17,744.28,residential,India
1,2049-12-18,764.22,residential,India
1,2049-12-19,754.29,residential,India
1,2049-12-20,757.87,residential,India
1,2049-12-21,739.41,residential,India
1,2049-12-22,761.56,residential,India
1,2049-12-23,703.63,residential,India
1,2049-12-24,755.99,residential,India
1,2049-12-25,735.64,residential,India
1,2049-12-26,747.6,residential,India
1,2049-12-27,705.37,residential,India
1,2049-12-28,731.15,residential,India
1,2049-12-29,708.51,residential,India
1,2049-12-30,752.33,residential,India
1,2049-12-31,742.6,residential,India
1,2050-01-01,756.97,residential,India
1,2050-01-02,752.03,residential,India
1,2050-01-03,745.29,residential,India
1,2050-01-04,726.66,residential,India
1,2050-01-05,765.21,residential,India
1,2050-01-06,717.65,residential,India
1,2050-01-07,757.97,residential,India
1,2050-01-08,704.97,residential,India
1,2050-01-09,764.37,residential,India
1,2050-01-10,735.73,residential,India
1,2050-01-11,744.03,residential,India
1,2050-01-12,735.39,residential,India
1,2050-01-13,731.92,residential,India
1,2050-01-14,719.69,residential,India
1,2050-01-15,765.67,residential,India
1,2050-01-16,749.16,residential,India
1,2050-01-17,735.85,residential,India
1,2050-01-18,732.3,residential,India
1,2050-01-19,734.45,residential,India
1,2050-01-20,738.79,residential,India
1,2050-01-21,729.38,residential,India
1,2050-01-22,730.07,residential,India
1,2050-01-23,713.0,residential,India
1,2050-01-24,736.35,residential,India
1,2050-01-25,724.29,residential,India
1,2050-01-26,736.46,residential,India
1,2050-01-27,708.34,residential,India
1,2050-01-28,733.47,residential,India
1,2050-01-29,741.55,residential,India
1,2050-01-30,780.85,residential,India
1,2050-01-31,755.0,residential,India
1,2050-02-01,749.56,residential,India
1,2050-02-02,731.74,residential,India
1,2050-02-03,740.49,residential,India
1,2050-02-04,718.61,residential,India
1,2050-02-05,744.09,residential,India
1,2050-02-06,740.79,residential,India
1,2050-02-07,730.03,residential,India
1,2050-02-08,745.86,residential,India
1,2050-02-09,748.74,residential,India
1,2050-02-10,741.85,residential,India
1,2050-02-11,747.38,residential,India
1,2050-02-12,743.83,residential,India
1,2050-02-13,710.16,residential,India
1,2050-02-14,758.3,residential,India
1,2050-02-15,714.99,residential,India
1,2050-02-16,734.17,residential,India
1,2050-02-17,759.89,residential,India
1,2050-02-18,706.55,residential,India
1,2050-02-19,743.0,residential,India
1,2050-02-20,785.08,residential,India
1,2050-02-21,721.82,residential,India
1,2050-02-22,717.82,residential,India
1,2050-02-23,722.17,residential,India
1,2050-02-24,768.56,residential,India
1,2050-02-25,747.1,residential,India
1,2050-02-26,712.19,residential,India
1,2050-02-27,725.99,residential,India
1,2050-02-28,723.47,residential,India
1,2050-03-01,737.27,residential,India
1,2050-03-02,750.69,residential,India
1,2050-03-03,772.49,residential,India
1,2050-03-04,728.76,residential,India
1,2050-03-05,710.83,residential,India
1,2050-03-06,748.15,residential,India
1,2050-03-07,744.13,residential,India
1,2050-03-08,720.42,residential,India
1,2050-03-09,755.59,residential,India
1,2050-03-10,748.74,residential,India
1,2050-03-11,761.71,residential,India
1,2050-03-12,775.31,residential,India
1,2050-03-13,717.51,residential,India
1,2050-03-14,784.91,residential,India
1,2050-03-15,749.15,residential,India
1,2050-03-16,727.49,residential,India
1,2050-03-17,748.65,residential,India
1,2050-03-18,762.98,residential,India
1,2050-03-19,706.49,residential,India
1,2050-03-20,735.58,residential,India
1,2050-03-21,687.08,residential,India
1,2050-03-22,732.22,residential,India
1,2050-03-23,723.67,residential,India
1,2050-03-24,726.18,residential,India
1,2050-03-25,740.8,residential,India
1,2050-03-26,740.49,residential,India
1,2050-03-27,743.62,residential,India
1,2050-03-28,727.6,residential,India
1,2050-03-29,743.89,residential,India
1,2050-03-30,725.99,residential,India
1,2050-03-31,758.61,residential,India
1,2050-04-01,723.64,residential,India
1,2050-04-02,737.21,residential,India
1,2050-04-03,726.56,residential,India
1,2050-04-04,747.07,residential,India
1,2050-04-05,724.0,residential,India
1,2050-04-06,748.73,residential,India
1,2050-04-07,748.02,residential,India
1,2050-04-08,760.96,residential,India
1,2050-04-09,746.95,residential,India
1,2050-04-10,720.4,residential,India
1,2050-04-11,749.12,residential,India
1,2050-04-12,668.2,residential,India
1,2050-04-13,706.11,residential,India
1,2050-04-14,717.62,residential,India
1,2050-04-15,705.95,residential,India
1,2050-04-16,705.98,residential,India
1,2050-04-17,721.52,residential,India
1,2050-04-18,714.66,residential,India
1,2050-04-19,693.07,residential,India
1,2050-04-20,735.39,residential,India
1,2050-04-21,758.66,residential,India
1,2050-04-22,739.26,residential,India
1,2050-04-23,748.92,residential,India
1,2050-04-24,699.95,residential,India
1,2050-04-25,769.26,residential,India
1,2050-04-26,766.76,residential,India
1,2050-04-27,776.2,residential,India
1,2050-04-28,758.38,residential,India
1,2050-04-29,718.06,residential,India
1,2050-04-30,736.47,residential,India
1,2050-05-01,751.48,residential,India
1,2050-05-02,699.77,residential,India
1,2050-05-03,764.31,residential,India
1,2050-05-04,774.42,residential,India
1,2050-05-05,724.37,residential,India
1,2050-05-06,719.84,residential,India
1,2050-05-07,729.03,residential,India
1,2050-05-08,703.36,residential,India
1,2050-05-09,714.65,residential,India
1,2050-05-10,720.82,residential,India
1,2050-05-11,739.97,residential,India
1,2050-05-12,706.95,residential,India
1,2050-05-13,728.68,residential,India
1,2050-05-14,745.36,residential,India
1,2050-05-15,765.77,residential,India
1,2050-05-16,771.38,residential,India
1,2050-05-17,723.54,residential,India
1,2050-05-18,736.79,residential,India
1,2050-05-19,745.97,residential,India
1,2050-05-20,707.94,residential,India
1,2050-05-21,730.49,residential,India
1,2050-05-22,695.2,residential,India
1,2050-05-23,756.5,residential,India
1,2050-05-24,717.44,residential,India
1,2050-05-25,699.67,residential,India
1,2050-05-26,735.73,residential,India
1,2050-05-27,680.78,residential,India
1,2050-05-28,731.06,residential,India
1,2050-05-29,723.72,residential,India
1,2050-05-30,763.59,residential,India
1,2050-05-31,706.79,residential,India
1,2050-06-01,747.63,residential,India
1,2050-06-02,713.5,residential,India
1,2050-06-03,751.31,residential,India
1,2050-06-04,745.73,residential,India
1,2050-06-05,760.92,residential,India
1,2050-06-06,673.02,residential,India
1,2050-06-07,701.5,residential,India
1,2050-06-08,753.57,residential,India
1,2050-06-09,757.73,residential,India
1,2050-06-10,702.67,residential,India
1,2050-06-11,695.24,residential,India
1,2050-06-12,714.58,residential,India
1,2050-06-13,694.02,residential,India
1,2050-06-14,701.31,residential,India
1,2050-06-15,712.58,residential,India
1,2050-06-16,739.2,residential,India
1,2050-06-17,709.79,residential,India
1,2050-06-18,687.27,residential,India
1,2050-06-19,713.52,residential,India
1,2050-06-20,743.58,residential,India
1,2050-06-21,726.04,residential,India
1,2050-06-22,692.64,residential,India
1,2050-06-23,721.73,residential,India
1,2050-06-24,719.48,residential,India
1,2050-06-25,730.63,residential,India
1,2050-06-26,724.15,residential,India
1,2050-06-27,701.52,residential,India
1,2050-06-28,700.57,residential,India
1,2050-06-29,698.7,residential,India
1,2050-06-30,702.84,residential,India
1,2050-07-01,737.03,residential,India
1,2050-07-02,713.74,residential,India
1,2050-07-03,710.14,residential,India
1,2050-07-04,737.43,residential,India
1,2050-07-05,709.52,residential,India
1,2050-07-06,757.67,residential,India
1,2050-07-07,713.51,residential,India
1,2050-07-08,702.23,residential,India
1,2050-07-09,740.99,residential,India
1,2050-07-10,706.09,residential,India
1,2050-07-11,744.99,residential,India
1,2050-07-12,676.37,residential,India
1,2050-07-13,698.08,residential,India
1,2050-07-14,684.4,residential,India
1,2050-07-15,754.97,residential,India
1,2050-07-16,730.74,residential,India
1,2050-07-17,725.11,residential,India
1,2050-07-18,738.57,residential,India
1,2050-07-19,714.42,residential,India
1,2050-07-20,696.27,residential,India
1,2050-07-21,718.54,residential,India
1,2050-07-22,686.01,residential,India
1,2050-07-23,727.35,residential,India
1,2050-07-24,716.54,residential,India
1,2050-07-25,695.08,residential,India
1,2050-07-26,709.67,residential,India
1,2050-07-27,712.4,residential,India
1,2050-07-28,721.87,residential,India
1,2050-07-29,687.43,residential,India
1,2050-07-30,752.02,residential,India
1,2050-07-31,731.3,residential,India
1,2050-08-01,689.08,residential,India
1,2050-08-02,724.15,residential,India
1,2050-08-03,687.77,residential,India
1,2050-08-04,747.77,residential,India
1,2050-08-05,724.43,residential,India
1,2050-08-06,714.96,residential,India
1,2050-08-07,709.4,residential,India
1,2050-08-08,695.36,residential,India
1,2050-08-09,707.64,residential,India
1,2050-08-10,712.64,residential,India
1,2050-08-11,732.53,residential,India
1,2050-08-12,705.82,residential,India
1,2050-08-13,725.27,residential,India
1,2050-08-14,692.82,residential,India
1,2050-08-15,714.89,residential,India
1,2050-08-16,710.54,residential,India
1,2050-08-17,707.32,residential,India
1,2050-08-18,698.21,residential,India
1,2050-08-19,724.46,residential,India
1,2050-08-20,725.42,residential,India
1,2050-08-21,683.26,residential,India
1,2050-08-22,698.02,residential,India
1,2050-08-23,712.46,residential,India
1,2050-08-24,694.39,residential,India
1,2050-08-25,729.09,residential,India
1,2050-08-26,716.62,residential,India
1,2050-08-27,696.41,residential,India
1,2050-08-28,705.33,residential,India
1,2050-08-29,701.03,residential,India
1,2050-08-30,746.81,residential,India
1,2050-08-31,732.7,residential,India
1,2050-09-01,714.91,residential,India
1,2050-09-02,743.17,residential,India
1,2050-09-03,700.67,residential,India
1,2050-09-04,724.26,residential,India
1,2050-09-05,750.58,residential,India
1,2050-09-06,681.82,residential,India
1,2050-09-07,664.58,residential,India
1,2050-09-08,709.06,residential,India
1,2050-09-09,700.66,residential,India
1,2050-09-10,700.16,residential,India
1,2050-09-11,688.88,residential,India
1,2050-09-12,715.45,residential,India
1,2050-09-13,695.0,residential,India
1,2050-09-14,713.0,residential,India
1,2050-09-15,700.05,residential,India
1,2050-09-16,719.15,residential,India
1,2050-09-17,710.18,residential,India
1,2050-09-18,673.18,residential,India
1,2050-09-19,704.66,residential,India
1,2050-09-20,716.53,residential,India
1,2050-09-21,719.87,residential,India
1,2050-09-22,664.31,residential,India
1,2050-09-23,679.85,residential,India
1,2050-09-24,698.13,residential,India
1,2050-09-25,698.94,residential,India
1,2050-09-26,743.79,residential,India
1,2050-09-27,702.08,residential,India
1,2050-09-28,691.19,residential,India
1,2050-09-29,693.17,residential,India
1,2050-09-30,712.31,residential,India
1,2050-10-01,708.12,residential,India
1,2050-10-02,685.25,residential,India
1,2050-10-03,702.68,residential,India
1,2050-10-04,692.53,residential,India
1,2050-10-05,695.81,residential,India
1,2050-10-06,701.26,residential,India
1,2050-10-07,721.35,residential,India
1,2050-10-08,718.97,residential,India
1,2050-10-09,706.19,residential,India
1,2050-10-10,691.7,residential,India
1,2050-10-11,692.8,residential,India
1,2050-10-12,677.0,residential,India
1,2050-10-13,717.38,residential,India
1,2050-10-14,726.61,residential,India
1,2050-10-15,655.78,residential,India
1,2050-10-16,677.09,residential,India
1,2050-10-17,719.17,residential,India
1,2050-10-18,716.86,residential,India
1,2050-10-19,691.07,residential,India
1,2050-10-20,700.21,residential,India
1,2050-10-21,689.38,residential,India
1,2050-10-22,686.23,residential,India
1,2050-10-23,707.86,residential,India
1,2050-10-24,709.06,residential,India
1,2050-10-25,699.76,residential,India
1,2050-10-26,702.56,residential,India
1,2050-10-27,734.84,residential,India
1,2050-10-28,737.09,residential,India
1,2050-10-29,690.75,residential,India
1,2050-10-30,691.14,residential,India
1,2050-10-31,753.5,residential,India
1,2050-11-01,684.37,residential,India
1,2050-11-02,689.09,residential,India
1,2050-11-03,705.46,residential,India
1,2050-11-04,743.05,residential,India
1,2050-11-05,718.21,residential,India
1,2050-11-06,679.47,residential,India
1,2050-11-07,724.91,residential,India
1,2050-11-08,678.51,residential,India
1,2050-11-09,682.93,residential,India
1,2050-11-10,690.55,residential,India
1,2050-11-11,696.62,residential,India
1,2050-11-12,709.18,residential,India
1,2050-11-13,664.49,residential,India
1,2050-11-14,663.41,residential,India
1,2050-11-15,730.7,residential,India
1,2050-11-16,692.59,residential,India
1,2050-11-17,666.82,residential,India
1,2050-11-18,704.49,residential,India
1,2050-11-19,677.07,residential,India
1,2050-11-20,691.64,residential,India
1,2050-11-21,667.07,residential,India
1,2050-11-22,674.11,residential,India
1,2050-11-23,715.7,residential,India
1,2050-11-24,687.44,residential,India
1,2050-11-25,698.16,residential,India
1,2050-11-26,715.8,residential,India
1,2050-11-27,664.52,residential,India
1,2050-11-28,678.7,residential,India
1,2050-11-29,706.0,residential,India
1,2050-11-30,681.77,residential,India
1,2050-12-01,714.95,residential,India
1,2050-12-02,693.14,residential,India
1,2050-12-03,668.72,residential,India
1,2050-12-04,684.18,residential,India
1,2050-12-05,671.22,residential,India
1,2050-12-06,676.75,residential,India
1,2050-12-07,702.46,residential,India
1,2050-12-08,687.57,residential,India
1,2050-12-09,681.01,residential,India
1,2050-12-10,696.1,residential,India
1,2050-12-11,724.32,residential,India
1,2050-12-12,706.3,residential,India
1,2050-12-13,654.33,residential,India
1,2050-12-14,681.3,residential,India
1,2050-12-15,666.2,residential,India
1,2050-12-16,663.62,residential,India
1,2050-12-17,699.85,residential,India
1,2050-12-18,699.47,residential,India
1,2050-12-19,711.92,residential,India
1,2050-12-20,676.87,residential,India
1,2050-12-21,662.75,residential,India
1,2050-12-22,657.12,residential,India
1,2050-12-23,680.16,residential,India
1,2050-12-24,675.57,residential,India
1,2050-12-25,683.59,residential,India
1,2050-12-26,706.56,residential,India
1,2050-12-27,708.4,residential,India
1,2050-12-28,681.48,residential,India
1,2050-12-29,688.6,residential,India
1,2050-12-30,683.9,residential,India
1,2050-12-31,704.36,residential,India
1,2051-01-01,671.61,residential,India
1,2051-01-02,684.0,residential,India
1,2051-01-03,651.86,residential,India
1,2051-01-04,698.23,residential,India
1,2051-01-05,699.82,residential,India
1,2051-01-06,709.6,residential,India
1,2051-01-07,665.54,residential,India
1,2051-01-08,642.16,residential,India
1,2051-01-09,668.79,residential,India
1,2051-01-10,704.76,residential,India
1,2051-01-11,695.79,residential,India
1,2051-01-12,721.07,residential,India
1,2051-01-13,673.18,residential,India
1,2051-01-14,687.41,residential,India
1,2051-01-15,697.12,residential,India
1,2051-01-16,648.64,residential,India
1,2051-01-17,673.89,residential,India
1,2051-01-18,713.23,residential,India
1,2051-01-19,708.66,residential,India
1,2051-01-20,681.36,residential,India
1,2051-01-21,680.88,residential,India
1,2051-01-22,693.73,residential,India
1,2051-01-23,668.3,residential,India
1,2051-01-24,694.92,residential,India
1,2051-01-25,703.78,residential,India
1,2051-01-26,702.6,residential,India
1,2051-01-27,717.05,residential,India
1,2051-01-28,671.69,residential,India
1,2051-01-29,674.37,residential,India
1,2051-01-30,656.52,residential,India
1,2051-01-31,666.61,residential,India
1,2051-02-01,675.7,residential,India
1,2051-02-02,657.09,residential,India
1,2051-02-03,677.66,residential,India
1,2051-02-04,636.34,residential,India
1,2051-02-05,711.51,residential,India
1,2051-02-06,692.24,residential,India
1,2051-02-07,717.58,residential,India
1,2051-02-08,682.27,residential,India
1,2051-02-09,684.24,residential,India
1,2051-02-10,694.24,residential,India
1,2051-02-11,665.5,residential,India
1,2051-02-12,645.6,residential,India
1,2051-02-13,651.02,residential,India
1,2051-02-14,679.0,residential,India
1,2051-02-15,695.15,residential,India
1,2051-02-16,680.03,residential,India
1,2051-02-17,667.25,residential,India
1,2051-02-18,665.17,residential,India
1,2051-02-19,682.53,residential,India
1,2051-02-20,659.55,residential,India
1,2051-02-21,639.55,residential,India
1,2051-02-22,716.75,residential,India
1,2051-02-23,698.38,residential,India
1,2051-02-24,663.85,residential,India
1,2051-02-25,665.95,residential,India
1,2051-02-26,683.45,residential,India
1,2051-02-27,625.48,residential,India
1,2051-02-28,685.98,residential,India
1,2051-03-01,676.07,residential,India
1,2051-03-02,688.68,residential,India
1,2051-03-03,704.49,residential,India
1,2051-03-04,678.14,residential,India
1,2051-03-05,697.91,residential,India
1,2051-03-06,676.46,residential,India
1,2051-03-07,686.95,residential,India
1,2051-03-08,667.67,residential,India
1,2051-03-09,685.45,residential,India
1,2051-03-10,673.13,residential,India
1,2051-03-11,702.23,residential,India
1,2051-03-12,660.76,residential,India
1,2051-03-13,669.6,residential,India
1,2051-03-14,713.47,residential,India
1,2051-03-15,665.32,residential,India
1,2051-03-16,663.43,residential,India
1,2051-03-17,657.3,residential,India
1,2051-03-18,638.67,residential,India
1,2051-03-19,649.97,residential,India
1,2051-03-20,662.98,residential,India
1,2051-03-21,663.33,residential,India
1,2051-03-22,681.02,residential,India
1,2051-03-23,688.14,residential,India
1,2051-03-24,682.73,residential,India
1,2051-03-25,682.38,residential,India
1,2051-03-26,663.88,residential,India
1,2051-03-27,691.47,residential,India
1,2051-03-28,705.51,residential,India
1,2051-03-29,716.42,residential,India
1,2051-03-30,660.89,residential,India
1,2051-03-31,684.92,residential,India
1,2051-04-01,678.85,residential,India
1,2051-04-02,651.02,residential,India
1,2051-04-03,675.4,residential,India
1,2051-04-04,679.26,residential,India
1,2051-04-05,662.61,residential,India
1,2051-04-06,704.27,residential,India
1,2051-04-07,661.31,residential,India
1,2051-04-08,651.27,residential,India
1,2051-04-09,671.6,residential,India
1,2051-04-10,668.12,residential,India
1,2051-04-11,682.59,residential,India
1,2051-04-12,691.17,residential,India
1,2051-04-13,677.34,residential,India
1,2051-04-14,640.02,residential,India
1,2051-04-15,687.82,residential,India
1,2051-04-16,682.0,residential,India
1,2051-04-17,695.28,residential,India
1,2051-04-18,679.12,residential,India
1,2051-04-19,685.54,residential,India
1,2051-04-20,675.75,residential,India
1,2051-04-21,675.23,residential,India
1,2051-04-22,692.37,residential,India
1,2051-04-23,665.76,residential,India
1,2051-04-24,685.3,residential,India
1,2051-04-25,677.21,residential,India
1,2051-04-26,674.95,residential,India
1,2051-04-27,668.32,residential,India
1,2051-04-28,660.38,residential,India
1,2051-04-29,689.21,residential,India
1,2051-04-30,670.83,residential,India
1,2051-05-01,661.44,residential,India
1,2051-05-02,627.2,residential,India
1,2051-05-03,652.7,residential,India
1,2051-05-04,662.26,residential,India
1,2051-05-05,640.88,residential,India
1,2051-05-06,664.69,residential,India
1,2051-05-07,687.6,residential,India
1,2051-05-08,672.2,residential,India
1,2051-05-09,676.71,residential,India
1,2051-05-10,639.54,residential,India
1,2051-05-11,701.86,residential,India
1,2051-05-12,650.28,residential,India
1,2051-05-13,670.12,residential,India
1,2051-05-14,658.18,residential,India
1,2051-05-15,652.81,residential,India
1,2051-05-16,675.8,residential,India
1,2051-05-17,643.37,residential,India
1,2051-05-18,660.49,residential,India
1,2051-05-19,685.02,residential,India
1,2051-05-20,647.16,residential,India
1,2051-05-21,686.3,residential,India
1,2051-05-22,646.91,residential,India
1,2051-05-23,673.96,residential,India
1,2051-05-24,655.87,residential,India
1,2051-05-25,684.58,residential,India
1,2051-05-26,630.06,residential,India
1,2051-05-27,692.45,residential,India
1,2051-05-28,692.99,residential,India
1,2051-05-29,632.96,residential,India
1,2051-05-30,634.49,residential,India
1,2051-05-31,690.72,residential,India
1,2051-06-01,647.6,residential,India
1,2051-06-02,649.92,residential,India
1,2051-06-03,654.49,residential,India
1,2051-06-04,672.37,residential,India
1,2051-06-05,645.43,residential,India
1,2051-06-06,733.25,residential,India
1,2051-06-07,661.39,residential,India
1,2051-06-08,678.62,residential,India
1,2051-06-09,672.7,residential,India
1,2051-06-10,660.36,residential,India
1,2051-06-11,669.41,residential,India
1,2051-06-12,687.08,residential,India
1,2051-06-13,650.42,residential,India
1,2051-06-14,680.43,residential,India
1,2051-06-15,674.44,residential,India
1,2051-06-16,664.04,residential,India
1,2051-06-17,681.86,residential,India
1,2051-06-18,684.58,residential,India
1,2051-06-19,706.58,residential,India
1,2051-06-20,671.95,residential,India
1,2051-06-21,640.55,residential,India
1,2051-06-22,658.26,residential,India
1,2051-06-23,682.82,residential,India
1,2051-06-24,679.35,residential,India
1,2051-06-25,685.41,residential,India
1,2051-06-26,661.55,residential,India
1,2051-06-27,681.19,residential,India
1,2051-06-28,663.84,residential,India
1,2051-06-29,677.62,residential,India
1,2051-06-30,674.94,residential,India
1,2051-07-01,684.51,residential,India
1,2051-07-02,659.26,residential,India
1,2051-07-03,657.92,residential,India
1,2051-07-04,694.75,residential,India
1,2051-07-05,716.69,residential,India
1,2051-07-06,662.23,residential,India
1,2051-07-07,675.79,residential,India
1,2051-07-08,682.38,residential,India
1,2051-07-09,689.2,residential,India
1,2051-07-10,629.19,residential,India
1,2051-07-11,670.86,residential,India
1,2051-07-12,622.65,residential,India
1,2051-07-13,700.23,residential,India
1,2051-07-14,679.63,residential,India
1,2051-07-15,653.8,residential,India
1,2051-07-16,682.86,residential,India
1,2051-07-17,639.64,residential,India
1,2051-07-18,658.7,residential,India
1,2051-07-19,640.62,residential,India
1,2051-07-20,656.04,residential,India
1,2051-07-21,688.71,residential,India
1,2051-07-22,669.9,residential,India
1,2051-07-23,658.43,residential,India
1,2051-07-24,658.99,residential,India
1,2051-07-25,643.15,residential,India
1,2051-07-26,639.13,residential,India
1,2051-07-27,659.1,residential,India
1,2051-07-28,634.8,residential,India
1,2051-07-29,658.04,residential,India
1,2051-07-30,679.59,residential,India
1,2051-07-31,670.65,residential,India
1,2051-08-01,677.64,residential,India
1,2051-08-02,659.49,residential,India
1,2051-08-03,624.43,residential,India
1,2051-08-04,641.95,residential,India
1,2051-08-05,673.09,residential,India
1,2051-08-06,670.13,residential,India
1,2051-08-07,665.47,residential,India
1,2051-08-08,656.93,residential,India
1,2051-08-09,690.0,residential,India
1,2051-08-10,655.76,residential,India
1,2051-08-11,665.44,residential,India
1,2051-08-12,666.61,residential,India
1,2051-08-13,663.62,residential,India
1,2051-08-14,666.89,residential,India
1,2051-08-15,637.6,residential,India
1,2051-08-16,657.14,residential,India
1,2051-08-17,637.66,residential,India
1,2051-08-18,640.64,residential,India
1,2051-08-19,640.7,residential,India
1,2051-08-20,655.31,residential,India
1,2051-08-21,675.67,residential,India
1,2051-08-22,724.69,residential,India
1,2051-08-23,665.31,residential,India
1,2051-08-24,649.33,residential,India
1,2051-08-25,637.88,residential,India
1,2051-08-26,685.8,residential,India
1,2051-08-27,680.76,residential,India
1,2051-08-28,660.3,residential,India
1,2051-08-29,657.02,residential,India
1,2051-08-30,634.25,residential,India
1,2051-08-31,640.28,residential,India
1,2051-09-01,631.49,residential,India
1,2051-09-02,660.83,residential,India
1,2051-09-03,617.86,residential,India
1,2051-09-04,661.51,residential,India
1,2051-09-05,649.1,residential,India
1,2051-09-06,695.16,residential,India
1,2051-09-07,661.92,residential,India
1,2051-09-08,660.65,residential,India
1,2051-09-09,622.34,residential,India
1,2051-09-10,669.03,residential,India
1,2051-09-11,664.18,residential,India
1,2051-09-12,687.61,residential,India
1,2051-09-13,640.67,residential,India
1,2051-09-14,644.18,residential,India
1,2051-09-15,658.74,residential,India
1,2051-09-16,668.72,residential,India
1,2051-09-17,625.7,residential,India
1,2051-09-18,649.06,residential,India
1,2051-09-19,660.93,residential,India
1,2051-09-20,646.15,residential,India
1,2051-09-21,661.67,residential,India
1,2051-09-22,690.84,residential,India
1,2051-09-23,669.48,residential,India
1,2051-09-24,629.79,residential,India
1,2051-09-25,662.18,residential,India
1,2051-09-26,702.01,residential,India
1,2051-09-27,645.32,residential,India
1,2051-09-28,654.92,residential,India
1,2051-09-29,673.44,residential,India
1,2051-09-30,644.68,residential,India
1,2051-10-01,650.24,residential,India
1,2051-10-02,663.79,residential,India
1,2051-10-03,663.7,residential,India
1,2051-10-04,696.39,residential,India
1,2051-10-05,669.56,residential,India
1,2051-10-06,670.36,residential,India
1,2051-10-07,672.37,residential,India
1,2051-10-08,629.27,residential,India
1,2051-10-09,630.17,residential,India
1,2051-10-10,637.61,residential,India
1,2051-10-11,658.82,residential,India
1,2051-10-12,668.52,residential,India
1,2051-10-13,674.54,residential,India
1,2051-10-14,675.31,residential,India
1,2051-10-15,687.84,residential,India
1,2051-10-16,677.28,residential,India
1,2051-10-17,651.61,residential,India
1,2051-10-18,691.65,residential,India
1,2051-10-19,624.86,residential,India
1,2051-10-20,660.23,residential,India
1,2051-10-21,668.3,residential,India
1,2051-10-22,644.79,residential,India
1,2051-10-23,675.11,residential,India
1,2051-10-24,644.29,residential,India
1,2051-10-25,646.54,residential,India
1,2051-10-26,645.37,residential,India
1,2051-10-27,660.74,residential,India
1,2051-10-28,656.36,residential,India
1,2051-10-29,683.02,residential,India
1,2051-10-30,674.91,residential,India
1,2051-10-31,668.85,residential,India
1,2051-11-01,662.57,residential,India
1,2051-11-02,652.44,residential,India
1,2051-11-03,670.34,residential,India
1,2051-11-04,646.77,residential,India
1,2051-11-05,675.41,residential,India
1,2051-11-06,649.83,residential,India
1,2051-11-07,659.62,residential,India
1,2051-11-08,682.27,residential,India
1,2051-11-09,642.72,residential,India
1,2051-11-10,676.21,residential,India
1,2051-11-11,638.51,residential,India
1,2051-11-12,660.55,residential,India
1,2051-11-13,647.38,residential,India
1,2051-11-14,681.71,residential,India
1,2051-11-15,671.4,residential,India
1,2051-11-16,688.77,residential,India
1,2051-11-17,638.67,residential,India
1,2051-11-18,623.1,residential,India
1,2051-11-19,669.86,residential,India
1,2051-11-20,643.31,residential,India
1,2051-11-21,662.41,residential,India
1,2051-11-22,659.52,residential,India
1,2051-11-23,635.13,residential,India
1,2051-11-24,648.91,residential,India
1,2051-11-25,689.43,residential,India
1,2051-11-26,644.07,residential,India
1,2051-11-27,685.19,residential,India
1,2051-11-28,649.57,residential,India
1,2051-11-29,637.43,residential,India
1,2051-11-30,658.43,residential,India
1,2051-12-01,678.15,residential,India
1,2051-12-02,703.36,residential,India
1,2051-12-03,670.8,residential,India
1,2051-12-04,646.01,residential,India
1,2051-12-05,663.48,residential,India
1,2051-12-06,692.56,residential,India
1,2051-12-07,666.06,residential,India
1,2051-12-08,660.38,residential,India
1,2051-12-09,652.84,residential,India
1,2051-12-10,675.07,residential,India
1,2051-12-11,689.78,residential,India
1,2051-12-12,657.33,residential,India
1,2051-12-13,669.13,residential,India
1,2051-12-14,660.73,residential,India
1,2051-12-15,672.64,residential,India
1,2051-12-16,664.53,residential,India
1,2051-12-17,663.41,residential,India
1,2051-12-18,639.54,residential,India
1,2051-12-19,679.54,residential,India
1,2051-12-20,687.05,residential,India
1,2051-12-21,669.6,residential,India
1,2051-12-22,665.88,residential,India
1,2051-12-23,669.28,residential,India
1,2051-12-24,670.84,residential,India
1,2051-12-25,661.81,residential,India
1,2051-12-26,663.28,residential,India
1,2051-12-27,668.97,residential,India
1,2051-12-28,676.31,residential,India
1,2051-12-29,652.95,residential,India
1,2051-12-30,651.86,residential,India
1,2051-12-31,667.28,residential,India
1,2052-01-01,654.78,residential,India
1,2052-01-02,663.8,residential,India
1,2052-01-03,679.81,residential,India
1,2052-01-04,656.58,residential,India
1,2052-01-05,666.41,residential,India
1,2052-01-06,701.59,residential,India
1,2052-01-07,672.87,residential,India
1,2052-01-08,689.12,residential,India
1,2052-01-09,663.05,residential,India
1,2052-01-10,660.52,residential,India
1,2052-01-11,657.39,residential,India
1,2052-01-12,662.82,residential,India
1,2052-01-13,642.28,residential,India
1,2052-01-14,686.96,residential,India
1,2052-01-15,659.05,residential,India
1,2052-01-16,648.49,residential,India
1,2052-01-17,664.47,residential,India
1,2052-01-18,671.02,residential,India
1,2052-01-19,706.09,residential,India
1,2052-01-20,651.73,residential,India
1,2052-01-21,682.42,residential,India
1,2052-01-22,682.41,residential,India
1,2052-01-23,672.22,residential,India
1,2052-01-24,697.09,residential,India
1,2052-01-25,687.31,residential,India
1,2052-01-26,654.9,residential,India
1,2052-01-27,706.05,residential,India
1,2052-01-28,670.11,residential,India
1,2052-01-29,624.59,residential,India
1,2052-01-30,704.65,residential,India
1,2052-01-31,613.68,residential,India
1,2052-02-01,671.34,residential,India
1,2052-02-02,633.14,residential,India
1,2052-02-03,643.08,residential,India
1,2052-02-04,655.36,residential,India
1,2052-02-05,639.4,residential,India
1,2052-02-06,652.16,residential,India
1,2052-02-07,660.89,residential,India
1,2052-02-08,643.97,residential,India
1,2052-02-09,664.31,residential,India
1,2052-02-10,624.69,residential,India
1,2052-02-11,700.08,residential,India
1,2052-02-12,649.43,residential,India
1,2052-02-13,699.3,residential,India
1,2052-02-14,666.38,residential,India
1,2052-02-15,693.93,residential,India
1,2052-02-16,704.23,residential,India
1,2052-02-17,677.92,residential,India
1,2052-02-18,703.35,residential,India
1,2052-02-19,704.82,residential,India
1,2052-02-20,693.26,residential,India
1,2052-02-21,670.46,residential,India
1,2052-02-22,671.01,residential,India
1,2052-02-23,643.76,residential,India
1,2052-02-24,694.13,residential,India
1,2052-02-25,709.87,residential,India
1,2052-02-26,678.01,residential,India
1,2052-02-27,687.88,residential,India
1,2052-02-28,700.27,residential,India
1,2052-02-29,664.7,residential,India
1,2052-03-01,649.57,residential,India
1,2052-03-02,668.56,residential,India
1,2052-03-03,667.87,residential,India
1,2052-03-04,682.43,residential,India
1,2052-03-05,643.49,residential,India
1,2052-03-06,695.45,residential,India
1,2052-03-07,651.47,residential,India
1,2052-03-08,665.14,residential,India
1,2052-03-09,714.5,residential,India
1,2052-03-10,691.06,residential,India
1,2052-03-11,650.59,residential,India
1,2052-03-12,687.13,residential,India
1,2052-03-13,669.06,residential,India
1,2052-03-14,656.07,residential,India
1,2052-03-15,675.24,residential,India
1,2052-03-16,664.29,residential,India
1,2052-03-17,679.55,residential,India
1,2052-03-18,684.06,residential,India
1,2052-03-19,651.74,residential,India
1,2052-03-20,671.77,residential,India
1,2052-03-21,670.55,residential,India
1,2052-03-22,682.29,residential,India
1,2052-03-23,691.64,residential,India
1,2052-03-24,660.16,residential,India
1,2052-03-25,674.62,residential,India
1,2052-03-26,635.22,residential,India
1,2052-03-27,674.14,residential,India
1,2052-03-28,659.26,residential,India
1,2052-03-29,647.77,residential,India
1,2052-03-30,660.33,residential,India
1,2052-03-31,680.34,residential,India
1,2052-04-01,672.08,residential,India
1,2052-04-02,686.38,residential,India
1,2052-04-03,692.82,residential,India
1,2052-04-04,643.8,residential,India
1,2052-04-05,698.97,residential,India
1,2052-04-06,661.85,residential,India
1,2052-04-07,667.72,residential,India
1,2052-04-08,622.76,residential,India
1,2052-04-09,671.47,residential,India
1,2052-04-10,687.97,residential,India
1,2052-04-11,680.3,residential,India
1,2052-04-12,704.0,residential,India
1,2052-04-13,697.86,residential,India
1,2052-04-14,664.76,residential,India
1,2052-04-15,699.29,residential,India
1,2052-04-16,698.04,residential,India
1,2052-04-17,667.07,residential,India
1,2052-04-18,714.93,residential,India
1,2052-04-19,674.1,residential,India
1,2052-04-20,678.55,residential,India
1,2052-04-21,659.38,residential,India
1,2052-04-22,699.35,residential,India
1,2052-04-23,668.8,residential,India
1,2052-04-24,678.07,residential,India
1,2052-04-25,699.11,residential,India
1,2052-04-26,684.65,residential,India
1,2052-04-27,703.02,residential,India
1,2052-04-28,693.9,residential,India
1,2052-04-29,682.94,residential,India
1,2052-04-30,662.65,residential,India
1,2052-05-01,684.67,residential,India
1,2052-05-02,729.05,residential,India
1,2052-05-03,698.97,residential,India
1,2052-05-04,686.65,residential,India
1,2052-05-05,676.23,residential,India
1,2052-05-06,654.66,residential,India
1,2052-05-07,698.76,residential,India
1,2052-05-08,667.92,residential,India
1,2052-05-09,713.41,residential,India
1,2052-05-10,699.33,residential,India
1,2052-05-11,697.34,residential,India
1,2052-05-12,689.41,residential,India
1,2052-05-13,709.61,residential,India
1,2052-05-14,669.45,residential,India
1,2052-05-15,679.98,residential,India
1,2052-05-16,693.21,residential,India
1,2052-05-17,673.52,residential,India
1,2052-05-18,708.72,residential,India
1,2052-05-19,693.56,residential,India
1,2052-05-20,691.92,residential,India
1,2052-05-21,660.44,residential,India
1,2052-05-22,659.68,residential,India
1,2052-05-23,680.4,residential,India
1,2052-05-24,667.54,residential,India
1,2052-05-25,663.42,residential,India
1,2052-05-26,675.3,residential,India
1,2052-05-27,679.63,residential,India
1,2052-05-28,672.15,residential,India
1,2052-05-29,666.01,residential,India
1,2052-05-30,652.86,residential,India
1,2052-05-31,683.95,residential,India
1,2052-06-01,727.9,residential,India
1,2052-06-02,650.19,residential,India
1,2052-06-03,700.13,residential,India
1,2052-06-04,684.98,residential,India
1,2052-06-05,667.26,residential,India
1,2052-06-06,677.8,residential,India
1,2052-06-07,710.19,residential,India
1,2052-06-08,676.73,residential,India
1,2052-06-09,693.05,residential,India
1,2052-06-10,665.05,residential,India
1,2052-06-11,678.35,residential,India
1,2052-06-12,707.44,residential,India
1,2052-06-13,667.53,residential,India
1,2052-06-14,697.5,residential,India
1,2052-06-15,669.42,residential,India
1,2052-06-16,656.88,residential,India
1,2052-06-17,703.99,residential,India
1,2052-06-18,674.05,residential,India
1,2052-06-19,696.07,residential,India
1,2052-06-20,694.62,residential,India
1,2052-06-21,641.46,residential,India
1,2052-06-22,644.4,residential,India
1,2052-06-23,703.63,residential,India
1,2052-06-24,671.01,residential,India
1,2052-06-25,697.91,residential,India
1,2052-06-26,691.75,residential,India
1,2052-06-27,715.54,residential,India
1,2052-06-28,667.09,residential,India
1,2052-06-29,665.17,residential,India
1,2052-06-30,748.23,residential,India
1,2052-07-01,670.4,residential,India
1,2052-07-02,710.56,residential,India
1,2052-07-03,665.57,residential,India
1,2052-07-04,666.72,residential,India
1,2052-07-05,658.51,residential,India
1,2052-07-06,696.49,residential,India
1,2052-07-07,711.7,residential,India
1,2052-07-08,670.03,residential,India
1,2052-07-09,698.36,residential,India
1,2052-07-10,699.66,residential,India
1,2052-07-11,694.26,residential,India
1,2052-07-12,700.16,residential,India
1,2052-07-13,688.9,residential,India
1,2052-07-14,680.09,residential,India
1,2052-07-15,717.7,residential,India
1,2052-07-16,686.46,residential,India
1,2052-07-17,717.27,residential,India
1,2052-07-18,667.07,residential,India
1,2052-07-19,666.99,residential,India
1,2052-07-20,715.57,residential,India
1,2052-07-21,702.7,residential,India
1,2052-07-22,695.47,residential,India
1,2052-07-23,676.47,residential,India
1,2052-07-24,696.2,residential,India
1,2052-07-25,677.13,residential,India
1,2052-07-26,702.3,residential,India
1,2052-07-27,742.85,residential,India
1,2052-07-28,717.73,residential,India
1,2052-07-29,707.23,residential,India
1,2052-07-30,687.68,residential,India
1,2052-07-31,762.36,residential,India
1,2052-08-01,688.71,residential,India
1,2052-08-02,703.86,residential,India
1,2052-08-03,684.75,residential,India
1,2052-08-04,661.63,residential,India
1,2052-08-05,703.0,residential,India
1,2052-08-06,731.52,residential,India
1,2052-08-07,714.75,residential,India
1,2052-08-08,704.52,residential,India
1,2052-08-09,683.89,residential,India
1,2052-08-10,703.08,residential,India
1,2052-08-11,672.09,residential,India
1,2052-08-12,670.64,residential,India
1,2052-08-13,737.97,residential,India
1,2052-08-14,705.21,residential,India
1,2052-08-15,656.23,residential,India
1,2052-08-16,691.84,residential,India
1,2052-08-17,702.24,residential,India
1,2052-08-18,735.25,residential,India
1,2052-08-19,699.15,residential,India
1,2052-08-20,722.1,residential,India
1,2052-08-21,713.12,residential,India
1,2052-08-22,708.52,residential,India
1,2052-08-23,694.79,residential,India
1,2052-08-24,684.88,residential,India
1,2052-08-25,677.55,residential,India
1,2052-08-26,698.68,residential,India
1,2052-08-27,671.22,residential,India
1,2052-08-28,690.75,residential,India
1,2052-08-29,704.8,residential,India
1,2052-08-30,713.95,residential,India
1,2052-08-31,679.77,residential,India
1,2052-09-01,710.24,residential,India
1,2052-09-02,717.53,residential,India
1,2052-09-03,738.57,residential,India
1,2052-09-04,688.31,residential,India
1,2052-09-05,734.42,residential,India
1,2052-09-06,703.27,residential,India
1,2052-09-07,669.46,residential,India
1,2052-09-08,711.16,residential,India
1,2052-09-09,729.33,residential,India
1,2052-09-10,708.34,residential,India
1,2052-09-11,705.26,residential,India
1,2052-09-12,703.13,residential,India
1,2052-09-13,695.75,residential,India
1,2052-09-14,702.91,residential,India
1,2052-09-15,718.09,residential,India
1,2052-09-16,708.8,residential,India
1,2052-09-17,697.85,residential,India
1,2052-09-18,693.18,residential,India
1,2052-09-19,695.52,residential,India
1,2052-09-20,732.01,residential,India
1,2052-09-21,716.91,residential,India
1,2052-09-22,722.01,residential,India
1,2052-09-23,725.29,residential,India
1,2052-09-24,707.84,residential,India
1,2052-09-25,701.48,residential,India
1,2052-09-26,749.63,residential,India
1,2052-09-27,758.43,residential,India
1,2052-09-28,719.82,residential,India
1,2052-09-29,720.25,residential,India
1,2052-09-30,708.95,residential,India
1,2052-10-01,702.57,residential,India
1,2052-10-02,699.71,residential,India
1,2052-10-03,698.97,residential,India
1,2052-10-04,716.18,residential,India
1,2052-10-05,693.15,residential,India
1,2052-10-06,706.52,residential,India
1,2052-10-07,712.06,residential,India
1,2052-10-08,687.18,residential,India
1,2052-10-09,732.23,residential,India
1,2052-10-10,721.44,residential,India
1,2052-10-11,696.52,residential,India
1,2052-10-12,684.47,residential,India
1,2052-10-13,662.37,residential,India
1,2052-10-14,709.2,residential,India
1,2052-10-15,725.32,residential,India
1,2052-10-16,744.39,residential,India
1,2052-10-17,698.57,residential,India
1,2052-10-18,716.92,residential,India
1,2052-10-19,703.31,residential,India
1,2052-10-20,697.31,residential,India
1,2052-10-21,728.52,residential,India
1,2052-10-22,724.4,residential,India
1,2052-10-23,730.43,residential,India
1,2052-10-24,718.29,residential,India
1,2052-10-25,720.18,residential,India
1,2052-10-26,730.56,residential,India
1,2052-10-27,737.8,residential,India
1,2052-10-28,724.66,residential,India
1,2052-10-29,723.45,residential,India
1,2052-10-30,691.34,residential,India
1,2052-10-31,701.07,residential,India
1,2052-11-01,721.33,residential,India
1,2052-11-02,707.65,residential,India
1,2052-11-03,707.26,residential,India
1,2052-11-04,720.87,residential,India
1,2052-11-05,718.56,residential,India
1,2052-11-06,708.86,residential,India
1,2052-11-07,740.0,residential,India
1,2052-11-08,716.31,residential,India
1,2052-11-09,723.25,residential,India
1,2052-11-10,723.48,residential,India
1,2052-11-11,748.5,residential,India
1,2052-11-12,699.7,residential,India
1,2052-11-13,681.58,residential,India
1,2052-11-14,687.55,residential,India
1,2052-11-15,733.56,residential,India
1,2052-11-16,717.65,residential,India
1,2052-11-17,720.97,residential,India
1,2052-11-18,705.57,residential,India
1,2052-11-19,688.68,residential,India
1,2052-11-20,719.64,residential,India
1,2052-11-21,733.06,residential,India
1,2052-11-22,722.94,residential,India
1,2052-11-23,695.91,residential,India
1,2052-11-24,731.98,residential,India
1,2052-11-25,696.64,residential,India
1,2052-11-26,726.66,residential,India
1,2052-11-27,739.95,residential,India
1,2052-11-28,715.15,residential,India
1,2052-11-29,725.74,residential,India
1,2052-11-30,717.58,residential,India
1,2052-12-01,708.95,residential,India
1,2052-12-02,759.49,residential,India
1,2052-12-03,739.0,residential,India
1,2052-12-04,692.18,residential,India
1,2052-12-05,735.45,residential,India
1,2052-12-06,713.5,residential,India
1,2052-12-07,719.24,residential,India
1,2052-12-08,710.13,residential,India
1,2052-12-09,721.16,residential,India
1,2052-12-10,764.91,residential,India
1,2052-12-11,687.47,residential,India
1,2052-12-12,743.6,residential,India
1,2052-12-13,739.42,residential,India
1,2052-12-14,713.35,residential,India
1,2052-12-15,726.31,residential,India
1,2052-12-16,732.41,residential,India
1,2052-12-17,733.04,residential,India
1,2052-12-18,767.2,residential,India
1,2052-12-19,733.7,residential,India
1,2052-12-20,756.02,residential,India
1,2052-12-21,705.17,residential,India
1,2052-12-22,716.54,residential,India
1,2052-12-23,730.18,residential,India
1,2052-12-24,743.39,residential,India
1,2052-12-25,700.03,residential,India
1,2052-12-26,746.96,residential,India
1,2052-12-27,735.28,residential,India
1,2052-12-28,757.8,residential,India
1,2052-12-29,731.82,residential,India
1,2052-12-30,750.26,residential,India
1,2052-12-31,707.72,residential,India
1,2053-01-01,757.17,residential,India
1,2053-01-02,708.17,residential,India
1,2053-01-03,724.76,residential,India
1,2053-01-04,723.42,residential,India
1,2053-01-05,721.53,residential,India
1,2053-01-06,733.29,residential,India
1,2053-01-07,749.15,residential,India
1,2053-01-08,717.16,residential,India
1,2053-01-09,743.91,residential,India
1,2053-01-10,758.74,residential,India
1,2053-01-11,763.15,residential,India
1,2053-01-12,765.83,residential,India
1,2053-01-13,750.31,residential,India
1,2053-01-14,750.18,residential,India
1,2053-01-15,703.24,residential,India
1,2053-01-16,737.32,residential,India
1,2053-01-17,706.85,residential,India
1,2053-01-18,740.53,residential,India
1,2053-01-19,740.48,residential,India
1,2053-01-20,726.74,residential,India
1,2053-01-21,755.62,residential,India
1,2053-01-22,770.78,residential,India
1,2053-01-23,788.39,residential,India
1,2053-01-24,753.34,residential,India
1,2053-01-25,708.56,residential,India
1,2053-01-26,716.56,residential,India
1,2053-01-27,739.42,residential,India
1,2053-01-28,728.41,residential,India
1,2053-01-29,745.93,residential,India
1,2053-01-30,747.04,residential,India
1,2053-01-31,777.26,residential,India
1,2053-02-01,740.05,residential,India
1,2053-02-02,734.54,residential,India
1,2053-02-03,745.84,residential,India
1,2053-02-04,754.32,residential,India
1,2053-02-05,728.11,residential,India
1,2053-02-06,757.21,residential,India
1,2053-02-07,726.22,residential,India
1,2053-02-08,736.85,residential,India
1,2053-02-09,743.93,residential,India
1,2053-02-10,738.2,residential,India
1,2053-02-11,725.47,residential,India
1,2053-02-12,751.67,residential,India
1,2053-02-13,745.94,residential,India
1,2053-02-14,715.03,residential,India
1,2053-02-15,737.77,residential,India
1,2053-02-16,731.7,residential,India
1,2053-02-17,735.45,residential,India
1,2053-02-18,739.65,residential,India
1,2053-02-19,750.27,residential,India
1,2053-02-20,717.16,residential,India
1,2053-02-21,746.79,residential,India
1,2053-02-22,740.47,residential,India
1,2053-02-23,736.97,residential,India
1,2053-02-24,726.72,residential,India
1,2053-02-25,769.15,residential,India
1,2053-02-26,737.61,residential,India
1,2053-02-27,713.67,residential,India
1,2053-02-28,760.15,residential,India
1,2053-03-01,744.0,residential,India
1,2053-03-02,780.41,residential,India
1,2053-03-03,768.23,residential,India
1,2053-03-04,764.5,residential,India
1,2053-03-05,713.38,residential,India
1,2053-03-06,794.84,residential,India
1,2053-03-07,740.97,residential,India
1,2053-03-08,735.39,residential,India
1,2053-03-09,734.1,residential,India
1,2053-03-10,761.98,residential,India
1,2053-03-11,741.28,residential,India
1,2053-03-12,736.06,residential,India
1,2053-03-13,752.74,residential,India
1,2053-03-14,729.78,residential,India
1,2053-03-15,736.94,residential,India
1,2053-03-16,750.85,residential,India
1,2053-03-17,776.93,residential,India
1,2053-03-18,724.84,residential,India
1,2053-03-19,738.36,residential,India
1,2053-03-20,758.42,residential,India
1,2053-03-21,750.33,residential,India
1,2053-03-22,727.75,residential,India
1,2053-03-23,734.96,residential,India
1,2053-03-24,752.12,residential,India
1,2053-03-25,768.8,residential,India
1,2053-03-26,757.31,residential,India
1,2053-03-27,757.86,residential,India
1,2053-03-28,747.1,residential,India
1,2053-03-29,731.53,residential,India
1,2053-03-30,764.1,residential,India
1,2053-03-31,766.79,residential,India
1,2053-04-01,760.4,residential,India
1,2053-04-02,739.82,residential,India
1,2053-04-03,765.23,residential,India
1,2053-04-04,739.34,residential,India
1,2053-04-05,755.52,residential,India
1,2053-04-06,745.63,residential,India
1,2053-04-07,734.04,residential,India
1,2053-04-08,758.5,residential,India
1,2053-04-09,754.92,residential,India
1,2053-04-10,780.21,residential,India
1,2053-04-11,774.65,residential,India
1,2053-04-12,765.46,residential,India
1,2053-04-13,758.51,residential,India
1,2053-04-14,747.66,residential,India
1,2053-04-15,781.72,residential,India
1,2053-04-16,767.91,residential,India
1,2053-04-17,780.38,residential,India
1,2053-04-18,736.2,residential,India
1,2053-04-19,759.9,residential,India
1,2053-04-20,764.51,residential,India
1,2053-04-21,739.88,residential,India
1,2053-04-22,780.49,residential,India
1,2053-04-23,790.77,residential,India
1,2053-04-24,764.7,residential,India
1,2053-04-25,763.51,residential,India
1,2053-04-26,753.67,residential,India
1,2053-04-27,774.84,residential,India
1,2053-04-28,780.6,residential,India
1,2053-04-29,792.46,residential,India
1,2053-04-30,802.16,residential,India
1,2053-05-01,745.2,residential,India
1,2053-05-02,769.69,residential,India
1,2053-05-03,780.6,residential,India
1,2053-05-04,749.07,residential,India
1,2053-05-05,737.72,residential,India
1,2053-05-06,773.57,residential,India
1,2053-05-07,782.94,residential,India
1,2053-05-08,718.32,residential,India
1,2053-05-09,750.92,residential,India
1,2053-05-10,773.58,residential,India
1,2053-05-11,776.28,residential,India
1,2053-05-12,766.06,residential,India
1,2053-05-13,754.05,residential,India
1,2053-05-14,749.33,residential,India
1,2053-05-15,764.13,residential,India
1,2053-05-16,745.37,residential,India
1,2053-05-17,782.43,residential,India
1,2053-05-18,784.88,residential,India
1,2053-05-19,758.49,residential,India
1,2053-05-20,805.69,residential,India
1,2053-05-21,760.99,residential,India
1,2053-05-22,766.03,residential,India
1,2053-05-23,773.2,residential,India
1,2053-05-24,766.32,residential,India
1,2053-05-25,734.59,residential,India
1,2053-05-26,770.42,residential,India
1,2053-05-27,776.72,residential,India
1,2053-05-28,798.19,residential,India
1,2053-05-29,728.46,residential,India
1,2053-05-30,752.08,residential,India
1,2053-05-31,766.3,residential,India
1,2053-06-01,746.82,residential,India
1,2053-06-02,791.43,residential,India
1,2053-06-03,770.68,residential,India
1,2053-06-04,775.02,residential,India
1,2053-06-05,780.87,residential,India
1,2053-06-06,729.81,residential,India
1,2053-06-07,754.53,residential,India
1,2053-06-08,735.34,residential,India
1,2053-06-09,792.59,residential,India
1,2053-06-10,772.86,residential,India
1,2053-06-11,770.73,residential,India
1,2053-06-12,767.0,residential,India
1,2053-06-13,775.1,residential,India
1,2053-06-14,753.79,residential,India
1,2053-06-15,766.24,residential,India
1,2053-06-16,783.67,residential,India
1,2053-06-17,752.71,residential,India
1,2053-06-18,762.05,residential,India
1,2053-06-19,763.77,residential,India
1,2053-06-20,739.75,residential,India
1,2053-06-21,783.26,residential,India
1,2053-06-22,767.67,residential,India
1,2053-06-23,788.4,residential,India
1,2053-06-24,756.37,residential,India
1,2053-06-25,758.23,residential,India
1,2053-06-26,731.75,residential,India
1,2053-06-27,769.03,residential,India
1,2053-06-28,780.04,residential,India
1,2053-06-29,775.7,residential,India
1,2053-06-30,758.68,residential,India
1,2053-07-01,795.49,residential,India
1,2053-07-02,774.32,residential,India
1,2053-07-03,793.0,residential,India
1,2053-07-04,778.31,residential,India
1,2053-07-05,768.36,residential,India
1,2053-07-06,751.45,residential,India
1,2053-07-07,785.61,residential,India
1,2053-07-08,790.82,residential,India
1,2053-07-09,776.41,residential,India
1,2053-07-10,749.7,residential,India
1,2053-07-11,759.16,residential,India
1,2053-07-12,764.11,residential,India
1,2053-07-13,754.13,residential,India
1,2053-07-14,767.1,residential,India
1,2053-07-15,747.72,residential,India
1,2053-07-16,779.57,residential,India
1,2053-07-17,817.78,residential,India
1,2053-07-18,722.88,residential,India
1,2053-07-19,800.14,residential,India
1,2053-07-20,778.38,residential,India
1,2053-07-21,770.86,residential,India
1,2053-07-22,778.77,residential,India
1,2053-07-23,738.46,residential,India
1,2053-07-24,781.15,residential,India
1,2053-07-25,812.4,residential,India
1,2053-07-26,783.93,residential,India
1,2053-07-27,798.64,residential,India
1,2053-07-28,788.88,residential,India
1,2053-07-29,745.26,residential,India
1,2053-07-30,795.86,residential,India
1,2053-07-31,738.68,residential,India
1,2053-08-01,806.01,residential,India
1,2053-08-02,779.3,residential,India
1,2053-08-03,756.52,residential,India
1,2053-08-04,783.82,residential,India
1,2053-08-05,761.24,residential,India
1,2053-08-06,814.34,residential,India
1,2053-08-07,783.22,residential,India
1,2053-08-08,788.91,residential,India
1,2053-08-09,770.02,residential,India
1,2053-08-10,777.25,residential,India
1,2053-08-11,798.66,residential,India
1,2053-08-12,784.22,residential,India
1,2053-08-13,768.25,residential,India
1,2053-08-14,742.21,residential,India
1,2053-08-15,792.0,residential,India
1,2053-08-16,755.47,residential,India
1,2053-08-17,771.07,residential,India
1,2053-08-18,787.05,residential,India
1,2053-08-19,784.2,residential,India
1,2053-08-20,783.16,residential,India
1,2053-08-21,748.74,residential,India
1,2053-08-22,769.53,residential,India
1,2053-08-23,809.54,residential,India
1,2053-08-24,752.46,residential,India
1,2053-08-25,758.36,residential,India
1,2053-08-26,756.15,residential,India
1,2053-08-27,779.4,residential,India
1,2053-08-28,790.11,residential,India
1,2053-08-29,770.71,residential,India
1,2053-08-30,789.81,residential,India
1,2053-08-31,763.18,residential,India
1,2053-09-01,768.84,residential,India
1,2053-09-02,771.36,residential,India
1,2053-09-03,795.96,residential,India
1,2053-09-04,786.67,residential,India
1,2053-09-05,756.53,residential,India
1,2053-09-06,764.92,residential,India
1,2053-09-07,783.61,residential,India
1,2053-09-08,760.15,residential,India
1,2053-09-09,793.76,residential,India
1,2053-09-10,770.97,residential,India
1,2053-09-11,749.2,residential,India
1,2053-09-12,810.92,residential,India
1,2053-09-13,783.94,residential,India
1,2053-09-14,802.88,residential,India
1,2053-09-15,790.02,residential,India
1,2053-09-16,787.1,residential,India
1,2053-09-17,759.11,residential,India
1,2053-09-18,753.94,residential,India
1,2053-09-19,786.1,residential,India
1,2053-09-20,767.43,residential,India
1,2053-09-21,810.41,residential,India
1,2053-09-22,783.66,residential,India
1,2053-09-23,750.67,residential,India
1,2053-09-24,794.88,residential,India
1,2053-09-25,787.63,residential,India
1,2053-09-26,786.15,residential,India
1,2053-09-27,752.45,residential,India
1,2053-09-28,773.74,residential,India
1,2053-09-29,810.33,residential,India
1,2053-09-30,786.9,residential,India
1,2053-10-01,784.04,residential,India
1,2053-10-02,768.44,residential,India
1,2053-10-03,780.31,residential,India
1,2053-10-04,762.47,residential,India
1,2053-10-05,765.02,residential,India
1,2053-10-06,762.47,residential,India
1,2053-10-07,787.33,residential,India
1,2053-10-08,763.06,residential,India
1,2053-10-09,759.31,residential,India
1,2053-10-10,790.06,residential,India
1,2053-10-11,757.6,residential,India
1,2053-10-12,817.21,residential,India
1,2053-10-13,787.1,residential,India
1,2053-10-14,774.21,residential,India
1,2053-10-15,776.69,residential,India
1,2053-10-16,768.87,residential,India
1,2053-10-17,761.53,residential,India
1,2053-10-18,781.47,residential,India
1,2053-10-19,775.66,residential,India
1,2053-10-20,767.03,residential,India
1,2053-10-21,787.98,residential,India
1,2053-10-22,777.14,residential,India
1,2053-10-23,782.6,residential,India
1,2053-10-24,776.11,residential,India
1,2053-10-25,781.6,residential,India
1,2053-10-26,780.45,residential,India
1,2053-10-27,786.81,residential,India
1,2053-10-28,762.98,residential,India
1,2053-10-29,759.15,residential,India
1,2053-10-30,780.9,residential,India
1,2053-10-31,795.19,residential,India
1,2053-11-01,746.71,residential,India
1,2053-11-02,779.4,residential,India
1,2053-11-03,758.97,residential,India
1,2053-11-04,800.07,residential,India
1,2053-11-05,787.73,residential,India
1,2053-11-06,790.31,residential,India
1,2053-11-07,825.57,residential,India
1,2053-11-08,765.7,residential,India
1,2053-11-09,786.96,residential,India
1,2053-11-10,774.43,residential,India
1,2053-11-11,804.39,residential,India
1,2053-11-12,799.75,residential,India
1,2053-11-13,790.97,residential,India
1,2053-11-14,776.6,residential,India
1,2053-11-15,808.24,residential,India
1,2053-11-16,825.93,residential,India
1,2053-11-17,794.64,residential,India
1,2053-11-18,791.08,residential,India
1,2053-11-19,791.26,residential,India
1,2053-11-20,806.28,residential,India
1,2053-11-21,781.55,residential,India
1,2053-11-22,807.67,residential,India
1,2053-11-23,818.67,residential,India
1,2053-11-24,755.89,residential,India
1,2053-11-25,786.11,residential,India
1,2053-11-26,786.33,residential,India
1,2053-11-27,794.02,residential,India
1,2053-11-28,761.46,residential,India
1,2053-11-29,764.59,residential,India
1,2053-11-30,752.75,residential,India
1,2053-12-01,734.71,residential,India
1,2053-12-02,793.86,residential,India
1,2053-12-03,777.62,residential,India
1,2053-12-04,759.28,residential,India
1,2053-12-05,800.06,residential,India
1,2053-12-06,758.92,residential,India
1,2053-12-07,764.04,residential,India
1,2053-12-08,800.25,residential,India
1,2053-12-09,786.95,residential,India
1,2053-12-10,794.65,residential,India
1,2053-12-11,737.88,residential,India
1,2053-12-12,774.49,residential,India
1,2053-12-13,790.75,residential,India
1,2053-12-14,789.47,residential,India
1,2053-12-15,783.53,residential,India
1,2053-12-16,772.17,residential,India
1,2053-12-17,777.03,residential,India
1,2053-12-18,806.96,residential,India
1,2053-12-19,764.72,residential,India
1,2053-12-20,730.33,residential,India
1,2053-12-21,788.64,residential,India
1,2053-12-22,736.09,residential,India
1,2053-12-23,797.57,residential,India
1,2053-12-24,777.81,residential,India
1,2053-12-25,786.64,residential,India
1,2053-12-26,765.68,residential,India
1,2053-12-27,799.85,residential,India
1,2053-12-28,789.1,residential,India
1,2053-12-29,769.99,residential,India
1,2053-12-30,778.88,residential,India
1,2053-12-31,797.19,residential,India
1,2054-01-01,793.2,residential,India
1,2054-01-02,767.57,residential,India
1,2054-01-03,797.15,residential,India
1,2054-01-04,791.23,residential,India
1,2054-01-05,777.34,residential,India
1,2054-01-06,757.72,residential,India
1,2054-01-07,789.3,residential,India
1,2054-01-08,805.76,residential,India
1,2054-01-09,748.32,residential,India
1,2054-01-10,794.97,residential,India
1,2054-01-11,793.27,residential,India
1,2054-01-12,770.8,residential,India
1,2054-01-13,797.34,residential,India
1,2054-01-14,766.31,residential,India
1,2054-01-15,763.49,residential,India
1,2054-01-16,807.16,residential,India
1,2054-01-17,755.5,residential,India
1,2054-01-18,758.76,residential,India
1,2054-01-19,793.74,residential,India
1,2054-01-20,777.65,residential,India
1,2054-01-21,764.71,residential,India
1,2054-01-22,733.06,residential,India
1,2054-01-23,796.46,residential,India
1,2054-01-24,790.96,residential,India
1,2054-01-25,782.56,residential,India
1,2054-01-26,775.23,residential,India
1,2054-01-27,752.82,residential,India
1,2054-01-28,772.45,residential,India
1,2054-01-29,770.88,residential,India
1,2054-01-30,802.66,residential,India
1,2054-01-31,799.54,residential,India
1,2054-02-01,781.81,residential,India
1,2054-02-02,755.27,residential,India
1,2054-02-03,798.76,residential,India
1,2054-02-04,774.1,residential,India
1,2054-02-05,807.52,residential,India
1,2054-02-06,769.52,residential,India
1,2054-02-07,777.6,residential,India
1,2054-02-08,757.85,residential,India
1,2054-02-09,768.71,residential,India
1,2054-02-10,759.21,residential,India
1,2054-02-11,783.99,residential,India
1,2054-02-12,782.24,residential,India
1,2054-02-13,818.34,residential,India
1,2054-02-14,799.0,residential,India
1,2054-02-15,772.84,residential,India
1,2054-02-16,806.99,residential,India
1,2054-02-17,786.69,residential,India
1,2054-02-18,797.7,residential,India
1,2054-02-19,808.52,residential,India
1,2054-02-20,781.08,residential,India
1,2054-02-21,740.28,residential,India
1,2054-02-22,769.53,residential,India
1,2054-02-23,779.81,residential,India
1,2054-02-24,764.48,residential,India
1,2054-02-25,766.31,residential,India
1,2054-02-26,761.62,residential,India
1,2054-02-27,772.03,residential,India
1,2054-02-28,731.79,residential,India
1,2054-03-01,811.61,residential,India
1,2054-03-02,797.15,residential,India
1,2054-03-03,794.47,residential,India
1,2054-03-04,768.67,residential,India
1,2054-03-05,796.93,residential,India
1,2054-03-06,772.55,residential,India
1,2054-03-07,780.7,residential,India
1,2054-03-08,762.17,residential,India
1,2054-03-09,782.27,residential,India
1,2054-03-10,799.41,residential,India
1,2054-03-11,787.29,residential,India
1,2054-03-12,747.24,residential,India
1,2054-03-13,764.23,residential,India
1,2054-03-14,780.49,residential,India
1,2054-03-15,809.65,residential,India
1,2054-03-16,787.59,residential,India
1,2054-03-17,790.0,residential,India
1,2054-03-18,757.43,residential,India
1,2054-03-19,783.24,residential,India
1,2054-03-20,799.45,residential,India
1,2054-03-21,806.23,residential,India
1,2054-03-22,819.3,residential,India
1,2054-03-23,812.61,residential,India
1,2054-03-24,789.05,residential,India
1,2054-03-25,759.07,residential,India
1,2054-03-26,780.42,residential,India
1,2054-03-27,775.15,residential,India
1,2054-03-28,788.48,residential,India
1,2054-03-29,761.62,residential,India
1,2054-03-30,775.94,residential,India
1,2054-03-31,754.01,residential,India
1,2054-04-01,735.83,residential,India
1,2054-04-02,798.83,residential,India
1,2054-04-03,779.84,residential,India
1,2054-04-04,766.44,residential,India
1,2054-04-05,747.35,residential,India
1,2054-04-06,786.55,residential,India
1,2054-04-07,787.18,residential,India
1,2054-04-08,775.2,residential,India
1,2054-04-09,776.4,residential,India
1,2054-04-10,764.98,residential,India
1,2054-04-11,783.05,residential,India
1,2054-04-12,786.14,residential,India
1,2054-04-13,740.66,residential,India
1,2054-04-14,774.1,residential,India
1,2054-04-15,796.95,residential,India
1,2054-04-16,766.47,residential,India
1,2054-04-17,825.1,residential,India
1,2054-04-18,762.61,residential,India
1,2054-04-19,779.47,residential,India
1,2054-04-20,778.86,residential,India
1,2054-04-21,768.85,residential,India
1,2054-04-22,766.18,residential,India
1,2054-04-23,761.44,residential,India
1,2054-04-24,818.61,residential,India
1,2054-04-25,791.96,residential,India
1,2054-04-26,805.21,residential,India
1,2054-04-27,789.92,residential,India
1,2054-04-28,805.7,residential,India
1,2054-04-29,784.49,residential,India
1,2054-04-30,740.64,residential,India
1,2054-05-01,771.9,residential,India
1,2054-05-02,795.72,residential,India
1,2054-05-03,777.74,residential,India
1,2054-05-04,776.37,residential,India
1,2054-05-05,779.49,residential,India
1,2054-05-06,797.13,residential,India
1,2054-05-07,774.28,residential,India
1,2054-05-08,739.48,residential,India
1,2054-05-09,787.76,residential,India
1,2054-05-10,774.99,residential,India
1,2054-05-11,801.08,residential,India
1,2054-05-12,809.44,residential,India
1,2054-05-13,765.93,residential,India
1,2054-05-14,767.66,residential,India
1,2054-05-15,753.76,residential,India
1,2054-05-16,773.71,residential,India
1,2054-05-17,776.37,residential,India
1,2054-05-18,762.45,residential,India
1,2054-05-19,746.52,residential,India
1,2054-05-20,784.26,residential,India
1,2054-05-21,767.2,residential,India
1,2054-05-22,767.85,residential,India
1,2054-05-23,794.75,residential,India
1,2054-05-24,791.79,residential,India
1,2054-05-25,737.62,residential,India
1,2054-05-26,771.53,residential,India
1,2054-05-27,757.51,residential,India
1,2054-05-28,798.1,residential,India
1,2054-05-29,765.23,residential,India
1,2054-05-30,757.4,residential,India
1,2054-05-31,776.64,residential,India
1,2054-06-01,757.91,residential,India
1,2054-06-02,783.28,residential,India
1,2054-06-03,772.82,residential,India
1,2054-06-04,792.26,residential,India
1,2054-06-05,783.58,residential,India
1,2054-06-06,747.21,residential,India
1,2054-06-07,790.69,residential,India
1,2054-06-08,803.56,residential,India
1,2054-06-09,772.37,residential,India
1,2054-06-10,794.79,residential,India
1,2054-06-11,754.63,residential,India
1,2054-06-12,745.72,residential,India
1,2054-06-13,771.27,residential,India
1,2054-06-14,781.74,residential,India
1,2054-06-15,764.27,residential,India
1,2054-06-16,779.15,residential,India
1,2054-06-17,733.86,residential,India
1,2054-06-18,688.18,residential,India
1,2054-06-19,784.65,residential,India
1,2054-06-20,761.86,residential,India
1,2054-06-21,759.25,residential,India
1,2054-06-22,743.31,residential,India
1,2054-06-23,743.6,residential,India
1,2054-06-24,740.7,residential,India
1,2054-06-25,739.73,residential,India
1,2054-06-26,782.86,residential,India
1,2054-06-27,751.17,residential,India
1,2054-06-28,790.84,residential,India
1,2054-06-29,762.15,residential,India
1,2054-06-30,746.11,residential,India
1,2054-07-01,824.54,residential,India
1,2054-07-02,757.3,residential,India
1,2054-07-03,767.21,residential,India
1,2054-07-04,732.53,residential,India
1,2054-07-05,759.06,residential,India
1,2054-07-06,772.56,residential,India
1,2054-07-07,751.69,residential,India
1,2054-07-08,737.17,residential,India
1,2054-07-09,763.35,residential,India
1,2054-07-10,719.33,residential,India
1,2054-07-11,741.87,residential,India
1,2054-07-12,761.84,residential,India
1,2054-07-13,764.01,residential,India
1,2054-07-14,778.37,residential,India
1,2054-07-15,780.28,residential,India
1,2054-07-16,762.93,residential,India
1,2054-07-17,756.86,residential,India
1,2054-07-18,771.91,residential,India
1,2054-07-19,754.34,residential,India
1,2054-07-20,739.94,residential,India
1,2054-07-21,719.02,residential,India
1,2054-07-22,781.14,residential,India
1,2054-07-23,756.85,residential,India
1,2054-07-24,759.55,residential,India
1,2054-07-25,812.45,residential,India
1,2054-07-26,788.67,residential,India
1,2054-07-27,744.77,residential,India
1,2054-07-28,767.19,residential,India
1,2054-07-29,759.48,residential,India
1,2054-07-30,745.09,residential,India
1,2054-07-31,793.23,residential,India
1,2054-08-01,761.96,residential,India
1,2054-08-02,756.66,residential,India
1,2054-08-03,760.06,residential,India
1,2054-08-04,745.83,residential,India
1,2054-08-05,758.23,residential,India
1,2054-08-06,761.23,residential,India
1,2054-08-07,752.33,residential,India
1,2054-08-08,809.65,residential,India
1,2054-08-09,762.6,residential,India
1,2054-08-10,803.67,residential,India
1,2054-08-11,770.93,residential,India
1,2054-08-12,759.15,residential,India
1,2054-08-13,752.18,residential,India
1,2054-08-14,746.59,residential,India
1,2054-08-15,775.66,residential,India
1,2054-08-16,765.57,residential,India
1,2054-08-17,772.13,residential,India
1,2054-08-18,768.95,residential,India
1,2054-08-19,783.09,residential,India
1,2054-08-20,740.68,residential,India
1,2054-08-21,763.88,residential,India
1,2054-08-22,760.63,residential,India
1,2054-08-23,755.24,residential,India
1,2054-08-24,751.8,residential,India
1,2054-08-25,766.76,residential,India
1,2054-08-26,753.3,residential,India
1,2054-08-27,783.62,residential,India
1,2054-08-28,746.72,residential,India
1,2054-08-29,773.99,residential,India
1,2054-08-30,760.79,residential,India
1,2054-08-31,726.97,residential,India
1,2054-09-01,746.32,residential,India
1,2054-09-02,774.69,residential,India
1,2054-09-03,795.29,residential,India
1,2054-09-04,755.68,residential,India
1,2054-09-05,768.88,residential,India
1,2054-09-06,747.01,residential,India
1,2054-09-07,751.09,residential,India
1,2054-09-08,731.39,residential,India
1,2054-09-09,768.03,residential,India
1,2054-09-10,729.38,residential,India
1,2054-09-11,763.39,residential,India
1,2054-09-12,704.52,residential,India
1,2054-09-13,774.46,residential,India
1,2054-09-14,758.9,residential,India
1,2054-09-15,764.39,residential,India
1,2054-09-16,740.45,residential,India
1,2054-09-17,768.11,residential,India
1,2054-09-18,740.24,residential,India
1,2054-09-19,732.81,residential,India
1,2054-09-20,730.25,residential,India
1,2054-09-21,760.59,residential,India
1,2054-09-22,724.71,residential,India
1,2054-09-23,714.78,residential,India
1,2054-09-24,775.81,residential,India
1,2054-09-25,778.99,residential,India
1,2054-09-26,771.39,residential,India
1,2054-09-27,721.24,residential,India
1,2054-09-28,734.03,residential,India
1,2054-09-29,750.56,residential,India
1,2054-09-30,731.32,residential,India
1,2054-10-01,741.19,residential,India
1,2054-10-02,736.16,residential,India
1,2054-10-03,762.96,residential,India
1,2054-10-04,702.94,residential,India
1,2054-10-05,742.66,residential,India
1,2054-10-06,773.04,residential,India
1,2054-10-07,752.14,residential,India
1,2054-10-08,730.88,residential,India
1,2054-10-09,754.92,residential,India
1,2054-10-10,755.22,residential,India
1,2054-10-11,761.0,residential,India
1,2054-10-12,749.4,residential,India
1,2054-10-13,755.32,residential,India
1,2054-10-14,758.17,residential,India
1,2054-10-15,757.06,residential,India
1,2054-10-16,733.44,residential,India
1,2054-10-17,760.55,residential,India
1,2054-10-18,769.44,residential,India
1,2054-10-19,745.11,residential,India
1,2054-10-20,758.0,residential,India
1,2054-10-21,766.88,residential,India
1,2054-10-22,749.7,residential,India
1,2054-10-23,753.99,residential,India
1,2054-10-24,744.0,residential,India
1,2054-10-25,769.51,residential,India
1,2054-10-26,742.38,residential,India
1,2054-10-27,748.2,residential,India
1,2054-10-28,722.63,residential,India
1,2054-10-29,724.71,residential,India
1,2054-10-30,739.86,residential,India
1,2054-10-31,757.42,residential,India
1,2054-11-01,730.05,residential,India
1,2054-11-02,781.9,residential,India
1,2054-11-03,754.35,residential,India
1,2054-11-04,743.3,residential,India
1,2054-11-05,735.98,residential,India
1,2054-11-06,726.69,residential,India
1,2054-11-07,748.16,residential,India
1,2054-11-08,749.94,residential,India
1,2054-11-09,712.2,residential,India
1,2054-11-10,788.84,residential,India
1,2054-11-11,704.2,residential,India
1,2054-11-12,733.88,residential,India
1,2054-11-13,729.22,residential,India
1,2054-11-14,782.04,residential,India
1,2054-11-15,742.46,residential,India
1,2054-11-16,757.88,residential,India
1,2054-11-17,732.33,residential,India
1,2054-11-18,702.3,residential,India
1,2054-11-19,736.65,residential,India
1,2054-11-20,765.3,residential,India
1,2054-11-21,768.45,residential,India
1,2054-11-22,811.63,residential,India
1,2054-11-23,717.15,residential,India
1,2054-11-24,745.83,residential,India
1,2054-11-25,739.22,residential,India
1,2054-11-26,747.17,residential,India
1,2054-11-27,738.26,residential,India
1,2054-11-28,707.9,residential,India
1,2054-11-29,729.17,residential,India
1,2054-11-30,746.49,residential,India
1,2054-12-01,741.2,residential,India
1,2054-12-02,726.2,residential,India
1,2054-12-03,732.01,residential,India
1,2054-12-04,734.56,residential,India
1,2054-12-05,727.99,residential,India
1,2054-12-06,759.36,residential,India
1,2054-12-07,749.71,residential,India
1,2054-12-08,691.7,residential,India
1,2054-12-09,750.91,residential,India
1,2054-12-10,763.42,residential,India
1,2054-12-11,736.99,residential,India
1,2054-12-12,730.23,residential,India
1,2054-12-13,733.35,residential,India
1,2054-12-14,686.06,residential,India
1,2054-12-15,773.68,residential,India
1,2054-12-16,731.4,residential,India
1,2054-12-17,751.44,residential,India
1,2054-12-18,705.66,residential,India
1,2054-12-19,732.42,residential,India
1,2054-12-20,719.55,residential,India
1,2054-12-21,754.69,residential,India
1,2054-12-22,728.43,residential,India
1,2054-12-23,724.88,residential,India
1,2054-12-24,739.04,residential,India
1,2054-12-25,729.27,residential,India
1,2054-12-26,705.87,residential,India
1,2054-12-27,759.51,residential,India
1,2054-12-28,746.45,residential,India
1,2054-12-29,739.21,residential,India
1,2054-12-30,701.43,residential,India
1,2054-12-31,729.07,residential,India
1,2055-01-01,732.25,residential,India
1,2055-01-02,749.75,residential,India
1,2055-01-03,743.02,residential,India
1,2055-01-04,725.03,residential,India
1,2055-01-05,736.59,residential,India
1,2055-01-06,717.98,residential,India
1,2055-01-07,753.37,residential,India
1,2055-01-08,752.17,residential,India
1,2055-01-09,704.56,residential,India
1,2055-01-10,697.09,residential,India
1,2055-01-11,717.49,residential,India
1,2055-01-12,746.82,residential,India
1,2055-01-13,740.53,residential,India
1,2055-01-14,717.32,residential,India
1,2055-01-15,709.48,residential,India
1,2055-01-16,754.26,residential,India
1,2055-01-17,724.34,residential,India
1,2055-01-18,721.94,residential,India
1,2055-01-19,712.55,residential,India
1,2055-01-20,740.84,residential,India
1,2055-01-21,746.14,residential,India
1,2055-01-22,732.85,residential,India
1,2055-01-23,716.12,residential,India
1,2055-01-24,738.27,residential,India
1,2055-01-25,747.93,residential,India
1,2055-01-26,720.3,residential,India
1,2055-01-27,740.62,residential,India
1,2055-01-28,708.52,residential,India
1,2055-01-29,759.59,residential,India
1,2055-01-30,706.04,residential,India
1,2055-01-31,771.33,residential,India
1,2055-02-01,685.51,residential,India
1,2055-02-02,729.66,residential,India
1,2055-02-03,742.13,residential,India
1,2055-02-04,725.01,residential,India
1,2055-02-05,742.04,residential,India
1,2055-02-06,707.94,residential,India
1,2055-02-07,744.48,residential,India
1,2055-02-08,745.17,residential,India
1,2055-02-09,733.25,residential,India
1,2055-02-10,731.21,residential,India
1,2055-02-11,733.16,residential,India
1,2055-02-12,715.43,residential,India
1,2055-02-13,761.01,residential,India
1,2055-02-14,708.24,residential,India
1,2055-02-15,753.38,residential,India
1,2055-02-16,738.98,residential,India
1,2055-02-17,684.7,residential,India
1,2055-02-18,714.16,residential,India
1,2055-02-19,726.44,residential,India
1,2055-02-20,779.49,residential,India
1,2055-02-21,758.5,residential,India
1,2055-02-22,703.42,residential,India
1,2055-02-23,732.44,residential,India
1,2055-02-24,681.65,residential,India
1,2055-02-25,705.81,residential,India
1,2055-02-26,718.12,residential,India
1,2055-02-27,714.48,residential,India
1,2055-02-28,704.04,residential,India
1,2055-03-01,723.99,residential,India
1,2055-03-02,726.69,residential,India
1,2055-03-03,725.41,residential,India
1,2055-03-04,728.07,residential,India
1,2055-03-05,724.43,residential,India
1,2055-03-06,722.27,residential,India
1,2055-03-07,717.06,residential,India
1,2055-03-08,725.49,residential,India
1,2055-03-09,730.35,residential,India
1,2055-03-10,718.23,residential,India
1,2055-03-11,726.48,residential,India
1,2055-03-12,725.31,residential,India
1,2055-03-13,725.01,residential,India
1,2055-03-14,747.73,residential,India
1,2055-03-15,716.19,residential,India
1,2055-03-16,710.22,residential,India
1,2055-03-17,656.13,residential,India
1,2055-03-18,718.09,residential,India
1,2055-03-19,700.27,residential,India
1,2055-03-20,698.11,residential,India
1,2055-03-21,700.77,residential,India
1,2055-03-22,726.49,residential,India
1,2055-03-23,717.46,residential,India
1,2055-03-24,699.87,residential,India
1,2055-03-25,720.04,residential,India
1,2055-03-26,696.58,residential,India
1,2055-03-27,736.76,residential,India
1,2055-03-28,704.72,residential,India
1,2055-03-29,741.66,residential,India
1,2055-03-30,709.88,residential,India
1,2055-03-31,731.8,residential,India
1,2055-04-01,721.13,residential,India
1,2055-04-02,747.98,residential,India
1,2055-04-03,738.73,residential,India
1,2055-04-04,726.79,residential,India
1,2055-04-05,705.73,residential,India
1,2055-04-06,712.87,residential,India
1,2055-04-07,713.28,residential,India
1,2055-04-08,750.0,residential,India
1,2055-04-09,712.36,residential,India
1,2055-04-10,710.6,residential,India
1,2055-04-11,696.78,residential,India
1,2055-04-12,742.24,residential,India
1,2055-04-13,702.42,residential,India
1,2055-04-14,724.0,residential,India
1,2055-04-15,721.94,residential,India
1,2055-04-16,674.37,residential,India
1,2055-04-17,735.36,residential,India
1,2055-04-18,694.18,residential,India
1,2055-04-19,732.77,residential,India
1,2055-04-20,692.51,residential,India
1,2055-04-21,762.16,residential,India
1,2055-04-22,697.58,residential,India
1,2055-04-23,694.86,residential,India
1,2055-04-24,698.11,residential,India
1,2055-04-25,722.47,residential,India
1,2055-04-26,760.21,residential,India
1,2055-04-27,687.25,residential,India
1,2055-04-28,737.18,residential,India
1,2055-04-29,739.31,residential,India
1,2055-04-30,697.52,residential,India
1,2055-05-01,720.79,residential,India
1,2055-05-02,673.43,residential,India
1,2055-05-03,728.68,residential,India
1,2055-05-04,689.67,residential,India
1,2055-05-05,703.65,residential,India
1,2055-05-06,727.47,residential,India
1,2055-05-07,714.97,residential,India
1,2055-05-08,727.6,residential,India
1,2055-05-09,729.17,residential,India
1,2055-05-10,709.15,residential,India
1,2055-05-11,685.74,residential,India
1,2055-05-12,680.14,residential,India
1,2055-05-13,721.23,residential,India
1,2055-05-14,720.33,residential,India
1,2055-05-15,730.98,residential,India
1,2055-05-16,683.04,residential,India
1,2055-05-17,716.26,residential,India
1,2055-05-18,688.2,residential,India
1,2055-05-19,732.41,residential,India
1,2055-05-20,728.76,residential,India
1,2055-05-21,684.34,residential,India
1,2055-05-22,672.29,residential,India
1,2055-05-23,688.63,residential,India
1,2055-05-24,742.85,residential,India
1,2055-05-25,671.81,residential,India
1,2055-05-26,729.68,residential,India
1,2055-05-27,668.01,residential,India
1,2055-05-28,724.14,residential,India
1,2055-05-29,712.85,residential,India
1,2055-05-30,735.33,residential,India
1,2055-05-31,694.65,residential,India
1,2055-06-01,693.12,residential,India
1,2055-06-02,732.7,residential,India
1,2055-06-03,725.21,residential,India
1,2055-06-04,697.91,residential,India
1,2055-06-05,696.81,residential,India
1,2055-06-06,691.19,residential,India
1,2055-06-07,689.62,residential,India
1,2055-06-08,694.64,residential,India
1,2055-06-09,695.55,residential,India
1,2055-06-10,695.97,residential,India
1,2055-06-11,692.09,residential,India
1,2055-06-12,670.21,residential,India
1,2055-06-13,710.05,residential,India
1,2055-06-14,660.34,residential,India
1,2055-06-15,662.43,residential,India
1,2055-06-16,718.08,residential,India
1,2055-06-17,685.38,residential,India
1,2055-06-18,693.88,residential,India
1,2055-06-19,727.07,residential,India
1,2055-06-20,743.12,residential,India
1,2055-06-21,739.37,residential,India
1,2055-06-22,733.04,residential,India
1,2055-06-23,676.96,residential,India
1,2055-06-24,713.45,residential,India
1,2055-06-25,725.53,residential,India
1,2055-06-26,658.34,residential,India
1,2055-06-27,720.76,residential,India
1,2055-06-28,687.39,residential,India
1,2055-06-29,677.79,residential,India
1,2055-06-30,686.1,residential,India
1,2055-07-01,697.19,residential,India
1,2055-07-02,693.56,residential,India
1,2055-07-03,713.19,residential,India
1,2055-07-04,717.78,residential,India
1,2055-07-05,709.43,residential,India
1,2055-07-06,690.46,residential,India
1,2055-07-07,721.44,residential,India
1,2055-07-08,707.03,residential,India
1,2055-07-09,697.84,residential,India
1,2055-07-10,682.3,residential,India
1,2055-07-11,698.14,residential,India
1,2055-07-12,692.7,residential,India
1,2055-07-13,735.19,residential,India
1,2055-07-14,679.0,residential,India
1,2055-07-15,710.27,residential,India
1,2055-07-16,718.79,residential,India
1,2055-07-17,683.95,residential,India
1,2055-07-18,694.65,residential,India
1,2055-07-19,715.1,residential,India
1,2055-07-20,729.95,residential,India
1,2055-07-21,680.23,residential,India
1,2055-07-22,714.54,residential,India
1,2055-07-23,705.99,residential,India
1,2055-07-24,686.22,residential,India
1,2055-07-25,716.62,residential,India
1,2055-07-26,742.46,residential,India
1,2055-07-27,742.99,residential,India
1,2055-07-28,687.66,residential,India
1,2055-07-29,732.08,residential,India
1,2055-07-30,697.25,residential,India
1,2055-07-31,688.64,residential,India
1,2055-08-01,699.48,residential,India
1,2055-08-02,694.47,residential,India
1,2055-08-03,712.3,residential,India
1,2055-08-04,745.87,residential,India
1,2055-08-05,694.44,residential,India
1,2055-08-06,696.93,residential,India
1,2055-08-07,691.46,residential,India
1,2055-08-08,704.51,residential,India
1,2055-08-09,655.37,residential,India
1,2055-08-10,695.55,residential,India
1,2055-08-11,691.23,residential,India
1,2055-08-12,713.22,residential,India
1,2055-08-13,703.11,residential,India
1,2055-08-14,696.7,residential,India
1,2055-08-15,705.44,residential,India
1,2055-08-16,695.34,residential,India
1,2055-08-17,700.85,residential,India
1,2055-08-18,707.36,residential,India
1,2055-08-19,686.67,residential,India
1,2055-08-20,690.62,residential,India
1,2055-08-21,690.27,residential,India
1,2055-08-22,717.4,residential,India
1,2055-08-23,700.39,residential,India
1,2055-08-24,719.03,residential,India
1,2055-08-25,681.45,residential,India
1,2055-08-26,700.65,residential,India
1,2055-08-27,668.25,residential,India
1,2055-08-28,733.15,residential,India
1,2055-08-29,724.91,residential,India
1,2055-08-30,696.73,residential,India
1,2055-08-31,682.51,residential,India
1,2055-09-01,707.01,residential,India
1,2055-09-02,690.81,residential,India
1,2055-09-03,681.73,residential,India
1,2055-09-04,686.71,residential,India
1,2055-09-05,710.14,residential,India
1,2055-09-06,664.99,residential,India
1,2055-09-07,714.72,residential,India
1,2055-09-08,682.5,residential,India
1,2055-09-09,725.72,residential,India
1,2055-09-10,695.84,residential,India
1,2055-09-11,694.35,residential,India
1,2055-09-12,697.38,residential,India
1,2055-09-13,733.87,residential,India
1,2055-09-14,673.14,residential,India
1,2055-09-15,687.34,residential,India
1,2055-09-16,701.02,residential,India
1,2055-09-17,686.83,residential,India
1,2055-09-18,681.22,residential,India
1,2055-09-19,704.67,residential,India
1,2055-09-20,694.4,residential,India
1,2055-09-21,706.43,residential,India
1,2055-09-22,713.34,residential,India
1,2055-09-23,681.89,residential,India
1,2055-09-24,702.36,residential,India
1,2055-09-25,674.63,residential,India
1,2055-09-26,723.86,residential,India
1,2055-09-27,725.26,residential,India
1,2055-09-28,736.15,residential,India
1,2055-09-29,671.27,residential,India
1,2055-09-30,683.26,residential,India
1,2055-10-01,688.62,residential,India
1,2055-10-02,660.49,residential,India
1,2055-10-03,718.78,residential,India
1,2055-10-04,660.31,residential,India
1,2055-10-05,694.05,residential,India
1,2055-10-06,725.89,residential,India
1,2055-10-07,688.82,residential,India
1,2055-10-08,712.35,residential,India
1,2055-10-09,715.46,residential,India
1,2055-10-10,694.1,residential,India
1,2055-10-11,718.7,residential,India
1,2055-10-12,722.68,residential,India
1,2055-10-13,686.01,residential,India
1,2055-10-14,712.72,residential,India
1,2055-10-15,678.51,residential,India
1,2055-10-16,719.47,residential,India
1,2055-10-17,669.61,residential,India
1,2055-10-18,734.44,residential,India
1,2055-10-19,703.5,residential,India
1,2055-10-20,733.57,residential,India
1,2055-10-21,723.61,residential,India
1,2055-10-22,682.66,residential,India
1,2055-10-23,689.48,residential,India
1,2055-10-24,692.82,residential,India
1,2055-10-25,708.82,residential,India
1,2055-10-26,702.65,residential,India
1,2055-10-27,676.04,residential,India
1,2055-10-28,697.31,residential,India
1,2055-10-29,691.71,residential,India
1,2055-10-30,668.95,residential,India
1,2055-10-31,707.8,residential,India
1,2055-11-01,722.96,residential,India
1,2055-11-02,658.1,residential,India
1,2055-11-03,698.33,residential,India
1,2055-11-04,681.33,residential,India
1,2055-11-05,696.3,residential,India
1,2055-11-06,689.33,residential,India
1,2055-11-07,658.15,residential,India
1,2055-11-08,712.86,residential,India
1,2055-11-09,683.39,residential,India
1,2055-11-10,703.29,residential,India
1,2055-11-11,716.4,residential,India
1,2055-11-12,745.45,residential,India
1,2055-11-13,692.44,residential,India
1,2055-11-14,735.03,residential,India
1,2055-11-15,697.08,residential,India
1,2055-11-16,688.19,residential,India
1,2055-11-17,687.11,residential,India
1,2055-11-18,690.22,residential,India
1,2055-11-19,700.86,residential,India
1,2055-11-20,718.56,residential,India
1,2055-11-21,691.58,residential,India
1,2055-11-22,657.29,residential,India
1,2055-11-23,684.92,residential,India
1,2055-11-24,724.69,residential,India
1,2055-11-25,671.24,residential,India
1,2055-11-26,707.35,residential,India
1,2055-11-27,698.57,residential,India
1,2055-11-28,737.68,residential,India
1,2055-11-29,724.46,residential,India
1,2055-11-30,712.64,residential,India
1,2055-12-01,708.98,residential,India
1,2055-12-02,670.0,residential,India
1,2055-12-03,717.64,residential,India
1,2055-12-04,642.51,residential,India
1,2055-12-05,704.29,residential,India
1,2055-12-06,719.51,residential,India
1,2055-12-07,716.39,residential,India
1,2055-12-08,726.14,residential,India
1,2055-12-09,677.5,residential,India
1,2055-12-10,711.52,residential,India
1,2055-12-11,689.34,residential,India
1,2055-12-12,670.81,residential,India
1,2055-12-13,714.18,residential,India
1,2055-12-14,691.8,residential,India
1,2055-12-15,687.12,residential,India
1,2055-12-16,732.34,residential,India
1,2055-12-17,733.06,residential,India
1,2055-12-18,698.27,residential,India
1,2055-12-19,732.61,residential,India
1,2055-12-20,695.32,residential,India
1,2055-12-21,709.72,residential,India
1,2055-12-22,707.69,residential,India
1,2055-12-23,670.26,residential,India
1,2055-12-24,674.06,residential,India
1,2055-12-25,709.22,residential,India
1,2055-12-26,688.24,residential,India
1,2055-12-27,712.33,residential,India
1,2055-12-28,702.49,residential,India
1,2055-12-29,678.9,residential,India
1,2055-12-30,697.42,residential,India
1,2055-12-31,678.93,residential,India
1,2056-01-01,679.88,residential,India
1,2056-01-02,665.04,residential,India
1,2056-01-03,688.42,residential,India
1,2056-01-04,702.95,residential,India
1,2056-01-05,713.92,residential,India
1,2056-01-06,712.49,residential,India
1,2056-01-07,715.65,residential,India
1,2056-01-08,716.01,residential,India
1,2056-01-09,716.34,residential,India
1,2056-01-10,727.09,residential,India
1,2056-01-11,675.85,residential,India
1,2056-01-12,705.49,residential,India
1,2056-01-13,730.71,residential,India
1,2056-01-14,702.62,residential,India
1,2056-01-15,664.43,residential,India
1,2056-01-16,716.13,residential,India
1,2056-01-17,725.75,residential,India
1,2056-01-18,723.41,residential,India
1,2056-01-19,684.91,residential,India
1,2056-01-20,738.62,residential,India
1,2056-01-21,693.77,residential,India
1,2056-01-22,717.63,residential,India
1,2056-01-23,662.24,residential,India
1,2056-01-24,685.68,residential,India
1,2056-01-25,710.33,residential,India
1,2056-01-26,711.14,residential,India
1,2056-01-27,705.35,residential,India
1,2056-01-28,708.91,residential,India
1,2056-01-29,702.15,residential,India
1,2056-01-30,705.42,residential,India
1,2056-01-31,726.07,residential,India
1,2056-02-01,706.04,residential,India
1,2056-02-02,680.66,residential,India
1,2056-02-03,716.61,residential,India
1,2056-02-04,723.16,residential,India
1,2056-02-05,711.48,residential,India
1,2056-02-06,710.76,residential,India
1,2056-02-07,711.39,residential,India
1,2056-02-08,712.73,residential,India
1,2056-02-09,722.34,residential,India
1,2056-02-10,700.81,residential,India
1,2056-02-11,729.34,residential,India
1,2056-02-12,711.09,residential,India
1,2056-02-13,707.03,residential,India
1,2056-02-14,709.08,residential,India
1,2056-02-15,694.01,residential,India
1,2056-02-16,716.3,residential,India
1,2056-02-17,732.95,residential,India
1,2056-02-18,684.45,residential,India
1,2056-02-19,705.28,residential,India
1,2056-02-20,690.41,residential,India
1,2056-02-21,720.5,residential,India
1,2056-02-22,704.75,residential,India
1,2056-02-23,683.46,residential,India
1,2056-02-24,736.88,residential,India
1,2056-02-25,684.78,residential,India
1,2056-02-26,657.26,residential,India
1,2056-02-27,697.67,residential,India
1,2056-02-28,700.36,residential,India
1,2056-02-29,706.06,residential,India
1,2056-03-01,689.39,residential,India
1,2056-03-02,700.54,residential,India
1,2056-03-03,711.91,residential,India
1,2056-03-04,710.94,residential,India
1,2056-03-05,710.02,residential,India
1,2056-03-06,689.06,residential,India
1,2056-03-07,696.47,residential,India
1,2056-03-08,711.67,residential,India
1,2056-03-09,708.05,residential,India
1,2056-03-10,710.54,residential,India
1,2056-03-11,708.57,residential,India
1,2056-03-12,722.14,residential,India
1,2056-03-13,712.11,residential,India
1,2056-03-14,681.23,residential,India
1,2056-03-15,724.19,residential,India
1,2056-03-16,696.18,residential,India
1,2056-03-17,698.27,residential,India
1,2056-03-18,683.72,residential,India
1,2056-03-19,721.85,residential,India
1,2056-03-20,688.2,residential,India
1,2056-03-21,710.23,residential,India
1,2056-03-22,690.58,residential,India
1,2056-03-23,711.71,residential,India
1,2056-03-24,722.21,residential,India
1,2056-03-25,711.76,residential,India
1,2056-03-26,702.49,residential,India
1,2056-03-27,736.99,residential,India
1,2056-03-28,690.88,residential,India
1,2056-03-29,710.01,residential,India
1,2056-03-30,709.45,residential,India
1,2056-03-31,745.0,residential,India
1,2056-04-01,712.06,residential,India
1,2056-04-02,701.3,residential,India
1,2056-04-03,697.34,residential,India
1,2056-04-04,685.89,residential,India
1,2056-04-05,729.78,residential,India
1,2056-04-06,742.75,residential,India
1,2056-04-07,685.18,residential,India
1,2056-04-08,697.02,residential,India
1,2056-04-09,749.19,residential,India
1,2056-04-10,693.66,residential,India
1,2056-04-11,680.23,residential,India
1,2056-04-12,733.23,residential,India
1,2056-04-13,715.23,residential,India
1,2056-04-14,718.01,residential,India
1,2056-04-15,722.46,residential,India
1,2056-04-16,670.51,residential,India
1,2056-04-17,704.57,residential,India
1,2056-04-18,728.77,residential,India
1,2056-04-19,718.29,residential,India
1,2056-04-20,712.67,residential,India
1,2056-04-21,703.17,residential,India
1,2056-04-22,711.98,residential,India
1,2056-04-23,727.62,residential,India
1,2056-04-24,704.7,residential,India
1,2056-04-25,717.58,residential,India
1,2056-04-26,748.92,residential,India
1,2056-04-27,686.28,residential,India
1,2056-04-28,718.59,residential,India
1,2056-04-29,700.57,residential,India
1,2056-04-30,724.04,residential,India
1,2056-05-01,712.25,residential,India
1,2056-05-02,712.79,residential,India
1,2056-05-03,688.66,residential,India
1,2056-05-04,697.95,residential,India
1,2056-05-05,720.18,residential,India
1,2056-05-06,714.27,residential,India
1,2056-05-07,713.5,residential,India
1,2056-05-08,692.37,residential,India
1,2056-05-09,705.65,residential,India
1,2056-05-10,758.65,residential,India
1,2056-05-11,668.01,residential,India
1,2056-05-12,733.95,residential,India
1,2056-05-13,714.42,residential,India
1,2056-05-14,737.75,residential,India
1,2056-05-15,738.77,residential,India
1,2056-05-16,690.55,residential,India
1,2056-05-17,719.54,residential,India
1,2056-05-18,710.47,residential,India
1,2056-05-19,712.93,residential,India
1,2056-05-20,732.91,residential,India
1,2056-05-21,737.66,residential,India
1,2056-05-22,695.59,residential,India
1,2056-05-23,715.01,residential,India
1,2056-05-24,718.46,residential,India
1,2056-05-25,713.32,residential,India
1,2056-05-26,704.33,residential,India
1,2056-05-27,691.77,residential,India
1,2056-05-28,736.86,residential,India
1,2056-05-29,719.66,residential,India
1,2056-05-30,726.63,residential,India
1,2056-05-31,715.82,residential,India
1,2056-06-01,721.59,residential,India
1,2056-06-02,691.06,residential,India
1,2056-06-03,714.35,residential,India
1,2056-06-04,700.06,residential,India
1,2056-06-05,747.06,residential,India
1,2056-06-06,733.28,residential,India
1,2056-06-07,717.94,residential,India
1,2056-06-08,724.04,residential,India
1,2056-06-09,670.87,residential,India
1,2056-06-10,717.99,residential,India
1,2056-06-11,733.37,residential,India
1,2056-06-12,733.63,residential,India
1,2056-06-13,718.87,residential,India
1,2056-06-14,736.52,residential,India
1,2056-06-15,711.85,residential,India
1,2056-06-16,715.99,residential,India
1,2056-06-17,745.73,residential,India
1,2056-06-18,706.55,residential,India
1,2056-06-19,690.59,residential,India
1,2056-06-20,755.11,residential,India
1,2056-06-21,691.56,residential,India
1,2056-06-22,702.79,residential,India
1,2056-06-23,716.91,residential,India
1,2056-06-24,724.44,residential,India
1,2056-06-25,733.66,residential,India
1,2056-06-26,739.13,residential,India
1,2056-06-27,747.6,residential,India
1,2056-06-28,730.38,residential,India
1,2056-06-29,722.72,residential,India
1,2056-06-30,745.62,residential,India
1,2056-07-01,706.58,residential,India
1,2056-07-02,707.94,residential,India
1,2056-07-03,714.28,residential,India
1,2056-07-04,709.41,residential,India
1,2056-07-05,744.43,residential,India
1,2056-07-06,753.67,residential,India
1,2056-07-07,726.24,residential,India
1,2056-07-08,718.28,residential,India
1,2056-07-09,728.99,residential,India
1,2056-07-10,750.92,residential,India
1,2056-07-11,718.93,residential,India
1,2056-07-12,717.0,residential,India
1,2056-07-13,742.34,residential,India
1,2056-07-14,726.66,residential,India
1,2056-07-15,736.0,residential,India
1,2056-07-16,709.55,residential,India
1,2056-07-17,727.83,residential,India
1,2056-07-18,701.22,residential,India
1,2056-07-19,710.38,residential,India
1,2056-07-20,745.2,residential,India
1,2056-07-21,726.52,residential,India
1,2056-07-22,759.99,residential,India
1,2056-07-23,760.68,residential,India
1,2056-07-24,717.13,residential,India
1,2056-07-25,738.84,residential,India
1,2056-07-26,762.41,residential,India
1,2056-07-27,732.42,residential,India
1,2056-07-28,740.04,residential,India
1,2056-07-29,717.57,residential,India
1,2056-07-30,712.61,residential,India
1,2056-07-31,726.29,residential,India
1,2056-08-01,743.92,residential,India
1,2056-08-02,751.98,residential,India
1,2056-08-03,740.94,residential,India
1,2056-08-04,723.52,residential,India
1,2056-08-05,714.77,residential,India
1,2056-08-06,721.07,residential,India
1,2056-08-07,713.34,residential,India
1,2056-08-08,738.44,residential,India
1,2056-08-09,754.7,residential,India
1,2056-08-10,732.65,residential,India
1,2056-08-11,756.37,residential,India
1,2056-08-12,741.79,residential,India
1,2056-08-13,730.56,residential,India
1,2056-08-14,753.25,residential,India
1,2056-08-15,757.89,residential,India
1,2056-08-16,738.9,residential,India
1,2056-08-17,741.09,residential,India
1,2056-08-18,723.07,residential,India
1,2056-08-19,698.72,residential,India
1,2056-08-20,742.64,residential,India
1,2056-08-21,745.41,residential,India
1,2056-08-22,749.71,residential,India
1,2056-08-23,752.05,residential,India
1,2056-08-24,743.71,residential,India
1,2056-08-25,719.8,residential,India
1,2056-08-26,736.54,residential,India
1,2056-08-27,751.03,residential,India
1,2056-08-28,744.44,residential,India
1,2056-08-29,746.47,residential,India
1,2056-08-30,741.0,residential,India
1,2056-08-31,727.63,residential,India
1,2056-09-01,709.51,residential,India
1,2056-09-02,718.7,residential,India
1,2056-09-03,745.13,residential,India
1,2056-09-04,711.55,residential,India
1,2056-09-05,745.89,residential,India
1,2056-09-06,746.99,residential,India
1,2056-09-07,749.7,residential,India
1,2056-09-08,742.94,residential,India
1,2056-09-09,766.79,residential,India
1,2056-09-10,741.95,residential,India
1,2056-09-11,735.32,residential,India
1,2056-09-12,743.26,residential,India
1,2056-09-13,769.39,residential,India
1,2056-09-14,727.02,residential,India
1,2056-09-15,726.59,residential,India
1,2056-09-16,735.21,residential,India
1,2056-09-17,750.04,residential,India
1,2056-09-18,808.26,residential,India
1,2056-09-19,717.08,residential,India
1,2056-09-20,717.8,residential,India
1,2056-09-21,720.5,residential,India
1,2056-09-22,769.27,residential,India
1,2056-09-23,784.9,residential,India
1,2056-09-24,724.7,residential,India
1,2056-09-25,739.52,residential,India
1,2056-09-26,795.28,residential,India
1,2056-09-27,763.9,residential,India
1,2056-09-28,738.87,residential,India
1,2056-09-29,740.16,residential,India
1,2056-09-30,775.44,residential,India
1,2056-10-01,727.61,residential,India
1,2056-10-02,758.43,residential,India
1,2056-10-03,749.39,residential,India
1,2056-10-04,753.77,residential,India
1,2056-10-05,776.21,residential,India
1,2056-10-06,690.7,residential,India
1,2056-10-07,771.56,residential,India
1,2056-10-08,751.32,residential,India
1,2056-10-09,728.57,residential,India
1,2056-10-10,733.08,residential,India
1,2056-10-11,741.09,residential,India
1,2056-10-12,752.02,residential,India
1,2056-10-13,723.79,residential,India
1,2056-10-14,732.96,residential,India
1,2056-10-15,735.34,residential,India
1,2056-10-16,731.34,residential,India
1,2056-10-17,760.98,residential,India
1,2056-10-18,718.47,residential,India
1,2056-10-19,733.83,residential,India
1,2056-10-20,739.68,residential,India
1,2056-10-21,743.74,residential,India
1,2056-10-22,747.92,residential,India
1,2056-10-23,749.96,residential,India
1,2056-10-24,731.38,residential,India
1,2056-10-25,739.45,residential,India
1,2056-10-26,781.37,residential,India
1,2056-10-27,738.59,residential,India
1,2056-10-28,744.26,residential,India
1,2056-10-29,768.58,residential,India
1,2056-10-30,737.03,residential,India
1,2056-10-31,750.77,residential,India
1,2056-11-01,735.89,residential,India
1,2056-11-02,760.6,residential,India
1,2056-11-03,762.24,residential,India
1,2056-11-04,766.24,residential,India
1,2056-11-05,734.97,residential,India
1,2056-11-06,750.77,residential,India
1,2056-11-07,746.51,residential,India
1,2056-11-08,752.3,residential,India
1,2056-11-09,760.81,residential,India
1,2056-11-10,733.12,residential,India
1,2056-11-11,754.92,residential,India
1,2056-11-12,784.3,residential,India
1,2056-11-13,737.51,residential,India
1,2056-11-14,745.47,residential,India
1,2056-11-15,766.16,residential,India
1,2056-11-16,781.23,residential,India
1,2056-11-17,719.51,residential,India
1,2056-11-18,784.56,residential,India
1,2056-11-19,761.1,residential,India
1,2056-11-20,761.9,residential,India
1,2056-11-21,733.33,residential,India
1,2056-11-22,751.43,residential,India
1,2056-11-23,737.81,residential,India
1,2056-11-24,747.34,residential,India
1,2056-11-25,746.55,residential,India
1,2056-11-26,767.62,residential,India
1,2056-11-27,784.08,residential,India
1,2056-11-28,758.94,residential,India
1,2056-11-29,761.46,residential,India
1,2056-11-30,779.62,residential,India
1,2056-12-01,747.12,residential,India
1,2056-12-02,752.7,residential,India
1,2056-12-03,763.91,residential,India
1,2056-12-04,764.35,residential,India
1,2056-12-05,777.4,residential,India
1,2056-12-06,752.19,residential,India
1,2056-12-07,756.78,residential,India
1,2056-12-08,740.98,residential,India
1,2056-12-09,759.91,residential,India
1,2056-12-10,786.29,residential,India
1,2056-12-11,772.01,residential,India
1,2056-12-12,742.78,residential,India
1,2056-12-13,763.27,residential,India
1,2056-12-14,727.05,residential,India
1,2056-12-15,743.51,residential,India
1,2056-12-16,785.4,residential,India
1,2056-12-17,764.42,residential,India
1,2056-12-18,772.82,residential,India
1,2056-12-19,751.21,residential,India
1,2056-12-20,770.3,residential,India
1,2056-12-21,737.19,residential,India
1,2056-12-22,745.99,residential,India
1,2056-12-23,777.16,residential,India
1,2056-12-24,731.77,residential,India
1,2056-12-25,757.56,residential,India
1,2056-12-26,780.0,residential,India
1,2056-12-27,791.45,residential,India
1,2056-12-28,763.73,residential,India
1,2056-12-29,756.79,residential,India
1,2056-12-30,801.46,residential,India
1,2056-12-31,748.16,residential,India
1,2057-01-01,766.21,residential,India
1,2057-01-02,756.49,residential,India
1,2057-01-03,754.5,residential,India
1,2057-01-04,783.25,residential,India
1,2057-01-05,740.26,residential,India
1,2057-01-06,782.36,residential,India
1,2057-01-07,761.94,residential,India
1,2057-01-08,786.45,residential,India
1,2057-01-09,747.05,residential,India
1,2057-01-10,787.76,residential,India
1,2057-01-11,750.17,residential,India
1,2057-01-12,766.29,residential,India
1,2057-01-13,764.76,residential,India
1,2057-01-14,754.84,residential,India
1,2057-01-15,757.04,residential,India
1,2057-01-16,733.24,residential,India
1,2057-01-17,776.49,residential,India
1,2057-01-18,768.74,residential,India
1,2057-01-19,787.32,residential,India
1,2057-01-20,767.09,residential,India
1,2057-01-21,744.86,residential,India
1,2057-01-22,739.88,residential,India
1,2057-01-23,759.81,residential,India
1,2057-01-24,737.21,residential,India
1,2057-01-25,775.57,residential,India
1,2057-01-26,734.87,residential,India
1,2057-01-27,774.08,residential,India
1,2057-01-28,764.24,residential,India
1,2057-01-29,825.63,residential,India
1,2057-01-30,757.69,residential,India
1,2057-01-31,805.59,residential,India
1,2057-02-01,774.39,residential,India
1,2057-02-02,786.98,residential,India
1,2057-02-03,787.96,residential,India
1,2057-02-04,755.2,residential,India
1,2057-02-05,799.61,residential,India
1,2057-02-06,742.46,residential,India
1,2057-02-07,761.29,residential,India
1,2057-02-08,795.6,residential,India
1,2057-02-09,765.07,residential,India
1,2057-02-10,749.48,residential,India
1,2057-02-11,774.13,residential,India
1,2057-02-12,768.84,residential,India
1,2057-02-13,765.32,residential,India
1,2057-02-14,813.72,residential,India
1,2057-02-15,788.49,residential,India
1,2057-02-16,800.35,residential,India
1,2057-02-17,768.22,residential,India
1,2057-02-18,788.72,residential,India
1,2057-02-19,748.5,residential,India
1,2057-02-20,758.5,residential,India
1,2057-02-21,795.59,residential,India
1,2057-02-22,742.44,residential,India
1,2057-02-23,775.66,residential,India
1,2057-02-24,769.72,residential,India
1,2057-02-25,762.92,residential,India
1,2057-02-26,804.23,residential,India
1,2057-02-27,752.56,residential,India
1,2057-02-28,769.73,residential,India
1,2057-03-01,747.68,residential,India
1,2057-03-02,802.49,residential,India
1,2057-03-03,774.59,residential,India
1,2057-03-04,786.61,residential,India
1,2057-03-05,800.63,residential,India
1,2057-03-06,795.59,residential,India
1,2057-03-07,801.61,residential,India
1,2057-03-08,791.46,residential,India
1,2057-03-09,768.27,residential,India
1,2057-03-10,752.84,residential,India
1,2057-03-11,739.04,residential,India
1,2057-03-12,768.79,residential,India
1,2057-03-13,743.61,residential,India
1,2057-03-14,812.14,residential,India
1,2057-03-15,750.81,residential,India
1,2057-03-16,804.19,residential,India
1,2057-03-17,798.2,residential,India
1,2057-03-18,781.65,residential,India
1,2057-03-19,763.18,residential,India
1,2057-03-20,781.82,residential,India
1,2057-03-21,772.54,residential,India
1,2057-03-22,765.13,residential,India
1,2057-03-23,786.23,residential,India
1,2057-03-24,756.7,residential,India
1,2057-03-25,788.65,residential,India
1,2057-03-26,764.38,residential,India
1,2057-03-27,793.59,residential,India
1,2057-03-28,806.04,residential,India
1,2057-03-29,798.89,residential,India
1,2057-03-30,799.7,residential,India
1,2057-03-31,802.43,residential,India
1,2057-04-01,779.11,residential,India
1,2057-04-02,808.33,residential,India
1,2057-04-03,805.45,residential,India
1,2057-04-04,791.44,residential,India
1,2057-04-05,797.27,residential,India
1,2057-04-06,776.96,residential,India
1,2057-04-07,760.41,residential,India
1,2057-04-08,815.7,residential,India
1,2057-04-09,788.89,residential,India
1,2057-04-10,783.98,residential,India
1,2057-04-11,792.99,residential,India
1,2057-04-12,769.29,residential,India
1,2057-04-13,779.72,residential,India
1,2057-04-14,806.82,residential,India
1,2057-04-15,777.73,residential,India
1,2057-04-16,800.45,residential,India
1,2057-04-17,808.55,residential,India
1,2057-04-18,779.72,residential,India
1,2057-04-19,777.71,residential,India
1,2057-04-20,757.81,residential,India
1,2057-04-21,821.98,residential,India
1,2057-04-22,773.32,residential,India
1,2057-04-23,818.11,residential,India
1,2057-04-24,803.63,residential,India
1,2057-04-25,769.82,residential,India
1,2057-04-26,777.46,residential,India
1,2057-04-27,782.44,residential,India
1,2057-04-28,781.4,residential,India
1,2057-04-29,780.82,residential,India
1,2057-04-30,794.58,residential,India
1,2057-05-01,813.06,residential,India
1,2057-05-02,804.14,residential,India
1,2057-05-03,766.0,residential,India
1,2057-05-04,781.99,residential,India
1,2057-05-05,796.65,residential,India
1,2057-05-06,776.71,residential,India
1,2057-05-07,814.46,residential,India
1,2057-05-08,760.38,residential,India
1,2057-05-09,802.79,residential,India
1,2057-05-10,792.61,residential,India
1,2057-05-11,774.97,residential,India
1,2057-05-12,769.37,residential,India
1,2057-05-13,782.52,residential,India
1,2057-05-14,762.68,residential,India
1,2057-05-15,818.47,residential,India
1,2057-05-16,793.79,residential,India
1,2057-05-17,815.58,residential,India
1,2057-05-18,755.54,residential,India
1,2057-05-19,840.5,residential,India
1,2057-05-20,787.93,residential,India
1,2057-05-21,784.09,residential,India
1,2057-05-22,801.38,residential,India
1,2057-05-23,792.4,residential,India
1,2057-05-24,793.1,residential,India
1,2057-05-25,827.41,residential,India
1,2057-05-26,788.28,residential,India
1,2057-05-27,810.8,residential,India
1,2057-05-28,796.59,residential,India
1,2057-05-29,787.37,residential,India
1,2057-05-30,794.34,residential,India
1,2057-05-31,782.58,residential,India
1,2057-06-01,807.3,residential,India
1,2057-06-02,773.28,residential,India
1,2057-06-03,811.07,residential,India
1,2057-06-04,794.64,residential,India
1,2057-06-05,798.66,residential,India
1,2057-06-06,768.66,residential,India
1,2057-06-07,858.29,residential,India
1,2057-06-08,787.93,residential,India
1,2057-06-09,805.76,residential,India
1,2057-06-10,827.39,residential,India
1,2057-06-11,780.61,residential,India
1,2057-06-12,815.74,residential,India
1,2057-06-13,792.69,residential,India
1,2057-06-14,764.0,residential,India
1,2057-06-15,737.29,residential,India
1,2057-06-16,835.66,residential,India
1,2057-06-17,806.37,residential,India
1,2057-06-18,823.62,residential,India
1,2057-06-19,829.85,residential,India
1,2057-06-20,806.8,residential,India
1,2057-06-21,765.47,residential,India
1,2057-06-22,790.04,residential,India
1,2057-06-23,798.86,residential,India
1,2057-06-24,805.04,residential,India
1,2057-06-25,805.76,residential,India
1,2057-06-26,815.15,residential,India
1,2057-06-27,795.49,residential,India
1,2057-06-28,788.64,residential,India
1,2057-06-29,809.9,residential,India
1,2057-06-30,803.13,residential,India
1,2057-07-01,805.0,residential,India
1,2057-07-02,783.33,residential,India
1,2057-07-03,789.25,residential,India
1,2057-07-04,807.14,residential,India
1,2057-07-05,801.43,residential,India
1,2057-07-06,799.04,residential,India
1,2057-07-07,801.09,residential,India
1,2057-07-08,796.5,residential,India
1,2057-07-09,815.35,residential,India
1,2057-07-10,785.82,residential,India
1,2057-07-11,825.73,residential,India
1,2057-07-12,848.47,residential,India
1,2057-07-13,762.57,residential,India
1,2057-07-14,829.13,residential,India
1,2057-07-15,784.07,residential,India
1,2057-07-16,805.63,residential,India
1,2057-07-17,801.07,residential,India
1,2057-07-18,837.36,residential,India
1,2057-07-19,788.75,residential,India
1,2057-07-20,799.81,residential,India
1,2057-07-21,802.5,residential,India
1,2057-07-22,796.86,residential,India
1,2057-07-23,798.39,residential,India
1,2057-07-24,768.51,residential,India
1,2057-07-25,834.98,residential,India
1,2057-07-26,800.53,residential,India
1,2057-07-27,808.48,residential,India
1,2057-07-28,805.06,residential,India
1,2057-07-29,781.54,residential,India
1,2057-07-30,777.84,residential,India
1,2057-07-31,839.0,residential,India
1,2057-08-01,764.37,residential,India
1,2057-08-02,790.03,residential,India
1,2057-08-03,812.12,residential,India
1,2057-08-04,797.87,residential,India
1,2057-08-05,817.77,residential,India
1,2057-08-06,824.82,residential,India
1,2057-08-07,828.49,residential,India
1,2057-08-08,820.92,residential,India
1,2057-08-09,802.37,residential,India
1,2057-08-10,793.85,residential,India
1,2057-08-11,801.67,residential,India
1,2057-08-12,846.58,residential,India
1,2057-08-13,801.09,residential,India
1,2057-08-14,801.66,residential,India
1,2057-08-15,786.97,residential,India
1,2057-08-16,829.43,residential,India
1,2057-08-17,831.43,residential,India
1,2057-08-18,818.44,residential,India
1,2057-08-19,844.98,residential,India
1,2057-08-20,802.11,residential,India
1,2057-08-21,800.31,residential,India
1,2057-08-22,777.63,residential,India
1,2057-08-23,801.03,residential,India
1,2057-08-24,835.89,residential,India
1,2057-08-25,816.75,residential,India
1,2057-08-26,838.49,residential,India
1,2057-08-27,833.95,residential,India
1,2057-08-28,813.82,residential,India
1,2057-08-29,832.96,residential,India
1,2057-08-30,817.17,residential,India
1,2057-08-31,817.46,residential,India
1,2057-09-01,768.39,residential,India
1,2057-09-02,805.62,residential,India
1,2057-09-03,785.38,residential,India
1,2057-09-04,798.14,residential,India
1,2057-09-05,834.53,residential,India
1,2057-09-06,803.57,residential,India
1,2057-09-07,817.58,residential,India
1,2057-09-08,811.03,residential,India
1,2057-09-09,801.73,residential,India
1,2057-09-10,814.54,residential,India
1,2057-09-11,815.14,residential,India
1,2057-09-12,811.62,residential,India
1,2057-09-13,814.03,residential,India
1,2057-09-14,853.79,residential,India
1,2057-09-15,796.58,residential,India
1,2057-09-16,813.4,residential,India
1,2057-09-17,813.84,residential,India
1,2057-09-18,826.88,residential,India
1,2057-09-19,845.06,residential,India
1,2057-09-20,786.56,residential,India
1,2057-09-21,802.89,residential,India
1,2057-09-22,826.6,residential,India
1,2057-09-23,817.95,residential,India
1,2057-09-24,845.35,residential,India
1,2057-09-25,827.52,residential,India
1,2057-09-26,817.09,residential,India
1,2057-09-27,830.82,residential,India
1,2057-09-28,787.74,residential,India
1,2057-09-29,854.17,residential,India
1,2057-09-30,814.33,residential,India
1,2057-10-01,791.96,residential,India
1,2057-10-02,750.28,residential,India
1,2057-10-03,780.98,residential,India
1,2057-10-04,770.7,residential,India
1,2057-10-05,794.95,residential,India
1,2057-10-06,788.69,residential,India
1,2057-10-07,798.59,residential,India
1,2057-10-08,845.19,residential,India
1,2057-10-09,846.46,residential,India
1,2057-10-10,826.86,residential,India
1,2057-10-11,805.2,residential,India
1,2057-10-12,825.32,residential,India
1,2057-10-13,810.59,residential,India
1,2057-10-14,786.27,residential,India
1,2057-10-15,816.84,residential,India
1,2057-10-16,811.61,residential,India
1,2057-10-17,813.07,residential,India
1,2057-10-18,799.1,residential,India
1,2057-10-19,830.25,residential,India
1,2057-10-20,808.5,residential,India
1,2057-10-21,814.45,residential,India
1,2057-10-22,804.36,residential,India
1,2057-10-23,799.47,residential,India
1,2057-10-24,802.22,residential,India
1,2057-10-25,771.77,residential,India
1,2057-10-26,777.32,residential,India
1,2057-10-27,815.12,residential,India
1,2057-10-28,785.29,residential,India
1,2057-10-29,810.14,residential,India
1,2057-10-30,834.44,residential,India
1,2057-10-31,853.41,residential,India
1,2057-11-01,829.51,residential,India
1,2057-11-02,809.49,residential,India
1,2057-11-03,810.45,residential,India
1,2057-11-04,801.68,residential,India
1,2057-11-05,842.49,residential,India
1,2057-11-06,795.24,residential,India
1,2057-11-07,799.52,residential,India
1,2057-11-08,841.62,residential,India
1,2057-11-09,820.79,residential,India
1,2057-11-10,807.67,residential,India
1,2057-11-11,808.07,residential,India
1,2057-11-12,790.48,residential,India
1,2057-11-13,797.62,residential,India
1,2057-11-14,851.23,residential,India
1,2057-11-15,807.87,residential,India
1,2057-11-16,787.63,residential,India
1,2057-11-17,834.14,residential,India
1,2057-11-18,796.16,residential,India
1,2057-11-19,796.58,residential,India
1,2057-11-20,827.42,residential,India
1,2057-11-21,824.38,residential,India
1,2057-11-22,814.88,residential,India
1,2057-11-23,824.58,residential,India
1,2057-11-24,802.33,residential,India
1,2057-11-25,843.73,residential,India
1,2057-11-26,811.57,residential,India
1,2057-11-27,804.4,residential,India
1,2057-11-28,851.96,residential,India
1,2057-11-29,815.52,residential,India
1,2057-11-30,827.14,residential,India
1,2057-12-01,809.98,residential,India
1,2057-12-02,841.13,residential,India
1,2057-12-03,840.36,residential,India
1,2057-12-04,818.43,residential,India
1,2057-12-05,840.21,residential,India
1,2057-12-06,823.82,residential,India
1,2057-12-07,790.08,residential,India
1,2057-12-08,767.7,residential,India
1,2057-12-09,828.15,residential,India
1,2057-12-10,758.1,residential,India
1,2057-12-11,788.4,residential,India
1,2057-12-12,812.0,residential,India
1,2057-12-13,817.98,residential,India
1,2057-12-14,778.34,residential,India
1,2057-12-15,791.65,residential,India
1,2057-12-16,832.52,residential,India
1,2057-12-17,814.41,residential,India
1,2057-12-18,827.2,residential,India
1,2057-12-19,837.1,residential,India
1,2057-12-20,834.54,residential,India
1,2057-12-21,807.92,residential,India
1,2057-12-22,815.51,residential,India
1,2057-12-23,834.52,residential,India
1,2057-12-24,831.12,residential,India
1,2057-12-25,827.36,residential,India
1,2057-12-26,834.44,residential,India
1,2057-12-27,785.94,residential,India
1,2057-12-28,828.33,residential,India
1,2057-12-29,790.48,residential,India
1,2057-12-30,785.27,residential,India
1,2057-12-31,796.29,residential,India
1,2058-01-01,840.46,residential,India
1,2058-01-02,821.36,residential,India
1,2058-01-03,808.16,residential,India
1,2058-01-04,811.31,residential,India
1,2058-01-05,810.56,residential,India
1,2058-01-06,815.83,residential,India
1,2058-01-07,837.58,residential,India
1,2058-01-08,834.65,residential,India
1,2058-01-09,810.77,residential,India
1,2058-01-10,817.24,residential,India
1,2058-01-11,809.51,residential,India
1,2058-01-12,814.21,residential,India
1,2058-01-13,798.67,residential,India
1,2058-01-14,800.89,residential,India
1,2058-01-15,825.28,residential,India
1,2058-01-16,819.03,residential,India
1,2058-01-17,836.93,residential,India
1,2058-01-18,845.63,residential,India
1,2058-01-19,828.3,residential,India
1,2058-01-20,844.53,residential,India
1,2058-01-21,798.5,residential,India
1,2058-01-22,789.95,residential,India
1,2058-01-23,836.38,residential,India
1,2058-01-24,828.55,residential,India
1,2058-01-25,797.51,residential,India
1,2058-01-26,794.06,residential,India
1,2058-01-27,824.34,residential,India
1,2058-01-28,811.3,residential,India
1,2058-01-29,823.24,residential,India
1,2058-01-30,855.0,residential,India
1,2058-01-31,824.3,residential,India
1,2058-02-01,812.33,residential,India
1,2058-02-02,859.18,residential,India
1,2058-02-03,833.79,residential,India
1,2058-02-04,816.05,residential,India
1,2058-02-05,814.87,residential,India
1,2058-02-06,842.7,residential,India
1,2058-02-07,820.6,residential,India
1,2058-02-08,834.69,residential,India
1,2058-02-09,845.65,residential,India
1,2058-02-10,811.78,residential,India
1,2058-02-11,808.2,residential,India
1,2058-02-12,834.12,residential,India
1,2058-02-13,817.09,residential,India
1,2058-02-14,820.81,residential,India
1,2058-02-15,816.21,residential,India
1,2058-02-16,805.28,residential,India
1,2058-02-17,829.08,residential,India
1,2058-02-18,832.36,residential,India
1,2058-02-19,817.57,residential,India
1,2058-02-20,843.1,residential,India
1,2058-02-21,837.18,residential,India
1,2058-02-22,818.13,residential,India
1,2058-02-23,839.2,residential,India
1,2058-02-24,791.0,residential,India
1,2058-02-25,827.59,residential,India
1,2058-02-26,771.9,residential,India
1,2058-02-27,819.51,residential,India
1,2058-02-28,820.43,residential,India
1,2058-03-01,826.31,residential,India
1,2058-03-02,826.77,residential,India
1,2058-03-03,829.98,residential,India
1,2058-03-04,819.57,residential,India
1,2058-03-05,830.47,residential,India
1,2058-03-06,826.34,residential,India
1,2058-03-07,820.88,residential,India
1,2058-03-08,820.71,residential,India
1,2058-03-09,781.8,residential,India
1,2058-03-10,824.19,residential,India
1,2058-03-11,825.47,residential,India
1,2058-03-12,851.2,residential,India
1,2058-03-13,793.66,residential,India
1,2058-03-14,827.87,residential,India
1,2058-03-15,833.77,residential,India
1,2058-03-16,841.62,residential,India
1,2058-03-17,856.31,residential,India
1,2058-03-18,824.48,residential,India
1,2058-03-19,834.54,residential,India
1,2058-03-20,863.0,residential,India
1,2058-03-21,807.61,residential,India
1,2058-03-22,796.38,residential,India
1,2058-03-23,797.45,residential,India
1,2058-03-24,839.39,residential,India
1,2058-03-25,819.55,residential,India
1,2058-03-26,792.13,residential,India
1,2058-03-27,791.61,residential,India
1,2058-03-28,832.29,residential,India
1,2058-03-29,857.64,residential,India
1,2058-03-30,820.91,residential,India
1,2058-03-31,815.76,residential,India
1,2058-04-01,830.47,residential,India
1,2058-04-02,807.2,residential,India
1,2058-04-03,834.78,residential,India
1,2058-04-04,835.91,residential,India
1,2058-04-05,850.7,residential,India
1,2058-04-06,782.72,residential,India
1,2058-04-07,816.62,residential,India
1,2058-04-08,836.6,residential,India
1,2058-04-09,831.31,residential,India
1,2058-04-10,819.9,residential,India
1,2058-04-11,810.32,residential,India
1,2058-04-12,803.67,residential,India
1,2058-04-13,789.42,residential,India
1,2058-04-14,835.84,residential,India
1,2058-04-15,841.47,residential,India
1,2058-04-16,805.1,residential,India
1,2058-04-17,850.42,residential,India
1,2058-04-18,837.24,residential,India
1,2058-04-19,811.22,residential,India
1,2058-04-20,802.87,residential,India
1,2058-04-21,819.7,residential,India
1,2058-04-22,835.83,residential,India
1,2058-04-23,802.24,residential,India
1,2058-04-24,827.68,residential,India
1,2058-04-25,808.3,residential,India
1,2058-04-26,804.23,residential,India
1,2058-04-27,806.19,residential,India
1,2058-04-28,823.27,residential,India
1,2058-04-29,796.92,residential,India
1,2058-04-30,810.6,residential,India
1,2058-05-01,849.79,residential,India
1,2058-05-02,806.05,residential,India
1,2058-05-03,799.92,residential,India
1,2058-05-04,779.68,residential,India
1,2058-05-05,802.72,residential,India
1,2058-05-06,818.64,residential,India
1,2058-05-07,814.25,residential,India
1,2058-05-08,848.53,residential,India
1,2058-05-09,779.44,residential,India
1,2058-05-10,819.52,residential,India
1,2058-05-11,802.31,residential,India
1,2058-05-12,790.04,residential,India
1,2058-05-13,808.51,residential,India
1,2058-05-14,819.37,residential,India
1,2058-05-15,806.36,residential,India
1,2058-05-16,816.26,residential,India
1,2058-05-17,809.29,residential,India
1,2058-05-18,793.37,residential,India
1,2058-05-19,825.28,residential,India
1,2058-05-20,779.84,residential,India
1,2058-05-21,833.39,residential,India
1,2058-05-22,802.56,residential,India
1,2058-05-23,811.65,residential,India
1,2058-05-24,788.87,residential,India
1,2058-05-25,770.72,residential,India
1,2058-05-26,844.2,residential,India
1,2058-05-27,822.45,residential,India
1,2058-05-28,839.53,residential,India
1,2058-05-29,822.23,residential,India
1,2058-05-30,829.33,residential,India
1,2058-05-31,863.09,residential,India
1,2058-06-01,816.62,residential,India
1,2058-06-02,792.15,residential,India
1,2058-06-03,802.91,residential,India
1,2058-06-04,787.16,residential,India
1,2058-06-05,823.52,residential,India
1,2058-06-06,764.81,residential,India
1,2058-06-07,824.71,residential,India
1,2058-06-08,803.97,residential,India
1,2058-06-09,810.0,residential,India
1,2058-06-10,793.41,residential,India
1,2058-06-11,808.41,residential,India
1,2058-06-12,804.3,residential,India
1,2058-06-13,783.38,residential,India
1,2058-06-14,794.93,residential,India
1,2058-06-15,778.61,residential,India
1,2058-06-16,807.95,residential,India
1,2058-06-17,806.05,residential,India
1,2058-06-18,797.66,residential,India
1,2058-06-19,817.54,residential,India
1,2058-06-20,811.77,residential,India
1,2058-06-21,808.59,residential,India
1,2058-06-22,796.24,residential,India
1,2058-06-23,823.06,residential,India
1,2058-06-24,795.98,residential,India
1,2058-06-25,812.59,residential,India
1,2058-06-26,788.89,residential,India
1,2058-06-27,800.97,residential,India
1,2058-06-28,819.56,residential,India
1,2058-06-29,799.08,residential,India
1,2058-06-30,813.3,residential,India
1,2058-07-01,794.54,residential,India
1,2058-07-02,800.2,residential,India
1,2058-07-03,809.39,residential,India
1,2058-07-04,821.67,residential,India
1,2058-07-05,820.03,residential,India
1,2058-07-06,765.51,residential,India
1,2058-07-07,834.39,residential,India
1,2058-07-08,804.29,residential,India
1,2058-07-09,800.56,residential,India
1,2058-07-10,848.63,residential,India
1,2058-07-11,805.85,residential,India
1,2058-07-12,805.64,residential,India
1,2058-07-13,835.29,residential,India
1,2058-07-14,794.14,residential,India
1,2058-07-15,807.77,residential,India
1,2058-07-16,796.41,residential,India
1,2058-07-17,811.24,residential,India
1,2058-07-18,793.44,residential,India
1,2058-07-19,805.63,residential,India
1,2058-07-20,831.48,residential,India
1,2058-07-21,859.17,residential,India
1,2058-07-22,783.1,residential,India
1,2058-07-23,774.37,residential,India
1,2058-07-24,796.43,residential,India
1,2058-07-25,809.75,residential,India
1,2058-07-26,804.77,residential,India
1,2058-07-27,789.27,residential,India
1,2058-07-28,845.87,residential,India
1,2058-07-29,794.79,residential,India
1,2058-07-30,795.41,residential,India
1,2058-07-31,847.09,residential,India
1,2058-08-01,802.52,residential,India
1,2058-08-02,779.94,residential,India
1,2058-08-03,790.01,residential,India
1,2058-08-04,821.54,residential,India
1,2058-08-05,801.22,residential,India
1,2058-08-06,793.09,residential,India
1,2058-08-07,829.84,residential,India
1,2058-08-08,820.92,residential,India
1,2058-08-09,781.1,residential,India
1,2058-08-10,824.43,residential,India
1,2058-08-11,840.38,residential,India
1,2058-08-12,804.81,residential,India
1,2058-08-13,797.27,residential,India
1,2058-08-14,799.24,residential,India
1,2058-08-15,833.8,residential,India
1,2058-08-16,810.54,residential,India
1,2058-08-17,775.7,residential,India
1,2058-08-18,791.84,residential,India
1,2058-08-19,836.73,residential,India
1,2058-08-20,841.33,residential,India
1,2058-08-21,788.42,residential,India
1,2058-08-22,803.83,residential,India
1,2058-08-23,816.77,residential,India
1,2058-08-24,858.4,residential,India
1,2058-08-25,823.11,residential,India
1,2058-08-26,825.52,residential,India
1,2058-08-27,765.02,residential,India
1,2058-08-28,801.06,residential,India
1,2058-08-29,827.86,residential,India
1,2058-08-30,811.29,residential,India
1,2058-08-31,785.2,residential,India
1,2058-09-01,806.05,residential,India
1,2058-09-02,801.76,residential,India
1,2058-09-03,799.08,residential,India
1,2058-09-04,796.72,residential,India
1,2058-09-05,788.52,residential,India
1,2058-09-06,806.91,residential,India
1,2058-09-07,798.05,residential,India
1,2058-09-08,826.24,residential,India
1,2058-09-09,797.78,residential,India
1,2058-09-10,789.18,residential,India
1,2058-09-11,784.78,residential,India
1,2058-09-12,791.28,residential,India
1,2058-09-13,814.64,residential,India
1,2058-09-14,781.26,residential,India
1,2058-09-15,842.93,residential,India
1,2058-09-16,801.44,residential,India
1,2058-09-17,797.36,residential,India
1,2058-09-18,805.29,residential,India
1,2058-09-19,792.51,residential,India
1,2058-09-20,782.7,residential,India
1,2058-09-21,800.25,residential,India
1,2058-09-22,801.36,residential,India
1,2058-09-23,802.23,residential,India
1,2058-09-24,792.56,residential,India
1,2058-09-25,765.71,residential,India
1,2058-09-26,783.47,residential,India
1,2058-09-27,774.25,residential,India
1,2058-09-28,778.02,residential,India
1,2058-09-29,790.24,residential,India
1,2058-09-30,808.84,residential,India
1,2058-10-01,753.72,residential,India
1,2058-10-02,790.94,residential,India
1,2058-10-03,793.89,residential,India
1,2058-10-04,759.65,residential,India
1,2058-10-05,768.55,residential,India
1,2058-10-06,825.88,residential,India
1,2058-10-07,815.32,residential,India
1,2058-10-08,810.73,residential,India
1,2058-10-09,739.1,residential,India
1,2058-10-10,807.06,residential,India
1,2058-10-11,775.48,residential,India
1,2058-10-12,804.56,residential,India
1,2058-10-13,793.53,residential,India
1,2058-10-14,835.29,residential,India
1,2058-10-15,783.9,residential,India
1,2058-10-16,776.74,residential,India
1,2058-10-17,825.7,residential,India
1,2058-10-18,832.68,residential,India
1,2058-10-19,774.35,residential,India
1,2058-10-20,753.73,residential,India
1,2058-10-21,777.94,residential,India
1,2058-10-22,753.0,residential,India
1,2058-10-23,781.57,residential,India
1,2058-10-24,756.29,residential,India
1,2058-10-25,761.72,residential,India
1,2058-10-26,800.96,residential,India
1,2058-10-27,771.63,residential,India
1,2058-10-28,763.21,residential,India
1,2058-10-29,779.92,residential,India
1,2058-10-30,803.44,residential,India
1,2058-10-31,825.76,residential,India
1,2058-11-01,817.72,residential,India
1,2058-11-02,812.27,residential,India
1,2058-11-03,774.96,residential,India
1,2058-11-04,800.06,residential,India
1,2058-11-05,796.02,residential,India
1,2058-11-06,848.91,residential,India
1,2058-11-07,789.1,residential,India
1,2058-11-08,778.01,residential,India
1,2058-11-09,782.67,residential,India
1,2058-11-10,773.68,residential,India
1,2058-11-11,805.13,residential,India
1,2058-11-12,819.76,residential,India
1,2058-11-13,767.4,residential,India
1,2058-11-14,789.96,residential,India
1,2058-11-15,802.47,residential,India
1,2058-11-16,765.88,residential,India
1,2058-11-17,802.76,residential,India
1,2058-11-18,783.77,residential,India
1,2058-11-19,776.42,residential,India
1,2058-11-20,757.79,residential,India
1,2058-11-21,718.76,residential,India
1,2058-11-22,814.42,residential,India
1,2058-11-23,784.92,residential,India
1,2058-11-24,783.13,residential,India
1,2058-11-25,779.37,residential,India
1,2058-11-26,772.18,residential,India
1,2058-11-27,784.92,residential,India
1,2058-11-28,801.93,residential,India
1,2058-11-29,784.37,residential,India
1,2058-11-30,797.27,residential,India
1,2058-12-01,779.19,residential,India
1,2058-12-02,821.12,residential,India
1,2058-12-03,773.6,residential,India
1,2058-12-04,806.28,residential,India
1,2058-12-05,793.28,residential,India
1,2058-12-06,762.88,residential,India
1,2058-12-07,761.65,residential,India
1,2058-12-08,746.33,residential,India
1,2058-12-09,798.94,residential,India
1,2058-12-10,806.06,residential,India
1,2058-12-11,757.84,residential,India
1,2058-12-12,786.0,residential,India
1,2058-12-13,826.06,residential,India
1,2058-12-14,747.38,residential,India
1,2058-12-15,795.51,residential,India
1,2058-12-16,780.74,residential,India
1,2058-12-17,783.54,residential,India
1,2058-12-18,798.06,residential,India
1,2058-12-19,774.83,residential,India
1,2058-12-20,786.28,residential,India
1,2058-12-21,799.14,residential,India
1,2058-12-22,790.46,residential,India
1,2058-12-23,789.61,residential,India
1,2058-12-24,782.63,residential,India
1,2058-12-25,774.61,residential,India
1,2058-12-26,763.5,residential,India
1,2058-12-27,769.16,residential,India
1,2058-12-28,776.74,residential,India
1,2058-12-29,785.33,residential,India
1,2058-12-30,748.14,residential,India
1,2058-12-31,821.65,residential,India
1,2059-01-01,764.06,residential,India
1,2059-01-02,761.02,residential,India
1,2059-01-03,810.0,residential,India
1,2059-01-04,799.32,residential,India
1,2059-01-05,762.13,residential,India
1,2059-01-06,794.64,residential,India
1,2059-01-07,759.81,residential,India
1,2059-01-08,781.0,residential,India
1,2059-01-09,762.25,residential,India
1,2059-01-10,756.7,residential,India
1,2059-01-11,816.19,residential,India
1,2059-01-12,790.42,residential,India
1,2059-01-13,785.36,residential,India
1,2059-01-14,754.02,residential,India
1,2059-01-15,793.73,residential,India
1,2059-01-16,747.46,residential,India
1,2059-01-17,747.32,residential,India
1,2059-01-18,809.0,residential,India
1,2059-01-19,769.01,residential,India
1,2059-01-20,751.36,residential,India
1,2059-01-21,770.06,residential,India
1,2059-01-22,738.68,residential,India
1,2059-01-23,786.6,residential,India
1,2059-01-24,767.91,residential,India
1,2059-01-25,789.65,residential,India
1,2059-01-26,789.72,residential,India
1,2059-01-27,745.97,residential,India
1,2059-01-28,762.28,residential,India
1,2059-01-29,765.72,residential,India
1,2059-01-30,749.26,residential,India
1,2059-01-31,783.13,residential,India
1,2059-02-01,739.49,residential,India
1,2059-02-02,764.28,residential,India
1,2059-02-03,780.3,residential,India
1,2059-02-04,780.8,residential,India
1,2059-02-05,782.94,residential,India
1,2059-02-06,765.13,residential,India
1,2059-02-07,763.84,residential,India
1,2059-02-08,771.24,residential,India
1,2059-02-09,774.23,residential,India
1,2059-02-10,778.91,residential,India
1,2059-02-11,810.22,residential,India
1,2059-02-12,743.45,residential,India
1,2059-02-13,761.24,residential,India
1,2059-02-14,772.48,residential,India
1,2059-02-15,799.81,residential,India
1,2059-02-16,734.28,residential,India
1,2059-02-17,781.22,residential,India
1,2059-02-18,778.81,residential,India
1,2059-02-19,771.94,residential,India
1,2059-02-20,768.99,residential,India
1,2059-02-21,760.08,residential,India
1,2059-02-22,776.74,residential,India
1,2059-02-23,772.08,residential,India
1,2059-02-24,796.39,residential,India
1,2059-02-25,771.5,residential,India
1,2059-02-26,770.83,residential,India
1,2059-02-27,752.63,residential,India
1,2059-02-28,768.09,residential,India
1,2059-03-01,758.98,residential,India
1,2059-03-02,773.06,residential,India
1,2059-03-03,746.34,residential,India
1,2059-03-04,777.28,residential,India
1,2059-03-05,764.27,residential,India
1,2059-03-06,754.22,residential,India
1,2059-03-07,771.13,residential,India
1,2059-03-08,799.36,residential,India
1,2059-03-09,742.69,residential,India
1,2059-03-10,798.83,residential,India
1,2059-03-11,758.19,residential,India
1,2059-03-12,764.6,residential,India
1,2059-03-13,726.83,residential,India
1,2059-03-14,780.62,residential,India
1,2059-03-15,780.8,residential,India
1,2059-03-16,749.45,residential,India
1,2059-03-17,748.69,residential,India
1,2059-03-18,773.63,residential,India
1,2059-03-19,765.02,residential,India
1,2059-03-20,750.31,residential,India
1,2059-03-21,781.12,residential,India
1,2059-03-22,808.24,residential,India
1,2059-03-23,784.59,residential,India
1,2059-03-24,716.69,residential,India
1,2059-03-25,775.29,residential,India
1,2059-03-26,737.62,residential,India
1,2059-03-27,776.27,residential,India
1,2059-03-28,739.98,residential,India
1,2059-03-29,793.2,residential,India
1,2059-03-30,758.21,residential,India
1,2059-03-31,763.5,residential,India
1,2059-04-01,766.21,residential,India
1,2059-04-02,795.77,residential,India
1,2059-04-03,735.78,residential,India
1,2059-04-04,744.48,residential,India
1,2059-04-05,774.45,residential,India
1,2059-04-06,775.72,residential,India
1,2059-04-07,771.13,residential,India
1,2059-04-08,762.77,residential,India
1,2059-04-09,745.43,residential,India
1,2059-04-10,812.84,residential,India
1,2059-04-11,770.75,residential,India
1,2059-04-12,791.29,residential,India
1,2059-04-13,746.94,residential,India
1,2059-04-14,807.39,residential,India
1,2059-04-15,756.57,residential,India
1,2059-04-16,748.06,residential,India
1,2059-04-17,775.58,residential,India
1,2059-04-18,766.49,residential,India
1,2059-04-19,785.77,residential,India
1,2059-04-20,770.63,residential,India
1,2059-04-21,757.53,residential,India
1,2059-04-22,759.42,residential,India
1,2059-04-23,787.88,residential,India
1,2059-04-24,750.83,residential,India
1,2059-04-25,713.39,residential,India
1,2059-04-26,762.01,residential,India
1,2059-04-27,709.53,residential,India
1,2059-04-28,801.04,residential,India
1,2059-04-29,748.11,residential,India
1,2059-04-30,784.98,residential,India
1,2059-05-01,781.67,residential,India
1,2059-05-02,783.25,residential,India
1,2059-05-03,733.37,residential,India
1,2059-05-04,772.91,residential,India
1,2059-05-05,787.71,residential,India
1,2059-05-06,721.91,residential,India
1,2059-05-07,762.3,residential,India
1,2059-05-08,775.68,residential,India
1,2059-05-09,734.79,residential,India
1,2059-05-10,770.52,residential,India
1,2059-05-11,777.91,residential,India
1,2059-05-12,740.57,residential,India
1,2059-05-13,776.9,residential,India
1,2059-05-14,776.76,residential,India
1,2059-05-15,743.65,residential,India
1,2059-05-16,768.71,residential,India
1,2059-05-17,740.65,residential,India
1,2059-05-18,740.61,residential,India
1,2059-05-19,719.55,residential,India
1,2059-05-20,740.09,residential,India
1,2059-05-21,752.79,residential,India
1,2059-05-22,744.49,residential,India
1,2059-05-23,781.89,residential,India
1,2059-05-24,809.76,residential,India
1,2059-05-25,762.24,residential,India
1,2059-05-26,751.72,residential,India
1,2059-05-27,752.63,residential,India
1,2059-05-28,732.1,residential,India
1,2059-05-29,746.35,residential,India
1,2059-05-30,751.87,residential,India
1,2059-05-31,750.67,residential,India
1,2059-06-01,785.56,residential,India
1,2059-06-02,778.11,residential,India
1,2059-06-03,761.47,residential,India
1,2059-06-04,731.72,residential,India
1,2059-06-05,711.9,residential,India
1,2059-06-06,721.99,residential,India
1,2059-06-07,750.03,residential,India
1,2059-06-08,753.02,residential,India
1,2059-06-09,749.73,residential,India
1,2059-06-10,747.78,residential,India
1,2059-06-11,710.91,residential,India
1,2059-06-12,749.75,residential,India
1,2059-06-13,710.91,residential,India
1,2059-06-14,751.34,residential,India
1,2059-06-15,761.59,residential,India
1,2059-06-16,773.25,residential,India
1,2059-06-17,752.48,residential,India
1,2059-06-18,717.69,residential,India
1,2059-06-19,758.89,residential,India
1,2059-06-20,778.01,residential,India
1,2059-06-21,764.28,residential,India
1,2059-06-22,757.27,residential,India
1,2059-06-23,729.51,residential,India
1,2059-06-24,770.38,residential,India
1,2059-06-25,768.35,residential,India
1,2059-06-26,726.61,residential,India
1,2059-06-27,733.85,residential,India
1,2059-06-28,766.42,residential,India
1,2059-06-29,700.38,residential,India
1,2059-06-30,766.05,residential,India
1,2059-07-01,768.27,residential,India
1,2059-07-02,763.4,residential,India
1,2059-07-03,740.69,residential,India
1,2059-07-04,731.16,residential,India
1,2059-07-05,786.09,residential,India
1,2059-07-06,766.92,residential,India
1,2059-07-07,724.41,residential,India
1,2059-07-08,754.18,residential,India
1,2059-07-09,795.09,residential,India
1,2059-07-10,774.44,residential,India
1,2059-07-11,776.7,residential,India
1,2059-07-12,737.82,residential,India
1,2059-07-13,741.11,residential,India
1,2059-07-14,733.57,residential,India
1,2059-07-15,797.64,residential,India
1,2059-07-16,765.38,residential,India
1,2059-07-17,745.81,residential,India
1,2059-07-18,721.67,residential,India
1,2059-07-19,765.46,residential,India
1,2059-07-20,717.2,residential,India
1,2059-07-21,759.26,residential,India
1,2059-07-22,755.44,residential,India
1,2059-07-23,779.46,residential,India
1,2059-07-24,747.61,residential,India
1,2059-07-25,770.17,residential,India
1,2059-07-26,753.88,residential,India
1,2059-07-27,762.9,residential,India
1,2059-07-28,728.13,residential,India
1,2059-07-29,759.89,residential,India
1,2059-07-30,736.42,residential,India
1,2059-07-31,769.5,residential,India
1,2059-08-01,754.31,residential,India
1,2059-08-02,744.5,residential,India
1,2059-08-03,736.95,residential,India
1,2059-08-04,739.9,residential,India
1,2059-08-05,725.21,residential,India
1,2059-08-06,750.83,residential,India
1,2059-08-07,751.61,residential,India
1,2059-08-08,740.52,residential,India
1,2059-08-09,721.92,residential,India
1,2059-08-10,715.87,residential,India
1,2059-08-11,710.52,residential,India
1,2059-08-12,755.6,residential,India
1,2059-08-13,745.34,residential,India
1,2059-08-14,727.85,residential,India
1,2059-08-15,705.23,residential,India
1,2059-08-16,731.13,residential,India
1,2059-08-17,721.08,residential,India
1,2059-08-18,747.24,residential,India
1,2059-08-19,755.74,residential,India
1,2059-08-20,765.01,residential,India
1,2059-08-21,733.96,residential,India
1,2059-08-22,706.38,residential,India
1,2059-08-23,759.79,residential,India
1,2059-08-24,761.85,residential,India
1,2059-08-25,786.5,residential,India
1,2059-08-26,766.88,residential,India
1,2059-08-27,764.47,residential,India
1,2059-08-28,744.62,residential,India
1,2059-08-29,716.31,residential,India
1,2059-08-30,732.7,residential,India
1,2059-08-31,753.45,residential,India
1,2059-09-01,735.17,residential,India
1,2059-09-02,741.36,residential,India
1,2059-09-03,753.86,residential,India
1,2059-09-04,745.91,residential,India
1,2059-09-05,773.66,residential,India
1,2059-09-06,712.8,residential,India
1,2059-09-07,744.15,residential,India
1,2059-09-08,751.76,residential,India
1,2059-09-09,744.2,residential,India
1,2059-09-10,744.61,residential,India
1,2059-09-11,766.49,residential,India
1,2059-09-12,778.79,residential,India
1,2059-09-13,785.89,residential,India
1,2059-09-14,776.44,residential,India
1,2059-09-15,752.48,residential,India
1,2059-09-16,699.88,residential,India
1,2059-09-17,717.53,residential,India
1,2059-09-18,751.37,residential,India
1,2059-09-19,759.69,residential,India
1,2059-09-20,781.4,residential,India
1,2059-09-21,742.71,residential,India
1,2059-09-22,734.94,residential,India
1,2059-09-23,738.96,residential,India
1,2059-09-24,759.13,residential,India
1,2059-09-25,752.8,residential,India
1,2059-09-26,791.28,residential,India
1,2059-09-27,721.38,residential,India
1,2059-09-28,784.99,residential,India
1,2059-09-29,721.75,residential,India
1,2059-09-30,734.64,residential,India
1,2059-10-01,771.58,residential,India
1,2059-10-02,730.9,residential,India
1,2059-10-03,741.95,residential,India
1,2059-10-04,764.96,residential,India
1,2059-10-05,737.11,residential,India
1,2059-10-06,729.95,residential,India
1,2059-10-07,749.55,residential,India
1,2059-10-08,720.64,residential,India
1,2059-10-09,746.72,residential,India
1,2059-10-10,767.26,residential,India
1,2059-10-11,733.57,residential,India
1,2059-10-12,774.18,residential,India
1,2059-10-13,769.85,residential,India
1,2059-10-14,772.36,residential,India
1,2059-10-15,761.87,residential,India
1,2059-10-16,748.63,residential,India
1,2059-10-17,701.31,residential,India
1,2059-10-18,725.61,residential,India
1,2059-10-19,704.4,residential,India
1,2059-10-20,748.37,residential,India
1,2059-10-21,737.78,residential,India
1,2059-10-22,741.29,residential,India
1,2059-10-23,741.36,residential,India
1,2059-10-24,774.95,residential,India
1,2059-10-25,724.08,residential,India
1,2059-10-26,735.09,residential,India
1,2059-10-27,754.9,residential,India
1,2059-10-28,730.98,residential,India
1,2059-10-29,732.03,residential,India
1,2059-10-30,743.9,residential,India
1,2059-10-31,753.97,residential,India
1,2059-11-01,762.15,residential,India
1,2059-11-02,704.15,residential,India
1,2059-11-03,689.82,residential,India
1,2059-11-04,741.03,residential,India
1,2059-11-05,714.38,residential,India
1,2059-11-06,774.92,residential,India
1,2059-11-07,731.65,residential,India
1,2059-11-08,729.89,residential,India
1,2059-11-09,734.71,residential,India
1,2059-11-10,728.37,residential,India
1,2059-11-11,745.29,residential,India
1,2059-11-12,748.9,residential,India
1,2059-11-13,757.6,residential,India
1,2059-11-14,788.48,residential,India
1,2059-11-15,751.94,residential,India
1,2059-11-16,741.11,residential,India
1,2059-11-17,736.21,residential,India
1,2059-11-18,767.71,residential,India
1,2059-11-19,702.0,residential,India
1,2059-11-20,775.47,residential,India
1,2059-11-21,739.97,residential,India
1,2059-11-22,726.5,residential,India
1,2059-11-23,736.9,residential,India
1,2059-11-24,762.74,residential,India
1,2059-11-25,734.42,residential,India
1,2059-11-26,740.95,residential,India
1,2059-11-27,688.38,residential,India
1,2059-11-28,742.81,residential,India
1,2059-11-29,720.79,residential,India
1,2059-11-30,733.8,residential,India
1,2059-12-01,743.86,residential,India
1,2059-12-02,732.56,residential,India
1,2059-12-03,739.79,residential,India
1,2059-12-04,749.98,residential,India
1,2059-12-05,757.33,residential,India
1,2059-12-06,776.75,residential,India
1,2059-12-07,789.67,residential,India
1,2059-12-08,712.21,residential,India
1,2059-12-09,739.83,residential,India
1,2059-12-10,756.8,residential,India
1,2059-12-11,713.74,residential,India
1,2059-12-12,731.71,residential,India
1,2059-12-13,742.6,residential,India
1,2059-12-14,762.89,residential,India
1,2059-12-15,726.84,residential,India
1,2059-12-16,766.69,residential,India
1,2059-12-17,739.01,residential,India
1,2059-12-18,775.99,residential,India
1,2059-12-19,739.58,residential,India
1,2059-12-20,712.65,residential,India
1,2059-12-21,714.9,residential,India
1,2059-12-22,756.24,residential,India
1,2059-12-23,747.81,residential,India
1,2059-12-24,772.78,residential,India
1,2059-12-25,727.96,residential,India
1,2059-12-26,742.12,residential,India
1,2059-12-27,734.15,residential,India
1,2059-12-28,730.13,residential,India
1,2059-12-29,755.62,residential,India
1,2059-12-30,743.67,residential,India
1,2059-12-31,785.34,residential,India
1,2060-01-01,711.73,residential,India
1,2060-01-02,731.49,residential,India
1,2060-01-03,713.13,residential,India
1,2060-01-04,727.52,residential,India
1,2060-01-05,774.2,residential,India
1,2060-01-06,770.84,residential,India
1,2060-01-07,736.55,residential,India
1,2060-01-08,748.27,residential,India
1,2060-01-09,752.74,residential,India
1,2060-01-10,734.78,residential,India
1,2060-01-11,726.24,residential,India
1,2060-01-12,741.47,residential,India
1,2060-01-13,740.83,residential,India
1,2060-01-14,749.72,residential,India
1,2060-01-15,773.72,residential,India
1,2060-01-16,740.47,residential,India
1,2060-01-17,721.07,residential,India
1,2060-01-18,716.17,residential,India
1,2060-01-19,733.43,residential,India
1,2060-01-20,756.51,residential,India
1,2060-01-21,750.2,residential,India
1,2060-01-22,714.34,residential,India
1,2060-01-23,759.76,residential,India
1,2060-01-24,711.55,residential,India
1,2060-01-25,747.98,residential,India
1,2060-01-26,720.27,residential,India
1,2060-01-27,715.74,residential,India
1,2060-01-28,724.48,residential,India
1,2060-01-29,722.13,residential,India
1,2060-01-30,763.32,residential,India
1,2060-01-31,735.99,residential,India
1,2060-02-01,730.44,residential,India
1,2060-02-02,731.58,residential,India
1,2060-02-03,728.0,residential,India
1,2060-02-04,728.42,residential,India
1,2060-02-05,720.33,residential,India
1,2060-02-06,705.97,residential,India
1,2060-02-07,757.6,residential,India
1,2060-02-08,729.8,residential,India
1,2060-02-09,754.06,residential,India
1,2060-02-10,721.73,residential,India
1,2060-02-11,712.9,residential,India
1,2060-02-12,761.81,residential,India
1,2060-02-13,723.14,residential,India
1,2060-02-14,699.37,residential,India
1,2060-02-15,715.68,residential,India
1,2060-02-16,709.77,residential,India
1,2060-02-17,722.17,residential,India
1,2060-02-18,761.06,residential,India
1,2060-02-19,723.77,residential,India
1,2060-02-20,764.63,residential,India
1,2060-02-21,737.54,residential,India
1,2060-02-22,743.81,residential,India
1,2060-02-23,722.17,residential,India
1,2060-02-24,744.25,residential,India
1,2060-02-25,746.29,residential,India
1,2060-02-26,737.6,residential,India
1,2060-02-27,760.11,residential,India
1,2060-02-28,747.72,residential,India
1,2060-02-29,757.98,residential,India
1,2060-03-01,745.18,residential,India
1,2060-03-02,728.63,residential,India
1,2060-03-03,741.45,residential,India
1,2060-03-04,718.49,residential,India
1,2060-03-05,784.56,residential,India
1,2060-03-06,750.31,residential,India
1,2060-03-07,749.18,residential,India
1,2060-03-08,735.73,residential,India
1,2060-03-09,740.64,residential,India
1,2060-03-10,708.04,residential,India
1,2060-03-11,755.58,residential,India
1,2060-03-12,738.33,residential,India
1,2060-03-13,747.62,residential,India
1,2060-03-14,718.92,residential,India
1,2060-03-15,757.86,residential,India
1,2060-03-16,699.05,residential,India
1,2060-03-17,697.26,residential,India
1,2060-03-18,751.69,residential,India
1,2060-03-19,738.97,residential,India
1,2060-03-20,752.69,residential,India
1,2060-03-21,742.68,residential,India
1,2060-03-22,766.48,residential,India
1,2060-03-23,727.2,residential,India
1,2060-03-24,738.77,residential,India
1,2060-03-25,768.52,residential,India
1,2060-03-26,745.45,residential,India
1,2060-03-27,744.71,residential,India
1,2060-03-28,777.04,residential,India
1,2060-03-29,723.4,residential,India
1,2060-03-30,755.95,residential,India
1,2060-03-31,707.26,residential,India
1,2060-04-01,745.51,residential,India
1,2060-04-02,721.42,residential,India
1,2060-04-03,720.53,residential,India
1,2060-04-04,732.43,residential,India
1,2060-04-05,760.78,residential,India
1,2060-04-06,751.17,residential,India
1,2060-04-07,727.81,residential,India
1,2060-04-08,711.35,residential,India
1,2060-04-09,722.22,residential,India
1,2060-04-10,771.18,residential,India
1,2060-04-11,742.18,residential,India
1,2060-04-12,739.8,residential,India
1,2060-04-13,711.36,residential,India
1,2060-04-14,779.74,residential,India
1,2060-04-15,783.04,residential,India
1,2060-04-16,732.5,residential,India
1,2060-04-17,767.66,residential,India
1,2060-04-18,748.3,residential,India
1,2060-04-19,779.49,residential,India
1,2060-04-20,717.02,residential,India
1,2060-04-21,753.37,residential,India
1,2060-04-22,730.0,residential,India
1,2060-04-23,754.39,residential,India
1,2060-04-24,727.79,residential,India
1,2060-04-25,771.99,residential,India
1,2060-04-26,745.29,residential,India
1,2060-04-27,725.21,residential,India
1,2060-04-28,738.76,residential,India
1,2060-04-29,749.32,residential,India
1,2060-04-30,740.42,residential,India
1,2060-05-01,763.63,residential,India
1,2060-05-02,721.47,residential,India
1,2060-05-03,732.01,residential,India
1,2060-05-04,729.36,residential,India
1,2060-05-05,752.98,residential,India
1,2060-05-06,744.3,residential,India
1,2060-05-07,725.6,residential,India
1,2060-05-08,766.46,residential,India
1,2060-05-09,760.52,residential,India
1,2060-05-10,737.18,residential,India
1,2060-05-11,741.32,residential,India
1,2060-05-12,777.54,residential,India
1,2060-05-13,725.18,residential,India
1,2060-05-14,744.95,residential,India
1,2060-05-15,747.57,residential,India
1,2060-05-16,742.21,residential,India
1,2060-05-17,758.63,residential,India
1,2060-05-18,744.3,residential,India
1,2060-05-19,739.77,residential,India
1,2060-05-20,702.15,residential,India
1,2060-05-21,782.26,residential,India
1,2060-05-22,748.09,residential,India
1,2060-05-23,733.88,residential,India
1,2060-05-24,738.24,residential,India
1,2060-05-25,747.24,residential,India
1,2060-05-26,756.69,residential,India
1,2060-05-27,730.49,residential,India
1,2060-05-28,776.53,residential,India
1,2060-05-29,756.18,residential,India
1,2060-05-30,763.25,residential,India
1,2060-05-31,806.86,residential,India
1,2060-06-01,776.05,residential,India
1,2060-06-02,746.99,residential,India
1,2060-06-03,753.35,residential,India
1,2060-06-04,765.34,residential,India
1,2060-06-05,738.73,residential,India
1,2060-06-06,762.92,residential,India
1,2060-06-07,735.61,residential,India
1,2060-06-08,745.94,residential,India
1,2060-06-09,750.28,residential,India
1,2060-06-10,763.49,residential,India
1,2060-06-11,738.75,residential,India
1,2060-06-12,772.78,residential,India
1,2060-06-13,719.43,residential,India
1,2060-06-14,767.65,residential,India
1,2060-06-15,771.06,residential,India
1,2060-06-16,747.09,residential,India
1,2060-06-17,743.16,residential,India
1,2060-06-18,751.4,residential,India
1,2060-06-19,737.0,residential,India
1,2060-06-20,721.51,residential,India
1,2060-06-21,779.79,residential,India
1,2060-06-22,725.56,residential,India
1,2060-06-23,803.98,residential,India
1,2060-06-24,771.2,residential,India
1,2060-06-25,738.9,residential,India
1,2060-06-26,755.03,residential,India
1,2060-06-27,745.82,residential,India
1,2060-06-28,753.12,residential,India
1,2060-06-29,782.23,residential,India
1,2060-06-30,772.5,residential,India
1,2060-07-01,761.26,residential,India
1,2060-07-02,796.59,residential,India
1,2060-07-03,773.19,residential,India
1,2060-07-04,730.74,residential,India
1,2060-07-05,747.84,residential,India
1,2060-07-06,759.78,residential,India
1,2060-07-07,777.88,residential,India
1,2060-07-08,731.58,residential,India
1,2060-07-09,769.56,residential,India
1,2060-07-10,768.42,residential,India
1,2060-07-11,768.21,residential,India
1,2060-07-12,732.92,residential,India
1,2060-07-13,746.26,residential,India
1,2060-07-14,757.76,residential,India
1,2060-07-15,760.94,residential,India
1,2060-07-16,782.73,residential,India
1,2060-07-17,761.08,residential,India
1,2060-07-18,782.02,residential,India
1,2060-07-19,753.39,residential,India
1,2060-07-20,765.29,residential,India
1,2060-07-21,777.44,residential,India
1,2060-07-22,733.88,residential,India
1,2060-07-23,762.88,residential,India
1,2060-07-24,766.41,residential,India
1,2060-07-25,761.2,residential,India
1,2060-07-26,734.24,residential,India
1,2060-07-27,781.27,residential,India
1,2060-07-28,729.07,residential,India
1,2060-07-29,735.73,residential,India
1,2060-07-30,774.51,residential,India
1,2060-07-31,746.22,residential,India
1,2060-08-01,780.7,residential,India
1,2060-08-02,771.4,residential,India
1,2060-08-03,779.21,residential,India
1,2060-08-04,771.9,residential,India
1,2060-08-05,782.75,residential,India
1,2060-08-06,732.62,residential,India
1,2060-08-07,773.71,residential,India
1,2060-08-08,790.28,residential,India
1,2060-08-09,785.32,residential,India
1,2060-08-10,759.78,residential,India
1,2060-08-11,803.29,residential,India
1,2060-08-12,749.92,residential,India
1,2060-08-13,798.26,residential,India
1,2060-08-14,776.03,residential,India
1,2060-08-15,735.92,residential,India
1,2060-08-16,778.84,residential,India
1,2060-08-17,740.67,residential,India
1,2060-08-18,767.02,residential,India
1,2060-08-19,728.15,residential,India
1,2060-08-20,764.45,residential,India
1,2060-08-21,785.52,residential,India
1,2060-08-22,768.83,residential,India
1,2060-08-23,777.62,residential,India
1,2060-08-24,761.29,residential,India
1,2060-08-25,777.29,residential,India
1,2060-08-26,784.18,residential,India
1,2060-08-27,791.0,residential,India
1,2060-08-28,773.34,residential,India
1,2060-08-29,760.22,residential,India
1,2060-08-30,785.5,residential,India
1,2060-08-31,780.07,residential,India
1,2060-09-01,765.87,residential,India
1,2060-09-02,747.74,residential,India
1,2060-09-03,760.56,residential,India
1,2060-09-04,779.97,residential,India
1,2060-09-05,770.23,residential,India
1,2060-09-06,751.94,residential,India
1,2060-09-07,796.09,residential,India
1,2060-09-08,779.47,residential,India
1,2060-09-09,770.32,residential,India
1,2060-09-10,781.3,residential,India
1,2060-09-11,767.85,residential,India
1,2060-09-12,782.2,residential,India
1,2060-09-13,795.82,residential,India
1,2060-09-14,760.75,residential,India
1,2060-09-15,727.56,residential,India
1,2060-09-16,765.54,residential,India
1,2060-09-17,781.65,residential,India
1,2060-09-18,786.09,residential,India
1,2060-09-19,768.66,residential,India
1,2060-09-20,770.5,residential,India
1,2060-09-21,776.69,residential,India
1,2060-09-22,810.07,residential,India
1,2060-09-23,788.49,residential,India
1,2060-09-24,774.9,residential,India
1,2060-09-25,782.84,residential,India
1,2060-09-26,781.36,residential,India
1,2060-09-27,779.89,residential,India
1,2060-09-28,785.48,residential,India
1,2060-09-29,764.75,residential,India
1,2060-09-30,790.91,residential,India
1,2060-10-01,772.61,residential,India
1,2060-10-02,781.84,residential,India
1,2060-10-03,756.87,residential,India
1,2060-10-04,756.77,residential,India
1,2060-10-05,772.65,residential,India
1,2060-10-06,775.47,residential,India
1,2060-10-07,777.43,residential,India
1,2060-10-08,751.5,residential,India
1,2060-10-09,762.1,residential,India
1,2060-10-10,755.96,residential,India
1,2060-10-11,732.63,residential,India
1,2060-10-12,802.89,residential,India
1,2060-10-13,800.57,residential,India
1,2060-10-14,771.59,residential,India
1,2060-10-15,767.38,residential,India
1,2060-10-16,768.8,residential,India
1,2060-10-17,745.64,residential,India
1,2060-10-18,813.59,residential,India
1,2060-10-19,819.12,residential,India
1,2060-10-20,792.95,residential,India
1,2060-10-21,765.51,residential,India
1,2060-10-22,765.44,residential,India
1,2060-10-23,801.84,residential,India
1,2060-10-24,780.95,residential,India
1,2060-10-25,791.25,residential,India
1,2060-10-26,798.28,residential,India
1,2060-10-27,782.09,residential,India
1,2060-10-28,804.7,residential,India
1,2060-10-29,782.25,residential,India
1,2060-10-30,830.43,residential,India
1,2060-10-31,771.35,residential,India
1,2060-11-01,790.04,residential,India
1,2060-11-02,802.52,residential,India
1,2060-11-03,783.6,residential,India
1,2060-11-04,799.77,residential,India
1,2060-11-05,797.79,residential,India
1,2060-11-06,789.06,residential,India
1,2060-11-07,771.49,residential,India
1,2060-11-08,789.01,residential,India
1,2060-11-09,780.63,residential,India
1,2060-11-10,758.74,residential,India
1,2060-11-11,756.57,residential,India
1,2060-11-12,795.76,residential,India
1,2060-11-13,774.46,residential,India
1,2060-11-14,813.17,residential,India
1,2060-11-15,812.09,residential,India
1,2060-11-16,768.55,residential,India
1,2060-11-17,754.64,residential,India
1,2060-11-18,791.45,residential,India
1,2060-11-19,799.6,residential,India
1,2060-11-20,827.63,residential,India
1,2060-11-21,790.77,residential,India
1,2060-11-22,789.36,residential,India
1,2060-11-23,781.42,residential,India
1,2060-11-24,777.48,residential,India
1,2060-11-25,803.82,residential,India
1,2060-11-26,790.38,residential,India
1,2060-11-27,802.5,residential,India
1,2060-11-28,762.16,residential,India
1,2060-11-29,784.25,residential,India
1,2060-11-30,804.8,residential,India
1,2060-12-01,798.41,residential,India
1,2060-12-02,825.15,residential,India
1,2060-12-03,807.6,residential,India
1,2060-12-04,787.85,residential,India
1,2060-12-05,817.82,residential,India
1,2060-12-06,773.21,residential,India
1,2060-12-07,795.54,residential,India
1,2060-12-08,825.8,residential,India
1,2060-12-09,794.75,residential,India
1,2060-12-10,741.22,residential,India
1,2060-12-11,800.42,residential,India
1,2060-12-12,774.31,residential,India
1,2060-12-13,774.97,residential,India
1,2060-12-14,795.99,residential,India
1,2060-12-15,800.51,residential,India
1,2060-12-16,772.32,residential,India
1,2060-12-17,757.63,residential,India
1,2060-12-18,841.87,residential,India
1,2060-12-19,790.7,residential,India
1,2060-12-20,788.19,residential,India
1,2060-12-21,803.89,residential,India
1,2060-12-22,817.07,residential,India
1,2060-12-23,824.32,residential,India
1,2060-12-24,778.44,residential,India
1,2060-12-25,783.24,residential,India
1,2060-12-26,801.73,residential,India
1,2060-12-27,799.14,residential,India
1,2060-12-28,829.53,residential,India
1,2060-12-29,840.78,residential,India
1,2060-12-30,773.4,residential,India
1,2060-12-31,782.46,residential,India
1,2061-01-01,795.82,residential,India
1,2061-01-02,761.98,residential,India
1,2061-01-03,803.04,residential,India
1,2061-01-04,785.63,residential,India
1,2061-01-05,806.16,residential,India
1,2061-01-06,783.64,residential,India
1,2061-01-07,792.39,residential,India
1,2061-01-08,789.23,residential,India
1,2061-01-09,810.38,residential,India
1,2061-01-10,772.31,residential,India
1,2061-01-11,757.26,residential,India
1,2061-01-12,840.18,residential,India
1,2061-01-13,804.31,residential,India
1,2061-01-14,780.16,residential,India
1,2061-01-15,750.96,residential,India
1,2061-01-16,786.75,residential,India
1,2061-01-17,806.53,residential,India
1,2061-01-18,809.25,residential,India
1,2061-01-19,807.52,residential,India
1,2061-01-20,825.48,residential,India
1,2061-01-21,795.12,residential,India
1,2061-01-22,851.43,residential,India
1,2061-01-23,781.68,residential,India
1,2061-01-24,807.49,residential,India
