dataset_id,date,value,sector,location
50,2024-01-01,419.87,residential,Hyderabad
50,2024-01-02,606.59,commercial,Chennai
50,2024-01-03,949.69,industrial,Mumbai
50,2024-01-04,495.47,residential,Hyderabad
50,2024-01-05,634.67,commercial,Chennai
50,2024-01-06,942.53,industrial,Mumbai
50,2024-01-07,521.03,residential,Hyderabad
50,2024-01-08,692.44,commercial,Chennai
50,2024-01-09,944.67,industrial,Mumbai
50,2024-01-10,484.69,residential,Hyderabad
50,2024-01-11,641.89,commercial,Chennai
50,2024-01-12,937.35,industrial,Mumbai
50,2024-01-13,459.58,residential,Hyderabad
50,2024-01-14,566.0,commercial,Chennai
50,2024-01-15,865.27,industrial,Mumbai
50,2024-01-16,403.04,residential,Hyderabad
50,2024-01-17,576.29,commercial,Chennai
50,2024-01-18,921.08,industrial,Mumbai
50,2024-01-19,364.78,residential,Hyderabad
50,2024-01-20,538.48,commercial,Chennai
50,2024-01-21,949.08,industrial,Mumbai
50,2024-01-22,378.78,residential,Hyderabad
50,2024-01-23,589.95,commercial,Chennai
50,2024-01-24,831.85,industrial,Mumbai
50,2024-01-25,370.82,residential,Hyderabad
50,2024-01-26,602.85,commercial,Chennai
50,2024-01-27,860.08,industrial,Mumbai
50,2024-01-28,430.46,residential,Hyderabad
50,2024-01-29,601.99,commercial,Chennai
50,2024-01-30,925.81,industrial,Mumbai
50,2024-01-31,425.31,residential,Hyderabad
50,2024-02-01,735.35,commercial,Chennai
50,2024-02-02,972.14,industrial,Mumbai
50,2024-02-03,440.88,residential,Hyderabad
50,2024-02-04,725.3,commercial,Chennai
50,2024-02-05,951.14,industrial,Mumbai
50,2024-02-06,513.99,residential,Hyderabad
50,2024-02-07,630.81,commercial,Chennai
50,2024-02-08,957.45,industrial,Mumbai
50,2024-02-09,517.63,residential,Hyderabad
50,2024-02-10,736.38,commercial,Chennai
50,2024-02-11,1008.87,industrial,Mumbai
50,2024-02-12,490.93,residential,Hyderabad
50,2024-02-13,675.74,commercial,Chennai
50,2024-02-14,919.96,industrial,Mumbai
50,2024-02-15,441.15,residential,Hyderabad
50,2024-02-16,642.34,commercial,Chennai
50,2024-02-17,994.31,industrial,Mumbai
50,2024-02-18,457.9,residential,Hyderabad
50,2024-02-19,567.02,commercial,Chennai
50,2024-02-20,945.49,industrial,Mumbai
50,2024-02-21,413.99,residential,Hyderabad
50,2024-02-22,601.23,commercial,Chennai
50,2024-02-23,953.84,industrial,Mumbai
50,2024-02-24,473.82,residential,Hyderabad
50,2024-02-25,675.1,commercial,Chennai
50,2024-02-26,911.42,industrial,Mumbai
50,2024-02-27,441.36,residential,Hyderabad
50,2024-02-28,676.98,commercial,Chennai
50,2024-02-29,1013.61,industrial,Mumbai
50,2024-03-01,466.71,residential,Hyderabad
50,2024-03-02,689.71,commercial,Chennai
50,2024-03-03,963.67,industrial,Mumbai
50,2024-03-04,469.95,residential,Hyderabad
50,2024-03-05,758.86,commercial,Chennai
50,2024-03-06,1087.51,industrial,Mumbai
50,2024-03-07,535.37,residential,Hyderabad
50,2024-03-08,781.28,commercial,Chennai
50,2024-03-09,1056.29,industrial,Mumbai
50,2024-03-10,514.5,residential,Hyderabad
50,2024-03-11,751.14,commercial,Chennai
50,2024-03-12,1092.66,industrial,Mumbai
50,2024-03-13,522.52,residential,Hyderabad
50,2024-03-14,778.03,commercial,Chennai
50,2024-03-15,901.23,industrial,Mumbai
50,2024-03-16,528.99,residential,Hyderabad
50,2024-03-17,689.66,commercial,Chennai
50,2024-03-18,964.71,industrial,Mumbai
50,2024-03-19,471.69,residential,Hyderabad
50,2024-03-20,581.12,commercial,Chennai
50,2024-03-21,946.04,industrial,Mumbai
50,2024-03-22,465.18,residential,Hyderabad
50,2024-03-23,708.12,commercial,Chennai
50,2024-03-24,928.54,industrial,Mumbai
50,2024-03-25,419.33,residential,Hyderabad
50,2024-03-26,636.05,commercial,Chennai
50,2024-03-27,999.05,industrial,Mumbai
50,2024-03-28,483.49,residential,Hyderabad
50,2024-03-29,658.32,commercial,Chennai
50,2024-03-30,1010.06,industrial,Mumbai
50,2024-03-31,503.86,residential,Hyderabad
50,2024-04-01,749.14,commercial,Chennai
50,2024-04-02,992.25,industrial,Mumbai
50,2024-04-03,516.24,residential,Hyderabad
50,2024-04-04,721.36,commercial,Chennai
50,2024-04-05,984.55,industrial,Mumbai
50,2024-04-06,559.06,residential,Hyderabad
50,2024-04-07,759.68,commercial,Chennai
50,2024-04-08,1049.26,industrial,Mumbai
50,2024-04-09,537.28,residential,Hyderabad
50,2024-04-10,685.55,commercial,Chennai
50,2024-04-11,1018.93,industrial,Mumbai
50,2024-04-12,513.97,residential,Hyderabad
50,2024-04-13,686.21,commercial,Chennai
50,2024-04-14,1001.55,industrial,Mumbai
50,2024-04-15,513.37,residential,Hyderabad
50,2024-04-16,761.85,commercial,Chennai
50,2024-04-17,982.99,industrial,Mumbai
50,2024-04-18,476.78,residential,Hyderabad
50,2024-04-19,655.23,commercial,Chennai
50,2024-04-20,874.78,industrial,Mumbai
50,2024-04-21,445.66,residential,Hyderabad
50,2024-04-22,646.37,commercial,Chennai
50,2024-04-23,1041.88,industrial,Mumbai
50,2024-04-24,437.18,residential,Hyderabad
50,2024-04-25,660.52,commercial,Chennai
50,2024-04-26,952.51,industrial,Mumbai
50,2024-04-27,414.2,residential,Hyderabad
50,2024-04-28,714.96,commercial,Chennai
50,2024-04-29,1008.49,industrial,Mumbai
50,2024-04-30,519.64,residential,Hyderabad
50,2024-05-01,661.19,commercial,Chennai
50,2024-05-02,1062.76,industrial,Mumbai
50,2024-05-03,458.75,residential,Hyderabad
50,2024-05-04,745.16,commercial,Chennai
50,2024-05-05,1114.51,industrial,Mumbai
50,2024-05-06,490.57,residential,Hyderabad
50,2024-05-07,708.73,commercial,Chennai
50,2024-05-08,1034.36,industrial,Mumbai
50,2024-05-09,507.03,residential,Hyderabad
50,2024-05-10,659.84,commercial,Chennai
50,2024-05-11,1017.39,industrial,Mumbai
50,2024-05-12,463.29,residential,Hyderabad
50,2024-05-13,714.55,commercial,Chennai
50,2024-05-14,947.74,industrial,Mumbai
50,2024-05-15,534.95,residential,Hyderabad
50,2024-05-16,630.04,commercial,Chennai
50,2024-05-17,937.34,industrial,Mumbai
50,2024-05-18,472.48,residential,Hyderabad
50,2024-05-19,581.69,commercial,Chennai
50,2024-05-20,932.6,industrial,Mumbai
50,2024-05-21,470.25,residential,Hyderabad
50,2024-05-22,550.18,commercial,Chennai
50,2024-05-23,920.54,industrial,Mumbai
50,2024-05-24,424.37,residential,Hyderabad
50,2024-05-25,648.13,commercial,Chennai
50,2024-05-26,872.14,industrial,Mumbai
50,2024-05-27,375.17,residential,Hyderabad
50,2024-05-28,656.5,commercial,Chennai
50,2024-05-29,956.01,industrial,Mumbai
50,2024-05-30,463.09,residential,Hyderabad
50,2024-05-31,675.86,commercial,Chennai
50,2024-06-01,943.26,industrial,Mumbai
50,2024-06-02,487.31,residential,Hyderabad
50,2024-06-03,696.0,commercial,Chennai
50,2024-06-04,960.32,industrial,Mumbai
50,2024-06-05,566.24,residential,Hyderabad
50,2024-06-06,711.18,commercial,Chennai
50,2024-06-07,943.01,industrial,Mumbai
50,2024-06-08,513.17,residential,Hyderabad
50,2024-06-09,642.08,commercial,Chennai
50,2024-06-10,1004.81,industrial,Mumbai
50,2024-06-11,510.29,residential,Hyderabad
50,2024-06-12,620.45,commercial,Chennai
50,2024-06-13,980.24,industrial,Mumbai
50,2024-06-14,446.18,residential,Hyderabad
50,2024-06-15,650.51,commercial,Chennai
50,2024-06-16,981.9,industrial,Mumbai
50,2024-06-17,385.5,residential,Hyderabad
50,2024-06-18,555.72,commercial,Chennai
50,2024-06-19,842.47,industrial,Mumbai
50,2024-06-20,339.48,residential,Hyderabad
50,2024-06-21,565.17,commercial,Chennai
50,2024-06-22,880.2,industrial,Mumbai
50,2024-06-23,378.09,residential,Hyderabad
50,2024-06-24,602.66,commercial,Chennai
50,2024-06-25,874.53,industrial,Mumbai
50,2024-06-26,438.21,residential,Hyderabad
50,2024-06-27,576.82,commercial,Chennai
50,2024-06-28,1004.43,industrial,Mumbai
50,2024-06-29,429.33,residential,Hyderabad
50,2024-06-30,578.69,commercial,Chennai
50,2024-07-01,878.36,industrial,Mumbai
50,2024-07-02,447.83,residential,Hyderabad
50,2024-07-03,625.64,commercial,Chennai
50,2024-07-04,967.56,industrial,Mumbai
50,2024-07-05,460.46,residential,Hyderabad
50,2024-07-06,639.07,commercial,Chennai
50,2024-07-07,906.4,industrial,Mumbai
50,2024-07-08,375.79,residential,Hyderabad
50,2024-07-09,612.57,commercial,Chennai
50,2024-07-10,956.83,industrial,Mumbai
50,2024-07-11,421.67,residential,Hyderabad
50,2024-07-12,552.53,commercial,Chennai
50,2024-07-13,897.66,industrial,Mumbai
50,2024-07-14,394.06,residential,Hyderabad
50,2024-07-15,531.22,commercial,Chennai
50,2024-07-16,861.11,industrial,Mumbai
50,2024-07-17,346.57,residential,Hyderabad
50,2024-07-18,489.1,commercial,Chennai
50,2024-07-19,841.34,industrial,Mumbai
50,2024-07-20,343.57,residential,Hyderabad
50,2024-07-21,560.66,commercial,Chennai
50,2024-07-22,857.86,industrial,Mumbai
50,2024-07-23,261.17,residential,Hyderabad
50,2024-07-24,481.41,commercial,Chennai
50,2024-07-25,844.09,industrial,Mumbai
50,2024-07-26,350.23,residential,Hyderabad
50,2024-07-27,557.77,commercial,Chennai
50,2024-07-28,999.66,industrial,Mumbai
50,2024-07-29,377.24,residential,Hyderabad
50,2024-07-30,608.7,commercial,Chennai
50,2024-07-31,909.87,industrial,Mumbai
50,2024-08-01,405.32,residential,Hyderabad
50,2024-08-02,572.94,commercial,Chennai
50,2024-08-03,920.59,industrial,Mumbai
50,2024-08-04,362.12,residential,Hyderabad
50,2024-08-05,584.29,commercial,Chennai
50,2024-08-06,872.93,industrial,Mumbai
50,2024-08-07,392.05,residential,Hyderabad
50,2024-08-08,675.73,commercial,Chennai
50,2024-08-09,800.94,industrial,Mumbai
50,2024-08-10,393.96,residential,Hyderabad
50,2024-08-11,491.62,commercial,Chennai
50,2024-08-12,826.0,industrial,Mumbai
50,2024-08-13,376.75,residential,Hyderabad
50,2024-08-14,524.1,commercial,Chennai
50,2024-08-15,767.23,industrial,Mumbai
50,2024-08-16,271.44,residential,Hyderabad
50,2024-08-17,518.26,commercial,Chennai
50,2024-08-18,754.53,industrial,Mumbai
50,2024-08-19,286.98,residential,Hyderabad
50,2024-08-20,476.83,commercial,Chennai
50,2024-08-21,747.82,industrial,Mumbai
50,2024-08-22,360.72,residential,Hyderabad
50,2024-08-23,503.49,commercial,Chennai
50,2024-08-24,702.22,industrial,Mumbai
50,2024-08-25,297.42,residential,Hyderabad
50,2024-08-26,471.54,commercial,Chennai
50,2024-08-27,841.07,industrial,Mumbai
50,2024-08-28,284.71,residential,Hyderabad
50,2024-08-29,521.28,commercial,Chennai
50,2024-08-30,855.1,industrial,Mumbai
50,2024-08-31,377.71,residential,Hyderabad
50,2024-09-01,501.97,commercial,Chennai
50,2024-09-02,841.92,industrial,Mumbai
50,2024-09-03,339.75,residential,Hyderabad
50,2024-09-04,534.01,commercial,Chennai
50,2024-09-05,930.01,industrial,Mumbai
50,2024-09-06,372.69,residential,Hyderabad
50,2024-09-07,501.11,commercial,Chennai
50,2024-09-08,881.44,industrial,Mumbai
50,2024-09-09,421.2,residential,Hyderabad
50,2024-09-10,567.95,commercial,Chennai
50,2024-09-11,755.34,industrial,Mumbai
50,2024-09-12,285.79,residential,Hyderabad
50,2024-09-13,544.91,commercial,Chennai
50,2024-09-14,755.48,industrial,Mumbai
50,2024-09-15,292.02,residential,Hyderabad
50,2024-09-16,497.03,commercial,Chennai
50,2024-09-17,722.41,industrial,Mumbai
50,2024-09-18,252.47,residential,Hyderabad
50,2024-09-19,322.66,commercial,Chennai
50,2024-09-20,711.01,industrial,Mumbai
50,2024-09-21,243.75,residential,Hyderabad
50,2024-09-22,407.92,commercial,Chennai
50,2024-09-23,829.03,industrial,Mumbai
50,2024-09-24,214.08,residential,Hyderabad
50,2024-09-25,462.55,commercial,Chennai
50,2024-09-26,795.17,industrial,Mumbai
50,2024-09-27,357.86,residential,Hyderabad
50,2024-09-28,453.07,commercial,Chennai
50,2024-09-29,866.91,industrial,Mumbai
50,2024-09-30,329.81,residential,Hyderabad
50,2024-10-01,497.9,commercial,Chennai
50,2024-10-02,861.81,industrial,Mumbai
50,2024-10-03,355.59,residential,Hyderabad
50,2024-10-04,525.87,commercial,Chennai
50,2024-10-05,852.79,industrial,Mumbai
50,2024-10-06,332.55,residential,Hyderabad
50,2024-10-07,548.42,commercial,Chennai
50,2024-10-08,864.42,industrial,Mumbai
50,2024-10-09,393.84,residential,Hyderabad
50,2024-10-10,472.09,commercial,Chennai
50,2024-10-11,897.27,industrial,Mumbai
50,2024-10-12,223.79,residential,Hyderabad
50,2024-10-13,485.75,commercial,Chennai
50,2024-10-14,805.79,industrial,Mumbai
50,2024-10-15,284.84,residential,Hyderabad
50,2024-10-16,441.36,commercial,Chennai
50,2024-10-17,752.26,industrial,Mumbai
50,2024-10-18,237.1,residential,Hyderabad
50,2024-10-19,431.59,commercial,Chennai
50,2024-10-20,789.7,industrial,Mumbai
50,2024-10-21,272.74,residential,Hyderabad
50,2024-10-22,435.6,commercial,Chennai
50,2024-10-23,806.07,industrial,Mumbai
50,2024-10-24,290.81,residential,Hyderabad
50,2024-10-25,520.76,commercial,Chennai
50,2024-10-26,824.09,industrial,Mumbai
50,2024-10-27,276.88,residential,Hyderabad
50,2024-10-28,498.79,commercial,Chennai
50,2024-10-29,861.82,industrial,Mumbai
50,2024-10-30,366.21,residential,Hyderabad
50,2024-10-31,549.58,commercial,Chennai
50,2024-11-01,862.12,industrial,Mumbai
50,2024-11-02,413.68,residential,Hyderabad
50,2024-11-03,542.0,commercial,Chennai
50,2024-11-04,888.49,industrial,Mumbai
50,2024-11-05,357.32,residential,Hyderabad
50,2024-11-06,553.44,commercial,Chennai
50,2024-11-07,900.97,industrial,Mumbai
50,2024-11-08,383.31,residential,Hyderabad
50,2024-11-09,574.85,commercial,Chennai
50,2024-11-10,885.67,industrial,Mumbai
50,2024-11-11,325.01,residential,Hyderabad
50,2024-11-12,542.19,commercial,Chennai
50,2024-11-13,793.71,industrial,Mumbai
50,2024-11-14,311.21,residential,Hyderabad
50,2024-11-15,486.47,commercial,Chennai
50,2024-11-16,790.63,industrial,Mumbai
50,2024-11-17,307.55,residential,Hyderabad
50,2024-11-18,450.1,commercial,Chennai
50,2024-11-19,867.81,industrial,Mumbai
50,2024-11-20,247.34,residential,Hyderabad
50,2024-11-21,444.59,commercial,Chennai
50,2024-11-22,846.96,industrial,Mumbai
50,2024-11-23,341.43,residential,Hyderabad
50,2024-11-24,545.16,commercial,Chennai
50,2024-11-25,856.66,industrial,Mumbai
50,2024-11-26,342.84,residential,Hyderabad
50,2024-11-27,519.26,commercial,Chennai
50,2024-11-28,869.57,industrial,Mumbai
50,2024-11-29,349.96,residential,Hyderabad
50,2024-11-30,625.29,commercial,Chennai
50,2024-12-01,888.04,industrial,Mumbai
50,2024-12-02,366.66,residential,Hyderabad
50,2024-12-03,590.52,commercial,Chennai
50,2024-12-04,921.42,industrial,Mumbai
50,2024-12-05,381.73,residential,Hyderabad
50,2024-12-06,568.69,commercial,Chennai
50,2024-12-07,906.76,industrial,Mumbai
50,2024-12-08,400.62,residential,Hyderabad
50,2024-12-09,563.09,commercial,Chennai
50,2024-12-10,856.19,industrial,Mumbai
50,2024-12-11,375.53,residential,Hyderabad
50,2024-12-12,499.55,commercial,Chennai
50,2024-12-13,792.87,industrial,Mumbai
50,2024-12-14,313.02,residential,Hyderabad
50,2024-12-15,527.11,commercial,Chennai
50,2024-12-16,843.6,industrial,Mumbai
50,2024-12-17,387.59,residential,Hyderabad
50,2024-12-18,562.39,commercial,Chennai
50,2024-12-19,823.37,industrial,Mumbai
50,2024-12-20,332.86,residential,Hyderabad
50,2024-12-21,499.47,commercial,Chennai
50,2024-12-22,846.67,industrial,Mumbai
50,2024-12-23,345.34,residential,Hyderabad
50,2024-12-24,580.55,commercial,Chennai
50,2024-12-25,846.21,industrial,Mumbai
50,2024-12-26,412.18,residential,Hyderabad
50,2024-12-27,664.82,commercial,Chennai
50,2024-12-28,910.82,industrial,Mumbai
50,2024-12-29,442.02,residential,Hyderabad
50,2024-12-30,663.04,commercial,Chennai
50,2024-12-31,927.25,industrial,Mumbai
50,2025-01-01,458.24,residential,Hyderabad
50,2025-01-02,653.67,commercial,Chennai
50,2025-01-03,958.8,industrial,Mumbai
50,2025-01-04,423.51,residential,Hyderabad
50,2025-01-05,652.88,commercial,Chennai
50,2025-01-06,967.39,industrial,Mumbai
50,2025-01-07,499.46,residential,Hyderabad
50,2025-01-08,672.44,commercial,Chennai
50,2025-01-09,1011.95,industrial,Mumbai
50,2025-01-10,386.44,residential,Hyderabad
50,2025-01-11,643.32,commercial,Chennai
50,2025-01-12,907.51,industrial,Mumbai
50,2025-01-13,480.4,residential,Hyderabad
50,2025-01-14,554.38,commercial,Chennai
50,2025-01-15,848.65,industrial,Mumbai
50,2025-01-16,355.67,residential,Hyderabad
50,2025-01-17,494.17,commercial,Chennai
50,2025-01-18,859.74,industrial,Mumbai
50,2025-01-19,354.21,residential,Hyderabad
50,2025-01-20,596.47,commercial,Chennai
50,2025-01-21,911.88,industrial,Mumbai
50,2025-01-22,482.63,residential,Hyderabad
50,2025-01-23,656.25,commercial,Chennai
50,2025-01-24,906.68,industrial,Mumbai
50,2025-01-25,405.78,residential,Hyderabad
50,2025-01-26,673.35,commercial,Chennai
50,2025-01-27,912.35,industrial,Mumbai
50,2025-01-28,549.0,residential,Hyderabad
50,2025-01-29,732.21,commercial,Chennai
50,2025-01-30,973.91,industrial,Mumbai
50,2025-01-31,429.89,residential,Hyderabad
50,2025-02-01,756.22,commercial,Chennai
50,2025-02-02,998.95,industrial,Mumbai
50,2025-02-03,552.31,residential,Hyderabad
50,2025-02-04,636.19,commercial,Chennai
50,2025-02-05,971.26,industrial,Mumbai
50,2025-02-06,489.07,residential,Hyderabad
50,2025-02-07,683.06,commercial,Chennai
50,2025-02-08,954.6,industrial,Mumbai
50,2025-02-09,488.46,residential,Hyderabad
50,2025-02-10,611.76,commercial,Chennai
50,2025-02-11,940.13,industrial,Mumbai
50,2025-02-12,442.87,residential,Hyderabad
50,2025-02-13,652.13,commercial,Chennai
50,2025-02-14,955.11,industrial,Mumbai
50,2025-02-15,378.63,residential,Hyderabad
50,2025-02-16,561.27,commercial,Chennai
50,2025-02-17,974.92,industrial,Mumbai
50,2025-02-18,440.44,residential,Hyderabad
50,2025-02-19,602.59,commercial,Chennai
50,2025-02-20,1001.83,industrial,Mumbai
50,2025-02-21,453.27,residential,Hyderabad
50,2025-02-22,705.93,commercial,Chennai
50,2025-02-23,972.44,industrial,Mumbai
50,2025-02-24,563.58,residential,Hyderabad
50,2025-02-25,762.76,commercial,Chennai
50,2025-02-26,993.5,industrial,Mumbai
50,2025-02-27,552.31,residential,Hyderabad
50,2025-02-28,747.95,commercial,Chennai
50,2025-03-01,1083.92,industrial,Mumbai
50,2025-03-02,495.7,residential,Hyderabad
50,2025-03-03,764.76,commercial,Chennai
50,2025-03-04,1080.47,industrial,Mumbai
50,2025-03-05,466.4,residential,Hyderabad
50,2025-03-06,685.93,commercial,Chennai
50,2025-03-07,946.29,industrial,Mumbai
50,2025-03-08,510.03,residential,Hyderabad
50,2025-03-09,741.14,commercial,Chennai
50,2025-03-10,1063.24,industrial,Mumbai
50,2025-03-11,496.35,residential,Hyderabad
50,2025-03-12,748.73,commercial,Chennai
50,2025-03-13,919.02,industrial,Mumbai
50,2025-03-14,397.58,residential,Hyderabad
50,2025-03-15,656.24,commercial,Chennai
50,2025-03-16,968.17,industrial,Mumbai
50,2025-03-17,447.71,residential,Hyderabad
50,2025-03-18,564.58,commercial,Chennai
50,2025-03-19,944.12,industrial,Mumbai
50,2025-03-20,398.05,residential,Hyderabad
50,2025-03-21,681.62,commercial,Chennai
50,2025-03-22,975.95,industrial,Mumbai
50,2025-03-23,431.75,residential,Hyderabad
50,2025-03-24,658.1,commercial,Chennai
50,2025-03-25,946.46,industrial,Mumbai
50,2025-03-26,496.91,residential,Hyderabad
50,2025-03-27,748.19,commercial,Chennai
50,2025-03-28,980.64,industrial,Mumbai
50,2025-03-29,549.39,residential,Hyderabad
50,2025-03-30,715.87,commercial,Chennai
50,2025-03-31,1011.56,industrial,Mumbai
50,2025-04-01,543.27,residential,Hyderabad
50,2025-04-02,708.31,commercial,Chennai
50,2025-04-03,1027.53,industrial,Mumbai
50,2025-04-04,499.53,residential,Hyderabad
50,2025-04-05,821.68,commercial,Chennai
50,2025-04-06,1038.23,industrial,Mumbai
50,2025-04-07,500.91,residential,Hyderabad
50,2025-04-08,728.22,commercial,Chennai
50,2025-04-09,1005.01,industrial,Mumbai
50,2025-04-10,490.03,residential,Hyderabad
50,2025-04-11,712.77,commercial,Chennai
50,2025-04-12,1008.26,industrial,Mumbai
50,2025-04-13,447.35,residential,Hyderabad
50,2025-04-14,637.41,commercial,Chennai
50,2025-04-15,942.91,industrial,Mumbai
50,2025-04-16,357.16,residential,Hyderabad
50,2025-04-17,586.01,commercial,Chennai
50,2025-04-18,1000.82,industrial,Mumbai
50,2025-04-19,513.61,residential,Hyderabad
50,2025-04-20,641.57,commercial,Chennai
50,2025-04-21,980.18,industrial,Mumbai
50,2025-04-22,476.75,residential,Hyderabad
50,2025-04-23,795.89,commercial,Chennai
50,2025-04-24,1026.82,industrial,Mumbai
50,2025-04-25,486.64,residential,Hyderabad
50,2025-04-26,663.23,commercial,Chennai
50,2025-04-27,946.41,industrial,Mumbai
50,2025-04-28,527.11,residential,Hyderabad
50,2025-04-29,695.71,commercial,Chennai
50,2025-04-30,974.41,industrial,Mumbai
50,2025-05-01,508.86,residential,Hyderabad
50,2025-05-02,692.78,commercial,Chennai
50,2025-05-03,1102.64,industrial,Mumbai
50,2025-05-04,567.34,residential,Hyderabad
50,2025-05-05,726.57,commercial,Chennai
50,2025-05-06,1078.99,industrial,Mumbai
50,2025-05-07,514.14,residential,Hyderabad
50,2025-05-08,666.53,commercial,Chennai
50,2025-05-09,1050.94,industrial,Mumbai
50,2025-05-10,500.12,residential,Hyderabad
50,2025-05-11,625.6,commercial,Chennai
50,2025-05-12,948.44,industrial,Mumbai
50,2025-05-13,410.85,residential,Hyderabad
50,2025-05-14,581.65,commercial,Chennai
50,2025-05-15,966.7,industrial,Mumbai
50,2025-05-16,500.59,residential,Hyderabad
50,2025-05-17,564.89,commercial,Chennai
50,2025-05-18,942.12,industrial,Mumbai
50,2025-05-19,394.5,residential,Hyderabad
50,2025-05-20,604.02,commercial,Chennai
50,2025-05-21,904.66,industrial,Mumbai
50,2025-05-22,400.26,residential,Hyderabad
50,2025-05-23,644.48,commercial,Chennai
50,2025-05-24,917.89,industrial,Mumbai
50,2025-05-25,470.98,residential,Hyderabad
50,2025-05-26,667.16,commercial,Chennai
50,2025-05-27,968.16,industrial,Mumbai
50,2025-05-28,449.05,residential,Hyderabad
50,2025-05-29,668.61,commercial,Chennai
50,2025-05-30,1026.59,industrial,Mumbai
50,2025-05-31,519.2,residential,Hyderabad
50,2025-06-01,660.75,commercial,Chennai
50,2025-06-02,1002.33,industrial,Mumbai
50,2025-06-03,524.72,residential,Hyderabad
50,2025-06-04,622.12,commercial,Chennai
50,2025-06-05,1002.94,industrial,Mumbai
50,2025-06-06,445.38,residential,Hyderabad
50,2025-06-07,684.1,commercial,Chennai
50,2025-06-08,919.22,industrial,Mumbai
50,2025-06-09,365.58,residential,Hyderabad
50,2025-06-10,560.67,commercial,Chennai
50,2025-06-11,916.15,industrial,Mumbai
50,2025-06-12,413.94,residential,Hyderabad
50,2025-06-13,557.98,commercial,Chennai
50,2025-06-14,911.91,industrial,Mumbai
50,2025-06-15,314.01,residential,Hyderabad
50,2025-06-16,574.0,commercial,Chennai
50,2025-06-17,826.54,industrial,Mumbai
50,2025-06-18,349.4,residential,Hyderabad
50,2025-06-19,579.95,commercial,Chennai
50,2025-06-20,848.09,industrial,Mumbai
50,2025-06-21,373.21,residential,Hyderabad
50,2025-06-22,636.2,commercial,Chennai
50,2025-06-23,881.11,industrial,Mumbai
50,2025-06-24,446.3,residential,Hyderabad
50,2025-06-25,576.37,commercial,Chennai
50,2025-06-26,950.98,industrial,Mumbai
50,2025-06-27,494.79,residential,Hyderabad
50,2025-06-28,544.31,commercial,Chennai
50,2025-06-29,915.73,industrial,Mumbai
50,2025-06-30,473.22,residential,Hyderabad
50,2025-07-01,642.46,commercial,Chennai
50,2025-07-02,963.71,industrial,Mumbai
50,2025-07-03,420.81,residential,Hyderabad
50,2025-07-04,642.46,commercial,Chennai
50,2025-07-05,924.91,industrial,Mumbai
50,2025-07-06,468.36,residential,Hyderabad
50,2025-07-07,621.06,commercial,Chennai
50,2025-07-08,912.73,industrial,Mumbai
50,2025-07-09,370.65,residential,Hyderabad
50,2025-07-10,555.52,commercial,Chennai
50,2025-07-11,846.08,industrial,Mumbai
50,2025-07-12,368.41,residential,Hyderabad
50,2025-07-13,526.34,commercial,Chennai
50,2025-07-14,846.94,industrial,Mumbai
50,2025-07-15,412.43,residential,Hyderabad
50,2025-07-16,560.42,commercial,Chennai
50,2025-07-17,810.87,industrial,Mumbai
50,2025-07-18,372.47,residential,Hyderabad
50,2025-07-19,510.7,commercial,Chennai
50,2025-07-20,750.01,industrial,Mumbai
50,2025-07-21,297.35,residential,Hyderabad
50,2025-07-22,470.27,commercial,Chennai
50,2025-07-23,839.37,industrial,Mumbai
50,2025-07-24,362.97,residential,Hyderabad
50,2025-07-25,638.09,commercial,Chennai
50,2025-07-26,892.48,industrial,Mumbai
50,2025-07-27,378.13,residential,Hyderabad
50,2025-07-28,626.28,commercial,Chennai
50,2025-07-29,809.27,industrial,Mumbai
50,2025-07-30,409.86,residential,Hyderabad
50,2025-07-31,631.93,commercial,Chennai
50,2025-08-01,840.46,industrial,Mumbai
50,2025-08-02,441.7,residential,Hyderabad
50,2025-08-03,603.77,commercial,Chennai
50,2025-08-04,866.02,industrial,Mumbai
50,2025-08-05,398.74,residential,Hyderabad
50,2025-08-06,653.79,commercial,Chennai
50,2025-08-07,858.89,industrial,Mumbai
50,2025-08-08,349.77,residential,Hyderabad
50,2025-08-09,509.7,commercial,Chennai
50,2025-08-10,782.79,industrial,Mumbai
50,2025-08-11,339.62,residential,Hyderabad
50,2025-08-12,463.08,commercial,Chennai
50,2025-08-13,792.75,industrial,Mumbai
50,2025-08-14,265.26,residential,Hyderabad
50,2025-08-15,500.1,commercial,Chennai
50,2025-08-16,793.06,industrial,Mumbai
50,2025-08-17,322.18,residential,Hyderabad
50,2025-08-18,463.34,commercial,Chennai
50,2025-08-19,777.93,industrial,Mumbai
50,2025-08-20,256.19,residential,Hyderabad
50,2025-08-21,485.5,commercial,Chennai
50,2025-08-22,827.21,industrial,Mumbai
50,2025-08-23,351.71,residential,Hyderabad
50,2025-08-24,493.89,commercial,Chennai
50,2025-08-25,874.47,industrial,Mumbai
50,2025-08-26,401.96,residential,Hyderabad
50,2025-08-27,571.06,commercial,Chennai
50,2025-08-28,934.78,industrial,Mumbai
50,2025-08-29,332.08,residential,Hyderabad
50,2025-08-30,514.51,commercial,Chennai
50,2025-08-31,792.26,industrial,Mumbai
50,2025-09-01,420.22,residential,Hyderabad
50,2025-09-02,581.47,commercial,Chennai
50,2025-09-03,846.13,industrial,Mumbai
50,2025-09-04,351.0,residential,Hyderabad
50,2025-09-05,484.98,commercial,Chennai
50,2025-09-06,917.17,industrial,Mumbai
50,2025-09-07,313.41,residential,Hyderabad
50,2025-09-08,501.55,commercial,Chennai
50,2025-09-09,815.62,industrial,Mumbai
50,2025-09-10,296.16,residential,Hyderabad
50,2025-09-11,477.52,commercial,Chennai
50,2025-09-12,730.24,industrial,Mumbai
50,2025-09-13,275.94,residential,Hyderabad
50,2025-09-14,529.68,commercial,Chennai
50,2025-09-15,807.74,industrial,Mumbai
50,2025-09-16,319.38,residential,Hyderabad
50,2025-09-17,439.04,commercial,Chennai
50,2025-09-18,725.66,industrial,Mumbai
50,2025-09-19,267.62,residential,Hyderabad
50,2025-09-20,483.6,commercial,Chennai
50,2025-09-21,834.78,industrial,Mumbai
50,2025-09-22,233.43,residential,Hyderabad
50,2025-09-23,572.47,commercial,Chennai
50,2025-09-24,814.69,industrial,Mumbai
50,2025-09-25,312.8,residential,Hyderabad
50,2025-09-26,497.01,commercial,Chennai
50,2025-09-27,777.32,industrial,Mumbai
50,2025-09-28,380.59,residential,Hyderabad
50,2025-09-29,552.7,commercial,Chennai
50,2025-09-30,798.14,industrial,Mumbai
50,2025-10-01,295.75,residential,Hyderabad
50,2025-10-02,529.89,commercial,Chennai
50,2025-10-03,903.99,industrial,Mumbai
50,2025-10-04,319.16,residential,Hyderabad
50,2025-10-05,460.48,commercial,Chennai
50,2025-10-06,800.97,industrial,Mumbai
50,2025-10-07,289.67,residential,Hyderabad
50,2025-10-08,382.51,commercial,Chennai
50,2025-10-09,778.5,industrial,Mumbai
50,2025-10-10,262.64,residential,Hyderabad
50,2025-10-11,492.24,commercial,Chennai
50,2025-10-12,832.53,industrial,Mumbai
50,2025-10-13,299.72,residential,Hyderabad
50,2025-10-14,442.11,commercial,Chennai
50,2025-10-15,709.01,industrial,Mumbai
50,2025-10-16,358.81,residential,Hyderabad
50,2025-10-17,462.95,commercial,Chennai
50,2025-10-18,767.78,industrial,Mumbai
50,2025-10-19,274.54,residential,Hyderabad
50,2025-10-20,493.03,commercial,Chennai
50,2025-10-21,789.84,industrial,Mumbai
50,2025-10-22,283.67,residential,Hyderabad
50,2025-10-23,495.77,commercial,Chennai
50,2025-10-24,826.93,industrial,Mumbai
50,2025-10-25,316.24,residential,Hyderabad
50,2025-10-26,517.94,commercial,Chennai
50,2025-10-27,857.6,industrial,Mumbai
50,2025-10-28,348.16,residential,Hyderabad
50,2025-10-29,621.48,commercial,Chennai
50,2025-10-30,756.1,industrial,Mumbai
50,2025-10-31,404.47,residential,Hyderabad
50,2025-11-01,607.27,commercial,Chennai
50,2025-11-02,769.24,industrial,Mumbai
50,2025-11-03,331.62,residential,Hyderabad
50,2025-11-04,522.36,commercial,Chennai
50,2025-11-05,771.95,industrial,Mumbai
50,2025-11-06,287.73,residential,Hyderabad
50,2025-11-07,465.05,commercial,Chennai
50,2025-11-08,870.66,industrial,Mumbai
50,2025-11-09,330.01,residential,Hyderabad
50,2025-11-10,536.76,commercial,Chennai
50,2025-11-11,809.74,industrial,Mumbai
50,2025-11-12,232.59,residential,Hyderabad
50,2025-11-13,455.75,commercial,Chennai
50,2025-11-14,797.48,industrial,Mumbai
50,2025-11-15,232.4,residential,Hyderabad
50,2025-11-16,515.27,commercial,Chennai
50,2025-11-17,784.52,industrial,Mumbai
50,2025-11-18,288.17,residential,Hyderabad
50,2025-11-19,541.94,commercial,Chennai
50,2025-11-20,842.51,industrial,Mumbai
50,2025-11-21,322.02,residential,Hyderabad
50,2025-11-22,594.56,commercial,Chennai
50,2025-11-23,816.25,industrial,Mumbai
50,2025-11-24,394.55,residential,Hyderabad
50,2025-11-25,602.8,commercial,Chennai
50,2025-11-26,874.25,industrial,Mumbai
50,2025-11-27,405.35,residential,Hyderabad
50,2025-11-28,545.88,commercial,Chennai
50,2025-11-29,934.35,industrial,Mumbai
50,2025-11-30,389.29,residential,Hyderabad
50,2025-12-01,573.01,commercial,Chennai
50,2025-12-02,931.24,industrial,Mumbai
50,2025-12-03,354.86,residential,Hyderabad
50,2025-12-04,519.18,commercial,Chennai
50,2025-12-05,804.85,industrial,Mumbai
50,2025-12-06,382.52,residential,Hyderabad
50,2025-12-07,498.24,commercial,Chennai
50,2025-12-08,911.29,industrial,Mumbai
50,2025-12-09,250.36,residential,Hyderabad
50,2025-12-10,595.33,commercial,Chennai
50,2025-12-11,831.39,industrial,Mumbai
50,2025-12-12,316.45,residential,Hyderabad
50,2025-12-13,497.99,commercial,Chennai
50,2025-12-14,837.39,industrial,Mumbai
50,2025-12-15,323.75,residential,Hyderabad
50,2025-12-16,575.3,commercial,Chennai
50,2025-12-17,843.54,industrial,Mumbai
50,2025-12-18,354.43,residential,Hyderabad
50,2025-12-19,544.61,commercial,Chennai
50,2025-12-20,868.5,industrial,Mumbai
50,2025-12-21,395.18,residential,Hyderabad
50,2025-12-22,526.56,commercial,Chennai
50,2025-12-23,852.68,industrial,Mumbai
50,2025-12-24,447.1,residential,Hyderabad
50,2025-12-25,633.68,commercial,Chennai
50,2025-12-26,927.35,industrial,Mumbai
50,2025-12-27,441.41,residential,Hyderabad
50,2025-12-28,658.47,commercial,Chennai
50,2025-12-29,924.69,industrial,Mumbai
50,2025-12-30,414.7,residential,Hyderabad
50,2025-12-31,651.14,commercial,Chennai
50,2026-01-01,899.74,industrial,Mumbai
50,2026-01-02,449.16,residential,Hyderabad
50,2026-01-03,557.4,commercial,Chennai
50,2026-01-04,958.44,industrial,Mumbai
50,2026-01-05,427.5,residential,Hyderabad
50,2026-01-06,610.16,commercial,Chennai
50,2026-01-07,930.99,industrial,Mumbai
50,2026-01-08,450.96,residential,Hyderabad
50,2026-01-09,618.85,commercial,Chennai
50,2026-01-10,800.19,industrial,Mumbai
50,2026-01-11,320.09,residential,Hyderabad
50,2026-01-12,545.79,commercial,Chennai
50,2026-01-13,873.51,industrial,Mumbai
50,2026-01-14,397.02,residential,Hyderabad
50,2026-01-15,553.2,commercial,Chennai
50,2026-01-16,897.51,industrial,Mumbai
50,2026-01-17,369.24,residential,Hyderabad
50,2026-01-18,585.69,commercial,Chennai
50,2026-01-19,865.46,industrial,Mumbai
50,2026-01-20,396.82,residential,Hyderabad
50,2026-01-21,591.7,commercial,Chennai
50,2026-01-22,918.27,industrial,Mumbai
50,2026-01-23,510.1,residential,Hyderabad
50,2026-01-24,639.33,commercial,Chennai
50,2026-01-25,1090.32,industrial,Mumbai
50,2026-01-26,510.56,residential,Hyderabad
50,2026-01-27,701.94,commercial,Chennai
50,2026-01-28,961.75,industrial,Mumbai
50,2026-01-29,523.44,residential,Hyderabad
50,2026-01-30,669.65,commercial,Chennai
50,2026-01-31,992.9,industrial,Mumbai
50,2026-02-01,584.13,residential,Hyderabad
50,2026-02-02,670.29,commercial,Chennai
50,2026-02-03,1011.61,industrial,Mumbai
50,2026-02-04,428.54,residential,Hyderabad
50,2026-02-05,646.28,commercial,Chennai
50,2026-02-06,1009.97,industrial,Mumbai
50,2026-02-07,406.38,residential,Hyderabad
50,2026-02-08,697.55,commercial,Chennai
50,2026-02-09,948.55,industrial,Mumbai
50,2026-02-10,394.81,residential,Hyderabad
50,2026-02-11,641.73,commercial,Chennai
50,2026-02-12,956.62,industrial,Mumbai
50,2026-02-13,446.02,residential,Hyderabad
50,2026-02-14,563.84,commercial,Chennai
50,2026-02-15,904.92,industrial,Mumbai
50,2026-02-16,433.07,residential,Hyderabad
50,2026-02-17,650.23,commercial,Chennai
50,2026-02-18,989.13,industrial,Mumbai
50,2026-02-19,482.94,residential,Hyderabad
50,2026-02-20,633.92,commercial,Chennai
50,2026-02-21,1013.57,industrial,Mumbai
50,2026-02-22,532.91,residential,Hyderabad
50,2026-02-23,739.68,commercial,Chennai
50,2026-02-24,1067.69,industrial,Mumbai
50,2026-02-25,563.06,residential,Hyderabad
50,2026-02-26,751.21,commercial,Chennai
50,2026-02-27,1030.98,industrial,Mumbai
50,2026-02-28,466.1,residential,Hyderabad
50,2026-03-01,746.36,commercial,Chennai
50,2026-03-02,1032.21,industrial,Mumbai
50,2026-03-03,527.84,residential,Hyderabad
50,2026-03-04,657.67,commercial,Chennai
50,2026-03-05,956.35,industrial,Mumbai
50,2026-03-06,532.09,residential,Hyderabad
50,2026-03-07,678.72,commercial,Chennai
50,2026-03-08,998.34,industrial,Mumbai
50,2026-03-09,463.84,residential,Hyderabad
50,2026-03-10,656.79,commercial,Chennai
50,2026-03-11,987.61,industrial,Mumbai
50,2026-03-12,425.79,residential,Hyderabad
50,2026-03-13,648.68,commercial,Chennai
50,2026-03-14,926.89,industrial,Mumbai
50,2026-03-15,430.69,residential,Hyderabad
50,2026-03-16,640.44,commercial,Chennai
50,2026-03-17,968.3,industrial,Mumbai
50,2026-03-18,448.47,residential,Hyderabad
50,2026-03-19,727.3,commercial,Chennai
50,2026-03-20,951.6,industrial,Mumbai
50,2026-03-21,490.66,residential,Hyderabad
50,2026-03-22,691.25,commercial,Chennai
50,2026-03-23,1076.95,industrial,Mumbai
50,2026-03-24,536.24,residential,Hyderabad
50,2026-03-25,777.65,commercial,Chennai
50,2026-03-26,983.3,industrial,Mumbai
50,2026-03-27,557.83,residential,Hyderabad
50,2026-03-28,785.04,commercial,Chennai
50,2026-03-29,1052.86,industrial,Mumbai
50,2026-03-30,590.1,residential,Hyderabad
50,2026-03-31,722.59,commercial,Chennai
50,2026-04-01,1093.53,industrial,Mumbai
50,2026-04-02,621.34,residential,Hyderabad
50,2026-04-03,705.78,commercial,Chennai
50,2026-04-04,992.46,industrial,Mumbai
50,2026-04-05,557.93,residential,Hyderabad
50,2026-04-06,752.45,commercial,Chennai
50,2026-04-07,958.26,industrial,Mumbai
50,2026-04-08,453.13,residential,Hyderabad
50,2026-04-09,650.68,commercial,Chennai
50,2026-04-10,901.79,industrial,Mumbai
50,2026-04-11,414.3,residential,Hyderabad
50,2026-04-12,608.4,commercial,Chennai
50,2026-04-13,917.52,industrial,Mumbai
50,2026-04-14,448.66,residential,Hyderabad
50,2026-04-15,663.28,commercial,Chennai
50,2026-04-16,1021.66,industrial,Mumbai
50,2026-04-17,427.02,residential,Hyderabad
50,2026-04-18,714.91,commercial,Chennai
50,2026-04-19,976.41,industrial,Mumbai
50,2026-04-20,492.86,residential,Hyderabad
50,2026-04-21,731.66,commercial,Chennai
50,2026-04-22,969.12,industrial,Mumbai
50,2026-04-23,537.76,residential,Hyderabad
50,2026-04-24,736.24,commercial,Chennai
50,2026-04-25,1054.76,industrial,Mumbai
50,2026-04-26,550.18,residential,Hyderabad
50,2026-04-27,838.27,commercial,Chennai
50,2026-04-28,1013.8,industrial,Mumbai
50,2026-04-29,515.12,residential,Hyderabad
50,2026-04-30,706.38,commercial,Chennai
50,2026-05-01,1002.11,industrial,Mumbai
50,2026-05-02,490.21,residential,Hyderabad
50,2026-05-03,753.33,commercial,Chennai
50,2026-05-04,1051.74,industrial,Mumbai
50,2026-05-05,460.76,residential,Hyderabad
50,2026-05-06,638.95,commercial,Chennai
50,2026-05-07,980.17,industrial,Mumbai
50,2026-05-08,429.17,residential,Hyderabad
50,2026-05-09,667.78,commercial,Chennai
50,2026-05-10,943.38,industrial,Mumbai
50,2026-05-11,369.31,residential,Hyderabad
50,2026-05-12,688.56,commercial,Chennai
50,2026-05-13,997.38,industrial,Mumbai
50,2026-05-14,402.06,residential,Hyderabad
50,2026-05-15,614.15,commercial,Chennai
50,2026-05-16,946.05,industrial,Mumbai
50,2026-05-17,454.55,residential,Hyderabad
50,2026-05-18,675.33,commercial,Chennai
50,2026-05-19,1038.09,industrial,Mumbai
50,2026-05-20,459.73,residential,Hyderabad
50,2026-05-21,643.98,commercial,Chennai
50,2026-05-22,929.37,industrial,Mumbai
50,2026-05-23,463.03,residential,Hyderabad
50,2026-05-24,697.36,commercial,Chennai
50,2026-05-25,1075.25,industrial,Mumbai
50,2026-05-26,485.63,residential,Hyderabad
50,2026-05-27,716.05,commercial,Chennai
50,2026-05-28,1005.03,industrial,Mumbai
50,2026-05-29,549.61,residential,Hyderabad
50,2026-05-30,797.45,commercial,Chennai
50,2026-05-31,967.53,industrial,Mumbai
50,2026-06-01,459.94,residential,Hyderabad
50,2026-06-02,710.73,commercial,Chennai
50,2026-06-03,984.79,industrial,Mumbai
50,2026-06-04,519.46,residential,Hyderabad
50,2026-06-05,657.01,commercial,Chennai
50,2026-06-06,907.79,industrial,Mumbai
50,2026-06-07,435.17,residential,Hyderabad
50,2026-06-08,646.55,commercial,Chennai
50,2026-06-09,927.29,industrial,Mumbai
50,2026-06-10,408.91,residential,Hyderabad
50,2026-06-11,627.5,commercial,Chennai
50,2026-06-12,929.99,industrial,Mumbai
50,2026-06-13,439.04,residential,Hyderabad
50,2026-06-14,612.32,commercial,Chennai
50,2026-06-15,884.18,industrial,Mumbai
50,2026-06-16,402.85,residential,Hyderabad
50,2026-06-17,652.63,commercial,Chennai
50,2026-06-18,879.96,industrial,Mumbai
50,2026-06-19,436.1,residential,Hyderabad
50,2026-06-20,614.33,commercial,Chennai
50,2026-06-21,939.46,industrial,Mumbai
50,2026-06-22,496.81,residential,Hyderabad
50,2026-06-23,659.38,commercial,Chennai
50,2026-06-24,958.03,industrial,Mumbai
50,2026-06-25,404.32,residential,Hyderabad
50,2026-06-26,689.03,commercial,Chennai
50,2026-06-27,983.28,industrial,Mumbai
50,2026-06-28,540.1,residential,Hyderabad
50,2026-06-29,635.29,commercial,Chennai
50,2026-06-30,948.51,industrial,Mumbai
50,2026-07-01,440.23,residential,Hyderabad
50,2026-07-02,682.57,commercial,Chennai
50,2026-07-03,904.0,industrial,Mumbai
50,2026-07-04,406.86,residential,Hyderabad
50,2026-07-05,607.9,commercial,Chennai
50,2026-07-06,879.39,industrial,Mumbai
50,2026-07-07,343.3,residential,Hyderabad
50,2026-07-08,559.44,commercial,Chennai
50,2026-07-09,886.77,industrial,Mumbai
50,2026-07-10,296.81,residential,Hyderabad
50,2026-07-11,539.31,commercial,Chennai
50,2026-07-12,804.29,industrial,Mumbai
50,2026-07-13,380.58,residential,Hyderabad
50,2026-07-14,474.42,commercial,Chennai
50,2026-07-15,817.46,industrial,Mumbai
50,2026-07-16,361.0,residential,Hyderabad
50,2026-07-17,615.92,commercial,Chennai
50,2026-07-18,858.95,industrial,Mumbai
50,2026-07-19,348.12,residential,Hyderabad
50,2026-07-20,654.33,commercial,Chennai
50,2026-07-21,829.48,industrial,Mumbai
50,2026-07-22,306.88,residential,Hyderabad
50,2026-07-23,618.59,commercial,Chennai
50,2026-07-24,885.45,industrial,Mumbai
50,2026-07-25,367.34,residential,Hyderabad
50,2026-07-26,637.12,commercial,Chennai
50,2026-07-27,916.98,industrial,Mumbai
50,2026-07-28,380.94,residential,Hyderabad
50,2026-07-29,546.5,commercial,Chennai
50,2026-07-30,924.94,industrial,Mumbai
50,2026-07-31,406.77,residential,Hyderabad
50,2026-08-01,566.25,commercial,Chennai
50,2026-08-02,932.65,industrial,Mumbai
50,2026-08-03,304.12,residential,Hyderabad
50,2026-08-04,474.06,commercial,Chennai
50,2026-08-05,796.03,industrial,Mumbai
50,2026-08-06,311.41,residential,Hyderabad
50,2026-08-07,513.8,commercial,Chennai
50,2026-08-08,786.89,industrial,Mumbai
50,2026-08-09,305.0,residential,Hyderabad
50,2026-08-10,437.34,commercial,Chennai
50,2026-08-11,843.82,industrial,Mumbai
50,2026-08-12,283.65,residential,Hyderabad
50,2026-08-13,534.58,commercial,Chennai
50,2026-08-14,808.47,industrial,Mumbai
50,2026-08-15,319.55,residential,Hyderabad
50,2026-08-16,531.9,commercial,Chennai
50,2026-08-17,835.75,industrial,Mumbai
50,2026-08-18,352.75,residential,Hyderabad
50,2026-08-19,589.44,commercial,Chennai
50,2026-08-20,852.93,industrial,Mumbai
50,2026-08-21,381.36,residential,Hyderabad
50,2026-08-22,556.08,commercial,Chennai
50,2026-08-23,922.34,industrial,Mumbai
50,2026-08-24,340.88,residential,Hyderabad
50,2026-08-25,641.12,commercial,Chennai
50,2026-08-26,866.47,industrial,Mumbai
50,2026-08-27,307.69,residential,Hyderabad
50,2026-08-28,564.83,commercial,Chennai
50,2026-08-29,825.39,industrial,Mumbai
50,2026-08-30,377.58,residential,Hyderabad
50,2026-08-31,507.92,commercial,Chennai
50,2026-09-01,805.38,industrial,Mumbai
50,2026-09-02,236.42,residential,Hyderabad
50,2026-09-03,482.71,commercial,Chennai
50,2026-09-04,693.12,industrial,Mumbai
50,2026-09-05,216.92,residential,Hyderabad
50,2026-09-06,502.2,commercial,Chennai
50,2026-09-07,796.37,industrial,Mumbai
50,2026-09-08,277.04,residential,Hyderabad
50,2026-09-09,418.52,commercial,Chennai
50,2026-09-10,754.68,industrial,Mumbai
50,2026-09-11,258.03,residential,Hyderabad
50,2026-09-12,415.53,commercial,Chennai
50,2026-09-13,827.61,industrial,Mumbai
50,2026-09-14,309.83,residential,Hyderabad
50,2026-09-15,474.48,commercial,Chennai
50,2026-09-16,793.89,industrial,Mumbai
50,2026-09-17,311.12,residential,Hyderabad
50,2026-09-18,431.13,commercial,Chennai
50,2026-09-19,812.49,industrial,Mumbai
50,2026-09-20,303.82,residential,Hyderabad
50,2026-09-21,498.5,commercial,Chennai
50,2026-09-22,833.19,industrial,Mumbai
50,2026-09-23,420.35,residential,Hyderabad
50,2026-09-24,576.03,commercial,Chennai
50,2026-09-25,827.37,industrial,Mumbai
50,2026-09-26,370.79,residential,Hyderabad
50,2026-09-27,599.48,commercial,Chennai
50,2026-09-28,874.25,industrial,Mumbai
50,2026-09-29,331.82,residential,Hyderabad
50,2026-09-30,494.47,commercial,Chennai
50,2026-10-01,838.33,industrial,Mumbai
50,2026-10-02,315.76,residential,Hyderabad
50,2026-10-03,525.49,commercial,Chennai
50,2026-10-04,805.23,industrial,Mumbai
50,2026-10-05,312.86,residential,Hyderabad
50,2026-10-06,441.84,commercial,Chennai
50,2026-10-07,809.97,industrial,Mumbai
50,2026-10-08,261.13,residential,Hyderabad
50,2026-10-09,534.29,commercial,Chennai
50,2026-10-10,723.97,industrial,Mumbai
50,2026-10-11,323.44,residential,Hyderabad
50,2026-10-12,466.48,commercial,Chennai
50,2026-10-13,739.0,industrial,Mumbai
50,2026-10-14,253.85,residential,Hyderabad
50,2026-10-15,469.84,commercial,Chennai
50,2026-10-16,810.0,industrial,Mumbai
50,2026-10-17,324.8,residential,Hyderabad
50,2026-10-18,491.82,commercial,Chennai
50,2026-10-19,824.26,industrial,Mumbai
50,2026-10-20,420.52,residential,Hyderabad
50,2026-10-21,612.27,commercial,Chennai
50,2026-10-22,867.37,industrial,Mumbai
50,2026-10-23,356.32,residential,Hyderabad
50,2026-10-24,562.43,commercial,Chennai
50,2026-10-25,882.85,industrial,Mumbai
50,2026-10-26,315.94,residential,Hyderabad
50,2026-10-27,543.04,commercial,Chennai
50,2026-10-28,781.22,industrial,Mumbai
50,2026-10-29,356.95,residential,Hyderabad
50,2026-10-30,558.64,commercial,Chennai
50,2026-10-31,804.32,industrial,Mumbai
50,2026-11-01,377.08,residential,Hyderabad
50,2026-11-02,455.59,commercial,Chennai
50,2026-11-03,737.03,industrial,Mumbai
50,2026-11-04,296.47,residential,Hyderabad
50,2026-11-05,522.58,commercial,Chennai
50,2026-11-06,842.9,industrial,Mumbai
50,2026-11-07,253.96,residential,Hyderabad
50,2026-11-08,514.33,commercial,Chennai
50,2026-11-09,770.7,industrial,Mumbai
50,2026-11-10,268.6,residential,Hyderabad
50,2026-11-11,516.21,commercial,Chennai
50,2026-11-12,814.24,industrial,Mumbai
50,2026-11-13,234.01,residential,Hyderabad
50,2026-11-14,566.36,commercial,Chennai
50,2026-11-15,873.64,industrial,Mumbai
50,2026-11-16,305.03,residential,Hyderabad
50,2026-11-17,557.52,commercial,Chennai
50,2026-11-18,872.65,industrial,Mumbai
50,2026-11-19,373.65,residential,Hyderabad
50,2026-11-20,550.28,commercial,Chennai
50,2026-11-21,852.89,industrial,Mumbai
50,2026-11-22,384.33,residential,Hyderabad
50,2026-11-23,635.79,commercial,Chennai
50,2026-11-24,912.0,industrial,Mumbai
50,2026-11-25,374.65,residential,Hyderabad
50,2026-11-26,617.5,commercial,Chennai
50,2026-11-27,767.97,industrial,Mumbai
50,2026-11-28,421.54,residential,Hyderabad
50,2026-11-29,498.41,commercial,Chennai
50,2026-11-30,845.03,industrial,Mumbai
50,2026-12-01,305.84,residential,Hyderabad
50,2026-12-02,489.94,commercial,Chennai
50,2026-12-03,879.74,industrial,Mumbai
50,2026-12-04,307.08,residential,Hyderabad
50,2026-12-05,533.43,commercial,Chennai
50,2026-12-06,813.1,industrial,Mumbai
50,2026-12-07,331.38,residential,Hyderabad
50,2026-12-08,514.78,commercial,Chennai
50,2026-12-09,761.98,industrial,Mumbai
50,2026-12-10,356.93,residential,Hyderabad
50,2026-12-11,503.2,commercial,Chennai
50,2026-12-12,768.45,industrial,Mumbai
50,2026-12-13,322.99,residential,Hyderabad
50,2026-12-14,610.85,commercial,Chennai
50,2026-12-15,896.42,industrial,Mumbai
50,2026-12-16,360.52,residential,Hyderabad
50,2026-12-17,572.56,commercial,Chennai
50,2026-12-18,885.28,industrial,Mumbai
50,2026-12-19,491.95,residential,Hyderabad
50,2026-12-20,633.61,commercial,Chennai
50,2026-12-21,943.37,industrial,Mumbai
50,2026-12-22,473.33,residential,Hyderabad
50,2026-12-23,645.55,commercial,Chennai
50,2026-12-24,927.34,industrial,Mumbai
50,2026-12-25,429.39,residential,Hyderabad
50,2026-12-26,631.84,commercial,Chennai
50,2026-12-27,928.79,industrial,Mumbai
50,2026-12-28,453.33,residential,Hyderabad
50,2026-12-29,618.97,commercial,Chennai
50,2026-12-30,937.98,industrial,Mumbai
50,2026-12-31,396.77,residential,Hyderabad
50,2027-01-01,594.47,commercial,Chennai
50,2027-01-02,803.18,industrial,Mumbai
50,2027-01-03,412.43,residential,Hyderabad
50,2027-01-04,583.58,commercial,Chennai
50,2027-01-05,905.22,industrial,Mumbai
50,2027-01-06,246.91,residential,Hyderabad
50,2027-01-07,645.83,commercial,Chennai
50,2027-01-08,858.42,industrial,Mumbai
50,2027-01-09,412.21,residential,Hyderabad
50,2027-01-10,532.23,commercial,Chennai
50,2027-01-11,906.18,industrial,Mumbai
50,2027-01-12,348.98,residential,Hyderabad
50,2027-01-13,576.9,commercial,Chennai
50,2027-01-14,990.03,industrial,Mumbai
50,2027-01-15,417.91,residential,Hyderabad
50,2027-01-16,646.29,commercial,Chennai
50,2027-01-17,983.99,industrial,Mumbai
50,2027-01-18,479.71,residential,Hyderabad
50,2027-01-19,675.3,commercial,Chennai
50,2027-01-20,991.65,industrial,Mumbai
50,2027-01-21,579.06,residential,Hyderabad
50,2027-01-22,684.39,commercial,Chennai
50,2027-01-23,996.34,industrial,Mumbai
50,2027-01-24,529.73,residential,Hyderabad
50,2027-01-25,729.24,commercial,Chennai
50,2027-01-26,1027.92,industrial,Mumbai
50,2027-01-27,499.76,residential,Hyderabad
50,2027-01-28,620.97,commercial,Chennai
50,2027-01-29,1023.61,industrial,Mumbai
50,2027-01-30,403.52,residential,Hyderabad
50,2027-01-31,652.58,commercial,Chennai
50,2027-02-01,901.83,industrial,Mumbai
50,2027-02-02,421.85,residential,Hyderabad
50,2027-02-03,631.24,commercial,Chennai
50,2027-02-04,926.22,industrial,Mumbai
50,2027-02-05,427.4,residential,Hyderabad
50,2027-02-06,674.3,commercial,Chennai
50,2027-02-07,929.26,industrial,Mumbai
50,2027-02-08,404.89,residential,Hyderabad
50,2027-02-09,658.81,commercial,Chennai
50,2027-02-10,975.28,industrial,Mumbai
50,2027-02-11,387.67,residential,Hyderabad
50,2027-02-12,671.0,commercial,Chennai
50,2027-02-13,986.36,industrial,Mumbai
50,2027-02-14,458.04,residential,Hyderabad
50,2027-02-15,736.59,commercial,Chennai
50,2027-02-16,986.7,industrial,Mumbai
50,2027-02-17,507.95,residential,Hyderabad
50,2027-02-18,704.93,commercial,Chennai
50,2027-02-19,1019.76,industrial,Mumbai
50,2027-02-20,480.64,residential,Hyderabad
50,2027-02-21,670.15,commercial,Chennai
50,2027-02-22,1092.6,industrial,Mumbai
50,2027-02-23,493.81,residential,Hyderabad
50,2027-02-24,684.8,commercial,Chennai
50,2027-02-25,933.17,industrial,Mumbai
50,2027-02-26,486.95,residential,Hyderabad
50,2027-02-27,651.48,commercial,Chennai
50,2027-02-28,1061.06,industrial,Mumbai
50,2027-03-01,526.27,residential,Hyderabad
50,2027-03-02,648.82,commercial,Chennai
50,2027-03-03,1057.35,industrial,Mumbai
50,2027-03-04,498.29,residential,Hyderabad
50,2027-03-05,639.05,commercial,Chennai
50,2027-03-06,846.69,industrial,Mumbai
50,2027-03-07,534.79,residential,Hyderabad
50,2027-03-08,586.1,commercial,Chennai
50,2027-03-09,876.56,industrial,Mumbai
50,2027-03-10,486.1,residential,Hyderabad
50,2027-03-11,747.67,commercial,Chennai
50,2027-03-12,1012.2,industrial,Mumbai
50,2027-03-13,487.73,residential,Hyderabad
50,2027-03-14,698.56,commercial,Chennai
50,2027-03-15,1019.36,industrial,Mumbai
50,2027-03-16,526.47,residential,Hyderabad
50,2027-03-17,718.22,commercial,Chennai
50,2027-03-18,1021.51,industrial,Mumbai
50,2027-03-19,524.3,residential,Hyderabad
50,2027-03-20,704.78,commercial,Chennai
50,2027-03-21,1030.2,industrial,Mumbai
50,2027-03-22,478.28,residential,Hyderabad
50,2027-03-23,744.53,commercial,Chennai
50,2027-03-24,1009.18,industrial,Mumbai
50,2027-03-25,502.63,residential,Hyderabad
50,2027-03-26,749.92,commercial,Chennai
50,2027-03-27,1092.43,industrial,Mumbai
50,2027-03-28,565.85,residential,Hyderabad
50,2027-03-29,657.36,commercial,Chennai
50,2027-03-30,970.74,industrial,Mumbai
50,2027-03-31,537.61,residential,Hyderabad
50,2027-04-01,650.3,commercial,Chennai
50,2027-04-02,970.67,industrial,Mumbai
50,2027-04-03,492.57,residential,Hyderabad
50,2027-04-04,624.0,commercial,Chennai
50,2027-04-05,960.71,industrial,Mumbai
50,2027-04-06,398.75,residential,Hyderabad
50,2027-04-07,625.73,commercial,Chennai
50,2027-04-08,962.39,industrial,Mumbai
50,2027-04-09,387.84,residential,Hyderabad
50,2027-04-10,673.19,commercial,Chennai
50,2027-04-11,960.65,industrial,Mumbai
50,2027-04-12,491.0,residential,Hyderabad
50,2027-04-13,686.58,commercial,Chennai
50,2027-04-14,1041.77,industrial,Mumbai
50,2027-04-15,502.22,residential,Hyderabad
50,2027-04-16,690.01,commercial,Chennai
50,2027-04-17,1021.58,industrial,Mumbai
50,2027-04-18,546.99,residential,Hyderabad
50,2027-04-19,734.48,commercial,Chennai
50,2027-04-20,1039.76,industrial,Mumbai
50,2027-04-21,513.75,residential,Hyderabad
50,2027-04-22,716.9,commercial,Chennai
50,2027-04-23,986.69,industrial,Mumbai
50,2027-04-24,609.96,residential,Hyderabad
50,2027-04-25,685.31,commercial,Chennai
50,2027-04-26,1000.5,industrial,Mumbai
50,2027-04-27,490.99,residential,Hyderabad
50,2027-04-28,745.72,commercial,Chennai
50,2027-04-29,987.4,industrial,Mumbai
50,2027-04-30,537.91,residential,Hyderabad
50,2027-05-01,649.84,commercial,Chennai
50,2027-05-02,977.14,industrial,Mumbai
50,2027-05-03,422.63,residential,Hyderabad
50,2027-05-04,733.17,commercial,Chennai
50,2027-05-05,892.79,industrial,Mumbai
50,2027-05-06,447.48,residential,Hyderabad
50,2027-05-07,657.28,commercial,Chennai
50,2027-05-08,947.47,industrial,Mumbai
50,2027-05-09,424.65,residential,Hyderabad
50,2027-05-10,630.07,commercial,Chennai
50,2027-05-11,942.08,industrial,Mumbai
50,2027-05-12,441.12,residential,Hyderabad
50,2027-05-13,693.49,commercial,Chennai
50,2027-05-14,1052.15,industrial,Mumbai
50,2027-05-15,450.66,residential,Hyderabad
50,2027-05-16,627.37,commercial,Chennai
50,2027-05-17,987.36,industrial,Mumbai
50,2027-05-18,601.91,residential,Hyderabad
50,2027-05-19,673.09,commercial,Chennai
50,2027-05-20,1075.67,industrial,Mumbai
50,2027-05-21,580.18,residential,Hyderabad
50,2027-05-22,691.79,commercial,Chennai
50,2027-05-23,1035.36,industrial,Mumbai
50,2027-05-24,574.22,residential,Hyderabad
50,2027-05-25,688.3,commercial,Chennai
50,2027-05-26,987.79,industrial,Mumbai
50,2027-05-27,463.5,residential,Hyderabad
50,2027-05-28,635.71,commercial,Chennai
50,2027-05-29,938.95,industrial,Mumbai
50,2027-05-30,404.12,residential,Hyderabad
50,2027-05-31,642.57,commercial,Chennai
50,2027-06-01,898.99,industrial,Mumbai
50,2027-06-02,428.59,residential,Hyderabad
50,2027-06-03,547.72,commercial,Chennai
50,2027-06-04,915.52,industrial,Mumbai
50,2027-06-05,429.84,residential,Hyderabad
50,2027-06-06,513.02,commercial,Chennai
50,2027-06-07,906.17,industrial,Mumbai
50,2027-06-08,440.91,residential,Hyderabad
50,2027-06-09,546.08,commercial,Chennai
50,2027-06-10,965.92,industrial,Mumbai
50,2027-06-11,421.93,residential,Hyderabad
50,2027-06-12,584.4,commercial,Chennai
50,2027-06-13,918.68,industrial,Mumbai
50,2027-06-14,452.0,residential,Hyderabad
50,2027-06-15,641.46,commercial,Chennai
50,2027-06-16,968.25,industrial,Mumbai
50,2027-06-17,417.26,residential,Hyderabad
50,2027-06-18,666.96,commercial,Chennai
50,2027-06-19,908.1,industrial,Mumbai
50,2027-06-20,462.77,residential,Hyderabad
50,2027-06-21,631.55,commercial,Chennai
50,2027-06-22,936.59,industrial,Mumbai
50,2027-06-23,511.58,residential,Hyderabad
50,2027-06-24,699.83,commercial,Chennai
50,2027-06-25,972.69,industrial,Mumbai
50,2027-06-26,395.15,residential,Hyderabad
50,2027-06-27,615.42,commercial,Chennai
50,2027-06-28,964.94,industrial,Mumbai
50,2027-06-29,409.97,residential,Hyderabad
50,2027-06-30,684.96,commercial,Chennai
50,2027-07-01,896.26,industrial,Mumbai
50,2027-07-02,377.43,residential,Hyderabad
50,2027-07-03,547.9,commercial,Chennai
50,2027-07-04,857.74,industrial,Mumbai
50,2027-07-05,340.33,residential,Hyderabad
50,2027-07-06,570.86,commercial,Chennai
50,2027-07-07,879.09,industrial,Mumbai
50,2027-07-08,309.84,residential,Hyderabad
50,2027-07-09,490.57,commercial,Chennai
50,2027-07-10,774.81,industrial,Mumbai
50,2027-07-11,374.65,residential,Hyderabad
50,2027-07-12,517.55,commercial,Chennai
50,2027-07-13,783.82,industrial,Mumbai
50,2027-07-14,394.19,residential,Hyderabad
50,2027-07-15,687.08,commercial,Chennai
50,2027-07-16,895.39,industrial,Mumbai
50,2027-07-17,436.56,residential,Hyderabad
50,2027-07-18,612.41,commercial,Chennai
50,2027-07-19,909.67,industrial,Mumbai
50,2027-07-20,453.01,residential,Hyderabad
50,2027-07-21,605.17,commercial,Chennai
50,2027-07-22,925.86,industrial,Mumbai
50,2027-07-23,424.25,residential,Hyderabad
50,2027-07-24,578.81,commercial,Chennai
50,2027-07-25,937.48,industrial,Mumbai
50,2027-07-26,381.46,residential,Hyderabad
50,2027-07-27,547.61,commercial,Chennai
50,2027-07-28,887.8,industrial,Mumbai
50,2027-07-29,318.47,residential,Hyderabad
50,2027-07-30,543.62,commercial,Chennai
50,2027-07-31,830.67,industrial,Mumbai
50,2027-08-01,363.92,residential,Hyderabad
50,2027-08-02,530.22,commercial,Chennai
50,2027-08-03,802.62,industrial,Mumbai
50,2027-08-04,330.63,residential,Hyderabad
50,2027-08-05,549.92,commercial,Chennai
50,2027-08-06,815.21,industrial,Mumbai
50,2027-08-07,294.08,residential,Hyderabad
50,2027-08-08,444.06,commercial,Chennai
50,2027-08-09,758.71,industrial,Mumbai
50,2027-08-10,295.53,residential,Hyderabad
50,2027-08-11,491.08,commercial,Chennai
50,2027-08-12,816.61,industrial,Mumbai
50,2027-08-13,335.46,residential,Hyderabad
50,2027-08-14,563.51,commercial,Chennai
50,2027-08-15,848.19,industrial,Mumbai
50,2027-08-16,378.29,residential,Hyderabad
50,2027-08-17,567.97,commercial,Chennai
50,2027-08-18,791.33,industrial,Mumbai
50,2027-08-19,335.86,residential,Hyderabad
50,2027-08-20,568.7,commercial,Chennai
50,2027-08-21,824.95,industrial,Mumbai
50,2027-08-22,394.06,residential,Hyderabad
50,2027-08-23,625.97,commercial,Chennai
50,2027-08-24,906.29,industrial,Mumbai
50,2027-08-25,340.2,residential,Hyderabad
50,2027-08-26,598.31,commercial,Chennai
50,2027-08-27,833.71,industrial,Mumbai
50,2027-08-28,302.92,residential,Hyderabad
50,2027-08-29,480.54,commercial,Chennai
50,2027-08-30,782.13,industrial,Mumbai
50,2027-08-31,268.77,residential,Hyderabad
50,2027-09-01,482.49,commercial,Chennai
50,2027-09-02,775.12,industrial,Mumbai
50,2027-09-03,263.76,residential,Hyderabad
50,2027-09-04,478.17,commercial,Chennai
50,2027-09-05,807.56,industrial,Mumbai
50,2027-09-06,299.37,residential,Hyderabad
50,2027-09-07,405.54,commercial,Chennai
50,2027-09-08,668.26,industrial,Mumbai
50,2027-09-09,314.91,residential,Hyderabad
50,2027-09-10,431.3,commercial,Chennai
50,2027-09-11,786.34,industrial,Mumbai
50,2027-09-12,258.36,residential,Hyderabad
50,2027-09-13,442.95,commercial,Chennai
50,2027-09-14,846.12,industrial,Mumbai
50,2027-09-15,363.41,residential,Hyderabad
50,2027-09-16,517.3,commercial,Chennai
50,2027-09-17,742.45,industrial,Mumbai
50,2027-09-18,328.1,residential,Hyderabad
50,2027-09-19,567.44,commercial,Chennai
50,2027-09-20,792.28,industrial,Mumbai
50,2027-09-21,356.29,residential,Hyderabad
50,2027-09-22,543.82,commercial,Chennai
50,2027-09-23,861.22,industrial,Mumbai
50,2027-09-24,334.85,residential,Hyderabad
50,2027-09-25,481.9,commercial,Chennai
50,2027-09-26,858.59,industrial,Mumbai
50,2027-09-27,293.87,residential,Hyderabad
50,2027-09-28,488.62,commercial,Chennai
50,2027-09-29,742.38,industrial,Mumbai
50,2027-09-30,252.89,residential,Hyderabad
50,2027-10-01,427.45,commercial,Chennai
50,2027-10-02,749.8,industrial,Mumbai
50,2027-10-03,320.99,residential,Hyderabad
50,2027-10-04,395.55,commercial,Chennai
50,2027-10-05,686.0,industrial,Mumbai
50,2027-10-06,311.7,residential,Hyderabad
50,2027-10-07,448.9,commercial,Chennai
50,2027-10-08,736.86,industrial,Mumbai
50,2027-10-09,313.21,residential,Hyderabad
50,2027-10-10,456.7,commercial,Chennai
50,2027-10-11,864.2,industrial,Mumbai
50,2027-10-12,328.99,residential,Hyderabad
50,2027-10-13,493.09,commercial,Chennai
50,2027-10-14,909.22,industrial,Mumbai
50,2027-10-15,308.15,residential,Hyderabad
50,2027-10-16,570.27,commercial,Chennai
50,2027-10-17,859.16,industrial,Mumbai
50,2027-10-18,404.0,residential,Hyderabad
50,2027-10-19,617.08,commercial,Chennai
50,2027-10-20,856.45,industrial,Mumbai
50,2027-10-21,323.43,residential,Hyderabad
50,2027-10-22,568.32,commercial,Chennai
50,2027-10-23,817.29,industrial,Mumbai
50,2027-10-24,417.83,residential,Hyderabad
50,2027-10-25,534.39,commercial,Chennai
50,2027-10-26,805.08,industrial,Mumbai
50,2027-10-27,317.42,residential,Hyderabad
50,2027-10-28,446.52,commercial,Chennai
50,2027-10-29,752.39,industrial,Mumbai
50,2027-10-30,331.04,residential,Hyderabad
50,2027-10-31,449.82,commercial,Chennai
50,2027-11-01,728.95,industrial,Mumbai
50,2027-11-02,288.93,residential,Hyderabad
50,2027-11-03,513.64,commercial,Chennai
50,2027-11-04,795.91,industrial,Mumbai
50,2027-11-05,310.14,residential,Hyderabad
50,2027-11-06,445.27,commercial,Chennai
50,2027-11-07,725.83,industrial,Mumbai
50,2027-11-08,351.57,residential,Hyderabad
50,2027-11-09,488.73,commercial,Chennai
50,2027-11-10,802.63,industrial,Mumbai
50,2027-11-11,377.3,residential,Hyderabad
50,2027-11-12,557.95,commercial,Chennai
50,2027-11-13,865.03,industrial,Mumbai
50,2027-11-14,443.62,residential,Hyderabad
50,2027-11-15,540.25,commercial,Chennai
50,2027-11-16,910.47,industrial,Mumbai
50,2027-11-17,381.13,residential,Hyderabad
50,2027-11-18,593.03,commercial,Chennai
50,2027-11-19,944.7,industrial,Mumbai
50,2027-11-20,403.0,residential,Hyderabad
50,2027-11-21,601.29,commercial,Chennai
50,2027-11-22,917.85,industrial,Mumbai
50,2027-11-23,353.94,residential,Hyderabad
50,2027-11-24,527.3,commercial,Chennai
50,2027-11-25,810.52,industrial,Mumbai
50,2027-11-26,264.68,residential,Hyderabad
50,2027-11-27,616.61,commercial,Chennai
50,2027-11-28,781.73,industrial,Mumbai
50,2027-11-29,309.42,residential,Hyderabad
50,2027-11-30,500.9,commercial,Chennai
50,2027-12-01,819.62,industrial,Mumbai
50,2027-12-02,337.2,residential,Hyderabad
50,2027-12-03,538.34,commercial,Chennai
50,2027-12-04,782.13,industrial,Mumbai
50,2027-12-05,302.48,residential,Hyderabad
50,2027-12-06,526.28,commercial,Chennai
50,2027-12-07,812.75,industrial,Mumbai
50,2027-12-08,396.34,residential,Hyderabad
50,2027-12-09,562.33,commercial,Chennai
50,2027-12-10,883.63,industrial,Mumbai
50,2027-12-11,392.76,residential,Hyderabad
50,2027-12-12,625.21,commercial,Chennai
50,2027-12-13,897.09,industrial,Mumbai
50,2027-12-14,348.67,residential,Hyderabad
50,2027-12-15,625.95,commercial,Chennai
50,2027-12-16,891.71,industrial,Mumbai
50,2027-12-17,402.54,residential,Hyderabad
50,2027-12-18,650.99,commercial,Chennai
50,2027-12-19,978.75,industrial,Mumbai
50,2027-12-20,429.58,residential,Hyderabad
50,2027-12-21,638.53,commercial,Chennai
50,2027-12-22,989.81,industrial,Mumbai
50,2027-12-23,425.29,residential,Hyderabad
50,2027-12-24,712.38,commercial,Chennai
50,2027-12-25,922.71,industrial,Mumbai
50,2027-12-26,320.97,residential,Hyderabad
50,2027-12-27,612.86,commercial,Chennai
50,2027-12-28,889.75,industrial,Mumbai
50,2027-12-29,418.76,residential,Hyderabad
50,2027-12-30,588.05,commercial,Chennai
50,2027-12-31,851.16,industrial,Mumbai
50,2028-01-01,305.2,residential,Hyderabad
50,2028-01-02,545.36,commercial,Chennai
50,2028-01-03,821.42,industrial,Mumbai
50,2028-01-04,336.11,residential,Hyderabad
50,2028-01-05,588.84,commercial,Chennai
50,2028-01-06,939.95,industrial,Mumbai
50,2028-01-07,398.42,residential,Hyderabad
50,2028-01-08,545.56,commercial,Chennai
50,2028-01-09,922.82,industrial,Mumbai
50,2028-01-10,464.99,residential,Hyderabad
50,2028-01-11,604.83,commercial,Chennai
50,2028-01-12,935.49,industrial,Mumbai
50,2028-01-13,452.17,residential,Hyderabad
50,2028-01-14,629.63,commercial,Chennai
50,2028-01-15,994.77,industrial,Mumbai
50,2028-01-16,469.91,residential,Hyderabad
50,2028-01-17,695.36,commercial,Chennai
50,2028-01-18,944.72,industrial,Mumbai
50,2028-01-19,462.18,residential,Hyderabad
50,2028-01-20,705.95,commercial,Chennai
50,2028-01-21,957.61,industrial,Mumbai
50,2028-01-22,535.44,residential,Hyderabad
50,2028-01-23,642.92,commercial,Chennai
50,2028-01-24,959.53,industrial,Mumbai
50,2028-01-25,479.02,residential,Hyderabad
50,2028-01-26,576.15,commercial,Chennai
50,2028-01-27,854.05,industrial,Mumbai
50,2028-01-28,355.94,residential,Hyderabad
50,2028-01-29,661.22,commercial,Chennai
50,2028-01-30,884.0,industrial,Mumbai
50,2028-01-31,505.64,residential,Hyderabad
50,2028-02-01,580.05,commercial,Chennai
50,2028-02-02,911.46,industrial,Mumbai
50,2028-02-03,469.38,residential,Hyderabad
50,2028-02-04,693.61,commercial,Chennai
50,2028-02-05,1003.38,industrial,Mumbai
50,2028-02-06,478.42,residential,Hyderabad
50,2028-02-07,681.47,commercial,Chennai
50,2028-02-08,975.51,industrial,Mumbai
50,2028-02-09,494.68,residential,Hyderabad
50,2028-02-10,653.21,commercial,Chennai
50,2028-02-11,953.77,industrial,Mumbai
50,2028-02-12,496.7,residential,Hyderabad
50,2028-02-13,699.06,commercial,Chennai
50,2028-02-14,995.12,industrial,Mumbai
50,2028-02-15,546.57,residential,Hyderabad
50,2028-02-16,760.3,commercial,Chennai
50,2028-02-17,1026.8,industrial,Mumbai
50,2028-02-18,581.35,residential,Hyderabad
50,2028-02-19,673.46,commercial,Chennai
50,2028-02-20,1006.35,industrial,Mumbai
50,2028-02-21,478.75,residential,Hyderabad
50,2028-02-22,624.77,commercial,Chennai
50,2028-02-23,987.22,industrial,Mumbai
50,2028-02-24,476.28,residential,Hyderabad
50,2028-02-25,732.29,commercial,Chennai
50,2028-02-26,988.01,industrial,Mumbai
50,2028-02-27,413.71,residential,Hyderabad
50,2028-02-28,721.99,commercial,Chennai
50,2028-02-29,991.42,industrial,Mumbai
50,2028-03-01,462.48,residential,Hyderabad
50,2028-03-02,628.8,commercial,Chennai
50,2028-03-03,900.3,industrial,Mumbai
50,2028-03-04,426.76,residential,Hyderabad
50,2028-03-05,690.21,commercial,Chennai
50,2028-03-06,1028.93,industrial,Mumbai
50,2028-03-07,523.75,residential,Hyderabad
50,2028-03-08,652.21,commercial,Chennai
50,2028-03-09,937.57,industrial,Mumbai
50,2028-03-10,499.02,residential,Hyderabad
50,2028-03-11,633.64,commercial,Chennai
50,2028-03-12,1027.82,industrial,Mumbai
50,2028-03-13,518.59,residential,Hyderabad
50,2028-03-14,714.14,commercial,Chennai
50,2028-03-15,975.63,industrial,Mumbai
50,2028-03-16,564.67,residential,Hyderabad
50,2028-03-17,725.42,commercial,Chennai
50,2028-03-18,1000.34,industrial,Mumbai
50,2028-03-19,430.45,residential,Hyderabad
50,2028-03-20,740.33,commercial,Chennai
50,2028-03-21,1106.49,industrial,Mumbai
50,2028-03-22,594.57,residential,Hyderabad
50,2028-03-23,701.05,commercial,Chennai
50,2028-03-24,985.53,industrial,Mumbai
50,2028-03-25,518.17,residential,Hyderabad
50,2028-03-26,649.26,commercial,Chennai
50,2028-03-27,991.47,industrial,Mumbai
50,2028-03-28,501.1,residential,Hyderabad
50,2028-03-29,711.85,commercial,Chennai
50,2028-03-30,952.67,industrial,Mumbai
50,2028-03-31,444.3,residential,Hyderabad
50,2028-04-01,615.15,commercial,Chennai
50,2028-04-02,917.15,industrial,Mumbai
50,2028-04-03,443.28,residential,Hyderabad
50,2028-04-04,671.19,commercial,Chennai
50,2028-04-05,999.05,industrial,Mumbai
50,2028-04-06,437.99,residential,Hyderabad
50,2028-04-07,738.7,commercial,Chennai
50,2028-04-08,977.87,industrial,Mumbai
50,2028-04-09,498.01,residential,Hyderabad
50,2028-04-10,679.1,commercial,Chennai
50,2028-04-11,921.66,industrial,Mumbai
50,2028-04-12,562.71,residential,Hyderabad
50,2028-04-13,764.23,commercial,Chennai
50,2028-04-14,1029.26,industrial,Mumbai
50,2028-04-15,547.03,residential,Hyderabad
50,2028-04-16,766.71,commercial,Chennai
50,2028-04-17,983.1,industrial,Mumbai
50,2028-04-18,521.76,residential,Hyderabad
50,2028-04-19,769.91,commercial,Chennai
50,2028-04-20,981.26,industrial,Mumbai
50,2028-04-21,534.82,residential,Hyderabad
50,2028-04-22,659.15,commercial,Chennai
50,2028-04-23,1021.48,industrial,Mumbai
50,2028-04-24,490.33,residential,Hyderabad
50,2028-04-25,616.06,commercial,Chennai
50,2028-04-26,1016.59,industrial,Mumbai
50,2028-04-27,430.81,residential,Hyderabad
50,2028-04-28,619.24,commercial,Chennai
50,2028-04-29,952.72,industrial,Mumbai
50,2028-04-30,485.56,residential,Hyderabad
50,2028-05-01,595.96,commercial,Chennai
50,2028-05-02,938.17,industrial,Mumbai
50,2028-05-03,454.12,residential,Hyderabad
50,2028-05-04,668.02,commercial,Chennai
50,2028-05-05,952.54,industrial,Mumbai
50,2028-05-06,437.58,residential,Hyderabad
50,2028-05-07,627.21,commercial,Chennai
50,2028-05-08,972.67,industrial,Mumbai
50,2028-05-09,435.68,residential,Hyderabad
50,2028-05-10,571.03,commercial,Chennai
50,2028-05-11,1014.19,industrial,Mumbai
50,2028-05-12,540.81,residential,Hyderabad
50,2028-05-13,616.76,commercial,Chennai
50,2028-05-14,975.87,industrial,Mumbai
50,2028-05-15,544.09,residential,Hyderabad
50,2028-05-16,802.58,commercial,Chennai
50,2028-05-17,1019.89,industrial,Mumbai
50,2028-05-18,486.51,residential,Hyderabad
50,2028-05-19,702.79,commercial,Chennai
50,2028-05-20,1057.67,industrial,Mumbai
50,2028-05-21,467.76,residential,Hyderabad
50,2028-05-22,651.25,commercial,Chennai
50,2028-05-23,952.61,industrial,Mumbai
50,2028-05-24,422.03,residential,Hyderabad
50,2028-05-25,653.29,commercial,Chennai
50,2028-05-26,1002.03,industrial,Mumbai
50,2028-05-27,439.49,residential,Hyderabad
50,2028-05-28,607.27,commercial,Chennai
50,2028-05-29,898.1,industrial,Mumbai
50,2028-05-30,341.53,residential,Hyderabad
50,2028-05-31,635.72,commercial,Chennai
50,2028-06-01,895.79,industrial,Mumbai
50,2028-06-02,392.34,residential,Hyderabad
50,2028-06-03,730.01,commercial,Chennai
50,2028-06-04,918.84,industrial,Mumbai
50,2028-06-05,383.04,residential,Hyderabad
50,2028-06-06,603.54,commercial,Chennai
50,2028-06-07,974.9,industrial,Mumbai
50,2028-06-08,442.3,residential,Hyderabad
50,2028-06-09,589.04,commercial,Chennai
50,2028-06-10,991.67,industrial,Mumbai
50,2028-06-11,435.6,residential,Hyderabad
50,2028-06-12,743.4,commercial,Chennai
50,2028-06-13,1016.17,industrial,Mumbai
50,2028-06-14,457.68,residential,Hyderabad
50,2028-06-15,727.33,commercial,Chennai
50,2028-06-16,977.14,industrial,Mumbai
50,2028-06-17,504.69,residential,Hyderabad
50,2028-06-18,684.04,commercial,Chennai
50,2028-06-19,922.97,industrial,Mumbai
50,2028-06-20,421.62,residential,Hyderabad
50,2028-06-21,677.82,commercial,Chennai
50,2028-06-22,911.58,industrial,Mumbai
50,2028-06-23,396.73,residential,Hyderabad
50,2028-06-24,562.57,commercial,Chennai
50,2028-06-25,906.06,industrial,Mumbai
50,2028-06-26,460.85,residential,Hyderabad
50,2028-06-27,526.16,commercial,Chennai
50,2028-06-28,861.97,industrial,Mumbai
50,2028-06-29,411.52,residential,Hyderabad
50,2028-06-30,547.95,commercial,Chennai
50,2028-07-01,867.51,industrial,Mumbai
50,2028-07-02,307.37,residential,Hyderabad
50,2028-07-03,569.53,commercial,Chennai
50,2028-07-04,849.34,industrial,Mumbai
50,2028-07-05,402.3,residential,Hyderabad
50,2028-07-06,617.7,commercial,Chennai
50,2028-07-07,982.02,industrial,Mumbai
50,2028-07-08,410.31,residential,Hyderabad
50,2028-07-09,608.85,commercial,Chennai
50,2028-07-10,911.83,industrial,Mumbai
50,2028-07-11,397.29,residential,Hyderabad
50,2028-07-12,631.03,commercial,Chennai
50,2028-07-13,910.13,industrial,Mumbai
50,2028-07-14,431.26,residential,Hyderabad
50,2028-07-15,677.73,commercial,Chennai
50,2028-07-16,883.1,industrial,Mumbai
50,2028-07-17,465.12,residential,Hyderabad
50,2028-07-18,666.31,commercial,Chennai
50,2028-07-19,901.12,industrial,Mumbai
50,2028-07-20,311.57,residential,Hyderabad
50,2028-07-21,561.46,commercial,Chennai
50,2028-07-22,926.1,industrial,Mumbai
50,2028-07-23,361.31,residential,Hyderabad
50,2028-07-24,510.27,commercial,Chennai
50,2028-07-25,818.54,industrial,Mumbai
50,2028-07-26,361.74,residential,Hyderabad
50,2028-07-27,540.66,commercial,Chennai
50,2028-07-28,801.55,industrial,Mumbai
50,2028-07-29,290.66,residential,Hyderabad
50,2028-07-30,485.98,commercial,Chennai
50,2028-07-31,763.25,industrial,Mumbai
50,2028-08-01,365.46,residential,Hyderabad
50,2028-08-02,490.73,commercial,Chennai
50,2028-08-03,857.01,industrial,Mumbai
50,2028-08-04,375.5,residential,Hyderabad
50,2028-08-05,562.22,commercial,Chennai
50,2028-08-06,813.56,industrial,Mumbai
50,2028-08-07,355.99,residential,Hyderabad
50,2028-08-08,547.9,commercial,Chennai
50,2028-08-09,821.31,industrial,Mumbai
50,2028-08-10,378.16,residential,Hyderabad
50,2028-08-11,524.48,commercial,Chennai
50,2028-08-12,924.0,industrial,Mumbai
50,2028-08-13,360.89,residential,Hyderabad
50,2028-08-14,588.44,commercial,Chennai
50,2028-08-15,890.5,industrial,Mumbai
50,2028-08-16,365.43,residential,Hyderabad
50,2028-08-17,593.81,commercial,Chennai
50,2028-08-18,844.04,industrial,Mumbai
50,2028-08-19,388.97,residential,Hyderabad
50,2028-08-20,490.11,commercial,Chennai
50,2028-08-21,837.96,industrial,Mumbai
50,2028-08-22,398.99,residential,Hyderabad
50,2028-08-23,469.97,commercial,Chennai
50,2028-08-24,771.91,industrial,Mumbai
50,2028-08-25,309.51,residential,Hyderabad
50,2028-08-26,487.39,commercial,Chennai
50,2028-08-27,787.13,industrial,Mumbai
50,2028-08-28,287.49,residential,Hyderabad
50,2028-08-29,490.23,commercial,Chennai
50,2028-08-30,808.35,industrial,Mumbai
50,2028-08-31,281.67,residential,Hyderabad
50,2028-09-01,459.05,commercial,Chennai
50,2028-09-02,800.94,industrial,Mumbai
50,2028-09-03,357.02,residential,Hyderabad
50,2028-09-04,484.02,commercial,Chennai
50,2028-09-05,759.56,industrial,Mumbai
50,2028-09-06,352.52,residential,Hyderabad
50,2028-09-07,513.15,commercial,Chennai
50,2028-09-08,740.36,industrial,Mumbai
50,2028-09-09,369.6,residential,Hyderabad
50,2028-09-10,521.47,commercial,Chennai
50,2028-09-11,844.84,industrial,Mumbai
50,2028-09-12,365.46,residential,Hyderabad
50,2028-09-13,561.47,commercial,Chennai
50,2028-09-14,881.76,industrial,Mumbai
50,2028-09-15,333.34,residential,Hyderabad
50,2028-09-16,566.61,commercial,Chennai
50,2028-09-17,829.17,industrial,Mumbai
50,2028-09-18,360.98,residential,Hyderabad
50,2028-09-19,546.66,commercial,Chennai
50,2028-09-20,774.38,industrial,Mumbai
50,2028-09-21,344.57,residential,Hyderabad
50,2028-09-22,469.05,commercial,Chennai
50,2028-09-23,812.66,industrial,Mumbai
50,2028-09-24,285.79,residential,Hyderabad
50,2028-09-25,536.7,commercial,Chennai
50,2028-09-26,747.97,industrial,Mumbai
50,2028-09-27,238.59,residential,Hyderabad
50,2028-09-28,449.54,commercial,Chennai
50,2028-09-29,738.16,industrial,Mumbai
50,2028-09-30,284.45,residential,Hyderabad
50,2028-10-01,392.07,commercial,Chennai
50,2028-10-02,720.77,industrial,Mumbai
50,2028-10-03,228.06,residential,Hyderabad
50,2028-10-04,517.94,commercial,Chennai
50,2028-10-05,858.44,industrial,Mumbai
50,2028-10-06,296.4,residential,Hyderabad
50,2028-10-07,504.42,commercial,Chennai
50,2028-10-08,824.15,industrial,Mumbai
50,2028-10-09,377.13,residential,Hyderabad
50,2028-10-10,501.62,commercial,Chennai
50,2028-10-11,854.71,industrial,Mumbai
50,2028-10-12,388.78,residential,Hyderabad
50,2028-10-13,572.36,commercial,Chennai
50,2028-10-14,860.3,industrial,Mumbai
50,2028-10-15,391.02,residential,Hyderabad
50,2028-10-16,439.06,commercial,Chennai
50,2028-10-17,868.65,industrial,Mumbai
50,2028-10-18,308.12,residential,Hyderabad
50,2028-10-19,452.55,commercial,Chennai
50,2028-10-20,836.86,industrial,Mumbai
50,2028-10-21,361.56,residential,Hyderabad
50,2028-10-22,491.35,commercial,Chennai
50,2028-10-23,825.68,industrial,Mumbai
50,2028-10-24,343.69,residential,Hyderabad
50,2028-10-25,524.74,commercial,Chennai
50,2028-10-26,832.33,industrial,Mumbai
50,2028-10-27,292.93,residential,Hyderabad
50,2028-10-28,464.88,commercial,Chennai
50,2028-10-29,698.61,industrial,Mumbai
50,2028-10-30,255.86,residential,Hyderabad
50,2028-10-31,437.09,commercial,Chennai
50,2028-11-01,864.7,industrial,Mumbai
50,2028-11-02,279.51,residential,Hyderabad
50,2028-11-03,501.47,commercial,Chennai
50,2028-11-04,829.52,industrial,Mumbai
50,2028-11-05,320.59,residential,Hyderabad
50,2028-11-06,598.06,commercial,Chennai
50,2028-11-07,816.34,industrial,Mumbai
50,2028-11-08,359.14,residential,Hyderabad
50,2028-11-09,530.52,commercial,Chennai
50,2028-11-10,814.67,industrial,Mumbai
50,2028-11-11,348.38,residential,Hyderabad
50,2028-11-12,574.7,commercial,Chennai
50,2028-11-13,860.19,industrial,Mumbai
50,2028-11-14,348.69,residential,Hyderabad
50,2028-11-15,517.1,commercial,Chennai
50,2028-11-16,865.13,industrial,Mumbai
50,2028-11-17,301.76,residential,Hyderabad
50,2028-11-18,584.58,commercial,Chennai
50,2028-11-19,848.83,industrial,Mumbai
50,2028-11-20,278.15,residential,Hyderabad
50,2028-11-21,515.03,commercial,Chennai
50,2028-11-22,788.73,industrial,Mumbai
50,2028-11-23,323.91,residential,Hyderabad
50,2028-11-24,558.38,commercial,Chennai
50,2028-11-25,725.02,industrial,Mumbai
50,2028-11-26,301.8,residential,Hyderabad
50,2028-11-27,490.07,commercial,Chennai
50,2028-11-28,824.79,industrial,Mumbai
50,2028-11-29,310.11,residential,Hyderabad
50,2028-11-30,477.24,commercial,Chennai
50,2028-12-01,802.21,industrial,Mumbai
50,2028-12-02,292.41,residential,Hyderabad
50,2028-12-03,577.88,commercial,Chennai
50,2028-12-04,847.18,industrial,Mumbai
50,2028-12-05,434.33,residential,Hyderabad
50,2028-12-06,567.82,commercial,Chennai
50,2028-12-07,853.43,industrial,Mumbai
50,2028-12-08,331.87,residential,Hyderabad
50,2028-12-09,529.66,commercial,Chennai
50,2028-12-10,846.18,industrial,Mumbai
50,2028-12-11,426.11,residential,Hyderabad
50,2028-12-12,639.58,commercial,Chennai
50,2028-12-13,857.63,industrial,Mumbai
50,2028-12-14,456.16,residential,Hyderabad
50,2028-12-15,598.44,commercial,Chennai
50,2028-12-16,919.16,industrial,Mumbai
50,2028-12-17,471.69,residential,Hyderabad
50,2028-12-18,635.7,commercial,Chennai
50,2028-12-19,880.83,industrial,Mumbai
50,2028-12-20,347.22,residential,Hyderabad
50,2028-12-21,488.1,commercial,Chennai
50,2028-12-22,837.17,industrial,Mumbai
50,2028-12-23,350.14,residential,Hyderabad
50,2028-12-24,513.05,commercial,Chennai
50,2028-12-25,842.85,industrial,Mumbai
50,2028-12-26,348.64,residential,Hyderabad
50,2028-12-27,536.12,commercial,Chennai
50,2028-12-28,820.83,industrial,Mumbai
50,2028-12-29,357.47,residential,Hyderabad
50,2028-12-30,574.38,commercial,Chennai
50,2028-12-31,820.95,industrial,Mumbai
50,2029-01-01,430.49,residential,Hyderabad
50,2029-01-02,580.88,commercial,Chennai
50,2029-01-03,897.24,industrial,Mumbai
50,2029-01-04,436.93,residential,Hyderabad
50,2029-01-05,630.03,commercial,Chennai
50,2029-01-06,970.48,industrial,Mumbai
50,2029-01-07,454.6,residential,Hyderabad
50,2029-01-08,628.09,commercial,Chennai
50,2029-01-09,974.89,industrial,Mumbai
50,2029-01-10,420.63,residential,Hyderabad
50,2029-01-11,674.58,commercial,Chennai
50,2029-01-12,970.59,industrial,Mumbai
50,2029-01-13,463.1,residential,Hyderabad
50,2029-01-14,663.7,commercial,Chennai
50,2029-01-15,889.08,industrial,Mumbai
50,2029-01-16,436.29,residential,Hyderabad
50,2029-01-17,654.54,commercial,Chennai
50,2029-01-18,948.92,industrial,Mumbai
50,2029-01-19,392.65,residential,Hyderabad
50,2029-01-20,675.6,commercial,Chennai
50,2029-01-21,881.99,industrial,Mumbai
50,2029-01-22,447.96,residential,Hyderabad
50,2029-01-23,620.08,commercial,Chennai
50,2029-01-24,872.57,industrial,Mumbai
50,2029-01-25,466.74,residential,Hyderabad
50,2029-01-26,547.35,commercial,Chennai
50,2029-01-27,933.4,industrial,Mumbai
50,2029-01-28,440.34,residential,Hyderabad
50,2029-01-29,579.25,commercial,Chennai
50,2029-01-30,969.41,industrial,Mumbai
50,2029-01-31,412.95,residential,Hyderabad
50,2029-02-01,645.01,commercial,Chennai
50,2029-02-02,955.26,industrial,Mumbai
50,2029-02-03,451.3,residential,Hyderabad
50,2029-02-04,700.91,commercial,Chennai
50,2029-02-05,1011.55,industrial,Mumbai
50,2029-02-06,420.3,residential,Hyderabad
50,2029-02-07,751.54,commercial,Chennai
50,2029-02-08,940.34,industrial,Mumbai
50,2029-02-09,553.72,residential,Hyderabad
50,2029-02-10,760.96,commercial,Chennai
50,2029-02-11,973.53,industrial,Mumbai
50,2029-02-12,499.83,residential,Hyderabad
50,2029-02-13,669.02,commercial,Chennai
50,2029-02-14,999.73,industrial,Mumbai
50,2029-02-15,489.43,residential,Hyderabad
50,2029-02-16,725.06,commercial,Chennai
50,2029-02-17,1037.51,industrial,Mumbai
50,2029-02-18,531.66,residential,Hyderabad
50,2029-02-19,644.06,commercial,Chennai
50,2029-02-20,949.32,industrial,Mumbai
50,2029-02-21,382.37,residential,Hyderabad
50,2029-02-22,610.74,commercial,Chennai
50,2029-02-23,976.45,industrial,Mumbai
50,2029-02-24,499.22,residential,Hyderabad
50,2029-02-25,584.02,commercial,Chennai
50,2029-02-26,910.64,industrial,Mumbai
50,2029-02-27,436.37,residential,Hyderabad
50,2029-02-28,653.78,commercial,Chennai
50,2029-03-01,917.2,industrial,Mumbai
50,2029-03-02,475.16,residential,Hyderabad
50,2029-03-03,649.12,commercial,Chennai
50,2029-03-04,978.22,industrial,Mumbai
50,2029-03-05,511.81,residential,Hyderabad
50,2029-03-06,701.35,commercial,Chennai
50,2029-03-07,994.29,industrial,Mumbai
50,2029-03-08,517.1,residential,Hyderabad
50,2029-03-09,726.38,commercial,Chennai
50,2029-03-10,1021.88,industrial,Mumbai
50,2029-03-11,531.19,residential,Hyderabad
50,2029-03-12,808.23,commercial,Chennai
50,2029-03-13,1067.27,industrial,Mumbai
50,2029-03-14,531.36,residential,Hyderabad
50,2029-03-15,767.29,commercial,Chennai
50,2029-03-16,1020.38,industrial,Mumbai
50,2029-03-17,573.32,residential,Hyderabad
50,2029-03-18,732.53,commercial,Chennai
50,2029-03-19,1003.89,industrial,Mumbai
50,2029-03-20,516.04,residential,Hyderabad
50,2029-03-21,625.22,commercial,Chennai
50,2029-03-22,933.33,industrial,Mumbai
50,2029-03-23,421.85,residential,Hyderabad
50,2029-03-24,667.78,commercial,Chennai
50,2029-03-25,1025.42,industrial,Mumbai
50,2029-03-26,541.29,residential,Hyderabad
50,2029-03-27,675.53,commercial,Chennai
50,2029-03-28,970.15,industrial,Mumbai
50,2029-03-29,380.33,residential,Hyderabad
50,2029-03-30,634.97,commercial,Chennai
50,2029-03-31,931.33,industrial,Mumbai
50,2029-04-01,445.77,residential,Hyderabad
50,2029-04-02,672.89,commercial,Chennai
50,2029-04-03,970.61,industrial,Mumbai
50,2029-04-04,420.62,residential,Hyderabad
50,2029-04-05,739.98,commercial,Chennai
50,2029-04-06,976.94,industrial,Mumbai
50,2029-04-07,538.28,residential,Hyderabad
50,2029-04-08,819.23,commercial,Chennai
50,2029-04-09,1005.39,industrial,Mumbai
50,2029-04-10,444.94,residential,Hyderabad
50,2029-04-11,736.58,commercial,Chennai
50,2029-04-12,1091.73,industrial,Mumbai
50,2029-04-13,623.49,residential,Hyderabad
50,2029-04-14,691.33,commercial,Chennai
50,2029-04-15,1053.82,industrial,Mumbai
50,2029-04-16,507.12,residential,Hyderabad
50,2029-04-17,711.97,commercial,Chennai
50,2029-04-18,1111.54,industrial,Mumbai
50,2029-04-19,434.72,residential,Hyderabad
50,2029-04-20,694.03,commercial,Chennai
50,2029-04-21,992.06,industrial,Mumbai
50,2029-04-22,507.11,residential,Hyderabad
50,2029-04-23,659.19,commercial,Chennai
50,2029-04-24,960.78,industrial,Mumbai
50,2029-04-25,427.84,residential,Hyderabad
50,2029-04-26,651.37,commercial,Chennai
50,2029-04-27,926.13,industrial,Mumbai
50,2029-04-28,466.12,residential,Hyderabad
50,2029-04-29,629.92,commercial,Chennai
50,2029-04-30,965.1,industrial,Mumbai
50,2029-05-01,455.75,residential,Hyderabad
50,2029-05-02,710.14,commercial,Chennai
50,2029-05-03,972.07,industrial,Mumbai
50,2029-05-04,412.67,residential,Hyderabad
50,2029-05-05,743.51,commercial,Chennai
50,2029-05-06,965.76,industrial,Mumbai
50,2029-05-07,483.89,residential,Hyderabad
50,2029-05-08,692.95,commercial,Chennai
50,2029-05-09,1076.84,industrial,Mumbai
50,2029-05-10,439.61,residential,Hyderabad
50,2029-05-11,851.62,commercial,Chennai
50,2029-05-12,1067.24,industrial,Mumbai
50,2029-05-13,530.6,residential,Hyderabad
50,2029-05-14,714.06,commercial,Chennai
50,2029-05-15,1020.35,industrial,Mumbai
50,2029-05-16,520.79,residential,Hyderabad
50,2029-05-17,715.47,commercial,Chennai
50,2029-05-18,1000.7,industrial,Mumbai
50,2029-05-19,470.39,residential,Hyderabad
50,2029-05-20,647.23,commercial,Chennai
50,2029-05-21,937.82,industrial,Mumbai
50,2029-05-22,425.69,residential,Hyderabad
50,2029-05-23,669.72,commercial,Chennai
50,2029-05-24,940.6,industrial,Mumbai
50,2029-05-25,293.61,residential,Hyderabad
50,2029-05-26,633.89,commercial,Chennai
50,2029-05-27,914.02,industrial,Mumbai
50,2029-05-28,406.22,residential,Hyderabad
50,2029-05-29,594.23,commercial,Chennai
50,2029-05-30,959.41,industrial,Mumbai
50,2029-05-31,458.64,residential,Hyderabad
50,2029-06-01,597.38,commercial,Chennai
50,2029-06-02,953.0,industrial,Mumbai
50,2029-06-03,406.72,residential,Hyderabad
50,2029-06-04,599.26,commercial,Chennai
50,2029-06-05,937.77,industrial,Mumbai
50,2029-06-06,504.82,residential,Hyderabad
50,2029-06-07,714.64,commercial,Chennai
50,2029-06-08,1001.6,industrial,Mumbai
50,2029-06-09,512.73,residential,Hyderabad
50,2029-06-10,704.93,commercial,Chennai
50,2029-06-11,957.01,industrial,Mumbai
50,2029-06-12,496.14,residential,Hyderabad
50,2029-06-13,704.99,commercial,Chennai
50,2029-06-14,995.35,industrial,Mumbai
50,2029-06-15,503.31,residential,Hyderabad
50,2029-06-16,673.37,commercial,Chennai
50,2029-06-17,947.48,industrial,Mumbai
50,2029-06-18,464.16,residential,Hyderabad
50,2029-06-19,608.21,commercial,Chennai
50,2029-06-20,862.36,industrial,Mumbai
50,2029-06-21,380.37,residential,Hyderabad
50,2029-06-22,547.63,commercial,Chennai
50,2029-06-23,842.57,industrial,Mumbai
50,2029-06-24,357.83,residential,Hyderabad
50,2029-06-25,528.03,commercial,Chennai
50,2029-06-26,845.69,industrial,Mumbai
50,2029-06-27,282.72,residential,Hyderabad
50,2029-06-28,569.53,commercial,Chennai
50,2029-06-29,865.47,industrial,Mumbai
50,2029-06-30,338.79,residential,Hyderabad
50,2029-07-01,605.17,commercial,Chennai
50,2029-07-02,924.53,industrial,Mumbai
50,2029-07-03,331.4,residential,Hyderabad
50,2029-07-04,573.87,commercial,Chennai
50,2029-07-05,881.83,industrial,Mumbai
50,2029-07-06,382.34,residential,Hyderabad
50,2029-07-07,659.17,commercial,Chennai
50,2029-07-08,922.67,industrial,Mumbai
50,2029-07-09,422.39,residential,Hyderabad
50,2029-07-10,553.29,commercial,Chennai
50,2029-07-11,957.17,industrial,Mumbai
50,2029-07-12,378.32,residential,Hyderabad
50,2029-07-13,624.35,commercial,Chennai
50,2029-07-14,925.22,industrial,Mumbai
50,2029-07-15,459.11,residential,Hyderabad
50,2029-07-16,541.62,commercial,Chennai
50,2029-07-17,761.59,industrial,Mumbai
50,2029-07-18,377.68,residential,Hyderabad
50,2029-07-19,630.31,commercial,Chennai
50,2029-07-20,896.28,industrial,Mumbai
50,2029-07-21,344.44,residential,Hyderabad
50,2029-07-22,507.01,commercial,Chennai
50,2029-07-23,851.21,industrial,Mumbai
50,2029-07-24,274.15,residential,Hyderabad
50,2029-07-25,528.39,commercial,Chennai
50,2029-07-26,827.99,industrial,Mumbai
50,2029-07-27,350.8,residential,Hyderabad
50,2029-07-28,621.49,commercial,Chennai
50,2029-07-29,831.42,industrial,Mumbai
50,2029-07-30,301.62,residential,Hyderabad
50,2029-07-31,528.52,commercial,Chennai
50,2029-08-01,767.24,industrial,Mumbai
50,2029-08-02,319.14,residential,Hyderabad
50,2029-08-03,539.5,commercial,Chennai
50,2029-08-04,843.41,industrial,Mumbai
50,2029-08-05,378.11,residential,Hyderabad
50,2029-08-06,545.48,commercial,Chennai
50,2029-08-07,927.98,industrial,Mumbai
50,2029-08-08,386.03,residential,Hyderabad
50,2029-08-09,586.48,commercial,Chennai
50,2029-08-10,872.4,industrial,Mumbai
50,2029-08-11,388.24,residential,Hyderabad
50,2029-08-12,609.5,commercial,Chennai
50,2029-08-13,834.39,industrial,Mumbai
50,2029-08-14,333.74,residential,Hyderabad
50,2029-08-15,537.63,commercial,Chennai
50,2029-08-16,784.79,industrial,Mumbai
50,2029-08-17,294.27,residential,Hyderabad
50,2029-08-18,496.43,commercial,Chennai
50,2029-08-19,839.37,industrial,Mumbai
50,2029-08-20,304.72,residential,Hyderabad
50,2029-08-21,493.1,commercial,Chennai
50,2029-08-22,812.17,industrial,Mumbai
50,2029-08-23,267.33,residential,Hyderabad
50,2029-08-24,485.24,commercial,Chennai
50,2029-08-25,764.49,industrial,Mumbai
50,2029-08-26,280.43,residential,Hyderabad
50,2029-08-27,449.8,commercial,Chennai
50,2029-08-28,680.77,industrial,Mumbai
50,2029-08-29,279.81,residential,Hyderabad
50,2029-08-30,550.26,commercial,Chennai
50,2029-08-31,839.48,industrial,Mumbai
50,2029-09-01,350.61,residential,Hyderabad
50,2029-09-02,571.04,commercial,Chennai
50,2029-09-03,834.3,industrial,Mumbai
50,2029-09-04,346.95,residential,Hyderabad
50,2029-09-05,521.39,commercial,Chennai
50,2029-09-06,838.9,industrial,Mumbai
50,2029-09-07,379.75,residential,Hyderabad
50,2029-09-08,604.81,commercial,Chennai
50,2029-09-09,850.46,industrial,Mumbai
50,2029-09-10,335.27,residential,Hyderabad
50,2029-09-11,548.49,commercial,Chennai
50,2029-09-12,865.84,industrial,Mumbai
50,2029-09-13,275.76,residential,Hyderabad
50,2029-09-14,432.14,commercial,Chennai
50,2029-09-15,791.58,industrial,Mumbai
50,2029-09-16,253.96,residential,Hyderabad
50,2029-09-17,471.68,commercial,Chennai
50,2029-09-18,775.79,industrial,Mumbai
50,2029-09-19,254.19,residential,Hyderabad
50,2029-09-20,522.35,commercial,Chennai
50,2029-09-21,770.9,industrial,Mumbai
50,2029-09-22,265.35,residential,Hyderabad
50,2029-09-23,475.84,commercial,Chennai
50,2029-09-24,705.21,industrial,Mumbai
50,2029-09-25,294.35,residential,Hyderabad
50,2029-09-26,453.88,commercial,Chennai
50,2029-09-27,789.77,industrial,Mumbai
50,2029-09-28,227.78,residential,Hyderabad
50,2029-09-29,417.52,commercial,Chennai
50,2029-09-30,822.32,industrial,Mumbai
50,2029-10-01,315.08,residential,Hyderabad
50,2029-10-02,474.39,commercial,Chennai
50,2029-10-03,785.71,industrial,Mumbai
50,2029-10-04,374.67,residential,Hyderabad
50,2029-10-05,489.99,commercial,Chennai
50,2029-10-06,909.59,industrial,Mumbai
50,2029-10-07,312.31,residential,Hyderabad
50,2029-10-08,576.27,commercial,Chennai
50,2029-10-09,837.85,industrial,Mumbai
50,2029-10-10,373.23,residential,Hyderabad
50,2029-10-11,523.41,commercial,Chennai
50,2029-10-12,832.86,industrial,Mumbai
50,2029-10-13,333.62,residential,Hyderabad
50,2029-10-14,483.24,commercial,Chennai
50,2029-10-15,843.45,industrial,Mumbai
50,2029-10-16,283.36,residential,Hyderabad
50,2029-10-17,484.84,commercial,Chennai
50,2029-10-18,744.78,industrial,Mumbai
50,2029-10-19,173.56,residential,Hyderabad
50,2029-10-20,461.22,commercial,Chennai
50,2029-10-21,859.82,industrial,Mumbai
50,2029-10-22,291.08,residential,Hyderabad
50,2029-10-23,457.41,commercial,Chennai
50,2029-10-24,748.35,industrial,Mumbai
50,2029-10-25,262.64,residential,Hyderabad
50,2029-10-26,488.62,commercial,Chennai
50,2029-10-27,726.41,industrial,Mumbai
50,2029-10-28,326.78,residential,Hyderabad
50,2029-10-29,520.69,commercial,Chennai
50,2029-10-30,831.59,industrial,Mumbai
50,2029-10-31,331.66,residential,Hyderabad
50,2029-11-01,526.2,commercial,Chennai
50,2029-11-02,863.19,industrial,Mumbai
50,2029-11-03,369.94,residential,Hyderabad
50,2029-11-04,540.85,commercial,Chennai
50,2029-11-05,839.2,industrial,Mumbai
50,2029-11-06,371.49,residential,Hyderabad
50,2029-11-07,632.59,commercial,Chennai
50,2029-11-08,822.13,industrial,Mumbai
50,2029-11-09,311.91,residential,Hyderabad
50,2029-11-10,574.06,commercial,Chennai
50,2029-11-11,864.5,industrial,Mumbai
50,2029-11-12,362.78,residential,Hyderabad
50,2029-11-13,557.73,commercial,Chennai
50,2029-11-14,830.3,industrial,Mumbai
50,2029-11-15,389.65,residential,Hyderabad
50,2029-11-16,456.86,commercial,Chennai
50,2029-11-17,779.08,industrial,Mumbai
50,2029-11-18,300.32,residential,Hyderabad
50,2029-11-19,432.25,commercial,Chennai
50,2029-11-20,786.12,industrial,Mumbai
50,2029-11-21,356.7,residential,Hyderabad
50,2029-11-22,490.26,commercial,Chennai
50,2029-11-23,800.03,industrial,Mumbai
50,2029-11-24,243.96,residential,Hyderabad
50,2029-11-25,475.37,commercial,Chennai
50,2029-11-26,792.59,industrial,Mumbai
50,2029-11-27,304.1,residential,Hyderabad
50,2029-11-28,578.59,commercial,Chennai
50,2029-11-29,861.04,industrial,Mumbai
50,2029-11-30,306.16,residential,Hyderabad
50,2029-12-01,572.38,commercial,Chennai
50,2029-12-02,893.91,industrial,Mumbai
50,2029-12-03,430.17,residential,Hyderabad
50,2029-12-04,657.1,commercial,Chennai
50,2029-12-05,860.98,industrial,Mumbai
50,2029-12-06,374.97,residential,Hyderabad
50,2029-12-07,560.86,commercial,Chennai
50,2029-12-08,903.39,industrial,Mumbai
50,2029-12-09,430.84,residential,Hyderabad
50,2029-12-10,649.04,commercial,Chennai
50,2029-12-11,901.99,industrial,Mumbai
50,2029-12-12,386.1,residential,Hyderabad
50,2029-12-13,597.56,commercial,Chennai
50,2029-12-14,849.79,industrial,Mumbai
50,2029-12-15,458.05,residential,Hyderabad
50,2029-12-16,501.43,commercial,Chennai
50,2029-12-17,864.86,industrial,Mumbai
50,2029-12-18,431.04,residential,Hyderabad
50,2029-12-19,544.29,commercial,Chennai
50,2029-12-20,831.97,industrial,Mumbai
50,2029-12-21,322.72,residential,Hyderabad
50,2029-12-22,529.33,commercial,Chennai
50,2029-12-23,893.17,industrial,Mumbai
50,2029-12-24,253.66,residential,Hyderabad
50,2029-12-25,609.44,commercial,Chennai
50,2029-12-26,799.0,industrial,Mumbai
50,2029-12-27,354.78,residential,Hyderabad
50,2029-12-28,559.05,commercial,Chennai
50,2029-12-29,911.43,industrial,Mumbai
50,2029-12-30,336.08,residential,Hyderabad
50,2029-12-31,630.6,commercial,Chennai
50,2030-01-01,1004.75,industrial,Mumbai
50,2030-01-02,380.02,residential,Hyderabad
50,2030-01-03,651.63,commercial,Chennai
50,2030-01-04,925.42,industrial,Mumbai
50,2030-01-05,474.9,residential,Hyderabad
50,2030-01-06,662.51,commercial,Chennai
50,2030-01-07,937.79,industrial,Mumbai
50,2030-01-08,482.5,residential,Hyderabad
50,2030-01-09,732.6,commercial,Chennai
50,2030-01-10,948.34,industrial,Mumbai
50,2030-01-11,478.69,residential,Hyderabad
50,2030-01-12,590.8,commercial,Chennai
50,2030-01-13,896.01,industrial,Mumbai
50,2030-01-14,444.43,residential,Hyderabad
50,2030-01-15,676.16,commercial,Chennai
50,2030-01-16,922.74,industrial,Mumbai
50,2030-01-17,388.58,residential,Hyderabad
50,2030-01-18,594.94,commercial,Chennai
50,2030-01-19,840.43,industrial,Mumbai
50,2030-01-20,412.0,residential,Hyderabad
50,2030-01-21,622.54,commercial,Chennai
50,2030-01-22,870.76,industrial,Mumbai
50,2030-01-23,373.79,residential,Hyderabad
50,2030-01-24,609.05,commercial,Chennai
50,2030-01-25,888.65,industrial,Mumbai
50,2030-01-26,412.79,residential,Hyderabad
50,2030-01-27,710.01,commercial,Chennai
50,2030-01-28,927.6,industrial,Mumbai
50,2030-01-29,435.04,residential,Hyderabad
50,2030-01-30,635.36,commercial,Chennai
50,2030-01-31,1002.45,industrial,Mumbai
50,2030-02-01,475.94,residential,Hyderabad
50,2030-02-02,666.43,commercial,Chennai
50,2030-02-03,1052.82,industrial,Mumbai
50,2030-02-04,562.42,residential,Hyderabad
50,2030-02-05,685.18,commercial,Chennai
50,2030-02-06,935.91,industrial,Mumbai
50,2030-02-07,550.06,residential,Hyderabad
50,2030-02-08,679.46,commercial,Chennai
50,2030-02-09,1033.65,industrial,Mumbai
50,2030-02-10,416.75,residential,Hyderabad
50,2030-02-11,723.49,commercial,Chennai
50,2030-02-12,930.65,industrial,Mumbai
50,2030-02-13,499.18,residential,Hyderabad
50,2030-02-14,661.34,commercial,Chennai
50,2030-02-15,913.87,industrial,Mumbai
50,2030-02-16,427.87,residential,Hyderabad
50,2030-02-17,664.99,commercial,Chennai
50,2030-02-18,936.77,industrial,Mumbai
50,2030-02-19,452.77,residential,Hyderabad
50,2030-02-20,707.36,commercial,Chennai
50,2030-02-21,866.8,industrial,Mumbai
50,2030-02-22,497.27,residential,Hyderabad
50,2030-02-23,642.03,commercial,Chennai
50,2030-02-24,909.04,industrial,Mumbai
50,2030-02-25,400.52,residential,Hyderabad
50,2030-02-26,656.16,commercial,Chennai
50,2030-02-27,1011.45,industrial,Mumbai
50,2030-02-28,480.77,residential,Hyderabad
50,2030-03-01,757.59,commercial,Chennai
50,2030-03-02,949.88,industrial,Mumbai
50,2030-03-03,517.31,residential,Hyderabad
50,2030-03-04,676.26,commercial,Chennai
50,2030-03-05,1047.81,industrial,Mumbai
50,2030-03-06,573.73,residential,Hyderabad
50,2030-03-07,724.31,commercial,Chennai
50,2030-03-08,937.65,industrial,Mumbai
50,2030-03-09,548.26,residential,Hyderabad
50,2030-03-10,754.15,commercial,Chennai
50,2030-03-11,1047.31,industrial,Mumbai
50,2030-03-12,573.38,residential,Hyderabad
50,2030-03-13,672.6,commercial,Chennai
50,2030-03-14,1033.23,industrial,Mumbai
50,2030-03-15,543.81,residential,Hyderabad
50,2030-03-16,615.03,commercial,Chennai
50,2030-03-17,989.46,industrial,Mumbai
50,2030-03-18,447.85,residential,Hyderabad
50,2030-03-19,657.37,commercial,Chennai
50,2030-03-20,968.74,industrial,Mumbai
50,2030-03-21,431.41,residential,Hyderabad
50,2030-03-22,621.98,commercial,Chennai
50,2030-03-23,950.63,industrial,Mumbai
50,2030-03-24,408.18,residential,Hyderabad
50,2030-03-25,612.69,commercial,Chennai
50,2030-03-26,989.61,industrial,Mumbai
50,2030-03-27,424.39,residential,Hyderabad
50,2030-03-28,706.16,commercial,Chennai
50,2030-03-29,1008.03,industrial,Mumbai
50,2030-03-30,430.94,residential,Hyderabad
50,2030-03-31,683.29,commercial,Chennai
50,2030-04-01,1068.09,industrial,Mumbai
50,2030-04-02,490.1,residential,Hyderabad
50,2030-04-03,718.47,commercial,Chennai
50,2030-04-04,1061.58,industrial,Mumbai
50,2030-04-05,578.55,residential,Hyderabad
50,2030-04-06,739.18,commercial,Chennai
50,2030-04-07,1025.15,industrial,Mumbai
50,2030-04-08,603.56,residential,Hyderabad
50,2030-04-09,811.73,commercial,Chennai
50,2030-04-10,1074.91,industrial,Mumbai
50,2030-04-11,531.09,residential,Hyderabad
50,2030-04-12,685.97,commercial,Chennai
50,2030-04-13,974.78,industrial,Mumbai
50,2030-04-14,518.11,residential,Hyderabad
50,2030-04-15,703.13,commercial,Chennai
50,2030-04-16,1032.07,industrial,Mumbai
50,2030-04-17,492.5,residential,Hyderabad
50,2030-04-18,598.09,commercial,Chennai
50,2030-04-19,993.61,industrial,Mumbai
50,2030-04-20,406.8,residential,Hyderabad
50,2030-04-21,628.6,commercial,Chennai
50,2030-04-22,953.35,industrial,Mumbai
50,2030-04-23,524.7,residential,Hyderabad
50,2030-04-24,772.85,commercial,Chennai
50,2030-04-25,978.17,industrial,Mumbai
50,2030-04-26,453.62,residential,Hyderabad
50,2030-04-27,690.63,commercial,Chennai
50,2030-04-28,1013.92,industrial,Mumbai
50,2030-04-29,475.17,residential,Hyderabad
50,2030-04-30,769.37,commercial,Chennai
50,2030-05-01,1015.85,industrial,Mumbai
50,2030-05-02,534.73,residential,Hyderabad
50,2030-05-03,748.32,commercial,Chennai
50,2030-05-04,1043.76,industrial,Mumbai
50,2030-05-05,563.75,residential,Hyderabad
50,2030-05-06,706.69,commercial,Chennai
50,2030-05-07,1008.04,industrial,Mumbai
50,2030-05-08,483.16,residential,Hyderabad
50,2030-05-09,739.45,commercial,Chennai
50,2030-05-10,1045.8,industrial,Mumbai
50,2030-05-11,524.09,residential,Hyderabad
50,2030-05-12,762.58,commercial,Chennai
50,2030-05-13,984.29,industrial,Mumbai
50,2030-05-14,499.71,residential,Hyderabad
50,2030-05-15,617.7,commercial,Chennai
50,2030-05-16,934.74,industrial,Mumbai
50,2030-05-17,467.76,residential,Hyderabad
50,2030-05-18,664.88,commercial,Chennai
50,2030-05-19,911.75,industrial,Mumbai
50,2030-05-20,415.1,residential,Hyderabad
50,2030-05-21,553.76,commercial,Chennai
50,2030-05-22,898.87,industrial,Mumbai
50,2030-05-23,449.59,residential,Hyderabad
50,2030-05-24,639.87,commercial,Chennai
50,2030-05-25,941.65,industrial,Mumbai
50,2030-05-26,429.98,residential,Hyderabad
50,2030-05-27,635.9,commercial,Chennai
50,2030-05-28,917.72,industrial,Mumbai
50,2030-05-29,481.03,residential,Hyderabad
50,2030-05-30,678.84,commercial,Chennai
50,2030-05-31,990.14,industrial,Mumbai
50,2030-06-01,456.98,residential,Hyderabad
50,2030-06-02,598.14,commercial,Chennai
50,2030-06-03,1032.78,industrial,Mumbai
50,2030-06-04,472.45,residential,Hyderabad
50,2030-06-05,657.72,commercial,Chennai
50,2030-06-06,1018.4,industrial,Mumbai
50,2030-06-07,471.23,residential,Hyderabad
50,2030-06-08,723.47,commercial,Chennai
50,2030-06-09,998.01,industrial,Mumbai
50,2030-06-10,491.29,residential,Hyderabad
50,2030-06-11,598.64,commercial,Chennai
50,2030-06-12,990.18,industrial,Mumbai
50,2030-06-13,440.12,residential,Hyderabad
50,2030-06-14,602.86,commercial,Chennai
50,2030-06-15,911.77,industrial,Mumbai
50,2030-06-16,324.26,residential,Hyderabad
50,2030-06-17,602.22,commercial,Chennai
50,2030-06-18,836.88,industrial,Mumbai
50,2030-06-19,318.01,residential,Hyderabad
50,2030-06-20,507.36,commercial,Chennai
50,2030-06-21,911.06,industrial,Mumbai
50,2030-06-22,341.86,residential,Hyderabad
50,2030-06-23,630.92,commercial,Chennai
50,2030-06-24,852.58,industrial,Mumbai
50,2030-06-25,311.77,residential,Hyderabad
50,2030-06-26,542.74,commercial,Chennai
50,2030-06-27,945.06,industrial,Mumbai
50,2030-06-28,398.07,residential,Hyderabad
50,2030-06-29,591.05,commercial,Chennai
50,2030-06-30,927.6,industrial,Mumbai
50,2030-07-01,448.6,residential,Hyderabad
50,2030-07-02,679.27,commercial,Chennai
50,2030-07-03,996.94,industrial,Mumbai
50,2030-07-04,427.14,residential,Hyderabad
50,2030-07-05,588.95,commercial,Chennai
50,2030-07-06,923.73,industrial,Mumbai
50,2030-07-07,446.8,residential,Hyderabad
50,2030-07-08,591.88,commercial,Chennai
50,2030-07-09,884.29,industrial,Mumbai
50,2030-07-10,426.86,residential,Hyderabad
50,2030-07-11,600.41,commercial,Chennai
50,2030-07-12,892.04,industrial,Mumbai
50,2030-07-13,348.31,residential,Hyderabad
50,2030-07-14,557.36,commercial,Chennai
50,2030-07-15,817.99,industrial,Mumbai
50,2030-07-16,379.85,residential,Hyderabad
50,2030-07-17,576.23,commercial,Chennai
50,2030-07-18,753.18,industrial,Mumbai
50,2030-07-19,283.96,residential,Hyderabad
50,2030-07-20,457.47,commercial,Chennai
50,2030-07-21,789.71,industrial,Mumbai
50,2030-07-22,312.94,residential,Hyderabad
50,2030-07-23,460.94,commercial,Chennai
50,2030-07-24,786.61,industrial,Mumbai
50,2030-07-25,289.52,residential,Hyderabad
50,2030-07-26,545.45,commercial,Chennai
50,2030-07-27,848.33,industrial,Mumbai
50,2030-07-28,325.54,residential,Hyderabad
50,2030-07-29,570.35,commercial,Chennai
50,2030-07-30,849.84,industrial,Mumbai
50,2030-07-31,368.4,residential,Hyderabad
50,2030-08-01,652.49,commercial,Chennai
50,2030-08-02,943.85,industrial,Mumbai
50,2030-08-03,341.05,residential,Hyderabad
50,2030-08-04,626.96,commercial,Chennai
50,2030-08-05,924.8,industrial,Mumbai
50,2030-08-06,342.84,residential,Hyderabad
50,2030-08-07,615.89,commercial,Chennai
50,2030-08-08,937.15,industrial,Mumbai
50,2030-08-09,321.61,residential,Hyderabad
50,2030-08-10,519.43,commercial,Chennai
50,2030-08-11,885.59,industrial,Mumbai
50,2030-08-12,344.05,residential,Hyderabad
50,2030-08-13,543.59,commercial,Chennai
50,2030-08-14,823.96,industrial,Mumbai
50,2030-08-15,315.68,residential,Hyderabad
50,2030-08-16,438.02,commercial,Chennai
50,2030-08-17,825.64,industrial,Mumbai
50,2030-08-18,325.11,residential,Hyderabad
50,2030-08-19,465.83,commercial,Chennai
50,2030-08-20,772.15,industrial,Mumbai
50,2030-08-21,213.71,residential,Hyderabad
50,2030-08-22,498.7,commercial,Chennai
50,2030-08-23,806.11,industrial,Mumbai
50,2030-08-24,287.48,residential,Hyderabad
50,2030-08-25,542.98,commercial,Chennai
50,2030-08-26,793.61,industrial,Mumbai
50,2030-08-27,338.99,residential,Hyderabad
50,2030-08-28,485.08,commercial,Chennai
50,2030-08-29,833.96,industrial,Mumbai
50,2030-08-30,336.1,residential,Hyderabad
50,2030-08-31,559.0,commercial,Chennai
50,2030-09-01,840.52,industrial,Mumbai
50,2030-09-02,353.49,residential,Hyderabad
50,2030-09-03,593.18,commercial,Chennai
50,2030-09-04,841.92,industrial,Mumbai
50,2030-09-05,292.23,residential,Hyderabad
50,2030-09-06,621.53,commercial,Chennai
50,2030-09-07,899.99,industrial,Mumbai
50,2030-09-08,284.63,residential,Hyderabad
50,2030-09-09,554.24,commercial,Chennai
50,2030-09-10,796.0,industrial,Mumbai
50,2030-09-11,315.7,residential,Hyderabad
50,2030-09-12,506.01,commercial,Chennai
50,2030-09-13,774.42,industrial,Mumbai
50,2030-09-14,242.91,residential,Hyderabad
50,2030-09-15,438.43,commercial,Chennai
50,2030-09-16,722.84,industrial,Mumbai
50,2030-09-17,221.57,residential,Hyderabad
50,2030-09-18,449.63,commercial,Chennai
50,2030-09-19,723.35,industrial,Mumbai
50,2030-09-20,281.13,residential,Hyderabad
50,2030-09-21,517.32,commercial,Chennai
50,2030-09-22,740.53,industrial,Mumbai
50,2030-09-23,280.86,residential,Hyderabad
50,2030-09-24,500.14,commercial,Chennai
50,2030-09-25,808.82,industrial,Mumbai
50,2030-09-26,303.25,residential,Hyderabad
50,2030-09-27,540.21,commercial,Chennai
50,2030-09-28,839.67,industrial,Mumbai
50,2030-09-29,279.89,residential,Hyderabad
50,2030-09-30,571.92,commercial,Chennai
50,2030-10-01,878.82,industrial,Mumbai
50,2030-10-02,317.1,residential,Hyderabad
50,2030-10-03,551.4,commercial,Chennai
50,2030-10-04,877.33,industrial,Mumbai
50,2030-10-05,339.59,residential,Hyderabad
50,2030-10-06,586.8,commercial,Chennai
50,2030-10-07,932.49,industrial,Mumbai
50,2030-10-08,298.96,residential,Hyderabad
50,2030-10-09,466.36,commercial,Chennai
50,2030-10-10,824.1,industrial,Mumbai
50,2030-10-11,330.73,residential,Hyderabad
50,2030-10-12,482.58,commercial,Chennai
50,2030-10-13,840.38,industrial,Mumbai
50,2030-10-14,220.06,residential,Hyderabad
50,2030-10-15,493.99,commercial,Chennai
50,2030-10-16,736.35,industrial,Mumbai
50,2030-10-17,325.6,residential,Hyderabad
50,2030-10-18,534.87,commercial,Chennai
50,2030-10-19,725.05,industrial,Mumbai
50,2030-10-20,236.48,residential,Hyderabad
50,2030-10-21,497.7,commercial,Chennai
50,2030-10-22,754.6,industrial,Mumbai
50,2030-10-23,276.7,residential,Hyderabad
50,2030-10-24,489.27,commercial,Chennai
50,2030-10-25,722.12,industrial,Mumbai
50,2030-10-26,309.48,residential,Hyderabad
50,2030-10-27,493.61,commercial,Chennai
50,2030-10-28,812.21,industrial,Mumbai
50,2030-10-29,399.55,residential,Hyderabad
50,2030-10-30,500.15,commercial,Chennai
50,2030-10-31,889.95,industrial,Mumbai
50,2030-11-01,351.41,residential,Hyderabad
50,2030-11-02,554.47,commercial,Chennai
50,2030-11-03,898.22,industrial,Mumbai
50,2030-11-04,379.01,residential,Hyderabad
50,2030-11-05,584.97,commercial,Chennai
50,2030-11-06,895.75,industrial,Mumbai
50,2030-11-07,337.04,residential,Hyderabad
50,2030-11-08,517.82,commercial,Chennai
50,2030-11-09,790.05,industrial,Mumbai
50,2030-11-10,291.15,residential,Hyderabad
50,2030-11-11,632.87,commercial,Chennai
50,2030-11-12,855.91,industrial,Mumbai
50,2030-11-13,244.2,residential,Hyderabad
50,2030-11-14,438.78,commercial,Chennai
50,2030-11-15,806.03,industrial,Mumbai
50,2030-11-16,305.63,residential,Hyderabad
50,2030-11-17,504.78,commercial,Chennai
50,2030-11-18,773.91,industrial,Mumbai
50,2030-11-19,282.57,residential,Hyderabad
50,2030-11-20,506.27,commercial,Chennai
50,2030-11-21,804.07,industrial,Mumbai
50,2030-11-22,220.99,residential,Hyderabad
50,2030-11-23,511.0,commercial,Chennai
50,2030-11-24,797.47,industrial,Mumbai
50,2030-11-25,350.34,residential,Hyderabad
50,2030-11-26,674.56,commercial,Chennai
50,2030-11-27,881.24,industrial,Mumbai
50,2030-11-28,364.51,residential,Hyderabad
50,2030-11-29,623.16,commercial,Chennai
50,2030-11-30,913.23,industrial,Mumbai
50,2030-12-01,416.48,residential,Hyderabad
50,2030-12-02,627.65,commercial,Chennai
50,2030-12-03,987.16,industrial,Mumbai
50,2030-12-04,359.04,residential,Hyderabad
50,2030-12-05,620.53,commercial,Chennai
50,2030-12-06,859.95,industrial,Mumbai
50,2030-12-07,413.04,residential,Hyderabad
50,2030-12-08,546.62,commercial,Chennai
50,2030-12-09,858.33,industrial,Mumbai
50,2030-12-10,354.44,residential,Hyderabad
50,2030-12-11,596.51,commercial,Chennai
50,2030-12-12,885.91,industrial,Mumbai
50,2030-12-13,291.93,residential,Hyderabad
50,2030-12-14,537.84,commercial,Chennai
50,2030-12-15,802.78,industrial,Mumbai
50,2030-12-16,278.24,residential,Hyderabad
50,2030-12-17,519.4,commercial,Chennai
50,2030-12-18,817.42,industrial,Mumbai
50,2030-12-19,430.69,residential,Hyderabad
50,2030-12-20,556.89,commercial,Chennai
50,2030-12-21,792.31,industrial,Mumbai
50,2030-12-22,334.29,residential,Hyderabad
50,2030-12-23,608.5,commercial,Chennai
50,2030-12-24,962.83,industrial,Mumbai
50,2030-12-25,327.96,residential,Hyderabad
50,2030-12-26,528.32,commercial,Chennai
50,2030-12-27,990.01,industrial,Mumbai
50,2030-12-28,441.53,residential,Hyderabad
50,2030-12-29,600.7,commercial,Chennai
50,2030-12-30,964.69,industrial,Mumbai
50,2030-12-31,343.84,residential,Hyderabad
50,2031-01-01,653.3,commercial,Chennai
50,2031-01-02,968.0,industrial,Mumbai
50,2031-01-03,491.4,residential,Hyderabad
50,2031-01-04,611.34,commercial,Chennai
50,2031-01-05,950.89,industrial,Mumbai
50,2031-01-06,404.39,residential,Hyderabad
50,2031-01-07,644.28,commercial,Chennai
50,2031-01-08,890.01,industrial,Mumbai
50,2031-01-09,400.81,residential,Hyderabad
50,2031-01-10,568.59,commercial,Chennai
50,2031-01-11,926.22,industrial,Mumbai
50,2031-01-12,427.14,residential,Hyderabad
50,2031-01-13,577.33,commercial,Chennai
50,2031-01-14,883.76,industrial,Mumbai
50,2031-01-15,321.7,residential,Hyderabad
50,2031-01-16,567.14,commercial,Chennai
50,2031-01-17,878.76,industrial,Mumbai
50,2031-01-18,489.41,residential,Hyderabad
50,2031-01-19,545.97,commercial,Chennai
50,2031-01-20,956.78,industrial,Mumbai
50,2031-01-21,447.46,residential,Hyderabad
50,2031-01-22,629.45,commercial,Chennai
50,2031-01-23,1000.1,industrial,Mumbai
50,2031-01-24,456.6,residential,Hyderabad
50,2031-01-25,669.24,commercial,Chennai
50,2031-01-26,963.03,industrial,Mumbai
50,2031-01-27,524.69,residential,Hyderabad
50,2031-01-28,728.89,commercial,Chennai
50,2031-01-29,967.65,industrial,Mumbai
50,2031-01-30,445.65,residential,Hyderabad
50,2031-01-31,693.95,commercial,Chennai
50,2031-02-01,971.53,industrial,Mumbai
50,2031-02-02,500.26,residential,Hyderabad
50,2031-02-03,749.47,commercial,Chennai
50,2031-02-04,976.95,industrial,Mumbai
50,2031-02-05,487.15,residential,Hyderabad
50,2031-02-06,683.51,commercial,Chennai
50,2031-02-07,1006.54,industrial,Mumbai
50,2031-02-08,373.67,residential,Hyderabad
50,2031-02-09,630.2,commercial,Chennai
50,2031-02-10,954.28,industrial,Mumbai
50,2031-02-11,486.06,residential,Hyderabad
50,2031-02-12,611.87,commercial,Chennai
50,2031-02-13,851.58,industrial,Mumbai
50,2031-02-14,448.4,residential,Hyderabad
50,2031-02-15,597.22,commercial,Chennai
50,2031-02-16,876.23,industrial,Mumbai
50,2031-02-17,402.17,residential,Hyderabad
50,2031-02-18,625.15,commercial,Chennai
50,2031-02-19,915.59,industrial,Mumbai
50,2031-02-20,360.42,residential,Hyderabad
50,2031-02-21,694.64,commercial,Chennai
50,2031-02-22,1020.74,industrial,Mumbai
50,2031-02-23,507.21,residential,Hyderabad
50,2031-02-24,647.04,commercial,Chennai
50,2031-02-25,995.39,industrial,Mumbai
50,2031-02-26,513.19,residential,Hyderabad
50,2031-02-27,746.09,commercial,Chennai
50,2031-02-28,1055.91,industrial,Mumbai
50,2031-03-01,504.93,residential,Hyderabad
50,2031-03-02,740.6,commercial,Chennai
50,2031-03-03,1056.42,industrial,Mumbai
50,2031-03-04,594.98,residential,Hyderabad
50,2031-03-05,761.44,commercial,Chennai
50,2031-03-06,1059.42,industrial,Mumbai
50,2031-03-07,524.16,residential,Hyderabad
50,2031-03-08,768.85,commercial,Chennai
50,2031-03-09,1019.54,industrial,Mumbai
50,2031-03-10,458.94,residential,Hyderabad
50,2031-03-11,739.72,commercial,Chennai
50,2031-03-12,1002.14,industrial,Mumbai
50,2031-03-13,447.99,residential,Hyderabad
50,2031-03-14,639.29,commercial,Chennai
50,2031-03-15,964.67,industrial,Mumbai
50,2031-03-16,467.55,residential,Hyderabad
50,2031-03-17,655.17,commercial,Chennai
50,2031-03-18,960.14,industrial,Mumbai
50,2031-03-19,518.23,residential,Hyderabad
50,2031-03-20,697.69,commercial,Chennai
50,2031-03-21,968.92,industrial,Mumbai
50,2031-03-22,507.0,residential,Hyderabad
50,2031-03-23,637.36,commercial,Chennai
50,2031-03-24,1004.74,industrial,Mumbai
50,2031-03-25,571.79,residential,Hyderabad
50,2031-03-26,701.27,commercial,Chennai
50,2031-03-27,986.16,industrial,Mumbai
50,2031-03-28,503.15,residential,Hyderabad
50,2031-03-29,693.5,commercial,Chennai
50,2031-03-30,1011.89,industrial,Mumbai
50,2031-03-31,532.73,residential,Hyderabad
50,2031-04-01,693.5,commercial,Chennai
50,2031-04-02,1050.31,industrial,Mumbai
50,2031-04-03,583.53,residential,Hyderabad
50,2031-04-04,706.78,commercial,Chennai
50,2031-04-05,1097.59,industrial,Mumbai
50,2031-04-06,549.33,residential,Hyderabad
50,2031-04-07,760.89,commercial,Chennai
50,2031-04-08,983.19,industrial,Mumbai
50,2031-04-09,533.05,residential,Hyderabad
50,2031-04-10,644.52,commercial,Chennai
50,2031-04-11,1013.57,industrial,Mumbai
50,2031-04-12,475.45,residential,Hyderabad
50,2031-04-13,682.57,commercial,Chennai
50,2031-04-14,906.89,industrial,Mumbai
50,2031-04-15,413.44,residential,Hyderabad
50,2031-04-16,670.51,commercial,Chennai
50,2031-04-17,908.21,industrial,Mumbai
50,2031-04-18,466.34,residential,Hyderabad
50,2031-04-19,596.85,commercial,Chennai
50,2031-04-20,991.05,industrial,Mumbai
50,2031-04-21,415.0,residential,Hyderabad
50,2031-04-22,694.83,commercial,Chennai
50,2031-04-23,1007.06,industrial,Mumbai
50,2031-04-24,463.89,residential,Hyderabad
50,2031-04-25,724.74,commercial,Chennai
50,2031-04-26,1021.09,industrial,Mumbai
50,2031-04-27,497.42,residential,Hyderabad
50,2031-04-28,685.62,commercial,Chennai
50,2031-04-29,952.8,industrial,Mumbai
50,2031-04-30,548.71,residential,Hyderabad
50,2031-05-01,673.45,commercial,Chennai
50,2031-05-02,1038.97,industrial,Mumbai
50,2031-05-03,521.54,residential,Hyderabad
50,2031-05-04,754.06,commercial,Chennai
50,2031-05-05,1007.71,industrial,Mumbai
50,2031-05-06,497.87,residential,Hyderabad
50,2031-05-07,730.26,commercial,Chennai
50,2031-05-08,1003.42,industrial,Mumbai
50,2031-05-09,491.21,residential,Hyderabad
50,2031-05-10,685.86,commercial,Chennai
50,2031-05-11,894.63,industrial,Mumbai
50,2031-05-12,476.15,residential,Hyderabad
50,2031-05-13,661.46,commercial,Chennai
50,2031-05-14,888.99,industrial,Mumbai
50,2031-05-15,414.45,residential,Hyderabad
50,2031-05-16,619.26,commercial,Chennai
50,2031-05-17,914.22,industrial,Mumbai
50,2031-05-18,433.88,residential,Hyderabad
50,2031-05-19,680.76,commercial,Chennai
50,2031-05-20,971.63,industrial,Mumbai
50,2031-05-21,382.33,residential,Hyderabad
50,2031-05-22,667.42,commercial,Chennai
50,2031-05-23,1004.29,industrial,Mumbai
50,2031-05-24,475.63,residential,Hyderabad
50,2031-05-25,712.81,commercial,Chennai
50,2031-05-26,1058.2,industrial,Mumbai
50,2031-05-27,526.3,residential,Hyderabad
50,2031-05-28,701.65,commercial,Chennai
50,2031-05-29,1038.18,industrial,Mumbai
50,2031-05-30,504.95,residential,Hyderabad
50,2031-05-31,700.81,commercial,Chennai
50,2031-06-01,984.3,industrial,Mumbai
50,2031-06-02,557.21,residential,Hyderabad
50,2031-06-03,656.15,commercial,Chennai
50,2031-06-04,1042.5,industrial,Mumbai
50,2031-06-05,491.88,residential,Hyderabad
50,2031-06-06,605.3,commercial,Chennai
50,2031-06-07,964.46,industrial,Mumbai
50,2031-06-08,353.77,residential,Hyderabad
50,2031-06-09,650.8,commercial,Chennai
50,2031-06-10,949.63,industrial,Mumbai
50,2031-06-11,379.86,residential,Hyderabad
50,2031-06-12,599.1,commercial,Chennai
50,2031-06-13,964.54,industrial,Mumbai
50,2031-06-14,360.24,residential,Hyderabad
50,2031-06-15,534.28,commercial,Chennai
50,2031-06-16,934.24,industrial,Mumbai
50,2031-06-17,453.98,residential,Hyderabad
50,2031-06-18,578.2,commercial,Chennai
50,2031-06-19,922.97,industrial,Mumbai
50,2031-06-20,442.25,residential,Hyderabad
50,2031-06-21,566.24,commercial,Chennai
50,2031-06-22,884.77,industrial,Mumbai
50,2031-06-23,462.11,residential,Hyderabad
50,2031-06-24,688.96,commercial,Chennai
50,2031-06-25,952.31,industrial,Mumbai
50,2031-06-26,401.94,residential,Hyderabad
50,2031-06-27,722.66,commercial,Chennai
50,2031-06-28,926.36,industrial,Mumbai
50,2031-06-29,436.73,residential,Hyderabad
50,2031-06-30,664.28,commercial,Chennai
50,2031-07-01,1011.03,industrial,Mumbai
50,2031-07-02,479.13,residential,Hyderabad
50,2031-07-03,655.59,commercial,Chennai
50,2031-07-04,949.67,industrial,Mumbai
50,2031-07-05,423.39,residential,Hyderabad
50,2031-07-06,633.21,commercial,Chennai
50,2031-07-07,798.05,industrial,Mumbai
50,2031-07-08,375.26,residential,Hyderabad
50,2031-07-09,584.68,commercial,Chennai
50,2031-07-10,817.34,industrial,Mumbai
50,2031-07-11,368.09,residential,Hyderabad
50,2031-07-12,535.0,commercial,Chennai
50,2031-07-13,905.57,industrial,Mumbai
50,2031-07-14,392.34,residential,Hyderabad
50,2031-07-15,506.94,commercial,Chennai
50,2031-07-16,817.87,industrial,Mumbai
50,2031-07-17,321.47,residential,Hyderabad
50,2031-07-18,508.96,commercial,Chennai
50,2031-07-19,839.33,industrial,Mumbai
50,2031-07-20,307.34,residential,Hyderabad
50,2031-07-21,499.88,commercial,Chennai
50,2031-07-22,878.34,industrial,Mumbai
50,2031-07-23,387.41,residential,Hyderabad
50,2031-07-24,538.86,commercial,Chennai
50,2031-07-25,915.22,industrial,Mumbai
50,2031-07-26,361.63,residential,Hyderabad
50,2031-07-27,603.23,commercial,Chennai
50,2031-07-28,930.52,industrial,Mumbai
50,2031-07-29,399.09,residential,Hyderabad
50,2031-07-30,619.29,commercial,Chennai
50,2031-07-31,878.94,industrial,Mumbai
50,2031-08-01,388.09,residential,Hyderabad
50,2031-08-02,581.99,commercial,Chennai
50,2031-08-03,852.77,industrial,Mumbai
50,2031-08-04,366.36,residential,Hyderabad
50,2031-08-05,501.01,commercial,Chennai
50,2031-08-06,831.97,industrial,Mumbai
50,2031-08-07,328.44,residential,Hyderabad
50,2031-08-08,517.83,commercial,Chennai
50,2031-08-09,807.13,industrial,Mumbai
50,2031-08-10,303.93,residential,Hyderabad
50,2031-08-11,516.5,commercial,Chennai
50,2031-08-12,824.87,industrial,Mumbai
50,2031-08-13,258.38,residential,Hyderabad
50,2031-08-14,432.82,commercial,Chennai
50,2031-08-15,738.03,industrial,Mumbai
50,2031-08-16,261.19,residential,Hyderabad
50,2031-08-17,469.67,commercial,Chennai
50,2031-08-18,757.92,industrial,Mumbai
50,2031-08-19,243.5,residential,Hyderabad
50,2031-08-20,485.03,commercial,Chennai
50,2031-08-21,819.37,industrial,Mumbai
50,2031-08-22,345.24,residential,Hyderabad
50,2031-08-23,508.48,commercial,Chennai
50,2031-08-24,823.17,industrial,Mumbai
50,2031-08-25,310.67,residential,Hyderabad
50,2031-08-26,553.26,commercial,Chennai
50,2031-08-27,825.77,industrial,Mumbai
50,2031-08-28,385.95,residential,Hyderabad
50,2031-08-29,492.86,commercial,Chennai
50,2031-08-30,849.03,industrial,Mumbai
50,2031-08-31,372.43,residential,Hyderabad
50,2031-09-01,562.65,commercial,Chennai
50,2031-09-02,956.07,industrial,Mumbai
50,2031-09-03,353.8,residential,Hyderabad
50,2031-09-04,489.84,commercial,Chennai
50,2031-09-05,815.52,industrial,Mumbai
50,2031-09-06,237.19,residential,Hyderabad
50,2031-09-07,493.95,commercial,Chennai
50,2031-09-08,753.27,industrial,Mumbai
50,2031-09-09,313.54,residential,Hyderabad
50,2031-09-10,446.59,commercial,Chennai
50,2031-09-11,757.19,industrial,Mumbai
50,2031-09-12,231.66,residential,Hyderabad
50,2031-09-13,523.96,commercial,Chennai
50,2031-09-14,741.08,industrial,Mumbai
50,2031-09-15,328.96,residential,Hyderabad
50,2031-09-16,492.05,commercial,Chennai
50,2031-09-17,784.52,industrial,Mumbai
50,2031-09-18,287.4,residential,Hyderabad
50,2031-09-19,497.12,commercial,Chennai
50,2031-09-20,713.9,industrial,Mumbai
50,2031-09-21,289.98,residential,Hyderabad
50,2031-09-22,545.09,commercial,Chennai
50,2031-09-23,819.06,industrial,Mumbai
50,2031-09-24,273.67,residential,Hyderabad
50,2031-09-25,535.4,commercial,Chennai
50,2031-09-26,911.67,industrial,Mumbai
50,2031-09-27,397.54,residential,Hyderabad
50,2031-09-28,547.29,commercial,Chennai
50,2031-09-29,887.79,industrial,Mumbai
50,2031-09-30,332.89,residential,Hyderabad
50,2031-10-01,475.17,commercial,Chennai
50,2031-10-02,800.25,industrial,Mumbai
50,2031-10-03,392.06,residential,Hyderabad
50,2031-10-04,509.64,commercial,Chennai
50,2031-10-05,801.07,industrial,Mumbai
50,2031-10-06,288.58,residential,Hyderabad
50,2031-10-07,566.55,commercial,Chennai
50,2031-10-08,845.71,industrial,Mumbai
50,2031-10-09,360.63,residential,Hyderabad
50,2031-10-10,458.03,commercial,Chennai
50,2031-10-11,770.39,industrial,Mumbai
50,2031-10-12,194.0,residential,Hyderabad
50,2031-10-13,511.94,commercial,Chennai
50,2031-10-14,706.56,industrial,Mumbai
50,2031-10-15,264.54,residential,Hyderabad
50,2031-10-16,416.69,commercial,Chennai
50,2031-10-17,743.66,industrial,Mumbai
50,2031-10-18,242.01,residential,Hyderabad
50,2031-10-19,460.79,commercial,Chennai
50,2031-10-20,774.05,industrial,Mumbai
50,2031-10-21,284.69,residential,Hyderabad
50,2031-10-22,550.97,commercial,Chennai
50,2031-10-23,784.05,industrial,Mumbai
50,2031-10-24,346.8,residential,Hyderabad
50,2031-10-25,595.17,commercial,Chennai
50,2031-10-26,832.81,industrial,Mumbai
50,2031-10-27,329.64,residential,Hyderabad
50,2031-10-28,552.1,commercial,Chennai
50,2031-10-29,909.33,industrial,Mumbai
50,2031-10-30,368.57,residential,Hyderabad
50,2031-10-31,536.18,commercial,Chennai
50,2031-11-01,871.53,industrial,Mumbai
50,2031-11-02,301.24,residential,Hyderabad
50,2031-11-03,564.47,commercial,Chennai
50,2031-11-04,844.59,industrial,Mumbai
50,2031-11-05,306.53,residential,Hyderabad
50,2031-11-06,475.92,commercial,Chennai
50,2031-11-07,765.1,industrial,Mumbai
50,2031-11-08,313.97,residential,Hyderabad
50,2031-11-09,535.06,commercial,Chennai
50,2031-11-10,755.38,industrial,Mumbai
50,2031-11-11,296.09,residential,Hyderabad
50,2031-11-12,393.25,commercial,Chennai
50,2031-11-13,754.52,industrial,Mumbai
50,2031-11-14,280.04,residential,Hyderabad
50,2031-11-15,450.37,commercial,Chennai
50,2031-11-16,756.68,industrial,Mumbai
50,2031-11-17,276.46,residential,Hyderabad
50,2031-11-18,525.19,commercial,Chennai
50,2031-11-19,817.25,industrial,Mumbai
50,2031-11-20,246.93,residential,Hyderabad
50,2031-11-21,463.36,commercial,Chennai
50,2031-11-22,835.21,industrial,Mumbai
50,2031-11-23,388.22,residential,Hyderabad
50,2031-11-24,469.18,commercial,Chennai
50,2031-11-25,866.64,industrial,Mumbai
50,2031-11-26,371.26,residential,Hyderabad
50,2031-11-27,651.46,commercial,Chennai
50,2031-11-28,881.98,industrial,Mumbai
50,2031-11-29,412.01,residential,Hyderabad
50,2031-11-30,599.57,commercial,Chennai
50,2031-12-01,804.06,industrial,Mumbai
50,2031-12-02,413.76,residential,Hyderabad
50,2031-12-03,584.13,commercial,Chennai
50,2031-12-04,887.45,industrial,Mumbai
50,2031-12-05,515.33,residential,Hyderabad
50,2031-12-06,466.09,commercial,Chennai
50,2031-12-07,910.08,industrial,Mumbai
50,2031-12-08,322.14,residential,Hyderabad
50,2031-12-09,538.97,commercial,Chennai
50,2031-12-10,821.13,industrial,Mumbai
50,2031-12-11,303.35,residential,Hyderabad
50,2031-12-12,496.99,commercial,Chennai
50,2031-12-13,834.61,industrial,Mumbai
50,2031-12-14,264.56,residential,Hyderabad
50,2031-12-15,561.19,commercial,Chennai
50,2031-12-16,822.33,industrial,Mumbai
50,2031-12-17,303.22,residential,Hyderabad
50,2031-12-18,541.15,commercial,Chennai
50,2031-12-19,921.07,industrial,Mumbai
50,2031-12-20,361.46,residential,Hyderabad
50,2031-12-21,609.3,commercial,Chennai
50,2031-12-22,877.37,industrial,Mumbai
50,2031-12-23,447.69,residential,Hyderabad
50,2031-12-24,654.27,commercial,Chennai
50,2031-12-25,1008.65,industrial,Mumbai
50,2031-12-26,433.65,residential,Hyderabad
50,2031-12-27,671.31,commercial,Chennai
50,2031-12-28,950.21,industrial,Mumbai
50,2031-12-29,497.67,residential,Hyderabad
50,2031-12-30,614.55,commercial,Chennai
50,2031-12-31,968.68,industrial,Mumbai
50,2032-01-01,425.04,residential,Hyderabad
50,2032-01-02,622.93,commercial,Chennai
50,2032-01-03,920.95,industrial,Mumbai
50,2032-01-04,418.69,residential,Hyderabad
50,2032-01-05,595.27,commercial,Chennai
50,2032-01-06,900.27,industrial,Mumbai
50,2032-01-07,447.46,residential,Hyderabad
50,2032-01-08,617.69,commercial,Chennai
50,2032-01-09,908.59,industrial,Mumbai
50,2032-01-10,353.05,residential,Hyderabad
50,2032-01-11,535.21,commercial,Chennai
50,2032-01-12,910.68,industrial,Mumbai
50,2032-01-13,411.36,residential,Hyderabad
50,2032-01-14,641.14,commercial,Chennai
50,2032-01-15,865.88,industrial,Mumbai
50,2032-01-16,390.28,residential,Hyderabad
50,2032-01-17,544.58,commercial,Chennai
50,2032-01-18,906.03,industrial,Mumbai
50,2032-01-19,473.62,residential,Hyderabad
50,2032-01-20,627.1,commercial,Chennai
50,2032-01-21,982.93,industrial,Mumbai
50,2032-01-22,460.34,residential,Hyderabad
50,2032-01-23,690.27,commercial,Chennai
50,2032-01-24,939.11,industrial,Mumbai
50,2032-01-25,494.24,residential,Hyderabad
50,2032-01-26,574.9,commercial,Chennai
50,2032-01-27,988.61,industrial,Mumbai
50,2032-01-28,430.21,residential,Hyderabad
50,2032-01-29,740.92,commercial,Chennai
50,2032-01-30,1019.12,industrial,Mumbai
50,2032-01-31,500.4,residential,Hyderabad
50,2032-02-01,734.98,commercial,Chennai
50,2032-02-02,927.68,industrial,Mumbai
50,2032-02-03,526.56,residential,Hyderabad
50,2032-02-04,684.97,commercial,Chennai
50,2032-02-05,929.67,industrial,Mumbai
50,2032-02-06,476.88,residential,Hyderabad
50,2032-02-07,580.8,commercial,Chennai
50,2032-02-08,887.26,industrial,Mumbai
50,2032-02-09,392.97,residential,Hyderabad
50,2032-02-10,595.28,commercial,Chennai
50,2032-02-11,875.46,industrial,Mumbai
50,2032-02-12,470.08,residential,Hyderabad
50,2032-02-13,616.29,commercial,Chennai
50,2032-02-14,948.11,industrial,Mumbai
50,2032-02-15,420.16,residential,Hyderabad
50,2032-02-16,580.38,commercial,Chennai
50,2032-02-17,975.1,industrial,Mumbai
50,2032-02-18,399.34,residential,Hyderabad
50,2032-02-19,684.59,commercial,Chennai
50,2032-02-20,943.63,industrial,Mumbai
50,2032-02-21,587.97,residential,Hyderabad
50,2032-02-22,753.75,commercial,Chennai
50,2032-02-23,1028.69,industrial,Mumbai
50,2032-02-24,580.25,residential,Hyderabad
50,2032-02-25,698.99,commercial,Chennai
50,2032-02-26,1055.53,industrial,Mumbai
50,2032-02-27,540.53,residential,Hyderabad
50,2032-02-28,739.74,commercial,Chennai
50,2032-02-29,1074.8,industrial,Mumbai
50,2032-03-01,546.28,residential,Hyderabad
50,2032-03-02,720.29,commercial,Chennai
50,2032-03-03,933.4,industrial,Mumbai
50,2032-03-04,451.56,residential,Hyderabad
50,2032-03-05,675.4,commercial,Chennai
50,2032-03-06,974.81,industrial,Mumbai
50,2032-03-07,417.5,residential,Hyderabad
50,2032-03-08,752.06,commercial,Chennai
50,2032-03-09,1010.74,industrial,Mumbai
50,2032-03-10,470.52,residential,Hyderabad
50,2032-03-11,647.72,commercial,Chennai
50,2032-03-12,936.89,industrial,Mumbai
50,2032-03-13,409.99,residential,Hyderabad
50,2032-03-14,655.91,commercial,Chennai
50,2032-03-15,969.73,industrial,Mumbai
50,2032-03-16,417.95,residential,Hyderabad
50,2032-03-17,690.44,commercial,Chennai
50,2032-03-18,981.18,industrial,Mumbai
50,2032-03-19,421.82,residential,Hyderabad
50,2032-03-20,674.43,commercial,Chennai
50,2032-03-21,1002.53,industrial,Mumbai
50,2032-03-22,603.89,residential,Hyderabad
50,2032-03-23,758.64,commercial,Chennai
50,2032-03-24,989.3,industrial,Mumbai
50,2032-03-25,566.59,residential,Hyderabad
50,2032-03-26,687.57,commercial,Chennai
50,2032-03-27,1092.88,industrial,Mumbai
50,2032-03-28,528.63,residential,Hyderabad
50,2032-03-29,739.53,commercial,Chennai
50,2032-03-30,1090.19,industrial,Mumbai
50,2032-03-31,477.89,residential,Hyderabad
50,2032-04-01,664.41,commercial,Chennai
50,2032-04-02,986.94,industrial,Mumbai
50,2032-04-03,541.33,residential,Hyderabad
50,2032-04-04,628.5,commercial,Chennai
50,2032-04-05,865.89,industrial,Mumbai
50,2032-04-06,451.89,residential,Hyderabad
50,2032-04-07,684.02,commercial,Chennai
50,2032-04-08,1003.58,industrial,Mumbai
50,2032-04-09,432.52,residential,Hyderabad
50,2032-04-10,632.11,commercial,Chennai
50,2032-04-11,994.39,industrial,Mumbai
50,2032-04-12,375.26,residential,Hyderabad
50,2032-04-13,638.37,commercial,Chennai
50,2032-04-14,967.25,industrial,Mumbai
50,2032-04-15,484.93,residential,Hyderabad
50,2032-04-16,655.14,commercial,Chennai
50,2032-04-17,986.35,industrial,Mumbai
50,2032-04-18,395.3,residential,Hyderabad
50,2032-04-19,678.34,commercial,Chennai
50,2032-04-20,1032.17,industrial,Mumbai
50,2032-04-21,483.17,residential,Hyderabad
50,2032-04-22,731.95,commercial,Chennai
50,2032-04-23,1052.93,industrial,Mumbai
50,2032-04-24,524.91,residential,Hyderabad
50,2032-04-25,746.88,commercial,Chennai
50,2032-04-26,1000.8,industrial,Mumbai
50,2032-04-27,528.09,residential,Hyderabad
50,2032-04-28,755.71,commercial,Chennai
50,2032-04-29,1030.61,industrial,Mumbai
50,2032-04-30,492.24,residential,Hyderabad
50,2032-05-01,714.74,commercial,Chennai
50,2032-05-02,1023.5,industrial,Mumbai
50,2032-05-03,401.59,residential,Hyderabad
50,2032-05-04,718.6,commercial,Chennai
50,2032-05-05,947.87,industrial,Mumbai
50,2032-05-06,468.28,residential,Hyderabad
50,2032-05-07,690.35,commercial,Chennai
50,2032-05-08,880.4,industrial,Mumbai
50,2032-05-09,401.56,residential,Hyderabad
50,2032-05-10,615.12,commercial,Chennai
50,2032-05-11,894.19,industrial,Mumbai
50,2032-05-12,495.97,residential,Hyderabad
50,2032-05-13,595.38,commercial,Chennai
50,2032-05-14,912.39,industrial,Mumbai
50,2032-05-15,449.34,residential,Hyderabad
50,2032-05-16,600.91,commercial,Chennai
50,2032-05-17,941.85,industrial,Mumbai
50,2032-05-18,479.5,residential,Hyderabad
50,2032-05-19,662.6,commercial,Chennai
50,2032-05-20,980.81,industrial,Mumbai
50,2032-05-21,471.09,residential,Hyderabad
50,2032-05-22,638.11,commercial,Chennai
50,2032-05-23,1016.33,industrial,Mumbai
50,2032-05-24,576.53,residential,Hyderabad
50,2032-05-25,707.84,commercial,Chennai
50,2032-05-26,1014.7,industrial,Mumbai
50,2032-05-27,529.79,residential,Hyderabad
50,2032-05-28,645.6,commercial,Chennai
50,2032-05-29,1056.86,industrial,Mumbai
50,2032-05-30,487.61,residential,Hyderabad
50,2032-05-31,734.24,commercial,Chennai
50,2032-06-01,928.19,industrial,Mumbai
50,2032-06-02,518.31,residential,Hyderabad
50,2032-06-03,664.66,commercial,Chennai
50,2032-06-04,944.28,industrial,Mumbai
50,2032-06-05,420.91,residential,Hyderabad
50,2032-06-06,592.26,commercial,Chennai
50,2032-06-07,942.49,industrial,Mumbai
50,2032-06-08,394.23,residential,Hyderabad
50,2032-06-09,506.15,commercial,Chennai
50,2032-06-10,838.53,industrial,Mumbai
50,2032-06-11,376.32,residential,Hyderabad
50,2032-06-12,598.77,commercial,Chennai
50,2032-06-13,888.6,industrial,Mumbai
50,2032-06-14,445.74,residential,Hyderabad
50,2032-06-15,526.32,commercial,Chennai
50,2032-06-16,918.38,industrial,Mumbai
50,2032-06-17,348.63,residential,Hyderabad
50,2032-06-18,660.45,commercial,Chennai
50,2032-06-19,934.54,industrial,Mumbai
50,2032-06-20,462.45,residential,Hyderabad
50,2032-06-21,617.18,commercial,Chennai
50,2032-06-22,1007.35,industrial,Mumbai
50,2032-06-23,500.39,residential,Hyderabad
50,2032-06-24,682.52,commercial,Chennai
50,2032-06-25,952.28,industrial,Mumbai
50,2032-06-26,476.77,residential,Hyderabad
50,2032-06-27,619.33,commercial,Chennai
50,2032-06-28,973.96,industrial,Mumbai
50,2032-06-29,496.23,residential,Hyderabad
50,2032-06-30,662.3,commercial,Chennai
50,2032-07-01,878.63,industrial,Mumbai
50,2032-07-02,410.15,residential,Hyderabad
50,2032-07-03,531.86,commercial,Chennai
50,2032-07-04,894.82,industrial,Mumbai
50,2032-07-05,379.18,residential,Hyderabad
50,2032-07-06,476.88,commercial,Chennai
50,2032-07-07,797.35,industrial,Mumbai
50,2032-07-08,326.54,residential,Hyderabad
50,2032-07-09,521.96,commercial,Chennai
50,2032-07-10,783.92,industrial,Mumbai
50,2032-07-11,348.34,residential,Hyderabad
50,2032-07-12,545.41,commercial,Chennai
50,2032-07-13,832.04,industrial,Mumbai
50,2032-07-14,315.68,residential,Hyderabad
50,2032-07-15,595.24,commercial,Chennai
50,2032-07-16,927.8,industrial,Mumbai
50,2032-07-17,350.99,residential,Hyderabad
50,2032-07-18,554.6,commercial,Chennai
50,2032-07-19,907.04,industrial,Mumbai
50,2032-07-20,380.51,residential,Hyderabad
50,2032-07-21,595.41,commercial,Chennai
50,2032-07-22,935.12,industrial,Mumbai
50,2032-07-23,331.82,residential,Hyderabad
50,2032-07-24,661.52,commercial,Chennai
50,2032-07-25,910.13,industrial,Mumbai
50,2032-07-26,387.04,residential,Hyderabad
50,2032-07-27,594.14,commercial,Chennai
50,2032-07-28,888.54,industrial,Mumbai
50,2032-07-29,311.51,residential,Hyderabad
50,2032-07-30,630.01,commercial,Chennai
50,2032-07-31,860.44,industrial,Mumbai
50,2032-08-01,364.65,residential,Hyderabad
50,2032-08-02,573.14,commercial,Chennai
50,2032-08-03,782.86,industrial,Mumbai
50,2032-08-04,332.17,residential,Hyderabad
50,2032-08-05,493.36,commercial,Chennai
50,2032-08-06,830.41,industrial,Mumbai
50,2032-08-07,205.83,residential,Hyderabad
50,2032-08-08,483.43,commercial,Chennai
50,2032-08-09,761.96,industrial,Mumbai
50,2032-08-10,304.22,residential,Hyderabad
50,2032-08-11,508.69,commercial,Chennai
50,2032-08-12,766.46,industrial,Mumbai
50,2032-08-13,272.8,residential,Hyderabad
50,2032-08-14,504.68,commercial,Chennai
50,2032-08-15,781.97,industrial,Mumbai
50,2032-08-16,360.72,residential,Hyderabad
50,2032-08-17,521.51,commercial,Chennai
50,2032-08-18,728.79,industrial,Mumbai
50,2032-08-19,338.01,residential,Hyderabad
50,2032-08-20,518.13,commercial,Chennai
50,2032-08-21,799.49,industrial,Mumbai
50,2032-08-22,318.44,residential,Hyderabad
50,2032-08-23,573.45,commercial,Chennai
50,2032-08-24,921.22,industrial,Mumbai
50,2032-08-25,377.44,residential,Hyderabad
50,2032-08-26,535.45,commercial,Chennai
50,2032-08-27,870.87,industrial,Mumbai
50,2032-08-28,325.59,residential,Hyderabad
50,2032-08-29,506.24,commercial,Chennai
50,2032-08-30,777.05,industrial,Mumbai
50,2032-08-31,241.93,residential,Hyderabad
50,2032-09-01,485.2,commercial,Chennai
50,2032-09-02,796.4,industrial,Mumbai
50,2032-09-03,276.41,residential,Hyderabad
50,2032-09-04,455.14,commercial,Chennai
50,2032-09-05,727.11,industrial,Mumbai
50,2032-09-06,284.35,residential,Hyderabad
50,2032-09-07,404.52,commercial,Chennai
50,2032-09-08,787.63,industrial,Mumbai
50,2032-09-09,218.08,residential,Hyderabad
50,2032-09-10,431.77,commercial,Chennai
50,2032-09-11,708.8,industrial,Mumbai
50,2032-09-12,254.68,residential,Hyderabad
50,2032-09-13,522.33,commercial,Chennai
50,2032-09-14,813.44,industrial,Mumbai
50,2032-09-15,341.93,residential,Hyderabad
50,2032-09-16,533.68,commercial,Chennai
50,2032-09-17,778.23,industrial,Mumbai
50,2032-09-18,317.87,residential,Hyderabad
50,2032-09-19,507.35,commercial,Chennai
50,2032-09-20,897.66,industrial,Mumbai
50,2032-09-21,300.57,residential,Hyderabad
50,2032-09-22,586.15,commercial,Chennai
50,2032-09-23,885.93,industrial,Mumbai
50,2032-09-24,421.07,residential,Hyderabad
50,2032-09-25,527.12,commercial,Chennai
50,2032-09-26,865.76,industrial,Mumbai
50,2032-09-27,420.7,residential,Hyderabad
50,2032-09-28,495.64,commercial,Chennai
50,2032-09-29,748.99,industrial,Mumbai
50,2032-09-30,224.82,residential,Hyderabad
50,2032-10-01,518.19,commercial,Chennai
50,2032-10-02,704.49,industrial,Mumbai
50,2032-10-03,255.99,residential,Hyderabad
50,2032-10-04,480.74,commercial,Chennai
50,2032-10-05,764.68,industrial,Mumbai
50,2032-10-06,270.24,residential,Hyderabad
50,2032-10-07,460.17,commercial,Chennai
50,2032-10-08,802.69,industrial,Mumbai
50,2032-10-09,215.91,residential,Hyderabad
50,2032-10-10,431.49,commercial,Chennai
50,2032-10-11,734.15,industrial,Mumbai
50,2032-10-12,306.41,residential,Hyderabad
50,2032-10-13,518.67,commercial,Chennai
50,2032-10-14,811.08,industrial,Mumbai
50,2032-10-15,351.23,residential,Hyderabad
50,2032-10-16,467.65,commercial,Chennai
50,2032-10-17,891.92,industrial,Mumbai
50,2032-10-18,395.76,residential,Hyderabad
50,2032-10-19,572.6,commercial,Chennai
50,2032-10-20,921.19,industrial,Mumbai
50,2032-10-21,288.53,residential,Hyderabad
50,2032-10-22,536.65,commercial,Chennai
50,2032-10-23,828.9,industrial,Mumbai
50,2032-10-24,385.71,residential,Hyderabad
50,2032-10-25,511.33,commercial,Chennai
50,2032-10-26,878.26,industrial,Mumbai
50,2032-10-27,395.8,residential,Hyderabad
50,2032-10-28,560.56,commercial,Chennai
50,2032-10-29,835.0,industrial,Mumbai
50,2032-10-30,274.61,residential,Hyderabad
50,2032-10-31,470.75,commercial,Chennai
50,2032-11-01,845.59,industrial,Mumbai
50,2032-11-02,318.67,residential,Hyderabad
50,2032-11-03,479.13,commercial,Chennai
50,2032-11-04,758.83,industrial,Mumbai
50,2032-11-05,191.28,residential,Hyderabad
50,2032-11-06,428.35,commercial,Chennai
50,2032-11-07,848.7,industrial,Mumbai
50,2032-11-08,224.29,residential,Hyderabad
50,2032-11-09,488.45,commercial,Chennai
50,2032-11-10,828.44,industrial,Mumbai
50,2032-11-11,246.87,residential,Hyderabad
50,2032-11-12,514.69,commercial,Chennai
50,2032-11-13,855.96,industrial,Mumbai
50,2032-11-14,330.55,residential,Hyderabad
50,2032-11-15,656.43,commercial,Chennai
50,2032-11-16,786.15,industrial,Mumbai
50,2032-11-17,405.57,residential,Hyderabad
50,2032-11-18,565.38,commercial,Chennai
50,2032-11-19,910.63,industrial,Mumbai
50,2032-11-20,403.0,residential,Hyderabad
50,2032-11-21,559.55,commercial,Chennai
50,2032-11-22,899.41,industrial,Mumbai
50,2032-11-23,315.16,residential,Hyderabad
50,2032-11-24,610.76,commercial,Chennai
50,2032-11-25,893.84,industrial,Mumbai
50,2032-11-26,401.14,residential,Hyderabad
50,2032-11-27,610.32,commercial,Chennai
50,2032-11-28,874.23,industrial,Mumbai
50,2032-11-29,356.55,residential,Hyderabad
50,2032-11-30,506.49,commercial,Chennai
50,2032-12-01,804.82,industrial,Mumbai
50,2032-12-02,373.26,residential,Hyderabad
50,2032-12-03,577.02,commercial,Chennai
50,2032-12-04,805.45,industrial,Mumbai
50,2032-12-05,314.14,residential,Hyderabad
50,2032-12-06,475.52,commercial,Chennai
50,2032-12-07,860.21,industrial,Mumbai
50,2032-12-08,343.7,residential,Hyderabad
50,2032-12-09,600.6,commercial,Chennai
50,2032-12-10,795.58,industrial,Mumbai
50,2032-12-11,325.0,residential,Hyderabad
50,2032-12-12,560.07,commercial,Chennai
50,2032-12-13,888.27,industrial,Mumbai
50,2032-12-14,365.84,residential,Hyderabad
50,2032-12-15,551.61,commercial,Chennai
50,2032-12-16,933.4,industrial,Mumbai
50,2032-12-17,437.72,residential,Hyderabad
50,2032-12-18,581.68,commercial,Chennai
50,2032-12-19,980.39,industrial,Mumbai
50,2032-12-20,478.93,residential,Hyderabad
50,2032-12-21,641.37,commercial,Chennai
50,2032-12-22,940.89,industrial,Mumbai
50,2032-12-23,459.4,residential,Hyderabad
50,2032-12-24,600.24,commercial,Chennai
50,2032-12-25,931.48,industrial,Mumbai
50,2032-12-26,338.13,residential,Hyderabad
50,2032-12-27,651.95,commercial,Chennai
50,2032-12-28,846.21,industrial,Mumbai
50,2032-12-29,460.14,residential,Hyderabad
50,2032-12-30,578.12,commercial,Chennai
50,2032-12-31,874.64,industrial,Mumbai
50,2033-01-01,350.66,residential,Hyderabad
50,2033-01-02,558.2,commercial,Chennai
50,2033-01-03,922.04,industrial,Mumbai
50,2033-01-04,263.24,residential,Hyderabad
50,2033-01-05,613.37,commercial,Chennai
50,2033-01-06,877.52,industrial,Mumbai
50,2033-01-07,319.6,residential,Hyderabad
50,2033-01-08,530.82,commercial,Chennai
50,2033-01-09,948.72,industrial,Mumbai
50,2033-01-10,353.3,residential,Hyderabad
50,2033-01-11,555.72,commercial,Chennai
50,2033-01-12,958.96,industrial,Mumbai
50,2033-01-13,439.08,residential,Hyderabad
50,2033-01-14,600.07,commercial,Chennai
50,2033-01-15,957.85,industrial,Mumbai
50,2033-01-16,418.85,residential,Hyderabad
50,2033-01-17,713.32,commercial,Chennai
50,2033-01-18,1019.51,industrial,Mumbai
50,2033-01-19,504.2,residential,Hyderabad
50,2033-01-20,701.16,commercial,Chennai
50,2033-01-21,1058.74,industrial,Mumbai
50,2033-01-22,487.69,residential,Hyderabad
50,2033-01-23,637.75,commercial,Chennai
50,2033-01-24,998.41,industrial,Mumbai
50,2033-01-25,557.65,residential,Hyderabad
50,2033-01-26,626.1,commercial,Chennai
50,2033-01-27,943.81,industrial,Mumbai
50,2033-01-28,466.04,residential,Hyderabad
50,2033-01-29,638.32,commercial,Chennai
50,2033-01-30,892.71,industrial,Mumbai
50,2033-01-31,469.29,residential,Hyderabad
50,2033-02-01,710.89,commercial,Chennai
50,2033-02-02,921.21,industrial,Mumbai
50,2033-02-03,374.36,residential,Hyderabad
50,2033-02-04,547.79,commercial,Chennai
50,2033-02-05,921.44,industrial,Mumbai
50,2033-02-06,458.81,residential,Hyderabad
50,2033-02-07,639.25,commercial,Chennai
50,2033-02-08,927.61,industrial,Mumbai
50,2033-02-09,413.2,residential,Hyderabad
50,2033-02-10,603.42,commercial,Chennai
50,2033-02-11,991.7,industrial,Mumbai
50,2033-02-12,506.5,residential,Hyderabad
50,2033-02-13,619.73,commercial,Chennai
50,2033-02-14,1056.29,industrial,Mumbai
50,2033-02-15,525.89,residential,Hyderabad
50,2033-02-16,767.84,commercial,Chennai
50,2033-02-17,965.45,industrial,Mumbai
50,2033-02-18,469.86,residential,Hyderabad
50,2033-02-19,721.8,commercial,Chennai
50,2033-02-20,1048.93,industrial,Mumbai
50,2033-02-21,599.54,residential,Hyderabad
50,2033-02-22,752.7,commercial,Chennai
50,2033-02-23,1009.6,industrial,Mumbai
50,2033-02-24,471.45,residential,Hyderabad
50,2033-02-25,753.6,commercial,Chennai
50,2033-02-26,956.79,industrial,Mumbai
50,2033-02-27,551.02,residential,Hyderabad
50,2033-02-28,664.97,commercial,Chennai
50,2033-03-01,1030.88,industrial,Mumbai
50,2033-03-02,486.17,residential,Hyderabad
50,2033-03-03,646.56,commercial,Chennai
50,2033-03-04,925.89,industrial,Mumbai
50,2033-03-05,429.51,residential,Hyderabad
50,2033-03-06,658.82,commercial,Chennai
50,2033-03-07,945.46,industrial,Mumbai
50,2033-03-08,421.45,residential,Hyderabad
50,2033-03-09,643.46,commercial,Chennai
50,2033-03-10,959.97,industrial,Mumbai
50,2033-03-11,380.02,residential,Hyderabad
50,2033-03-12,693.1,commercial,Chennai
50,2033-03-13,946.04,industrial,Mumbai
50,2033-03-14,449.98,residential,Hyderabad
50,2033-03-15,639.48,commercial,Chennai
50,2033-03-16,945.59,industrial,Mumbai
50,2033-03-17,472.58,residential,Hyderabad
50,2033-03-18,706.58,commercial,Chennai
50,2033-03-19,1119.56,industrial,Mumbai
50,2033-03-20,524.97,residential,Hyderabad
50,2033-03-21,755.57,commercial,Chennai
50,2033-03-22,1064.74,industrial,Mumbai
50,2033-03-23,552.02,residential,Hyderabad
50,2033-03-24,739.63,commercial,Chennai
50,2033-03-25,988.94,industrial,Mumbai
50,2033-03-26,587.16,residential,Hyderabad
50,2033-03-27,792.47,commercial,Chennai
50,2033-03-28,943.01,industrial,Mumbai
50,2033-03-29,459.02,residential,Hyderabad
50,2033-03-30,678.41,commercial,Chennai
50,2033-03-31,941.07,industrial,Mumbai
50,2033-04-01,490.8,residential,Hyderabad
50,2033-04-02,633.6,commercial,Chennai
50,2033-04-03,1043.09,industrial,Mumbai
50,2033-04-04,499.74,residential,Hyderabad
50,2033-04-05,658.29,commercial,Chennai
50,2033-04-06,990.68,industrial,Mumbai
50,2033-04-07,495.79,residential,Hyderabad
50,2033-04-08,633.01,commercial,Chennai
50,2033-04-09,928.79,industrial,Mumbai
50,2033-04-10,472.03,residential,Hyderabad
50,2033-04-11,712.09,commercial,Chennai
50,2033-04-12,992.77,industrial,Mumbai
50,2033-04-13,434.13,residential,Hyderabad
50,2033-04-14,675.08,commercial,Chennai
50,2033-04-15,1013.72,industrial,Mumbai
50,2033-04-16,522.23,residential,Hyderabad
50,2033-04-17,811.43,commercial,Chennai
50,2033-04-18,982.7,industrial,Mumbai
50,2033-04-19,562.05,residential,Hyderabad
50,2033-04-20,802.98,commercial,Chennai
50,2033-04-21,1133.66,industrial,Mumbai
50,2033-04-22,523.81,residential,Hyderabad
50,2033-04-23,754.72,commercial,Chennai
50,2033-04-24,1051.01,industrial,Mumbai
50,2033-04-25,527.54,residential,Hyderabad
50,2033-04-26,705.97,commercial,Chennai
50,2033-04-27,1016.64,industrial,Mumbai
50,2033-04-28,386.71,residential,Hyderabad
50,2033-04-29,704.06,commercial,Chennai
50,2033-04-30,971.02,industrial,Mumbai
50,2033-05-01,447.14,residential,Hyderabad
50,2033-05-02,729.24,commercial,Chennai
50,2033-05-03,913.29,industrial,Mumbai
50,2033-05-04,418.96,residential,Hyderabad
50,2033-05-05,711.59,commercial,Chennai
50,2033-05-06,897.64,industrial,Mumbai
50,2033-05-07,410.06,residential,Hyderabad
50,2033-05-08,629.38,commercial,Chennai
50,2033-05-09,973.96,industrial,Mumbai
50,2033-05-10,455.31,residential,Hyderabad
50,2033-05-11,603.22,commercial,Chennai
50,2033-05-12,942.44,industrial,Mumbai
50,2033-05-13,448.66,residential,Hyderabad
50,2033-05-14,679.07,commercial,Chennai
50,2033-05-15,1007.93,industrial,Mumbai
50,2033-05-16,515.45,residential,Hyderabad
50,2033-05-17,634.19,commercial,Chennai
50,2033-05-18,1052.67,industrial,Mumbai
50,2033-05-19,523.17,residential,Hyderabad
50,2033-05-20,769.31,commercial,Chennai
50,2033-05-21,1030.37,industrial,Mumbai
50,2033-05-22,553.13,residential,Hyderabad
50,2033-05-23,722.13,commercial,Chennai
50,2033-05-24,1049.78,industrial,Mumbai
50,2033-05-25,507.66,residential,Hyderabad
50,2033-05-26,672.38,commercial,Chennai
50,2033-05-27,1055.82,industrial,Mumbai
50,2033-05-28,488.63,residential,Hyderabad
50,2033-05-29,664.16,commercial,Chennai
50,2033-05-30,878.74,industrial,Mumbai
50,2033-05-31,367.71,residential,Hyderabad
50,2033-06-01,621.67,commercial,Chennai
50,2033-06-02,908.11,industrial,Mumbai
50,2033-06-03,371.93,residential,Hyderabad
50,2033-06-04,598.41,commercial,Chennai
50,2033-06-05,954.75,industrial,Mumbai
50,2033-06-06,419.62,residential,Hyderabad
50,2033-06-07,548.83,commercial,Chennai
50,2033-06-08,894.55,industrial,Mumbai
50,2033-06-09,372.97,residential,Hyderabad
50,2033-06-10,597.1,commercial,Chennai
50,2033-06-11,904.37,industrial,Mumbai
50,2033-06-12,410.57,residential,Hyderabad
50,2033-06-13,588.21,commercial,Chennai
50,2033-06-14,941.6,industrial,Mumbai
50,2033-06-15,431.67,residential,Hyderabad
50,2033-06-16,543.01,commercial,Chennai
50,2033-06-17,1046.77,industrial,Mumbai
50,2033-06-18,510.77,residential,Hyderabad
50,2033-06-19,652.65,commercial,Chennai
50,2033-06-20,966.76,industrial,Mumbai
50,2033-06-21,415.27,residential,Hyderabad
50,2033-06-22,724.01,commercial,Chennai
50,2033-06-23,1024.21,industrial,Mumbai
50,2033-06-24,445.11,residential,Hyderabad
50,2033-06-25,669.02,commercial,Chennai
50,2033-06-26,923.43,industrial,Mumbai
50,2033-06-27,350.83,residential,Hyderabad
50,2033-06-28,575.71,commercial,Chennai
50,2033-06-29,885.8,industrial,Mumbai
50,2033-06-30,351.57,residential,Hyderabad
50,2033-07-01,551.51,commercial,Chennai
50,2033-07-02,848.74,industrial,Mumbai
50,2033-07-03,343.19,residential,Hyderabad
50,2033-07-04,544.63,commercial,Chennai
50,2033-07-05,798.4,industrial,Mumbai
50,2033-07-06,312.6,residential,Hyderabad
50,2033-07-07,492.44,commercial,Chennai
50,2033-07-08,887.38,industrial,Mumbai
50,2033-07-09,270.1,residential,Hyderabad
50,2033-07-10,607.83,commercial,Chennai
50,2033-07-11,925.39,industrial,Mumbai
50,2033-07-12,366.56,residential,Hyderabad
50,2033-07-13,483.24,commercial,Chennai
50,2033-07-14,881.18,industrial,Mumbai
50,2033-07-15,400.46,residential,Hyderabad
50,2033-07-16,568.71,commercial,Chennai
50,2033-07-17,893.02,industrial,Mumbai
50,2033-07-18,477.45,residential,Hyderabad
50,2033-07-19,643.38,commercial,Chennai
50,2033-07-20,878.18,industrial,Mumbai
50,2033-07-21,347.48,residential,Hyderabad
50,2033-07-22,592.45,commercial,Chennai
50,2033-07-23,889.26,industrial,Mumbai
50,2033-07-24,408.3,residential,Hyderabad
50,2033-07-25,556.42,commercial,Chennai
50,2033-07-26,886.8,industrial,Mumbai
50,2033-07-27,431.82,residential,Hyderabad
50,2033-07-28,575.11,commercial,Chennai
50,2033-07-29,829.11,industrial,Mumbai
50,2033-07-30,313.16,residential,Hyderabad
50,2033-07-31,496.97,commercial,Chennai
50,2033-08-01,850.85,industrial,Mumbai
50,2033-08-02,272.83,residential,Hyderabad
50,2033-08-03,496.12,commercial,Chennai
50,2033-08-04,794.94,industrial,Mumbai
50,2033-08-05,273.6,residential,Hyderabad
50,2033-08-06,441.64,commercial,Chennai
50,2033-08-07,814.23,industrial,Mumbai
50,2033-08-08,305.29,residential,Hyderabad
50,2033-08-09,535.47,commercial,Chennai
50,2033-08-10,802.74,industrial,Mumbai
50,2033-08-11,382.03,residential,Hyderabad
50,2033-08-12,507.25,commercial,Chennai
50,2033-08-13,919.49,industrial,Mumbai
50,2033-08-14,288.93,residential,Hyderabad
50,2033-08-15,582.78,commercial,Chennai
50,2033-08-16,889.36,industrial,Mumbai
50,2033-08-17,341.61,residential,Hyderabad
50,2033-08-18,591.44,commercial,Chennai
50,2033-08-19,924.52,industrial,Mumbai
50,2033-08-20,281.39,residential,Hyderabad
50,2033-08-21,584.85,commercial,Chennai
50,2033-08-22,757.81,industrial,Mumbai
50,2033-08-23,310.11,residential,Hyderabad
50,2033-08-24,603.85,commercial,Chennai
50,2033-08-25,804.49,industrial,Mumbai
50,2033-08-26,269.45,residential,Hyderabad
50,2033-08-27,497.16,commercial,Chennai
50,2033-08-28,876.95,industrial,Mumbai
50,2033-08-29,211.03,residential,Hyderabad
50,2033-08-30,433.62,commercial,Chennai
50,2033-08-31,828.59,industrial,Mumbai
50,2033-09-01,337.95,residential,Hyderabad
50,2033-09-02,456.55,commercial,Chennai
50,2033-09-03,710.38,industrial,Mumbai
50,2033-09-04,345.22,residential,Hyderabad
50,2033-09-05,528.72,commercial,Chennai
50,2033-09-06,797.57,industrial,Mumbai
50,2033-09-07,245.04,residential,Hyderabad
50,2033-09-08,484.01,commercial,Chennai
50,2033-09-09,788.91,industrial,Mumbai
50,2033-09-10,318.4,residential,Hyderabad
50,2033-09-11,573.07,commercial,Chennai
50,2033-09-12,859.64,industrial,Mumbai
50,2033-09-13,289.95,residential,Hyderabad
50,2033-09-14,595.42,commercial,Chennai
50,2033-09-15,858.61,industrial,Mumbai
50,2033-09-16,377.43,residential,Hyderabad
50,2033-09-17,610.43,commercial,Chennai
50,2033-09-18,806.97,industrial,Mumbai
50,2033-09-19,347.52,residential,Hyderabad
50,2033-09-20,523.18,commercial,Chennai
50,2033-09-21,775.33,industrial,Mumbai
50,2033-09-22,343.93,residential,Hyderabad
50,2033-09-23,621.29,commercial,Chennai
50,2033-09-24,737.13,industrial,Mumbai
50,2033-09-25,298.92,residential,Hyderabad
50,2033-09-26,515.34,commercial,Chennai
50,2033-09-27,784.63,industrial,Mumbai
50,2033-09-28,266.09,residential,Hyderabad
50,2033-09-29,410.88,commercial,Chennai
50,2033-09-30,766.03,industrial,Mumbai
50,2033-10-01,222.25,residential,Hyderabad
50,2033-10-02,362.83,commercial,Chennai
50,2033-10-03,798.33,industrial,Mumbai
50,2033-10-04,291.19,residential,Hyderabad
50,2033-10-05,459.34,commercial,Chennai
50,2033-10-06,772.78,industrial,Mumbai
50,2033-10-07,314.59,residential,Hyderabad
50,2033-10-08,489.9,commercial,Chennai
50,2033-10-09,827.32,industrial,Mumbai
50,2033-10-10,289.97,residential,Hyderabad
50,2033-10-11,565.09,commercial,Chennai
50,2033-10-12,835.76,industrial,Mumbai
50,2033-10-13,340.14,residential,Hyderabad
50,2033-10-14,489.78,commercial,Chennai
50,2033-10-15,858.67,industrial,Mumbai
50,2033-10-16,318.65,residential,Hyderabad
50,2033-10-17,529.09,commercial,Chennai
50,2033-10-18,822.55,industrial,Mumbai
50,2033-10-19,310.92,residential,Hyderabad
50,2033-10-20,634.91,commercial,Chennai
50,2033-10-21,897.66,industrial,Mumbai
50,2033-10-22,414.11,residential,Hyderabad
50,2033-10-23,480.01,commercial,Chennai
50,2033-10-24,822.54,industrial,Mumbai
50,2033-10-25,258.3,residential,Hyderabad
50,2033-10-26,472.58,commercial,Chennai
50,2033-10-27,754.53,industrial,Mumbai
50,2033-10-28,332.6,residential,Hyderabad
50,2033-10-29,460.25,commercial,Chennai
50,2033-10-30,813.56,industrial,Mumbai
50,2033-10-31,291.63,residential,Hyderabad
50,2033-11-01,558.36,commercial,Chennai
50,2033-11-02,707.98,industrial,Mumbai
50,2033-11-03,320.67,residential,Hyderabad
50,2033-11-04,521.4,commercial,Chennai
50,2033-11-05,743.77,industrial,Mumbai
50,2033-11-06,331.8,residential,Hyderabad
50,2033-11-07,515.08,commercial,Chennai
50,2033-11-08,803.56,industrial,Mumbai
50,2033-11-09,291.21,residential,Hyderabad
50,2033-11-10,506.93,commercial,Chennai
50,2033-11-11,928.79,industrial,Mumbai
50,2033-11-12,357.05,residential,Hyderabad
50,2033-11-13,597.28,commercial,Chennai
50,2033-11-14,841.72,industrial,Mumbai
50,2033-11-15,347.65,residential,Hyderabad
50,2033-11-16,625.56,commercial,Chennai
50,2033-11-17,829.58,industrial,Mumbai
50,2033-11-18,366.08,residential,Hyderabad
50,2033-11-19,581.12,commercial,Chennai
50,2033-11-20,879.41,industrial,Mumbai
50,2033-11-21,361.38,residential,Hyderabad
50,2033-11-22,576.7,commercial,Chennai
50,2033-11-23,880.03,industrial,Mumbai
50,2033-11-24,372.72,residential,Hyderabad
50,2033-11-25,494.93,commercial,Chennai
50,2033-11-26,814.5,industrial,Mumbai
50,2033-11-27,366.06,residential,Hyderabad
50,2033-11-28,547.76,commercial,Chennai
50,2033-11-29,752.41,industrial,Mumbai
50,2033-11-30,318.63,residential,Hyderabad
50,2033-12-01,424.79,commercial,Chennai
50,2033-12-02,807.33,industrial,Mumbai
50,2033-12-03,385.08,residential,Hyderabad
50,2033-12-04,477.06,commercial,Chennai
50,2033-12-05,789.32,industrial,Mumbai
50,2033-12-06,362.61,residential,Hyderabad
50,2033-12-07,480.98,commercial,Chennai
50,2033-12-08,828.93,industrial,Mumbai
50,2033-12-09,390.11,residential,Hyderabad
50,2033-12-10,552.9,commercial,Chennai
50,2033-12-11,880.41,industrial,Mumbai
50,2033-12-12,430.31,residential,Hyderabad
50,2033-12-13,626.82,commercial,Chennai
50,2033-12-14,928.44,industrial,Mumbai
50,2033-12-15,410.12,residential,Hyderabad
50,2033-12-16,642.34,commercial,Chennai
50,2033-12-17,924.27,industrial,Mumbai
50,2033-12-18,447.04,residential,Hyderabad
50,2033-12-19,606.29,commercial,Chennai
50,2033-12-20,914.42,industrial,Mumbai
50,2033-12-21,376.06,residential,Hyderabad
50,2033-12-22,606.92,commercial,Chennai
50,2033-12-23,867.65,industrial,Mumbai
50,2033-12-24,346.84,residential,Hyderabad
50,2033-12-25,593.07,commercial,Chennai
50,2033-12-26,883.01,industrial,Mumbai
50,2033-12-27,398.48,residential,Hyderabad
50,2033-12-28,543.88,commercial,Chennai
50,2033-12-29,873.02,industrial,Mumbai
50,2033-12-30,376.2,residential,Hyderabad
50,2033-12-31,571.51,commercial,Chennai
50,2034-01-01,822.41,industrial,Mumbai
50,2034-01-02,365.3,residential,Hyderabad
50,2034-01-03,579.86,commercial,Chennai
50,2034-01-04,873.44,industrial,Mumbai
50,2034-01-05,299.17,residential,Hyderabad
50,2034-01-06,599.81,commercial,Chennai
50,2034-01-07,993.54,industrial,Mumbai
50,2034-01-08,402.73,residential,Hyderabad
50,2034-01-09,600.1,commercial,Chennai
50,2034-01-10,955.78,industrial,Mumbai
50,2034-01-11,464.08,residential,Hyderabad
50,2034-01-12,708.73,commercial,Chennai
50,2034-01-13,918.52,industrial,Mumbai
50,2034-01-14,504.0,residential,Hyderabad
50,2034-01-15,702.19,commercial,Chennai
50,2034-01-16,974.53,industrial,Mumbai
50,2034-01-17,493.23,residential,Hyderabad
50,2034-01-18,718.23,commercial,Chennai
50,2034-01-19,1007.42,industrial,Mumbai
50,2034-01-20,420.64,residential,Hyderabad
50,2034-01-21,691.71,commercial,Chennai
50,2034-01-22,947.96,industrial,Mumbai
50,2034-01-23,444.63,residential,Hyderabad
50,2034-01-24,635.81,commercial,Chennai
50,2034-01-25,918.48,industrial,Mumbai
50,2034-01-26,464.63,residential,Hyderabad
50,2034-01-27,607.37,commercial,Chennai
50,2034-01-28,861.29,industrial,Mumbai
50,2034-01-29,387.57,residential,Hyderabad
50,2034-01-30,609.76,commercial,Chennai
50,2034-01-31,953.24,industrial,Mumbai
50,2034-02-01,431.81,residential,Hyderabad
50,2034-02-02,579.35,commercial,Chennai
50,2034-02-03,1020.33,industrial,Mumbai
50,2034-02-04,440.67,residential,Hyderabad
50,2034-02-05,691.53,commercial,Chennai
50,2034-02-06,945.74,industrial,Mumbai
50,2034-02-07,484.88,residential,Hyderabad
50,2034-02-08,708.84,commercial,Chennai
50,2034-02-09,1035.23,industrial,Mumbai
50,2034-02-10,539.13,residential,Hyderabad
50,2034-02-11,740.75,commercial,Chennai
50,2034-02-12,1000.64,industrial,Mumbai
50,2034-02-13,495.85,residential,Hyderabad
50,2034-02-14,735.39,commercial,Chennai
50,2034-02-15,1060.59,industrial,Mumbai
50,2034-02-16,513.34,residential,Hyderabad
50,2034-02-17,761.74,commercial,Chennai
50,2034-02-18,1072.2,industrial,Mumbai
50,2034-02-19,470.77,residential,Hyderabad
50,2034-02-20,665.95,commercial,Chennai
50,2034-02-21,984.92,industrial,Mumbai
50,2034-02-22,493.46,residential,Hyderabad
50,2034-02-23,650.77,commercial,Chennai
50,2034-02-24,1016.87,industrial,Mumbai
50,2034-02-25,471.64,residential,Hyderabad
50,2034-02-26,649.4,commercial,Chennai
50,2034-02-27,885.14,industrial,Mumbai
50,2034-02-28,386.56,residential,Hyderabad
50,2034-03-01,649.1,commercial,Chennai
50,2034-03-02,853.38,industrial,Mumbai
50,2034-03-03,482.15,residential,Hyderabad
50,2034-03-04,640.34,commercial,Chennai
50,2034-03-05,1083.27,industrial,Mumbai
50,2034-03-06,554.34,residential,Hyderabad
50,2034-03-07,664.5,commercial,Chennai
50,2034-03-08,978.11,industrial,Mumbai
50,2034-03-09,533.21,residential,Hyderabad
50,2034-03-10,772.51,commercial,Chennai
50,2034-03-11,949.38,industrial,Mumbai
50,2034-03-12,453.04,residential,Hyderabad
50,2034-03-13,707.9,commercial,Chennai
50,2034-03-14,1062.72,industrial,Mumbai
50,2034-03-15,564.0,residential,Hyderabad
50,2034-03-16,789.52,commercial,Chennai
50,2034-03-17,999.15,industrial,Mumbai
50,2034-03-18,452.69,residential,Hyderabad
50,2034-03-19,775.75,commercial,Chennai
50,2034-03-20,1002.48,industrial,Mumbai
50,2034-03-21,447.38,residential,Hyderabad
50,2034-03-22,725.13,commercial,Chennai
50,2034-03-23,1041.34,industrial,Mumbai
50,2034-03-24,494.54,residential,Hyderabad
50,2034-03-25,670.88,commercial,Chennai
50,2034-03-26,973.02,industrial,Mumbai
50,2034-03-27,455.63,residential,Hyderabad
50,2034-03-28,608.85,commercial,Chennai
50,2034-03-29,928.09,industrial,Mumbai
50,2034-03-30,473.3,residential,Hyderabad
50,2034-03-31,663.13,commercial,Chennai
50,2034-04-01,956.95,industrial,Mumbai
50,2034-04-02,412.53,residential,Hyderabad
50,2034-04-03,649.23,commercial,Chennai
50,2034-04-04,875.43,industrial,Mumbai
50,2034-04-05,477.26,residential,Hyderabad
50,2034-04-06,736.14,commercial,Chennai
50,2034-04-07,929.75,industrial,Mumbai
50,2034-04-08,475.43,residential,Hyderabad
50,2034-04-09,722.15,commercial,Chennai
50,2034-04-10,1068.74,industrial,Mumbai
50,2034-04-11,509.42,residential,Hyderabad
50,2034-04-12,707.07,commercial,Chennai
50,2034-04-13,961.76,industrial,Mumbai
50,2034-04-14,548.48,residential,Hyderabad
50,2034-04-15,827.76,commercial,Chennai
50,2034-04-16,1056.69,industrial,Mumbai
50,2034-04-17,542.03,residential,Hyderabad
50,2034-04-18,751.02,commercial,Chennai
50,2034-04-19,1030.99,industrial,Mumbai
50,2034-04-20,490.56,residential,Hyderabad
50,2034-04-21,746.34,commercial,Chennai
50,2034-04-22,1011.86,industrial,Mumbai
50,2034-04-23,492.46,residential,Hyderabad
50,2034-04-24,641.65,commercial,Chennai
50,2034-04-25,1022.14,industrial,Mumbai
50,2034-04-26,486.78,residential,Hyderabad
50,2034-04-27,629.53,commercial,Chennai
50,2034-04-28,984.77,industrial,Mumbai
50,2034-04-29,419.71,residential,Hyderabad
50,2034-04-30,605.31,commercial,Chennai
50,2034-05-01,905.32,industrial,Mumbai
50,2034-05-02,366.13,residential,Hyderabad
50,2034-05-03,659.15,commercial,Chennai
50,2034-05-04,872.23,industrial,Mumbai
50,2034-05-05,403.13,residential,Hyderabad
50,2034-05-06,577.29,commercial,Chennai
50,2034-05-07,965.78,industrial,Mumbai
50,2034-05-08,472.55,residential,Hyderabad
50,2034-05-09,674.82,commercial,Chennai
50,2034-05-10,955.02,industrial,Mumbai
50,2034-05-11,457.77,residential,Hyderabad
50,2034-05-12,729.85,commercial,Chennai
50,2034-05-13,994.23,industrial,Mumbai
50,2034-05-14,531.97,residential,Hyderabad
50,2034-05-15,684.87,commercial,Chennai
50,2034-05-16,1026.3,industrial,Mumbai
50,2034-05-17,567.76,residential,Hyderabad
50,2034-05-18,733.55,commercial,Chennai
50,2034-05-19,986.18,industrial,Mumbai
50,2034-05-20,503.88,residential,Hyderabad
50,2034-05-21,673.59,commercial,Chennai
50,2034-05-22,972.24,industrial,Mumbai
50,2034-05-23,447.14,residential,Hyderabad
50,2034-05-24,641.81,commercial,Chennai
50,2034-05-25,945.52,industrial,Mumbai
50,2034-05-26,386.84,residential,Hyderabad
50,2034-05-27,576.73,commercial,Chennai
50,2034-05-28,854.23,industrial,Mumbai
50,2034-05-29,340.04,residential,Hyderabad
50,2034-05-30,551.71,commercial,Chennai
50,2034-05-31,905.28,industrial,Mumbai
50,2034-06-01,363.85,residential,Hyderabad
50,2034-06-02,622.83,commercial,Chennai
50,2034-06-03,908.28,industrial,Mumbai
50,2034-06-04,334.37,residential,Hyderabad
50,2034-06-05,646.8,commercial,Chennai
50,2034-06-06,961.4,industrial,Mumbai
50,2034-06-07,398.02,residential,Hyderabad
50,2034-06-08,663.37,commercial,Chennai
50,2034-06-09,920.64,industrial,Mumbai
50,2034-06-10,466.24,residential,Hyderabad
50,2034-06-11,617.89,commercial,Chennai
50,2034-06-12,901.25,industrial,Mumbai
50,2034-06-13,460.26,residential,Hyderabad
50,2034-06-14,671.14,commercial,Chennai
50,2034-06-15,958.52,industrial,Mumbai
50,2034-06-16,423.22,residential,Hyderabad
50,2034-06-17,648.66,commercial,Chennai
50,2034-06-18,967.6,industrial,Mumbai
50,2034-06-19,445.57,residential,Hyderabad
50,2034-06-20,643.92,commercial,Chennai
50,2034-06-21,898.17,industrial,Mumbai
50,2034-06-22,459.74,residential,Hyderabad
50,2034-06-23,553.72,commercial,Chennai
50,2034-06-24,908.62,industrial,Mumbai
50,2034-06-25,425.63,residential,Hyderabad
50,2034-06-26,588.1,commercial,Chennai
50,2034-06-27,852.9,industrial,Mumbai
50,2034-06-28,333.9,residential,Hyderabad
50,2034-06-29,592.58,commercial,Chennai
50,2034-06-30,792.49,industrial,Mumbai
50,2034-07-01,311.06,residential,Hyderabad
50,2034-07-02,536.49,commercial,Chennai
50,2034-07-03,906.33,industrial,Mumbai
50,2034-07-04,378.06,residential,Hyderabad
50,2034-07-05,531.49,commercial,Chennai
50,2034-07-06,866.03,industrial,Mumbai
50,2034-07-07,362.55,residential,Hyderabad
50,2034-07-08,567.42,commercial,Chennai
50,2034-07-09,943.21,industrial,Mumbai
50,2034-07-10,356.54,residential,Hyderabad
50,2034-07-11,681.84,commercial,Chennai
50,2034-07-12,955.08,industrial,Mumbai
50,2034-07-13,468.16,residential,Hyderabad
50,2034-07-14,606.51,commercial,Chennai
50,2034-07-15,917.36,industrial,Mumbai
50,2034-07-16,362.2,residential,Hyderabad
50,2034-07-17,592.64,commercial,Chennai
50,2034-07-18,925.59,industrial,Mumbai
50,2034-07-19,448.29,residential,Hyderabad
50,2034-07-20,541.49,commercial,Chennai
50,2034-07-21,859.6,industrial,Mumbai
50,2034-07-22,356.18,residential,Hyderabad
50,2034-07-23,494.41,commercial,Chennai
50,2034-07-24,862.38,industrial,Mumbai
50,2034-07-25,299.15,residential,Hyderabad
50,2034-07-26,510.98,commercial,Chennai
50,2034-07-27,793.03,industrial,Mumbai
50,2034-07-28,273.76,residential,Hyderabad
50,2034-07-29,501.36,commercial,Chennai
50,2034-07-30,791.53,industrial,Mumbai
50,2034-07-31,285.97,residential,Hyderabad
50,2034-08-01,474.49,commercial,Chennai
50,2034-08-02,821.1,industrial,Mumbai
50,2034-08-03,380.8,residential,Hyderabad
50,2034-08-04,527.88,commercial,Chennai
50,2034-08-05,870.67,industrial,Mumbai
50,2034-08-06,284.23,residential,Hyderabad
50,2034-08-07,555.18,commercial,Chennai
50,2034-08-08,813.57,industrial,Mumbai
50,2034-08-09,306.11,residential,Hyderabad
50,2034-08-10,542.07,commercial,Chennai
50,2034-08-11,924.17,industrial,Mumbai
50,2034-08-12,417.48,residential,Hyderabad
50,2034-08-13,590.12,commercial,Chennai
50,2034-08-14,817.86,industrial,Mumbai
50,2034-08-15,367.93,residential,Hyderabad
50,2034-08-16,582.41,commercial,Chennai
50,2034-08-17,870.06,industrial,Mumbai
50,2034-08-18,280.37,residential,Hyderabad
50,2034-08-19,508.34,commercial,Chennai
50,2034-08-20,830.34,industrial,Mumbai
50,2034-08-21,342.89,residential,Hyderabad
50,2034-08-22,422.14,commercial,Chennai
50,2034-08-23,792.53,industrial,Mumbai
50,2034-08-24,294.68,residential,Hyderabad
50,2034-08-25,514.19,commercial,Chennai
50,2034-08-26,800.82,industrial,Mumbai
50,2034-08-27,291.23,residential,Hyderabad
50,2034-08-28,432.84,commercial,Chennai
50,2034-08-29,687.64,industrial,Mumbai
50,2034-08-30,249.55,residential,Hyderabad
50,2034-08-31,508.76,commercial,Chennai
50,2034-09-01,829.78,industrial,Mumbai
50,2034-09-02,309.45,residential,Hyderabad
50,2034-09-03,506.5,commercial,Chennai
50,2034-09-04,813.73,industrial,Mumbai
50,2034-09-05,286.0,residential,Hyderabad
50,2034-09-06,512.76,commercial,Chennai
50,2034-09-07,894.03,industrial,Mumbai
50,2034-09-08,298.0,residential,Hyderabad
50,2034-09-09,607.47,commercial,Chennai
50,2034-09-10,835.58,industrial,Mumbai
50,2034-09-11,405.2,residential,Hyderabad
50,2034-09-12,497.58,commercial,Chennai
50,2034-09-13,876.82,industrial,Mumbai
50,2034-09-14,321.29,residential,Hyderabad
50,2034-09-15,489.48,commercial,Chennai
50,2034-09-16,848.3,industrial,Mumbai
50,2034-09-17,371.81,residential,Hyderabad
50,2034-09-18,488.25,commercial,Chennai
50,2034-09-19,751.84,industrial,Mumbai
50,2034-09-20,297.46,residential,Hyderabad
50,2034-09-21,487.0,commercial,Chennai
50,2034-09-22,802.27,industrial,Mumbai
50,2034-09-23,309.08,residential,Hyderabad
50,2034-09-24,460.8,commercial,Chennai
50,2034-09-25,831.13,industrial,Mumbai
50,2034-09-26,261.53,residential,Hyderabad
50,2034-09-27,436.46,commercial,Chennai
50,2034-09-28,685.82,industrial,Mumbai
50,2034-09-29,241.94,residential,Hyderabad
50,2034-09-30,443.27,commercial,Chennai
50,2034-10-01,801.33,industrial,Mumbai
50,2034-10-02,289.27,residential,Hyderabad
50,2034-10-03,432.76,commercial,Chennai
50,2034-10-04,796.9,industrial,Mumbai
50,2034-10-05,327.44,residential,Hyderabad
50,2034-10-06,572.29,commercial,Chennai
50,2034-10-07,856.84,industrial,Mumbai
50,2034-10-08,361.09,residential,Hyderabad
50,2034-10-09,541.11,commercial,Chennai
50,2034-10-10,860.7,industrial,Mumbai
50,2034-10-11,399.75,residential,Hyderabad
50,2034-10-12,499.0,commercial,Chennai
50,2034-10-13,838.74,industrial,Mumbai
50,2034-10-14,320.08,residential,Hyderabad
50,2034-10-15,562.35,commercial,Chennai
50,2034-10-16,890.74,industrial,Mumbai
50,2034-10-17,310.4,residential,Hyderabad
50,2034-10-18,430.17,commercial,Chennai
50,2034-10-19,799.92,industrial,Mumbai
50,2034-10-20,343.16,residential,Hyderabad
50,2034-10-21,518.36,commercial,Chennai
50,2034-10-22,804.69,industrial,Mumbai
50,2034-10-23,268.0,residential,Hyderabad
50,2034-10-24,420.98,commercial,Chennai
50,2034-10-25,787.35,industrial,Mumbai
50,2034-10-26,229.88,residential,Hyderabad
50,2034-10-27,549.23,commercial,Chennai
50,2034-10-28,785.51,industrial,Mumbai
50,2034-10-29,242.48,residential,Hyderabad
50,2034-10-30,446.37,commercial,Chennai
50,2034-10-31,774.14,industrial,Mumbai
50,2034-11-01,276.97,residential,Hyderabad
50,2034-11-02,541.22,commercial,Chennai
50,2034-11-03,814.91,industrial,Mumbai
50,2034-11-04,289.58,residential,Hyderabad
50,2034-11-05,605.88,commercial,Chennai
50,2034-11-06,843.21,industrial,Mumbai
50,2034-11-07,382.11,residential,Hyderabad
50,2034-11-08,535.89,commercial,Chennai
50,2034-11-09,882.0,industrial,Mumbai
50,2034-11-10,385.3,residential,Hyderabad
50,2034-11-11,500.6,commercial,Chennai
50,2034-11-12,957.97,industrial,Mumbai
50,2034-11-13,428.01,residential,Hyderabad
50,2034-11-14,557.47,commercial,Chennai
50,2034-11-15,824.36,industrial,Mumbai
50,2034-11-16,375.85,residential,Hyderabad
50,2034-11-17,557.64,commercial,Chennai
50,2034-11-18,859.76,industrial,Mumbai
50,2034-11-19,344.12,residential,Hyderabad
50,2034-11-20,547.65,commercial,Chennai
50,2034-11-21,876.71,industrial,Mumbai
50,2034-11-22,333.86,residential,Hyderabad
50,2034-11-23,462.78,commercial,Chennai
50,2034-11-24,854.53,industrial,Mumbai
50,2034-11-25,362.83,residential,Hyderabad
50,2034-11-26,622.56,commercial,Chennai
50,2034-11-27,752.99,industrial,Mumbai
50,2034-11-28,311.3,residential,Hyderabad
50,2034-11-29,424.04,commercial,Chennai
50,2034-11-30,837.1,industrial,Mumbai
50,2034-12-01,302.33,residential,Hyderabad
50,2034-12-02,611.78,commercial,Chennai
50,2034-12-03,815.34,industrial,Mumbai
50,2034-12-04,290.71,residential,Hyderabad
50,2034-12-05,551.4,commercial,Chennai
50,2034-12-06,802.75,industrial,Mumbai
50,2034-12-07,422.46,residential,Hyderabad
50,2034-12-08,519.19,commercial,Chennai
50,2034-12-09,910.69,industrial,Mumbai
50,2034-12-10,332.31,residential,Hyderabad
50,2034-12-11,606.42,commercial,Chennai
50,2034-12-12,986.61,industrial,Mumbai
50,2034-12-13,434.78,residential,Hyderabad
50,2034-12-14,583.23,commercial,Chennai
50,2034-12-15,912.04,industrial,Mumbai
50,2034-12-16,407.92,residential,Hyderabad
50,2034-12-17,618.73,commercial,Chennai
50,2034-12-18,836.9,industrial,Mumbai
50,2034-12-19,406.57,residential,Hyderabad
50,2034-12-20,466.0,commercial,Chennai
50,2034-12-21,840.74,industrial,Mumbai
50,2034-12-22,339.06,residential,Hyderabad
50,2034-12-23,577.87,commercial,Chennai
50,2034-12-24,849.01,industrial,Mumbai
50,2034-12-25,289.34,residential,Hyderabad
50,2034-12-26,505.71,commercial,Chennai
50,2034-12-27,854.78,industrial,Mumbai
50,2034-12-28,347.56,residential,Hyderabad
50,2034-12-29,533.53,commercial,Chennai
50,2034-12-30,845.33,industrial,Mumbai
50,2034-12-31,401.9,residential,Hyderabad
50,2035-01-01,564.12,commercial,Chennai
50,2035-01-02,892.96,industrial,Mumbai
50,2035-01-03,495.39,residential,Hyderabad
50,2035-01-04,563.76,commercial,Chennai
50,2035-01-05,858.28,industrial,Mumbai
50,2035-01-06,474.46,residential,Hyderabad
50,2035-01-07,625.44,commercial,Chennai
50,2035-01-08,947.7,industrial,Mumbai
50,2035-01-09,435.13,residential,Hyderabad
50,2035-01-10,659.84,commercial,Chennai
50,2035-01-11,1035.86,industrial,Mumbai
50,2035-01-12,503.51,residential,Hyderabad
50,2035-01-13,703.33,commercial,Chennai
50,2035-01-14,907.7,industrial,Mumbai
50,2035-01-15,412.19,residential,Hyderabad
50,2035-01-16,537.27,commercial,Chennai
50,2035-01-17,910.15,industrial,Mumbai
50,2035-01-18,472.02,residential,Hyderabad
50,2035-01-19,645.65,commercial,Chennai
50,2035-01-20,907.78,industrial,Mumbai
50,2035-01-21,408.29,residential,Hyderabad
50,2035-01-22,575.44,commercial,Chennai
50,2035-01-23,906.61,industrial,Mumbai
50,2035-01-24,426.36,residential,Hyderabad
50,2035-01-25,530.46,commercial,Chennai
50,2035-01-26,908.61,industrial,Mumbai
50,2035-01-27,437.62,residential,Hyderabad
50,2035-01-28,589.47,commercial,Chennai
50,2035-01-29,941.74,industrial,Mumbai
50,2035-01-30,535.54,residential,Hyderabad
50,2035-01-31,629.29,commercial,Chennai
50,2035-02-01,960.58,industrial,Mumbai
50,2035-02-02,427.15,residential,Hyderabad
50,2035-02-03,675.73,commercial,Chennai
50,2035-02-04,998.22,industrial,Mumbai
50,2035-02-05,498.03,residential,Hyderabad
50,2035-02-06,658.57,commercial,Chennai
50,2035-02-07,1015.1,industrial,Mumbai
50,2035-02-08,570.9,residential,Hyderabad
50,2035-02-09,733.83,commercial,Chennai
50,2035-02-10,1055.65,industrial,Mumbai
50,2035-02-11,506.78,residential,Hyderabad
50,2035-02-12,743.24,commercial,Chennai
50,2035-02-13,1019.49,industrial,Mumbai
50,2035-02-14,463.72,residential,Hyderabad
50,2035-02-15,706.62,commercial,Chennai
50,2035-02-16,945.42,industrial,Mumbai
50,2035-02-17,450.52,residential,Hyderabad
50,2035-02-18,674.12,commercial,Chennai
50,2035-02-19,969.58,industrial,Mumbai
50,2035-02-20,402.14,residential,Hyderabad
50,2035-02-21,685.14,commercial,Chennai
50,2035-02-22,960.73,industrial,Mumbai
50,2035-02-23,406.41,residential,Hyderabad
50,2035-02-24,571.89,commercial,Chennai
50,2035-02-25,928.54,industrial,Mumbai
50,2035-02-26,419.59,residential,Hyderabad
50,2035-02-27,647.1,commercial,Chennai
50,2035-02-28,935.06,industrial,Mumbai
50,2035-03-01,377.9,residential,Hyderabad
50,2035-03-02,652.54,commercial,Chennai
50,2035-03-03,966.58,industrial,Mumbai
50,2035-03-04,515.31,residential,Hyderabad
50,2035-03-05,673.17,commercial,Chennai
50,2035-03-06,1078.9,industrial,Mumbai
50,2035-03-07,445.02,residential,Hyderabad
50,2035-03-08,782.36,commercial,Chennai
50,2035-03-09,1027.71,industrial,Mumbai
50,2035-03-10,575.92,residential,Hyderabad
50,2035-03-11,747.48,commercial,Chennai
50,2035-03-12,1090.41,industrial,Mumbai
50,2035-03-13,527.68,residential,Hyderabad
50,2035-03-14,695.47,commercial,Chennai
50,2035-03-15,1090.55,industrial,Mumbai
50,2035-03-16,521.86,residential,Hyderabad
50,2035-03-17,726.61,commercial,Chennai
50,2035-03-18,1057.57,industrial,Mumbai
50,2035-03-19,456.85,residential,Hyderabad
50,2035-03-20,711.87,commercial,Chennai
50,2035-03-21,954.8,industrial,Mumbai
50,2035-03-22,464.32,residential,Hyderabad
50,2035-03-23,664.96,commercial,Chennai
50,2035-03-24,896.11,industrial,Mumbai
50,2035-03-25,420.89,residential,Hyderabad
50,2035-03-26,704.05,commercial,Chennai
50,2035-03-27,985.57,industrial,Mumbai
50,2035-03-28,449.87,residential,Hyderabad
50,2035-03-29,666.4,commercial,Chennai
50,2035-03-30,951.07,industrial,Mumbai
50,2035-03-31,524.87,residential,Hyderabad
50,2035-04-01,671.6,commercial,Chennai
50,2035-04-02,998.77,industrial,Mumbai
50,2035-04-03,545.63,residential,Hyderabad
50,2035-04-04,678.97,commercial,Chennai
50,2035-04-05,1082.2,industrial,Mumbai
50,2035-04-06,467.5,residential,Hyderabad
50,2035-04-07,801.45,commercial,Chennai
50,2035-04-08,1027.26,industrial,Mumbai
50,2035-04-09,536.44,residential,Hyderabad
50,2035-04-10,672.42,commercial,Chennai
50,2035-04-11,1029.5,industrial,Mumbai
50,2035-04-12,503.56,residential,Hyderabad
50,2035-04-13,716.21,commercial,Chennai
50,2035-04-14,1028.46,industrial,Mumbai
50,2035-04-15,564.05,residential,Hyderabad
50,2035-04-16,724.51,commercial,Chennai
50,2035-04-17,1018.07,industrial,Mumbai
50,2035-04-18,451.02,residential,Hyderabad
50,2035-04-19,648.65,commercial,Chennai
50,2035-04-20,1045.3,industrial,Mumbai
50,2035-04-21,434.28,residential,Hyderabad
50,2035-04-22,721.52,commercial,Chennai
50,2035-04-23,938.73,industrial,Mumbai
50,2035-04-24,443.6,residential,Hyderabad
50,2035-04-25,683.42,commercial,Chennai
50,2035-04-26,990.73,industrial,Mumbai
50,2035-04-27,436.82,residential,Hyderabad
50,2035-04-28,629.17,commercial,Chennai
50,2035-04-29,947.78,industrial,Mumbai
50,2035-04-30,470.44,residential,Hyderabad
50,2035-05-01,700.75,commercial,Chennai
50,2035-05-02,974.3,industrial,Mumbai
50,2035-05-03,508.35,residential,Hyderabad
50,2035-05-04,758.57,commercial,Chennai
50,2035-05-05,1017.24,industrial,Mumbai
50,2035-05-06,522.5,residential,Hyderabad
50,2035-05-07,656.02,commercial,Chennai
50,2035-05-08,916.64,industrial,Mumbai
50,2035-05-09,540.58,residential,Hyderabad
50,2035-05-10,722.32,commercial,Chennai
50,2035-05-11,1004.4,industrial,Mumbai
50,2035-05-12,531.42,residential,Hyderabad
50,2035-05-13,713.84,commercial,Chennai
50,2035-05-14,1054.04,industrial,Mumbai
50,2035-05-15,503.39,residential,Hyderabad
50,2035-05-16,659.79,commercial,Chennai
50,2035-05-17,1018.08,industrial,Mumbai
50,2035-05-18,458.12,residential,Hyderabad
50,2035-05-19,676.18,commercial,Chennai
50,2035-05-20,924.77,industrial,Mumbai
50,2035-05-21,407.49,residential,Hyderabad
50,2035-05-22,627.74,commercial,Chennai
50,2035-05-23,917.37,industrial,Mumbai
50,2035-05-24,430.42,residential,Hyderabad
50,2035-05-25,596.91,commercial,Chennai
50,2035-05-26,832.78,industrial,Mumbai
50,2035-05-27,389.66,residential,Hyderabad
50,2035-05-28,641.52,commercial,Chennai
50,2035-05-29,902.55,industrial,Mumbai
50,2035-05-30,410.88,residential,Hyderabad
50,2035-05-31,667.75,commercial,Chennai
50,2035-06-01,908.24,industrial,Mumbai
50,2035-06-02,383.88,residential,Hyderabad
50,2035-06-03,648.02,commercial,Chennai
50,2035-06-04,943.47,industrial,Mumbai
50,2035-06-05,431.68,residential,Hyderabad
50,2035-06-06,669.5,commercial,Chennai
50,2035-06-07,1000.73,industrial,Mumbai
50,2035-06-08,483.35,residential,Hyderabad
50,2035-06-09,696.57,commercial,Chennai
50,2035-06-10,1055.2,industrial,Mumbai
50,2035-06-11,465.15,residential,Hyderabad
50,2035-06-12,684.11,commercial,Chennai
50,2035-06-13,944.81,industrial,Mumbai
50,2035-06-14,421.9,residential,Hyderabad
50,2035-06-15,621.64,commercial,Chennai
50,2035-06-16,914.28,industrial,Mumbai
50,2035-06-17,435.73,residential,Hyderabad
50,2035-06-18,703.23,commercial,Chennai
50,2035-06-19,869.0,industrial,Mumbai
50,2035-06-20,370.23,residential,Hyderabad
50,2035-06-21,574.9,commercial,Chennai
50,2035-06-22,885.41,industrial,Mumbai
50,2035-06-23,374.16,residential,Hyderabad
50,2035-06-24,611.09,commercial,Chennai
50,2035-06-25,760.96,industrial,Mumbai
50,2035-06-26,262.99,residential,Hyderabad
50,2035-06-27,541.17,commercial,Chennai
50,2035-06-28,909.32,industrial,Mumbai
50,2035-06-29,308.85,residential,Hyderabad
50,2035-06-30,458.5,commercial,Chennai
50,2035-07-01,909.87,industrial,Mumbai
50,2035-07-02,405.44,residential,Hyderabad
50,2035-07-03,560.77,commercial,Chennai
50,2035-07-04,873.18,industrial,Mumbai
50,2035-07-05,381.15,residential,Hyderabad
50,2035-07-06,630.41,commercial,Chennai
50,2035-07-07,905.37,industrial,Mumbai
50,2035-07-08,452.74,residential,Hyderabad
50,2035-07-09,519.26,commercial,Chennai
50,2035-07-10,897.48,industrial,Mumbai
50,2035-07-11,382.84,residential,Hyderabad
50,2035-07-12,611.7,commercial,Chennai
50,2035-07-13,892.6,industrial,Mumbai
50,2035-07-14,436.6,residential,Hyderabad
50,2035-07-15,519.6,commercial,Chennai
50,2035-07-16,884.19,industrial,Mumbai
50,2035-07-17,392.66,residential,Hyderabad
50,2035-07-18,632.56,commercial,Chennai
50,2035-07-19,827.45,industrial,Mumbai
50,2035-07-20,349.03,residential,Hyderabad
50,2035-07-21,454.52,commercial,Chennai
50,2035-07-22,723.25,industrial,Mumbai
50,2035-07-23,346.88,residential,Hyderabad
50,2035-07-24,509.12,commercial,Chennai
50,2035-07-25,854.91,industrial,Mumbai
50,2035-07-26,253.46,residential,Hyderabad
50,2035-07-27,531.9,commercial,Chennai
50,2035-07-28,890.48,industrial,Mumbai
50,2035-07-29,338.77,residential,Hyderabad
50,2035-07-30,540.6,commercial,Chennai
50,2035-07-31,838.34,industrial,Mumbai
50,2035-08-01,284.09,residential,Hyderabad
50,2035-08-02,610.09,commercial,Chennai
50,2035-08-03,839.94,industrial,Mumbai
50,2035-08-04,392.19,residential,Hyderabad
50,2035-08-05,515.86,commercial,Chennai
50,2035-08-06,835.96,industrial,Mumbai
50,2035-08-07,443.43,residential,Hyderabad
50,2035-08-08,572.96,commercial,Chennai
50,2035-08-09,943.65,industrial,Mumbai
50,2035-08-10,378.91,residential,Hyderabad
50,2035-08-11,502.82,commercial,Chennai
50,2035-08-12,904.76,industrial,Mumbai
50,2035-08-13,336.47,residential,Hyderabad
50,2035-08-14,577.73,commercial,Chennai
50,2035-08-15,839.64,industrial,Mumbai
50,2035-08-16,265.32,residential,Hyderabad
50,2035-08-17,522.05,commercial,Chennai
50,2035-08-18,892.25,industrial,Mumbai
50,2035-08-19,313.94,residential,Hyderabad
50,2035-08-20,483.05,commercial,Chennai
50,2035-08-21,821.15,industrial,Mumbai
50,2035-08-22,281.26,residential,Hyderabad
50,2035-08-23,478.01,commercial,Chennai
50,2035-08-24,724.96,industrial,Mumbai
50,2035-08-25,279.17,residential,Hyderabad
50,2035-08-26,514.52,commercial,Chennai
50,2035-08-27,744.88,industrial,Mumbai
50,2035-08-28,342.16,residential,Hyderabad
50,2035-08-29,489.68,commercial,Chennai
50,2035-08-30,766.92,industrial,Mumbai
50,2035-08-31,351.9,residential,Hyderabad
50,2035-09-01,510.12,commercial,Chennai
50,2035-09-02,861.13,industrial,Mumbai
50,2035-09-03,327.38,residential,Hyderabad
50,2035-09-04,543.7,commercial,Chennai
50,2035-09-05,871.29,industrial,Mumbai
50,2035-09-06,366.76,residential,Hyderabad
50,2035-09-07,476.83,commercial,Chennai
50,2035-09-08,811.19,industrial,Mumbai
50,2035-09-09,390.45,residential,Hyderabad
50,2035-09-10,543.18,commercial,Chennai
50,2035-09-11,820.84,industrial,Mumbai
50,2035-09-12,279.17,residential,Hyderabad
50,2035-09-13,480.8,commercial,Chennai
50,2035-09-14,732.73,industrial,Mumbai
50,2035-09-15,298.74,residential,Hyderabad
50,2035-09-16,468.07,commercial,Chennai
50,2035-09-17,743.04,industrial,Mumbai
50,2035-09-18,269.59,residential,Hyderabad
50,2035-09-19,478.81,commercial,Chennai
50,2035-09-20,841.56,industrial,Mumbai
50,2035-09-21,192.86,residential,Hyderabad
50,2035-09-22,497.32,commercial,Chennai
50,2035-09-23,789.69,industrial,Mumbai
50,2035-09-24,221.62,residential,Hyderabad
50,2035-09-25,465.04,commercial,Chennai
50,2035-09-26,744.65,industrial,Mumbai
50,2035-09-27,278.08,residential,Hyderabad
50,2035-09-28,540.04,commercial,Chennai
50,2035-09-29,813.83,industrial,Mumbai
50,2035-09-30,320.37,residential,Hyderabad
50,2035-10-01,493.26,commercial,Chennai
50,2035-10-02,761.13,industrial,Mumbai
50,2035-10-03,321.32,residential,Hyderabad
50,2035-10-04,585.83,commercial,Chennai
50,2035-10-05,782.79,industrial,Mumbai
50,2035-10-06,306.13,residential,Hyderabad
50,2035-10-07,555.78,commercial,Chennai
50,2035-10-08,811.6,industrial,Mumbai
50,2035-10-09,317.4,residential,Hyderabad
50,2035-10-10,528.23,commercial,Chennai
50,2035-10-11,784.75,industrial,Mumbai
50,2035-10-12,293.01,residential,Hyderabad
50,2035-10-13,551.47,commercial,Chennai
50,2035-10-14,761.53,industrial,Mumbai
50,2035-10-15,239.97,residential,Hyderabad
50,2035-10-16,468.78,commercial,Chennai
50,2035-10-17,813.84,industrial,Mumbai
50,2035-10-18,268.17,residential,Hyderabad
50,2035-10-19,450.27,commercial,Chennai
50,2035-10-20,765.09,industrial,Mumbai
50,2035-10-21,189.86,residential,Hyderabad
50,2035-10-22,477.97,commercial,Chennai
50,2035-10-23,774.2,industrial,Mumbai
50,2035-10-24,245.37,residential,Hyderabad
50,2035-10-25,506.97,commercial,Chennai
50,2035-10-26,728.54,industrial,Mumbai
50,2035-10-27,327.32,residential,Hyderabad
50,2035-10-28,498.25,commercial,Chennai
50,2035-10-29,789.4,industrial,Mumbai
50,2035-10-30,313.33,residential,Hyderabad
50,2035-10-31,521.12,commercial,Chennai
50,2035-11-01,885.09,industrial,Mumbai
50,2035-11-02,303.21,residential,Hyderabad
50,2035-11-03,524.51,commercial,Chennai
50,2035-11-04,903.6,industrial,Mumbai
50,2035-11-05,343.6,residential,Hyderabad
50,2035-11-06,606.65,commercial,Chennai
50,2035-11-07,939.67,industrial,Mumbai
50,2035-11-08,354.54,residential,Hyderabad
50,2035-11-09,594.73,commercial,Chennai
50,2035-11-10,816.31,industrial,Mumbai
50,2035-11-11,386.04,residential,Hyderabad
50,2035-11-12,555.95,commercial,Chennai
50,2035-11-13,858.15,industrial,Mumbai
50,2035-11-14,304.23,residential,Hyderabad
50,2035-11-15,454.46,commercial,Chennai
50,2035-11-16,832.35,industrial,Mumbai
50,2035-11-17,221.91,residential,Hyderabad
50,2035-11-18,485.29,commercial,Chennai
50,2035-11-19,830.8,industrial,Mumbai
50,2035-11-20,297.92,residential,Hyderabad
50,2035-11-21,567.36,commercial,Chennai
50,2035-11-22,831.81,industrial,Mumbai
50,2035-11-23,268.21,residential,Hyderabad
50,2035-11-24,501.12,commercial,Chennai
50,2035-11-25,805.7,industrial,Mumbai
50,2035-11-26,253.52,residential,Hyderabad
50,2035-11-27,489.71,commercial,Chennai
50,2035-11-28,816.31,industrial,Mumbai
50,2035-11-29,269.17,residential,Hyderabad
50,2035-11-30,564.42,commercial,Chennai
50,2035-12-01,864.02,industrial,Mumbai
50,2035-12-02,317.65,residential,Hyderabad
50,2035-12-03,610.05,commercial,Chennai
50,2035-12-04,930.22,industrial,Mumbai
50,2035-12-05,416.49,residential,Hyderabad
50,2035-12-06,598.2,commercial,Chennai
50,2035-12-07,936.41,industrial,Mumbai
50,2035-12-08,439.39,residential,Hyderabad
50,2035-12-09,621.85,commercial,Chennai
50,2035-12-10,872.05,industrial,Mumbai
50,2035-12-11,409.96,residential,Hyderabad
50,2035-12-12,639.31,commercial,Chennai
50,2035-12-13,859.33,industrial,Mumbai
50,2035-12-14,458.38,residential,Hyderabad
50,2035-12-15,544.71,commercial,Chennai
50,2035-12-16,858.77,industrial,Mumbai
50,2035-12-17,323.2,residential,Hyderabad
50,2035-12-18,552.95,commercial,Chennai
50,2035-12-19,769.88,industrial,Mumbai
50,2035-12-20,315.17,residential,Hyderabad
50,2035-12-21,492.86,commercial,Chennai
50,2035-12-22,843.67,industrial,Mumbai
50,2035-12-23,381.91,residential,Hyderabad
50,2035-12-24,573.94,commercial,Chennai
50,2035-12-25,761.1,industrial,Mumbai
50,2035-12-26,447.13,residential,Hyderabad
50,2035-12-27,588.03,commercial,Chennai
50,2035-12-28,856.82,industrial,Mumbai
50,2035-12-29,406.29,residential,Hyderabad
50,2035-12-30,619.16,commercial,Chennai
50,2035-12-31,897.11,industrial,Mumbai
50,2036-01-01,442.47,residential,Hyderabad
50,2036-01-02,619.74,commercial,Chennai
50,2036-01-03,935.72,industrial,Mumbai
50,2036-01-04,430.41,residential,Hyderabad
50,2036-01-05,604.44,commercial,Chennai
50,2036-01-06,969.29,industrial,Mumbai
50,2036-01-07,486.4,residential,Hyderabad
50,2036-01-08,681.03,commercial,Chennai
50,2036-01-09,988.78,industrial,Mumbai
50,2036-01-10,462.87,residential,Hyderabad
50,2036-01-11,621.22,commercial,Chennai
50,2036-01-12,967.85,industrial,Mumbai
50,2036-01-13,371.23,residential,Hyderabad
50,2036-01-14,580.77,commercial,Chennai
50,2036-01-15,869.94,industrial,Mumbai
50,2036-01-16,444.31,residential,Hyderabad
50,2036-01-17,632.68,commercial,Chennai
50,2036-01-18,909.94,industrial,Mumbai
50,2036-01-19,430.69,residential,Hyderabad
50,2036-01-20,552.08,commercial,Chennai
50,2036-01-21,902.78,industrial,Mumbai
50,2036-01-22,387.59,residential,Hyderabad
50,2036-01-23,632.29,commercial,Chennai
50,2036-01-24,901.51,industrial,Mumbai
50,2036-01-25,400.04,residential,Hyderabad
50,2036-01-26,647.65,commercial,Chennai
50,2036-01-27,972.52,industrial,Mumbai
50,2036-01-28,422.64,residential,Hyderabad
50,2036-01-29,658.82,commercial,Chennai
50,2036-01-30,930.34,industrial,Mumbai
50,2036-01-31,383.27,residential,Hyderabad
50,2036-02-01,700.42,commercial,Chennai
50,2036-02-02,1024.33,industrial,Mumbai
50,2036-02-03,516.12,residential,Hyderabad
50,2036-02-04,631.22,commercial,Chennai
50,2036-02-05,996.54,industrial,Mumbai
50,2036-02-06,421.02,residential,Hyderabad
50,2036-02-07,761.63,commercial,Chennai
50,2036-02-08,958.58,industrial,Mumbai
50,2036-02-09,545.77,residential,Hyderabad
50,2036-02-10,725.62,commercial,Chennai
50,2036-02-11,943.08,industrial,Mumbai
50,2036-02-12,424.63,residential,Hyderabad
50,2036-02-13,674.78,commercial,Chennai
50,2036-02-14,918.25,industrial,Mumbai
50,2036-02-15,448.25,residential,Hyderabad
50,2036-02-16,618.23,commercial,Chennai
50,2036-02-17,861.28,industrial,Mumbai
50,2036-02-18,340.17,residential,Hyderabad
50,2036-02-19,637.37,commercial,Chennai
50,2036-02-20,906.91,industrial,Mumbai
50,2036-02-21,410.46,residential,Hyderabad
50,2036-02-22,665.69,commercial,Chennai
50,2036-02-23,991.93,industrial,Mumbai
50,2036-02-24,442.83,residential,Hyderabad
50,2036-02-25,650.1,commercial,Chennai
50,2036-02-26,994.59,industrial,Mumbai
50,2036-02-27,431.6,residential,Hyderabad
50,2036-02-28,706.07,commercial,Chennai
50,2036-02-29,1030.0,industrial,Mumbai
50,2036-03-01,545.01,residential,Hyderabad
50,2036-03-02,648.89,commercial,Chennai
50,2036-03-03,1002.81,industrial,Mumbai
50,2036-03-04,503.12,residential,Hyderabad
50,2036-03-05,745.13,commercial,Chennai
50,2036-03-06,1061.05,industrial,Mumbai
50,2036-03-07,600.18,residential,Hyderabad
50,2036-03-08,716.89,commercial,Chennai
50,2036-03-09,1011.24,industrial,Mumbai
50,2036-03-10,569.94,residential,Hyderabad
50,2036-03-11,727.31,commercial,Chennai
50,2036-03-12,1056.73,industrial,Mumbai
50,2036-03-13,507.66,residential,Hyderabad
50,2036-03-14,639.89,commercial,Chennai
50,2036-03-15,923.34,industrial,Mumbai
50,2036-03-16,405.96,residential,Hyderabad
50,2036-03-17,687.11,commercial,Chennai
50,2036-03-18,1002.37,industrial,Mumbai
50,2036-03-19,524.87,residential,Hyderabad
50,2036-03-20,682.73,commercial,Chennai
50,2036-03-21,995.78,industrial,Mumbai
50,2036-03-22,428.47,residential,Hyderabad
50,2036-03-23,609.86,commercial,Chennai
50,2036-03-24,996.44,industrial,Mumbai
50,2036-03-25,487.05,residential,Hyderabad
50,2036-03-26,683.8,commercial,Chennai
50,2036-03-27,1005.02,industrial,Mumbai
50,2036-03-28,512.9,residential,Hyderabad
50,2036-03-29,761.75,commercial,Chennai
50,2036-03-30,1072.13,industrial,Mumbai
50,2036-03-31,551.11,residential,Hyderabad
50,2036-04-01,770.88,commercial,Chennai
50,2036-04-02,1063.66,industrial,Mumbai
50,2036-04-03,528.77,residential,Hyderabad
50,2036-04-04,779.5,commercial,Chennai
50,2036-04-05,993.27,industrial,Mumbai
50,2036-04-06,588.82,residential,Hyderabad
50,2036-04-07,694.39,commercial,Chennai
50,2036-04-08,1047.18,industrial,Mumbai
50,2036-04-09,493.88,residential,Hyderabad
50,2036-04-10,740.43,commercial,Chennai
50,2036-04-11,1006.64,industrial,Mumbai
50,2036-04-12,433.42,residential,Hyderabad
50,2036-04-13,703.23,commercial,Chennai
50,2036-04-14,952.89,industrial,Mumbai
50,2036-04-15,501.73,residential,Hyderabad
50,2036-04-16,658.26,commercial,Chennai
50,2036-04-17,967.35,industrial,Mumbai
50,2036-04-18,408.42,residential,Hyderabad
50,2036-04-19,620.39,commercial,Chennai
50,2036-04-20,925.0,industrial,Mumbai
50,2036-04-21,479.14,residential,Hyderabad
50,2036-04-22,715.55,commercial,Chennai
50,2036-04-23,921.7,industrial,Mumbai
50,2036-04-24,504.02,residential,Hyderabad
50,2036-04-25,582.46,commercial,Chennai
50,2036-04-26,930.64,industrial,Mumbai
50,2036-04-27,449.65,residential,Hyderabad
50,2036-04-28,643.47,commercial,Chennai
50,2036-04-29,943.31,industrial,Mumbai
50,2036-04-30,531.34,residential,Hyderabad
50,2036-05-01,713.12,commercial,Chennai
50,2036-05-02,1042.07,industrial,Mumbai
50,2036-05-03,557.81,residential,Hyderabad
50,2036-05-04,742.0,commercial,Chennai
50,2036-05-05,1056.68,industrial,Mumbai
50,2036-05-06,524.39,residential,Hyderabad
50,2036-05-07,674.39,commercial,Chennai
50,2036-05-08,1056.96,industrial,Mumbai
50,2036-05-09,482.21,residential,Hyderabad
50,2036-05-10,658.18,commercial,Chennai
50,2036-05-11,977.4,industrial,Mumbai
50,2036-05-12,436.44,residential,Hyderabad
50,2036-05-13,644.67,commercial,Chennai
50,2036-05-14,963.98,industrial,Mumbai
50,2036-05-15,453.87,residential,Hyderabad
50,2036-05-16,595.01,commercial,Chennai
50,2036-05-17,904.0,industrial,Mumbai
50,2036-05-18,460.94,residential,Hyderabad
50,2036-05-19,634.34,commercial,Chennai
50,2036-05-20,996.15,industrial,Mumbai
50,2036-05-21,461.18,residential,Hyderabad
50,2036-05-22,662.63,commercial,Chennai
50,2036-05-23,866.11,industrial,Mumbai
50,2036-05-24,458.54,residential,Hyderabad
50,2036-05-25,633.5,commercial,Chennai
50,2036-05-26,922.09,industrial,Mumbai
50,2036-05-27,459.79,residential,Hyderabad
50,2036-05-28,699.81,commercial,Chennai
50,2036-05-29,990.49,industrial,Mumbai
50,2036-05-30,442.88,residential,Hyderabad
50,2036-05-31,713.97,commercial,Chennai
50,2036-06-01,963.39,industrial,Mumbai
50,2036-06-02,500.27,residential,Hyderabad
50,2036-06-03,680.09,commercial,Chennai
50,2036-06-04,981.91,industrial,Mumbai
50,2036-06-05,517.56,residential,Hyderabad
50,2036-06-06,639.46,commercial,Chennai
50,2036-06-07,1051.14,industrial,Mumbai
50,2036-06-08,391.11,residential,Hyderabad
50,2036-06-09,629.37,commercial,Chennai
50,2036-06-10,956.51,industrial,Mumbai
50,2036-06-11,453.04,residential,Hyderabad
50,2036-06-12,613.61,commercial,Chennai
50,2036-06-13,903.73,industrial,Mumbai
50,2036-06-14,411.73,residential,Hyderabad
50,2036-06-15,576.63,commercial,Chennai
50,2036-06-16,933.78,industrial,Mumbai
50,2036-06-17,405.69,residential,Hyderabad
50,2036-06-18,603.16,commercial,Chennai
50,2036-06-19,827.91,industrial,Mumbai
50,2036-06-20,363.85,residential,Hyderabad
50,2036-06-21,557.55,commercial,Chennai
50,2036-06-22,833.78,industrial,Mumbai
50,2036-06-23,394.47,residential,Hyderabad
50,2036-06-24,565.9,commercial,Chennai
50,2036-06-25,921.84,industrial,Mumbai
50,2036-06-26,361.49,residential,Hyderabad
50,2036-06-27,681.74,commercial,Chennai
50,2036-06-28,885.34,industrial,Mumbai
50,2036-06-29,437.3,residential,Hyderabad
50,2036-06-30,666.25,commercial,Chennai
50,2036-07-01,916.17,industrial,Mumbai
50,2036-07-02,475.63,residential,Hyderabad
50,2036-07-03,592.82,commercial,Chennai
50,2036-07-04,998.36,industrial,Mumbai
50,2036-07-05,436.95,residential,Hyderabad
50,2036-07-06,606.57,commercial,Chennai
50,2036-07-07,910.61,industrial,Mumbai
50,2036-07-08,445.47,residential,Hyderabad
50,2036-07-09,578.98,commercial,Chennai
50,2036-07-10,860.75,industrial,Mumbai
50,2036-07-11,369.79,residential,Hyderabad
50,2036-07-12,519.5,commercial,Chennai
50,2036-07-13,927.78,industrial,Mumbai
50,2036-07-14,321.59,residential,Hyderabad
50,2036-07-15,568.08,commercial,Chennai
50,2036-07-16,835.41,industrial,Mumbai
50,2036-07-17,281.76,residential,Hyderabad
50,2036-07-18,517.09,commercial,Chennai
50,2036-07-19,847.07,industrial,Mumbai
50,2036-07-20,308.75,residential,Hyderabad
50,2036-07-21,566.65,commercial,Chennai
50,2036-07-22,864.34,industrial,Mumbai
50,2036-07-23,366.43,residential,Hyderabad
50,2036-07-24,518.78,commercial,Chennai
50,2036-07-25,802.36,industrial,Mumbai
50,2036-07-26,329.87,residential,Hyderabad
50,2036-07-27,571.13,commercial,Chennai
50,2036-07-28,893.54,industrial,Mumbai
50,2036-07-29,292.4,residential,Hyderabad
50,2036-07-30,585.23,commercial,Chennai
50,2036-07-31,896.55,industrial,Mumbai
50,2036-08-01,381.93,residential,Hyderabad
50,2036-08-02,645.42,commercial,Chennai
50,2036-08-03,909.22,industrial,Mumbai
50,2036-08-04,441.18,residential,Hyderabad
50,2036-08-05,574.5,commercial,Chennai
50,2036-08-06,913.13,industrial,Mumbai
50,2036-08-07,431.92,residential,Hyderabad
50,2036-08-08,608.6,commercial,Chennai
50,2036-08-09,801.19,industrial,Mumbai
50,2036-08-10,323.05,residential,Hyderabad
50,2036-08-11,507.72,commercial,Chennai
50,2036-08-12,829.91,industrial,Mumbai
50,2036-08-13,327.51,residential,Hyderabad
50,2036-08-14,457.52,commercial,Chennai
50,2036-08-15,786.46,industrial,Mumbai
50,2036-08-16,197.53,residential,Hyderabad
50,2036-08-17,532.69,commercial,Chennai
50,2036-08-18,753.39,industrial,Mumbai
50,2036-08-19,277.19,residential,Hyderabad
50,2036-08-20,465.75,commercial,Chennai
50,2036-08-21,829.07,industrial,Mumbai
50,2036-08-22,176.46,residential,Hyderabad
50,2036-08-23,497.34,commercial,Chennai
50,2036-08-24,802.74,industrial,Mumbai
50,2036-08-25,298.26,residential,Hyderabad
50,2036-08-26,594.92,commercial,Chennai
50,2036-08-27,799.41,industrial,Mumbai
50,2036-08-28,373.95,residential,Hyderabad
50,2036-08-29,564.24,commercial,Chennai
50,2036-08-30,905.76,industrial,Mumbai
50,2036-08-31,332.06,residential,Hyderabad
50,2036-09-01,530.82,commercial,Chennai
50,2036-09-02,903.23,industrial,Mumbai
50,2036-09-03,373.51,residential,Hyderabad
50,2036-09-04,489.75,commercial,Chennai
50,2036-09-05,823.16,industrial,Mumbai
50,2036-09-06,351.77,residential,Hyderabad
50,2036-09-07,560.16,commercial,Chennai
50,2036-09-08,788.95,industrial,Mumbai
50,2036-09-09,188.59,residential,Hyderabad
50,2036-09-10,515.17,commercial,Chennai
50,2036-09-11,734.98,industrial,Mumbai
50,2036-09-12,193.57,residential,Hyderabad
50,2036-09-13,352.76,commercial,Chennai
50,2036-09-14,792.05,industrial,Mumbai
50,2036-09-15,259.99,residential,Hyderabad
50,2036-09-16,443.29,commercial,Chennai
50,2036-09-17,807.54,industrial,Mumbai
50,2036-09-18,279.35,residential,Hyderabad
50,2036-09-19,522.48,commercial,Chennai
50,2036-09-20,708.02,industrial,Mumbai
50,2036-09-21,269.9,residential,Hyderabad
50,2036-09-22,415.48,commercial,Chennai
50,2036-09-23,780.76,industrial,Mumbai
50,2036-09-24,290.26,residential,Hyderabad
50,2036-09-25,535.57,commercial,Chennai
50,2036-09-26,822.2,industrial,Mumbai
50,2036-09-27,354.33,residential,Hyderabad
50,2036-09-28,565.3,commercial,Chennai
50,2036-09-29,929.52,industrial,Mumbai
50,2036-09-30,335.02,residential,Hyderabad
50,2036-10-01,512.24,commercial,Chennai
50,2036-10-02,859.84,industrial,Mumbai
50,2036-10-03,315.87,residential,Hyderabad
50,2036-10-04,603.16,commercial,Chennai
50,2036-10-05,826.61,industrial,Mumbai
50,2036-10-06,307.77,residential,Hyderabad
50,2036-10-07,502.75,commercial,Chennai
50,2036-10-08,840.68,industrial,Mumbai
50,2036-10-09,295.56,residential,Hyderabad
50,2036-10-10,466.15,commercial,Chennai
50,2036-10-11,848.87,industrial,Mumbai
50,2036-10-12,239.36,residential,Hyderabad
50,2036-10-13,467.69,commercial,Chennai
50,2036-10-14,786.68,industrial,Mumbai
50,2036-10-15,191.57,residential,Hyderabad
50,2036-10-16,474.38,commercial,Chennai
50,2036-10-17,713.51,industrial,Mumbai
50,2036-10-18,291.37,residential,Hyderabad
50,2036-10-19,424.81,commercial,Chennai
50,2036-10-20,797.8,industrial,Mumbai
50,2036-10-21,322.75,residential,Hyderabad
50,2036-10-22,522.71,commercial,Chennai
50,2036-10-23,808.96,industrial,Mumbai
50,2036-10-24,300.78,residential,Hyderabad
50,2036-10-25,498.14,commercial,Chennai
50,2036-10-26,890.77,industrial,Mumbai
50,2036-10-27,313.82,residential,Hyderabad
50,2036-10-28,508.93,commercial,Chennai
50,2036-10-29,884.04,industrial,Mumbai
50,2036-10-30,330.73,residential,Hyderabad
50,2036-10-31,527.66,commercial,Chennai
50,2036-11-01,808.86,industrial,Mumbai
50,2036-11-02,346.09,residential,Hyderabad
50,2036-11-03,558.84,commercial,Chennai
50,2036-11-04,866.74,industrial,Mumbai
50,2036-11-05,388.35,residential,Hyderabad
50,2036-11-06,563.38,commercial,Chennai
50,2036-11-07,825.82,industrial,Mumbai
50,2036-11-08,316.24,residential,Hyderabad
50,2036-11-09,535.31,commercial,Chennai
50,2036-11-10,857.02,industrial,Mumbai
50,2036-11-11,303.3,residential,Hyderabad
50,2036-11-12,472.91,commercial,Chennai
50,2036-11-13,747.04,industrial,Mumbai
50,2036-11-14,225.93,residential,Hyderabad
50,2036-11-15,509.48,commercial,Chennai
50,2036-11-16,807.23,industrial,Mumbai
50,2036-11-17,310.68,residential,Hyderabad
50,2036-11-18,488.01,commercial,Chennai
50,2036-11-19,856.92,industrial,Mumbai
50,2036-11-20,290.4,residential,Hyderabad
50,2036-11-21,558.4,commercial,Chennai
50,2036-11-22,829.97,industrial,Mumbai
50,2036-11-23,319.0,residential,Hyderabad
50,2036-11-24,578.85,commercial,Chennai
50,2036-11-25,882.92,industrial,Mumbai
50,2036-11-26,391.33,residential,Hyderabad
50,2036-11-27,589.54,commercial,Chennai
50,2036-11-28,892.41,industrial,Mumbai
50,2036-11-29,495.21,residential,Hyderabad
50,2036-11-30,650.74,commercial,Chennai
50,2036-12-01,933.82,industrial,Mumbai
50,2036-12-02,408.75,residential,Hyderabad
50,2036-12-03,641.87,commercial,Chennai
50,2036-12-04,917.73,industrial,Mumbai
50,2036-12-05,391.87,residential,Hyderabad
50,2036-12-06,571.22,commercial,Chennai
50,2036-12-07,871.79,industrial,Mumbai
50,2036-12-08,239.43,residential,Hyderabad
50,2036-12-09,565.9,commercial,Chennai
50,2036-12-10,829.63,industrial,Mumbai
50,2036-12-11,405.47,residential,Hyderabad
50,2036-12-12,536.42,commercial,Chennai
50,2036-12-13,783.6,industrial,Mumbai
50,2036-12-14,326.58,residential,Hyderabad
50,2036-12-15,486.24,commercial,Chennai
50,2036-12-16,848.7,industrial,Mumbai
50,2036-12-17,345.26,residential,Hyderabad
50,2036-12-18,577.88,commercial,Chennai
50,2036-12-19,815.78,industrial,Mumbai
50,2036-12-20,358.24,residential,Hyderabad
50,2036-12-21,513.04,commercial,Chennai
50,2036-12-22,907.35,industrial,Mumbai
50,2036-12-23,412.16,residential,Hyderabad
50,2036-12-24,623.35,commercial,Chennai
50,2036-12-25,915.24,industrial,Mumbai
50,2036-12-26,442.54,residential,Hyderabad
50,2036-12-27,699.61,commercial,Chennai
50,2036-12-28,931.9,industrial,Mumbai
50,2036-12-29,454.82,residential,Hyderabad
50,2036-12-30,609.72,commercial,Chennai
50,2036-12-31,920.16,industrial,Mumbai
50,2037-01-01,458.35,residential,Hyderabad
50,2037-01-02,696.06,commercial,Chennai
50,2037-01-03,937.22,industrial,Mumbai
50,2037-01-04,431.97,residential,Hyderabad
50,2037-01-05,617.79,commercial,Chennai
50,2037-01-06,904.44,industrial,Mumbai
50,2037-01-07,428.93,residential,Hyderabad
50,2037-01-08,548.54,commercial,Chennai
50,2037-01-09,951.41,industrial,Mumbai
50,2037-01-10,366.19,residential,Hyderabad
50,2037-01-11,615.59,commercial,Chennai
50,2037-01-12,831.43,industrial,Mumbai
50,2037-01-13,406.4,residential,Hyderabad
50,2037-01-14,606.0,commercial,Chennai
50,2037-01-15,896.13,industrial,Mumbai
50,2037-01-16,344.8,residential,Hyderabad
50,2037-01-17,600.43,commercial,Chennai
50,2037-01-18,850.89,industrial,Mumbai
50,2037-01-19,397.47,residential,Hyderabad
50,2037-01-20,659.41,commercial,Chennai
50,2037-01-21,961.62,industrial,Mumbai
50,2037-01-22,442.33,residential,Hyderabad
50,2037-01-23,614.68,commercial,Chennai
50,2037-01-24,990.98,industrial,Mumbai
50,2037-01-25,476.52,residential,Hyderabad
50,2037-01-26,592.22,commercial,Chennai
50,2037-01-27,1023.98,industrial,Mumbai
50,2037-01-28,497.45,residential,Hyderabad
50,2037-01-29,750.17,commercial,Chennai
50,2037-01-30,959.72,industrial,Mumbai
50,2037-01-31,375.73,residential,Hyderabad
50,2037-02-01,711.13,commercial,Chennai
50,2037-02-02,1006.9,industrial,Mumbai
50,2037-02-03,421.24,residential,Hyderabad
50,2037-02-04,642.04,commercial,Chennai
50,2037-02-05,1082.81,industrial,Mumbai
50,2037-02-06,451.32,residential,Hyderabad
50,2037-02-07,683.71,commercial,Chennai
50,2037-02-08,919.8,industrial,Mumbai
50,2037-02-09,354.44,residential,Hyderabad
50,2037-02-10,624.74,commercial,Chennai
50,2037-02-11,916.02,industrial,Mumbai
50,2037-02-12,407.62,residential,Hyderabad
50,2037-02-13,618.05,commercial,Chennai
50,2037-02-14,934.39,industrial,Mumbai
50,2037-02-15,421.14,residential,Hyderabad
50,2037-02-16,581.97,commercial,Chennai
50,2037-02-17,959.23,industrial,Mumbai
50,2037-02-18,370.67,residential,Hyderabad
50,2037-02-19,576.74,commercial,Chennai
50,2037-02-20,999.31,industrial,Mumbai
50,2037-02-21,501.43,residential,Hyderabad
50,2037-02-22,690.25,commercial,Chennai
50,2037-02-23,947.64,industrial,Mumbai
50,2037-02-24,485.13,residential,Hyderabad
50,2037-02-25,711.63,commercial,Chennai
50,2037-02-26,965.34,industrial,Mumbai
50,2037-02-27,504.74,residential,Hyderabad
50,2037-02-28,763.41,commercial,Chennai
50,2037-03-01,1095.23,industrial,Mumbai
50,2037-03-02,519.97,residential,Hyderabad
50,2037-03-03,763.52,commercial,Chennai
50,2037-03-04,951.3,industrial,Mumbai
50,2037-03-05,547.18,residential,Hyderabad
50,2037-03-06,680.28,commercial,Chennai
50,2037-03-07,1015.44,industrial,Mumbai
50,2037-03-08,483.47,residential,Hyderabad
50,2037-03-09,736.41,commercial,Chennai
50,2037-03-10,939.25,industrial,Mumbai
50,2037-03-11,490.82,residential,Hyderabad
50,2037-03-12,647.29,commercial,Chennai
50,2037-03-13,946.48,industrial,Mumbai
50,2037-03-14,441.67,residential,Hyderabad
50,2037-03-15,613.45,commercial,Chennai
50,2037-03-16,947.12,industrial,Mumbai
50,2037-03-17,447.73,residential,Hyderabad
50,2037-03-18,664.48,commercial,Chennai
50,2037-03-19,964.67,industrial,Mumbai
50,2037-03-20,501.27,residential,Hyderabad
50,2037-03-21,715.6,commercial,Chennai
50,2037-03-22,946.8,industrial,Mumbai
50,2037-03-23,534.17,residential,Hyderabad
50,2037-03-24,662.53,commercial,Chennai
50,2037-03-25,1043.58,industrial,Mumbai
50,2037-03-26,554.02,residential,Hyderabad
50,2037-03-27,660.63,commercial,Chennai
50,2037-03-28,1047.0,industrial,Mumbai
50,2037-03-29,528.81,residential,Hyderabad
50,2037-03-30,719.37,commercial,Chennai
50,2037-03-31,1103.71,industrial,Mumbai
50,2037-04-01,521.29,residential,Hyderabad
50,2037-04-02,710.84,commercial,Chennai
50,2037-04-03,1039.85,industrial,Mumbai
50,2037-04-04,556.32,residential,Hyderabad
50,2037-04-05,714.0,commercial,Chennai
50,2037-04-06,1056.16,industrial,Mumbai
50,2037-04-07,520.11,residential,Hyderabad
50,2037-04-08,601.07,commercial,Chennai
50,2037-04-09,956.78,industrial,Mumbai
50,2037-04-10,446.1,residential,Hyderabad
50,2037-04-11,679.62,commercial,Chennai
50,2037-04-12,848.92,industrial,Mumbai
50,2037-04-13,551.2,residential,Hyderabad
50,2037-04-14,667.86,commercial,Chennai
50,2037-04-15,952.1,industrial,Mumbai
50,2037-04-16,495.08,residential,Hyderabad
50,2037-04-17,745.28,commercial,Chennai
50,2037-04-18,991.95,industrial,Mumbai
50,2037-04-19,502.25,residential,Hyderabad
50,2037-04-20,677.96,commercial,Chennai
50,2037-04-21,976.37,industrial,Mumbai
50,2037-04-22,472.73,residential,Hyderabad
50,2037-04-23,668.41,commercial,Chennai
50,2037-04-24,983.19,industrial,Mumbai
50,2037-04-25,464.95,residential,Hyderabad
50,2037-04-26,722.93,commercial,Chennai
50,2037-04-27,963.92,industrial,Mumbai
50,2037-04-28,542.36,residential,Hyderabad
50,2037-04-29,734.59,commercial,Chennai
50,2037-04-30,1041.04,industrial,Mumbai
50,2037-05-01,511.19,residential,Hyderabad
50,2037-05-02,849.97,commercial,Chennai
50,2037-05-03,1074.2,industrial,Mumbai
50,2037-05-04,461.26,residential,Hyderabad
50,2037-05-05,710.3,commercial,Chennai
50,2037-05-06,965.69,industrial,Mumbai
50,2037-05-07,437.99,residential,Hyderabad
50,2037-05-08,613.49,commercial,Chennai
50,2037-05-09,973.34,industrial,Mumbai
50,2037-05-10,418.62,residential,Hyderabad
50,2037-05-11,675.68,commercial,Chennai
50,2037-05-12,969.41,industrial,Mumbai
50,2037-05-13,479.17,residential,Hyderabad
50,2037-05-14,586.74,commercial,Chennai
50,2037-05-15,938.62,industrial,Mumbai
50,2037-05-16,445.82,residential,Hyderabad
50,2037-05-17,604.54,commercial,Chennai
50,2037-05-18,897.49,industrial,Mumbai
50,2037-05-19,499.2,residential,Hyderabad
50,2037-05-20,651.64,commercial,Chennai
50,2037-05-21,976.57,industrial,Mumbai
50,2037-05-22,427.28,residential,Hyderabad
50,2037-05-23,620.4,commercial,Chennai
50,2037-05-24,954.94,industrial,Mumbai
50,2037-05-25,480.39,residential,Hyderabad
50,2037-05-26,649.11,commercial,Chennai
50,2037-05-27,995.98,industrial,Mumbai
50,2037-05-28,431.62,residential,Hyderabad
50,2037-05-29,655.05,commercial,Chennai
50,2037-05-30,1025.19,industrial,Mumbai
50,2037-05-31,518.82,residential,Hyderabad
50,2037-06-01,673.22,commercial,Chennai
50,2037-06-02,940.5,industrial,Mumbai
50,2037-06-03,430.79,residential,Hyderabad
50,2037-06-04,646.34,commercial,Chennai
50,2037-06-05,975.54,industrial,Mumbai
50,2037-06-06,474.9,residential,Hyderabad
50,2037-06-07,605.91,commercial,Chennai
50,2037-06-08,868.08,industrial,Mumbai
50,2037-06-09,414.27,residential,Hyderabad
50,2037-06-10,561.21,commercial,Chennai
50,2037-06-11,865.64,industrial,Mumbai
50,2037-06-12,433.48,residential,Hyderabad
50,2037-06-13,609.73,commercial,Chennai
50,2037-06-14,881.3,industrial,Mumbai
50,2037-06-15,324.6,residential,Hyderabad
50,2037-06-16,586.51,commercial,Chennai
50,2037-06-17,925.02,industrial,Mumbai
50,2037-06-18,373.56,residential,Hyderabad
50,2037-06-19,649.99,commercial,Chennai
50,2037-06-20,955.89,industrial,Mumbai
50,2037-06-21,479.42,residential,Hyderabad
50,2037-06-22,633.77,commercial,Chennai
50,2037-06-23,953.29,industrial,Mumbai
50,2037-06-24,493.7,residential,Hyderabad
50,2037-06-25,661.07,commercial,Chennai
50,2037-06-26,927.55,industrial,Mumbai
50,2037-06-27,432.19,residential,Hyderabad
50,2037-06-28,660.13,commercial,Chennai
50,2037-06-29,897.24,industrial,Mumbai
50,2037-06-30,439.24,residential,Hyderabad
50,2037-07-01,682.86,commercial,Chennai
50,2037-07-02,843.49,industrial,Mumbai
50,2037-07-03,483.03,residential,Hyderabad
50,2037-07-04,655.78,commercial,Chennai
50,2037-07-05,880.84,industrial,Mumbai
50,2037-07-06,408.86,residential,Hyderabad
50,2037-07-07,575.15,commercial,Chennai
50,2037-07-08,912.58,industrial,Mumbai
50,2037-07-09,391.94,residential,Hyderabad
50,2037-07-10,487.17,commercial,Chennai
50,2037-07-11,858.84,industrial,Mumbai
50,2037-07-12,321.19,residential,Hyderabad
50,2037-07-13,528.88,commercial,Chennai
50,2037-07-14,794.78,industrial,Mumbai
50,2037-07-15,394.35,residential,Hyderabad
50,2037-07-16,568.63,commercial,Chennai
50,2037-07-17,801.94,industrial,Mumbai
50,2037-07-18,284.29,residential,Hyderabad
50,2037-07-19,529.68,commercial,Chennai
50,2037-07-20,870.81,industrial,Mumbai
50,2037-07-21,371.84,residential,Hyderabad
50,2037-07-22,621.16,commercial,Chennai
50,2037-07-23,911.0,industrial,Mumbai
50,2037-07-24,425.67,residential,Hyderabad
50,2037-07-25,606.18,commercial,Chennai
50,2037-07-26,842.14,industrial,Mumbai
50,2037-07-27,392.61,residential,Hyderabad
50,2037-07-28,643.5,commercial,Chennai
50,2037-07-29,897.54,industrial,Mumbai
50,2037-07-30,416.07,residential,Hyderabad
50,2037-07-31,577.48,commercial,Chennai
50,2037-08-01,841.44,industrial,Mumbai
50,2037-08-02,368.5,residential,Hyderabad
50,2037-08-03,575.32,commercial,Chennai
50,2037-08-04,825.39,industrial,Mumbai
50,2037-08-05,330.41,residential,Hyderabad
50,2037-08-06,490.5,commercial,Chennai
50,2037-08-07,861.56,industrial,Mumbai
50,2037-08-08,294.63,residential,Hyderabad
50,2037-08-09,555.44,commercial,Chennai
50,2037-08-10,851.04,industrial,Mumbai
50,2037-08-11,281.13,residential,Hyderabad
50,2037-08-12,440.61,commercial,Chennai
50,2037-08-13,696.28,industrial,Mumbai
50,2037-08-14,221.8,residential,Hyderabad
50,2037-08-15,428.79,commercial,Chennai
50,2037-08-16,843.86,industrial,Mumbai
50,2037-08-17,299.98,residential,Hyderabad
50,2037-08-18,518.86,commercial,Chennai
50,2037-08-19,723.3,industrial,Mumbai
50,2037-08-20,273.52,residential,Hyderabad
50,2037-08-21,566.26,commercial,Chennai
50,2037-08-22,851.16,industrial,Mumbai
50,2037-08-23,341.85,residential,Hyderabad
50,2037-08-24,577.12,commercial,Chennai
50,2037-08-25,925.14,industrial,Mumbai
50,2037-08-26,354.19,residential,Hyderabad
50,2037-08-27,567.07,commercial,Chennai
50,2037-08-28,871.12,industrial,Mumbai
50,2037-08-29,456.07,residential,Hyderabad
50,2037-08-30,471.33,commercial,Chennai
50,2037-08-31,875.68,industrial,Mumbai
50,2037-09-01,335.21,residential,Hyderabad
50,2037-09-02,552.67,commercial,Chennai
50,2037-09-03,793.04,industrial,Mumbai
50,2037-09-04,306.28,residential,Hyderabad
50,2037-09-05,525.63,commercial,Chennai
50,2037-09-06,911.11,industrial,Mumbai
50,2037-09-07,309.24,residential,Hyderabad
50,2037-09-08,434.64,commercial,Chennai
